date,open,high,low,close,volume,dividends,stock_splits
1990-01-02,2.857255769222476,2.857255769222476,2.8518238067626953,2.8518238067626953,8000,0.0,0.0
1990-01-03,2.8518238067626953,2.8518238067626953,2.8518238067626953,2.8518238067626953,6000,0.0,0.0
1990-01-04,2.8681178092956543,2.8681178092956543,2.8681178092956543,2.8681178092956543,7000,0.0,0.0
1990-01-05,2.8898472864829676,2.9333035945892334,2.8898472864829676,2.9333035945892334,326000,0.0,0.0
1990-01-08,2.922438621520996,2.922438621520996,2.922438621520996,2.922438621520996,28000,0.0,0.0
1990-01-09,2.922438929261989,2.9333030560981417,2.9170069694519043,2.9170069694519043,419000,0.0,0.0
1990-01-10,2.9170054021267227,2.9333014800169757,2.9061412811279297,2.9061412811279297,636000,0.0,0.0
1990-01-11,2.900709664897878,2.900709664897878,2.895277500152588,2.895277500152588,4000,0.0,0.0
1990-01-12,2.8844133764180335,2.8844133764180335,2.873549461364746,2.873549461364746,4000,0.0,0.0
1990-01-15,2.868117811732614,2.868117811732614,2.8463897705078125,2.8463897705078125,13000,0.0,0.0
1990-01-16,2.835526704788208,2.835526704788208,2.835526704788208,2.835526704788208,4000,0.0,0.0
1990-01-17,2.835526704788208,2.8518227935941147,2.835526704788208,2.835526704788208,21000,0.0,0.0
1990-01-18,2.8300932806320738,2.8300932806320738,2.8192293643951416,2.8192293643951416,120000,0.0,0.0
1990-01-19,2.8192293643951416,2.8192293643951416,2.80836524094229,2.8192293643951416,4000,0.0,0.0
1990-01-22,2.8192293643951416,2.8192293643951416,2.8192293643951416,2.8192293643951416,145000,0.0,0.0
1990-01-23,2.808366298675537,2.808366298675537,2.808366298675537,2.808366298675537,2000,0.0,0.0
1990-01-24,2.792067484435713,2.792067484435713,2.7594751336290058,2.770339250564575,444000,0.0,0.0
1990-01-25,2.7757728099823,2.786636933197963,2.7757728099823,2.7757728099823,5000,0.0,0.0
1990-01-26,2.7703406487066293,2.7703406487066293,2.737748488667029,2.748612403869629,29000,0.0,0.0
1990-01-29,2.7866370677948,2.7866370677948,2.7866370677948,2.7866370677948,19000,0.0,0.0
1990-01-30,2.8029348850250244,2.8029348850250244,2.8029348850250244,2.8029348850250244,2000,0.0,0.0
1990-01-31,2.79206919670105,2.79206919670105,2.79206919670105,2.79206919670105,1000,0.0,0.0
1990-02-01,2.7920693670847276,2.7975013256073,2.7866372013462204,2.7975013256073,193000,0.0,0.0
1990-02-02,2.797501286635032,2.8246614933013916,2.797501286635032,2.8246614933013916,12000,0.0,0.0
1990-02-05,2.8246613225136077,2.8246613225136077,2.80836524094229,2.8192293643951416,64000,0.0,0.0
1990-02-06,2.8137969970703125,2.8137969970703125,2.8137969970703125,2.8137969970703125,4000,0.0,0.0
1990-02-07,2.808367053866113,2.808367053866113,2.8029348850250244,2.8029348850250244,16000,0.0,0.0
1990-02-08,2.8029348850250244,2.8029348850250244,2.7920709617749546,2.8029348850250244,42000,0.0,0.0
1990-02-09,2.8083654107447624,2.8246614933013916,2.8083654107447624,2.8246614933013916,13000,0.0,0.0
1990-02-12,2.830094537042231,2.840958665318173,2.830094537042231,2.835526704788208,23000,0.0,0.0
1990-02-13,2.835525310445244,2.8409572683040945,2.8300931453704834,2.8300931453704834,205000,0.0,0.0
1990-02-14,2.830093451748291,2.8409575758580212,2.8246614933013916,2.8246614933013916,7000,0.0,0.0
1990-02-15,2.8246614933013916,2.8246614933013916,2.8137973691916613,2.8246614933013916,29000,0.0,0.0
1990-02-16,2.8246613972782693,2.8246613972782693,2.7866370677948,2.7866370677948,25000,0.0,0.0
1990-02-20,2.781205415725708,2.781205415725708,2.781205415725708,2.781205415725708,1000,0.0,0.0
1990-02-21,2.781205415725708,2.797501499522455,2.7757732496494936,2.781205415725708,7000,0.0,0.0
1990-02-22,2.7975013256073,2.7975013256073,2.7975013256073,2.7975013256073,1000,0.0,0.0
1990-02-23,2.7866373745859745,2.7866373745859745,2.781205415725708,2.781205415725708,7000,0.0,0.0
1990-02-26,2.770339250564575,2.770339250564575,2.7594751336290058,2.770339250564575,18000,0.0,0.0
1990-02-27,2.7540459632873535,2.7540459632873535,2.7540459632873535,2.7540459632873535,3000,0.0,0.0
1990-02-28,2.7594759464263916,2.7703400665619626,2.7594759464263916,2.7594759464263916,9000,0.0,0.0
1990-03-01,2.7725772354693894,2.7889506816864014,2.7725772354693894,2.7889506816864014,15000,0.03,0.0
1990-03-02,2.7889503677894623,2.7944083213806152,2.78349262239795,2.7944083213806152,13000,0.0,0.0
1990-03-05,2.7944083213806152,2.7944083213806152,2.7944083213806152,2.7944083213806152,0,0.0,0.0
1990-03-06,2.7944083213806152,2.7944083213806152,2.7944083213806152,2.7944083213806152,1000,0.0,0.0
1990-03-07,2.799866493491279,2.8107821941375732,2.799866493491279,2.8107821941375732,3000,0.0,0.0
1990-03-08,2.8107821941375732,2.8107821941375732,2.8107821941375732,2.8107821941375732,2000,0.0,0.0
1990-03-09,2.8216966541408266,2.8326123499877096,2.8216966541408266,2.8271543979644775,17000,0.0,0.0
1990-03-12,2.8271543979644775,2.8271543979644775,2.8271543979644775,2.8271543979644775,170000,0.0,0.0
1990-03-13,2.8326127529144287,2.8326127529144287,2.8326127529144287,2.8326127529144287,2000,0.0,0.0
1990-03-14,2.8326127529144287,2.8326127529144287,2.8326127529144287,2.8326127529144287,29000,0.0,0.0
1990-03-15,2.8435268324662037,2.85990047454834,2.8435268324662037,2.85990047454834,15000,0.0,0.0
1990-03-16,2.8435258865356445,2.8435258865356445,2.8435258865356445,2.8435258865356445,1000,0.0,0.0
1990-03-19,2.8435258865356445,2.8435258865356445,2.8435258865356445,2.8435258865356445,0,0.0,0.0
1990-03-20,2.8380704975144195,2.8380704975144195,2.8326127529144287,2.8326127529144287,6000,0.0,0.0
1990-03-21,2.8435258865356445,2.8435258865356445,2.8435258865356445,2.8435258865356445,120000,0.0,0.0
1990-03-22,2.8380701541900635,2.8380701541900635,2.8380701541900635,2.8380701541900635,2000,0.0,0.0
1990-03-23,2.848984782560085,2.85990047454834,2.848984782560085,2.85990047454834,73000,0.0,0.0
1990-03-26,2.8544438933459455,2.8544438933459455,2.8489861488342285,2.8489861488342285,6000,0.0,0.0
1990-03-27,2.8380700938113606,2.8380700938113606,2.8271543979644775,2.8271543979644775,18000,0.0,0.0
1990-03-28,2.8271543979644775,2.8271543979644775,2.8216966541408266,2.8271543979644775,8000,0.0,0.0
1990-03-29,2.8271547543881455,2.8489861488342285,2.816239057165104,2.8489861488342285,16000,0.0,0.0
1990-03-30,2.848984782560085,2.85990047454834,2.848984782560085,2.85990047454834,6000,0.0,0.0
1990-04-02,2.859900745949313,2.870816230773926,2.854442795337479,2.870816230773926,9000,0.0,0.0
1990-04-03,2.85990047454834,2.85990047454834,2.85990047454834,2.85990047454834,2000,0.0,0.0
1990-04-04,2.8544435334818945,2.8544435334818945,2.8271543979644775,2.8271543979644775,13000,0.0,0.0
1990-04-05,2.8162395111463048,2.8162395111463048,2.7944083213806152,2.7944083213806152,479000,0.0,0.0
1990-04-06,2.7889506816864014,2.7889506816864014,2.7889506816864014,2.7889506816864014,8000,0.0,0.0
1990-04-09,2.7889506816864014,2.7889506816864014,2.7889506816864014,2.7889506816864014,0,0.0,0.0
1990-04-10,2.778033328967719,2.778033328967719,2.7671176360677436,2.7725753784179688,45000,0.0,0.0
1990-04-11,2.767117500305176,2.767117500305176,2.767117500305176,2.767117500305176,1000,0.0,0.0
1990-04-12,2.767119005955618,2.7834924493116433,2.7616610527038574,2.7616610527038574,10000,0.0,0.0
1990-04-16,2.750746434107853,2.750746434107853,2.717999328821037,2.739830732345581,12000,0.0,0.0
1990-04-17,2.745286250267793,2.7725753784179688,2.745286250267793,2.7725753784179688,15000,0.0,0.0
1990-04-18,2.7725753784179688,2.783491071317944,2.7725753784179688,2.7725753784179688,104000,0.0,0.0
1990-04-19,2.7616610527038574,2.7616610527038574,2.756203307651725,2.7616610527038574,15000,0.0,0.0
1990-04-20,2.7671176360677436,2.7725753784179688,2.7671176360677436,2.7725753784179688,38000,0.0,0.0
1990-04-23,2.756202459335327,2.756202459335327,2.756202459335327,2.756202459335327,10000,0.0,0.0
1990-04-24,2.756202459335327,2.756202459335327,2.756202459335327,2.756202459335327,19000,0.0,0.0
1990-04-25,2.767119260820908,2.816239595413208,2.767119260820908,2.816239595413208,27000,0.0,0.0
1990-04-26,2.816239595413208,2.816239595413208,2.816239595413208,2.816239595413208,14000,0.0,0.0
1990-04-27,2.816239595413208,2.8271552947224903,2.816239595413208,2.816239595413208,47000,0.0,0.0
1990-04-30,2.8326127529144287,2.8326127529144287,2.8326127529144287,2.8326127529144287,11000,0.0,0.0
1990-05-01,2.8271543979644775,2.8271543979644775,2.8271543979644775,2.8271543979644775,2000,0.0,0.0
1990-05-02,2.8053231239318848,2.8053231239318848,2.8053231239318848,2.8053231239318848,23000,0.0,0.0
1990-05-03,2.80532391445994,2.80532391445994,2.799865961074829,2.799865961074829,62000,0.0,0.0
1990-05-04,2.799865961074829,2.80532391445994,2.7944082158893515,2.799865961074829,74000,0.0,0.0
1990-05-07,2.8053231239318848,2.8053231239318848,2.8053231239318848,2.8053231239318848,74000,0.0,0.0
1990-05-08,2.799865961074829,2.799865961074829,2.799865961074829,2.799865961074829,4000,0.0,0.0
1990-05-09,2.816239595413208,2.821697549167673,2.816239595413208,2.816239595413208,5000,0.0,0.0
1990-05-10,2.8162399958326696,2.821697950363159,2.8162399958326696,2.821697950363159,4000,0.0,0.0
1990-05-11,2.8216970555148357,2.8326127529144287,2.8216970555148357,2.8326127529144287,31000,0.0,0.0
1990-05-14,2.838070451611187,2.8489861488342285,2.838070451611187,2.8489861488342285,4000,0.0,0.0
1990-05-15,2.8489858062544196,2.8544435501098633,2.8489858062544196,2.8544435501098633,4000,0.0,0.0
1990-05-16,2.8489838348138785,2.8489838348138785,2.8435258865356445,2.8435258865356445,110000,0.0,0.0
1990-05-17,2.848984782560085,2.85990047454834,2.848984782560085,2.85990047454834,5000,0.0,0.0
1990-05-18,2.85990047454834,2.876273908430968,2.85990047454834,2.85990047454834,17000,0.0,0.0
1990-05-21,2.8544435501098633,2.8544435501098633,2.8544435501098633,2.8544435501098633,4000,0.0,0.0
1990-05-22,2.8599016221084232,2.876275062561035,2.8599016221084232,2.876275062561035,7000,0.0,0.0
1990-05-23,2.8762747812112517,2.892648220062256,2.859901342360247,2.892648220062256,100000,0.0,0.0
1990-05-24,2.892648220062256,2.892648220062256,2.892648220062256,2.892648220062256,0,0.0,0.0
1990-05-25,2.8926478463763043,2.8981055892217253,2.887190103530884,2.887190103530884,3000,0.0,0.0
1990-05-29,2.887191248315627,2.903564691543579,2.8708175968880476,2.903564691543579,15000,0.0,0.0
1990-05-30,2.89479164421616,2.89479164421616,2.8893091678619385,2.8893091678619385,3000,0.03,0.0
1990-05-31,2.883826535445613,2.883826535445613,2.8783440589904785,2.8783440589904785,13000,0.0,0.0
1990-06-01,2.8893091678619385,2.89479164421616,2.8893091678619385,2.8893091678619385,16000,0.0,0.0
1990-06-04,2.894792079925537,2.894792079925537,2.894792079925537,2.894792079925537,2000,0.0,0.0
1990-06-05,2.894792079925537,2.894792079925537,2.894792079925537,2.894792079925537,3000,0.0,0.0
1990-06-06,2.894792079925537,2.894792079925537,2.8838269164236063,2.894792079925537,14000,0.0,0.0
1990-06-07,2.89479164421616,2.89479164421616,2.8893091678619385,2.8893091678619385,6000,0.0,0.0
1990-06-08,2.889309602746121,2.894792079925537,2.8838269164236063,2.894792079925537,191000,0.0,0.0
1990-06-11,2.894792079925537,2.894792079925537,2.8838269164236063,2.894792079925537,48000,0.0,0.0
1990-06-12,2.9057576656341553,2.9057576656341553,2.9057576656341553,2.9057576656341553,20000,0.0,0.0
1990-06-13,2.9057576656341553,2.9057576656341553,2.9057576656341553,2.9057576656341553,0,0.0,0.0
1990-06-14,2.9057568060676706,2.9057568060676706,2.8893091678619385,2.8893091678619385,18000,0.0,0.0
1990-06-15,2.8893092210438183,2.8893092210438183,2.8783440589904785,2.8783440589904785,3000,0.0,0.0
1990-06-18,2.8783440589904785,2.8893092210438183,2.8783440589904785,2.8783440589904785,14000,0.0,0.0
1990-06-19,2.8728611986435184,2.8728611986435184,2.86189603805542,2.86189603805542,7000,0.0,0.0
1990-06-20,2.861896719679138,2.8728618828788313,2.823518753051758,2.823518753051758,20000,0.0,0.0
1990-06-21,2.8180347848479927,2.8180347848479927,2.7851393126556965,2.7906219959259033,56000,0.0,0.0
1990-06-22,2.7796565046349513,2.7796565046349513,2.7467610363940724,2.7577261924743652,22000,0.0,0.0
1990-06-25,2.746761929683945,2.746761929683945,2.7248318195343018,2.7248318195343018,13000,0.0,0.0
1990-06-26,2.7193493843078613,2.7193493843078613,2.7083844327998565,2.7193493843078613,24000,0.0,0.0
1990-06-27,2.7193493843078613,2.7193493843078613,2.7193493843078613,2.7193493843078613,2000,0.0,0.0
1990-06-28,2.7138671875,2.7138671875,2.7138671875,2.7138671875,1000,0.0,0.0
1990-06-29,2.730315433816715,2.7357981204986572,2.730315433816715,2.7357981204986572,13000,0.0,0.0
1990-07-02,2.7577271353076136,2.763209819793701,2.7577271353076136,2.763209819793701,91000,0.0,0.0
1990-07-03,2.7632088750859904,2.7632088750859904,2.752243719005697,2.7577261924743652,24000,0.0,0.0
1990-07-05,2.7577273420150097,2.7577273420150097,2.7193493843078613,2.7193493843078613,70000,0.0,0.0
1990-07-06,2.7357956615434675,2.746760606765747,2.7357956615434675,2.746760606765747,4000,0.0,0.0
1990-07-09,2.7357981204986572,2.7357981204986572,2.7357981204986572,2.7357981204986572,4000,0.0,0.0
1990-07-10,2.7357981204986572,2.7357981204986572,2.7357981204986572,2.7357981204986572,1000,0.0,0.0
1990-07-11,2.7357981204986572,2.75772823979709,2.7357981204986572,2.7357981204986572,44000,0.0,0.0
1990-07-12,2.7357981204986572,2.7357981204986572,2.7357981204986572,2.7357981204986572,12000,0.0,0.0
1990-07-13,2.7357956615434675,2.7632084428850137,2.7357956615434675,2.746760606765747,51000,0.0,0.0
1990-07-16,2.7467623164930774,2.7467623164930774,2.7357973644456433,2.7412798404693604,5000,0.0,0.0
1990-07-17,2.7357981204986572,2.7357981204986572,2.7357981204986572,2.7357981204986572,61000,0.0,0.0
1990-07-18,2.730313539505005,2.730313539505005,2.730313539505005,2.730313539505005,24000,0.0,0.0
1990-07-19,2.730313539505005,2.7412786961180706,2.730313539505005,2.730313539505005,37000,0.0,0.0
1990-07-20,2.7193489974379204,2.7193489974379204,2.7029013633728027,2.7029013633728027,33000,0.0,0.0
1990-07-23,2.7029013633728027,2.7138665224638863,2.697418888398768,2.7029013633728027,20000,0.0,0.0
1990-07-24,2.6974196969083595,2.6974196969083595,2.6864545345306396,2.6864545345306396,19000,0.0,0.0
1990-07-25,2.6754890943793823,2.6754890943793823,2.648076295852661,2.648076295852661,12000,0.0,0.0
1990-07-26,2.6425936333669906,2.6425936333669906,2.637110948562622,2.637110948562622,3000,0.0,0.0
1990-07-27,2.631629467010498,2.631629467010498,2.631629467010498,2.631629467010498,2000,0.0,0.0
1990-07-30,2.6206616832189527,2.6206616832189527,2.5274581909179688,2.5274581909179688,53000,0.0,0.0
1990-07-31,2.527461367740948,2.5548741817474365,2.527461367740948,2.5548741817474365,24000,0.0,0.0
1990-08-01,2.5603561401367188,2.5603561401367188,2.5603561401367188,2.5603561401367188,4000,0.0,0.0
1990-08-02,2.5548741817474365,2.5548741817474365,2.5548741817474365,2.5548741817474365,7000,0.0,0.0
1990-08-03,2.5548725532403735,2.565837713682276,2.5493900775909424,2.5493900775909424,9000,0.0,0.0
1990-08-06,2.543908282716141,2.543908282716141,2.5110127925872803,2.5110127925872803,35000,0.0,0.0
1990-08-07,2.511011498851865,2.511011498851865,2.4835987091064453,2.4835987091064453,11000,0.0,0.0
1990-08-08,2.4890825748443604,2.5110126915716102,2.4890825748443604,2.4890825748443604,23000,0.0,0.0
1990-08-09,2.4890825748443604,2.4890825748443604,2.4890825748443604,2.4890825748443604,1000,0.0,0.0
1990-08-10,2.4781179428100586,2.4781179428100586,2.4781179428100586,2.4781179428100586,13000,0.0,0.0
1990-08-13,2.5000457763671875,2.5000457763671875,2.5000457763671875,2.5000457763671875,10000,0.0,0.0
1990-08-14,2.4781179428100586,2.4781179428100586,2.4781179428100586,2.4781179428100586,7000,0.0,0.0
1990-08-15,2.4781179428100586,2.4781179428100586,2.4781179428100586,2.4781179428100586,0,0.0,0.0
1990-08-16,2.472635507583618,2.472635507583618,2.472635507583618,2.472635507583618,2000,0.0,0.0
1990-08-17,2.4561868656503187,2.4561868656503187,2.439739227294922,2.439739227294922,6000,0.0,0.0
1990-08-20,2.4287739736413725,2.4287739736413725,2.4123263359069824,2.4123263359069824,8000,0.0,0.0
1990-08-21,2.401362033295841,2.401362033295841,2.30267596244812,2.30267596244812,39000,0.0,0.0
1990-08-22,2.3026739103124294,2.3191215392717854,2.2807435989379883,2.2807435989379883,100000,0.0,0.0
1990-08-23,2.258815344328535,2.258815344328535,2.247850179672241,2.247850179672241,4000,0.0,0.0
1990-08-24,2.258813496706497,2.2807435989379883,2.258813496706497,2.2807435989379883,160000,0.0,0.0
1990-08-27,2.302674493124319,2.3575000762939453,2.302674493124319,2.3575000762939453,52000,0.0,0.0
1990-08-28,2.370733679157927,2.376246929168701,2.3652204291471532,2.376246929168701,5000,0.03,0.0
1990-08-29,2.3762464228203353,2.3927865899621676,2.3762464228203353,2.3817598819732666,66000,0.0,0.0
1990-08-30,2.370734214782715,2.370734214782715,2.370734214782715,2.370734214782715,2000,0.0,0.0
1990-08-31,2.3707331739843656,2.3817598819732666,2.3707331739843656,2.3817598819732666,7000,0.0,0.0
1990-09-04,2.381760027722268,2.381760027722268,2.365220069885254,2.365220069885254,104000,0.0,0.0
1990-09-05,2.365220963526321,2.376247466039109,2.359707501952873,2.370734214782715,3000,0.0,0.0
1990-09-06,2.370734214782715,2.381760927612557,2.370734214782715,2.370734214782715,5000,0.0,0.0
1990-09-07,2.3707319118505445,2.376245157751364,2.3597052097320557,2.3597052097320557,10000,0.0,0.0
1990-09-10,2.3707331739843656,2.3817598819732666,2.3707331739843656,2.3817598819732666,12000,0.0,0.0
1990-09-11,2.3707319118505445,2.3707319118505445,2.3597052097320557,2.3597052097320557,5000,0.0,0.0
1990-09-12,2.3541927337646484,2.3541927337646484,2.3541927337646484,2.3541927337646484,1000,0.0,0.0
1990-09-13,2.3541927337646484,2.3541927337646484,2.3541927337646484,2.3541927337646484,0,0.0,0.0
1990-09-14,2.3541927337646484,2.3541927337646484,2.3541927337646484,2.3541927337646484,0,0.0,0.0
1990-09-17,2.3541931162108463,2.359706364810406,2.337653160095215,2.337653160095215,90000,0.0,0.0
1990-09-18,2.3486799017312654,2.365220069885254,2.3486799017312654,2.365220069885254,18000,0.0,0.0
1990-09-19,2.365220069885254,2.3707333190586004,2.365220069885254,2.365220069885254,86000,0.0,0.0
1990-09-20,2.365219439489396,2.365219439489396,2.3541927337646484,2.3541927337646484,44000,0.0,0.0
1990-09-21,2.3541929626452793,2.3541929626452793,2.3266263008117676,2.3266263008117676,40000,0.0,0.0
1990-09-24,2.293545679693673,2.293545679693673,2.2714924812316895,2.2714924812316895,17000,0.0,0.0
1990-09-25,2.271492861758788,2.271492861758788,2.254952907562256,2.254952907562256,9000,0.0,0.0
1990-09-26,2.205334820392622,2.205334820392622,2.1832813880618485,2.1887948513031006,50000,0.0,0.0
1990-09-27,2.1887948513031006,2.221874789482143,2.1887948513031006,2.1887948513031006,24000,0.0,0.0
1990-09-28,2.1887933628398564,2.1943066120147705,2.1777666541730536,2.1943066120147705,11000,0.0,0.0
1990-10-01,2.216359292769997,2.227385997772217,2.216359292769997,2.227385997772217,11000,0.0,0.0
1990-10-02,2.2494401931762695,2.271493612942673,2.2494401931762695,2.2494401931762695,129000,0.0,0.0
1990-10-03,2.238412492457532,2.238412492457532,2.227385997772217,2.227385997772217,27000,0.0,0.0
1990-10-04,2.227386110766482,2.227386110766482,2.210845947265625,2.210845947265625,92000,0.0,0.0
1990-10-05,2.210845947265625,2.2328993583888237,2.210845947265625,2.210845947265625,24000,0.0,0.0
1990-10-08,2.210845947265625,2.210845947265625,2.210845947265625,2.210845947265625,0,0.0,0.0
1990-10-09,2.2108467208496676,2.227386890137996,2.2053334712982178,2.2053334712982178,4000,0.0,0.0
1990-10-10,2.2108470491660057,2.2218737602233887,2.2108470491660057,2.2218737602233887,3000,0.0,0.0
1990-10-11,2.2163586662946737,2.2163586662946737,2.1832785606384277,2.1832785606384277,25000,0.0,0.0
1990-10-12,2.166739759703728,2.166739759703728,2.161226511001587,2.161226511001587,98000,0.0,0.0
1990-10-15,2.1832785606384277,2.1832785606384277,2.1832785606384277,2.1832785606384277,40000,0.0,0.0
1990-10-16,2.172253218722826,2.172253218722826,2.161226511001587,2.161226511001587,5000,0.0,0.0
1990-10-17,2.161226511001587,2.166739759703728,2.161226511001587,2.161226511001587,12000,0.0,0.0
1990-10-18,2.161225400097161,2.177765348018744,2.1501986980438232,2.1501986980438232,47000,0.0,0.0
1990-10-19,2.16122669148077,2.1667399406433105,2.16122669148077,2.1667399406433105,34000,0.0,0.0
1990-10-22,2.161226511001587,2.161226511001587,2.1501998032803478,2.161226511001587,35000,0.0,0.0
1990-10-23,2.139172077178955,2.139172077178955,2.1171188825521376,2.139172077178955,18000,0.0,0.0
1990-10-24,2.139172077178955,2.139172077178955,2.139172077178955,2.139172077178955,0,0.0,0.0
1990-10-25,2.139172077178955,2.139172077178955,2.139172077178955,2.139172077178955,0,0.0,0.0
1990-10-26,2.139172077178955,2.139172077178955,2.139172077178955,2.139172077178955,2000,0.0,0.0
1990-10-29,2.128146765320816,2.128146765320816,2.1171202659606934,2.1171202659606934,20000,0.0,0.0
1990-10-30,2.1171202659606934,2.1171202659606934,2.1171202659606934,2.1171202659606934,0,0.0,0.0
1990-10-31,2.1060928617736234,2.1060928617736234,2.078526201829772,2.0840394496917725,16000,0.0,0.0
1990-11-01,2.0840396021277514,2.0950663089752197,2.0785263538624874,2.0950663089752197,11000,0.0,0.0
1990-11-02,2.09506627183085,2.155712842941284,2.0840395651788794,2.155712842941284,55000,0.0,0.0
1990-11-05,2.161226511001587,2.161226511001587,2.161226511001587,2.161226511001587,25000,0.0,0.0
1990-11-06,2.161226511001587,2.161226511001587,2.161226511001587,2.161226511001587,2000,0.0,0.0
1990-11-07,2.17225355335554,2.2384133892408955,2.17225355335554,2.2053334712982178,114000,0.0,0.0
1990-11-08,2.2053333206815733,2.227386738015179,2.1943066120147705,2.1943066120147705,15000,0.0,0.0
1990-11-09,2.1777664674249673,2.1777664674249673,2.0730130595486296,2.161226511001587,242000,0.0,0.0
1990-11-12,2.1722532328888713,2.216359853744507,2.1722532328888713,2.216359853744507,23000,0.0,0.0
1990-11-13,2.216360183676263,2.238413392228486,2.216360183676263,2.2329001426696777,27000,0.0,0.0
1990-11-14,2.238413395143209,2.2604668140411377,2.238413395143209,2.2604668140411377,60000,0.0,0.0
1990-11-15,2.2714924812316895,2.2714924812316895,2.2714924812316895,2.2714924812316895,105000,0.0,0.0
1990-11-16,2.271492861758788,2.277006109718656,2.254952907562256,2.254952907562256,13000,0.0,0.0
1990-11-19,2.277006149291992,2.2935461037759817,2.277006149291992,2.277006149291992,48000,0.0,0.0
1990-11-20,2.2925488621160803,2.309201717376709,2.27034512568609,2.309201717376709,116000,0.035,0.0
1990-11-21,2.3203036785125732,2.3203036785125732,2.3203036785125732,2.3203036785125732,5000,0.0,0.0
1990-11-23,2.3203036785125732,2.3203036785125732,2.3203036785125732,2.3203036785125732,2000,0.0,0.0
1990-11-26,2.3147530555725098,2.3147530555725098,2.3092019620624042,2.3147530555725098,2000,0.0,0.0
1990-11-27,2.3147530555725098,2.3147530555725098,2.3147530555725098,2.3147530555725098,27000,0.0,0.0
1990-11-28,2.3092029322005287,2.3092029322005287,2.303652048110962,2.303652048110962,49000,0.0,0.0
1990-11-29,2.314753494719666,2.331406354904175,2.314753494719666,2.331406354904175,81000,0.0,0.0
1990-11-30,2.3314058503958557,2.353609800338745,2.3258549687864134,2.353609800338745,88000,0.0,0.0
1990-12-03,2.3647123450373178,2.431324005126953,2.3647123450373178,2.431324005126953,135000,0.0,0.0
1990-12-04,2.4202206134796143,2.4202206134796143,2.4202206134796143,2.4202206134796143,6000,0.0,0.0
1990-12-05,2.442425012588501,2.442425012588501,2.442425012588501,2.442425012588501,2000,0.0,0.0
1990-12-06,2.447974642567324,2.4868314266204834,2.447974642567324,2.4868314266204834,10000,0.0,0.0
1990-12-07,2.4868314266204834,2.4868314266204834,2.4868314266204834,2.4868314266204834,2000,0.0,0.0
1990-12-10,2.464627265930176,2.464627265930176,2.4535252993399244,2.464627265930176,5000,0.0,0.0
1990-12-11,2.442425012588501,2.442425012588501,2.442425012588501,2.442425012588501,15000,0.0,0.0
1990-12-12,2.442425012588501,2.442425012588501,2.4313230383625895,2.442425012588501,7000,0.0,0.0
1990-12-13,2.442425012588501,2.442425012588501,2.442425012588501,2.442425012588501,36000,0.0,0.0
1990-12-14,2.4257712364196777,2.4257712364196777,2.4257712364196777,2.4257712364196777,1000,0.0,0.0
1990-12-17,2.425771705435202,2.4313225856382834,2.4202206134796143,2.4202206134796143,30000,0.0,0.0
1990-12-18,2.403567809942303,2.403567809942303,2.3758129848580904,2.398016929626465,326000,0.0,0.0
1990-12-19,2.398016880914782,2.4202206134796143,2.386914908756113,2.4202206134796143,7000,0.0,0.0
1990-12-20,2.4202206134796143,2.4202206134796143,2.4091188530734513,2.4202206134796143,15000,0.0,0.0
1990-12-21,2.4202204118249053,2.4313223830585495,2.40911865234375,2.40911865234375,10000,0.0,0.0
1990-12-24,2.403569221496582,2.403569221496582,2.403569221496582,2.403569221496582,4000,0.0,0.0
1990-12-26,2.4035677611178636,2.4202206134796143,2.4035677611178636,2.4202206134796143,10000,0.0,0.0
1990-12-27,2.4202201455373764,2.4313221155495133,2.409118387277705,2.4257712364196777,5000,0.0,0.0
1990-12-28,2.4257721571259068,2.442425012588501,2.4091193016633126,2.442425012588501,51000,0.0,0.0
1990-12-31,2.431324005126953,2.431324005126953,2.431324005126953,2.431324005126953,3000,0.0,0.0
1991-01-02,2.431324005126953,2.431324005126953,2.4035691644023243,2.431324005126953,15000,0.0,0.0
1991-01-03,2.4424252306334906,2.4479761123657227,2.4424252306334906,2.4479761123657227,150000,0.0,0.0
1991-01-04,2.464627265930176,2.464627265930176,2.464627265930176,2.464627265930176,30000,0.0,0.0
1991-01-07,2.4646299410480856,2.497935665216588,2.431324005126953,2.431324005126953,25000,0.0,0.0
1991-01-08,2.431324005126953,2.431324005126953,2.431324005126953,2.431324005126953,0,0.0,0.0
1991-01-09,2.442425012588501,2.442425012588501,2.442425012588501,2.442425012588501,10000,0.0,0.0
1991-01-10,2.4202203934007134,2.4202203934007134,2.4091186340040713,2.4146695137023926,29000,0.0,0.0
1991-01-11,2.414668593601309,2.4257705605200717,2.3647098483430775,2.375811815261841,101000,0.0,0.0
1991-01-14,2.375811815261841,2.375811815261841,2.375811815261841,2.375811815261841,2000,0.0,0.0
1991-01-15,2.353609800338745,2.353609800338745,2.353609800338745,2.353609800338745,4000,0.0,0.0
1991-01-16,2.353609800338745,2.353609800338745,2.353609800338745,2.353609800338745,10000,0.0,0.0
1991-01-17,2.353609800338745,2.386915513500519,2.353609800338745,2.353609800338745,52000,0.0,0.0
1991-01-18,2.353609800338745,2.375813538529074,2.353609800338745,2.353609800338745,34000,0.0,0.0
1991-01-21,2.353609800338745,2.353609800338745,2.3425078253673,2.353609800338745,44000,0.0,0.0
1991-01-22,2.3536103096519234,2.3536103096519234,2.331406354904175,2.331406354904175,64000,0.0,0.0
1991-01-23,2.331406354904175,2.331406354904175,2.331406354904175,2.331406354904175,6000,0.0,0.0
1991-01-24,2.331406354904175,2.3536103096519234,2.331406354904175,2.331406354904175,5000,0.0,0.0
1991-01-25,2.353609800338745,2.353609800338745,2.353609800338745,2.353609800338745,2000,0.0,0.0
1991-01-28,2.353609800338745,2.353609800338745,2.353609800338745,2.353609800338745,0,0.0,0.0
1991-01-29,2.375811815261841,2.398015749099367,2.375811815261841,2.375811815261841,48000,0.0,0.0
1991-01-30,2.375814894531305,2.3869168758392334,2.3647129132233773,2.3869168758392334,12000,0.0,0.0
1991-01-31,2.3869153532114895,2.442425012588501,2.375813378985578,2.442425012588501,87000,0.0,0.0
1991-02-01,2.4424237641679176,2.4868314266204834,2.4424237641679176,2.4868314266204834,29000,0.0,0.0
1991-02-04,2.497934799168204,2.6422598361968994,2.497934799168204,2.6422598361968994,107000,0.0,0.0
1991-02-05,2.6422601953806097,2.7255247000050313,2.6422601953806097,2.708871841430664,235000,0.0,0.0
1991-02-06,2.7088711019074645,2.7310750484466553,2.697769128637869,2.7310750484466553,45000,0.0,0.0
1991-02-07,2.7199738330204912,2.7199738330204912,2.6977698802948,2.6977698802948,35000,0.0,0.0
1991-02-08,2.708871841430664,2.742177770331984,2.708871841430664,2.708871841430664,28000,0.0,0.0
1991-02-11,2.7199730751770597,2.7310750484466553,2.7199730751770597,2.7310750484466553,4000,0.0,0.0
1991-02-12,2.7421765327453613,2.747727412514091,2.7421765327453613,2.7421765327453613,8000,0.0,0.0
1991-02-13,2.742177021716251,2.753278783233319,2.7310750484466553,2.7310750484466553,6000,0.0,0.0
1991-02-14,2.725524425506592,2.725524425506592,2.725524425506592,2.725524425506592,24000,0.0,0.0
1991-02-15,2.747728565457669,2.753279447555542,2.747728565457669,2.753279447555542,22000,0.0,0.0
1991-02-19,2.786584573331977,2.8143393993377686,2.786584573331977,2.8143393993377686,32000,0.0,0.0
1991-02-20,2.7976868279975022,2.7976868279975022,2.7865848541259766,2.7865848541259766,267000,0.0,0.0
1991-02-21,2.7810328006744385,2.7810328006744385,2.7754819215323603,2.7810328006744385,7000,0.0,0.0
1991-02-22,2.7754828929901123,2.7754828929901123,2.764380919067644,2.7754828929901123,37000,0.0,0.0
1991-02-25,2.7865848541259766,2.7865848541259766,2.7865848541259766,2.7865848541259766,1000,0.0,0.0
1991-02-26,2.797687709800399,2.8198914527893066,2.797687709800399,2.8198914527893066,50000,0.0,0.0
1991-02-27,2.807611495608579,2.807611495608579,2.802029848098755,2.802029848098755,4000,0.035,0.0
1991-02-28,2.813192844390869,2.824356137380177,2.813192844390869,2.813192844390869,20000,0.0,0.0
1991-03-01,2.813192844390869,2.813192844390869,2.8020293384753967,2.813192844390869,32000,0.0,0.0
1991-03-04,2.835520537301769,2.8913378715515137,2.835520537301769,2.8913378715515137,38000,0.0,0.0
1991-03-05,2.891335906763204,2.913662910461426,2.880172404914093,2.913662910461426,13000,0.0,0.0
1991-03-06,2.9192450046539307,2.947153657113196,2.9192450046539307,2.9192450046539307,425000,0.0,0.0
1991-03-07,2.9192445549229378,2.9471532030826713,2.902499408612315,2.913662910461426,23000,0.0,0.0
1991-03-08,2.913664484398559,2.9359912872314453,2.9025009765190144,2.9359912872314453,12000,0.0,0.0
1991-03-11,2.9583186741761707,2.980645692736671,2.9583186741761707,2.969482183456421,26000,0.0,0.0
1991-03-12,2.9583160877227783,2.9583160877227783,2.9583160877227783,2.9583160877227783,3000,0.0,0.0
1991-03-13,2.9527374384120426,2.9527374384120426,2.9248287677764893,2.9248287677764893,22000,0.0,0.0
1991-03-14,3.008554392146567,3.09228039326835,3.008554392146567,3.086698532104492,57000,0.0,0.0
1991-03-15,3.0866980853417365,3.1146067483428848,3.0811164379119873,3.0811164379119873,23000,0.0,0.0
1991-03-18,3.0978610189720577,3.1146061710839716,3.0978610189720577,3.1090245246887207,36000,0.0,0.0
1991-03-19,3.1090243469400853,3.114605993016223,3.0922791957855225,3.0922791957855225,149000,0.0,0.0
1991-03-20,3.0922803570614925,3.0978620052337646,3.0699533385199467,3.0978620052337646,22000,0.0,0.0
1991-03-21,3.097861593127436,3.097861593127436,3.069952930126288,3.0811164379119873,27000,0.0,0.0
1991-03-22,3.0866984959629917,3.1090255145045376,3.0866984959629917,3.0978620052337646,23000,0.0,0.0
1991-03-25,3.1034428408957933,3.125769853591919,3.1034428408957933,3.125769853591919,8000,0.0,0.0
1991-03-26,3.136934146845624,3.170424461364746,3.136934146845624,3.170424461364746,18000,0.0,0.0
1991-03-27,3.1704232661128033,3.192750275992403,3.1704232661128033,3.1760051250457764,45000,0.0,0.0
1991-03-28,3.1760039617892306,3.181585605751701,3.1592586040496826,3.1592586040496826,36000,0.0,0.0
1991-04-01,3.159259969468047,3.181586980819702,3.159259969468047,3.181586980819702,16000,0.0,0.0
1991-04-02,3.181586771052603,3.181586771052603,3.1760051250457764,3.1760051250457764,18000,0.0,0.0
1991-04-03,3.1760053344448687,3.19275048649553,3.1704234751438745,3.181586980819702,14000,0.0,0.0
1991-04-04,3.181588849066503,3.2039158735287123,3.181588849066503,3.1927523612976074,33000,0.0,0.0
1991-04-05,3.198330350141859,3.2150754928588867,3.198330350141859,3.2150754928588867,32000,0.0,0.0
1991-04-08,3.2150764170002732,3.237403422324678,3.2150764170002732,3.2262399196624756,20000,0.0,0.0
1991-04-09,3.2262398610025684,3.2597303683802465,3.2262398610025684,3.2485668659210205,35000,0.0,0.0
1991-04-10,3.2485668659210205,3.2597303683802465,3.2262398610025684,3.2485668659210205,67000,0.0,0.0
1991-04-11,3.2708949035288093,3.3155489303707677,3.2708949035288093,3.3043854236602783,21000,0.0,0.0
1991-04-12,3.3043854236602783,3.3043854236602783,3.282058410239299,3.3043854236602783,131000,0.0,0.0
1991-04-15,3.315548362789795,3.326711654663086,3.315548362789795,3.326711654663086,14000,0.0,0.0
1991-04-16,3.337877811393572,3.4495125222289844,3.337877811393572,3.4383490085601807,77000,0.0,0.0
1991-04-17,3.4383490085601807,3.4383490085601807,3.3825316531424745,3.4383490085601807,98000,0.0,0.0
1991-04-18,3.4383490085601807,3.4383490085601807,3.4383490085601807,3.4383490085601807,29000,0.0,0.0
1991-04-19,3.427183216091374,3.427183216091374,3.4048562049865723,3.4048562049865723,13000,0.0,0.0
1991-04-22,3.3936941623687744,3.3936941623687744,3.3936941623687744,3.3936941623687744,5000,0.0,0.0
1991-04-23,3.3936941623687744,3.3936941623687744,3.3936941623687744,3.3936941623687744,15000,0.0,0.0
1991-04-24,3.4048559350299716,3.4216010855678416,3.4048559350299716,3.4160194396972656,29000,0.0,0.0
1991-04-25,3.4160190208602406,3.4160190208602406,3.3992738723754883,3.3992738723754883,37000,0.0,0.0
1991-04-26,3.3992742891593957,3.4160194396972656,3.3992742891593957,3.4160194396972656,9000,0.0,0.0
1991-04-29,3.4048562049865723,3.4048562049865723,3.399274558673451,3.4048562049865723,4000,0.0,0.0
1991-04-30,3.4216021488812065,3.4495108127593994,3.4216021488812065,3.4495108127593994,207000,0.0,0.0
1991-05-01,3.4495088881082325,3.5388166904449463,3.4495088881082325,3.5388166904449463,32000,0.0,0.0
1991-05-02,3.5388177605821625,3.583471355864617,3.516490750014782,3.57230806350708,357000,0.0,0.0
1991-05-03,3.57230806350708,3.57230806350708,3.57230806350708,3.57230806350708,112000,0.0,0.0
1991-05-06,3.57230806350708,3.57230806350708,3.57230806350708,3.57230806350708,58000,0.0,0.0
1991-05-07,3.572308368138448,3.572308368138448,3.5499813556671143,3.5499813556671143,20000,0.0,0.0
1991-05-08,3.57230806350708,3.57230806350708,3.57230806350708,3.57230806350708,26000,0.0,0.0
1991-05-09,3.57230806350708,3.57230806350708,3.57230806350708,3.57230806350708,19000,0.0,0.0
1991-05-10,3.5611435396225977,3.5611435396225977,3.5164897441864014,3.5164897441864014,19000,0.0,0.0
1991-05-13,3.5164912083071957,3.527654715045788,3.5053277015686035,3.5053277015686035,11000,0.0,0.0
1991-05-14,3.4941628527418183,3.4941628527418183,3.482999563217163,3.482999563217163,5000,0.0,0.0
1991-05-15,3.477418395978169,3.477418395978169,3.4160194396972656,3.4160194396972656,28000,0.0,0.0
1991-05-16,3.4160194396972656,3.4160194396972656,3.3992742891593957,3.4160194396972656,10000,0.0,0.0
1991-05-17,3.4327657222747803,3.460674386683518,3.4327657222747803,3.4327657222747803,34000,0.0,0.0
1991-05-20,3.4160194396972656,3.4160194396972656,3.4160194396972656,3.4160194396972656,1000,0.0,0.0
1991-05-21,3.421602006202252,3.4383471612456624,3.421602006202252,3.4271838665008545,18000,0.0,0.0
1991-05-22,3.4271838665008545,3.4271838665008545,3.4271838665008545,3.4271838665008545,0,0.0,0.0
1991-05-23,3.443928357488311,3.4774186611175537,3.443928357488311,3.4774186611175537,31000,0.0,0.0
1991-05-24,3.4774176491621795,3.4997446537017822,3.4718360044903265,3.4997446537017822,17000,0.0,0.0
1991-05-28,3.510909019927729,3.5276541709899902,3.510909019927729,3.5276541709899902,16000,0.0,0.0
1991-05-29,3.543352768184271,3.571385622024536,3.520926399562578,3.571385622024536,20000,0.035,0.0
1991-05-30,3.7227626813079335,3.857320451041446,3.7227626813079335,3.8012547492980957,112000,0.0,0.0
1991-05-31,3.8012557080696845,3.8068621941086436,3.756402964263079,3.778829336166382,127000,0.0,0.0
1991-06-03,3.778829336166382,3.778829336166382,3.756402964263079,3.778829336166382,17000,0.0,0.0
1991-06-04,3.8012548191668682,4.031124114990234,3.8012548191668682,4.031124114990234,115000,0.0,0.0
1991-06-05,4.031127394546954,4.047946862414309,4.003094520353648,4.014307498931885,52000,0.0,0.0
1991-06-06,4.0367302248287755,4.115222286972134,4.0367302248287755,4.109615802764893,43000,0.0,0.0
1991-06-07,4.070370342095987,4.070370342095987,4.0479439731985964,4.059157371520996,25000,0.0,0.0
1991-06-10,4.036731243133545,4.036731243133545,4.036731243133545,4.036731243133545,4000,0.0,0.0
1991-06-11,4.014307498931885,4.014307498931885,4.014307498931885,4.014307498931885,3000,0.0,0.0
1991-06-12,3.9918756726455156,3.9918756726455156,3.86292488377958,3.947023391723633,72000,0.0,0.0
1991-06-13,3.9133855245915923,3.9133855245915923,3.851712920375968,3.8573198318481445,24000,0.0,0.0
1991-06-14,3.857319831848144,3.857319831848144,3.857319831848144,3.8573198318481445,16000,0.0,0.0
1991-06-17,3.868533134460449,3.8797461028816937,3.868533134460449,3.868533134460449,307000,0.0,0.0
1991-06-18,3.868533467967669,3.9302056550959414,3.8573204985797513,3.902172803878784,142000,0.0,0.0
1991-06-19,3.902172803878784,3.9245991704019825,3.902172803878784,3.902172803878784,9000,0.0,0.0
1991-06-20,3.9133843683801595,3.9245973325170573,3.9133843683801595,3.9189908504486084,54000,0.0,0.0
1991-06-21,3.924597037389126,3.9918756726455156,3.924597037389126,3.947023391723633,65000,0.0,0.0
1991-06-24,3.9470259244613053,3.9470259244613053,3.890960216522217,3.890960216522217,32000,0.0,0.0
1991-06-25,3.90217517472182,3.9414214469191,3.90217517472182,3.9246015548706055,34000,0.0,0.0
1991-06-26,3.9245991704019825,3.9358121397899,3.902172803878784,3.902172803878784,66000,0.0,0.0
1991-06-27,3.902172803878784,3.902172803878784,3.868533467967669,3.902172803878784,33000,0.0,0.0
1991-06-28,3.9077772895693195,3.947023517845551,3.9077772895693195,3.913384199142456,63000,0.0,0.0
1991-07-01,3.9358121406312048,3.9862713583823464,3.9358121406312048,3.969451904296875,76000,0.0,0.0
1991-07-02,3.969451904296875,3.9918778430775035,3.9470255377688828,3.969451904296875,43000,0.0,0.0
1991-07-03,3.9694497460581397,3.9694497460581397,3.947023391723633,3.947023391723633,25000,0.0,0.0
1991-07-05,3.947023391723633,3.947023391723633,3.941416910076789,3.947023391723633,13000,0.0,0.0
1991-07-08,3.9414207935333256,3.9414207935333256,3.9358138786148933,3.941420793533325,34000,0.0,0.0
1991-07-09,3.935811758041382,3.935811758041382,3.935811758041382,3.935811758041382,26000,0.0,0.0
1991-07-10,3.9358138786148933,3.9414207935333256,3.9077810150129424,3.941420793533325,31000,0.0,0.0
1991-07-11,3.9414186699388694,3.9470251540890353,3.935811758041382,3.935811758041382,162000,0.0,0.0
1991-07-12,3.9358145310711863,3.9582409112199715,3.9246015548706055,3.9246015548706055,93000,0.0,0.0
1991-07-15,3.9133862010140654,3.9133862010140654,3.902172803878784,3.902172803878784,129000,0.0,0.0
1991-07-16,3.913386766738782,3.9582390785217285,3.913386766738782,3.9582390785217285,238000,0.0,0.0
1991-07-17,3.958238507159197,3.969451904296875,3.9470255377688828,3.969451904296875,58000,0.0,0.0
1991-07-18,3.969452323678842,4.059157371520996,3.952632440068947,4.059157371520996,47000,0.0,0.0
1991-07-19,4.059156317585052,4.070369285248662,4.025516986846924,4.025516986846924,80000,0.0,0.0
1991-07-22,4.025518271890481,4.036731243133545,4.014304872899983,4.036731243133545,39000,0.0,0.0
1991-07-23,4.036731243133545,4.047944214376608,4.036731243133545,4.036731243133545,11000,0.0,0.0
1991-07-24,4.036731243133545,4.0703705846101705,4.036731243133545,4.036731243133545,205000,0.0,0.0
1991-07-25,4.036731002623605,4.059157371520996,4.025518032048614,4.059157371520996,11000,0.0,0.0
1991-07-26,4.036731243133545,4.036731243133545,4.025518271890481,4.036731243133545,21000,0.0,0.0
1991-07-29,4.047946037986348,4.064765930175781,4.047946037986348,4.064765930175781,26000,0.0,0.0
1991-07-30,4.0815834003904685,4.2161407470703125,4.0815834003904685,4.2161407470703125,100000,0.0,0.0
1991-07-31,4.21614081849516,4.2329607009887695,4.193714878833521,4.2329607009887695,49000,0.0,0.0
1991-08-01,4.227354768471851,4.227354768471851,4.193715426836279,4.204928398132324,26000,0.0,0.0
1991-08-02,4.204926723805992,4.204926723805992,4.18250036239624,4.18250036239624,21000,0.0,0.0
1991-08-05,4.182501221800267,4.210534072385721,4.182501221800267,4.193714618682861,126000,0.0,0.0
1991-08-06,4.193714807788587,4.238567114099411,4.193714807788587,4.2161407470703125,119000,0.0,0.0
1991-08-07,4.216141369428369,4.232961254119873,4.204928398132324,4.204928398132324,190000,0.0,0.0
1991-08-08,4.20492777742945,4.232960629278979,4.20492777742945,4.2161407470703125,165000,0.0,0.0
1991-08-09,4.216139086748723,4.238565444946289,4.216139086748723,4.238565444946289,16000,0.0,0.0
1991-08-12,4.238564879245646,4.2497782707214355,4.216138524041217,4.2497782707214355,10000,0.0,0.0
1991-08-13,4.249779801185138,4.283419132232666,4.2161400423903075,4.283419132232666,159000,0.0,0.0
1991-08-14,4.294631145792188,4.417975902557373,4.294631145792188,4.417975902557373,31000,0.0,0.0
1991-08-15,4.417977190300284,4.4684359764943125,4.417977190300284,4.429190158843994,141000,0.0,0.0
1991-08-16,4.423585661406485,4.423585661406485,4.401159286499023,4.401159286499023,126000,0.0,0.0
1991-08-19,4.378733644766643,4.378733644766643,4.317061424255371,4.317061424255371,20000,0.0,0.0
1991-08-20,4.317057841219946,4.317057841219946,4.294631481170654,4.294631481170654,12000,0.0,0.0
1991-08-21,4.317061424255371,4.32827439971284,4.317061424255371,4.317061424255371,29000,0.0,0.0
1991-08-22,4.32827153722443,4.361911296844482,4.32827153722443,4.361911296844482,56000,0.0,0.0
1991-08-23,4.36191146391499,4.367517948150635,4.339485099225081,4.367517948150635,270000,0.0,0.0
1991-08-26,4.367518017829819,4.373124502154909,4.339485168457031,4.339485168457031,12000,0.0,0.0
1991-08-27,4.355244154453166,4.366497843375239,4.3214826583862305,4.3214826583862305,45000,0.035,0.0
1991-08-28,4.338359550778209,4.366494178771973,4.338359550778209,4.366494178771973,34000,0.0,0.0
1991-08-29,4.360866867958972,4.360866867958972,4.343985921266105,4.349613189697266,36000,0.0,0.0
1991-08-30,4.34961398168298,4.366494502149177,4.332733031916399,4.355240821838379,16000,0.0,0.0
1991-09-03,4.355240499294609,4.366494178771973,4.355240499294609,4.366494178771973,9000,0.0,0.0
1991-09-04,4.355240821838379,4.355240821838379,4.355240821838379,4.355240821838379,1000,0.0,0.0
1991-09-05,4.366494178771973,4.366494178771973,4.366494178771973,4.366494178771973,26000,0.0,0.0
1991-09-06,4.366492319379858,4.400253772735596,4.343984540709308,4.400253772735596,37000,0.0,0.0
1991-09-09,4.400254091301926,4.411508196102053,4.389000415802002,4.389000415802002,12000,0.0,0.0
1991-09-10,4.37774828754969,4.37774828754969,4.366494178771973,4.366494178771973,27000,0.0,0.0
1991-09-11,4.366494502149177,4.366494502149177,4.355240821838379,4.355240821838379,12000,0.0,0.0
1991-09-12,4.355240821838379,4.355240821838379,4.355240821838379,4.355240821838379,0,0.0,0.0
1991-09-13,4.355239141886793,4.366492817856696,4.310223579406738,4.310223579406738,70000,0.0,0.0
1991-09-16,4.287718118508255,4.287718118508255,4.242702960968018,4.242702960968018,11000,0.0,0.0
1991-09-17,4.231446285841052,4.231446285841052,4.141415596008301,4.141415596008301,119000,0.0,0.0
1991-09-18,4.1301655769348145,4.1301655769348145,4.1301655769348145,4.1301655769348145,3000,0.0,0.0
1991-09-19,4.141416783661352,4.203312873840332,4.141416783661352,4.203312873840332,26000,0.0,0.0
1991-09-20,4.192057768410349,4.192057768410349,4.1751768271530585,4.186430931091309,183000,0.0,0.0
1991-09-23,4.197685241699219,4.220193023685589,4.197685241699219,4.197685241699219,11000,0.0,0.0
1991-09-24,4.208941135465284,4.231448497713427,4.208941135465284,4.2201948165893555,63000,0.0,0.0
1991-09-25,4.22019544439906,4.237076397896849,4.208941761600855,4.231449127197266,30000,0.0,0.0
1991-09-26,4.242701209974665,4.253954887390137,4.242701209974665,4.253954887390137,21000,0.0,0.0
1991-09-27,4.253954887390137,4.265208994105884,4.253954887390137,4.253954887390137,31000,0.0,0.0
1991-09-30,4.253959236951647,4.3214826583862305,4.231451429806786,4.3214826583862305,123000,0.0,0.0
1991-10-01,4.321478677283755,4.3439860343933105,4.315851408706048,4.3439860343933105,54000,0.0,0.0
1991-10-02,4.343986712227196,4.355240821838379,4.343986712227196,4.355240821838379,4000,0.0,0.0
1991-10-03,4.355240821838379,4.355240821838379,4.3383598720717975,4.355240821838379,10000,0.0,0.0
1991-10-04,4.34398680448422,4.34398680448422,4.298971652984619,4.298971652984619,12000,0.0,0.0
1991-10-07,4.310227379769458,4.310227379769458,4.276465892791748,4.276465892791748,20000,0.0,0.0
1991-10-08,4.287718399789253,4.287718399789253,4.208941761600855,4.231449127197266,97000,0.0,0.0
1991-10-09,4.231450290621069,4.276465892791748,4.231450290621069,4.276465892791748,40000,0.0,0.0
1991-10-10,4.276463354046769,4.276463354046769,4.265209674835205,4.265209674835205,26000,0.0,0.0
1991-10-11,4.276463662353822,4.287717342376709,4.270836822342379,4.287717342376709,104000,0.0,0.0
1991-10-14,4.282090702859522,4.321479443384617,4.282090702859522,4.298971652984619,23000,0.0,0.0
1991-10-15,4.315854222715643,4.315854222715643,4.253958091706409,4.276465892791748,28000,0.0,0.0
1991-10-16,4.276465892791748,4.276465892791748,4.253958091706409,4.276465892791748,62000,0.0,0.0
1991-10-17,4.242704405814038,4.2877195786841185,4.242704405814038,4.276465892791748,140000,0.0,0.0
1991-10-18,4.2877195786841185,4.2989736938770875,4.276465892791748,4.276465892791748,105000,0.0,0.0
1991-10-21,4.287717342376709,4.287717342376709,4.276463662353822,4.287717342376709,159000,0.0,0.0
1991-10-22,4.2877170332583345,4.2989711417702425,4.265209674835205,4.265209674835205,17000,0.0,0.0
1991-10-23,4.186430931091309,4.186430931091309,4.186430931091309,4.186430931091309,38000,0.0,0.0
1991-10-24,4.208942661262293,4.208942661262293,4.051388492607335,4.1301655769348145,2530000,0.0,0.0
1991-10-25,4.152673376642747,4.152673376642747,4.1301655769348145,4.1301655769348145,66000,0.0,0.0
1991-10-28,4.130163228347875,4.163924694061279,4.130163228347875,4.163924694061279,42000,0.0,0.0
1991-10-29,4.186430931091309,4.197684605729389,4.186430931091309,4.186430931091309,26000,0.0,0.0
1991-10-30,4.1976872743919165,4.1976872743919165,4.175179481506348,4.175179481506348,31000,0.0,0.0
1991-10-31,4.186430931091309,4.186430931091309,4.186430931091309,4.186430931091309,3000,0.0,0.0
1991-11-01,4.186431565356151,4.197685241699219,4.186431565356151,4.197685241699219,12000,0.0,0.0
1991-11-04,4.197685241699219,4.197685241699219,4.197685241699219,4.197685241699219,0,0.0,0.0
1991-11-05,4.208938935358009,4.208938935358009,4.141415596008301,4.141415596008301,137000,0.0,0.0
1991-11-06,4.152669700550015,4.152669700550015,4.1301619207667795,4.141415596008301,78000,0.0,0.0
1991-11-07,4.062640103094413,4.1189093589782715,4.062640103094413,4.1189093589782715,95000,0.0,0.0
1991-11-08,4.0964035987854,4.0964035987854,4.0964035987854,4.0964035987854,2000,0.0,0.0
1991-11-11,4.085147224678318,4.085147224678318,4.0738935470581055,4.0738935470581055,4000,0.0,0.0
1991-11-12,4.073893820964514,4.073893820964514,4.0626397132873535,4.0626397132873535,61000,0.0,0.0
1991-11-13,4.062641654777891,4.096403564643496,4.062641654777891,4.079522609710693,56000,0.0,0.0
1991-11-14,4.096401331598814,4.096401331598814,4.0738935470581055,4.0738935470581055,92000,0.0,0.0
1991-11-15,4.0738976409907774,4.0738976409907774,4.028882026672363,4.028882026672363,63000,0.0,0.0
1991-11-18,3.983863992075519,3.99511767295523,3.9163406188960312,3.9501020908355713,104000,0.0,0.0
1991-11-19,3.950101944477732,3.950101944477732,3.8488175324118674,3.8938326835632324,99000,0.0,0.0
1991-11-20,3.8938326835632324,3.8938326835632324,3.8713253226377455,3.8938326835632324,27000,0.0,0.0
1991-11-21,3.905087146461486,3.9163408279418945,3.905087146461486,3.9163408279418945,9000,0.0,0.0
1991-11-22,3.9388482640149887,3.9388482640149887,3.8938326835632324,3.8938326835632324,35000,0.0,0.0
1991-11-25,3.882577901935177,3.938847146890759,3.882577901935177,3.927593469619751,117000,0.0,0.0
1991-11-26,3.94341108294955,3.977308511734009,3.94341108294955,3.977308511734009,50000,0.035,0.0
1991-11-27,3.966012536285277,3.9773119764092772,3.932115077972412,3.932115077972412,53000,0.0,0.0
1991-11-29,3.9547138214111333,3.9547138214111333,3.9547138214111333,3.954713821411133,2000,0.0,0.0
1991-12-02,3.9321153705114353,3.9547138214111333,3.9321153705114353,3.954713821411133,158000,0.0,0.0
1991-12-03,3.9773093901926924,3.9773093901926924,3.9377620220184326,3.9377620220184326,39000,0.0,0.0
1991-12-04,3.9603605686065717,3.9603605686065717,3.9377621334431514,3.9434120655059814,318000,0.0,0.0
1991-12-05,3.9547138214111333,3.9547138214111333,3.9547138214111333,3.954713821411133,11000,0.0,0.0
1991-12-06,3.9321125211447634,3.9434119539213897,3.9321125211447634,3.9377620220184326,39000,0.0,0.0
1991-12-09,3.9434148114760843,3.9547138214111333,3.9434148114760843,3.954713821411133,15000,0.0,0.0
1991-12-10,3.949063958482381,3.982961416244507,3.949063958482381,3.982961416244507,14000,0.0,0.0
1991-12-11,3.988610209810348,4.056405544281006,3.988610209810348,4.056405544281006,90000,0.0,0.0
1991-12-12,4.06770455117804,4.06770455117804,4.056405544281006,4.056405544281006,10000,0.0,0.0
1991-12-13,4.056405544281006,4.056405544281006,4.056405544281006,4.056405544281006,20000,0.0,0.0
1991-12-16,4.045102687427889,4.045102687427889,4.011205264357453,4.016854763031006,56000,0.0,0.0
1991-12-17,4.01120745077155,4.01120745077155,3.999908447265625,3.999908447265625,120000,0.0,0.0
1991-12-18,3.9886096164257716,3.9942591190338135,3.9886096164257716,3.9942591190338135,14000,0.0,0.0
1991-12-19,4.011208233251561,4.011208233251561,3.988609790802002,3.988609790802002,8000,0.0,0.0
1991-12-20,3.9773078412870166,4.016854763031006,3.9773078412870166,4.016854763031006,153000,0.0,0.0
1991-12-23,4.045105537013226,4.124199867248535,4.045105537013226,4.124199867248535,75000,0.0,0.0
1991-12-24,4.146799087524414,4.146799087524414,4.129850145352455,4.146799087524414,29000,0.0,0.0
1991-12-26,4.158098158768235,4.225893497467041,4.158098158768235,4.225893497467041,27000,0.0,0.0
1991-12-27,4.237190450567703,4.395379066467285,4.237190450567703,4.395379066467285,34000,0.0,0.0
1991-12-30,4.406678702444966,4.491422523645831,4.406678702444966,4.480123519897461,29000,0.0,0.0
1991-12-31,4.497072869924329,4.5083723068237305,4.497072869924329,4.5083723068237305,11000,0.0,0.0
1992-01-02,4.485773990529469,4.519671440124512,4.474474553311484,4.519671440124512,103000,0.0,0.0
1992-01-03,4.508373034873223,4.530971050262451,4.508373034873223,4.530971050262451,8000,0.0,0.0
1992-01-06,4.508372630156772,4.61006498336792,4.497073192446993,4.61006498336792,76000,0.0,0.0
1992-01-07,4.598766567526436,4.655262470245361,4.598766567526436,4.655262470245361,48000,0.0,0.0
1992-01-08,4.643963570998415,4.7004594802856445,4.643963570998415,4.7004594802856445,115000,0.0,0.0
1992-01-09,4.723056985875942,4.836048781858762,4.723056985875942,4.813450336456299,36000,0.0,0.0
1992-01-10,4.79085285285895,4.802151861297244,4.779553413391113,4.779553413391113,31000,0.0,0.0
1992-01-13,4.745656380127261,4.745656380127261,4.666562020919224,4.7004594802856445,41000,0.0,0.0
1992-01-14,4.723052570017662,4.734351997669145,4.723052570017662,4.728702068328857,7000,0.0,0.0
1992-01-15,4.740006452827541,4.779553413391113,4.740006452827541,4.779553413391113,15000,0.0,0.0
1992-01-16,4.779552332298574,4.779552332298574,4.7456548836214525,4.768253326416016,67000,0.0,0.0
1992-01-17,4.7682544049528195,4.779553413391113,4.7682544049528195,4.779553413391113,3000,0.0,0.0
1992-01-20,4.762603823474736,4.768253326416016,4.762603823474736,4.768253326416016,3000,0.0,0.0
1992-01-21,4.768251653021348,4.768251653021348,4.734354216240368,4.751302719116211,19000,0.0,0.0
1992-01-22,4.740005970001221,4.740005970001221,4.740005970001221,4.740005970001221,10000,0.0,0.0
1992-01-23,4.740006324323749,4.740006324323749,4.655262470245361,4.655262470245361,37000,0.0,0.0
1992-01-24,4.655262470245361,4.655262470245361,4.655262470245361,4.655262470245361,0,0.0,0.0
1992-01-27,4.67785943508501,4.694807941911841,4.67785943508501,4.6891584396362305,8000,0.0,0.0
1992-01-28,4.71175892076084,4.71175892076084,4.7004594802856445,4.7004594802856445,11000,0.0,0.0
1992-01-29,4.745656490325928,4.756955500033915,4.745656490325928,4.745656490325928,86000,0.0,0.0
1992-01-30,4.745656490325928,4.785203455333474,4.745656490325928,4.745656490325928,73000,0.0,0.0
1992-01-31,4.768253326416016,4.779552332298574,4.768253326416016,4.768253326416016,37000,0.0,0.0
1992-02-03,4.773905029538711,4.790853977203369,4.773905029538711,4.790853977203369,45000,0.0,0.0
1992-02-04,4.802152988293378,4.82475144150304,4.768255523993706,4.790853977203369,64000,0.0,0.0
1992-02-05,4.813451521570479,4.89254588443808,4.79085350163368,4.86994743347168,62000,0.0,0.0
1992-02-06,4.8699413987034506,4.9490356635584645,4.8699413987034506,4.915138244628906,25000,0.0,0.0
1992-02-07,4.937736667591634,4.971634086521193,4.903839248662075,4.915138244628906,43000,0.0,0.0
1992-02-10,4.9151402645604705,4.994234561920166,4.9151402645604705,4.994234561920166,39000,0.0,0.0
1992-02-11,5.0168391462394855,5.028138160705566,4.994240686277551,5.028138160705566,28000,0.0,0.0
1992-02-12,5.0394325281746255,5.084629406421231,5.0394325281746255,5.073330402374268,18000,0.0,0.0
1992-02-13,5.0563792797851805,5.067678278948444,5.01683235168457,5.01683235168457,10000,0.0,0.0
1992-02-14,5.00553660983798,5.016836048356461,4.960340148852579,4.971639156341553,19000,0.0,0.0
1992-02-18,4.982938037445553,5.00553648287983,4.9603400230407715,4.9603400230407715,17000,0.0,0.0
1992-02-19,4.949041843414307,4.949041843414307,4.949041843414307,4.949041843414307,1000,0.0,0.0
1992-02-20,4.971639156341553,5.016836048356461,4.971639156341553,4.971639156341553,60000,0.0,0.0
1992-02-21,4.994235437789402,5.073329749020345,4.994235437789402,5.06203031539917,38000,0.0,0.0
1992-02-24,5.084631335543187,5.423606757912732,5.084631335543187,5.3784098625183105,102000,0.0,0.0
1992-02-25,5.389709301881686,5.389709301881686,5.3784098625183105,5.3784098625183105,2000,0.0,0.0
1992-02-26,5.396548748016357,5.396548748016357,5.373874518704559,5.396548748016357,14000,0.04,0.0
1992-02-27,5.419222593549872,5.5496015548706055,5.419222593549872,5.5496015548706055,12000,0.0,0.0
1992-02-28,5.600619211508479,5.8953884615949805,5.600619211508479,5.827364921569824,207000,0.0,0.0
1992-03-02,5.9067267187754755,5.9067267187754755,5.668643850065986,5.691318511962891,97000,0.0,0.0
1992-03-03,5.691318101793494,5.759341650098595,5.691318101793494,5.725329875946045,20000,0.0,0.0
1992-03-04,5.736667403273496,5.74800495046355,5.691318511962891,5.691318511962891,32000,0.0,0.0
1992-03-05,5.67998020927465,5.67998020927465,5.645968437194824,5.645968437194824,18000,0.0,0.0
1992-03-06,5.645969332987925,5.730998992919922,5.628963660491455,5.730998992919922,127000,0.0,0.0
1992-03-09,5.7309970200555105,5.7309970200555105,5.668642044067383,5.668642044067383,18000,0.0,0.0
1992-03-10,5.589284150255798,5.600621700286865,5.577947032708043,5.600621700286865,104000,0.0,0.0
1992-03-11,5.6119589255191995,5.6119589255191995,5.57794713973999,5.57794713973999,49000,0.0,0.0
1992-03-12,5.5892823120257225,5.5892823120257225,5.487246990203857,5.487246990203857,68000,0.0,0.0
1992-03-13,5.509919473358394,5.5439316690136575,5.498582363128662,5.498582363128662,14000,0.0,0.0
1992-03-16,5.509921217842159,5.555270538085101,5.487246990203857,5.487246990203857,47000,0.0,0.0
1992-03-17,5.4759094439015366,5.509921217842159,5.4759094439015366,5.487246990203857,10000,0.0,0.0
1992-03-18,5.487246990203857,5.487246990203857,5.487246990203857,5.487246990203857,3000,0.0,0.0
1992-03-19,5.509922712158528,5.5212602615356445,5.509922712158528,5.5212602615356445,5000,0.0,0.0
1992-03-20,5.515587972882899,5.566605396885206,5.515587972882899,5.555268287658691,16000,0.0,0.0
1992-03-23,5.555270802367758,5.623294353485107,5.555270802367758,5.623294353485107,20000,0.0,0.0
1992-03-24,5.600621807753903,5.64597071129841,5.57794713973999,5.57794713973999,34000,0.0,0.0
1992-03-25,5.5666079167262525,5.623294353485107,5.5666079167262525,5.623294353485107,33000,0.0,0.0
1992-03-26,5.611954698757249,5.6232918079837635,5.555268287658691,5.555268287658691,32000,0.0,0.0
1992-03-27,5.555268287658691,5.555268287658691,5.555268287658691,5.555268287658691,6000,0.0,0.0
1992-03-30,5.555270293583953,5.555270293583953,5.532595634460449,5.532595634460449,14000,0.0,0.0
1992-03-31,5.521258764144479,5.521258764144479,5.4759094439015366,5.487246990203857,31000,0.0,0.0
1992-04-01,5.487246990203857,5.487246990203857,5.481578000811112,5.487246990203857,16000,0.0,0.0
1992-04-02,5.48724785990511,5.48724785990511,5.305850982666016,5.305850982666016,73000,0.0,0.0
1992-04-03,5.305849900332626,5.385210990905762,5.305849900332626,5.385210990905762,27000,0.0,0.0
1992-04-06,5.385212538719972,5.453236103057861,5.385212538719972,5.453236103057861,20000,0.0,0.0
1992-04-07,5.441898071606358,5.441898071606358,5.396548748016357,5.396548748016357,44000,0.0,0.0
1992-04-08,5.4078890491567835,5.419226169586182,5.4078890491567835,5.419226169586182,2000,0.0,0.0
1992-04-09,5.430560956950459,5.430560956950459,5.385211633360458,5.396548748016357,10000,0.0,0.0
1992-04-10,5.4192214860356565,5.43055902915003,5.4192214860356565,5.424890041351318,100000,0.0,0.0
1992-04-13,5.424891566749019,5.487246990203857,5.424891566749019,5.487246990203857,79000,0.0,0.0
1992-04-14,5.532596158666194,5.623294371270585,5.532596158666194,5.594951152801514,26000,0.0,0.0
1992-04-15,5.611956581997512,5.6402997970581055,5.611956581997512,5.6402997970581055,7000,0.0,0.0
1992-04-16,5.623296043284497,5.623296043284497,5.57794713973999,5.57794713973999,20000,0.0,0.0
1992-04-20,5.600620124768118,5.679980790243962,5.600620124768118,5.623294353485107,18000,0.0,0.0
1992-04-21,5.6573052186946695,5.713991641998291,5.6573052186946695,5.713991641998291,12000,0.0,0.0
1992-04-22,5.748007229040468,5.895391941070557,5.748007229040468,5.895391941070557,49000,0.0,0.0
1992-04-23,5.895391941070557,5.986090192128813,5.895391941070557,5.895391941070557,38000,0.0,0.0
1992-04-24,5.91806247356583,5.923731029202424,5.895387818536383,5.90672492980957,227000,0.0,0.0
1992-04-27,5.895387200748219,5.895387200748219,5.75933971731127,5.7820143699646,95000,0.0,0.0
1992-04-28,5.850038763740383,5.867044863875287,5.78201522816695,5.804689884185791,23000,0.0,0.0
1992-04-29,5.668642330362158,5.713991641998291,5.668642330362158,5.713991641998291,75000,0.0,0.0
1992-04-30,5.782014532028377,5.821694850921631,5.759339878739501,5.821694850921631,10000,0.0,0.0
1992-05-01,5.816030080477668,5.85004186630249,5.816030080477668,5.85004186630249,67000,0.0,0.0
1992-05-04,5.827363661273868,5.838700771331787,5.793351466134058,5.838700771331787,8000,0.0,0.0
1992-05-05,5.83303309608857,5.8443702078564455,5.804689884185791,5.804689884185791,8000,0.0,0.0
1992-05-06,5.827368163188303,5.827368163188303,5.759344152839979,5.793355941772461,47000,0.0,0.0
1992-05-07,5.850039776285634,5.867045879364014,5.844371219420563,5.867045879364014,38000,0.0,0.0
1992-05-08,5.782015419862634,5.782015419862634,5.759340763092041,5.759340763092041,47000,0.0,0.0
1992-05-11,5.78201522816695,5.804689884185791,5.770678116399075,5.804689884185791,107000,0.0,0.0
1992-05-12,5.787684440612793,5.787684440612793,5.787684440612793,5.787684440612793,1000,0.0,0.0
1992-05-13,5.804689884185791,5.804689884185791,5.804689884185791,5.804689884185791,1000,0.0,0.0
1992-05-14,5.804689884185791,5.804689884185791,5.804689884185791,5.804689884185791,5000,0.0,0.0
1992-05-15,5.7706780653019125,5.7706780653019125,5.713991641998291,5.713991641998291,21000,0.0,0.0
1992-05-18,5.72532875366578,5.759340521151335,5.702654097847714,5.713991641998291,23000,0.0,0.0
1992-05-19,5.7139929277822645,5.736667156219482,5.702655381080471,5.736667156219482,17000,0.0,0.0
1992-05-20,5.74800481252419,5.7820165883117385,5.74800481252419,5.770679473876953,44000,0.0,0.0
1992-05-21,5.7820165883117385,5.793353702746523,5.770679473876953,5.770679473876953,119000,0.0,0.0
1992-05-22,5.759340763092041,5.759340763092041,5.759340763092041,5.759340763092041,3000,0.0,0.0
1992-05-26,5.782015419862634,5.782015419862634,5.759340763092041,5.759340763092041,7000,0.0,0.0
1992-05-27,5.777535438537598,5.777535438537598,5.777535438537598,5.777535438537598,4000,0.04,0.0
1992-05-28,5.7092987224354435,5.720671653747559,5.7092987224354435,5.720671653747559,16000,0.0,0.0
1992-05-29,5.754795465309314,5.879899978637695,5.720676210346979,5.879899978637695,53000,0.0,0.0
1992-06-01,5.86852502822876,5.86852502822876,5.845779153596277,5.86852502822876,5000,0.0,0.0
1992-06-02,5.86852502822876,5.86852502822876,5.86852502822876,5.86852502822876,2000,0.0,0.0
1992-06-03,5.845777837141112,5.845777837141112,5.834404468536377,5.834404468536377,11000,0.0,0.0
1992-06-04,5.788910120802924,5.788910120802924,5.7661638259887695,5.7661638259887695,35000,0.0,0.0
1992-06-05,5.754791515612612,5.754791515612612,5.732045650482178,5.732045650482178,13000,0.0,0.0
1992-06-08,5.709301471710205,5.709301471710205,5.709301471710205,5.709301471710205,1000,0.0,0.0
1992-06-09,5.714985817784784,5.732045650482178,5.7092993515021755,5.732045650482178,24000,0.0,0.0
1992-06-10,5.686553001403809,5.686553001403809,5.686553001403809,5.686553001403809,23000,0.0,0.0
1992-06-11,5.686552425961692,5.732045018909194,5.686552425961692,5.720671653747559,168000,0.0,0.0
1992-06-12,5.686555015321987,5.697927951812744,5.663808708490755,5.697927951812744,40000,0.0,0.0
1992-06-15,5.697928546351084,5.697928546351084,5.663809299468994,5.663809299468994,88000,0.0,0.0
1992-06-16,5.652435701220888,5.669495105743408,5.652435701220888,5.669495105743408,7000,0.0,0.0
1992-06-17,5.686553001403809,5.703612833947846,5.686553001403809,5.686553001403809,7000,0.0,0.0
1992-06-18,5.7093027156998994,5.714989185333252,5.7093027156998994,5.714989185333252,5000,0.0,0.0
1992-06-19,5.732047600518803,5.75479347338736,5.606943130493164,5.606943130493164,28000,0.0,0.0
1992-06-22,5.606942328060006,5.618315696716309,5.5955693932533555,5.618315696716309,76000,0.0,0.0
1992-06-23,5.5955693932533555,5.618315696716309,5.5955693932533555,5.618315696716309,141000,0.0,0.0
1992-06-24,5.629688262939453,5.629688262939453,5.629688262939453,5.629688262939453,26000,0.0,0.0
1992-06-25,5.629688262939453,5.629688262939453,5.629688262939453,5.629688262939453,3000,0.0,0.0
1992-06-26,5.62968747138977,5.686553001403809,5.62968747138977,5.686553001403809,37000,0.0,0.0
1992-06-29,5.663809299468994,5.663809299468994,5.663809299468994,5.663809299468994,16000,0.0,0.0
1992-06-30,5.68655232852596,5.7889104439792325,5.68655232852596,5.754790782928467,56000,0.0,0.0
1992-07-01,5.7775386053173685,5.84577751159668,5.7775386053173685,5.84577751159668,51000,0.0,0.0
1992-07-02,5.823028292192676,5.845774582889991,5.800282001495361,5.800282001495361,64000,0.0,0.0
1992-07-06,5.777535438537598,5.777535438537598,5.777535438537598,5.777535438537598,16000,0.0,0.0
1992-07-07,5.8116581658078035,5.823031534413774,5.788912296295166,5.788912296295166,55000,0.0,0.0
1992-07-08,5.81166103486316,5.914019233600031,5.800288094492338,5.879899978637695,245000,0.0,0.0
1992-07-09,5.914017645193223,5.925390582509464,5.845779153596277,5.86852502822876,83000,0.0,0.0
1992-07-10,5.84577895706336,5.982255935668945,5.84577895706336,5.982255935668945,92000,0.0,0.0
1992-07-13,6.005000819714083,6.073239726688453,6.005000819714083,6.044806957244873,214000,0.0,0.0
1992-07-14,6.04480655890712,6.073239326477051,6.039119658313451,6.073239326477051,57000,0.0,0.0
1992-07-15,6.084614570862384,6.095987508669883,5.891271591186523,5.891271591186523,381000,0.0,0.0
1992-07-16,5.914016314013279,5.925389248769598,5.788912296295166,5.788912296295166,214000,0.0,0.0
1992-07-17,5.766162510649583,5.777535438537598,5.732043293136148,5.777535438537598,111000,0.0,0.0
1992-07-20,5.754793919667351,5.86852502822876,5.754793919667351,5.86852502822876,50000,0.0,0.0
1992-07-21,5.891269363901266,5.948134899139404,5.891269363901266,5.948134899139404,20000,0.0,0.0
1992-07-22,5.925390582509464,5.925390582509464,5.86852502822876,5.86852502822876,67000,0.0,0.0
1992-07-23,5.857152424219731,5.874212265014648,5.8457794862563,5.874212265014648,39000,0.0,0.0
1992-07-24,5.8912694686887335,5.914015769958496,5.8912694686887335,5.914015769958496,304000,0.0,0.0
1992-07-27,5.902642836248421,5.936762071228259,5.902642836248421,5.914015769958496,49000,0.0,0.0
1992-07-28,5.936763542640959,5.95950984954834,5.936763542640959,5.95950984954834,21000,0.0,0.0
1992-07-29,5.9595080521612545,5.982253918358765,5.9595080521612545,5.97088098526001,3000,0.0,0.0
1992-07-30,5.982252389694778,6.004998683929443,5.982252389694778,6.004998683929443,190000,0.0,0.0
1992-07-31,6.005003348267155,6.005003348267155,5.970884097338043,5.993630409240723,18000,0.0,0.0
1992-08-03,5.97657056685126,5.993630409240723,5.97657056685126,5.993630409240723,18000,0.0,0.0
1992-08-04,5.993629524417301,6.050495078854183,5.993629524417301,6.022062301635742,154000,0.0,0.0
1992-08-05,6.0334329850023405,6.044806351950683,5.97088098526001,5.97088098526001,29000,0.0,0.0
1992-08-06,5.982255935668945,6.005002243386454,5.982255935668945,5.982255935668945,6000,0.0,0.0
1992-08-07,5.970882998735058,5.982255935668945,5.959510061801171,5.982255935668945,4000,0.0,0.0
1992-08-10,5.982254948568052,6.0050012525323115,5.959509078453456,5.999314785003662,88000,0.0,0.0
1992-08-11,6.005002243386454,6.005002243386454,5.982255935668945,5.982255935668945,47000,0.0,0.0
1992-08-12,6.00499990171402,6.027746200561523,5.999313435464535,6.027746200561523,43000,0.0,0.0
1992-08-13,6.027746200561523,6.027746200561523,6.027746200561523,6.027746200561523,51000,0.0,0.0
1992-08-14,6.004998683929443,6.004998683929443,6.004998683929443,6.004998683929443,1000,0.0,0.0
1992-08-17,5.982252935130446,5.993626300209491,5.970880003900917,5.987939834594727,30000,0.0,0.0
1992-08-18,5.987940502965566,6.027746200561523,5.982253602866516,6.027746200561523,10000,0.0,0.0
1992-08-19,6.027746200561523,6.027746200561523,6.027746200561523,6.027746200561523,80000,0.0,0.0
1992-08-20,6.027747523006806,6.027747523006806,6.016374588012695,6.016374588012695,13000,0.0,0.0
1992-08-21,6.016372047971515,6.016372047971515,6.004998683929443,6.004998683929443,70000,0.0,0.0
1992-08-24,6.02774877030948,6.02774877030948,6.005002461764778,6.022062301635742,59000,0.0,0.0
1992-08-25,6.027747523006806,6.027747523006806,6.016374588012695,6.016374588012695,318000,0.0,0.0
1992-08-26,6.0118129527700495,6.0118129527700495,5.943367004394531,5.943367004394531,53000,0.04,0.0
1992-08-27,5.966179988098771,5.966179988098771,5.931957244873047,5.931957244873047,59000,0.0,0.0
1992-08-28,5.9319587389419715,5.9319587389419715,5.914847145436356,5.920551300048828,4000,0.0,0.0
1992-08-31,5.9205533005501945,5.9205533005501945,5.897737979888916,5.897737979888916,26000,0.0,0.0
1992-09-01,5.92055105149825,5.92055105149825,5.914846897125244,5.914846897125244,25000,0.0,0.0
1992-09-02,5.931960743297809,5.931960743297809,5.897737979888916,5.897737979888916,4000,0.0,0.0
1992-09-03,5.914847145436356,5.920551300048828,5.909143425989784,5.920551300048828,13000,0.0,0.0
1992-09-04,5.931956690471011,5.954771995544434,5.931956690471011,5.954771995544434,111000,0.0,0.0
1992-09-08,5.949068834068804,5.966179988098771,5.931957244873047,5.931957244873047,45000,0.0,0.0
1992-09-09,5.9319545782885506,5.937658293734555,5.8749165534973145,5.8749165534973145,156000,0.0,0.0
1992-09-10,5.863513556389257,5.863513556389257,5.8406982421875,5.8406982421875,90000,0.0,0.0
1992-09-11,5.886327184847124,5.90914249420166,5.886327184847124,5.90914249420166,8000,0.0,0.0
1992-09-14,5.909144247789753,5.954774880040098,5.909144247789753,5.943367004394531,165000,0.0,0.0
1992-09-15,5.949070446738901,6.000404357910156,5.931958852904544,6.000404357910156,1061000,0.0,0.0
1992-09-16,5.97758966288681,6.017516136169434,5.97758966288681,6.017516136169434,16000,0.0,0.0
1992-09-17,6.000404007293086,6.006108161681837,5.966181256789992,5.977589130401611,26000,0.0,0.0
1992-09-18,6.000403054243132,6.028922080993652,6.000403054243132,6.028922080993652,23000,0.0,0.0
1992-09-21,6.023217896806678,6.023217896806678,5.966179847717285,5.966179847717285,14000,0.0,0.0
1992-09-22,5.96618160540735,6.011812232188364,5.96618160540735,6.000404357910156,18000,0.0,0.0
1992-09-23,6.000405763643716,6.011813640594482,5.98899832185896,6.011813640594482,17000,0.0,0.0
1992-09-24,6.034625070832852,6.034625070832852,6.02321720123291,6.02321720123291,18000,0.0,0.0
1992-09-25,6.02321720123291,6.02321720123291,6.02321720123291,6.02321720123291,2000,0.0,0.0
1992-09-28,5.988996568847348,5.988996568847348,5.977589130401611,5.977589130401611,12000,0.0,0.0
1992-09-29,5.966183003123438,6.011813640594482,5.966183003123438,6.011813640594482,7000,0.0,0.0
1992-09-30,6.011809540231309,6.091662883758545,6.011809540231309,6.091662883758545,39000,0.0,0.0
1992-10-01,6.103073034296117,6.160111100037202,6.103073034296117,6.125888347625732,65000,0.0,0.0
1992-10-02,6.114482879638672,6.114482879638672,6.091667992496515,6.114482879638672,80000,0.0,0.0
1992-10-05,6.068850298081677,6.068850298081677,5.977589479685557,6.000404357910156,106000,0.0,0.0
1992-10-06,6.023216094644122,6.023216094644122,6.006104946136475,6.006104946136475,2000,0.0,0.0
1992-10-07,6.006106049581592,6.02321720123291,6.006106049581592,6.02321720123291,6000,0.0,0.0
1992-10-08,6.04603376166765,6.131590843200684,6.04603376166765,6.131590843200684,90000,0.0,0.0
1992-10-09,6.114480288735144,6.13729560137579,6.1030728499977664,6.108776569366455,47000,0.0,0.0
1992-10-12,6.137294751032052,6.200036525726318,6.137294751032052,6.200036525726318,25000,0.0,0.0
1992-10-13,6.188623155271357,6.228549582206941,6.188623155271357,6.205734729766846,16000,0.0,0.0
1992-10-14,6.182928656261773,6.182928656261773,6.137298013049749,6.160113334655762,12000,0.0,0.0
1992-10-15,6.160112790988078,6.160112790988078,6.068851947784424,6.068851947784424,82000,0.0,0.0
1992-10-16,6.182928656261773,6.182928656261773,6.160113334655762,6.160113334655762,42000,0.0,0.0
1992-10-19,6.160113334655762,6.160113334655762,6.160113334655762,6.160113334655762,0,0.0,0.0
1992-10-20,6.137295786707587,6.148703660955348,6.091665595214263,6.125888347625732,60000,0.0,0.0
1992-10-21,6.125886118477563,6.125886118477563,6.080255508422852,6.080255508422852,11000,0.0,0.0
1992-10-22,6.068851947784424,6.068851947784424,6.068851947784424,6.068851947784424,5000,0.0,0.0
1992-10-23,6.080255014588532,6.091662883758545,6.080255014588532,6.091662883758545,148000,0.0,0.0
1992-10-26,6.080255014588532,6.091662883758545,6.080255014588532,6.091662883758545,221000,0.0,0.0
1992-10-27,6.091665496472284,6.097369215920757,6.0802576224094365,6.08596134185791,35000,0.0,0.0
1992-10-28,6.09166780500379,6.160113334655762,6.09166780500379,6.160113334655762,216000,0.0,0.0
1992-10-29,6.160113334655762,6.160113334655762,6.160113334655762,6.160113334655762,0,0.0,0.0
1992-10-30,6.1430017346597365,6.1715207778757355,6.1430017346597365,6.160113334655762,161000,0.0,0.0
1992-11-02,6.160113266896959,6.171520709991455,6.160113266896959,6.171520709991455,61000,0.0,0.0
1992-11-03,6.160111599460689,6.228557109832764,6.160111599460689,6.228557109832764,10000,0.0,0.0
1992-11-04,6.205738083003745,6.205738083003745,6.194330215454102,6.194330215454102,16000,0.0,0.0
1992-11-05,6.21715142108776,6.21715142108776,6.160113334655762,6.160113334655762,16000,0.0,0.0
1992-11-06,6.137298013049749,6.160113334655762,6.137298013049749,6.160113334655762,4000,0.0,0.0
1992-11-09,6.13729628428135,6.228557109832764,6.13729628428135,6.228557109832764,39000,0.0,0.0
1992-11-10,6.205734729766846,6.217142155986894,6.205734729766846,6.205734729766846,3000,0.0,0.0
1992-11-11,6.21715142108776,6.228558864307733,6.160113334655762,6.160113334655762,380000,0.0,0.0
1992-11-12,6.148703098297119,6.160110536335096,6.137295225093275,6.148703098297119,195000,0.0,0.0
1992-11-13,6.148703098297119,6.148703098297119,6.148703098297119,6.148703098297119,3000,0.0,0.0
1992-11-16,6.125890758375828,6.125890758375828,6.114482879638672,6.114482879638672,24000,0.0,0.0
1992-11-17,6.148705891435788,6.160113334655762,6.148705891435788,6.160113334655762,4000,0.0,0.0
1992-11-18,6.182919442161333,6.205734729766846,6.182919442161333,6.205734729766846,20000,0.0,0.0
1992-11-19,6.239965438842773,6.239965438842773,6.239965438842773,6.239965438842773,2000,0.0,0.0
1992-11-20,6.239964336383987,6.274187088012695,6.239964336383987,6.274187088012695,184000,0.0,0.0
1992-11-23,6.297001755722178,6.319817066192627,6.297001755722178,6.319817066192627,12000,0.0,0.0
1992-11-24,6.326680101660286,6.361001968383789,6.326680101660286,6.361001968383789,14000,0.04,0.0
1992-11-25,6.372440869201759,6.4296441078186035,6.372440869201759,6.4296441078186035,65000,0.0,0.0
1992-11-27,6.418208065723164,6.452530384063721,6.418208065723164,6.452530384063721,9000,0.0,0.0
1992-11-30,6.429644316207498,6.475406646728516,6.429644316207498,6.475406646728516,44000,0.0,0.0
1992-12-01,6.452530185987089,6.49257230758667,6.441089268082643,6.49257230758667,34000,0.0,0.0
1992-12-02,6.4811284730683,6.4811284730683,6.441085935758508,6.463967323303223,22000,0.0,0.0
1992-12-03,6.475411997430092,6.498293399810791,6.463971514452968,6.498293399810791,26000,0.0,0.0
1992-12-04,6.486849514755918,6.486849514755918,6.383883476257324,6.383883476257324,46000,0.0,0.0
1992-12-07,6.383883476257324,6.383883476257324,6.3381211319227875,6.383883476257324,22000,0.0,0.0
1992-12-08,6.406765633957911,6.406765633957911,6.31524049790091,6.3381218910217285,88000,0.0,0.0
1992-12-09,6.361002847716273,6.361002847716273,6.3381218910217285,6.3381218910217285,5000,0.0,0.0
1992-12-10,6.3152399900459075,6.3152399900459075,6.280918121337891,6.280918121337891,52000,0.0,0.0
1992-12-11,6.315240182471951,6.326680660247803,6.315240182471951,6.326680660247803,5000,0.0,0.0
1992-12-14,6.361000857452387,6.406763629375524,6.338119907916956,6.37244176864624,29000,0.0,0.0
1992-12-15,6.3838822434139555,6.406763629375524,6.37244176864624,6.37244176864624,8000,0.0,0.0
1992-12-16,6.3381241686774175,6.3381241686774175,6.29236136599055,6.315242767333984,112000,0.0,0.0
1992-12-17,6.3495634694978405,6.3495634694978405,6.269478797912598,6.269478797912598,41000,0.0,0.0
1992-12-18,6.2694772074843925,6.280918121337891,6.2694772074843925,6.280918121337891,9000,0.0,0.0
1992-12-21,6.303801840691425,6.303801840691425,6.223717590727607,6.258039474487305,106000,0.0,0.0
1992-12-22,6.258040115518287,6.269480599134594,6.189395904541016,6.189395904541016,141000,0.0,0.0
1992-12-23,6.20083356496966,6.2465959118053105,6.155070781707764,6.155070781707764,96000,0.0,0.0
1992-12-24,6.155071938034094,6.17795333396367,6.132190542104519,6.143631458282471,19000,0.0,0.0
1992-12-28,6.132190542104519,6.143631458282471,6.120750062352895,6.143631458282471,4000,0.0,0.0
1992-12-29,6.120750700238945,6.200835376125477,6.120750700238945,6.132191181182861,62000,0.0,0.0
1992-12-30,6.177954196929932,6.212276077405376,6.177954196929932,6.177954196929932,41000,0.0,0.0
1992-12-31,6.155070781707764,6.166511695736361,6.109308434872113,6.155070781707764,28000,0.0,0.0
1993-01-04,6.132189390076816,6.155070781707764,6.132189390076816,6.155070781707764,8000,0.0,0.0
1993-01-05,6.120750062352895,6.143631458282471,6.120750062352895,6.143631458282471,6000,0.0,0.0
1993-01-06,6.155070781707764,6.155070781707764,6.155070781707764,6.155070781707764,69000,0.0,0.0
1993-01-07,6.155072424133895,6.172233581542969,6.149352183806324,6.172233581542969,15000,0.0,0.0
1993-01-08,6.132191181182861,6.132191181182861,6.086428820980824,6.132191181182861,57000,0.0,0.0
1993-01-11,6.155069866705197,6.155069866705197,6.063544750213623,6.063544750213623,233000,0.0,0.0
1993-01-12,6.086428820980824,6.132191181182861,6.086428820980824,6.132191181182861,25000,0.0,0.0
1993-01-13,6.097867456272923,6.097867456272923,6.040664196014404,6.040664196014404,65000,0.0,0.0
1993-01-14,6.06354558740306,6.086426978791716,6.040664196014404,6.040664196014404,59000,0.0,0.0
1993-01-15,6.052107334136963,6.07498829750838,6.006344534541325,6.052107334136963,152000,0.0,0.0
1993-01-18,6.086426663827618,6.086426663827618,5.96057923591556,5.972020149230957,57000,0.0,0.0
1993-01-19,5.972020505924594,6.132189374070669,5.972020505924594,6.126469135284424,177000,0.0,0.0
1993-01-20,6.155065939232294,6.2694723709519495,6.132184565603183,6.223710060119629,55000,0.0,0.0
1993-01-21,6.223714501489776,6.361001968383789,6.223714501489776,6.361001968383789,67000,0.0,0.0
1993-01-22,6.338122989168384,6.361003949827296,6.269478797912598,6.269478797912598,29000,0.0,0.0
1993-01-25,6.223710060119629,6.223710060119629,6.223710060119629,6.223710060119629,31000,0.0,0.0
1993-01-26,6.246594026077997,6.269475410801492,6.2122721672058105,6.2122721672058105,23000,0.0,0.0
1993-01-27,6.223716329785962,6.2465972900390625,6.223716329785962,6.2465972900390625,16000,0.0,0.0
1993-01-28,6.223717590727607,6.28092087580258,6.223717590727607,6.258039474487305,46000,0.0,0.0
1993-01-29,6.258039482188615,6.315242767333984,6.258039482188615,6.315242767333984,114000,0.0,0.0
1993-02-01,6.315239624894523,6.361001968383789,6.315239624894523,6.361001968383789,33000,0.0,0.0
1993-02-02,6.383886824333747,6.498293399810791,6.383886824333747,6.498293399810791,31000,0.0,0.0
1993-02-03,6.452529328959946,6.458249568939209,6.452529328959946,6.458249568939209,20000,0.0,0.0
1993-02-04,6.49828907392772,6.635576960393507,6.49828907392772,6.589814186096191,91000,0.0,0.0
1993-02-05,6.589814186096191,6.589814186096191,6.509729985715128,6.589814186096191,28000,0.0,0.0
1993-02-08,6.566936068013415,6.566936068013415,6.521173273976375,6.532613754272461,102000,0.0,0.0
1993-02-09,6.5440563104351765,6.5440563104351765,6.452531135858232,6.521174907684326,64000,0.0,0.0
1993-02-10,6.5440517681909975,6.5669331550598145,6.532610856543511,6.5669331550598145,142000,0.0,0.0
1993-02-11,6.5440517681909975,6.5669331550598145,6.5440517681909975,6.5669331550598145,26000,0.0,0.0
1993-02-12,6.5440517681909975,6.5898141055024775,6.52117038132218,6.5669331550598145,18000,0.0,0.0
1993-02-16,6.544055347090698,6.544055347090698,6.463970667465143,6.49257230758667,13000,0.0,0.0
1993-02-17,6.452528726217159,6.452528726217159,6.332401515742276,6.406765937805176,58000,0.0,0.0
1993-02-18,6.406765937805176,6.406765937805176,6.406765937805176,6.406765937805176,40000,0.0,0.0
1993-02-19,6.3724428815757665,6.38388335834153,6.361001968383789,6.361001968383789,163000,0.0,0.0
1993-02-22,6.338121014852263,6.361001968383789,6.326680101660286,6.361001968383789,184000,0.0,0.0
1993-02-23,6.361003149393193,6.406765937805176,6.361003149393193,6.406765937805176,76000,0.0,0.0
1993-02-24,6.425124867077418,6.4710187911987305,6.425124867077418,6.4710187911987305,23000,0.04,0.0
1993-02-25,6.471014348760685,6.493960857391357,6.471014348760685,6.493960857391357,4000,0.0,0.0
1993-02-26,6.4710183577611415,6.4710183577611415,6.459544658660889,6.459544658660889,11000,0.0,0.0
1993-03-01,6.471014348760685,6.493960857391357,6.471014348760685,6.493960857391357,281000,0.0,0.0
1993-03-02,6.505434549383291,6.551328004321234,6.493960857391357,6.493960857391357,122000,0.0,0.0
1993-03-03,6.516908475293656,6.643116474151611,6.482488271123902,6.643116474151611,110000,0.0,0.0
1993-03-04,6.625908374786377,6.625908374786377,6.625908374786377,6.625908374786377,5000,0.0,0.0
1993-03-05,6.608696460723877,6.608696460723877,6.608696460723877,6.608696460723877,10000,0.0,0.0
1993-03-08,6.585749626159668,6.597222882188461,6.562802676425419,6.585749626159668,42000,0.0,0.0
1993-03-09,6.631647376671851,6.8496428836110335,6.631647376671851,6.826695919036865,154000,0.0,0.0
1993-03-10,6.826693137924936,6.826693137924936,6.792272923924533,6.815219879150391,11000,0.0,0.0
1993-03-11,6.7922732883719705,6.7922732883719705,6.746379375457764,6.746379375457764,6000,0.0,0.0
1993-03-12,6.700486225089062,6.700486225089062,6.654592309949718,6.68901252746582,8000,0.0,0.0
1993-03-15,6.654590129852295,6.666063386039994,6.620169923612531,6.654590129852295,83000,0.0,0.0
1993-03-16,6.654588953316337,6.7004828453063965,6.654588953316337,6.7004828453063965,20000,0.0,0.0
1993-03-17,6.72343241900066,6.746379375457764,6.72343241900066,6.746379375457764,27000,0.0,0.0
1993-03-18,6.769325968698676,6.815219879150391,6.7463790134728185,6.815219879150391,98000,0.0,0.0
1993-03-19,6.7922732883719705,6.7922732883719705,6.746379375457764,6.746379375457764,20000,0.0,0.0
1993-03-22,6.803746547762127,6.803746547762127,6.746379375457764,6.746379375457764,41000,0.0,0.0
1993-03-23,6.7463797291988215,6.769326686859131,6.7463797291988215,6.769326686859131,6000,0.0,0.0
1993-03-24,6.752116005152842,6.7865366586768925,6.746379375457764,6.746379375457764,18000,0.0,0.0
1993-03-25,6.7693303659886235,6.7922773361206055,6.7693303659886235,6.7922773361206055,34000,0.0,0.0
1993-03-26,6.757852080742441,6.838165760040283,6.757852080742441,6.838165760040283,70000,0.0,0.0
1993-03-29,6.838165760040283,6.838165760040283,6.838165760040283,6.838165760040283,17000,0.0,0.0
1993-03-30,6.815219879150391,6.838166396699481,6.815219879150391,6.815219879150391,66000,0.0,0.0
1993-03-31,6.849639297744008,6.90700646030857,6.849639297744008,6.872586250305176,59000,0.0,0.0
1993-04-01,6.8725842244687705,6.987318515777588,6.8725842244687705,6.987318515777588,65000,0.0,0.0
1993-04-02,6.987324544468847,7.021744774024085,6.9758508428324575,7.010271072387695,28000,0.0,0.0
1993-04-05,6.975847244262695,7.021741151779431,6.964373986221881,6.975847244262695,16000,0.0,0.0
1993-04-06,6.9528983268767535,6.9528983268767535,6.895531177520752,6.895531177520752,36000,0.0,0.0
1993-04-07,6.907006859894561,6.907006859894561,6.884059906005859,6.884059906005859,4000,0.0,0.0
1993-04-08,6.90700646030857,6.90700646030857,6.872586250305176,6.872586250305176,10000,0.0,0.0
1993-04-12,6.861113548278809,6.861113548278809,6.861113548278809,6.861113548278809,20000,0.0,0.0
1993-04-13,6.895532765189627,6.918479717750795,6.872586250305176,6.872586250305176,38000,0.0,0.0
1993-04-14,6.9184798797466796,6.929953575134277,6.89553292664821,6.929953575134277,22000,0.0,0.0
1993-04-15,6.929954360806203,7.044688701629639,6.929954360806203,7.044688701629639,215000,0.0,0.0
1993-04-16,7.044687474517445,7.136474843652421,7.044687474517445,7.090580940246582,86000,0.0,0.0
1993-04-19,7.067636677114843,7.2454752922058105,7.067636677114843,7.2454752922058105,107000,0.0,0.0
1993-04-20,7.2282611247031925,7.297101531772569,7.113526821136475,7.113526821136475,81000,0.0,0.0
1993-04-21,7.113528009848855,7.113528009848855,7.067634105682373,7.067634105682373,7000,0.0,0.0
1993-04-22,7.067634105682373,7.067634105682373,7.067634105682373,7.067634105682373,1000,0.0,0.0
1993-04-23,7.044687737998861,7.044687737998861,6.872586250305176,6.872586250305176,42000,0.0,0.0
1993-04-26,6.80374464867572,6.80374464867572,6.471015404789107,6.654590129852295,108000,0.0,0.0
1993-04-27,6.654590022328521,6.71769380569458,6.654590022328521,6.71769380569458,164000,0.0,0.0
1993-04-28,6.71769568480152,6.746379270507485,6.574277756271698,6.597224712371826,90000,0.0,0.0
1993-04-29,6.620170320375012,6.677537480104991,6.60295999738534,6.6660637855529785,50000,0.0,0.0
1993-04-30,6.711959603525792,6.918481349945068,6.711959603525792,6.918481349945068,34000,0.0,0.0
1993-05-03,6.907006859894561,6.907006859894561,6.884059906005859,6.884059906005859,2000,0.0,0.0
1993-05-04,6.8381656026250655,6.872586250305176,6.815219087740615,6.872586250305176,75000,0.0,0.0
1993-05-05,6.861113628652576,6.861113628652576,6.8266934132639125,6.849640369415283,24000,0.0,0.0
1993-05-06,6.815219879150391,6.815219879150391,6.815219879150391,6.815219879150391,1000,0.0,0.0
1993-05-07,6.7922773361206055,6.7922773361206055,6.757857099761158,6.7922773361206055,15000,0.0,0.0
1993-05-10,6.769326686859131,6.769326686859131,6.769326686859131,6.769326686859131,1000,0.0,0.0
1993-05-11,6.7463833958566415,6.7922773361206055,6.7463833958566415,6.7922773361206055,152000,0.0,0.0
1993-05-12,6.746379375457764,6.746379375457764,6.746379375457764,6.746379375457764,25000,0.0,0.0
1993-05-13,6.746379375457764,6.746379375457764,6.746379375457764,6.746379375457764,1000,0.0,0.0
1993-05-14,6.780800759256208,6.780800759256208,6.711960315704346,6.711960315704346,33000,0.0,0.0
1993-05-17,6.654590129852295,6.654590129852295,6.654590129852295,6.654590129852295,23000,0.0,0.0
1993-05-18,6.620169174240273,6.66032600402832,6.620169174240273,6.66032600402832,15000,0.0,0.0
1993-05-19,6.65458937658383,6.66032600402832,6.631642429129252,6.66032600402832,27000,0.0,0.0
1993-05-20,6.643116873664597,6.654590129852295,6.643116873664597,6.654590129852295,9000,0.0,0.0
1993-05-21,6.654590362432013,6.654590362432013,6.608696460723877,6.608696460723877,5000,0.0,0.0
1993-05-24,6.608696460723877,6.608696460723877,6.597223204135185,6.608696460723877,103000,0.0,0.0
1993-05-25,6.581084482825193,6.581084482825193,6.546568393707275,6.546568393707275,21000,0.04,0.0
1993-05-26,6.535066604614258,6.535066604614258,6.4890452715266385,6.535066604614258,35000,0.0,0.0
1993-05-27,6.546568393707275,6.575331874454854,6.546568393707275,6.546568393707275,38000,0.0,0.0
1993-05-28,6.558073997497559,6.558073997497559,6.558073997497559,6.558073997497559,35000,0.0,0.0
1993-06-01,6.563826606207409,6.563826606207409,6.558073997497559,6.558073997497559,62000,0.0,0.0
1993-06-02,6.558073997497559,6.558073997497559,6.558073997497559,6.558073997497559,42000,0.0,0.0
1993-06-03,6.569577687984318,6.581083341625732,6.569577687984318,6.57533073425293,10000,0.0,0.0
1993-06-04,6.575330625402802,6.575330625402802,6.512050628662109,6.512050628662109,19000,0.0,0.0
1993-06-07,6.489040851593018,6.489040851593018,6.489040851593018,6.489040851593018,27000,0.0,0.0
1993-06-08,6.466033454589408,6.477538676480815,6.327968597412109,6.327968597412109,65000,0.0,0.0
1993-06-09,6.258936691029414,6.304958019717274,6.258936691029414,6.281947135925293,48000,0.0,0.0
1993-06-10,6.304958019717274,6.304958019717274,6.281947135925293,6.281947135925293,26000,0.0,0.0
1993-06-11,6.304952928335001,6.304952928335001,6.258931636810303,6.258931636810303,22000,0.0,0.0
1993-06-14,6.247430896641403,6.281947002146277,6.235925674438477,6.235925674438477,115000,0.0,0.0
1993-06-15,6.235922228317303,6.235922228317303,6.126620922207668,6.1783952713012695,53000,0.0,0.0
1993-06-16,6.201407764832239,6.293450832366943,6.201407764832239,6.293450832366943,52000,0.0,0.0
1993-06-17,6.304957389831543,6.304957389831543,6.304957389831543,6.304957389831543,5000,0.0,0.0
1993-06-18,6.316461086273193,6.316461086273193,6.316461086273193,6.316461086273193,2000,0.0,0.0
1993-06-21,6.3279682713246626,6.3279682713246626,6.304957389831543,6.304957389831543,119000,0.0,0.0
1993-06-22,6.293450211934028,6.316461086273193,6.293450211934028,6.316461086273193,11000,0.0,0.0
1993-06-23,6.304957389831543,6.304957389831543,6.304957389831543,6.304957389831543,36000,0.0,0.0
1993-06-24,6.3279682713246626,6.3279682713246626,6.304957389831543,6.304957389831543,114000,0.0,0.0
1993-06-25,6.304957389831543,6.304957389831543,6.2474304055467735,6.304957389831543,30000,0.0,0.0
1993-06-28,6.304957389831543,6.316463050026132,6.304957389831543,6.304957389831543,90000,0.0,0.0
1993-06-29,6.327968026674358,6.339473247528076,6.327968026674358,6.339473247528076,17000,0.0,0.0
1993-06-30,6.3279682713246626,6.350979152817783,6.304957389831543,6.304957389831543,101000,0.0,0.0
1993-07-01,6.304957819104333,6.316463480082285,6.304957819104333,6.310710430145264,19000,0.0,0.0
1993-07-02,6.304957389831543,6.304957389831543,6.264688676390628,6.304957389831543,96000,0.0,0.0
1993-07-06,6.327968597412109,6.327968597412109,6.304957714733213,6.327968597412109,21000,0.0,0.0
1993-07-07,6.304957389831543,6.316463050026132,6.304957389831543,6.304957389831543,5000,0.0,0.0
1993-07-08,6.304953534123122,6.466029167175293,6.304953534123122,6.466029167175293,237000,0.0,0.0
1993-07-09,6.466029981274718,6.489040851593018,6.466029981274718,6.489040851593018,22000,0.0,0.0
1993-07-12,6.523561381066389,6.535066604614258,6.512055718622375,6.535066604614258,5000,0.0,0.0
1993-07-13,6.512050238738068,6.529308498433206,6.500545024871826,6.500545024871826,17000,0.0,0.0
1993-07-14,6.48904056361573,6.48904056361573,6.443018825021532,6.454524040222168,52000,0.0,0.0
1993-07-15,6.448773907262648,6.448773907262648,6.443021297454834,6.443021297454834,9000,0.0,0.0
1993-07-16,6.443021297454834,6.443021297454834,6.443021297454834,6.443021297454834,0,0.0,0.0
1993-07-19,6.420007793645528,6.443018662361697,6.408502578735352,6.408502578735352,28000,0.0,0.0
1993-07-20,6.443018825021532,6.454524040222168,6.443018825021532,6.454524040222168,4000,0.0,0.0
1993-07-21,6.454527403289586,6.523560047149658,6.454527403289586,6.523560047149658,22000,0.0,0.0
1993-07-22,6.535062738070713,6.546568393707275,6.500546648952795,6.546568393707275,73000,0.0,0.0
1993-07-23,6.512054910554059,6.517807960510254,6.512054910554059,6.517807960510254,31000,0.0,0.0
1993-07-26,6.535063123762245,6.56957921491726,6.535063123762245,6.558073997497559,11000,0.0,0.0
1993-07-27,6.581083188196724,6.673126220703125,6.581083188196724,6.673126220703125,107000,0.0,0.0
1993-07-28,6.696136474609375,6.696136474609375,6.696136474609375,6.696136474609375,1000,0.0,0.0
1993-07-29,6.696139191299225,6.719150066375732,6.696139191299225,6.719150066375732,11000,0.0,0.0
1993-07-30,6.73640789351116,6.753666159542525,6.719150066375732,6.719150066375732,30000,0.0,0.0
1993-08-02,6.719150354071589,6.765171667299175,6.604096412658691,6.604096412658691,67000,0.0,0.0
1993-08-03,6.604096412658691,6.604096412658691,6.604096412658691,6.604096412658691,1000,0.0,0.0
1993-08-04,6.604094804490939,6.627105236053467,6.604094804490939,6.627105236053467,2000,0.0,0.0
1993-08-05,6.627105236053467,6.627105236053467,6.627105236053467,6.627105236053467,24000,0.0,0.0
1993-08-06,6.581084251403809,6.581084251403809,6.581084251403809,6.581084251403809,5000,0.0,0.0
1993-08-09,6.581084251403809,6.581084251403809,6.581084251403809,6.581084251403809,1000,0.0,0.0
1993-08-10,6.5580730635741835,6.627105236053467,6.5580730635741835,6.627105236053467,7000,0.0,0.0
1993-08-11,6.609847412381571,6.627105236053467,6.609847412381571,6.627105236053467,55000,0.0,0.0
1993-08-12,6.62710617980759,6.62710617980759,6.558073997497559,6.558073997497559,39000,0.0,0.0
1993-08-13,6.5925875139949754,6.604093165817192,6.586834907531738,6.586834907531738,12000,0.0,0.0
1993-08-16,6.5695798791180575,6.621354240533053,6.5695798791180575,6.604096412658691,16000,0.0,0.0
1993-08-17,6.6156003393079805,6.6156003393079805,6.581084251403809,6.581084251403809,25000,0.0,0.0
1993-08-18,6.558073997497559,6.558073997497559,6.558073997497559,6.558073997497559,1000,0.0,0.0
1993-08-19,6.535061105366327,6.535061105366327,6.489039811005585,6.500545024871826,119000,0.0,0.0
1993-08-20,6.489040199551824,6.512050628662109,6.489040199551824,6.512050628662109,10000,0.0,0.0
1993-08-23,6.512050628662109,6.512050628662109,6.489040199551824,6.512050628662109,152000,0.0,0.0
1993-08-24,6.535061496668197,6.5465671501191425,6.512050628662109,6.512050628662109,11000,0.0,0.0
1993-08-25,6.466030515532328,6.5580735655147615,6.466030515532328,6.552320957183838,83000,0.0,0.0
1993-08-26,6.523456680224624,6.523456680224624,6.511910915374756,6.511910915374756,8000,0.05,0.0
1993-08-27,6.500364303588867,6.500364303588867,6.500364303588867,6.500364303588867,12000,0.0,0.0
1993-08-30,6.500362840539388,6.500362840539388,6.442633152008057,6.442633152008057,97000,0.0,0.0
1993-08-31,6.419543743133545,6.419543743133545,6.419543743133545,6.419543743133545,4000,0.0,0.0
1993-09-01,6.396453565103691,6.396453565103691,6.373361587524414,6.373361587524414,14000,0.0,0.0
1993-09-02,6.373361587524414,6.373361587524414,6.350269609945137,6.373361587524414,36000,0.0,0.0
1993-09-03,6.3733579016699,6.47727108001709,6.3733579016699,6.47727108001709,29000,0.0,0.0
1993-09-07,6.465724740078381,6.465724740078381,6.431087017059326,6.431087017059326,42000,0.0,0.0
1993-09-08,6.431087017059326,6.431087017059326,6.431087017059326,6.431087017059326,0,0.0,0.0
1993-09-09,6.442635832981003,6.465727806091309,6.442635832981003,6.465727806091309,6000,0.0,0.0
1993-09-10,6.442635832981003,6.465727806091309,6.442635832981003,6.465727806091309,4000,0.0,0.0
1993-09-13,6.465726570762602,6.500364303588867,6.465726570762602,6.500364303588867,14000,0.0,0.0
1993-09-14,6.488813877105713,6.488813877105713,6.488813877105713,6.488813877105713,3000,0.0,0.0
1993-09-15,6.535000324249268,6.535000324249268,6.535000324249268,6.535000324249268,4000,0.0,0.0
1993-09-16,6.546550273895264,6.546550273895264,6.546550273895264,6.546550273895264,1000,0.0,0.0
1993-09-17,6.5234551429748535,6.5234551429748535,6.5234551429748535,6.5234551429748535,25000,0.0,0.0
1993-09-20,6.511910238429432,6.56386661529541,6.511910238429432,6.56386661529541,24000,0.0,0.0
1993-09-21,6.563868158241747,6.5811872482299805,6.563868158241747,6.5811872482299805,22000,0.0,0.0
1993-09-22,6.523458298026079,6.546550273895264,6.523458298026079,6.546550273895264,30000,0.0,0.0
1993-09-23,6.535000324249268,6.535000324249268,6.535000324249268,6.535000324249268,1000,0.0,0.0
1993-09-24,6.535000324249268,6.535000324249268,6.535000324249268,6.535000324249268,0,0.0,0.0
1993-09-27,6.511910508159402,6.511910508159402,6.500364303588867,6.500364303588867,4000,0.0,0.0
1993-09-28,6.500364303588867,6.500364303588867,6.500364303588867,6.500364303588867,3000,0.0,0.0
1993-09-29,6.500364303588867,6.500364303588867,6.500364303588867,6.500364303588867,0,0.0,0.0
1993-09-30,6.500364303588867,6.511910508159402,6.477272334890467,6.500364303588867,10000,0.0,0.0
1993-10-01,6.535003301889861,6.5811872482299805,6.535003301889861,6.5811872482299805,11000,0.0,0.0
1993-10-04,6.604278755372639,6.638916492462158,6.604278755372639,6.638916492462158,23000,0.0,0.0
1993-10-05,6.638915821203274,6.644688703394046,6.604278087615967,6.604278087615967,19000,0.0,0.0
1993-10-06,6.604278087615967,6.604278087615967,6.604278087615967,6.604278087615967,0,0.0,0.0
1993-10-07,6.604278387259954,6.627370357513428,6.604278387259954,6.627370357513428,7000,0.0,0.0
1993-10-08,6.633142551339286,6.650461196899414,6.633142551339286,6.650461196899414,53000,0.0,0.0
1993-10-11,6.673552237544029,6.708189964294434,6.673552237544029,6.708189964294434,42000,0.0,0.0
1993-10-12,6.708191149502049,6.765920851099977,6.708191149502049,6.742829322814941,42000,0.0,0.0
1993-10-13,6.765919962513049,6.777466165581841,6.7312822341918945,6.7312822341918945,175000,0.0,0.0
1993-10-14,6.719737354087237,6.789012819827682,6.719737354087237,6.742829322814941,16000,0.0,0.0
1993-10-15,6.731281928942234,6.731281928942234,6.708189964294434,6.708189964294434,15000,0.0,0.0
1993-10-18,6.742829322814941,6.7543750869574595,6.742829322814941,6.742829322814941,25000,0.0,0.0
1993-10-19,6.696643829345703,6.708189590805479,6.696643829345703,6.696643829345703,54000,0.0,0.0
1993-10-20,6.6966442021918295,6.731281928942234,6.6966442021918295,6.708189964294434,47000,0.0,0.0
1993-10-21,6.696643829345703,6.696643829345703,6.696643829345703,6.696643829345703,9000,0.0,0.0
1993-10-22,6.719737354087237,6.742829322814941,6.719737354087237,6.742829322814941,8000,0.0,0.0
1993-10-25,6.765919208526611,6.765919208526611,6.765919208526611,6.765919208526611,7000,0.0,0.0
1993-10-26,6.75437590972237,6.75437590972237,6.638916492462158,6.638916492462158,33000,0.0,0.0
1993-10-27,6.650461196899414,6.650461196899414,6.650461196899414,6.650461196899414,25000,0.0,0.0
1993-10-28,6.604278087615967,6.604278087615967,6.604278087615967,6.604278087615967,2000,0.0,0.0
1993-10-29,6.627369669485909,6.650461196899414,6.627369669485909,6.650461196899414,16000,0.0,0.0
1993-11-01,6.627370357513428,6.627370357513428,6.627370357513428,6.627370357513428,2000,0.0,0.0
1993-11-02,6.615820797695533,6.615820797695533,6.592728839150549,6.598502159118652,12000,0.0,0.0
1993-11-03,6.569638488443026,6.598503331642788,6.535000324249268,6.535000324249268,27000,0.0,0.0
1993-11-04,6.534997340876011,6.534997340876011,6.488813877105713,6.488813877105713,3000,0.0,0.0
1993-11-05,6.465724740078381,6.465724740078381,6.431087017059326,6.431087017059326,28000,0.0,0.0
1993-11-08,6.419540488012532,6.419540488012532,6.361810805780612,6.379129886627197,37000,0.0,0.0
1993-11-09,6.3791346571662215,6.3791346571662215,6.350269794464111,6.350269794464111,19000,0.0,0.0
1993-11-10,6.350267694807765,6.350267694807765,6.2694460178762155,6.315629959106445,39000,0.0,0.0
1993-11-11,6.304085837963596,6.350269794464111,6.304085837963596,6.350269794464111,10000,0.0,0.0
1993-11-12,6.373360706315996,6.373360706315996,6.361814498901367,6.361814498901367,31000,0.0,0.0
1993-11-15,6.36181345989397,6.36181345989397,6.315629959106445,6.315629959106445,31000,0.0,0.0
1993-11-16,6.2809882164001465,6.2809882164001465,6.2809882164001465,6.2809882164001465,1000,0.0,0.0
1993-11-17,6.257898779178531,6.257898779178531,6.188622883646291,6.200169086456299,163000,0.0,0.0
1993-11-18,6.200170594789446,6.217489242553711,6.200170594789446,6.217489242553711,8000,0.0,0.0
1993-11-19,6.223263921581649,6.223263921581649,6.142442226409912,6.142442226409912,74000,0.0,0.0
1993-11-22,6.107804482891398,6.142442226409912,6.107804482891398,6.142442226409912,16000,0.0,0.0
1993-11-23,6.177078914317289,6.211716651916504,6.177078914317289,6.211716651916504,17000,0.0,0.0
1993-11-24,6.2117184742659175,6.258074760437012,6.2117184742659175,6.258074760437012,21000,0.05,0.0
1993-11-26,6.304427829455921,6.316016674041748,6.304427829455921,6.316016674041748,5000,0.0,0.0
1993-11-29,6.489850944090202,6.559384884513907,6.489850944090202,6.53620719909668,105000,0.0,0.0
1993-11-30,6.513026271392061,6.513026271392061,6.466670036315918,6.466670036315918,45000,0.0,0.0
1993-12-01,6.489851775385423,6.50144061957847,6.4434955144411,6.455084800720215,27000,0.0,0.0
1993-12-02,6.489855012940732,6.501443862915039,6.489855012940732,6.501443862915039,14000,0.0,0.0
1993-12-03,6.495649437927886,6.501443862915039,6.489855012940732,6.501443862915039,14000,0.0,0.0
1993-12-06,6.489855012940732,6.524622004949943,6.489855012940732,6.501443862915039,23000,0.0,0.0
1993-12-07,6.524617914302055,6.570974169308532,6.501439786798816,6.53620719909668,26000,0.0,0.0
1993-12-08,6.536210134774722,6.5420045587315405,6.489853858947754,6.489853858947754,21000,0.0,0.0
1993-12-09,6.5362122108562195,6.547801062450796,6.524622917175293,6.524622917175293,8000,0.0,0.0
1993-12-10,6.501439725675143,6.559384822845459,6.501439725675143,6.559384822845459,23000,0.0,0.0
1993-12-13,6.53620719909668,6.53620719909668,6.53620719909668,6.53620719909668,8000,0.0,0.0
1993-12-14,6.513029202186735,6.518823623657227,6.513029202186735,6.518823623657227,6000,0.0,0.0
1993-12-15,6.518827929655503,6.628923778662503,6.518827929655503,6.57097864151001,222000,0.0,0.0
1993-12-16,6.582566223067643,6.617333210239227,6.582566223067643,6.605744361877441,19000,0.0,0.0
1993-12-17,6.605744361877441,6.6521006394970374,6.559388084257846,6.605744361877441,33000,0.0,0.0
1993-12-20,6.605745635384243,6.640512629258477,6.536211647635776,6.57097864151001,52000,0.0,0.0
1993-12-21,6.582562950130788,6.594152234816455,6.559384822845459,6.559384822845459,12000,0.0,0.0
1993-12-22,6.536209005051447,6.582564830780029,6.524619717054701,6.582564830780029,5000,0.0,0.0
1993-12-23,6.605744361877441,6.605744361877441,6.605744361877441,6.605744361877441,1000,0.0,0.0
1993-12-27,6.582562075365953,6.582562075365953,6.489850020631267,6.513028144836426,21000,0.0,0.0
1993-12-28,6.5362062690415845,6.582562075365953,6.513028144836426,6.513028144836426,20000,0.0,0.0
1993-12-29,6.513029071593441,6.53620719909668,6.489850944090202,6.53620719909668,13000,0.0,0.0
1993-12-30,6.559384822845459,6.559384822845459,6.559384822845459,6.559384822845459,1000,0.0,0.0
1993-12-31,6.5825680593208755,6.594157353001802,6.524622917175293,6.524622917175293,34000,0.0,0.0
1994-01-03,6.489855012940732,6.524622004949943,6.478266162966425,6.501443862915039,14000,0.0,0.0
1994-01-04,6.559383951160794,6.559383951160794,6.489850020631267,6.513028144836426,17000,0.0,0.0
1994-01-05,6.5014415831473436,6.582564830780029,6.5014415831473436,6.582564830780029,15000,0.0,0.0
1994-01-06,6.570977374705858,6.628922500687239,6.570977374705858,6.605744361877441,119000,0.0,0.0
1994-01-07,6.570974169308532,6.570974169308532,6.53620719909668,6.53620719909668,12000,0.0,0.0
1994-01-10,6.53620719909668,6.53620719909668,6.524617914302055,6.53620719909668,109000,0.0,0.0
1994-01-11,6.5130343359140115,6.5130343359140115,6.455089191363329,6.460883617401123,61000,0.0,0.0
1994-01-12,6.460879283075581,6.460879283075581,6.40872859954834,6.40872859954834,56000,0.0,0.0
1994-01-13,6.397143320931043,6.420321464538574,6.385554028084118,6.420321464538574,28000,0.0,0.0
1994-01-14,6.455088458906712,6.455088458906712,6.420321464538574,6.420321464538574,16000,0.0,0.0
1994-01-17,6.4434955144411,6.455084800720215,6.362372720917636,6.455084800720215,28000,0.0,0.0
1994-01-18,6.466670036315918,6.489848153853989,6.466670036315918,6.466670036315918,6000,0.0,0.0
1994-01-19,6.443497583120786,6.489853858947754,6.4261143112503305,6.489853858947754,27000,0.0,0.0
1994-01-20,6.495645365444509,6.559384884513907,6.495645365444509,6.53620719909668,28000,0.0,0.0
1994-01-21,6.582564593494019,6.6289208596377,6.582564593494019,6.594153881072998,123000,0.0,0.0
1994-01-24,6.559384822845459,6.559384822845459,6.559384822845459,6.559384822845459,4000,0.0,0.0
1994-01-25,6.547796041805293,6.547796041805293,6.53620719909668,6.53620719909668,12000,0.0,0.0
1994-01-26,6.5593866968726715,6.599948541732081,6.547797850962059,6.582564830780029,32000,0.0,0.0
1994-01-27,6.5593866968726715,6.582564830780029,6.5593866968726715,6.582564830780029,10000,0.0,0.0
1994-01-28,6.59415685578443,6.652101993560791,6.5767731376169944,6.652101993560791,15000,0.0,0.0
1994-01-31,6.675279695002281,6.675279695002281,6.652101993560791,6.652101993560791,9000,0.0,0.0
1994-02-01,6.663690844281536,6.663690844281536,6.652101993560791,6.652101993560791,2000,0.0,0.0
1994-02-02,6.652098992709541,6.652098992709541,6.582564593494019,6.594153881072998,74000,0.0,0.0
1994-02-03,6.628925323486328,6.628925323486328,6.582569026126803,6.628925323486328,19000,0.0,0.0
1994-02-04,6.6289208596377,6.6289208596377,6.594153881072998,6.594153881072998,11000,0.0,0.0
1994-02-07,6.617329040630716,6.617329040630716,6.513028144836426,6.513028144836426,14000,0.0,0.0
1994-02-08,6.524620844774875,6.524620844774875,6.489853858947754,6.489853858947754,5000,0.0,0.0
1994-02-09,6.478265011034117,6.489853858947754,6.46667572103427,6.489853858947754,5000,0.0,0.0
1994-02-10,6.455086671465381,6.48985365620639,6.455086671465381,6.478264808654785,11000,0.0,0.0
1994-02-11,6.489851835914485,6.489851835914485,6.40872859954834,6.40872859954834,19000,0.0,0.0
1994-02-14,6.431903081051721,6.489848153853989,6.397136125787525,6.466670036315918,33000,0.0,0.0
1994-02-15,6.489852013069318,6.489852013069318,6.443495750427246,6.443495750427246,60000,0.0,0.0
1994-02-16,6.466675461870182,6.466675461870182,6.373963356018066,6.373963356018066,26000,0.0,0.0
1994-02-17,6.350781040949157,6.350781040949157,6.258068996090917,6.304425239562988,480000,0.0,0.0
1994-02-18,6.281252903522558,6.281252903522558,6.258074760437012,6.258074760437012,541000,0.0,0.0
1994-02-22,6.304427829455921,6.327605518627575,6.304427829455921,6.316016674041748,17000,0.0,0.0
1994-02-23,6.327646255493164,6.327646255493164,6.310198524483554,6.327646255493164,81000,0.05,0.0
1994-02-24,6.281122157936207,6.304385662078857,6.281122157936207,6.304385662078857,6000,0.0,0.0
1994-02-25,6.327646255493164,6.362541273798153,6.327646255493164,6.327646255493164,27000,0.0,0.0
1994-02-28,6.350912664478469,6.3683604047169045,6.3160176277160645,6.3160176277160645,15000,0.0,0.0
1994-03-01,6.304382762051761,6.327646255493164,6.281119268610357,6.327646255493164,57000,0.0,0.0
1994-03-02,6.292754380778591,6.310202121734619,6.2811228492842295,6.310202121734619,13000,0.0,0.0
1994-03-03,6.281121595190205,6.339280128479004,6.281121595190205,6.339280128479004,117000,0.0,0.0
1994-03-04,6.345095893065005,6.345095893065005,6.339280128479004,6.339280128479004,41000,0.0,0.0
1994-03-07,6.350911617279053,6.350911617279053,6.350911617279053,6.350911617279053,2000,0.0,0.0
1994-03-08,6.327652284887167,6.385810852050781,6.327652284887167,6.385810852050781,138000,0.0,0.0
1994-03-09,6.368358392912697,6.368358392912697,6.362542629241943,6.362542629241943,13000,0.0,0.0
1994-03-10,6.385808425138715,6.397439956665039,6.385808425138715,6.397439956665039,9000,0.0,0.0
1994-03-11,6.409070014953613,6.409070014953613,6.409070014953613,6.409070014953613,1000,0.0,0.0
1994-03-14,6.397439956665039,6.409071488191364,6.397439956665039,6.397439956665039,18000,0.0,0.0
1994-03-15,6.409071488191364,6.420703463432173,6.397439956665039,6.397439956665039,8000,0.0,0.0
1994-03-16,6.4207024574279785,6.4207024574279785,6.4207024574279785,6.4207024574279785,28000,0.0,0.0
1994-03-17,6.420697563078209,6.502119540082524,6.420697563078209,6.490487575531006,57000,0.0,0.0
1994-03-18,6.467228412628174,6.467228412628174,6.467228412628174,6.467228412628174,1000,0.0,0.0
1994-03-21,6.4672288819324955,6.478860855102539,6.4672288819324955,6.478860855102539,11000,0.0,0.0
1994-03-22,6.513755414503232,6.560282416378291,6.467228412628174,6.467228412628174,78000,0.0,0.0
1994-03-23,6.502121849968417,6.537016868591309,6.502121849968417,6.537016868591309,36000,0.0,0.0
1994-03-24,6.548655096137968,6.571918613601619,6.525391578674316,6.525391578674316,98000,0.0,0.0
1994-03-25,6.513757705688477,6.513757705688477,6.513757705688477,6.513757705688477,2000,0.0,0.0
1994-03-28,6.513757705688477,6.513757705688477,6.513757705688477,6.513757705688477,0,0.0,0.0
1994-03-29,6.5195698738098145,6.5195698738098145,6.5195698738098145,6.5195698738098145,2000,0.0,0.0
1994-03-30,6.513757705688477,6.513757705688477,6.513757705688477,6.513757705688477,1000,0.0,0.0
1994-03-31,6.5370193898095375,6.5370193898095375,6.478860855102539,6.478860855102539,21000,0.0,0.0
1994-04-04,6.467229019957917,6.467229019957917,6.397438954305802,6.4207024574279785,10000,0.0,0.0
1994-04-05,6.443969249725342,6.443969249725342,6.443969249725342,6.443969249725342,1000,0.0,0.0
1994-04-06,6.4207024574279785,6.4207024574279785,6.4207024574279785,6.4207024574279785,13000,0.0,0.0
1994-04-07,6.443965172701817,6.560282230377197,6.443965172701817,6.560282230377197,23000,0.0,0.0
1994-04-08,6.513757271979719,6.513757271979719,6.496309530372543,6.5021257400512695,11000,0.0,0.0
1994-04-11,6.467228412628174,6.467228412628174,6.432333383079067,6.467228412628174,15000,0.0,0.0
1994-04-12,6.467230363296678,6.467230363296678,6.455598831176758,6.455598831176758,6000,0.0,0.0
1994-04-13,6.4323372703697705,6.443969249725342,6.420705734728841,6.443969249725342,27000,0.0,0.0
1994-04-14,6.420703791102487,6.455598831176758,6.397440283148138,6.455598831176758,18000,0.0,0.0
1994-04-15,6.455596884016596,6.467228412628174,6.455596884016596,6.467228412628174,16000,0.0,0.0
1994-04-18,6.455598831176758,6.461414597236718,6.455598831176758,6.455598831176758,16000,0.0,0.0
1994-04-19,6.490487575531006,6.490487575531006,6.490487575531006,6.490487575531006,23000,0.0,0.0
1994-04-20,6.4672323210072,6.4672323210072,6.443969249725342,6.443969249725342,13000,0.0,0.0
1994-04-21,6.409070484009682,6.4207024574279785,6.409070484009682,6.4207024574279785,15000,0.0,0.0
1994-04-22,6.397438486101001,6.4323335163732205,6.397438486101001,6.409070014953613,92000,0.0,0.0
1994-04-25,6.409070014953613,6.409070014953613,6.3625434558287814,6.409070014953613,23000,0.0,0.0
1994-04-26,6.409071488191364,6.409071488191364,6.397439956665039,6.397439956665039,37000,0.0,0.0
1994-04-28,6.432333849851177,6.513755887183857,6.432333849851177,6.478860855102539,22000,0.0,0.0
1994-04-29,6.46723242831571,6.48468017578125,6.46723242831571,6.48468017578125,49000,0.0,0.0
1994-05-02,6.467228412628174,6.467228412628174,6.467228412628174,6.467228412628174,12000,0.0,0.0
1994-05-03,6.467228412628174,6.490491913565703,6.467228412628174,6.467228412628174,20000,0.0,0.0
1994-05-04,6.496307283462073,6.502123491129118,6.432332992553711,6.432332992553711,28000,0.0,0.0
1994-05-05,6.432335323222408,6.455598831176758,6.432335323222408,6.455598831176758,102000,0.0,0.0
1994-05-06,6.443965823021221,6.478860855102539,6.443965823021221,6.478860855102539,13000,0.0,0.0
1994-05-09,6.490487575531006,6.490487575531006,6.490487575531006,6.490487575531006,6000,0.0,0.0
1994-05-10,6.467228412628174,6.467228412628174,6.467228412628174,6.467228412628174,9000,0.0,0.0
1994-05-11,6.50212435772822,6.50212435772822,6.478860855102539,6.478860855102539,12000,0.0,0.0
1994-05-12,6.5021257400512695,6.513757271979719,6.5021257400512695,6.5021257400512695,176000,0.0,0.0
1994-05-13,6.467233006872532,6.525391578674316,6.467233006872532,6.525391578674316,275000,0.0,0.0
1994-05-16,6.548652025234081,6.606810569763184,6.548652025234081,6.606810569763184,525000,0.0,0.0
1994-05-17,6.60681064675891,6.769654750823975,6.58354713993326,6.769654750823975,20000,0.0,0.0
1994-05-18,6.769654750823975,6.769654750823975,6.769654750823975,6.769654750823975,7000,0.0,0.0
1994-05-19,6.758023783351182,6.769655760355881,6.746392250061035,6.746392250061035,20000,0.0,0.0
1994-05-20,6.72312931795134,6.769656342542327,6.711497783660889,6.711497783660889,25000,0.0,0.0
1994-05-23,6.717310905456543,6.717310905456543,6.717310905456543,6.717310905456543,2000,0.0,0.0
1994-05-24,6.699863433837891,6.699863433837891,6.699863433837891,6.699863433837891,4000,0.0,0.0
1994-05-25,6.699866771697998,6.699866771697998,6.699866771697998,6.699866771697998,0,0.05,0.0
1994-05-26,6.74655280590935,7.236786842346191,6.74655280590935,7.236786842346191,71000,0.0,0.0
1994-05-27,7.201770438139907,7.201770438139907,7.143409252166748,7.143409252166748,16000,0.0,0.0
1994-05-31,7.143407666941919,7.143407666941919,6.979996204376221,6.979996204376221,25000,0.0,0.0
1994-06-01,6.968324147875991,6.979996204376221,6.968324147875991,6.979996204376221,6000,0.0,0.0
1994-06-02,6.985832747295104,7.009177307275846,6.968324661254883,6.968324661254883,19000,0.0,0.0
1994-06-03,6.956650657568874,7.003339767456055,6.944978602727255,7.003339767456055,20000,0.0,0.0
1994-06-06,7.003342323345805,7.003342323345805,6.933309078216553,6.933309078216553,9000,0.0,0.0
1994-06-07,6.944981575012207,6.944981575012207,6.944981575012207,6.944981575012207,1000,0.0,0.0
1994-06-08,6.933309078216553,6.933309078216553,6.933309078216553,6.933309078216553,1000,0.0,0.0
1994-06-09,6.933306039703237,7.0617004145916855,6.933306039703237,7.026683807373047,26000,0.0,0.0
1994-06-10,7.050030651582148,7.067538738250732,7.050030651582148,7.067538738250732,4000,0.0,0.0
1994-06-13,7.055867175809412,7.061703205108643,7.055867175809412,7.061703205108643,8000,0.0,0.0
1994-06-14,7.143407189220355,7.2251129150390625,7.143407189220355,7.2251129150390625,24000,0.0,0.0
1994-06-15,7.20176887512207,7.20176887512207,7.20176887512207,7.20176887512207,7000,0.0,0.0
1994-06-16,7.190095857359342,7.2251129150390625,7.190095857359342,7.2251129150390625,18000,0.0,0.0
1994-06-17,7.2251129150390625,7.2251129150390625,7.2251129150390625,7.2251129150390625,0,0.0,0.0
1994-06-20,7.19010066986084,7.19010066986084,7.19010066986084,7.19010066986084,6000,0.0,0.0
1994-06-21,7.20177144998101,7.20177144998101,7.120065689086914,7.120065689086914,64000,0.0,0.0
1994-06-22,7.096722397490361,7.225117314896702,7.096722397490361,7.1784281730651855,106000,0.0,0.0
1994-06-23,7.213441848754883,7.213441848754883,7.213441848754883,7.213441848754883,3000,0.0,0.0
1994-06-24,7.213441848754883,7.213441848754883,7.213441848754883,7.213441848754883,4000,0.0,0.0
1994-06-27,7.190097933788968,7.190097933788968,7.143409252166748,7.143409252166748,8000,0.0,0.0
1994-06-28,7.1784270270807315,7.260132789611816,7.1784270270807315,7.260132789611816,63000,0.0,0.0
1994-06-29,7.236786842346191,7.260131405083279,7.2134422796091044,7.236786842346191,18000,0.0,0.0
1994-06-30,7.225115558988343,7.306820869445801,7.225115558988343,7.306820869445801,136000,0.0,0.0
1994-07-01,7.283475967820367,7.283475967820367,7.236786842346191,7.236786842346191,16000,0.0,0.0
1994-07-05,7.236786410097615,7.236786410097615,7.213441848754883,7.213441848754883,5000,0.0,0.0
1994-07-06,7.20177022087081,7.236786842346191,7.20177022087081,7.236786842346191,25000,0.0,0.0
1994-07-07,7.283476749463983,7.306820869445801,7.283476749463983,7.306820869445801,35000,0.0,0.0
1994-07-08,7.295144591236246,7.3301611962221225,7.283472537994385,7.283472537994385,25000,0.0,0.0
1994-07-11,7.283472537994385,7.283472537994385,7.283472537994385,7.283472537994385,2000,0.0,0.0
1994-07-12,7.306820909542265,7.330165474912734,7.295148849487305,7.295148849487305,34000,0.0,0.0
1994-07-13,7.283472537994385,7.283472537994385,7.283472537994385,7.283472537994385,965000,0.0,0.0
1994-07-14,7.2834773568007805,7.3301660459181255,7.260132789611816,7.260132789611816,49000,0.0,0.0
1994-07-15,7.283475791937346,7.318492412567139,7.283475791937346,7.318492412567139,7000,0.0,0.0
1994-07-18,7.306820869445801,7.306820869445801,7.306820869445801,7.306820869445801,1000,0.0,0.0
1994-07-19,7.3535070029571745,7.376851558685303,7.330162447229047,7.376851558685303,66000,0.0,0.0
1994-07-20,7.388522448510545,7.505245208740234,7.388522448510545,7.505245208740234,51000,0.0,0.0
1994-07-21,7.516920324200082,7.656986803012121,7.516920324200082,7.610297679901123,164000,0.0,0.0
1994-07-22,7.656985225015799,7.692002282762766,7.656985225015799,7.686165809631348,84000,0.0,0.0
1994-07-25,7.703674338504831,7.703674338504831,7.6803302270207,7.686165809631348,6000,0.0,0.0
1994-07-26,7.680331809828096,7.680331809828096,7.610297679901123,7.610297679901123,16000,0.0,0.0
1994-07-27,7.633645204720726,7.656989328715947,7.575284004211426,7.575284004211426,22000,0.0,0.0
1994-07-28,7.563616752624512,7.563616752624512,7.540271723260757,7.563616752624512,23000,0.0,0.0
1994-07-29,7.586960891466452,7.586960891466452,7.493582555055062,7.563616752624512,43000,0.0,0.0
1994-08-01,7.516917779331891,7.516917779331891,7.470228672027588,7.470228672027588,4000,0.0,0.0
1994-08-02,7.388528347015381,7.388528347015381,7.388528347015381,7.388528347015381,55000,0.0,0.0
1994-08-03,7.376853421166009,7.400197982788086,7.365180917724732,7.400197982788086,16000,0.0,0.0
1994-08-04,7.400197982788086,7.400197982788086,7.376853421166009,7.400197982788086,5000,0.0,0.0
1994-08-05,7.365180015563965,7.365180015563965,7.365180015563965,7.365180015563965,39000,0.0,0.0
1994-08-08,7.365180015563965,7.365180015563965,7.365180015563965,7.365180015563965,0,0.0,0.0
1994-08-09,7.376851558685303,7.376851558685303,7.376851558685303,7.376851558685303,20000,0.0,0.0
1994-08-10,7.35351037979126,7.38852700683339,7.330165813342983,7.35351037979126,25000,0.0,0.0
1994-08-11,7.35351037979126,7.35351037979126,7.35351037979126,7.35351037979126,0,0.0,0.0
1994-08-12,7.376851558685303,7.376851558685303,7.3535070029571745,7.376851558685303,6000,0.0,0.0
1994-08-15,7.376851558685303,7.376851558685303,7.376851558685303,7.376851558685303,1000,0.0,0.0
1994-08-16,7.35351037979126,7.35351037979126,7.35351037979126,7.35351037979126,1000,0.0,0.0
1994-08-17,7.35351037979126,7.35351037979126,7.35351037979126,7.35351037979126,0,0.0,0.0
1994-08-18,7.3301660459181255,7.3301660459181255,7.2367882224228515,7.260132789611816,26000,0.0,0.0
1994-08-19,7.236787618979252,7.306820869445801,7.236787618979252,7.306820869445801,14000,0.0,0.0
1994-08-22,7.306817969200631,7.341835025795373,7.306817969200631,7.330162525177002,7000,0.0,0.0
1994-08-23,7.35351037979126,7.35351037979126,7.35351037979126,7.35351037979126,1000,0.0,0.0
1994-08-24,7.446887485195692,7.458559989929199,7.446887485195692,7.458559989929199,12000,0.0,0.0
1994-08-25,7.423540115356445,7.423540115356445,7.417704087825608,7.423540115356445,8000,0.0,0.0
1994-08-26,7.451659003901304,7.451659003901304,7.428226470947266,7.428226470947266,4000,0.06,0.0
1994-08-29,7.428226470947266,7.428226470947266,7.428226470947266,7.428226470947266,0,0.0,0.0
1994-08-30,7.451658294034983,7.451658294034983,7.404792785644531,7.404792785644531,5000,0.0,0.0
1994-08-31,7.381362438201904,7.381362438201904,7.352071317415389,7.381362438201904,30000,0.0,0.0
1994-09-01,7.404798426853166,7.451663970947266,7.404798426853166,7.451663970947266,3000,0.0,0.0
1994-09-02,7.4282266482359205,7.498525142669678,7.4282266482359205,7.498525142669678,111000,0.0,0.0
1994-09-06,7.451661997016773,7.469236850738525,7.451661997016773,7.469236850738525,4000,0.0,0.0
1994-09-07,7.469236850738525,7.469236850738525,7.469236850738525,7.469236850738525,0,0.0,0.0
1994-09-08,7.451660949534894,7.45751953125,7.451660949534894,7.45751953125,13000,0.0,0.0
1994-09-09,7.45751953125,7.45751953125,7.45751953125,7.45751953125,0,0.0,0.0
1994-09-12,7.451663970947266,7.451663970947266,7.451663970947266,7.451663970947266,5000,0.0,0.0
1994-09-13,7.451663970947266,7.475096966467922,7.451663970947266,7.451663970947266,45000,0.0,0.0
1994-09-14,7.428230162239461,7.428230162239461,7.416513442993164,7.416513442993164,14000,0.0,0.0
1994-09-15,7.404796276031435,7.475094795227051,7.404796276031435,7.475094795227051,10000,0.0,0.0
1994-09-16,7.486808875913027,7.498525142669678,7.486808875913027,7.498525142669678,6000,0.0,0.0
1994-09-19,7.498525142669678,7.498525142669678,7.498525142669678,7.498525142669678,0,0.0,0.0
1994-09-20,7.49852996198858,7.533679678743173,7.451663970947266,7.451663970947266,18000,0.0,0.0
1994-09-21,7.428228410239142,7.428228410239142,7.381362438201904,7.381362438201904,22000,0.0,0.0
1994-09-22,7.357931736802129,7.357931736802129,7.264200210571289,7.264200210571289,70000,0.0,0.0
1994-09-23,7.217331496917969,7.217331496917969,7.123600006103516,7.123600006103516,11000,0.0,0.0
1994-09-26,7.088452503597823,7.088452503597823,6.983004271046449,7.053303241729736,39000,0.0,0.0
1994-09-27,7.076734334281916,7.076734334281916,6.90098762512207,6.90098762512207,68000,0.0,0.0
1994-09-28,6.865839004516602,6.889271992142517,6.842406463837749,6.865839004516602,221000,0.0,0.0
1994-09-29,6.90098956765738,7.065019607543945,6.90098956765738,7.065019607543945,159000,0.0,0.0
1994-09-30,7.088450053210622,7.123599302928059,7.088450053210622,7.100166320800781,65000,0.0,0.0
1994-10-03,7.123600924946058,7.170466899871826,7.123600924946058,7.170466899871826,68000,0.0,0.0
1994-10-04,7.170465267182616,7.170465267182616,7.076733785620462,7.100166320800781,61000,0.0,0.0
1994-10-05,7.05330302276446,7.05330302276446,7.02987003326416,7.02987003326416,4000,0.0,0.0
1994-10-06,7.02987003326416,7.02987003326416,7.02987003326416,7.02987003326416,12000,0.0,0.0
1994-10-07,7.07673454284668,7.07673454284668,7.07673454284668,7.07673454284668,8000,0.0,0.0
1994-10-10,7.029870291998494,7.029870291998494,7.006437301635742,7.006437301635742,49000,0.0,0.0
1994-10-11,7.006434291087896,7.0650165183494105,6.97128504412037,7.04158353805542,55000,0.0,0.0
1994-10-12,7.065021230811116,7.07673795224678,7.0591630935668945,7.0591630935668945,10000,0.0,0.0
1994-10-13,7.070879936218262,7.070879936218262,7.070879936218262,7.070879936218262,10000,0.0,0.0
1994-10-14,7.07673454284668,7.07673454284668,7.018152304733535,7.07673454284668,33000,0.0,0.0
1994-10-17,7.07673454284668,7.07673454284668,7.07673454284668,7.07673454284668,10000,0.0,0.0
1994-10-18,7.07673454284668,7.07673454284668,7.07673454284668,7.07673454284668,1000,0.0,0.0
1994-10-19,7.07673454284668,7.07673454284668,7.07673454284668,7.07673454284668,0,0.0,0.0
1994-10-20,7.123601765465911,7.123601765465911,7.053303241729736,7.053303241729736,24000,0.0,0.0
1994-10-21,7.053303241729736,7.053303241729736,7.053303241729736,7.053303241729736,1000,0.0,0.0
1994-10-24,7.053303241729736,7.053303241729736,7.053303241729736,7.053303241729736,0,0.0,0.0
1994-10-25,7.05330155821202,7.07673454284668,7.05330155821202,7.07673454284668,13000,0.0,0.0
1994-10-26,7.053303241729736,7.053303241729736,7.053303241729736,7.053303241729736,2000,0.0,0.0
1994-10-27,7.029870251501974,7.053303241729736,7.029870251501974,7.053303241729736,4000,0.0,0.0
1994-10-28,7.065019607543945,7.065019607543945,7.065019607543945,7.065019607543945,3000,0.0,0.0
1994-10-31,7.018151004708353,7.04158353805542,7.018151004708353,7.04158353805542,6000,0.0,0.0
1994-11-01,7.006438518112893,7.006438518112893,6.983005523681641,6.983005523681641,5000,0.0,0.0
1994-11-02,6.983006562989614,6.983006562989614,6.936141014099121,6.936141014099121,4000,0.0,0.0
1994-11-03,6.889272801030372,6.889272801030372,6.795541286468506,6.795541286468506,14000,0.0,0.0
1994-11-04,6.795540847262829,6.795540847262829,6.713525609716791,6.7486748695373535,18000,0.0,0.0
1994-11-07,6.772102120652849,6.842401027679443,6.772102120652849,6.842401027679443,8000,0.0,0.0
1994-11-08,6.865836856270873,7.04158353805542,6.865836856270873,7.04158353805542,83000,0.0,0.0
1994-11-09,7.04158353805542,7.04158353805542,7.04158353805542,7.04158353805542,0,0.0,0.0
1994-11-10,7.006438518112893,7.006438518112893,6.983005523681641,6.983005523681641,3000,0.0,0.0
1994-11-11,7.006436544356394,7.006436544356394,6.924421310424805,6.924421310424805,205000,0.0,0.0
1994-11-14,6.9302780365799945,6.9302780365799945,6.877553939819336,6.877553939819336,3000,0.0,0.0
1994-11-15,6.900991740694436,6.959574012017997,6.900991740694436,6.936141014099121,14000,0.0,0.0
1994-11-16,6.983003485750464,7.018153190612793,6.983003485750464,7.018153190612793,6000,0.0,0.0
1994-11-17,6.983004311272991,7.006437301635742,6.983004311272991,7.006437301635742,4000,0.0,0.0
1994-11-18,6.983005523681641,6.983005523681641,6.983005523681641,6.983005523681641,2000,0.0,0.0
1994-11-21,6.947857289584929,6.947857289584929,6.936141014099121,6.936141014099121,32000,0.0,0.0
1994-11-22,6.9244212501078595,6.9244212501078595,6.865839004516602,6.865839004516602,35000,0.0,0.0
1994-11-23,6.8424066319704355,6.8424066319704355,6.7252421379089355,6.7252421379089355,54000,0.0,0.0
1994-11-25,6.741717385628758,6.765248775482178,6.741717385628758,6.765248775482178,3000,0.06,0.0
1994-11-28,6.777012928296433,6.824075698852539,6.777012928296433,6.824075698852539,35000,0.0,0.0
1994-11-29,6.824075647031734,6.824075647031734,6.800544261932373,6.800544261932373,34000,0.0,0.0
1994-11-30,6.847602844238281,6.871134214946203,6.847602844238281,6.847602844238281,5000,0.0,0.0
1994-12-01,6.882899780121105,6.9417279833700025,6.882899780121105,6.894665241241455,18000,0.0,0.0
1994-12-02,6.871134214946203,6.894665136830558,6.835836934472538,6.847602844238281,16000,0.0,0.0
1994-12-05,6.847602844238281,6.847602844238281,6.847602844238281,6.847602844238281,0,0.0,0.0
1994-12-06,6.824074394682534,6.8829026222229,6.824074394682534,6.8829026222229,9000,0.0,0.0
1994-12-07,6.8593683051804595,6.8593683051804595,6.847602844238281,6.847602844238281,2000,0.0,0.0
1994-12-08,6.824075647031734,6.824075647031734,6.741716023595893,6.800544261932373,125000,0.0,0.0
1994-12-09,6.800544986399656,6.800544986399656,6.635826170804193,6.671123027801514,92000,0.0,0.0
1994-12-12,6.6828850752702955,6.6828850752702955,6.635822772979736,6.635822772979736,9000,0.0,0.0
1994-12-13,6.624056860789353,6.635822772979736,6.612291397422628,6.635822772979736,15000,0.0,0.0
1994-12-14,6.659355021510497,6.659355021510497,6.588761329650879,6.588761329650879,24000,0.0,0.0
1994-12-15,6.588761329650879,6.588761329650879,6.55346448372107,6.588761329650879,48000,0.0,0.0
1994-12-16,6.612291212013814,6.635822586911103,6.565228462219238,6.565228462219238,14000,0.0,0.0
1994-12-19,6.54170029016887,6.54170029016887,6.494637966156006,6.494637966156006,129000,0.0,0.0
1994-12-20,6.494633918807661,6.494633918807661,6.400508880615234,6.400508880615234,41000,0.0,0.0
1994-12-21,6.424039803545652,6.447571175299655,6.400508880615234,6.400508880615234,108000,0.0,0.0
1994-12-22,6.365213871002197,6.365213871002197,6.365213871002197,6.365213871002197,6000,0.0,0.0
1994-12-23,6.400508880615234,6.424039803545652,6.400508880615234,6.400508880615234,6000,0.0,0.0
1994-12-27,6.3769802496655625,6.3769802496655625,6.353448867797852,6.353448867797852,6000,0.0,0.0
1994-12-28,6.3299174859301415,6.353448867797852,6.3299174859301415,6.353448867797852,11000,0.0,0.0
1994-12-29,6.376978874206543,6.447572555759452,6.376978874206543,6.376978874206543,55000,0.0,0.0
1994-12-30,6.400508880615234,6.447571175299655,6.400508880615234,6.400508880615234,17000,0.0,0.0
1995-01-03,6.424042810027921,6.471105575561523,6.400511876084916,6.471105575561523,67000,0.0,0.0
1995-01-04,6.4475737037799465,6.459339618682861,6.424042322797878,6.459339618682861,12000,0.0,0.0
1995-01-05,6.447575612884051,6.47110700083368,6.447575612884051,6.465224266052246,17000,0.0,0.0
1995-01-06,6.465218962635114,6.465218962635114,6.447570323944092,6.447570323944092,10000,0.0,0.0
1995-01-09,6.4475741254484635,6.465222774545169,6.4358086585998535,6.4358086585998535,33000,0.0,0.0
1995-01-10,6.4358058645493,6.659352779388428,6.4358058645493,6.659352779388428,38000,0.0,0.0
1995-01-11,6.624056860789353,6.647588236346461,6.624056860789353,6.635822772979736,14000,0.0,0.0
1995-01-12,6.600525823875776,6.600525823875776,6.576994895935059,6.576994895935059,12000,0.0,0.0
1995-01-13,6.541697424930294,6.541697424930294,6.476986477240839,6.5064005851745605,21000,0.0,0.0
1995-01-16,6.494636271672912,6.600526809692383,6.494636271672912,6.600526809692383,47000,0.0,0.0
1995-01-17,6.635824090106455,6.635824090106455,6.588761329650879,6.588761329650879,12000,0.0,0.0
1995-01-18,6.612295414670845,6.765248775482178,6.612295414670845,6.765248775482178,46000,0.0,0.0
1995-01-19,6.741712177215886,6.80054038198884,6.741712177215886,6.777009010314941,59000,0.0,0.0
1995-01-20,6.777009010314941,6.777009010314941,6.777009010314941,6.777009010314941,63000,0.0,0.0
1995-01-23,6.800540205807932,6.894665241241455,6.800540205807932,6.894665241241455,124000,0.0,0.0
1995-01-24,6.871131896972656,6.871131896972656,6.847600534203031,6.871131896972656,13000,0.0,0.0
1995-01-25,6.847607361209153,6.965263843536377,6.847607361209153,6.965263843536377,22000,0.0,0.0
1995-01-26,6.965260921953228,6.965260921953228,6.941729545593262,6.941729545593262,26000,0.0,0.0
1995-01-27,6.941729545593262,6.977026385721374,6.941729545593262,6.941729545593262,88000,0.0,0.0
1995-01-30,6.965260921953228,6.965260921953228,6.941729545593262,6.941729545593262,8000,0.0,0.0
1995-01-31,6.941728573998843,6.977025409186657,6.929963111877441,6.929963111877441,22000,0.0,0.0
1995-02-01,6.929964351574866,7.059386253356934,6.929964351574866,7.059386253356934,134000,0.0,0.0
1995-02-02,7.05939045360464,7.05939045360464,7.012327671051025,7.012327671051025,34000,0.0,0.0
1995-02-03,7.059386193513216,7.0711516576395965,7.024089352310387,7.035854816436768,65000,0.0,0.0
1995-02-06,7.012327671051025,7.012327671051025,7.012327671051025,7.012327671051025,11000,0.0,0.0
1995-02-07,7.047620789130814,7.09468309485898,7.047620789130814,7.059386253356934,74000,0.0,0.0
1995-02-08,7.059386253356934,7.059386253356934,7.059386253356934,7.059386253356934,0,0.0,0.0
1995-02-09,7.012324044690447,7.094683647155762,7.012324044690447,7.094683647155762,35000,0.0,0.0
1995-02-10,7.094687316107871,7.106453236158253,7.012327671051025,7.012327671051025,60000,0.0,0.0
1995-02-13,7.047618542982649,7.141743573264059,7.047618542982649,7.106446743011475,74000,0.0,0.0
1995-02-14,7.106450094887361,7.118215560913086,7.071152799162669,7.118215560913086,33000,0.0,0.0
1995-02-15,7.106450150655327,7.153512463951306,7.106450150655327,7.141746997833252,36000,0.0,0.0
1995-02-16,7.118215560913086,7.118215560913086,7.118215560913086,7.118215560913086,1000,0.0,0.0
1995-02-17,7.106450150655327,7.200575226071049,7.106450150655327,7.141746997833252,23000,0.0,0.0
1995-02-21,7.141743573264059,7.141743573264059,7.106446743011475,7.106446743011475,24000,0.0,0.0
1995-02-22,7.106448269686817,7.153510570526123,7.106448269686817,7.153510570526123,22000,0.0,0.0
1995-02-23,7.1770429571970915,7.412355841039619,7.1770429571970915,7.388824462890625,40000,0.0,0.0
1995-02-24,7.412350185632771,7.565303802490234,7.412350185632771,7.565303802490234,135000,0.0,0.0
1995-02-27,7.57707938665186,7.624142169952393,7.518251131938178,7.624142169952393,28000,0.0,0.0
1995-02-28,7.6524808414743815,7.817811489105225,7.6524808414743815,7.817811489105225,68000,0.06,0.0
1995-03-01,7.794189270977608,7.794189270977608,7.676095494144614,7.746951580047607,83000,0.0,0.0
1995-03-02,7.723339413595386,7.723339413595386,7.652483270550146,7.6761016845703125,6000,0.0,0.0
1995-03-03,7.628860164930407,7.628860164930407,7.5343852043151855,7.5343852043151855,17000,0.0,0.0
1995-03-06,7.534384582400199,7.534384582400199,7.487147331237793,7.487147331237793,34000,0.0,0.0
1995-03-07,7.487147793736187,7.493052394184716,7.416291236877441,7.416291236877441,37000,0.0,0.0
1995-03-08,7.392672384591193,7.416291236877441,7.369053982797081,7.416291236877441,28000,0.0,0.0
1995-03-09,7.392675112168439,7.392675112168439,7.321818979658983,7.369056701660156,8000,0.0,0.0
1995-03-10,7.369056701660156,7.369056701660156,7.369056701660156,7.369056701660156,5000,0.0,0.0
1995-03-13,7.4162895090390855,7.463527202606201,7.4162895090390855,7.463527202606201,52000,0.0,0.0
1995-03-14,7.4635281540152025,7.498956203460693,7.4635281540152025,7.498956203460693,150000,0.0,0.0
1995-03-15,7.487147331237793,7.487147331237793,7.487147331237793,7.487147331237793,23000,0.0,0.0
1995-03-16,7.487147331237793,7.487147331237793,7.487147331237793,7.487147331237793,0,0.0,0.0
1995-03-17,7.534387751141514,7.54619740676799,7.487150480112505,7.510768890380859,14000,0.0,0.0
1995-03-20,7.510769656675652,7.617054315696259,7.510769656675652,7.569816589355469,51000,0.0,0.0
1995-03-21,7.558009087010649,7.6288652420043945,7.558009087010649,7.6288652420043945,87000,0.0,0.0
1995-03-22,7.6761016845703125,7.6761016845703125,7.6761016845703125,7.6761016845703125,11000,0.0,0.0
1995-03-23,7.6761016845703125,7.687910891580395,7.6761016845703125,7.6761016845703125,155000,0.0,0.0
1995-03-24,7.699719429016113,7.699719429016113,7.699719429016113,7.699719429016113,49000,0.0,0.0
1995-03-27,7.699717837515477,7.794193267822266,7.699717837515477,7.794193267822266,49000,0.0,0.0
1995-03-28,7.794193413119951,7.817811820644699,7.770575005595203,7.806002616882324,18000,0.0,0.0
1995-03-29,7.806002285843658,7.817811489105225,7.806002285843658,7.817811489105225,36000,0.0,0.0
1995-03-30,7.817811042809442,7.888668060302734,7.817811042809442,7.888668060302734,60000,0.0,0.0
1995-03-31,7.888665846586297,8.077615737915039,7.888665846586297,8.077615737915039,203000,0.0,0.0
1995-04-03,8.018569787500862,8.018569787500862,7.900475978851318,7.900475978851318,48000,0.0,0.0
1995-04-04,7.900477262890148,7.900477262890148,7.888668060302734,7.888668060302734,17000,0.0,0.0
1995-04-05,7.924098491668701,7.924098491668701,7.924098491668701,7.924098491668701,14000,0.0,0.0
1995-04-06,7.924098491668701,7.924098491668701,7.924098491668701,7.924098491668701,0,0.0,0.0
1995-04-07,7.888666450718431,7.912284851074219,7.888666450718431,7.912284851074219,3000,0.0,0.0
1995-04-10,7.8650493900601175,7.8650493900601175,7.794193267822266,7.794193267822266,22000,0.0,0.0
1995-04-11,7.794193267822266,7.794193267822266,7.794193267822266,7.794193267822266,0,0.0,0.0
1995-04-12,7.770575243550937,7.770575243550937,7.605243682861328,7.605243682861328,33000,0.0,0.0
1995-04-13,7.652486324310303,7.652486324310303,7.652486324310303,7.652486324310303,8000,0.0,0.0
1995-04-17,7.652482468355855,7.723338603973389,7.652482468355855,7.723338603973389,19000,0.0,0.0
1995-04-18,7.699723171200717,7.699723171200717,7.617057788157391,7.652486324310303,18000,0.0,0.0
1995-04-19,7.6997193837878015,7.6997193837878015,7.693815231323242,7.693815231323242,16000,0.0,0.0
1995-04-20,7.605243682861328,7.652481400341862,7.605243682861328,7.605243682861328,76000,0.0,0.0
1995-04-21,7.605244341113384,7.605244341113384,7.546197414398193,7.546197414398193,95000,0.0,0.0
1995-04-24,7.510766351538344,7.54619485594968,7.510766351538344,7.5343852043151855,357000,0.0,0.0
1995-04-25,7.558004379272461,7.558004379272461,7.558004379272461,7.558004379272461,113000,0.0,0.0
1995-04-26,7.5580040570920275,7.5580040570920275,7.5343852043151855,7.5343852043151855,3000,0.0,0.0
1995-04-27,7.5580040570920275,7.5580040570920275,7.5343852043151855,7.5343852043151855,3000,0.0,0.0
1995-04-28,7.534384396881816,7.5816216468811035,7.534384396881816,7.5816216468811035,103000,0.0,0.0
1995-05-01,7.581622782563954,7.581622782563954,7.558004379272461,7.558004379272461,54000,0.0,0.0
1995-05-02,7.5816216468811035,7.5816216468811035,7.5816216468811035,7.5816216468811035,71000,0.0,0.0
1995-05-03,7.605248576434787,7.652486324310303,7.605248576434787,7.652486324310303,11000,0.0,0.0
1995-05-04,7.6760983640382365,7.735145274530838,7.6760983640382365,7.711526870727539,21000,0.0,0.0
1995-05-05,7.699723171200717,7.699723171200717,7.652486324310303,7.652486324310303,8000,0.0,0.0
1995-05-08,7.6761016845703125,7.699720098590478,7.652483270550146,7.6761016845703125,5000,0.0,0.0
1995-05-09,7.652483270550146,7.6761016845703125,7.628863955545238,7.6761016845703125,10000,0.0,0.0
1995-05-10,7.6761047477555095,7.6761047477555095,7.652486324310303,7.652486324310303,6000,0.0,0.0
1995-05-11,7.65838871500053,7.7233407159859855,7.6288652420043945,7.6288652420043945,30000,0.0,0.0
1995-05-12,7.6642889976501465,7.6642889976501465,7.6642889976501465,7.6642889976501465,2000,0.0,0.0
1995-05-15,7.664292477560229,7.699720098590478,7.664292477560229,7.6761016845703125,111000,0.0,0.0
1995-05-16,7.723336962028236,7.817811489105225,7.723336962028236,7.817811489105225,42000,0.0,0.0
1995-05-17,7.817814017062958,7.865051746368408,7.817814017062958,7.865051746368408,9000,0.0,0.0
1995-05-18,7.888665014082899,7.888665014082899,7.770571231842041,7.770571231842041,20000,0.0,0.0
1995-05-19,7.794193413119951,7.806002616882324,7.758764900848335,7.806002616882324,9000,0.0,0.0
1995-05-22,7.806002471364494,7.853240186517889,7.794193267822266,7.794193267822266,59000,0.0,0.0
1995-05-23,7.770574860737807,7.794193267822266,7.770574860737807,7.794193267822266,38000,0.0,0.0
1995-05-24,7.794193267822266,7.794193267822266,7.794193267822266,7.794193267822266,0,0.0,0.0
1995-05-25,7.739671929396185,7.83449125289917,7.739671929396185,7.83449125289917,16000,0.06,0.0
1995-05-26,7.83449125289917,7.83449125289917,7.83449125289917,7.83449125289917,4000,0.0,0.0
1995-05-30,7.858198156595057,7.858198156595057,7.846344947814941,7.846344947814941,3000,0.0,0.0
1995-05-31,7.846343015499803,7.870048522949219,7.846343015499803,7.870048522949219,8000,0.0,0.0
1995-06-01,7.875973880111393,8.012277603149414,7.875973880111393,8.012277603149414,18000,0.0,0.0
1995-06-02,8.012281263048438,8.012281263048438,7.893756389617921,7.89375638961792,14000,0.0,0.0
1995-06-05,7.881904997909911,7.9174628257751465,7.881904997909911,7.9174628257751465,5000,0.0,0.0
1995-06-06,7.893753126125987,7.893753126125987,7.870048522949219,7.870048522949219,8000,0.0,0.0
1995-06-07,7.846343555302955,7.846343555302955,7.822638950495386,7.83449125289917,3000,0.0,0.0
1995-06-08,7.8344905079304645,7.8344905079304645,7.751523494720459,7.751523494720459,24000,0.0,0.0
1995-06-09,7.739668272096787,7.7752251625061035,7.727815071021399,7.7752251625061035,52000,0.0,0.0
1995-06-12,7.75152345790428,7.763375759124756,7.75152345790428,7.763375759124756,3000,0.0,0.0
1995-06-13,7.787080603285235,7.870048522949219,7.787080603285235,7.870048522949219,12000,0.0,0.0
1995-06-14,7.846341751051127,7.870047254680368,7.7989325523376465,7.7989325523376465,51000,0.0,0.0
1995-06-15,7.775229709998524,7.864123344421387,7.775229709998524,7.864123344421387,64000,0.0,0.0
1995-06-16,7.864123344421387,7.864123344421387,7.864123344421387,7.864123344421387,0,0.0,0.0
1995-06-19,7.822642554316603,7.9174628257751465,7.822642554316603,7.9174628257751465,25000,0.0,0.0
1995-06-20,7.905603169630277,8.059685759086474,7.905603169630277,8.024127960205078,36000,0.0,0.0
1995-06-21,8.059694021371618,8.178218933450612,8.059694021371618,8.15451431274414,41000,0.0,0.0
1995-06-22,8.130808787764352,8.15451431274414,8.095251856704643,8.15451431274414,12000,0.0,0.0
1995-06-23,8.083390067691074,8.178210258483887,8.083390067691074,8.178210258483887,31000,0.0,0.0
1995-06-26,8.154508692416554,8.154508692416554,8.083393070765485,8.107098579406738,23000,0.0,0.0
1995-06-27,8.059686660766602,8.10709676315502,8.059686660766602,8.059686660766602,16000,0.0,0.0
1995-06-28,8.083391259824566,8.083391259824566,8.059686660766602,8.059686660766602,6000,0.0,0.0
1995-06-29,8.059688466396924,8.1308031837753,8.059688466396924,8.107098579406738,9000,0.0,0.0
1995-06-30,8.154505747271974,8.178210343079199,8.130800247192383,8.130800247192383,84000,0.0,0.0
1995-07-03,8.142651557922363,8.142651557922363,8.142651557922363,8.142651557922363,11000,0.0,0.0
1995-07-05,8.142656807979696,8.20191923279548,8.142656807979696,8.14858341217041,30000,0.0,0.0
1995-07-06,8.190069119385909,8.225626945495605,8.190069119385909,8.225626945495605,118000,0.0,0.0
1995-07-07,8.213766037095791,8.237470626831055,8.213766037095791,8.237470626831055,4000,0.0,0.0
1995-07-10,8.225620353880293,8.225620353880293,8.178210258483887,8.178210258483887,6000,0.0,0.0
1995-07-11,8.225626945495605,8.225626945495605,8.225626945495605,8.225626945495605,5000,0.0,0.0
1995-07-12,8.20191752371143,8.273033142089844,8.20191752371143,8.273033142089844,265000,0.0,0.0
1995-07-13,8.296740648044732,8.296740648044732,8.249330520629883,8.249330520629883,13000,0.0,0.0
1995-07-14,8.249327634539489,8.296737745367547,8.225623031261785,8.273033142089844,103000,0.0,0.0
1995-07-17,8.249325490613026,8.438964980366991,8.249325490613026,8.391555786132812,68000,0.0,0.0
1995-07-18,8.391554848716963,8.391554848716963,8.367849349975586,8.367849349975586,17000,0.0,0.0
1995-07-19,8.344149699548767,8.344149699548767,8.29673957824707,8.29673957824707,3000,0.0,0.0
1995-07-20,8.273032174862621,8.273032174862621,8.261178970336914,8.261178970336914,6000,0.0,0.0
1995-07-21,8.249327634539489,8.36785245947331,8.249327634539489,8.273033142089844,45000,0.0,0.0
1995-07-24,8.249333699843346,8.249333699843346,8.15451431274414,8.15451431274414,142000,0.0,0.0
1995-07-25,8.1308031837753,8.1308031837753,8.083393070765485,8.107098579406738,62000,0.0,0.0
1995-07-26,8.059690915243454,8.249330520629883,8.059690915243454,8.249330520629883,55000,0.0,0.0
1995-07-27,8.273032969567177,8.367852284973319,8.273032969567177,8.344147682189941,51000,0.0,0.0
1995-07-28,8.367850284743307,8.391555786132812,8.367850284743307,8.391555786132812,7000,0.0,0.0
1995-07-31,8.344145687626218,8.391555786132812,8.320440186236711,8.391555786132812,30000,0.0,0.0
1995-08-01,8.201919335643677,8.344149699548767,8.201919335643677,8.29673957824707,103000,0.0,0.0
1995-08-02,8.29673957824707,8.29673957824707,8.29673957824707,8.29673957824707,25000,0.0,0.0
1995-08-03,8.29673957824707,8.29673957824707,8.29673957824707,8.29673957824707,325000,0.0,0.0
1995-08-04,8.225620353880293,8.249324949442318,8.178210258483887,8.178210258483887,45000,0.0,0.0
1995-08-07,8.154511170073151,8.249330520629883,8.154511170073151,8.249330520629883,13000,0.0,0.0
1995-08-08,8.249330520629883,8.249330520629883,8.249330520629883,8.249330520629883,0,0.0,0.0
1995-08-09,8.261179763902856,8.344147682189941,8.261179763902856,8.344147682189941,99000,0.0,0.0
1995-08-10,8.332297137617461,8.403411865234375,8.332297137617461,8.403411865234375,29000,0.0,0.0
1995-08-11,8.403408084691359,8.415260383249903,8.367850284743307,8.391555786132812,19000,0.0,0.0
1995-08-14,8.344147682189941,8.344147682189941,8.344147682189941,8.344147682189941,2000,0.0,0.0
1995-08-15,8.344147682189941,8.344147682189941,8.344147682189941,8.344147682189941,0,0.0,0.0
1995-08-16,8.344144755506523,8.367849349975586,8.320439256765145,8.367849349975586,6000,0.0,0.0
1995-08-17,8.367851574388087,8.444892883300781,8.367851574388087,8.444892883300781,31000,0.0,0.0
1995-08-18,8.46267010660419,8.557489395141602,8.46267010660419,8.557489395141602,150000,0.0,0.0
1995-08-21,8.510087751469001,8.581202507019043,8.510087751469001,8.581202507019043,12000,0.0,0.0
1995-08-22,8.545637097108472,8.581194895480236,8.545637097108472,8.557489395141602,26000,0.0,0.0
1995-08-23,8.62861156463623,8.62861156463623,8.581201432117183,8.62861156463623,36000,0.0,0.0
1995-08-24,8.581202507019043,8.581202507019043,8.581202507019043,8.581202507019043,2000,0.0,0.0
1995-08-25,8.62861156463623,8.652316178759222,8.581201432117183,8.62861156463623,154000,0.0,0.0
1995-08-28,8.652316178759222,8.711578618339765,8.62861156463623,8.62861156463623,13000,0.0,0.0
1995-08-29,8.652313232421875,8.658239836070992,8.628608626370918,8.652313232421875,22000,0.0,0.0
1995-08-30,8.651126861572266,8.651126861572266,8.651126861572266,8.651126861572266,0,0.06,0.0
1995-08-31,8.692738508127496,8.704629898071289,8.692738508127496,8.704629898071289,13000,0.0,0.0
1995-09-01,8.75220106418709,8.775984764099121,8.75220106418709,8.775984764099121,2000,0.0,0.0
1995-09-05,8.716527841058646,8.752202033996582,8.716527841058646,8.752202033996582,34000,0.0,0.0
1995-09-06,8.787875943141028,8.89490032196045,8.787875943141028,8.89490032196045,4000,0.0,0.0
1995-09-07,8.94246768951416,8.94246768951416,8.94246768951416,8.94246768951416,1000,0.0,0.0
1995-09-08,8.94246768951416,8.96625139358136,8.94246768951416,8.94246768951416,8000,0.0,0.0
1995-09-11,8.948414773871935,8.966252326965332,8.948414773871935,8.966252326965332,8000,0.0,0.0
1995-09-12,8.990038760584675,9.120846024057276,8.990038760584675,9.037605285644531,9000,0.0,0.0
1995-09-13,9.132733364466429,9.132733364466429,9.108949661254883,9.108949661254883,18000,0.0,0.0
1995-09-14,9.03760330470942,9.061386108398438,9.03760330470942,9.061386108398438,117000,0.0,0.0
1995-09-15,9.06138395422443,9.180299758911133,9.037601156189327,9.180299758911133,42000,0.0,0.0
1995-09-18,9.204082489013672,9.204082489013672,9.204082489013672,9.204082489013672,3000,0.0,0.0
1995-09-19,9.25164810900067,9.25164810900067,9.156515121459961,9.156515121459961,8000,0.0,0.0
1995-09-20,9.15652114466617,9.15652114466617,9.037605285644531,9.037605285644531,10000,0.0,0.0
1995-09-21,9.03759748684376,9.144621849060059,9.03759748684376,9.144621849060059,14000,0.0,0.0
1995-09-22,9.144621849060059,9.144621849060059,9.144621849060059,9.144621849060059,80000,0.0,0.0
1995-09-25,9.132737151167849,9.144628554076391,9.108953438094874,9.120844841003418,8000,0.0,0.0
1995-09-26,9.085167192150726,9.085167192150726,8.94246768951416,8.94246768951416,14000,0.0,0.0
1995-09-27,8.990036010742188,8.990036010742188,8.942469500231818,8.990036010742188,6000,0.0,0.0
1995-09-28,8.966253209114866,8.990036010742188,8.966253209114866,8.990036010742188,2000,0.0,0.0
1995-09-29,8.966255951682749,9.037605285644531,8.966255951682749,9.037605285644531,7000,0.0,0.0
1995-10-02,9.061382133919253,9.156515121459961,9.061382133919253,9.156515121459961,11000,0.0,0.0
1995-10-03,9.180299758911133,9.180299758911133,9.180299758911133,9.180299758911133,1000,0.0,0.0
1995-10-04,9.227866268491363,9.233812421631963,9.186245918273926,9.186245918273926,12000,0.0,0.0
1995-10-05,9.204082489013672,9.204082489013672,9.204082489013672,9.204082489013672,19000,0.0,0.0
1995-10-06,9.180299669925795,9.227866172790527,9.180299669925795,9.227866172790527,10000,0.0,0.0
1995-10-09,9.227866172790527,9.251649877850685,9.20408337498595,9.227866172790527,9000,0.0,0.0
1995-10-10,9.25164810900067,9.299213695515615,9.156515121459961,9.156515121459961,10000,0.0,0.0
1995-10-11,9.18030030872619,9.382457733154297,9.18030030872619,9.382457733154297,3000,0.0,0.0
1995-10-12,9.346777714071392,9.489477157592773,9.346777714071392,9.489477157592773,16000,0.0,0.0
1995-10-13,9.465696431309528,9.465696431309528,9.406238538013293,9.430022239685059,13000,0.0,0.0
1995-10-16,9.406235666358722,9.418127059936523,9.370561485625316,9.418127059936523,10000,0.0,0.0
1995-10-17,9.418127059936523,9.418127059936523,9.418127059936523,9.418127059936523,0,0.0,0.0
1995-10-18,9.441915701555926,9.846229645832704,9.441915701555926,9.798663139343262,37000,0.0,0.0
1995-10-19,9.798659399099451,9.798659399099451,9.751092910766602,9.751092910766602,12000,0.0,0.0
1995-10-20,9.703528488818671,9.703528488818671,9.608396399149717,9.655961990356445,11000,0.0,0.0
1995-10-23,9.608399591952002,9.608399591952002,9.513266563415527,9.513266563415527,9000,0.0,0.0
1995-10-24,9.453802147925103,9.465693541502905,9.418127059936523,9.418127059936523,12000,0.0,0.0
1995-10-25,9.441918441312609,9.47759265108952,9.406243324279785,9.406243324279785,78000,0.0,0.0
1995-10-26,9.370564478985852,9.370564478985852,9.287322882839952,9.346780776977539,62000,0.0,0.0
1995-10-27,9.299213695515615,9.299213695515615,9.156515121459961,9.156515121459961,33000,0.0,0.0
1995-10-30,9.15651696087603,9.180299758911133,9.15651696087603,9.180299758911133,6000,0.0,0.0
1995-10-31,9.251646773218527,9.382453931759091,9.251646773218527,9.358670234680176,64000,0.0,0.0
1995-11-01,9.358670234680176,9.358670234680176,9.358670234680176,9.358670234680176,0,0.0,0.0
1995-11-02,9.37055778503418,9.37055778503418,9.37055778503418,9.37055778503418,1000,0.0,0.0
1995-11-03,9.346780776977539,9.346780776977539,9.346780776977539,9.346780776977539,5000,0.0,0.0
1995-11-06,9.322997093200684,9.322997093200684,9.322997093200684,9.322997093200684,4000,0.0,0.0
1995-11-07,9.322996153091562,9.322996153091562,9.275429665662747,9.299212455749512,5000,0.0,0.0
1995-11-08,9.346777791214539,9.418127059936523,9.346777791214539,9.418127059936523,7000,0.0,0.0
1995-11-09,9.418127059936523,9.418127059936523,9.418127059936523,9.418127059936523,6000,0.0,0.0
1995-11-10,9.441915443221312,9.4656982421875,9.441915443221312,9.4656982421875,3000,0.0,0.0
1995-11-13,9.441907025579148,9.441907025579148,9.34677410001598,9.37055778503418,13000,0.0,0.0
1995-11-14,9.370562640520378,9.370562640520378,9.275429665662747,9.299212455749512,11000,0.0,0.0
1995-11-15,9.263540267944336,9.263540267944336,9.263540267944336,9.263540267944336,3000,0.0,0.0
1995-11-16,9.251646041870117,9.251646041870117,9.227862346671317,9.251646041870117,8000,0.0,0.0
1995-11-17,9.275428771972656,9.275428771972656,9.275428771972656,9.275428771972656,2000,0.0,0.0
1995-11-20,9.227862346671317,9.251646041870117,9.227862346671317,9.251646041870117,6000,0.0,0.0
1995-11-21,9.227866262236931,9.227866262236931,9.180299758911133,9.180299758911133,4000,0.0,0.0
1995-11-22,9.227862289126884,9.275428771972656,9.227862289126884,9.275428771972656,19000,0.0,0.0
1995-11-24,9.322997093200684,9.322997093200684,9.322997093200684,9.322997093200684,5000,0.0,0.0
1995-11-27,9.322991322252596,9.37055778503418,9.322991322252596,9.37055778503418,3000,0.0,0.0
1995-11-28,9.418133534879052,9.513266563415527,9.418133534879052,9.513266563415527,31000,0.0,0.0
1995-11-29,9.66600594869474,9.797272514057823,9.66600594869474,9.78533935546875,12000,0.07,0.0
1995-11-30,9.880809488089328,9.976275696644587,9.785342369092149,9.928542137145996,22000,0.0,0.0
1995-12-01,9.928542137145996,9.928542137145996,9.928542137145996,9.928542137145996,0,0.0,0.0
1995-12-04,9.880814552307129,9.880814552307129,9.880814552307129,9.880814552307129,1000,0.0,0.0
1995-12-05,9.880814552307129,9.928547225828243,9.833080968343626,9.880814552307129,33000,0.0,0.0
1995-12-06,9.85694684247476,10.119481086730957,9.85694684247476,10.119481086730957,24000,0.0,0.0
1995-12-07,10.024012565612793,10.024012565612793,9.976278990354762,10.024012565612793,54000,0.0,0.0
1995-12-08,9.928541885740856,9.976275444030762,9.880809237892848,9.976275444030762,12000,0.0,0.0
1995-12-11,9.880812914123272,9.928545579730576,9.83307933807373,9.83307933807373,22000,0.0,0.0
1995-12-12,9.83307933807373,9.83307933807373,9.83307933807373,9.83307933807373,5000,0.0,0.0
1995-12-13,9.92853541367446,9.988202095031738,9.92853541367446,9.988202095031738,23000,0.0,0.0
1995-12-14,10.024002468022626,10.07173599519671,9.988202095031738,9.988202095031738,11000,0.0,0.0
1995-12-15,9.92853668950499,10.071737289428711,9.92853668950499,10.071737289428711,53000,0.0,0.0
1995-12-18,10.024006936436411,10.095606803894043,9.904673520526455,10.095606803894043,11000,0.0,0.0
1995-12-19,10.024012731829657,10.071746307879199,9.83307933807373,9.83307933807373,79000,0.0,0.0
1995-12-20,9.880808663901588,10.000142097473145,9.880808663901588,10.000142097473145,10000,0.0,0.0
1995-12-21,9.928545415096734,10.024012565612793,9.880812750280928,10.024012565612793,20000,0.0,0.0
1995-12-22,10.119477409990079,10.262677192687988,10.119477409990079,10.262677192687988,13000,0.0,0.0
1995-12-26,10.179142865166892,10.238809585571289,10.179142865166892,10.238809585571289,13000,0.0,0.0
1995-12-27,10.238808447089,10.292508125305176,10.238808447089,10.292508125305176,3000,0.0,0.0
1995-12-28,10.292505050574597,10.292505050574597,10.214938163757324,10.214938163757324,41000,0.0,0.0
1995-12-29,10.262680150397069,10.405879974365234,10.262680150397069,10.405879974365234,46000,0.0,0.0
1996-01-02,10.358141355916846,10.370074515984879,10.322340965270996,10.322340965270996,42000,0.0,0.0
1996-01-03,10.262674254489083,10.322340965270996,10.262674254489083,10.322340965270996,21000,0.0,0.0
1996-01-04,10.31041246593475,10.316378593444824,10.31041246593475,10.316378593444824,55000,0.0,0.0
1996-01-05,10.238810865719008,10.298477593583474,10.167210063928039,10.262677192687988,197000,0.0,0.0
1996-01-08,10.191078186035156,10.191078186035156,10.191078186035156,10.191078186035156,3000,0.0,0.0
1996-01-09,10.203011350555576,10.203011350555576,10.167210946552228,10.191078186035156,21000,0.0,0.0
1996-01-10,10.191077129025446,10.191077129025446,10.161243765597645,10.185110092163086,25000,0.0,0.0
1996-01-11,10.155272483825684,10.16123951819382,10.155272483825684,10.155272483825684,20000,0.0,0.0
1996-01-12,10.071741682969732,10.08367484389189,10.047874450683594,10.047874450683594,58000,0.0,0.0
1996-01-15,10.041909305102036,10.047875430924245,9.9762755479644,9.982242584228516,86000,0.0,0.0
1996-01-16,10.012070600404183,10.071737289428711,10.012070600404183,10.071737289428711,42000,0.0,0.0
1996-01-17,10.071737289428711,10.083670445145334,10.071737289428711,10.071737289428711,116000,0.0,0.0
1996-01-18,10.095609942269833,10.26267695856747,10.095609942269833,10.179143905639648,176000,0.0,0.0
1996-01-19,10.214946572260255,10.405879974365234,10.214946572260255,10.405879974365234,20000,0.0,0.0
1996-01-22,10.501344680786133,10.501344680786133,10.405877546783978,10.501344680786133,22000,0.0,0.0
1996-01-23,10.405876856392917,10.45361042022705,10.405876856392917,10.45361042022705,16000,0.0,0.0
1996-01-24,10.405876856392917,10.45361042022705,10.405876856392917,10.45361042022705,11000,0.0,0.0
1996-01-25,10.46554183959961,10.46554183959961,10.46554183959961,10.46554183959961,6000,0.0,0.0
1996-01-26,10.46553528739008,10.596802711486816,10.46553528739008,10.596802711486816,8000,0.0,0.0
1996-01-29,10.596811553494973,10.596811553494973,10.549077987670898,10.549077987670898,2000,0.0,0.0
1996-01-30,10.64454030388701,10.740007400512695,10.64454030388701,10.740007400512695,6000,0.0,0.0
1996-01-31,10.668407533264286,10.740007400512695,10.668407533264286,10.740007400512695,10000,0.0,0.0
1996-02-01,10.64454015847206,10.97867408165565,10.64454015847206,10.85934066772461,32000,0.0,0.0
1996-02-02,10.88321345856109,11.074147762752387,10.787747216907677,10.978680610656738,28000,0.0,0.0
1996-02-05,11.074143566938144,11.2173433303833,11.074143566938144,11.2173433303833,13000,0.0,0.0
1996-02-06,11.2173433303833,11.2173433303833,11.2173433303833,11.2173433303833,5000,0.0,0.0
1996-02-07,11.271043014064762,11.271043014064762,11.169609772420952,11.2173433303833,28000,0.0,0.0
1996-02-08,11.145745220408159,11.408278465270996,11.145745220408159,11.408278465270996,30000,0.0,0.0
1996-02-09,11.265075076915108,11.444075207659179,11.169607976341574,11.420207977294922,57000,0.0,0.0
1996-02-12,11.456006767051242,11.503740310668945,11.456006767051242,11.503740310668945,3000,0.0,0.0
1996-02-13,11.599208164981695,11.599208164981695,11.551475524902344,11.551475524902344,4000,0.0,0.0
1996-02-14,11.551476188963747,11.59920883178711,11.551476188963747,11.59920883178711,10000,0.0,0.0
1996-02-15,11.646942385052276,11.646942385052276,11.551476188963747,11.59920883178711,36000,0.0,0.0
1996-02-16,11.599208164981695,11.599208164981695,11.420208033358879,11.551475524902344,44000,0.0,0.0
1996-02-20,11.456011329971805,11.59921110741966,11.360544204711914,11.360544204711914,54000,0.0,0.0
1996-02-21,11.265079498291016,11.265079498291016,11.265079498291016,11.265079498291016,64000,0.0,0.0
1996-02-22,11.288941759347834,11.312808990478516,11.217341886839343,11.312808990478516,284000,0.0,0.0
1996-02-23,11.265079557681629,11.271045684814453,11.169612419135351,11.271045684814453,337000,0.0,0.0
1996-02-26,11.312811136178833,11.444077745748697,11.312811136178833,11.396344184875488,22000,0.0,0.0
1996-02-27,11.372478973939902,11.408278465270996,11.372478973939902,11.408278465270996,3000,0.0,0.0
1996-02-28,11.456006767051242,11.503740310668945,11.456006767051242,11.503740310668945,16000,0.0,0.0
1996-02-29,11.537257194519043,11.633001518130545,11.537257194519043,11.537257194519043,16000,0.07,0.0
1996-03-01,11.489378358345402,11.561186790466309,11.489378358345402,11.561186790466309,3000,0.0,0.0
1996-03-04,11.489385684494366,11.489385684494366,11.441513061523438,11.441513061523438,99000,0.0,0.0
1996-03-05,11.441511957813292,11.633001518130545,11.441511957813292,11.537257194519043,15000,0.0,0.0
1996-03-06,11.633003358032763,11.633003358032763,11.53725901927812,11.585131645202637,64000,0.0,0.0
1996-03-07,11.585127723540856,11.632999420166016,11.585127723540856,11.632999420166016,13000,0.0,0.0
1996-03-08,11.537261100441432,11.537261100441432,11.489388465881348,11.489388465881348,49000,0.0,0.0
1996-03-11,11.56119487569318,11.585131645202637,11.4893863933536,11.585131645202637,20000,0.0,0.0
1996-03-12,11.585133735001516,11.585133735001516,11.489388465881348,11.489388465881348,16000,0.0,0.0
1996-03-13,11.489385684494366,11.489385684494366,11.441513061523438,11.441513061523438,38000,0.0,0.0
1996-03-14,11.441513061523438,11.441513061523438,11.441513061523438,11.441513061523438,5000,0.0,0.0
1996-03-15,11.537261100441432,11.537261100441432,11.417579970588502,11.489388465881348,52000,0.0,0.0
1996-03-18,11.585127565508916,11.63299926148106,11.585127565508916,11.597095489501953,13000,0.0,0.0
1996-03-19,11.63299928848128,11.728744506835938,11.585127592398026,11.728744506835938,110000,0.0,0.0
1996-03-20,11.728745476542692,11.860394477844238,11.728745476542692,11.860394477844238,24000,0.0,0.0
1996-03-21,11.824489725190595,11.824489725190595,11.728744506835938,11.728744506835938,13000,0.0,0.0
1996-03-22,11.82449061663163,11.82449061663163,11.776618003845215,11.776618003845215,11000,0.0,0.0
1996-03-25,11.728744506835938,11.728744506835938,11.728744506835938,11.728744506835938,51000,0.0,0.0
1996-03-26,11.728744639604502,11.800553097636325,11.632999420166016,11.632999420166016,20000,0.0,0.0
1996-03-27,11.668908150587175,11.728748705205572,11.58513173935918,11.710796356201172,22000,0.0,0.0
1996-03-28,11.692843089603944,11.830476537044385,11.692843089603944,11.752683639526367,28000,0.0,0.0
1996-03-29,11.776618003845215,11.776618003845215,11.680872778272384,11.776618003845215,67000,0.0,0.0
1996-04-01,11.812522200863567,11.824491039308615,11.728745810313285,11.800554275512695,70000,0.0,0.0
1996-04-02,11.7287453910588,11.776618003845215,11.64496900350318,11.776618003845215,99000,0.0,0.0
1996-04-03,11.728744506835938,11.728744506835938,11.728744506835938,11.728744506835938,10000,0.0,0.0
1996-04-04,11.7287462202479,11.7287462202479,11.692841529846191,11.692841529846191,31000,0.0,0.0
1996-04-08,11.68087100982666,11.68087100982666,11.68087100982666,11.68087100982666,23000,0.0,0.0
1996-04-09,11.63300090721948,11.656937671685997,11.609065055847168,11.609065055847168,25000,0.0,0.0
1996-04-10,11.585132828730707,11.609068687591039,11.56119605677589,11.573163986206055,19000,0.0,0.0
1996-04-11,11.561193047148356,11.561193047148356,11.537257194519043,11.537257194519043,42000,0.0,0.0
1996-04-12,11.549219131469727,11.549219131469727,11.549219131469727,11.549219131469727,1000,0.0,0.0
1996-04-15,11.549222746485363,11.549222746485363,11.513318061828613,11.513318061828613,26000,0.0,0.0
1996-04-16,11.525291091070587,11.585131645202637,11.525291091070587,11.585131645202637,43000,0.0,0.0
1996-04-17,11.585126711843346,11.68087100982666,11.585126711843346,11.68087100982666,19000,0.0,0.0
1996-04-18,11.68087100982666,11.68087100982666,11.68087100982666,11.68087100982666,2000,0.0,0.0
1996-04-19,11.680868078846999,11.680868078846999,11.489378617835168,11.549219131469727,103000,0.0,0.0
1996-04-22,11.537257194519043,11.537257194519043,11.393639339460417,11.537257194519043,35000,0.0,0.0
1996-04-23,11.585130930436218,11.585130930436218,11.441513061523438,11.441513061523438,7000,0.0,0.0
1996-04-24,11.489384842418906,11.489384842418906,11.414584159851074,11.414584159851074,21000,0.0,0.0
1996-04-25,11.441513061523438,11.441513061523438,11.441513061523438,11.441513061523438,1000,0.0,0.0
1996-04-26,11.465452605148585,11.489388465881348,11.417579970588502,11.489388465881348,73000,0.0,0.0
1996-04-29,11.441515831321265,11.489388465881348,11.441515831321265,11.489388465881348,6000,0.0,0.0
1996-04-30,11.489386726487961,11.537259353800543,11.393641471862793,11.393641471862793,11000,0.0,0.0
1996-05-01,11.393641471862793,11.393641471862793,11.345769757644629,11.393641471862793,9000,0.0,0.0
1996-05-02,11.345762411754178,11.345762411754178,11.202144622802734,11.202144622802734,16000,0.0,0.0
1996-05-03,11.154272026485586,11.202144622802734,11.154272026485586,11.202144622802734,6000,0.0,0.0
1996-05-06,11.154272026485586,11.214112543608564,11.154272026485586,11.202144622802734,27000,0.0,0.0
1996-05-07,11.21411834961856,11.21411834961856,11.154277801513672,11.154277801513672,98000,0.0,0.0
1996-05-08,11.250021246929046,11.250021246929046,11.20214863347222,11.238053321838379,112000,0.0,0.0
1996-05-09,11.202144770610907,11.202144770610907,11.106400489807129,11.106400489807129,13000,0.0,0.0
1996-05-10,11.154277647301763,11.250022888183594,11.154277647301763,11.250022888183594,12000,0.0,0.0
1996-05-13,11.297896105704993,11.441513061523438,11.297896105704993,11.441513061523438,10000,0.0,0.0
1996-05-14,11.441515831321265,11.537261100441432,11.417579970588502,11.489388465881348,12000,0.0,0.0
1996-05-15,11.441515831321265,11.489388465881348,11.39364319676118,11.489388465881348,8000,0.0,0.0
1996-05-16,11.417575488281507,11.46544810404778,11.3457670211792,11.3457670211792,11000,0.0,0.0
1996-05-17,11.34576872867592,11.441513061523438,11.34576872867592,11.441513061523438,4000,0.0,0.0
1996-05-20,11.489385684494366,11.489385684494366,11.34576872867592,11.441513061523438,11000,0.0,0.0
1996-05-21,11.39364319676118,11.495372887611818,11.39364319676118,11.489388465881348,22000,0.0,0.0
1996-05-22,11.489388465881348,11.489388465881348,11.489388465881348,11.489388465881348,0,0.0,0.0
1996-05-23,11.393641471862793,11.435530591445316,11.375690035578192,11.393641471862793,18000,0.0,0.0
1996-05-24,11.393631102846358,11.393631102846358,11.297886848449707,11.297886848449707,8000,0.0,0.0
1996-05-28,11.250023482734065,11.441513061523438,11.250023482734065,11.441513061523438,17000,0.0,0.0
1996-05-29,11.441514099175377,11.465450869378879,11.393641471862793,11.393641471862793,125000,0.0,0.0
1996-05-30,11.47526158592368,11.47526158592368,11.379234840257517,11.439251899719238,12000,0.07,0.0
1996-05-31,11.475256369372994,11.475256369372994,11.331215858459473,11.331215858459473,12000,0.0,0.0
1996-06-03,11.331215858459473,11.331215858459473,11.331215858459473,11.331215858459473,1000,0.0,0.0
1996-06-04,11.331224538547582,11.331224538547582,11.139170071613814,11.163176536560059,33000,0.0,0.0
1996-06-05,11.235197482410426,11.283211330805493,11.235197482410426,11.259204864501953,19000,0.0,0.0
1996-06-06,11.283203669956752,11.379231301547927,11.283203669956752,11.343220710754395,66000,0.0,0.0
1996-06-07,11.283207602578736,11.37923526763916,11.283207602578736,11.37923526763916,46000,0.0,0.0
1996-06-10,11.331215858459473,11.331215858459473,11.28320204955922,11.331215858459473,279000,0.0,0.0
1996-06-11,11.37923526763916,11.37923526763916,11.37923526763916,11.37923526763916,1000,0.0,0.0
1996-06-12,11.331220769406695,11.379234599116126,11.283206939697266,11.283206939697266,11000,0.0,0.0
1996-06-13,11.379229667359725,11.379229667359725,11.331215858459473,11.331215858459473,3000,0.0,0.0
1996-06-14,11.403236113916234,11.427242560472742,11.331215858459473,11.331215858459473,23000,0.0,0.0
1996-06-17,11.331219362045493,11.42724609375,11.331219362045493,11.42724609375,9000,0.0,0.0
1996-06-18,11.421246528625488,11.421246528625488,11.421246528625488,11.421246528625488,2000,0.0,0.0
1996-06-19,11.421242510977669,11.451251029968262,11.421242510977669,11.451251029968262,10000,0.0,0.0
1996-06-20,11.427248184381687,11.433250256868346,11.37923526763916,11.37923526763916,63000,0.0,0.0
1996-06-21,11.427249756445507,11.523277434716602,11.427249756445507,11.475263595581055,31000,0.0,0.0
1996-06-24,11.571292215671876,11.763346672058105,11.571292215671876,11.763346672058105,19000,0.0,0.0
1996-06-25,11.667315483093262,11.691322855301236,11.667315483093262,11.667315483093262,15000,0.0,0.0
1996-06-26,11.619302749633789,11.619302749633789,11.619302749633789,11.619302749633789,19000,0.0,0.0
1996-06-27,11.715329492585337,11.715329492585337,11.547281547685598,11.619302749633789,524000,0.0,0.0
1996-06-28,11.667317729809081,11.667317729809081,11.571290969848633,11.571290969848633,268000,0.0,0.0
1996-07-01,11.643311268765915,11.643311268765915,11.571290969848633,11.571290969848633,32000,0.0,0.0
1996-07-02,11.667320779219306,11.667320779219306,11.523280143737793,11.523280143737793,55000,0.0,0.0
1996-07-03,11.529279508028974,11.529279508028974,11.475263595581055,11.475263595581055,9000,0.0,0.0
1996-07-05,11.475263294100397,11.571290969848633,11.475263294100397,11.571290969848633,20000,0.0,0.0
1996-07-08,11.571293994160973,11.571293994160973,11.523280143737793,11.523280143737793,23000,0.0,0.0
1996-07-09,11.523280143737793,11.523280143737793,11.523280143737793,11.523280143737793,16000,0.0,0.0
1996-07-10,11.571285386761645,11.691319465637207,11.571285386761645,11.691319465637207,19000,0.0,0.0
1996-07-11,11.619305859432044,11.667318785864216,11.535281406600006,11.607301712036133,175000,0.0,0.0
1996-07-12,11.619302749633789,11.619302749633789,11.619302749633789,11.619302749633789,1000,0.0,0.0
1996-07-15,11.571291484537777,11.631308555603027,11.535280875583496,11.631308555603027,43000,0.0,0.0
1996-07-16,11.631308038244333,11.631308038244333,11.54728359301768,11.571290969848633,21000,0.0,0.0
1996-07-17,11.595295377055184,11.619302749633789,11.595295377055184,11.619302749633789,24000,0.0,0.0
1996-07-18,11.571288817319147,11.571288817319147,11.499268531799316,11.499268531799316,25000,0.0,0.0
1996-07-19,11.547282877080526,11.643310546875,11.547282877080526,11.643310546875,9000,0.0,0.0
1996-07-22,11.643310546875,11.643310546875,11.643310546875,11.643310546875,1000,0.0,0.0
1996-07-23,11.667315483093262,11.667315483093262,11.667315483093262,11.667315483093262,3000,0.0,0.0
1996-07-24,11.697326424528212,11.811359405517578,11.619304967173349,11.811359405517578,36000,0.0,0.0
1996-07-25,11.763346959067297,11.763346959067297,11.619306342210207,11.649314880371094,59000,0.0,0.0
1996-07-26,11.619306058715404,11.763346672058105,11.619306058715404,11.763346672058105,64000,0.0,0.0
1996-07-29,11.82336263620388,11.82336263620388,11.811359405517578,11.811359405517578,118000,0.0,0.0
1996-07-30,11.811359405517578,11.811359405517578,11.811359405517578,11.811359405517578,1000,0.0,0.0
1996-07-31,11.859372755918875,11.955399513244629,11.811358919362117,11.955399513244629,25000,0.0,0.0
1996-08-01,11.907384099713058,12.003411760108985,11.859371185302734,11.859371185302734,95000,0.0,0.0
1996-08-02,11.859371185302734,11.859371185302734,11.859371185302734,11.859371185302734,0,0.0,0.0
1996-08-05,11.907383108677122,11.94339370727539,11.907383108677122,11.94339370727539,32000,0.0,0.0
1996-08-06,11.961397245466092,11.991405767950559,11.955395174654226,11.979402542114258,33000,0.0,0.0
1996-08-07,11.979407769334964,11.979407769334964,11.835366249084473,11.835366249084473,21000,0.0,0.0
1996-08-08,11.763346672058105,11.763346672058105,11.763346672058105,11.763346672058105,2000,0.0,0.0
1996-08-09,11.715329694708842,11.859371185302734,11.715329694708842,11.859371185302734,14000,0.0,0.0
1996-08-12,11.859373244050586,11.90138500934654,11.811359405517578,11.811359405517578,15000,0.0,0.0
1996-08-13,11.811359405517578,11.811359405517578,11.811359405517578,11.811359405517578,0,0.0,0.0
1996-08-14,11.871375986111124,11.991410119609137,11.871375986111124,11.955399513244629,39000,0.0,0.0
1996-08-15,12.003411293029785,12.003411293029785,11.889379252061044,12.003411293029785,40000,0.0,0.0
1996-08-16,11.955401703504286,12.147456169128418,11.955401703504286,12.147456169128418,16000,0.0,0.0
1996-08-19,12.09943675994873,12.123443211875092,12.07542939223493,12.09943675994873,4000,0.0,0.0
1996-08-20,12.09943675994873,12.09943675994873,12.09943675994873,12.09943675994873,26000,0.0,0.0
1996-08-21,12.159451484680176,12.159451484680176,12.159451484680176,12.159451484680176,4000,0.0,0.0
1996-08-22,12.207471695417064,12.255485534667969,12.207471695417064,12.255485534667969,3000,0.0,0.0
1996-08-23,12.25548597486026,12.25548597486026,12.19546890258789,12.19546890258789,12000,0.0,0.0
1996-08-26,12.225473403930664,12.225473403930664,12.225473403930664,12.225473403930664,1000,0.0,0.0
1996-08-27,12.291492462158203,12.291492462158203,12.291492462158203,12.291492462158203,5000,0.0,0.0
1996-08-28,12.339501620819155,12.387514511747783,12.327497482299805,12.327497482299805,8000,0.0,0.0
1996-08-29,12.325105667114258,12.325105667114258,12.325105667114258,12.325105667114258,0,0.07,0.0
1996-08-30,12.252875328063965,12.252875328063965,12.252875328063965,12.252875328063965,4000,0.0,0.0
1996-09-03,12.13251266197234,12.156584739685059,12.108439665968719,12.156584739685059,11000,0.0,0.0
1996-09-04,12.180657604143223,12.276947757795256,12.180657604143223,12.228802680969238,17000,0.0,0.0
1996-09-05,12.180657386779785,12.180657386779785,12.180657386779785,12.180657386779785,3000,0.0,0.0
1996-09-06,12.180656817397777,12.180656817397777,12.156584739685059,12.156584739685059,3000,0.0,0.0
1996-09-09,12.180657386779785,12.180657386779785,12.180657386779785,12.180657386779785,1000,0.0,0.0
1996-09-10,12.144555939496033,12.144555939496033,12.060301780700684,12.060301780700684,52000,0.0,0.0
1996-09-11,12.0843692315718,12.0843692315718,11.964006990058717,11.988079071044922,21000,0.0,0.0
1996-09-12,11.988078334255624,12.036223411560059,11.93993325695119,12.036223411560059,17000,0.0,0.0
1996-09-13,11.939938184589094,11.988083281763112,11.891794005706425,11.964011192321777,26000,0.0,0.0
1996-09-16,11.964006639287767,12.012151718139648,11.964006639287767,12.012151718139648,6000,0.0,0.0
1996-09-17,12.036223411560059,12.06029549106679,12.012151332053326,12.036223411560059,29000,0.0,0.0
1996-09-18,11.988079071044922,11.988079071044922,11.988079071044922,11.988079071044922,41000,0.0,0.0
1996-09-19,12.036223077170122,12.180657386779785,12.036223077170122,12.180657386779785,15000,0.0,0.0
1996-09-20,12.144560813903809,12.144560813903809,12.144560813903809,12.144560813903809,2000,0.0,0.0
1996-09-23,12.144549268522843,12.252875459875561,12.144549268522843,12.180657386779785,44000,0.0,0.0
1996-09-24,12.144552464415101,12.144552464415101,12.114461898803711,12.114461898803711,2000,0.0,0.0
1996-09-25,12.204731473084884,12.252876553348322,11.988079071044922,11.988079071044922,41000,0.0,0.0
1996-09-26,11.988082686335467,11.988082686335467,11.939937591552734,11.939937591552734,96000,0.0,0.0
1996-09-27,11.988078334255624,12.084368488864493,11.988078334255624,12.036223411560059,30000,0.0,0.0
1996-09-30,12.0843692315718,12.132514311835239,11.988079071044922,11.988079071044922,79000,0.0,0.0
1996-10-01,12.03623150118548,12.096412658691406,12.03623150118548,12.096412658691406,4000,0.0,0.0
1996-10-02,12.036223411560059,12.036223411560059,12.036223411560059,12.036223411560059,5000,0.0,0.0
1996-10-03,12.132524490356445,12.132524490356445,12.132524490356445,12.132524490356445,38000,0.0,0.0
1996-10-04,12.132526077593644,12.349177771444866,12.132526077593644,12.325105667114258,35000,0.0,0.0
1996-10-07,12.325094787036408,12.349166870117188,12.30102178566452,12.349166870117188,19000,0.0,0.0
1996-10-08,12.41536935430551,12.469532012939453,12.385278784333025,12.469532012939453,13000,0.0,0.0
1996-10-09,12.469534110763561,12.613969421905495,12.469534110763561,12.517679214477539,43000,0.0,0.0
1996-10-10,12.517679214477539,12.517679214477539,12.517679214477539,12.517679214477539,0,0.0,0.0
1996-10-11,12.445456996769854,12.517674164058121,12.445456996769854,12.505638122558594,30000,0.0,0.0
1996-10-14,12.517676827988188,12.517676827988188,12.45749568939209,12.45749568939209,2000,0.0,0.0
1996-10-15,12.457495173386729,12.475549697875977,12.451476692459893,12.475549697875977,23000,0.0,0.0
1996-10-16,12.37324238361108,12.49360466003418,12.37324238361108,12.49360466003418,11000,0.0,0.0
1996-10-17,12.505641064222964,12.517677108553693,12.469532012939453,12.469532012939453,8000,0.0,0.0
1996-10-18,12.517679214477539,12.517679214477539,12.517679214477539,12.517679214477539,3000,0.0,0.0
1996-10-21,12.469532012939453,12.469532012939453,12.469532012939453,12.469532012939453,1000,0.0,0.0
1996-10-22,12.421385155980081,12.421385155980081,12.349167981944735,12.355186462402344,9000,0.0,0.0
1996-10-23,12.37325079406739,12.37325079406739,12.288996592326429,12.325105667114258,15000,0.0,0.0
1996-10-24,12.288982391357422,12.288982391357422,12.288982391357422,12.288982391357422,1000,0.0,0.0
1996-10-25,12.373237893794053,12.517672205775074,12.34916489626991,12.385273933410645,28000,0.0,0.0
1996-10-28,12.385273933410645,12.385273933410645,12.385273933410645,12.385273933410645,0,0.0,0.0
1996-10-29,12.385273933410645,12.385273933410645,12.385273933410645,12.385273933410645,8000,0.0,0.0
1996-10-30,12.433425971696684,12.517679214477539,12.433425971696684,12.517679214477539,5000,0.0,0.0
1996-10-31,12.481564485436259,12.481564485436259,12.361202239990234,12.361202239990234,13000,0.0,0.0
1996-11-01,12.373243131066129,12.56582260131836,12.373243131066129,12.56582260131836,21000,0.0,0.0
1996-11-04,12.56582260131836,12.56582260131836,12.56582260131836,12.56582260131836,0,0.0,0.0
1996-11-05,12.577853194887819,12.656088829040527,12.577853194887819,12.656088829040527,4000,0.0,0.0
1996-11-06,12.656088829040527,12.656088829040527,12.656088829040527,12.656088829040527,0,0.0,0.0
1996-11-07,12.601928854848829,12.80654525756836,12.601928854848829,12.80654525756836,24000,0.0,0.0
1996-11-08,12.75839900970459,12.80654409528623,12.75839900970459,12.75839900970459,4000,0.0,0.0
1996-11-11,12.806544976671981,12.806544976671981,12.794508934020996,12.794508934020996,2000,0.0,0.0
1996-11-12,12.842652320861816,12.90283344873519,12.842652320861816,12.842652320861816,17000,0.0,0.0
1996-11-13,12.842659373310472,13.179674241786977,12.842659373310472,13.14356517791748,121000,0.0,0.0
1996-11-14,13.143560525374465,13.143560525374465,13.07134334149047,13.107452392578125,26000,0.0,0.0
1996-11-15,13.047269051582093,13.047269051582093,12.902833789892373,12.975051879882812,11000,0.0,0.0
1996-11-18,13.035229241168047,13.035229241168047,12.938939094543457,12.938939094543457,9000,0.0,0.0
1996-11-19,12.902837979555068,12.999128185281142,12.902837979555068,12.993109703063965,23000,0.0,0.0
1996-11-20,13.023192120757688,13.023192120757688,12.902829898132236,13.01115608215332,262000,0.0,0.0
1996-11-21,13.01115535265944,13.059300422668457,13.01115535265944,13.059300422668457,2000,0.0,0.0
1996-11-22,13.143561751907296,13.239851951599121,13.143561751907296,13.239851951599121,20000,0.0,0.0
1996-11-25,13.191708200323419,13.215781211853027,13.155600060466249,13.215781211853027,9000,0.0,0.0
1996-11-26,13.287989616394043,13.287989616394043,13.239844543486823,13.287989616394043,14000,0.0,0.0
1996-11-27,13.345916598288264,13.394184112548828,13.345916598288264,13.394184112548828,6000,0.07,0.0
1996-11-29,13.514848573150518,13.563116073608398,13.514848573150518,13.563116073608398,13000,0.0,0.0
1996-12-02,13.563116210049884,13.563116210049884,13.514848709106445,13.514848709106445,8000,0.0,0.0
1996-12-03,13.514848709106445,13.514848709106445,13.514848709106445,13.514848709106445,2000,0.0,0.0
1996-12-04,13.56311531677493,13.57518196105957,13.56311531677493,13.57518196105957,53000,0.0,0.0
1996-12-05,13.611384220488182,13.659650802612305,13.611384220488182,13.659650802612305,8000,0.0,0.0
1996-12-06,13.563119423573628,13.563119423573628,13.466584398814609,13.47865104675293,34000,0.0,0.0
1996-12-09,13.526920777733686,13.526920777733686,13.496753692626953,13.496753692626953,4000,0.0,0.0
1996-12-10,13.44244764850817,13.707917517435893,13.44244764850817,13.611383438110352,21000,0.0,0.0
1996-12-11,13.611383574066277,13.611383574066277,13.538981863066459,13.563116073608398,12000,0.0,0.0
1996-12-12,13.514848573150518,13.563116073608398,13.418313572234759,13.563116073608398,70000,0.0,0.0
1996-12-13,13.563120231526868,13.563120231526868,13.51485271627207,13.5269193649292,114000,0.0,0.0
1996-12-16,13.526918559132438,13.526918559132438,13.47865104675293,13.47865104675293,23000,0.0,0.0
1996-12-17,13.43038806677465,13.466588020324707,13.43038806677465,13.466588020324707,39000,0.0,0.0
1996-12-18,13.466581072692637,13.563116073608398,13.442447782776696,13.563116073608398,14000,0.0,0.0
1996-12-19,13.611387829991394,13.67172199427216,13.611387829991394,13.647587776184082,16000,0.0,0.0
1996-12-20,13.64758876682558,13.70792293548584,13.611388818005235,13.70792293548584,21000,0.0,0.0
1996-12-23,13.780320446451894,13.85272216796875,13.707919645561171,13.85272216796875,26000,0.0,0.0
1996-12-24,13.937190669402268,13.97339153289795,13.937190669402268,13.97339153289795,2000,0.0,0.0
1996-12-26,13.979419708251953,13.979419708251953,13.979419708251953,13.979419708251953,10000,0.0,0.0
1996-12-27,13.852719141475488,13.900985717773438,13.852719141475488,13.900985717773438,32000,0.0,0.0
1996-12-30,13.900985717773438,13.900985717773438,13.900985717773438,13.900985717773438,34000,0.0,0.0
1996-12-31,13.949253214697318,13.949253214697318,13.876852429624464,13.900985717773438,12000,0.0,0.0
1997-01-02,13.780319777540601,13.804453990416764,13.756186485290527,13.756186485290527,40000,0.0,0.0
1997-01-03,13.792386665331769,13.792386665331769,13.611384220488182,13.659650802612305,16000,0.0,0.0
1997-01-06,13.70792293548584,13.70792293548584,13.70792293548584,13.70792293548584,2000,0.0,0.0
1997-01-07,13.70791898016429,13.756186485290527,13.70791898016429,13.756186485290527,14000,0.0,0.0
1997-01-08,13.8044526552718,13.85272015572968,13.563116073608398,13.563116073608398,24000,0.0,0.0
1997-01-09,13.659655416432361,13.756190454539318,13.653622551942146,13.70792293548584,5000,0.0,0.0
1997-01-10,13.70792120644676,13.949257850646973,13.70792120644676,13.949257850646973,17000,0.0,0.0
1997-01-13,13.99752492127288,14.190594046406575,13.99752492127288,14.094059944152832,41000,0.0,0.0
1997-01-14,14.142330523829465,14.142330523829465,13.961327995347212,14.045796394348145,15000,0.0,0.0
1997-01-15,14.04579272760227,14.04579272760227,13.949257702695581,13.997525215148926,15000,0.0,0.0
1997-01-16,13.949257850646973,13.949257850646973,13.876857041512157,13.949257850646973,20000,0.0,0.0
1997-01-17,13.900989721478233,14.142326354980469,13.900989721478233,14.142326354980469,26000,0.0,0.0
1997-01-20,14.238862007812473,14.238862007812473,13.949257850646973,13.949257850646973,37000,0.0,0.0
1997-01-21,13.997525215148926,14.06992602351583,13.949257702695581,13.997525215148926,38000,0.0,0.0
1997-01-22,13.997518706998068,14.28712272644043,13.997518706998068,14.28712272644043,24000,0.0,0.0
1997-01-23,14.341422794078841,14.48019147988624,14.341422794078841,14.38365650177002,20000,0.0,0.0
1997-01-24,14.383657174288752,14.383657174288752,14.347457246271949,14.365557670593262,19000,0.0,0.0
1997-01-27,14.431928664991561,14.431928664991561,14.262992858886719,14.262992858886719,34000,0.0,0.0
1997-01-28,14.214732017915503,14.235848426818848,14.214732017915503,14.235848426818848,113000,0.0,0.0
1997-01-29,14.202661514282227,14.202661514282227,14.202661514282227,14.202661514282227,1000,0.0,0.0
1997-01-30,14.383664314987694,14.383664314987694,14.335397720336914,14.335397720336914,11000,0.0,0.0
1997-01-31,14.383661498015806,14.486230293126807,14.383661498015806,14.395729064941406,46000,0.0,0.0
1997-02-03,14.335398104615576,14.43193221713114,14.335398104615576,14.35953140258789,89000,0.0,0.0
1997-02-04,14.480196952819824,14.576731967422408,14.480196952819824,14.480196952819824,22000,0.0,0.0
1997-02-05,14.52846622467041,14.52846622467041,14.52846622467041,14.52846622467041,4000,0.0,0.0
1997-02-06,14.480200121028801,14.673269271850586,14.480200121028801,14.673269271850586,10000,0.0,0.0
1997-02-07,14.818068986688315,14.866335574677418,14.733600616455078,14.733600616455078,16000,0.0,0.0
1997-02-10,14.769801961237954,15.107672691345215,14.769801961237954,15.107672691345215,88000,0.0,0.0
1997-02-11,15.107672691345215,15.155940201539448,15.059406101777165,15.107672691345215,85000,0.0,0.0
1997-02-12,15.113704175949097,15.113704175949097,15.083537101745605,15.083537101745605,23000,0.0,0.0
1997-02-13,15.204201534162621,15.252469024745443,14.697395184607524,14.914597511291504,175000,0.0,0.0
1997-02-14,15.011140977175469,15.252477645874023,15.011140977175469,15.252477645874023,24000,0.0,0.0
1997-02-18,15.155949417547594,15.276617806095947,15.155949417547594,15.204216957092285,25000,0.0,0.0
1997-02-19,15.252480454025788,15.542084693908691,15.252480454025788,15.542084693908691,19000,0.0,0.0
1997-02-20,15.686876557090065,15.928213119506836,15.686876557090065,15.928213119506836,20000,0.0,0.0
1997-02-21,16.024759334369328,16.169561004969168,15.735154151916504,15.735154151916504,27000,0.0,0.0
1997-02-24,15.638611793518066,15.686878375094455,15.590343370689615,15.638611793518066,23000,0.0,0.0
1997-02-25,15.711020847025386,15.759289298060759,15.686887542134269,15.735154151916504,21000,0.0,0.0
1997-02-26,15.735144785396718,15.783413207699779,15.638611623294688,15.686878204345703,27000,0.0,0.0
1997-02-27,15.67721552269796,15.701408386230469,15.67721552269796,15.701408386230469,2000,0.08,0.0
1997-02-28,15.713494417488207,15.713494417488207,15.640915870666506,15.640915870666504,17000,0.0,0.0
1997-03-03,15.640915870666506,15.640915870666506,15.640915870666506,15.640915870666504,7000,0.0,0.0
1997-03-04,15.628813554788634,15.870745658874512,15.628813554788634,15.870745658874512,19000,0.0,0.0
1997-03-05,16.01590742974819,16.112680657928898,15.919136047363281,15.919136047363281,175000,0.0,0.0
1997-03-06,16.064292907714844,16.064292907714844,15.967519691937925,16.064292907714844,7000,0.0,0.0
1997-03-07,16.1126755997855,16.197351455688477,16.1126755997855,16.197351455688477,13000,0.0,0.0
1997-03-10,16.112684188912368,16.257843140096114,16.112684188912368,16.185264587402344,67000,0.0,0.0
1997-03-11,16.185255959585323,16.209448797586855,16.16106312158379,16.197351455688477,62000,0.0,0.0
1997-03-12,16.19735389555718,16.19735389555718,16.142919540405273,16.142919540405273,3000,0.0,0.0
1997-03-13,16.155019450159287,16.155019450159287,15.967521667480469,15.967521667480469,196000,0.0,0.0
1997-03-14,15.822366819542367,15.87075252296815,15.725593566894531,15.725593566894531,24000,0.0,0.0
1997-03-17,15.53204932904547,15.53204932904547,15.435276985168457,15.435276985168457,179000,0.0,0.0
1997-03-18,15.435273297318329,15.435273297318329,15.181244686349462,15.3385009765625,296000,0.0,0.0
1997-03-19,15.386891147975557,15.532050132751465,15.338505434982467,15.532050132751465,26000,0.0,0.0
1997-03-20,15.550191291514059,15.62881851196289,15.550191291514059,15.62881851196289,5000,0.0,0.0
1997-03-21,15.62881851196289,15.62881851196289,15.62881851196289,15.62881851196289,3000,0.0,0.0
1997-03-24,15.58043490609316,15.586483580585082,15.483661651611328,15.483661651611328,41000,0.0,0.0
1997-03-25,15.483664419758375,15.677210963324008,15.483664419758375,15.532050132751465,25000,0.0,0.0
1997-03-26,15.532037742261988,15.628810936845195,15.532037742261988,15.580425262451172,7000,0.0,0.0
1997-03-27,15.483661651611328,15.483661651611328,15.483661651611328,15.483661651611328,2000,0.0,0.0
1997-03-31,15.48971032610325,15.48971032610325,15.459468799439946,15.483661651611328,93000,0.0,0.0
1997-04-01,15.435275024370412,15.483661651611328,15.435275024370412,15.483661651611328,18000,0.0,0.0
1997-04-02,15.483652290825964,15.507845128371342,15.193333625793457,15.193333625793457,43000,0.0,0.0
1997-04-03,14.999786358556884,15.048172950744629,14.903013174181394,15.048172950744629,51000,0.0,0.0
1997-04-04,14.951407389489525,14.999794006347656,14.903020772631391,14.999794006347656,70000,0.0,0.0
1997-04-07,14.951402721512668,14.951402721512668,14.806243839156277,14.878823280334473,22000,0.0,0.0
1997-04-08,14.878821443338863,14.878821443338863,14.745758997124286,14.757855415344238,58000,0.0,0.0
1997-04-09,14.806252337313682,14.951411302985129,14.806252337313682,14.903024673461914,61000,0.0,0.0
1997-04-10,14.903024673461914,14.903024673461914,14.903024673461914,14.903024673461914,0,0.0,0.0
1997-04-11,14.951401710510254,15.048174907469228,14.951401710510254,14.951401710510254,18000,0.0,0.0
1997-04-14,14.951405055472407,14.957453727722168,14.951405055472407,14.957453727722168,20000,0.0,0.0
1997-04-15,15.048180623205788,15.09656724006392,14.999794006347656,14.999794006347656,11000,0.0,0.0
1997-04-16,14.99979527372806,14.99979527372806,14.709476470947266,14.709476470947266,13000,0.0,0.0
1997-04-17,14.806246829493903,14.806246829493903,14.709473606446434,14.733667373657227,12000,0.0,0.0
1997-04-18,14.73366825592546,14.78205394744873,14.73366825592546,14.78205394744873,240000,0.0,0.0
1997-04-21,14.709476470947266,14.745766667381627,14.661089850000794,14.709476470947266,61000,0.0,0.0
1997-04-22,14.75786014621884,14.806246757507324,14.75786014621884,14.806246757507324,17000,0.0,0.0
1997-04-23,14.757856239489907,14.951401710510254,14.757856239489907,14.951401710510254,16000,0.0,0.0
1997-04-24,14.903024661004343,14.927218437194824,14.903024661004343,14.927218437194824,3000,0.0,0.0
1997-04-25,14.806252337313682,14.951411302985129,14.806252337313682,14.903024673461914,11000,0.0,0.0
1997-04-28,14.830443097903727,15.096569061279297,14.830443097903727,15.096569061279297,17000,0.0,0.0
1997-04-29,15.14495618382307,15.58043490609316,15.14495618382307,15.483661651611328,42000,0.0,0.0
1997-04-30,15.386878873284758,15.677198457034379,15.386878873284758,15.580425262451172,260000,0.0,0.0
1997-05-01,15.483664419758375,15.544147483898056,15.483664419758375,15.532050132751465,9000,0.0,0.0
1997-05-02,15.53204706159886,15.725593566894531,15.53204706159886,15.725593566894531,25000,0.0,0.0
1997-05-05,15.719552572430558,15.719552572430558,15.683262354233209,15.701408386230469,6000,0.0,0.0
1997-05-06,15.701396919206935,15.737687110900879,15.701396919206935,15.737687110900879,13000,0.0,0.0
1997-05-07,15.737680468389346,15.773968798971,15.677197456359863,15.677197456359863,24000,0.0,0.0
1997-05-08,15.62881851196289,15.62881851196289,15.62881851196289,15.62881851196289,1000,0.0,0.0
1997-05-09,15.62880993925925,15.701390292012647,15.62880993925925,15.677197456359863,9000,0.0,0.0
1997-05-12,15.72559022277363,15.72559022277363,15.719541549682617,15.719541549682617,5000,0.0,0.0
1997-05-13,15.62882794983577,15.701408386230469,15.580442222770754,15.701408386230469,11000,0.0,0.0
1997-05-14,15.725591753451031,15.773977451297073,15.62881851196289,15.62881851196289,24000,0.0,0.0
1997-05-15,15.532037742261988,15.677198457034379,15.532037742261988,15.580425262451172,50000,0.0,0.0
1997-05-16,15.580432814116849,15.62881851196289,15.580432814116849,15.62881851196289,3000,0.0,0.0
1997-05-19,15.58647860023461,15.653008460998535,15.58647860023461,15.653008460998535,2000,0.0,0.0
1997-05-20,15.580424267953681,15.677197456359863,15.580424267953681,15.677197456359863,6000,0.0,0.0
1997-05-21,15.725591753451031,15.846557843862193,15.62881851196289,15.62881851196289,22000,0.0,0.0
1997-05-22,15.53204527047475,15.701398904528011,15.483659572628708,15.62881851196289,10000,0.0,0.0
1997-05-23,15.580429927675421,15.653008460998535,15.580429927675421,15.653008460998535,3000,0.0,0.0
1997-05-27,15.580429044137926,15.67720226220996,15.580429044137926,15.604621887207031,18000,0.0,0.0
1997-05-28,15.70139129423139,15.713486789932315,15.580425262451172,15.580425262451172,29000,0.0,0.0
1997-05-29,15.522225379943848,15.522225379943848,15.376704887085566,15.522225379943848,49000,0.08,0.0
1997-05-30,15.473721603133912,15.570734977722168,15.473721603133912,15.570734977722168,60000,0.0,0.0
1997-06-02,15.667753627747864,15.667753627747864,15.540422439575195,15.540422439575195,48000,0.0,0.0
1997-06-03,15.473721603133912,15.594989940463861,15.473721603133912,15.570734977722168,26000,0.0,0.0
1997-06-04,15.594975273499138,15.61922836303711,15.594975273499138,15.61922836303711,11000,0.0,0.0
1997-06-05,15.625301796949081,15.716252326965332,15.570729998624715,15.716252326965332,24000,0.0,0.0
1997-06-06,15.764755135151878,16.24982452392578,15.764755135151878,16.24982452392578,20000,0.0,0.0
1997-06-09,16.249828766927717,16.249828766927717,16.177067599455775,16.201322555541992,34000,0.0,0.0
1997-06-10,16.298337657686673,16.39535194680019,16.298337657686673,16.304401397705078,25000,0.0,0.0
1997-06-11,16.395348259668502,16.395348259668502,16.26195526123047,16.26195526123047,28000,0.0,0.0
1997-06-12,16.249829015784382,16.492363777214003,16.249829015784382,16.395349502563477,44000,0.0,0.0
1997-06-13,16.395347622634077,16.395347622634077,16.201320945973972,16.234668731689453,29000,0.0,0.0
1997-06-16,16.2013191018535,16.249825302898998,16.10430484936954,16.15281105041504,27000,0.0,0.0
1997-06-17,16.201316016044817,16.322583345954158,16.201316016044817,16.298328399658203,15000,0.0,0.0
1997-06-18,16.201316016044817,16.298328399658203,16.201316016044817,16.298328399658203,103000,0.0,0.0
1997-06-19,16.298326896561775,16.492355346679688,16.298326896561775,16.492355346679688,46000,0.0,0.0
1997-06-20,16.443855976860913,16.66213576075038,16.443855976860913,16.58937644958496,12000,0.0,0.0
1997-06-23,16.54087153365636,16.54087153365636,16.443859100341797,16.443859100341797,6000,0.0,0.0
1997-06-24,16.395345463261297,16.48023223876953,16.395345463261297,16.48023223876953,7000,0.0,0.0
1997-06-25,16.39534607015723,16.468107223510742,16.39534607015723,16.468107223510742,4000,0.0,0.0
1997-06-26,16.468110671149716,16.468110671149716,16.395349502563477,16.395349502563477,4000,0.0,0.0
1997-06-27,16.443852240674474,16.443852240674474,16.346837997436523,16.346837997436523,9000,0.0,0.0
1997-06-30,16.249823754198573,16.492358437097057,16.249823754198573,16.346837997436523,25000,0.0,0.0
1997-07-01,16.395349502563477,16.395349502563477,16.249829015784382,16.395349502563477,17000,0.0,0.0
1997-07-02,16.39534200499688,16.39534200499688,16.346835815050124,16.3528995513916,6000,0.0,0.0
1997-07-03,16.395347141064395,16.686389923095703,16.395347141064395,16.686389923095703,13000,0.0,0.0
1997-07-07,16.589374905127396,16.589374905127396,16.54086685180664,16.54086685180664,15000,0.0,0.0
1997-07-08,16.637881867560594,16.686389923095703,16.637881867560594,16.686389923095703,8000,0.0,0.0
1997-07-09,16.759147336971957,16.904667786346778,16.759147336971957,16.886478424072266,25000,0.0,0.0
1997-07-10,16.886480608457383,16.889511552430907,16.880416870117188,16.880416870117188,9000,0.0,0.0
1997-07-11,16.97743860471555,17.219973441925774,16.97743860471555,17.12295913696289,122000,0.0,0.0
1997-07-14,17.21995811291824,17.365478515625,17.21995811291824,17.365478515625,34000,0.0,0.0
1997-07-15,17.292722305833465,17.316975402186458,17.219961166381836,17.219961166381836,10000,0.0,0.0
1997-07-16,17.268472722605978,17.268472722605978,17.122952248897292,17.147205352783203,19000,0.0,0.0
1997-07-17,17.147210781224995,17.147210781224995,17.074451446533203,17.074451446533203,4000,0.0,0.0
1997-07-18,17.074449917933833,17.074449917933833,17.025941848754883,17.025941848754883,431000,0.0,0.0
1997-07-21,17.074450796832956,17.074450796832956,16.928930282592773,16.928930282592773,13000,0.0,0.0
1997-07-22,17.05018958402049,17.05018958402049,16.977428436279297,16.977428436279297,45000,0.0,0.0
1997-07-23,16.977427884526367,17.122948324886607,16.977427884526367,16.98955535888672,22000,0.0,0.0
1997-07-24,16.92892941118425,17.025941848754883,16.8804213420053,17.025941848754883,6000,0.0,0.0
1997-07-25,17.025933100926093,17.17145538330078,17.025933100926093,17.17145538330078,10000,0.0,0.0
1997-07-28,17.17146721464131,17.17146721464131,17.07445290967843,17.12295913696289,18000,0.0,0.0
1997-07-29,17.0259336679018,17.038061141967773,17.0259336679018,17.038061141967773,48000,0.0,0.0
1997-07-30,17.09869424211344,17.219961577163886,17.09869424211344,17.17145538330078,9000,0.0,0.0
1997-07-31,17.268474696536547,17.462503250589354,17.268474696536547,17.426122665405273,42000,0.0,0.0
1997-08-01,17.462496942709887,17.559511184692383,17.462496942709887,17.559511184692383,8000,0.0,0.0
1997-08-04,17.511004848889105,17.5473854244851,17.511004848889105,17.52313232421875,16000,0.0,0.0
1997-08-05,17.511015175386454,17.70504379272461,17.511015175386454,17.70504379272461,11000,0.0,0.0
1997-08-06,17.753540797759104,17.899063110351562,17.705034593823665,17.899063110351562,27000,0.0,0.0
1997-08-07,17.947568474846953,17.996074676513672,17.89906227318024,17.996074676513672,10000,0.0,0.0
1997-08-08,17.959691809451986,17.965753695467882,17.802043914794922,17.802043914794922,40000,0.0,0.0
1997-08-11,17.76870144304945,17.7717342376709,17.76870144304945,17.7717342376709,8000,0.0,0.0
1997-08-12,17.70503085188684,17.729283948728696,17.656524658203125,17.656524658203125,18000,0.0,0.0
1997-08-13,17.55952325491801,17.70504379272461,17.55952325491801,17.70504379272461,16000,0.0,0.0
1997-08-14,17.608029484055532,17.70504379272461,17.608029484055532,17.70504379272461,22000,0.0,0.0
1997-08-15,17.656523492954772,17.802043914794922,17.656523492954772,17.802043914794922,5000,0.0,0.0
1997-08-18,17.777798810295675,17.78082975466597,17.656531429189684,17.753543853759766,20000,0.0,0.0
1997-08-19,17.70504379272461,17.70504379272461,17.70504379272461,17.70504379272461,1000,0.0,0.0
1997-08-20,17.802043914794922,17.802043914794922,17.802043914794922,17.802043914794922,2000,0.0,0.0
1997-08-21,17.753543853759766,17.753543853759766,17.753543853759766,17.753543853759766,2000,0.0,0.0
1997-08-22,17.802048852087616,17.899063110351562,17.802048852087616,17.899063110351562,6000,0.0,0.0
1997-08-25,17.85055128333066,17.85055128333066,17.656524658203125,17.656524658203125,52000,0.0,0.0
1997-08-26,17.559513875378496,17.559513875378496,17.462499618530273,17.462499618530273,18000,0.0,0.0
1997-08-27,17.559517154226214,17.753543853759766,17.559517154226214,17.753543853759766,10000,0.0,0.0
1997-08-28,17.84105182672092,17.84105182672092,17.768131256103516,17.768131256103516,8000,0.08,0.0
1997-08-29,17.743825017380093,17.768131256103516,17.695212539933255,17.768131256103516,12000,0.0,0.0
1997-09-02,17.76812068867021,17.777235290964768,17.76812068867021,17.771160125732422,21000,0.0,0.0
1997-09-03,17.841044631110236,17.913963317871094,17.841044631110236,17.913963317871094,8000,0.0,0.0
1997-09-04,17.91396072544897,17.986881256103516,17.91396072544897,17.986881256103516,8000,0.0,0.0
1997-09-05,17.986881256103516,17.986881256103516,17.986881256103516,17.986881256103516,7000,0.0,0.0
1997-09-08,17.938269477194147,18.18133544921875,17.938269477194147,18.18133544921875,12000,0.0,0.0
1997-09-09,18.32717863932194,18.47301788330078,18.229951858520508,18.229951858520508,29000,0.0,0.0
1997-09-10,18.30287742614746,18.30287742614746,18.30287742614746,18.30287742614746,1000,0.0,0.0
1997-09-11,18.278560832038067,18.424401902620197,18.278560832038067,18.32717514038086,14000,0.0,0.0
1997-09-12,18.424406181055115,18.473018646240234,18.37883129952656,18.473018646240234,11000,0.0,0.0
1997-09-15,18.375789642333984,18.375789642333984,18.375789642333984,18.375789642333984,15000,0.0,0.0
1997-09-16,18.22994763235459,18.66746711730957,18.22994763235459,18.66746711730957,35000,0.0,0.0
1997-09-17,18.61885517461094,18.813308715820312,18.570242716531798,18.813308715820312,108000,0.0,0.0
1997-09-18,18.716079711914062,18.81330647091714,18.618852952910988,18.716079711914062,27000,0.0,0.0
1997-09-19,18.861923531573364,18.959150314331055,18.813311067417835,18.959150314331055,28000,0.0,0.0
1997-09-22,19.00776858736414,19.396675837247077,19.00776858736414,19.323755264282227,25000,0.0,0.0
1997-09-23,19.323752939710086,19.323752939710086,19.153607429189545,19.177913665771484,5000,0.0,0.0
1997-09-24,19.275144453165193,19.591129302978516,19.250836357108707,19.591129302978516,14000,0.0,0.0
1997-09-25,19.59111758408194,19.688344346807277,19.59111758408194,19.651884078979492,36000,0.0,0.0
1997-09-26,19.65188171467836,20.028634679494864,19.54857979844844,19.931407928466797,41000,0.0,0.0
1997-09-29,19.785570352055533,20.02863632234013,19.785570352055533,19.992176055908203,28000,0.0,0.0
1997-09-30,19.955728187570447,20.174488067626953,19.955728187570447,20.174488067626953,88000,0.0,0.0
1997-10-01,20.174488067626953,20.514781008331816,20.174488067626953,20.174488067626953,55000,0.0,0.0
1997-10-02,20.17448383304478,20.17448383304478,20.028644561767578,20.028644561767578,19000,0.0,0.0
1997-10-03,20.07725703404433,20.07725703404433,20.028644561767578,20.028644561767578,32000,0.0,0.0
1997-10-06,20.028648765738396,20.174488067626953,20.028648765738396,20.174488067626953,20000,0.0,0.0
1997-10-07,20.174475392654333,20.41754136124053,20.174475392654333,20.368928909301758,13000,0.0,0.0
1997-10-08,20.466154626517014,20.660608150892145,20.466154626517014,20.611995697021484,9000,0.0,0.0
1997-10-09,20.660616043184525,20.806455314952906,20.612003570744047,20.709228515625,10000,0.0,0.0
1997-10-10,20.611997277454968,20.611997277454968,20.46615619576807,20.5147705078125,8000,0.0,0.0
1997-10-13,20.51476893483392,20.611995697021484,20.51476893483392,20.611995697021484,7000,0.0,0.0
1997-10-14,20.56338296541054,20.660609735053008,20.320316968527564,20.5147705078125,26000,0.0,0.0
1997-10-15,20.320314602916817,20.368928909301758,20.320314602916817,20.368928909301758,10000,0.0,0.0
1997-10-16,20.32032012939453,20.32032012939453,20.32032012939453,20.32032012939453,2000,0.0,0.0
1997-10-17,20.36894160670523,20.36894160670523,20.223100451083457,20.229177474975586,25000,0.0,0.0
1997-10-20,20.259550144921377,20.417543411254883,20.259550144921377,20.417543411254883,9000,0.0,0.0
1997-10-21,20.27172088623047,20.27172088623047,20.27172088623047,20.27172088623047,6000,0.0,0.0
1997-10-22,20.223088648271226,20.611995697021484,20.223088648271226,20.611995697021484,50000,0.0,0.0
1997-10-23,20.514770179340605,20.611996947426327,20.417543411254883,20.417543411254883,23000,0.0,0.0
1997-10-24,20.5147705078125,20.5147705078125,20.5147705078125,20.5147705078125,3000,0.0,0.0
1997-10-27,20.514787079459975,20.514787079459975,20.27172088623047,20.27172088623047,22000,0.0,0.0
1997-10-28,20.12586130882797,20.12586130882797,19.98002025594471,20.040786743164062,18000,0.0,0.0
1997-10-29,20.040791351054565,20.125865936279297,20.028639163484208,20.125865936279297,551000,0.0,0.0
1997-10-30,20.028638631618797,20.03471565246582,20.028638631618797,20.03471565246582,69000,0.0,0.0
1997-10-31,20.03472116132083,20.03472116132083,19.88280487060547,19.88280487060547,310000,0.0,0.0
1997-11-03,19.88280487060547,19.88280487060547,19.83419054490841,19.88280487060547,26000,0.0,0.0
1997-11-04,20.028635704815187,20.07724815559481,19.980021399589436,19.983060836791992,86000,0.0,0.0
1997-11-05,19.983060836791992,19.983060836791992,19.980021399589436,19.983060836791992,52000,0.0,0.0
1997-11-06,19.983059960140505,19.983059960140505,19.98002052307129,19.98002052307129,5000,0.0,0.0
1997-11-07,19.93140359018305,19.93140359018305,19.736950130451792,19.785564422607422,105000,0.0,0.0
1997-11-10,19.77343108917315,19.779508113861084,19.639745818276424,19.688358306884766,22000,0.0,0.0
1997-11-11,19.639732360839844,19.639732360839844,19.49389128605215,19.639732360839844,21000,0.0,0.0
1997-11-12,19.639735449765546,19.882801473379246,19.59112113237485,19.870647430419922,71000,0.0,0.0
1997-11-13,19.676195810776054,19.68834985493435,19.676195810776054,19.685312271118164,40000,0.0,0.0
1997-11-14,19.73391460232014,19.88279322177571,19.73391460232014,19.834178924560547,91000,0.0,0.0
1997-11-17,19.83418561789403,20.17447839545362,19.83418561789403,20.125865936279297,29000,0.0,0.0
1997-11-18,20.125863146340873,20.150169372558594,20.125863146340873,20.150169372558594,26000,0.0,0.0
1997-11-19,20.150172165866458,20.150172165866458,20.10155785224569,20.125865936279297,27000,0.0,0.0
1997-11-20,20.17447660470495,20.417542587894165,20.17447660470495,20.414505004882812,86000,0.0,0.0
1997-11-21,20.414505004882812,20.417542587894165,20.414505004882812,20.414505004882812,14000,0.0,0.0
1997-11-24,20.271709729798285,20.271709729798285,20.052949905395508,20.052949905395508,21000,0.0,0.0
1997-11-25,20.07724708490047,20.223086283908042,20.07724708490047,20.198780059814453,33000,0.0,0.0
1997-11-26,20.262117347270916,20.89531002401857,20.262117347270916,20.80702781677246,62000,0.08,0.0
1997-11-28,20.749176742085883,20.752222043738033,20.554349899291992,20.554349899291992,11000,0.0,0.0
1997-12-01,20.749185126546312,21.138842685637744,20.749185126546312,21.044471740722656,53000,0.0,0.0
1997-12-02,21.09012794494629,21.09012794494629,21.09012794494629,21.09012794494629,8000,0.0,0.0
1997-12-03,21.090134754728783,21.090134754728783,21.053604125976562,21.053604125976562,6000,0.0,0.0
1997-12-04,21.151002599911386,21.151002599911386,20.943998336791992,20.943998336791992,190000,0.0,0.0
1997-12-05,21.041421694353375,21.284956663366668,21.041421694353375,21.09012794494629,19000,0.0,0.0
1997-12-08,20.895292107125158,20.992704566458826,20.852672762649004,20.943998336791992,21000,0.0,0.0
1997-12-09,21.090122957459876,21.096211701850187,21.090122957459876,21.093168258666992,57000,0.0,0.0
1997-12-10,20.943999363372118,21.071855545043945,20.943999363372118,21.071855545043945,14000,0.0,0.0
1997-12-11,21.04750695890943,21.138832557184088,20.944003870988528,20.99271011352539,10000,0.0,0.0
1997-12-12,20.895289914476095,21.041410446166992,20.797875607341037,21.041410446166992,16000,0.0,0.0
1997-12-15,21.041412830354517,21.528482563195947,21.041412830354517,21.479774475097656,31000,0.0,0.0
1997-12-16,21.43107571440346,21.52849006652832,21.18754076310342,21.52849006652832,35000,0.0,0.0
1997-12-17,21.52848764783209,21.67460823059082,21.479779548229835,21.67460823059082,16000,0.0,0.0
1997-12-18,21.479789364909596,21.57720375061035,21.38237683723371,21.57720375061035,29000,0.0,0.0
1997-12-19,21.431076049804688,21.516312912488832,21.090126741043854,21.431076049804688,42000,0.0,0.0
1997-12-22,21.33365724363194,21.43411502004412,21.33365724363194,21.345834732055664,58000,0.0,0.0
1997-12-23,21.406722925898396,21.431076049804688,21.406722925898396,21.431076049804688,35000,0.0,0.0
1997-12-24,21.431076049804688,21.431076049804688,21.431076049804688,21.431076049804688,6000,0.0,0.0
1997-12-26,21.284963983777793,21.284963983777793,21.187549591064453,21.187549591064453,13000,0.0,0.0
1997-12-29,21.28495544834269,21.47978229761727,21.28495544834269,21.431076049804688,10000,0.0,0.0
1997-12-30,21.333661028487988,22.161680221557617,21.333661028487988,22.161680221557617,30000,0.0,0.0
1997-12-31,22.161682272470127,22.79487282293583,22.161682272470127,22.648752212524414,85000,0.0,0.0
1998-01-02,22.502628466412546,22.502628466412546,22.405214120371326,22.453920364379883,30000,0.0,0.0
1998-01-05,22.405202685172263,22.40824612711044,21.82071876525879,21.82071876525879,72000,0.0,0.0
1998-01-06,21.95467101700067,21.95467101700067,21.918140411376953,21.918140411376953,26000,0.0,0.0
1998-01-07,21.820730926455834,21.820730926455834,21.552842855785375,21.625904083251953,47000,0.0,0.0
1998-01-08,21.528494797913314,21.528494797913314,21.28495979309082,21.28495979309082,8000,0.0,0.0
1998-01-09,21.288002366987232,21.288002366987232,21.187544553210543,21.190587997436523,98000,0.0,0.0
1998-01-12,21.187533378599888,21.28494769677288,20.895292282104492,20.895292282104492,85000,0.0,0.0
1998-01-13,21.090124778548166,21.17536163330078,21.090124778548166,21.17536163330078,7000,0.0,0.0
1998-01-14,21.187530063603546,21.333650588989258,21.138823841149403,21.333650588989258,70000,0.0,0.0
1998-01-15,21.236246680795798,21.625904083251953,21.236246680795798,21.625904083251953,42000,0.0,0.0
1998-01-16,21.723314472169058,21.918143154530043,21.67460823059082,21.67460823059082,12000,0.0,0.0
1998-01-20,21.723319527926805,21.723319527926805,21.528492658246975,21.531536102294922,46000,0.0,0.0
1998-01-21,21.431065291929404,21.50412648499758,21.431065291929404,21.43410873413086,126000,0.0,0.0
1998-01-22,21.38235683974943,21.38235683974943,21.309295654296875,21.309295654296875,46000,0.0,0.0
1998-01-23,21.211881359701177,21.333648763440017,21.041407737676057,21.309295654296875,179000,0.0,0.0
1998-01-26,21.187546603771864,21.187546603771864,20.968364715576172,20.968364715576172,31000,0.0,0.0
1998-01-27,20.971401880925924,21.772022571771313,20.944003458773153,21.67460823059082,256000,0.0,0.0
1998-01-28,21.72332555421903,22.259103775024414,21.72332555421903,22.259103775024414,132000,0.0,0.0
1998-01-29,22.161666732994238,22.697442548165093,22.161666732994238,22.456953048706055,125000,0.0,0.0
1998-01-30,22.35651158489293,22.35651158489293,22.222566604614258,22.222566604614258,79000,0.0,0.0
1998-02-02,22.11296109954847,22.9866407285305,22.11296109954847,22.977508544921875,336000,0.0,0.0
1998-02-03,22.928808357056027,23.76900291442871,22.90445524168735,23.76900291442871,86000,0.0,0.0
1998-02-04,23.768998378446213,23.768998378446213,23.379343032836914,23.379343032836914,43000,0.0,0.0
1998-02-05,23.2712778758323,23.30933019695243,23.23322555471217,23.236268997192383,132000,0.0,0.0
1998-02-06,23.1845254520074,23.476768493652344,22.916637390684297,23.476768493652344,98000,0.0,0.0
1998-02-09,23.379343032836914,23.51328792883851,23.28497403203346,23.379343032836914,82000,0.0,0.0
1998-02-10,23.476773746457148,23.476773746457148,23.281945008435276,23.284990310668945,16000,0.0,0.0
1998-02-11,23.18453065361062,23.233238767158166,23.144956588745117,23.144956588745117,44000,0.0,0.0
1998-02-12,23.184525270370976,23.452415187619458,23.08711278194329,23.187570571899414,93000,0.0,0.0
1998-02-13,23.187561913775486,23.281930923461914,23.087104161329805,23.281930923461914,15000,0.0,0.0
1998-02-17,23.281930923461914,23.281930923461914,23.041441377670548,23.281930923461914,43000,0.0,0.0
1998-02-18,23.233235732175963,23.671597548692908,23.233235732175963,23.461549758911133,46000,0.0,0.0
1998-02-19,23.464574184245752,23.464574184245752,23.281923110899744,23.354984283447266,104000,0.0,0.0
1998-02-20,23.23323367131857,23.23323367131857,22.846621582069133,23.230188369750977,138000,0.0,0.0
1998-02-23,23.23323101601769,23.23323101601769,23.169301986694336,23.169301986694336,22000,0.0,0.0
1998-02-24,23.166253782811545,23.166253782811545,22.940983291911184,23.017087936401367,122000,0.0,0.0
1998-02-25,23.02014097705445,23.13581970396946,23.02014097705445,23.132776260375977,110000,0.0,0.0
1998-02-26,23.132178452722133,23.41881574405356,23.132178452722133,23.32428741455078,108000,0.08,0.0
1998-02-27,23.324267073175832,23.324267073175832,23.02848243713379,23.02848243713379,16000,0.0,0.0
1998-03-02,23.031533619383545,23.07727345916565,22.940053939819336,22.940053939819336,41000,0.0,0.0
1998-03-03,22.943105830159727,22.943105830159727,22.73575038777331,22.763195037841797,196000,0.0,0.0
1998-03-04,22.83333672990365,23.0772826391145,22.766251232638748,22.979703903198242,133000,0.0,0.0
1998-03-05,22.882124541930693,23.223647288786275,22.784545816617936,22.982751846313477,165000,0.0,0.0
1998-03-06,22.982738510275595,23.37000274658203,22.833320999358225,23.37000274658203,97000,0.0,0.0
1998-03-09,23.223638835424893,23.226689274543943,23.06812413627305,23.0711727142334,14000,0.0,0.0
1998-03-10,22.93092198357779,23.034599768925034,22.882133532332098,23.004106521606445,85000,0.0,0.0
1998-03-11,22.88212634704284,23.491991101909015,22.78454761403234,23.077281951904297,148000,0.0,0.0
1998-03-12,23.08032080020565,23.24803352355957,23.08032080020565,23.24803352355957,167000,0.0,0.0
1998-03-13,23.248029545348196,23.51636948456432,23.248029545348196,23.418790817260742,236000,0.0,0.0
1998-03-16,23.27243047428729,23.687137603759766,23.223640195952473,23.687137603759766,85000,0.0,0.0
1998-03-17,23.46758295245558,23.796911239624023,23.46758295245558,23.796911239624023,83000,0.0,0.0
1998-03-18,23.80302038719842,23.809119406914732,23.714591115370144,23.784725189208984,123000,0.0,0.0
1998-03-19,23.78472270080337,23.900596618652344,23.61396133356902,23.900596618652344,303000,0.0,0.0
1998-03-20,23.90669059753418,24.101847999936805,23.90669059753418,23.90669059753418,62000,0.0,0.0
1998-03-23,23.809111896332865,24.053057718756687,23.809111896332865,23.90669059753418,37000,0.0,0.0
1998-03-24,24.0530545129204,24.394578991026506,24.0530545129204,24.101844787597656,38000,0.0,0.0
1998-03-25,24.589729235296222,24.589729235296222,24.296993255615234,24.296993255615234,81000,0.0,0.0
1998-03-26,24.248219807934852,24.25126838684082,23.955483647749908,24.25126838684082,18000,0.0,0.0
1998-03-27,24.30005074189975,24.30005074189975,24.101844787597656,24.101844787597656,63000,0.0,0.0
1998-03-30,24.101847999936805,24.297003541180505,23.90364201921745,23.90669059753418,235000,0.0,0.0
1998-03-31,24.053063187436486,24.394587788710297,24.053063187436486,24.38848876953125,33000,0.0,0.0
1998-04-01,23.41879718710127,23.900589777833314,23.41879718710127,23.821308135986328,285000,0.0,0.0
1998-04-02,23.90669859258738,24.004277326421686,23.766430442247753,23.85791015625,107000,0.0,0.0
1998-04-03,23.699328813664973,24.10183965350718,23.699328813664973,24.09878921508789,110000,0.0,0.0
1998-04-06,24.394589018607093,24.78490207067292,24.004275966541268,24.589746475219727,161000,0.0,0.0
1998-04-07,24.882465599742684,24.882465599742684,23.95547103881836,23.95547103881836,165000,0.0,0.0
1998-04-08,23.88229499478141,24.443369236940708,23.687137603759766,23.687137603759766,198000,0.0,0.0
1998-04-09,23.857904032810847,24.598889153813744,23.857904032810847,24.10489845275879,202000,0.0,0.0
1998-04-13,24.492163011740477,24.736108854763472,24.440324147866274,24.44337272644043,40000,0.0,0.0
1998-04-14,24.248230183436107,24.98006810530343,24.15065142162178,24.736122131347656,112000,0.0,0.0
1998-04-15,24.882469518021633,25.199599775950052,24.784890833954535,24.833681106567383,199000,0.0,0.0
1998-04-16,24.882476638859195,25.126422488259774,24.687319214875078,24.958709716796875,110000,0.0,0.0
1998-04-17,24.980067229203158,25.370380401611328,24.931276919427127,25.370380401611328,197000,0.0,0.0
1998-04-20,25.12641690060787,25.617357068886847,24.93125952002316,25.38256072998047,380000,0.0,0.0
1998-04-21,25.284981304387927,25.65699900340729,25.284981304387927,25.565519332885742,234000,0.0,0.0
1998-04-22,25.419159691770645,25.85826301574707,25.419159691770645,25.85826301574707,72000,0.0,0.0
1998-04-23,26.00463004705068,26.00463004705068,24.784900665283203,24.784900665283203,141000,0.0,0.0
1998-04-24,25.12641529761008,25.22399398167718,24.687312149887436,24.833681106567383,78000,0.0,0.0
1998-04-27,24.638526649475097,24.6873150666937,24.394580841064453,24.394580841064453,491000,0.0,0.0
1998-04-28,24.394592016373373,24.88248385670084,24.394592016373373,24.781856536865234,110000,0.0,0.0
1998-04-29,24.931263510334443,25.028842216244517,24.885523666422753,24.90991973876953,51000,0.0,0.0
1998-04-30,24.88246726989746,25.0532285557177,24.88246726989746,24.88246726989746,51000,0.0,0.0
1998-05-01,24.882477474096767,25.172163179983922,24.882477474096767,25.095930099487305,126000,0.0,0.0
1998-05-04,25.07762973580468,25.17520656980114,24.980051040649414,24.980051040649414,132000,0.0,0.0
1998-05-05,24.9800502593719,24.9800502593719,24.955656051635742,24.955656051635742,107000,0.0,0.0
1998-05-06,24.93125646320357,24.967848700221474,24.906862258911133,24.906862258911133,66000,0.0,0.0
1998-05-07,24.73610203857871,24.97699737548828,24.73610203857871,24.97699737548828,32000,0.0,0.0
1998-05-08,24.93126924010559,25.126426696777344,24.93126924010559,25.126426696777344,114000,0.0,0.0
1998-05-11,24.98005134136646,25.123369877117433,24.93126106262207,24.93126106262207,22000,0.0,0.0
1998-05-12,24.931261649567972,24.934312088963154,24.833684812099644,24.919065475463867,239000,0.0,0.0
1998-05-13,24.980050461141026,24.980050461141026,24.88552034630658,24.88857078552246,72000,0.0,0.0
1998-05-14,24.98005105212947,24.98005105212947,24.882472356929355,24.885520935058594,65000,0.0,0.0
1998-05-15,24.88246726989746,25.07762462039924,24.88246726989746,24.88246726989746,84000,0.0,0.0
1998-05-18,24.98005105212947,24.98005105212947,24.882472356929355,24.885520935058594,63000,0.0,0.0
1998-05-19,24.882476405352605,25.077633827505288,24.882476405352605,24.922117233276367,88000,0.0,0.0
1998-05-20,25.028846427007153,25.126425149333517,24.93126770468079,25.07763671875,104000,0.0,0.0
1998-05-21,25.175218181713326,25.224008482374586,25.02885100204888,25.102035522460938,74000,0.0,0.0
1998-05-22,25.028834352194583,25.07762462039924,24.736100187600336,24.88246726989746,36000,0.0,0.0
1998-05-26,24.88247176824947,24.949557235934837,24.88247176824947,24.88857078552246,68000,0.0,0.0
1998-05-27,24.791005514515355,24.791005514515355,24.687327748219523,24.690378189086914,26000,0.0,0.0
1998-05-28,24.68731975897117,24.69037437438965,24.68731975897117,24.69037437438965,44000,0.1,0.0
1998-05-29,24.690363010889826,24.833965301513672,24.687308396877206,24.833965301513672,255000,0.0,0.0
1998-06-01,24.83398050598834,24.83398050598834,24.803426887780958,24.821760177612305,172000,0.0,0.0
1998-06-02,24.83397715293937,24.90119547688885,24.83397715293937,24.895084381103516,12000,0.0,0.0
1998-06-03,24.876745223999023,24.888965546925583,24.86452303622843,24.876745223999023,18000,0.0,0.0
1998-06-04,24.88896602334022,24.9439640045166,24.882856794182015,24.9439640045166,23000,0.0,0.0
1998-06-05,24.94395732099955,25.078392028808594,24.931735136269836,25.078392028808594,30000,0.0,0.0
1998-06-08,25.127300072426674,25.304510711244653,25.102855682373047,25.102855682373047,54000,0.0,0.0
1998-06-09,25.121173858642578,25.12728495247873,25.09062025430583,25.121173858642578,80000,0.0,0.0
1998-06-10,25.127283549924087,25.347267996994365,25.127283549924087,25.33199119567871,67000,0.0,0.0
1998-06-11,25.33199209364356,25.33199209364356,25.27394136549265,25.322826385498047,25000,0.0,0.0
1998-06-12,25.310610458085627,25.313665073049904,25.225058860954256,25.264780044555664,193000,0.0,0.0
1998-06-15,25.24033842112178,25.26478280288196,25.231172710383966,25.2495059967041,142000,0.0,0.0
1998-06-16,25.396156259842673,25.396156259842673,25.35949156172439,25.390045166015625,165000,0.0,0.0
1998-06-17,25.383918871910822,25.402252142413726,25.371698556418448,25.396141052246094,22000,0.0,0.0
1998-06-18,25.408387027881908,25.542823687967015,25.402277796387406,25.524492263793945,60000,0.0,0.0
1998-06-19,25.536708370200344,25.536708370200344,25.463380820784934,25.46949005126953,15000,0.0,0.0
1998-06-22,25.49392646776631,25.49392646776631,25.408374889576336,25.420597076416016,43000,0.0,0.0
1998-06-23,25.402276999165977,25.40838623046875,25.37172338327323,25.40838623046875,36000,0.0,0.0
1998-06-24,25.390045861147627,25.762800216674805,25.37171444400861,25.762800216674805,70000,0.0,0.0
1998-06-25,25.750585836438866,26.080564498901367,25.652813897416188,26.080564498901367,104000,0.0,0.0
1998-06-26,26.111111942610513,26.2883243560791,26.007230797134785,26.2883243560791,40000,0.0,0.0
1998-06-29,26.44721524319892,26.618316650390625,26.42277271784157,26.618316650390625,59000,0.0,0.0
1998-06-30,26.74051147559664,27.082712173461914,26.64273958122888,27.082712173461914,214000,0.0,0.0
1998-07-01,27.02159632939803,27.02159632939803,26.69161605834961,26.69161605834961,69000,0.0,0.0
1998-07-02,26.69161605834961,26.838274785412544,26.496074197004333,26.69161605834961,82000,0.0,0.0
1998-07-06,26.911612796375074,27.156041617168388,26.911612796375074,27.088823318481445,35000,0.0,0.0
1998-07-07,27.088828281759945,27.25381851196289,27.088828281759945,27.25381851196289,14000,0.0,0.0
1998-07-08,27.241578596920785,27.241578596920785,27.03381456933821,27.180471420288086,31000,0.0,0.0
1998-07-09,27.14382384279714,27.211040282949217,27.04299545288086,27.04299545288086,84000,0.0,0.0
1998-07-10,27.082719679804995,27.12549361336617,26.789403915405273,26.789403915405273,70000,0.0,0.0
1998-07-13,26.78940058346858,27.131601333618164,26.78940058346858,27.131601333618164,63000,0.0,0.0
1998-07-14,27.143826268390427,27.25381851196289,27.08271905199589,27.25381851196289,113000,0.0,0.0
1998-07-15,27.15605072806024,27.229380144837915,27.143830401826982,27.159107208251953,30000,0.0,0.0
1998-07-16,27.159096006739276,27.376025822565403,27.13159702057821,27.32714080810547,55000,0.0,0.0
1998-07-17,27.327127768688197,28.20707066299962,27.327127768688197,28.12152099609375,124000,0.0,0.0
1998-07-20,28.10932143674578,28.451522244596777,28.08487892150879,28.08487892150879,131000,0.0,0.0
1998-07-21,28.084869717579668,28.103201131788776,27.742669021874143,27.864883422851562,127000,0.0,0.0
1998-07-22,27.791549323536398,28.06042245196719,27.791549323536398,27.99931526184082,88000,0.0,0.0
1998-07-23,27.852677736811298,27.852677736811298,26.642755196311256,26.887184143066406,786000,0.0,0.0
1998-07-24,26.890234165288625,27.327152324850367,26.890234165288625,27.058279037475586,68000,0.0,0.0
1998-07-27,26.887159694032192,26.936044692993164,26.422744744530277,26.936044692993164,44000,0.0,0.0
1998-07-28,26.936059434726385,26.936059434726385,26.520531121615704,26.58163833618164,23000,0.0,0.0
1998-07-29,26.581637064615887,26.581637064615887,26.3983154296875,26.3983154296875,9000,0.0,0.0
1998-07-30,26.398313847351464,26.44719886779785,26.300541941614696,26.44719886779785,12000,0.0,0.0
1998-07-31,26.32498136191359,26.43497544227327,26.007225036621094,26.007225036621094,83000,0.0,0.0
1998-08-03,26.007227832327125,26.007227832327125,25.76279900282188,25.860570907592773,49000,0.0,0.0
1998-08-04,25.860584857285204,26.422770349494456,25.860584857285204,25.958354949951172,111000,0.0,0.0
1998-08-05,25.836126222237734,25.836126222237734,25.273941040039062,25.273941040039062,110000,0.0,0.0
1998-08-06,25.26171581122018,25.665023699466254,24.785080402739013,25.652801513671875,61000,0.0,0.0
1998-08-07,25.665029365168202,25.665029365168202,25.567257451760636,25.640586853027344,58000,0.0,0.0
1998-08-10,25.64057064177449,25.64057064177449,25.37169944853063,25.38697624206543,5000,0.0,0.0
1998-08-11,25.322816037866712,25.322816037866712,24.833958578198075,24.956172943115234,48000,0.0,0.0
1998-08-12,24.943957631379938,24.96840013629994,24.29622099436004,24.85840606689453,69000,0.0,0.0
1998-08-13,24.736195094664616,24.919516704155246,24.662867569774672,24.80341339111328,23000,0.0,0.0
1998-08-14,24.540659861177083,24.543714476231397,23.465172419003867,23.694324493408203,117000,0.0,0.0
1998-08-17,23.685155400358344,24.613983890369127,23.685155400358344,24.44288444519043,30000,0.0,0.0
1998-08-18,24.467331089741425,24.73620249108804,24.345116646870743,24.49177360534668,75000,0.0,0.0
1998-08-19,24.198447842974094,24.345104729659784,24.051790956288404,24.14956283569336,59000,0.0,0.0
1998-08-20,24.174001396650684,24.174001396650684,23.856243306620524,23.880685806274414,12000,0.0,0.0
1998-08-21,23.856250108185847,24.296222686767578,23.416279394447834,24.296222686767578,214000,0.0,0.0
1998-08-24,24.198444366455078,24.222886866583863,24.149559366197508,24.198444366455078,35000,0.0,0.0
1998-08-25,24.296215792050962,24.442872655012398,24.198443928462275,24.39398765563965,57000,0.0,0.0
1998-08-26,24.14955921050592,24.14955921050592,23.660701751708984,23.660701751708984,81000,0.0,0.0
1998-08-27,23.56294440496246,23.56294440496246,22.43857192993164,22.43857192993164,435000,0.0,0.0
1998-08-28,22.53655754253982,22.53655754253982,21.899655203164322,21.99764060974121,118000,0.1,0.0
1998-08-31,21.948640179761085,21.948640179761085,20.086925506591797,20.086925506591797,407000,0.0,0.0
1998-09-01,20.086915999138366,21.40971328018164,20.086915999138366,21.360719680786133,164000,0.0,0.0
1998-09-02,21.21375042306479,22.095614978480928,21.115765057148465,22.04662322998047,103000,0.0,0.0
1998-09-03,22.05888043457694,22.071127441870807,21.262752072747023,21.899654388427734,52000,0.0,0.0
1998-09-04,21.948639977401687,22.046625352752596,21.507708591695987,21.85065460205078,41000,0.0,0.0
1998-09-08,22.09562383249052,22.309966088671782,21.85066125399765,22.1936092376709,62000,0.0,0.0
1998-09-09,22.291595474726133,22.75702476501465,22.291595474726133,22.75702476501465,74000,0.0,0.0
1998-09-10,22.610029149116812,22.610029149116812,21.970064163208008,21.970064163208008,118000,0.0,0.0
1998-09-11,21.87514960988054,22.414066303491236,21.80166012033574,22.4110050201416,27000,0.0,0.0
1998-09-14,22.166045923768138,22.683528106021203,22.046625952293628,22.588605880737305,36000,0.0,0.0
1998-09-15,22.453869621021013,22.97135353088379,22.38956772711824,22.97135353088379,71000,0.0,0.0
1998-09-16,22.92849535575399,23.381675720214844,22.683532794540987,23.381675720214844,37000,0.0,0.0
1998-09-17,23.271447579474373,23.302067905236836,22.959119882913942,23.204082489013672,68000,0.0,0.0
1998-09-18,23.19794785942531,23.19794785942531,22.98054438958176,23.127521514892578,98000,0.0,0.0
1998-09-21,23.054040798457066,23.054040798457066,22.8121395111084,22.8121395111084,306000,0.0,0.0
1998-09-22,22.72028161829832,22.855011798641836,22.218107530381246,22.254852294921875,99000,0.0,0.0
1998-09-23,22.16910715931815,22.585542678833008,22.16910715931815,22.585542678833008,145000,0.0,0.0
1998-09-24,22.683532635897844,22.757022151314185,22.570237078345986,22.67128562927246,98000,0.0,0.0
1998-09-25,22.671281101841533,22.671281101841533,22.588605880737305,22.588605880737305,14000,0.0,0.0
1998-09-28,22.781516106952797,23.173455795224726,22.73252434676225,23.12446403503418,77000,0.0,0.0
1998-09-29,23.026481638407304,23.029542922973633,23.026481638407304,23.029542922973633,20000,0.0,0.0
1998-09-30,23.017290224141483,23.017290224141483,22.585542678833008,22.585542678833008,86000,0.0,0.0
1998-10-01,22.597800568588028,22.76315107641254,22.107875353008883,22.285472869873047,416000,0.0,0.0
1998-10-02,22.120112931943986,22.29158592224121,21.963948227897713,22.29158592224121,164000,0.0,0.0
1998-10-05,22.291586695052047,22.487557435541778,21.850653463407898,21.936391830444336,45000,0.0,0.0
1998-10-06,21.92414088796613,22.19359922900723,21.92414088796613,22.13848304748535,48000,0.0,0.0
1998-10-07,21.893526732289384,22.14461370635895,21.654688632629398,21.9731388092041,83000,0.0,0.0
1998-10-08,21.954765391904253,21.954765391904253,21.017784520234443,21.066776275634766,41000,0.0,0.0
1998-10-09,21.06677918276747,21.189260457085883,20.956546783447266,20.956546783447266,89000,0.0,0.0
1998-10-12,21.06677177153438,21.08208192543811,20.331884384155273,20.331884384155273,222000,0.0,0.0
1998-10-13,19.596995317853395,20.356378512637193,19.596995317853395,20.13591194152832,326000,0.0,0.0
1998-10-14,19.988941363596282,20.319640393556547,19.719482963958868,20.233903884887695,85000,0.0,0.0
1998-10-15,20.086926415904454,22.438566207885742,19.96444515727089,22.438566207885742,310000,0.0,0.0
1998-10-16,22.343639870965067,22.876432126689956,22.29158497183568,22.622283935546875,23000,0.0,0.0
1998-10-19,22.61004307737003,23.12446403503418,22.389576418680864,23.12446403503418,67000,0.0,0.0
1998-10-20,23.13670637166534,23.28368536040851,23.026473999023438,23.026473999023438,611000,0.0,0.0
1998-10-21,22.952990600845716,23.099969628625743,22.903998837529688,23.075471878051758,22000,0.0,0.0
1998-10-22,23.08772366936346,23.418422785804523,23.07547479252941,23.197956085205078,34000,0.0,0.0
1998-10-23,23.185704986875653,23.19795199263288,23.161209106445312,23.161209106445312,3000,0.0,0.0
1998-10-26,23.148959639889302,23.148959639889302,22.781515836081535,22.867252349853516,25000,0.0,0.0
1998-10-27,22.524299533203934,22.5977890255687,22.29158592224121,22.29158592224121,183000,0.0,0.0
1998-10-28,22.169104680910216,22.340577671207438,22.1446088064271,22.29158592224121,68000,0.0,0.0
1998-10-29,22.3650798864727,23.271440505981445,22.352831012324284,23.271440505981445,37000,0.0,0.0
1998-10-30,23.271442482857584,24.422765731811523,23.17345708809394,24.422765731811523,106000,0.0,0.0
1998-11-02,24.419708362218206,24.66773223876953,24.39827376165934,24.66773223876953,162000,0.0,0.0
1998-11-03,24.667716621438778,24.888183188192045,24.667716621438778,24.842252731323242,98000,0.0,0.0
1998-11-04,24.888194730139798,25.310754755512782,24.888194730139798,25.30463218688965,62000,0.0,0.0
1998-11-05,25.280124023319157,26.076251983642578,25.206636409869173,26.076251983642578,38000,0.0,0.0
1998-11-06,25.917034509830085,26.431455411101343,25.917034509830085,26.406959533691406,117000,0.0,0.0
1998-11-09,26.4069713862253,26.410032671432205,25.280141830444336,25.280141830444336,157000,0.0,0.0
1998-11-10,24.888192532250876,25.157650939930686,24.81470489501953,24.81470489501953,69000,0.0,0.0
1998-11-11,24.823895087244253,24.823895087244253,24.055323893971714,24.202302932739258,20000,0.0,0.0
1998-11-12,24.19005450365406,24.25741958618164,23.981836686772926,24.25741958618164,22000,0.0,0.0
1998-11-13,24.25741497896169,24.398267686563038,24.20229878333142,24.39214324951172,19000,0.0,0.0
1998-11-16,24.20229868099853,24.20229868099853,23.95886679333533,24.153305053710938,42000,0.0,0.0
1998-11-17,24.10431195753422,24.496251609503137,24.10431195753422,24.444196701049805,121000,0.0,0.0
1998-11-18,24.444203136582438,24.444203136582438,24.3002872467041,24.3002872467041,28000,0.0,0.0
1998-11-19,24.27577773479269,24.48399543762207,24.27577773479269,24.48399543762207,35000,0.0,0.0
1998-11-20,24.471756852647236,24.58198924237311,24.349275588989258,24.349275588989258,7000,0.0,0.0
1998-11-23,24.496246337890625,24.75345767200459,24.398260978756007,24.496246337890625,74000,0.0,0.0
1998-11-24,24.569735221334806,24.912681166514446,24.31252389353484,24.863689422607422,34000,0.0,0.0
1998-11-25,24.86674921107022,24.86674921107022,24.4472525231789,24.692214965820312,518000,0.0,0.0
1998-11-27,24.679943616565584,24.692214965820312,24.65539717279464,24.692214965820312,1000,0.1,0.0
1998-11-30,24.704495467379132,24.741313271253905,24.471317291259766,24.471317291259766,91000,0.0,0.0
1998-12-01,24.348584062829794,24.348584062829794,23.93132075764617,23.943593978881836,20000,0.0,0.0
1998-12-02,23.869966254420877,24.139960356808384,23.808603873304115,23.906784057617188,43000,0.0,0.0
1998-12-03,23.906784725376287,24.409955141009434,23.906784725376287,24.34859275817871,33000,0.0,0.0
1998-12-04,24.34859843987429,24.34859843987429,23.722703112528304,23.833154678344727,70000,0.0,0.0
1998-12-07,23.83314222784244,24.10313625972829,23.661328354632566,23.980411529541016,107000,0.0,0.0
1998-12-08,23.885301740957797,23.885301740957797,23.46496914568516,23.538604736328125,114000,0.0,0.0
1998-12-09,23.61223753474237,23.61223753474237,22.58135054167475,22.92498016357422,121000,0.0,0.0
1998-12-10,22.94339779061189,23.560090948316642,22.94339779061189,23.216461181640625,99000,0.0,0.0
1998-12-11,23.20418450439496,23.20418450439496,22.875895384391434,22.937257766723633,121000,0.0,0.0
1998-12-14,22.94953030734264,22.94953030734264,22.49544906616211,22.49544906616211,100000,0.0,0.0
1998-12-15,22.262268879649522,22.262268879649522,22.090454978866322,22.23772430419922,59000,0.0,0.0
1998-12-16,22.15181735380762,22.667260928788288,22.041365827965716,22.23772430419922,84000,0.0,0.0
1998-12-17,22.262274218406436,23.05998528394383,22.262274218406436,22.99862289428711,66000,0.0,0.0
1998-12-18,23.14588494669686,23.56314828180145,23.14588494669686,23.219518661499023,38000,0.0,0.0
1998-12-21,23.280890643659188,23.39134407043457,23.12748466699745,23.39134407043457,13000,0.0,0.0
1998-12-22,23.293151414298958,23.36678512014035,22.97406640442793,23.072246551513672,69000,0.0,0.0
1998-12-23,23.17043060999093,24.348586956012316,23.17043060999093,23.710418701171875,125000,0.0,0.0
1998-12-24,23.612241828348424,23.612241828348424,23.17043383925224,23.422019958496094,115000,0.0,0.0
1998-12-28,23.422025603615822,23.7840633392334,23.422025603615822,23.7840633392334,11000,0.0,0.0
1998-12-29,23.980432213847674,24.18906593322754,23.968160853822756,24.18906593322754,44000,0.0,0.0
1998-12-30,24.00495052296315,24.962201623205146,24.00495052296315,24.74129867553711,122000,0.0,0.0
1998-12-31,24.74130917139686,25.502202210653085,24.74130917139686,25.47458839416504,32000,0.0,0.0
1999-01-04,25.244490786417813,25.354944229125977,25.048132231545225,25.354944229125977,121000,0.0,0.0
1999-01-05,25.232208251953125,25.232208251953125,25.035847911438466,25.232208251953125,52000,0.0,0.0
1999-01-06,25.244491601568534,25.428578806061203,25.244491601568534,25.41630744934082,28000,0.0,0.0
1999-01-07,25.330385334213954,25.46538329591938,25.035846710205078,25.035846710205078,58000,0.0,0.0
1999-01-08,25.158567189322923,25.21992954832127,25.158567189322923,25.195384979248047,31000,0.0,0.0
1999-01-11,25.183121312242505,25.33039065518273,25.172383644396426,25.281301498413086,46000,0.0,0.0
1999-01-12,25.232218816151857,25.404032781563828,25.232218816151857,25.39482879638672,31000,0.0,0.0
1999-01-13,25.33038311140623,25.33345235318483,24.98675537109375,24.98675537109375,93000,0.0,0.0
1999-01-14,24.999033830371417,24.999033830371417,24.6983585357666,24.6983585357666,68000,0.0,0.0
1999-01-15,24.698371190835935,24.790414810180664,24.581782980859057,24.790414810180664,34000,0.0,0.0
1999-01-19,24.544956708195233,24.544956708195233,24.250417976749524,24.29950714111328,93000,0.0,0.0
1999-01-20,24.29950299461255,24.888582229614258,24.29950299461255,24.888582229614258,90000,0.0,0.0
1999-01-21,24.949937578165773,25.232204827105946,24.692214900300673,24.98675537109375,67000,0.0,0.0
1999-01-22,24.93767779288443,24.93767779288443,24.557232054657504,24.796545028686523,23000,0.0,0.0
1999-01-25,24.784269155770016,24.784269155770016,24.54495620727539,24.54495620727539,146000,0.0,0.0
1999-01-26,24.446765509156826,24.71675953696051,24.43142491811536,24.692214965820312,75000,0.0,0.0
1999-01-27,24.76586150209844,24.790406084091025,24.544956518902005,24.679954528808594,30000,0.0,0.0
1999-01-28,24.67995185959835,25.207666869575537,24.618589474937618,24.962217330932617,52000,0.0,0.0
1999-01-29,24.765861187667177,24.86404138702259,24.54495620727539,24.54495620727539,184000,0.0,0.0
1999-02-01,24.581761986701586,24.667668916861047,24.02950074229425,24.532670974731445,45000,0.0,0.0
1999-02-02,24.15222893787792,24.53267450406762,24.15222893787792,24.483585357666016,55000,0.0,0.0
1999-02-03,24.49586853529303,24.53882108769191,24.446777496310748,24.5142765045166,8000,0.0,0.0
1999-02-04,24.446778383269063,24.446778383269063,23.61224941660914,23.95587921142578,44000,0.0,0.0
1999-02-05,24.00496345000633,24.054052604227785,23.808603087858113,24.017234802246094,17000,0.0,0.0
1999-02-08,24.004968643188477,24.004968643188477,24.004968643188477,24.004968643188477,0,0.0,0.0
1999-02-09,23.882244323472754,23.882244323472754,23.26862038785045,23.67361068725586,96000,0.0,0.0
1999-02-10,23.67360936281535,23.857696533203125,22.949533908342712,23.857696533203125,77000,0.0,0.0
1999-02-11,23.79633244472643,23.802469057827693,23.366795744477713,23.563156127929688,55000,0.0,0.0
1999-02-12,23.415896052521646,23.550892231069167,22.82681654144188,23.54782485961914,45000,0.0,0.0
1999-02-16,23.550877676701315,23.563150900180887,23.072251923093788,23.48951530456543,59000,0.0,0.0
1999-02-17,23.48032521212322,23.69816288563742,23.464984610015126,23.587709426879883,63000,0.0,0.0
1999-02-18,23.514069938066903,23.661339307939414,23.3177095298158,23.32998275756836,47000,0.0,0.0
1999-02-19,23.31770658493042,23.64906309345315,23.31770658493042,23.563156127929688,111000,0.0,0.0
1999-02-22,23.56315399328044,23.68587875366211,23.56315399328044,23.68587875366211,9000,0.0,0.0
1999-02-23,23.68587141613717,23.784051568554027,23.64905362490202,23.734960556030273,87000,0.0,0.0
1999-02-24,23.738038247588207,23.738038247588207,23.486452102661133,23.486452102661133,100000,0.0,0.0
1999-02-25,23.42803035934129,23.6125030393361,23.14517187470528,23.41573143005371,25000,0.1,0.0
1999-02-26,23.418805568396426,23.563309533581656,23.26968903589186,23.403432846069336,11000,0.0,0.0
1999-03-01,23.31736481579871,23.600221633911133,23.30506587737881,23.600221633911133,22000,0.0,0.0
1999-03-02,23.612507044057377,23.612507044057377,23.440333264149178,23.44340705871582,84000,0.0,0.0
1999-03-03,23.4895246204577,23.64940134135265,23.36654281616211,23.36654281616211,85000,0.0,0.0
1999-03-04,23.415748816939796,23.606371103121084,23.415748816939796,23.600221633911133,65000,0.0,0.0
1999-03-05,23.68629721265368,23.68629721265368,23.169772112550376,23.464929580688477,42000,0.0,0.0
1999-03-08,23.477222329455028,23.477222329455028,23.02219009399414,23.02219009399414,9000,0.0,0.0
1999-03-09,23.09597036145623,23.354230880737305,22.825410917972665,23.354230880737305,38000,0.0,0.0
1999-03-10,23.28046060914301,23.28046060914301,23.022198017575654,23.2066707611084,10000,0.0,0.0
1999-03-11,23.20667408522963,23.612514554444964,23.20667408522963,23.57869529724121,62000,0.0,0.0
1999-03-12,23.624812439518628,23.710899353027344,23.587917511856617,23.710899353027344,73000,0.0,0.0
1999-03-15,23.710909023587753,23.98146880920113,23.661715141123217,23.833890914916992,201000,0.0,0.0
1999-03-16,23.8338749302889,23.919961821172656,23.821575998782585,23.858470916748047,80000,0.0,0.0
1999-03-17,23.870766986015692,24.10443164419011,23.85846805598409,23.95685386657715,25000,0.0,0.0
1999-03-18,23.956857932852696,24.59636299542298,23.932261945167987,24.33810043334961,141000,0.0,0.0
1999-03-19,24.338107094980227,24.338107094980227,23.932268495715732,24.178232192993164,35000,0.0,0.0
1999-03-22,23.956863763793134,24.20282745361328,23.735496067644196,24.20282745361328,43000,0.0,0.0
1999-03-23,24.190523639920595,24.27661053868542,23.84924983974253,23.913814544677734,31000,0.0,0.0
1999-03-24,23.91380806630283,23.91380806630283,23.760080832813415,23.809274673461914,9000,0.0,0.0
1999-03-25,23.809287458935174,24.085996627807617,23.760093591869804,24.085996627807617,26000,0.0,0.0
1999-03-26,24.073681081831438,24.085980009250452,23.53870964050293,23.53870964050293,15000,0.0,0.0
1999-03-29,23.55101796851695,23.624807809379174,23.12058160877904,23.21896743774414,30000,0.0,0.0
1999-03-30,23.45262824813517,23.784678723811947,23.341945381760677,23.612504959106445,87000,0.0,0.0
1999-03-31,23.704750437276584,23.704750437276584,23.468010012203095,23.563322067260742,26000,0.0,0.0
1999-04-01,23.57561689241962,23.57561689241962,22.973006664366775,23.12058448791504,21000,0.0,0.0
1999-04-05,23.120590046765333,23.18208097774077,22.751644460912694,22.997608184814453,50000,0.0,0.0
1999-04-06,23.05909985500883,23.320436320032265,22.899223054036568,22.973012924194336,73000,0.0,0.0
1999-04-07,23.169771790249076,23.28045654296875,22.8746162027702,23.28045654296875,40000,0.0,0.0
1999-04-08,23.20666609526716,23.464928634909263,23.07138723647406,23.36654281616211,96000,0.0,0.0
1999-04-09,23.341945154711706,23.48952293395996,23.120577547562686,23.48952293395996,45000,0.0,0.0
1999-04-12,23.36654136578242,23.809276584386986,23.292751537163895,23.612504959106445,45000,0.0,0.0
1999-04-13,23.6094294411787,23.907658775068885,23.366539659882346,23.803125381469727,47000,0.0,0.0
1999-04-14,23.876915925090547,24.694746028068582,23.809277435750484,24.497974395751953,76000,0.0,0.0
1999-04-15,24.497984401983484,24.547178268432617,24.39959854563935,24.547178268432617,31000,0.0,0.0
1999-04-16,24.59636304591141,24.59636304591141,24.301207439981905,24.30428123474121,54000,0.0,0.0
1999-04-19,24.291988165240667,24.60866791712733,24.20282745361328,24.20282745361328,66000,0.0,0.0
1999-04-20,24.153628189771986,24.842327117919922,24.153628189771986,24.842327117919922,69000,0.0,0.0
1999-04-21,25.014500911680102,25.137482729095545,24.5471715067443,24.842327117919922,99000,0.0,0.0
1999-04-22,24.842325852556925,25.211271286010742,24.79313387871782,25.211271286010742,12000,0.0,0.0
1999-04-23,25.223567089270475,25.58021354675293,25.186672175190463,25.58021354675293,19000,0.0,0.0
1999-04-26,25.567909196572234,25.67859391534896,25.567909196572234,25.635549545288086,57000,0.0,0.0
1999-04-27,25.635551060142973,25.727787392964228,25.635551060142973,25.715490341186523,32000,0.0,0.0
1999-04-28,25.71549258599971,27.277360916137695,25.71549258599971,27.277360916137695,80000,0.0,0.0
1999-04-29,27.265062609855217,28.65475721941202,27.252765556723013,27.354225158691406,255000,0.0,0.0
1999-04-30,27.36345657455208,27.867682817109152,27.28966672754976,27.498737335205078,70000,0.0,0.0
1999-05-03,27.720110239758547,28.113653689401307,27.597128380883746,27.64632225036621,44000,0.0,0.0
1999-05-04,27.720110239758547,28.039863823454727,27.547936387955524,27.64632225036621,52000,0.0,0.0
1999-05-05,27.793886184692383,28.002954864753303,27.707799301908864,27.793886184692383,77000,0.0,0.0
1999-05-06,27.99067783628354,27.99067783628354,27.79390606924227,27.830801010131836,34000,0.0,0.0
1999-05-07,27.843083930628257,27.843083930628257,27.59712028503418,27.59712028503418,56000,0.0,0.0
1999-05-10,27.597119587822007,27.62171745300293,27.547927610567452,27.62171745300293,50000,0.0,0.0
1999-05-11,27.609413488776283,27.941463966114604,27.597114558427222,27.793886184692383,22000,0.0,0.0
1999-05-12,27.793900523099225,27.793900523099225,27.597128795322835,27.600204467773438,23000,0.0,0.0
1999-05-13,27.59711556506568,27.59711556506568,27.301959991455078,27.301959991455078,17000,0.0,0.0
1999-05-14,27.228176203150813,27.240475136678278,26.71165289641169,27.03140640258789,105000,0.0,0.0
1999-05-17,26.859231560700476,26.871530494614742,26.072148580587303,26.35500717163086,128000,0.0,0.0
1999-05-18,26.342699310512614,26.342699310512614,25.887667058196993,26.268911361694336,37000,0.0,0.0
1999-05-19,26.195118665912076,26.367292404174805,26.08443581653647,26.367292404174805,28000,0.0,0.0
1999-05-20,26.45338451527727,26.56406737873403,26.45338451527727,26.514875411987305,17000,0.0,0.0
1999-05-21,26.52718426896938,26.810042895007335,26.46569334489826,26.76085090637207,42000,0.0,0.0
1999-05-24,26.760847712491234,26.834635686637604,26.760847712491234,26.803890228271484,27000,0.0,0.0
1999-05-25,26.791599649131488,26.791599649131488,25.83234074084667,26.072154998779297,85000,0.0,0.0
1999-05-26,26.05985565345012,26.342714309692383,26.022962596311185,26.342714309692383,18000,0.0,0.0
1999-05-27,26.318067731729826,26.318067731729826,25.92378807067871,25.92378807067871,15000,0.1,0.0
1999-05-28,25.92379377289176,26.047005724055815,25.92379377289176,25.973079681396484,34000,0.0,0.0
1999-06-01,25.973062518890924,26.120916386575736,25.775922775268555,25.775922775268555,165000,0.0,0.0
1999-06-02,25.899138499939124,26.02235038802643,25.1845091730199,25.726642608642578,83000,0.0,0.0
1999-06-03,25.923782206496977,26.416629791259766,25.628074407665036,26.416629791259766,56000,0.0,0.0
1999-06-04,26.32422758823321,26.32422758823321,26.120928659653345,26.293424606323242,33000,0.0,0.0
1999-06-07,26.293415913427754,26.860191345214844,26.293415913427754,26.860191345214844,83000,0.0,0.0
1999-06-08,26.78626708840331,26.81091097317283,26.613771175403325,26.66921615600586,83000,0.0,0.0
1999-06-09,26.42894974104855,26.863270890361783,26.26877391205966,26.860191345214844,211000,0.0,0.0
1999-06-10,26.810918921317835,27.59947458603571,26.810918921317835,27.340728759765625,81000,0.0,0.0
1999-06-11,27.20518304606565,27.20518304606565,26.92179535057312,27.00804328918457,21000,0.0,0.0
1999-06-14,26.98957078046162,27.353045559404745,26.952606829368413,27.131263732910156,49000,0.0,0.0
1999-06-15,26.9094696264618,27.0203614291367,26.564477920532227,26.564477920532227,75000,0.0,0.0
1999-06-16,26.515215526150023,26.86020941761877,26.515215526150023,26.644588470458984,63000,0.0,0.0
1999-06-17,26.632252298778358,27.106618881225586,26.613771265203304,27.106618881225586,84000,0.0,0.0
1999-06-18,27.011135308700656,27.011135308700656,26.613776094157796,26.83555793762207,109000,0.0,0.0
1999-06-21,26.823231125999882,27.106618881225586,26.810911063638,27.106618881225586,60000,0.0,0.0
1999-06-22,27.10662071678022,27.353044541478223,27.05733670386645,27.303760528564453,109000,0.0,0.0
1999-06-23,27.50089849657129,27.50089849657129,27.106620752547155,27.205190658569336,93000,0.0,0.0
1999-06-24,27.057337710788392,27.155905740284076,27.0080518159759,27.131263732910156,20000,0.0,0.0
1999-06-25,27.10662506412951,27.15590908494743,27.10662506412951,27.14358901977539,25000,0.0,0.0
1999-06-28,27.131262723237104,27.303760528564453,27.05733670386645,27.303760528564453,38000,0.0,0.0
1999-06-29,27.131246612044794,27.845875655317855,26.9833927810381,27.328386306762695,130000,0.0,0.0
1999-06-30,27.328400684448503,27.328400684448503,27.00804898200824,27.106618881225586,176000,0.0,0.0
1999-07-01,27.106612176569143,27.40231992101521,27.106612176569143,27.27910804748535,37000,0.0,0.0
1999-07-02,27.266796476525748,27.562504313027848,27.229832526946844,27.55018424987793,37000,0.0,0.0
1999-07-06,27.47624779715872,27.574817671995408,26.980320758226632,27.27910804748535,159000,0.0,0.0
1999-07-07,27.30376086122943,27.747322623051378,27.30376086122943,27.587146759033203,25000,0.0,0.0
1999-07-08,27.845870879100165,28.338718151296625,27.845870879100165,27.92287826538086,96000,0.0,0.0
1999-07-09,27.929047460848622,27.929047460848622,27.694943809544988,27.734989166259766,17000,0.0,0.0
1999-07-12,27.722680282905678,27.845892195274146,27.155904733984883,27.254474639892578,20000,0.0,0.0
1999-07-13,27.303760528564453,27.353044541478223,27.032692817344987,27.303760528564453,41000,0.0,0.0
1999-07-14,27.291434360685408,27.291434360685408,26.66305295295091,26.812448501586914,77000,0.0,0.0
1999-07-15,26.68770533714221,26.99573516845703,26.68770533714221,26.99573516845703,32000,0.0,0.0
1999-07-16,26.921788704692183,27.008036622012575,26.921788704692183,26.934110641479492,40000,0.0,0.0
1999-07-19,27.008050955002066,27.008050955002066,26.909481048583984,26.909481048583984,19000,0.0,0.0
1999-07-20,26.92179728866717,27.06965117693992,26.860191345214844,26.860191345214844,45000,0.0,0.0
1999-07-21,26.712347347634417,27.069661199933655,26.712347347634417,26.99573516845703,77000,0.0,0.0
1999-07-22,26.983405987306078,26.983405987306078,26.46591638548021,26.496719360351562,51000,0.0,0.0
1999-07-23,26.496719360351562,26.87251602979496,26.496719360351562,26.496719360351562,36000,0.0,0.0
1999-07-26,26.422786712646484,26.422786712646484,26.422786712646484,26.422786712646484,1000,0.0,0.0
1999-07-27,26.422792199618776,26.44127511309155,26.367347219329336,26.428953170776367,10000,0.0,0.0
1999-07-28,26.416637974737792,26.416637974737792,26.305747985839844,26.305747985839844,25000,0.0,0.0
1999-07-29,26.231818642503306,26.293424606323242,26.231818642503306,26.293424606323242,5000,0.0,0.0
1999-07-30,26.490560498163394,26.589130401611328,26.30574263422272,26.589130401611328,73000,0.0,0.0
1999-08-02,26.76162947461966,26.76162947461966,26.071643829345703,26.071643829345703,17000,0.0,0.0
1999-08-03,26.07163239070211,26.07163239070211,25.34468123115056,25.775922775268555,57000,0.0,0.0
1999-08-04,25.87450464683872,25.87450464683872,25.492546921454704,25.71432876586914,19000,0.0,0.0
1999-08-05,25.578791293915973,25.578791293915973,24.93808790731229,25.07362174987793,36000,0.0,0.0
1999-08-06,24.888795852661133,24.888795852661133,23.70596123833093,23.903100967407227,173000,0.0,0.0
1999-08-09,23.915432286952463,24.753271764031705,23.915432286952463,24.297388076782227,29000,0.0,0.0
1999-08-10,24.30971008358444,24.383636101133877,24.050964322000087,24.149534225463867,11000,0.0,0.0
1999-08-11,24.149531753608464,24.34205034220547,24.04172134399414,24.04172134399414,19000,0.0,0.0
1999-08-12,24.050963855498097,24.275825209620994,24.038643792844425,24.11256980895996,18000,0.0,0.0
1999-08-13,24.124880719934946,24.124880719934946,23.447215541734884,23.459535598754883,67000,0.0,0.0
1999-08-16,23.459545956202014,23.829181671142578,23.459545956202014,23.829181671142578,33000,0.0,0.0
1999-08-17,23.903109447735854,24.248103155984108,23.903109447735854,24.223461151123047,114000,0.0,0.0
1999-08-18,24.149540879206462,24.174182891845703,24.10025685392798,24.174182891845703,26000,0.0,0.0
1999-08-19,24.174174348583932,24.198816352514577,24.07560445279696,24.100248336791992,40000,0.0,0.0
1999-08-20,24.1002445616155,24.124886561686107,23.75525092043473,23.85382080078125,41000,0.0,0.0
1999-08-23,23.853816975170048,23.903100967407227,23.804531102869078,23.903100967407227,50000,0.0,0.0
1999-08-24,24.14952562961024,25.1352205532678,24.14952562961024,24.61773109436035,73000,0.0,0.0
1999-08-25,24.593094003009707,24.593094003009707,23.90310666678807,23.952390670776367,22000,0.0,0.0
1999-08-26,23.903111550562123,24.001681458742315,23.656687720143957,23.68132972717285,52000,0.0,0.0
1999-08-27,23.681321669795405,23.755249545793344,23.15151023864746,23.15151023864746,37000,0.0,0.0
1999-08-30,23.225645277235245,23.52214212248671,23.151520123381893,23.349185943603516,31000,0.125,0.0
1999-08-31,23.47271807119047,23.47271807119047,22.929140090942383,22.929140090942383,46000,0.0,0.0
1999-09-01,22.73147314895065,22.926049240465034,22.73147314895065,22.817951202392578,59000,0.0,0.0
1999-09-02,22.892077316981553,22.892077316981553,22.830307006835938,22.830307006835938,28000,0.0,0.0
1999-09-03,22.929141740311962,22.929141740311962,22.867371425154957,22.92605209350586,61000,0.0,0.0
1999-09-07,23.275047987018418,23.275047987018418,22.731470108032227,22.731470108032227,62000,0.0,0.0
1999-09-08,22.583221766952352,22.92913581952535,22.48438891120579,22.731470108032227,87000,0.0,0.0
1999-09-09,22.682077850946193,22.805618575874917,22.23733048717005,22.27439308166504,60000,0.0,0.0
1999-09-10,22.342324805117823,22.509103532897086,22.32379257864423,22.385562896728516,18000,0.0,0.0
1999-09-13,22.385563670884356,22.731477841135135,22.385563670884356,22.539989471435547,31000,0.0,0.0
1999-09-14,22.533811283114698,22.533811283114698,22.337691277229297,22.385562896728516,32000,0.0,0.0
1999-09-15,22.311441652526206,22.607938451962294,22.311441652526206,22.434982299804688,66000,0.0,0.0
1999-09-16,22.434979993601964,22.447332926011587,22.237314224243164,22.237314224243164,34000,0.0,0.0
1999-09-17,22.06436706528823,22.23732327002257,21.990241900355652,22.23114585876465,24000,0.0,0.0
1999-09-20,22.231147296677495,22.231147296677495,21.54549607448756,21.594913482666016,31000,0.0,0.0
1999-09-21,21.570205155633545,21.69374584521889,21.150165679994583,21.22429084777832,27000,0.0,0.0
1999-09-22,21.22429084777832,21.341654125868132,21.113103096102716,21.22429084777832,6000,0.0,0.0
1999-09-23,21.125451631306166,21.15324903222177,20.38420771441823,20.903078079223633,85000,0.0,0.0
1999-09-24,21.001910621469673,21.891402929598122,21.001910621469673,21.743154525756836,104000,0.0,0.0
1999-09-27,21.866692320505777,22.286729724042623,21.792567185726107,22.237314224243164,93000,0.0,0.0
1999-09-28,22.22496354160872,22.22496354160872,21.718447976647614,21.879051208496094,71000,0.0,0.0
1999-09-29,22.03965083370805,22.24967144322528,22.03965083370805,22.243494033813477,77000,0.0,0.0
1999-09-30,22.385572895503532,22.731487208298255,22.385572895503532,22.682071685791016,61000,0.0,0.0
1999-10-01,22.756194780967345,22.756194780967345,22.434990117169473,22.558530807495117,43000,0.0,0.0
1999-10-04,22.731476750466932,22.731476750466932,22.607936115953525,22.7191219329834,34000,0.0,0.0
1999-10-05,22.731476897767422,23.250347189069927,22.731476897767422,23.034151077270508,55000,0.0,0.0
1999-10-06,23.42329978942871,23.62405327535972,23.151508946565755,23.42329978942871,101000,0.0,0.0
1999-10-07,23.423311043917256,23.423311043917256,23.176229711745474,23.179317474365234,10000,0.0,0.0
1999-10-08,23.253436247316834,23.253436247316834,22.978557586669922,22.978557586669922,43000,0.0,0.0
1999-10-11,23.00327432486953,23.81864356994629,23.00327432486953,23.81864356994629,19000,0.0,0.0
1999-10-12,23.71981130788718,23.744519067649982,23.522145459622294,23.633333206176758,122000,0.0,0.0
1999-10-13,23.630228898021407,23.719796592310857,23.324467026121688,23.472715377807617,107000,0.0,0.0
1999-10-14,23.48508612234261,23.48508612234261,22.65736198425293,22.65736198425293,429000,0.0,0.0
1999-10-15,22.286730842005888,22.323793411254883,22.03964956045336,22.323793411254883,57000,0.0,0.0
1999-10-18,22.286739248172285,22.286739248172285,22.138490800340175,22.212615966796875,259000,0.0,0.0
1999-10-19,22.224959692693275,22.48439578267947,22.18789900990711,22.385562896728516,168000,0.0,0.0
1999-10-20,22.397922554501708,22.434985130377495,22.314532230051423,22.422630310058594,31000,0.0,0.0
1999-10-21,22.496747734263202,22.62337611617144,22.496747734263202,22.614110946655273,9000,0.0,0.0
1999-10-22,22.595574695745714,22.8920732629854,22.299078013585962,22.731470108032227,84000,0.0,0.0
1999-10-25,22.385559248295923,22.632640480363385,22.385559248295923,22.459684371948242,126000,0.0,0.0
1999-10-26,22.95384783821179,23.448010323921064,22.780889837165375,22.929140090942383,99000,0.0,0.0
1999-10-27,22.830308016989797,23.32447052001953,22.830308016989797,23.32447052001953,96000,0.0,0.0
1999-10-28,23.25035510533523,24.708135475400063,23.25035510533523,24.634010314941406,76000,0.0,0.0
1999-10-29,24.646368738228233,24.70813908594309,24.21397630422423,24.48576545715332,46000,0.0,0.0
1999-11-01,24.683427442085247,24.93050879408794,24.4610538482666,24.4610538482666,30000,0.0,0.0
1999-11-02,24.226310883197584,24.708118438720703,24.226310883197584,24.708118438720703,58000,0.0,0.0
1999-11-03,24.708135475400063,25.30113110382589,24.584594798023062,24.634010314941406,153000,0.0,0.0
1999-11-04,24.70813639073167,24.75755190948065,24.59695053100586,24.59695053100586,28000,0.0,0.0
1999-11-05,24.596943122364475,24.60929605579039,24.115133476818375,24.213966369628906,95000,0.0,0.0
1999-11-08,24.06571797295343,24.238674121561377,24.06571797295343,24.213966369628906,68000,0.0,0.0
1999-11-09,24.238674121561377,24.263381873493852,23.730612843039644,24.213966369628906,903000,0.0,0.0
1999-11-10,24.263381873493852,24.263381873493852,24.0904257248859,24.213966369628906,80000,0.0,0.0
1999-11-11,24.26337987348471,24.26337987348471,23.769217335246076,24.164548873901367,87000,0.0,0.0
1999-11-12,24.461055630732965,24.461055630732965,24.288099425760283,24.386930465698242,72000,0.0,0.0
1999-11-15,24.874898992214003,24.88725192038546,24.41162177148799,24.708118438720703,137000,0.0,0.0
1999-11-16,24.708119965118378,24.745182522082047,24.461038765467194,24.53516387939453,6000,0.0,0.0
1999-11-17,24.33750725089272,24.782254330322008,24.213966604949103,24.21705436706543,79000,0.0,0.0
1999-11-18,24.213960140522875,24.46104136644658,24.213960140522875,24.423978805541992,14000,0.0,0.0
1999-11-19,24.399282777778986,24.559886028775512,24.232502116151615,24.30662727355957,18000,0.0,0.0
1999-11-22,24.281918599012332,24.3869270354463,23.719808184295385,23.76304817199707,522000,0.0,0.0
1999-11-23,23.719813504418298,23.719813504418298,23.009454506239106,23.17623519897461,63000,0.0,0.0
1999-11-24,23.225637642397515,23.48198406382812,23.151512512910916,23.32447052001953,129000,0.0,0.0
1999-11-26,23.32448213088983,23.32448213088983,23.278154373168945,23.278154373168945,5000,0.0,0.0
1999-11-29,23.26576008527407,23.26576008527407,22.891056060791016,22.891056060791016,27000,0.125,0.0
1999-11-30,22.841507029839782,23.287437438964844,22.63092951612371,23.287437438964844,52000,0.0,0.0
1999-12-01,23.287438910841963,23.287438910841963,22.795057465066197,23.188343048095703,242000,0.0,0.0
1999-12-02,23.188342500223094,23.188342500223094,22.841507933854047,22.952991485595703,274000,0.0,0.0
1999-12-03,22.95299063797637,23.28743750065806,22.95299063797637,22.977764129638672,217000,0.0,0.0
1999-12-06,22.51944975434066,22.60615792727531,22.30887222290039,22.30887222290039,23000,0.0,0.0
1999-12-07,22.212873693716034,22.34603288422937,21.454173826495186,21.850555419921875,107000,0.0,0.0
1999-12-08,21.804097656067118,21.926418995210888,21.20642852783203,21.20642852783203,40000,0.0,0.0
1999-12-09,21.194045885702295,21.80100492589614,21.02062766700675,21.057788848876953,82000,0.0,0.0
1999-12-10,21.454169547318994,21.850551061684765,21.107335013462887,21.649263381958008,93000,0.0,0.0
1999-12-13,21.55326527537205,21.726681596261873,21.355073574272698,21.51300811767578,482000,0.0,0.0
1999-12-14,21.404622584596265,21.404622584596265,20.958692199254116,21.305526733398438,286000,0.0,0.0
1999-12-15,21.057789345775532,21.268366861214034,20.85959763118855,21.03611183166504,60000,0.0,0.0
1999-12-16,21.036109824499224,21.051593491658444,20.810048661993807,20.933917999267578,21000,0.0,0.0
1999-12-17,21.00823582795509,21.00823582795509,20.710948348540366,20.78527069091797,71000,0.0,0.0
1999-12-20,20.785274884128857,20.909144219683743,20.785274884128857,20.816242218017578,62000,0.0,0.0
1999-12-21,20.89056762540225,20.995857341560775,20.562314564596395,20.68618392944336,52000,0.0,0.0
1999-12-22,20.463214139608024,20.94630568903339,20.116379617222243,20.933917999267578,48000,0.0,0.0
1999-12-23,20.933916015422692,20.933916015422692,20.71095085144043,20.71095085144043,27000,0.0,0.0
1999-12-27,20.661404727920214,20.686178216027997,20.413666066650418,20.531341552734375,36000,0.0,0.0
1999-12-28,20.36411262364957,20.46320844390561,20.302177972251496,20.314565658569336,36000,0.0,0.0
1999-12-29,20.31766801972633,20.686180067384363,20.31766801972633,20.463214874267578,14000,0.0,0.0
1999-12-30,20.364117359700245,20.661404889608047,20.351731560597422,20.51276206970215,44000,0.0,0.0
1999-12-31,20.512762592305258,20.549921880656438,20.487987213276405,20.525148391723633,47000,0.0,0.0
2000-01-03,20.56231766861279,20.56231766861279,20.066840134429345,20.144258499145508,119000,0.0,0.0
2000-01-04,20.131852646873213,20.131852646873213,19.026320907935702,19.49702262878418,103000,0.0,0.0
2000-01-05,19.589941728052494,19.589941728052494,19.261688626469684,19.583749771118164,49000,0.0,0.0
2000-01-06,19.583741513118547,20.01728416112475,19.373162143438776,19.812898635864258,285000,0.0,0.0
2000-01-07,19.819087751251,20.487981206817523,19.74476541614561,20.165922164916992,330000,0.0,0.0
2000-01-10,20.091602252937147,20.367212231255817,20.029667596244924,20.17831039428711,61000,0.0,0.0
2000-01-11,20.165935480201114,20.22787017031838,19.32362331658695,19.583749771118164,56000,0.0,0.0
2000-01-12,19.546580336698828,19.890316965865367,19.521806849117663,19.812898635864258,128000,0.0,0.0
2000-01-13,19.812902569995412,20.326961517333984,19.812902569995412,20.326961517333984,28000,0.0,0.0
2000-01-14,20.31457780720407,21.082567565798545,20.31457780720407,20.82244300842285,56000,0.0,0.0
2000-01-18,20.958688044592627,21.045396188416426,20.81004524230957,20.81004524230957,56000,0.0,0.0
2000-01-19,20.61186134117637,20.683087737303435,20.376510306441478,20.413671493530273,75000,0.0,0.0
2000-01-20,20.4632153711789,20.4632153711789,20.25263786315918,20.25263786315918,28000,0.0,0.0
2000-01-21,20.320768603483085,20.51276648683287,20.314574757549916,20.404380798339844,66000,0.0,0.0
2000-01-24,20.41367385425029,20.42605965798124,20.06683921813965,20.06683921813965,222000,0.0,0.0
2000-01-25,20.16593509847079,20.16593509847079,19.822196440768707,20.06683921813965,171000,0.0,0.0
2000-01-26,19.819089690487562,20.78527069091797,19.819089690487562,20.78527069091797,224000,0.0,0.0
2000-01-27,20.89675338613337,20.909141073863534,20.59946778156726,20.81004524230957,169000,0.0,0.0
2000-01-28,20.63663064380088,20.63663064380088,19.918188168848786,20.14115333557129,48000,0.0,0.0
2000-01-31,20.116376129754112,20.537532937528898,19.915088491580388,20.36411476135254,106000,0.0,0.0
2000-02-01,20.215486209163466,20.62425561743842,19.84387799984025,19.8934268951416,50000,0.0,0.0
2000-02-02,19.90580844966192,20.153547202962244,19.843873761336837,20.017292022705078,73000,0.0,0.0
2000-02-03,20.165932989600538,20.165932989600538,19.81909838976043,19.828388214111328,92000,0.0,0.0
2000-02-04,19.82838328244931,20.165927973985315,19.81909346040895,20.079219818115234,84000,0.0,0.0
2000-02-07,20.091604923940775,20.141153789939075,19.905800929163096,19.930574417114258,74000,0.0,0.0
2000-02-08,19.942976182485292,20.06684559976781,19.942976182485292,19.992523193359375,96000,0.0,0.0
2000-02-09,19.86864212276679,20.091607321121753,19.84386863185984,19.874835968017578,133000,0.0,0.0
2000-02-10,19.89341627913619,19.905802078779097,19.868640899658203,19.868640899658203,211000,0.0,0.0
2000-02-11,19.871746199554945,20.110195140494397,19.819101333618164,19.819101333618164,145000,0.0,0.0
2000-02-14,19.819101333618164,19.89342371965795,19.608523759967827,19.819101333618164,115000,0.0,0.0
2000-02-15,19.670450998856317,19.670450998856317,19.187359452825973,19.422712326049805,46000,0.0,0.0
2000-02-16,19.42271056293725,19.42271056293725,19.236906575198876,19.249292373657227,196000,0.0,0.0
2000-02-17,19.249301620326907,19.249301620326907,18.679503584943024,19.06349754333496,87000,0.0,0.0
2000-02-18,18.989169876287082,19.373163689682983,18.357435497018596,18.629947662353516,87000,0.0,0.0
2000-02-22,18.580403639057042,18.580403639057042,18.27073024507276,18.431760787963867,111000,0.0,0.0
2000-02-23,18.431750269875504,18.431750269875504,18.084915888515056,18.233558654785156,48000,0.0,0.0
2000-02-24,18.184016801968202,18.307886123657227,17.738086487849365,18.307886123657227,125000,0.0,0.0
2000-02-25,18.035373132451156,18.332658734265813,17.68853867027022,18.298595428466797,224000,0.0,0.0
2000-02-28,18.298599131890505,18.298599131890505,17.8977630548681,18.267526626586914,249000,0.125,0.0
2000-02-29,18.34520721435547,18.718077264269077,18.14944892093871,18.34520721435547,113000,0.0,0.0
2000-03-01,18.345202626267138,18.469492611820396,18.196053126391487,18.39181137084961,127000,0.0,0.0
2000-03-02,18.531638188796933,18.643498420715332,18.37006082318112,18.39491844177246,263000,0.0,0.0
2000-03-03,18.39491844177246,18.444633678955142,18.34520320458978,18.39491844177246,236000,0.0,0.0
2000-03-06,18.39493443806966,18.693229913593967,18.39493443806966,18.64351463317871,77000,0.0,0.0
2000-03-07,18.61863730605001,18.61863730605001,17.94747035102233,18.295482635498047,69000,0.0,0.0
2000-03-08,18.245775838057057,18.245775838057057,17.897763392783222,18.096628189086914,59000,0.0,0.0
2000-03-09,18.45707621066695,18.556508650364325,18.30792849937891,18.320356369018555,188000,0.0,0.0
2000-03-10,18.32345466333306,18.668358674190742,17.94747625420689,18.581356048583984,45000,0.0,0.0
2000-03-13,18.81751829637487,18.99152555500437,18.64351293426158,18.960453033447266,79000,0.0,0.0
2000-03-14,19.01016066120912,19.090950322664206,19.002392533945102,19.07230567932129,76000,0.0,0.0
2000-03-15,19.07230063926969,19.56324577331543,18.69321574965946,19.56324577331543,140000,0.0,0.0
2000-03-16,19.58810496013772,21.104442596435547,19.491779071237737,21.104442596435547,152000,0.0,0.0
2000-03-17,21.200773358837658,22.36288600049599,21.200773358837658,22.35045623779297,179000,0.0,0.0
2000-03-20,22.123617922193286,22.123617922193286,21.4773103621962,21.772499084472656,66000,0.0,0.0
2000-03-21,21.62647203010765,22.061487272092574,21.37789189183055,21.72590446472168,108000,0.0,0.0
2000-03-22,22.776150712931248,22.776150712931248,21.50528424605914,22.049053192138672,192000,0.0,0.0
2000-03-23,21.924758040679595,22.111193064483043,21.586068885345743,21.788040161132812,168000,0.0,0.0
2000-03-24,21.937184782745444,22.322484537535594,21.924755024262588,22.310054779052734,54000,0.0,0.0
2000-03-27,22.310059842098966,22.310059842098966,22.024192400752295,22.123624801635742,31000,0.0,0.0
2000-03-28,22.073904847150757,22.247910089242787,21.90921907927824,21.986900329589844,8000,0.0,0.0
2000-03-29,21.98690285337282,22.36598777770996,21.962045229722786,22.36598777770996,66000,0.0,0.0
2000-03-30,22.341135556067623,22.341135556067623,22.049053192138672,22.049053192138672,65000,0.0,0.0
2000-03-31,22.04906582814929,22.37222088847842,21.477332432242616,22.19821548461914,168000,0.0,0.0
2000-04-03,22.272768296956084,23.46595309179023,22.235480916520963,23.16765594482422,175000,0.0,0.0
2000-04-04,23.043371734961365,23.043371734961365,22.96879885185584,22.975013732910156,64000,0.0,0.0
2000-04-05,22.950154505336496,22.965690759915393,22.37220659360781,22.620786666870117,10300000,0.0,0.0
2000-04-06,22.57105980393092,22.869354979844843,22.57105980393092,22.670490264892578,35000,0.0,0.0
2000-04-07,22.6705164083848,22.6705164083848,22.027316575054375,22.19821548461914,122000,0.0,0.0
2000-04-10,22.104988611781256,22.104988611781256,21.626471107407557,21.853300094604492,58000,0.0,0.0
2000-04-11,21.75386229995444,22.86936610641423,21.75386229995444,22.769933700561523,45000,0.0,0.0
2000-04-12,22.67671765616678,22.894225228444512,22.64564514584139,22.869367599487305,13000,0.0,0.0
2000-04-13,23.316805973094862,23.316805973094862,23.25155258178711,23.25155258178711,48000,0.0,0.0
2000-04-14,23.155241448196637,23.155241448196637,22.210636115657906,22.322498321533203,102000,0.0,0.0
2000-04-17,22.27277064485286,22.27277064485286,21.377882902649628,21.626462936401367,170000,0.0,0.0
2000-04-18,21.775615683627265,22.223060607910156,21.422943436648087,22.223060607910156,101000,0.0,0.0
2000-04-19,22.02418992840155,22.02418992840155,21.676177512633675,21.704143524169922,75000,0.0,0.0
2000-04-20,21.899899171105897,22.369095092231678,21.899899171105897,22.126728057861328,23000,0.0,0.0
2000-04-24,22.36598176250887,22.36598176250887,22.173331912131715,22.19197654724121,22000,0.0,0.0
2000-04-25,22.322497387945162,23.217385514940627,22.22306495238656,22.449893951416016,733000,0.0,0.0
2000-04-26,22.372203037656586,22.372203037656586,21.626462936401367,21.626462936401367,120000,0.0,0.0
2000-04-27,21.862605307043058,21.862605307043058,21.377875175051738,21.676170349121094,126000,0.0,0.0
2000-04-28,21.626470113138236,21.8377628326416,21.626470113138236,21.8377628326416,19000,0.0,0.0
2000-05-01,21.614032573357022,21.82532711336575,21.614032573357022,21.775609970092773,107000,0.0,0.0
2000-05-02,21.875039785586928,22.011759542852797,21.701034545898438,21.701034545898438,36000,0.0,0.0
2000-05-03,21.701026459768247,21.71345431710669,21.1292919198032,21.222509384155273,60000,0.0,0.0
2000-05-04,21.17901670342922,21.228733844770243,21.092014076726212,21.182125091552734,41000,0.0,0.0
2000-05-05,21.16970017627901,21.87504651567562,21.160378802805536,21.868831634521484,94000,0.0,0.0
2000-05-08,21.825330201946453,21.82843669411527,21.293989181518555,21.293989181518555,72000,0.0,0.0
2000-05-09,21.12930107556046,21.228733459924918,20.93665118645088,20.9770450592041,63000,0.0,0.0
2000-05-10,20.97393882292996,20.97393882292996,19.911258876598506,20.166053771972656,126000,0.0,0.0
2000-05-11,20.162951208068087,20.73157772539801,20.162951208068087,20.308990478515625,55000,0.0,0.0
2000-05-12,20.308999198364198,20.73158662668824,20.308999198364198,20.538936614990234,57000,0.0,0.0
2000-05-15,20.514065597246155,20.7315731048584,20.271700468066935,20.7315731048584,261000,0.0,0.0
2000-05-16,20.70671204742569,20.781284899752748,20.28412496484711,20.632137298583984,96000,0.0,0.0
2000-05-17,20.483011407685296,20.483011407685296,19.861560830367882,19.933027267456055,739000,0.0,0.0
2000-05-18,19.933003346921854,20.86828458479677,19.911252223514776,20.150510787963867,705000,0.0,0.0
2000-05-19,20.284132177156835,20.30898980343767,19.88640446711755,19.898834228515625,340000,0.0,0.0
2000-05-22,19.92369557836371,20.52028820317833,19.92369557836371,20.386674880981445,154000,0.0,0.0
2000-05-23,20.383556051687158,21.079580675472528,20.383556051687158,20.980148315429688,135000,0.0,0.0
2000-05-24,20.980155445325934,21.887472957223558,20.880723051491984,21.688608169555664,77000,0.0,0.0
2000-05-25,21.701047582068217,21.974485364343572,21.701047582068217,21.903018951416016,184000,0.0,0.0
2000-05-26,21.915437342636604,22.136053265496482,21.62646342615907,21.974475860595703,28000,0.0,0.0
2000-05-30,22.18637562590623,22.54160768179793,22.09912621449786,22.497982025146484,97000,0.125,0.0
2000-05-31,22.401373879229677,22.401373879229677,21.53822419382706,21.563152313232422,132000,0.0,0.0
2000-06-01,21.66287474422879,22.734799492212517,21.66287474422879,22.660015106201172,524000,0.0,0.0
2000-06-02,23.158584830548467,23.682083129882812,23.158584830548467,23.682083129882812,86000,0.0,0.0
2000-06-05,23.657149569455292,23.657149569455292,23.333078271861094,23.43279266357422,228000,0.0,0.0
2000-06-06,23.43279901642041,23.43279901642041,22.435658632742946,22.984085083007812,232000,0.0,0.0
2000-06-07,22.984081332688536,23.01835916892093,22.903064450492028,22.93422508239746,72000,0.0,0.0
2000-06-08,22.934224342965422,23.083794990910313,22.485510497236767,22.75972557067871,127000,0.0,0.0
2000-06-09,22.46058217370528,22.759725368836115,22.086654606212203,22.136512756347656,52000,0.0,0.0
2000-06-12,22.13650432041935,22.388904571533203,22.036789960042224,22.388904571533203,37000,0.0,0.0
2000-06-13,22.186367084162136,22.497973363434074,22.186367084162136,22.46369743347168,42000,0.0,0.0
2000-06-14,22.23623188902686,22.57899892819114,22.23623188902686,22.497982025146484,40000,0.0,0.0
2000-06-15,22.48550228760966,22.49485199498142,21.88721991426751,22.435646057128906,101000,0.0,0.0
2000-06-16,22.432539224181166,22.432539224181166,21.239085524378535,21.846717834472656,179000,0.0,0.0
2000-06-19,21.846714893888148,22.111580224175537,21.762582722253033,22.030563354492188,49000,0.0,0.0
2000-06-20,22.0118789699928,22.086663372035705,21.43852237819029,21.784404754638672,78000,0.0,0.0
2000-06-21,21.737652917209996,21.737652917209996,21.500832909686892,21.503948211669922,51000,0.0,0.0
2000-06-22,21.503951518182102,21.637943758143138,20.93994483617953,21.625478744506836,58000,0.0,0.0
2000-06-23,21.57562152181557,22.03679847717285,21.57562152181557,22.03679847717285,31000,0.0,0.0
2000-06-26,22.049261469084104,22.136512756347656,21.25155008585646,22.136512756347656,66000,0.0,0.0
2000-06-27,22.136509316525853,22.279847434367113,21.787509927385006,22.005634307861328,95000,0.0,0.0
2000-06-28,22.055493913627043,22.262712867454894,22.00563766552561,22.186368942260742,35000,0.0,0.0
2000-06-29,22.28607319878256,22.53535812963719,21.943306418857443,22.457456588745117,94000,0.0,0.0
2000-06-30,22.454341668085867,22.600796960226337,21.737647419038694,22.435646057128906,464000,0.0,0.0
2000-07-03,22.44187856141232,22.44187856141232,22.186361100938583,22.435646057128906,58000,0.0,0.0
2000-07-05,22.58521468989216,22.684929044090964,22.435644109540515,22.48550033569336,117000,0.0,0.0
2000-07-06,22.485506822152928,22.504204338773807,22.28607995811919,22.441883087158203,44000,0.0,0.0
2000-07-07,22.46058128821463,22.884366989135742,22.46058128821463,22.884366989135742,31000,0.0,0.0
2000-07-10,22.797131681343682,22.934239307527204,22.585239633337963,22.722347259521484,31000,0.0,0.0
2000-07-11,22.75971306378727,23.682066470841832,22.75971306378727,23.460826873779297,216000,0.0,0.0
2000-07-12,23.370478205474537,23.68208458154753,23.351782583667912,23.585487365722656,78000,0.0,0.0
2000-07-13,23.781793061308857,24.230504989624023,23.781793061308857,24.230504989624023,126000,0.0,0.0
2000-07-14,24.40500809436718,24.40500809436718,23.432795966444388,23.83165168762207,84000,0.0,0.0
2000-07-17,23.844115172053286,24.3052921295166,23.831650158921583,24.3052921295166,56000,0.0,0.0
2000-07-18,24.30529471989443,24.778936740968646,24.218045324355696,24.420589447021484,226000,0.0,0.0
2000-07-19,24.411241445715085,24.411241445715085,23.4826530306438,23.569904327392578,164000,0.0,0.0
2000-07-20,23.557427902219402,24.17440777642269,23.557427902219402,24.105854034423828,36000,0.0,0.0
2000-07-21,24.056007603140138,24.05912290554356,23.632223773997868,23.688312530517578,32000,0.0,0.0
2000-07-24,23.68831268471046,23.756866455078125,23.47018826201864,23.756866455078125,50000,0.0,0.0
2000-07-25,23.68207539761021,23.831646019742703,23.632219157530592,23.781789779663086,57000,0.0,0.0
2000-07-26,23.707000288388596,23.78178654021462,23.04327943553286,23.669607162475586,74000,0.0,0.0
2000-07-27,23.53251108419863,23.535626386828657,23.090029702768106,23.283226013183594,20000,0.0,0.0
2000-07-28,23.25828514506451,23.44524884590299,23.083784549812723,23.439016342163086,30000,0.0,0.0
2000-07-31,23.45148399012325,23.5823589864383,23.183503394439544,23.5543155670166,33000,0.0,0.0
2000-08-01,23.53250552746602,23.931361166529435,23.53250552746602,23.7381649017334,56000,0.0,0.0
2000-08-02,23.80672773488999,23.80672773488999,23.333085650885018,23.58237075805664,55000,0.0,0.0
2000-08-03,23.582360884837914,24.380074034945483,23.2832196422311,24.36760902404785,164000,0.0,0.0
2000-08-04,24.529647593165514,24.928503265027178,24.479789445499144,24.729074478149414,162000,0.0,0.0
2000-08-07,24.691682108067354,24.741538351544694,24.380075831599537,24.576387405395508,192000,0.0,0.0
2000-08-08,24.57639500123996,24.57639500123996,24.180654527435276,24.348922729492188,104000,0.0,0.0
2000-08-09,24.361381113138403,24.361381113138403,24.049774800865226,24.21492576599121,224000,0.0,0.0
2000-08-10,24.2242790871586,25.14663314819336,24.205581564499212,25.14663314819336,171000,0.0,0.0
2000-08-11,25.09676965605384,25.09676965605384,24.89110837745925,25.015750885009766,169000,0.0,0.0
2000-08-14,25.01575251168441,25.155975341796875,24.934735637265867,25.155975341796875,133000,0.0,0.0
2000-08-15,25.106115009104002,25.174668761933,24.891105943843414,25.07806968688965,130000,0.0,0.0
2000-08-16,25.103005160659443,25.15286331454946,24.55457878112793,24.55457878112793,131000,0.0,0.0
2000-08-17,24.54210189513663,24.878638089941745,24.1868719922436,24.1993350982666,53000,0.0,0.0
2000-08-18,24.28037004564651,24.42994073096742,24.16195999901306,24.165075302124023,30000,0.0,0.0
2000-08-21,24.155725258941352,24.155725258941352,23.900207664934772,23.968761444091797,16000,0.0,0.0
2000-08-22,23.981223500417112,24.230508575897098,23.95006286598211,24.04354476928711,40000,0.0,0.0
2000-08-23,24.031079939324183,24.031079939324183,23.869044271462858,23.893972396850586,11000,0.0,0.0
2000-08-24,23.94382733639769,23.94382733639769,23.544969776142153,23.6727294921875,29000,0.0,0.0
2000-08-25,23.63222477798028,24.049776118160782,23.63222477798028,23.83165168762207,206000,0.0,0.0
2000-08-28,23.781799447858603,24.25544152874285,23.688317533285176,24.018619537353516,39000,0.0,0.0
2000-08-29,24.006156691278093,24.333343395938613,23.970321196200356,24.323993682861328,58000,0.0,0.0
2000-08-30,24.430214308670838,24.442711344686497,23.94286041253978,24.105310440063477,73000,0.125,0.0
2000-08-31,24.036574988072914,24.23339085004921,24.005334314528124,24.227142333984375,93000,0.0,0.0
2000-09-01,24.34272981548932,24.567663015025026,24.305240631103516,24.305240631103516,22000,0.0,0.0
2000-09-05,24.142790333815555,24.392715703537824,24.142790333815555,24.355226516723633,187000,0.0,0.0
2000-09-06,24.367735305152383,24.542682385656793,24.361486786538617,24.445837020874023,51000,0.0,0.0
2000-09-07,24.517678202971265,26.067216627597706,24.517678202971265,25.817291259765625,396000,0.0,0.0
2000-09-08,25.817294350964065,25.817294350964065,25.39242003071024,25.642345428466797,419000,0.0,0.0
2000-09-11,25.548617143233862,25.617346992129523,25.24245898736665,25.4361515045166,61000,0.0,0.0
2000-09-12,25.40491625783078,25.49238976291628,25.40491625783078,25.47989273071289,52000,0.0,0.0
2000-09-13,25.41740088447916,25.679823198120303,25.41740088447916,25.636085510253906,83000,0.0,0.0
2000-09-14,25.629842325129385,26.09220378570899,25.623593810774484,25.992233276367188,136000,0.0,0.0
2000-09-15,25.9922286768279,26.135934947666257,25.942244384391564,26.117191314697266,336000,0.0,0.0
2000-09-18,26.042218680838012,26.042218680838012,24.652009029640848,24.942548751831055,105000,0.0,0.0
2000-09-19,24.817602922193334,25.52364169725097,24.692640172145595,25.242475509643555,327000,0.0,0.0
2000-09-20,25.44239203860343,25.742301585627537,25.30180908091493,25.49237632751465,365000,0.0,0.0
2000-09-21,25.34242632305423,25.442396826467963,24.730108181381837,24.742605209350586,59000,0.0,0.0
2000-09-22,24.742608052919664,24.742608052919664,24.339602689346126,24.598901748657227,112000,0.0,0.0
2000-09-25,24.717626571655273,25.292453943640865,24.59916215632772,24.717626571655273,164000,0.0,0.0
2000-09-26,24.792601313876265,25.14249728905501,24.76760915281628,24.9930419921875,146000,0.0,0.0
2000-09-27,24.99252802200674,25.117490662116776,24.99252802200674,25.09799575805664,20000,0.0,0.0
2000-09-28,25.16747895777091,25.992233276367188,25.16747895777091,25.992233276367188,316000,0.0,0.0
2000-09-29,25.992226843740426,25.992226843740426,24.99252581128887,25.49237632751465,98000,0.0,0.0
2000-10-02,25.542371846106875,25.992238271204805,25.542371846106875,25.791797637939453,73000,0.0,0.0
2000-10-03,25.79230191934732,26.41711545331193,25.742317599341984,26.242168426513672,118000,0.0,0.0
2000-10-04,26.24215757407625,26.24215757407625,25.87726684995493,25.912256240844727,80000,0.0,0.0
2000-10-05,25.90476326899241,26.090207072796176,25.78879677616698,26.042221069335938,123000,0.0,0.0
2000-10-06,25.992241366681867,25.992241366681867,25.367427872290477,25.642345428466797,231000,0.0,10.0
2000-10-09,24.24276225539513,25.842285094838928,24.24276225539513,25.567367553710938,606700,0.0,0.0
2000-10-10,25.57235654472762,25.57235654472762,24.867567277065845,25.37241554260254,68600,0.0,0.0
2000-10-11,25.367415810669332,25.492378450130758,23.86786413713223,23.942842483520508,253000,0.0,0.0
2000-10-12,24.067819582858036,24.192782297396697,23.507985248843447,23.79290008544922,124200,0.0,0.0
2000-10-13,23.792894191545944,24.392715454101562,23.74290988082432,24.392715454101562,288400,0.0,0.0
2000-10-16,24.26776755194895,24.342745970479765,24.117812621667717,24.237777709960938,98900,0.0,0.0
2000-10-17,24.242754783037412,24.242754783037412,24.1177921295166,24.1177921295166,60800,0.0,0.0
2000-10-18,23.867878548322473,24.062820078501503,23.328038704645422,23.837886810302734,196300,0.0,0.0
2000-10-19,23.742901497670804,23.992826776593656,23.742901497670804,23.942842483520508,53300,0.0,0.0
2000-10-20,23.892855093024014,24.217758702144327,23.892855093024014,24.07280158996582,42900,0.0,0.0
2000-10-23,24.167773709128227,24.167773709128227,23.78788812414806,23.942842483520508,274800,0.0,0.0
2000-10-24,23.892867415377864,24.397717781808268,23.892867415377864,24.26775550842285,113200,0.0,0.0
2000-10-25,24.392719706226814,25.16748809814453,24.392719706226814,25.16748809814453,182300,0.0,0.0
2000-10-26,25.16747746538551,25.19247152132301,24.6926209110331,24.742605209350586,196600,0.0,0.0
2000-10-27,24.792600656887956,25.39242204033097,24.792600656887956,25.067520141601562,92100,0.0,0.0
2000-10-30,24.942550330887897,25.492385330200197,24.942550330887897,24.992534637451172,205600,0.0,0.0
2000-10-31,24.99753545212379,25.242463161385476,24.922558982840727,25.09250831604004,136800,0.0,0.0
2000-11-01,25.192468557175378,26.117191314697266,25.017519720091148,26.117191314697266,129500,0.0,0.0
2000-11-02,26.11720060251906,26.31714165692467,25.94225360999856,26.097206115722656,182600,0.0,0.0
2000-11-03,26.067215130106693,26.092207284098322,25.867274084615406,26.042221069335938,70100,0.0,0.0
2000-11-06,26.16718023763119,26.16718023763119,25.49238263643705,25.992233276367188,95400,0.0,0.0
2000-11-07,25.992233276367188,25.992233276367188,25.59235314577885,25.992233276367188,73400,0.0,0.0
2000-11-08,26.04221328312785,26.142183775983902,25.51737057910676,26.06720733642578,82700,0.0,0.0
2000-11-09,26.19217429505079,26.19217429505079,25.442398335155584,25.992233276367188,92300,0.0,0.0
2000-11-10,25.867278377290223,26.122201441155926,25.807296816400548,25.967248916625977,51000,0.0,0.0
2000-11-13,25.842276584215043,25.842276584215043,25.092500678909648,25.392410278320312,61200,0.0,0.0
2000-11-14,25.392418075074055,25.492388607833185,25.317441605589195,25.3674259185791,91000,0.0,0.0
2000-11-15,25.6173498731877,25.6173498731877,25.167483454166376,25.29244613647461,93900,0.0,0.0
2000-11-16,25.192477516051394,25.29244613647461,24.942552151434928,25.29244613647461,130100,0.0,0.0
2000-11-17,25.292446818313238,25.292446818313238,24.49268639269214,24.61764907836914,67800,0.0,0.0
2000-11-20,24.592649932466156,24.992530031616273,24.29273842801953,24.817583084106445,246600,0.0,0.0
2000-11-21,24.817586086554904,24.942548751831055,24.367719728849185,24.942548751831055,213200,0.0,0.0
2000-11-22,24.84257730326723,25.01752426535787,24.617644132880063,24.792591094970703,53900,0.0,0.0
2000-11-24,24.792594825661297,24.942551566336885,24.747608184814453,24.747608184814453,28100,0.0,0.0
2000-11-27,24.792587242480018,24.86756558988457,24.677621841430664,24.677621841430664,211800,0.0,0.0
2000-11-28,26.86697898654763,28.091613758918232,26.36712821470488,27.241867065429688,7026500,0.0,0.0
2000-11-29,27.241867726155533,27.919775189059102,27.18160975325812,27.372426986694336,1165300,0.25,0.0
2000-11-30,27.372437693047853,27.568279533806535,27.066125093595613,27.497976303100586,436400,0.0,0.0
2000-12-01,27.392507825690156,28.12063170839575,27.392507825690156,27.919769287109375,464200,0.0,0.0
2000-12-04,27.66870106810749,28.19596461373776,27.56827174090804,28.09553337097168,200400,0.0,0.0
2000-12-05,27.970002232422466,29.270582287316433,27.970002232422466,28.8789005279541,197600,0.0,0.0
2000-12-06,28.878887928004534,30.129252760410754,28.748328675558593,29.4011287689209,400600,0.0,0.0
2000-12-07,29.300705476553844,30.37029477550249,29.300705476553844,30.07904624938965,338700,0.0,0.0
2000-12-08,30.129254353241816,31.485071182250977,30.129254353241816,31.485071182250977,341300,0.0,0.0
2000-12-11,31.13356106791925,31.414768115555937,30.882483962532806,31.279186248779297,279700,0.0,0.0
2000-12-12,31.133558478237187,31.133558478237187,30.38032722473145,30.380327224731445,249400,0.0,0.0
2000-12-13,30.380325518292125,30.405432842218833,29.848041439442245,30.053924560546875,199900,0.0,0.0
2000-12-14,30.028828205790923,30.229690701709284,29.727536377480114,30.109172821044922,351100,0.0,0.0
2000-12-15,29.9836316584007,30.15938680608845,29.682339856031078,30.149343490600586,260500,0.0,0.0
2000-12-18,30.14933952577729,30.882484219879156,30.003714343703734,30.782052993774414,293800,0.0,0.0
2000-12-19,30.907601169660907,32.08766509152777,30.73184790593688,31.83658790588379,233000,0.0,0.0
2000-12-20,31.63571823067164,32.23830180737411,31.434855761393166,32.03744125366211,229100,0.0,0.0
2000-12-21,32.03743955924665,32.33873324722936,31.786362443710914,32.13787078857422,301700,0.0,0.0
2000-12-22,32.13787321342054,32.64002748238023,32.13787321342054,32.38895034790039,281900,0.0,0.0
2000-12-26,32.514488669271564,32.58981257527254,32.28852078240164,32.54461669921875,140300,0.0,0.0
2000-12-27,32.64001985256137,33.24260330200195,32.38894277677244,33.24260330200195,93600,0.0,0.0
2000-12-28,33.14219082103056,34.14649963378906,33.14219082103056,34.14649963378906,136800,0.0,0.0
2000-12-29,33.518806625814996,34.35740356499617,33.518806625814996,34.14649963378906,266100,0.0,0.0
2001-01-02,33.34303248351795,33.61921493550928,32.31361506220311,32.559669494628906,378800,0.0,0.0
2001-01-03,32.137866770038165,33.11706586573486,31.88678968589724,32.89109802246094,431900,0.0,0.0
2001-01-04,32.137866326676146,33.599136775160666,32.137866326676146,32.69023513793945,484900,0.0,0.0
2001-01-05,32.564700236356785,32.564700236356785,31.61060837251372,31.736146926879883,479000,0.0,0.0
2001-01-08,31.861695387476445,33.142188657020675,31.259109756053594,32.94132614135742,340600,0.0,0.0
2001-01-09,32.94132295145962,33.10201218220299,32.11779016500814,32.28852462768555,141600,0.0,0.0
2001-01-10,32.16298574647769,32.790678646829456,32.16298574647769,32.61492156982422,174700,0.0,0.0
2001-01-11,32.61491037925148,33.142173767089844,31.937003045696517,33.142173767089844,273000,0.0,0.0
2001-01-12,33.117082504199395,33.16730101116384,32.715361266423166,33.06686782836914,319200,0.0,0.0
2001-01-16,33.016627368909504,33.71964377493001,32.69524909720833,33.0417366027832,344300,0.0,0.0
2001-01-17,33.0417517055768,33.14218102471366,32.34375759351665,32.685218811035156,330500,0.0,0.0
2001-01-18,32.765560150146484,32.765560150146484,32.28349259847791,32.765560150146484,221500,0.0,0.0
2001-01-19,32.76053005834331,32.76053005834331,32.238289372116085,32.439151763916016,231500,0.0,0.0
2001-01-22,32.388937123748896,32.640014155715946,32.313613247932494,32.439151763916016,230900,0.0,0.0
2001-01-23,32.313613247932494,32.439151763916016,32.13786009178185,32.439151763916016,214600,0.0,0.0
2001-01-24,32.564695021510644,33.343035466392024,32.2382940662013,32.584781646728516,245000,0.0,0.0
2001-01-25,32.66513195848383,32.780625278045605,32.50444276912606,32.75551986694336,75000,0.0,0.0
2001-01-26,32.64001770436903,33.779905867731266,32.54962980978858,33.77488708496094,183200,0.0,0.0
2001-01-29,33.77490644578596,34.14649963378906,33.61923597463721,34.14649963378906,272200,0.0,0.0
2001-01-30,34.02095297084879,34.251943483313404,33.669446502127236,34.20172882080078,134300,0.0,0.0
2001-01-31,34.20171626447995,34.447770702252186,34.086219135082985,34.29712677001953,197800,0.0,0.0
2001-02-01,34.29713261486953,34.29713261486953,33.64433063721684,34.09124755859375,175600,0.0,0.0
2001-02-02,34.08624154678186,34.136460055009834,33.594132347675654,33.654388427734375,137800,0.0,0.0
2001-02-05,34.14648902598142,34.548213958740234,33.955671790044065,34.548213958740234,213700,0.0,0.0
2001-02-06,34.899710161213676,34.914774171323764,34.14647900665511,34.29712677001953,253800,0.0,0.0
2001-02-07,34.29712553350939,34.86958088384469,34.29712553350939,34.804298400878906,212300,0.0,0.0
2001-02-08,34.80430018561361,34.849496047763814,34.47288046475008,34.754085540771484,111300,0.0,0.0
2001-02-09,34.75408532810452,34.899710479047876,34.59841878070692,34.82438659667969,80300,0.0,0.0
2001-02-12,34.94993771560509,35.02526162511153,34.12138237330054,34.899723052978516,419100,0.0,0.0
2001-02-13,34.77419008592083,35.07548194137714,34.74908083499372,34.84951400756836,271000,0.0,0.0
2001-02-14,34.749079055651485,35.02526547717223,34.68380037017094,34.814361572265625,93600,0.0,0.0
2001-02-15,34.899723052978516,34.899723052978516,34.397568764446454,34.899723052978516,152900,0.0,0.0
2001-02-16,34.77417170594692,35.140745887606506,34.12136983822012,34.72395706176758,290400,0.0,0.0
2001-02-20,34.598412141049636,34.598412141049636,33.90041837190871,34.30213928222656,182500,0.0,0.0
2001-02-21,34.648655844590344,34.648655844590344,34.17662945204889,34.1816520690918,145900,0.0,0.0
2001-02-22,34.14649832500928,34.272036921792406,33.19240422323077,34.05611038208008,204200,0.0,0.0
2001-02-23,33.97041176146275,33.97041176146275,33.44119758918547,33.93513107299805,227900,0.25,0.0
2001-02-26,33.86960996403631,34.72643280029297,33.86960996403631,34.72643280029297,207200,0.0,0.0
2001-02-27,34.60043537945618,34.75667791777381,34.121621522674026,34.4492301940918,322400,0.0,0.0
2001-02-28,34.37363228791675,34.524837493896484,33.73857965154138,34.524837493896484,225500,0.0,0.0
2001-03-01,34.39882788349917,34.39882788349917,33.51680665571715,34.015777587890625,231800,0.0,0.0
2001-03-02,33.89481407187357,34.57522964477538,33.89481407187357,34.57522964477539,326300,0.0,0.0
2001-03-05,34.39883031107345,34.429069810518804,34.07122163428741,34.26274871826172,109300,0.0,0.0
2001-03-06,34.27281649502841,34.7365066188523,34.27281649502841,34.65082550048828,170700,0.0,0.0
2001-03-07,34.72643468998719,35.164922758906485,34.39882605374721,35.15988540649414,149900,0.0,0.0
2001-03-08,35.03388268250489,35.27580634082602,34.72643498918689,34.993560791015625,166700,0.0,0.0
2001-03-09,34.99355196314359,34.99355196314359,34.09641125302013,34.49961853027344,141100,0.0,0.0
2001-03-12,34.373618010184416,34.373618010184416,33.718404695479784,33.723445892333984,223700,0.0,0.0
2001-03-13,33.72344967084082,34.2425814910998,33.55712476377524,34.16193771362305,265600,0.0,0.0
2001-03-14,33.516803226189964,33.516803226189964,32.77590485541454,33.41096115112305,521700,0.0,0.0
2001-03-15,33.69321989120405,34.32323523638479,33.481535658097364,34.27283477783203,248700,0.0,0.0
2001-03-16,34.27281109614715,34.32321151987444,33.446231842041016,33.446231842041016,434900,0.0,0.0
2001-03-19,33.491610105900804,33.66801745717219,32.695273729650815,33.59241485595703,265200,0.0,0.0
2001-03-20,33.5923853018573,33.82423025505069,33.27989661956812,33.365577697753906,296300,0.0,0.0
2001-03-21,33.26479130881423,33.345435072885664,32.10556411743164,32.10556411743164,280600,0.0,0.0
2001-03-22,32.004775162343186,32.004775162343186,30.139929610872706,30.79010581970215,303800,0.0,0.0
2001-03-23,30.845526400440836,32.40796432934816,30.49271771180675,31.989633560180664,348000,0.0,0.0
2001-03-26,32.08037240346503,32.99263311575176,32.08037240346503,32.6146240234375,284200,0.0,0.0
2001-03-27,32.61462581741438,34.489551633673116,32.38278068947914,34.19722366333008,362600,0.0,0.0
2001-03-28,34.202265301927994,34.202265301927994,33.63273294849097,34.02082061767578,259400,0.0,0.0
2001-03-29,34.02082476533108,34.408912481829674,33.84442125783172,34.136749267578125,203000,0.0,0.0
2001-03-30,34.222425387316186,35.23044967651367,34.1367442456082,35.23044967651367,392300,0.0,0.0
2001-04-02,35.02884067323837,35.593335605088896,34.716351789396754,35.05404281616211,355100,0.0,0.0
2001-04-03,34.978440867024645,35.054043451859776,34.42402832041231,34.57522964477539,122800,0.0,0.0
2001-04-04,34.600419929583744,34.67602248850768,33.5419956405663,33.71839904785156,166500,0.0,0.0
2001-04-05,34.02082940806513,34.96333377005151,34.02082940806513,34.77684783935547,169900,0.0,0.0
2001-04-06,34.7768454770769,34.7768454770769,33.93010473773574,34.24763107299805,206700,0.0,0.0
2001-04-09,34.373619079589844,34.75162810397818,34.126654260341994,34.373619079589844,112900,0.0,0.0
2001-04-10,34.499621145265884,35.00363316401517,34.474422851512344,34.88267135620117,145600,0.0,0.0
2001-04-11,35.02884404961268,35.52277764325475,34.817159871755,35.23044967651367,188700,0.0,0.0
2001-04-12,35.02883607043066,35.40684509277344,34.97843563651295,35.40684509277344,137900,0.0,0.0
2001-04-16,35.33125106864208,35.532856698403755,34.912920059815434,35.3362922668457,198200,0.0,0.0
2001-04-17,34.968359235883106,35.38164901733399,34.62563084307209,35.381649017333984,344200,0.0,0.0
2001-04-18,35.583254376691734,36.16286907518118,35.497573240432644,35.976383209228516,221800,0.0,0.0
2001-04-19,35.936076361101,36.13264083862305,35.88063470381955,36.13264083862305,106700,0.0,0.0
2001-04-20,36.11247391623983,36.11247391623983,35.280853039811284,35.58325958251953,186100,0.0,0.0
2001-04-23,35.28085851485507,35.598384857177734,35.2052559061187,35.598384857177734,103900,0.0,0.0
2001-04-24,35.598372188625135,35.8856589233386,35.598372188625135,35.83525848388672,121900,0.0,0.0
2001-04-25,35.78485870361328,35.789899901243444,35.34132944483681,35.78485870361328,97300,0.0,0.0
2001-04-26,35.78486434967015,35.96126784148726,35.54293681424402,35.7899055480957,104000,0.0,0.0
2001-04-27,35.91086468656382,36.13766860961914,35.80502259945084,36.13766860961914,117000,0.0,0.0
2001-04-30,36.26366687614256,36.27374927090826,35.85037713280824,36.06206512451172,286900,0.0,0.0
2001-05-01,36.06204688068095,36.233409051936235,35.860441385735626,36.147727966308594,208700,0.0,0.0
2001-05-02,36.21327232221155,36.404799400810106,36.11247143001788,36.33927536010742,159800,0.0,0.0
2001-05-03,36.21325564464475,36.21325564464475,35.910849262025685,36.157814025878906,110400,0.0,0.0
2001-05-04,36.157832772313206,36.32415771484375,36.06711042596089,36.32415771484375,169000,0.0,0.0
2001-05-07,36.32414864046789,36.41487096415626,36.16790613395723,36.28886795043945,193100,0.0,0.0
2001-05-08,36.16287966705276,36.329204635782204,36.137677515921006,36.183040618896484,84900,0.0,0.0
2001-05-09,36.13766385871982,36.24854712930094,35.991503742379535,36.06206512451172,101900,0.0,0.0
2001-05-10,36.18808237246912,36.30400304071059,36.1175209625895,36.14271926879883,83700,0.0,0.0
2001-05-11,36.162864176432294,36.18806631676853,35.850375324673955,35.910858154296875,83600,0.0,0.0
2001-05-14,35.78485694805891,36.08726342081211,35.78485694805891,36.06206512451172,71200,0.0,0.0
2001-05-15,36.1628707545397,36.21327119907339,35.961265131097505,36.13766860961914,132200,0.0,0.0
2001-05-16,36.13263152494923,36.591280572508204,36.06207013301709,36.545921325683594,253000,0.0,0.0
2001-05-17,36.54086630934772,36.69207143219846,36.2485384559995,36.43502426147461,183600,0.0,0.0
2001-05-18,36.314070091305545,36.41991216139084,36.18806707758874,36.28886795043945,140900,0.0,0.0
2001-05-21,36.28887668648677,36.91889190673828,36.28887668648677,36.91889190673828,201400,0.0,0.0
2001-05-22,36.8432835590858,37.66482573902737,36.46527448595159,37.49850082397461,227500,0.0,0.0
2001-05-23,37.62450255089623,37.66986179236073,37.296893929749196,37.4531364440918,187700,0.0,0.0
2001-05-24,37.67491299593112,37.87651865058969,37.412828336590614,37.564029693603516,130100,0.0,0.0
2001-05-25,37.674897038304,37.90170090041203,37.65473609684673,37.76057815551758,167700,0.0,0.0
2001-05-29,37.80090896691329,37.90170985270213,37.62450549412915,37.80595016479492,208000,0.0,0.0
2001-05-30,37.92731177727908,38.48357824504604,37.92731177727908,38.18016052246094,284600,0.25,0.0
2001-05-31,38.382433841497246,38.57965552095007,38.18015410770422,38.205440521240234,214600,0.0,0.0
2001-06-01,38.205441306790846,38.534141540527344,37.82616824494249,38.534141540527344,142100,0.0,0.0
2001-06-04,38.53416456904062,39.09043514538476,38.53416456904062,38.93366622924805,181200,0.0,0.0
2001-06-05,38.88813999001605,39.11570233034231,38.88813999001605,39.09041976928711,315800,0.0,0.0
2001-06-06,39.06512720852271,39.06512720852271,38.25601207680772,38.493690490722656,361800,0.0,0.0
2001-06-07,38.18016916056487,38.508873375302386,38.18016916056487,38.43807601928711,164300,0.0,0.0
2001-06-08,38.433003600633825,38.584714368639204,38.07901695284139,38.534141540527344,135700,0.0,0.0
2001-06-11,38.508869703845875,38.63529409298643,38.331876330682334,38.36221694946289,82500,0.0,0.0
2001-06-12,38.28132598765179,38.28638404647672,37.522779206986286,37.87677001953125,166300,0.0,0.0
2001-06-13,37.927330522328795,38.331890257834004,37.927330522328795,37.937442779541016,114400,0.0,0.0
2001-06-14,37.93741951094216,37.94753562011733,37.60871926788825,37.8514518737793,87100,0.0,0.0
2001-06-15,37.85146924793841,38.27625729047703,37.80090025334659,38.053749084472656,215200,0.0,0.0
2001-06-18,37.67446939967001,38.18016697550451,37.67446939967001,37.99811553955078,112400,0.0,0.0
2001-06-19,38.180169474138104,38.48358726786218,38.10431406116545,38.2863655090332,62300,0.0,0.0
2001-06-20,38.33188560280422,39.44441895308596,38.29142886253326,39.267425537109375,312000,0.0,0.0
2001-06-21,39.393846611955034,39.69726442189027,39.146055850627384,39.67197799682617,183200,0.0,0.0
2001-06-22,39.79840234011255,39.95011317391311,39.14099772936594,39.434303283691406,225300,0.0,0.0
2001-06-25,39.7225426644522,39.83885093618826,38.5594367980957,38.5594367980957,915800,0.0,0.0
2001-06-26,38.382447443052165,39.358443935663914,38.18016763757742,39.11570739746094,197400,0.0,0.0
2001-06-27,38.98928520285507,39.77311804651674,38.93871621317258,39.398902893066406,117400,0.0,0.0
2001-06-28,39.46968733666683,39.64668067173063,39.36854553222656,39.36854553222656,86000,0.0,0.0
2001-06-29,39.49497322577348,39.636567905768814,38.18016052246094,38.18016052246094,459400,0.0,0.0
2001-07-02,38.48359650265455,39.302828214648024,38.42291524424818,39.19157409667969,275000,0.0,0.0
2001-07-03,39.82367400679442,39.82367400679442,39.26740758595163,39.36854553222656,105000,0.0,0.0
2001-07-05,39.34326716851735,39.67196745803119,38.93870762396312,39.140987396240234,128100,0.0,0.0
2001-07-06,39.090403814810735,39.24211069372151,38.68584442138671,38.68584442138672,78400,0.0,0.0
2001-07-09,38.71115412486151,38.72632443606494,38.42290663749635,38.61507034301758,51400,0.0,0.0
2001-07-10,38.63528118893917,38.66562179758606,38.25095009403058,38.25600814819336,61200,0.0,0.0
2001-07-11,38.25604104828532,38.86287689208984,38.24087073091543,38.862876892089844,134800,0.0,0.0
2001-07-12,39.08032115671749,39.86920840511987,39.07020889940078,39.69221496582031,241900,0.0,0.0
2001-07-13,39.697259881655754,40.31926960032457,39.697259881655754,40.051246643066406,223200,0.0,0.0
2001-07-16,40.041143803745335,40.04620186100229,39.414079739737154,39.454532623291016,189200,0.0,0.0
2001-07-17,39.3281111637916,39.833808898925774,38.91343917530827,39.83380889892578,392600,0.0,0.0
2001-07-18,39.83380278129103,40.58223701193956,39.72255253750793,40.577178955078125,246700,0.0,0.0
2001-07-19,40.96149961452225,41.522824177152316,40.632795450920675,40.91093063354492,352600,0.0,0.0
2001-07-20,40.80978547237452,41.30031264984424,40.632792124361124,41.07780838012695,246500,0.0,0.0
2001-07-23,40.70863803641429,40.96148671987028,40.33442306518555,40.33442306518555,268000,0.0,0.0
2001-07-24,40.430530532875586,40.430530532875586,39.72255682257896,39.955177307128906,260800,0.0,0.0
2001-07-25,39.87932205200195,39.950119423339295,39.393852709331334,39.87932205200195,218200,0.0,0.0
2001-07-26,39.57083675921902,40.6580873587414,39.57083675921902,40.5518913269043,233500,0.0,0.0
2001-07-27,40.55186871735179,40.60749573037083,40.25350529678017,40.556922912597656,147000,0.0,0.0
2001-07-30,40.556924436121854,40.556924436121854,40.00065814319955,40.35464859008789,154200,0.0,0.0
2001-07-31,40.40522716751847,40.74910158904411,40.10180946809358,40.70864486694336,195700,0.0,0.0
2001-08-01,40.70864959534881,41.11320914701612,40.56199685432355,41.04241180419922,219500,0.0,0.0
2001-08-02,41.214367178729205,41.214367178729205,40.91094929628621,40.981746673583984,150600,0.0,0.0
2001-08-03,40.910935697183774,40.95644662824658,40.6580869028355,40.93621826171875,102200,0.0,0.0
2001-08-06,40.93622372987122,41.13344550715392,40.430526073624925,40.73394775390625,124000,0.0,0.0
2001-08-07,40.60751642063335,40.60751642063335,40.20295682130341,40.51143264770508,225000,0.0,0.0
2001-08-08,40.511424073281844,40.642906493960176,40.12203486616364,40.17766189575195,148800,0.0,0.0
2001-08-09,40.177664917091896,40.35466212900052,39.92481616655472,40.31926345825195,88600,0.0,0.0
2001-08-10,40.354662496894775,40.455800454765374,39.95010294908081,40.40523147583008,112400,0.0,0.0
2001-08-13,40.354668605157734,40.58728903000321,40.10181981404313,40.53166198730469,101500,0.0,0.0
2001-08-14,40.53165300947475,40.89069775034851,40.491196285897715,40.58222198486328,161100,0.0,0.0
2001-08-15,40.55692660701659,40.98171439438737,40.45578867858599,40.632781982421875,271200,0.0,0.0
2001-08-16,40.607523339844676,40.75923032181841,40.50638149369526,40.73394775390625,267700,0.0,0.0
2001-08-17,40.70866063282476,41.012078449759024,40.43052538337101,40.718772888183594,206800,0.0,0.0
2001-08-20,40.70865003465017,40.8097879945755,40.6580810546875,40.6580810546875,123300,0.0,0.0
2001-08-21,40.693487011775524,40.824969469750265,40.55694649744922,40.572120666503906,351200,0.0,0.0
2001-08-22,40.683356608340375,40.75921199430208,40.05123482226818,40.43556594848633,257500,0.0,0.0
2001-08-23,40.506378173828125,40.68337156737472,40.4810956079881,40.506378173828125,193800,0.0,0.0
2001-08-24,40.48108591907689,40.48108591907689,39.196613821936374,39.20672607421875,347400,0.0,0.0
2001-08-27,38.812285964290005,38.837572384406116,37.42161773755648,38.33187484741211,535400,0.0,0.0
2001-08-28,38.331892209876074,38.5847410929012,37.82113638587835,37.977901458740234,279600,0.0,0.0
2001-08-29,37.97787208160206,38.104296425321216,37.15864480352738,37.21932601928711,342900,0.0,0.0
2001-08-30,36.7119111070171,37.65063924747925,36.7119111070171,37.067108154296875,228200,0.25,0.0
2001-08-31,36.94026113276279,37.3461957284812,36.7880332397958,36.8641471862793,225400,0.0,0.0
2001-09-04,36.53432857099768,37.33097974748482,36.53432857099768,37.092491149902344,716900,0.0,0.0
2001-09-05,36.96564033522477,36.985937651455856,36.58507436635564,36.8895263671875,274200,0.0,0.0
2001-09-06,36.78802675173925,36.78802675173925,36.17912302989182,36.29075241088867,207700,0.0,0.0
2001-09-07,36.026901967521425,36.026901967521425,35.09324890152447,35.10847091674805,242700,0.0,0.0
2001-09-10,34.504620280968894,35.08815507468928,33.93123607291412,34.90548324584961,245100,0.0,0.0
2001-09-17,33.99722279625986,33.99722279625986,32.880897626103426,33.43906021118164,309900,0.0,0.0
2001-09-18,33.54053071141488,34.14436300118825,33.499936098201545,34.078399658203125,154500,0.0,0.0
2001-09-19,35.77319127722614,36.31105646044553,33.48979608931809,34.66193771362305,895100,0.0,0.0
2001-09-20,34.78880304571658,34.78880304571658,33.083867170141176,33.33757781982422,515900,0.0,0.0
2001-09-21,32.728662773228066,33.053411985613735,32.322726257745984,32.957000732421875,634500,0.0,0.0
2001-09-24,34.885204593510686,35.06280122445077,34.53001133163052,34.7279052734375,547600,0.0,0.0
2001-09-25,34.7786506716524,35.97616505326819,34.7786506716524,35.732601165771484,398100,0.0,0.0
2001-09-26,35.7325899168525,36.43790487661469,35.7325899168525,36.17912292480469,363300,0.0,0.0
2001-09-27,36.07764037962842,38.7060819012484,36.07764037962842,38.33566665649414,530200,0.0,0.0
2001-09-28,38.208828366219976,38.31031108546902,37.53903235375057,37.54917907714844,363000,0.0,0.0
2001-10-01,37.42229894854567,37.42229894854567,36.53431219383441,37.107696533203125,228100,0.0,0.0
2001-10-02,37.219339259792044,37.43753050141556,36.83369811548434,37.3817138671875,179600,0.0,0.0
2001-10-03,37.24473371342213,37.650668534382206,35.51950007821653,36.84894561767578,442900,0.0,0.0
2001-10-04,36.84892174230467,36.889512488178084,36.10301210454538,36.15882873535156,238300,0.0,0.0
2001-10-05,36.031977714464496,36.077643760707346,34.210333734002496,35.397701263427734,565300,0.0,0.0
2001-10-08,35.14398832551433,35.14398832551433,34.17481211511182,34.55537796020508,222800,0.0,0.0
2001-10-09,34.12407907894121,35.418004815591395,34.12407907894121,35.133846282958984,257500,0.0,0.0
2001-10-10,35.26068851027262,35.26068851027262,34.42851827839554,34.75834274291992,542500,0.0,0.0
2001-10-11,34.88520471637927,35.316511927700354,34.809090768189385,35.00698471069336,214100,0.0,0.0
2001-10-12,34.63148747743481,34.75834274291992,34.37777694646459,34.75834274291992,251300,0.0,0.0
2001-10-15,34.73295729734611,34.809071202754005,34.59595536466315,34.717735290527344,211300,0.0,0.0
2001-10-16,34.743120730472185,35.31650513679131,34.530004813572916,34.75834274291992,261700,0.0,0.0
2001-10-17,34.758361494941525,35.138927496710956,34.00737621473678,34.30168151855469,211500,0.0,0.0
2001-10-18,34.50463504153114,34.50463504153114,33.93632201187929,34.12406921386719,133300,0.0,0.0
2001-10-19,34.047949893641466,34.433590955368395,33.54052887027478,34.35240173339844,190800,0.0,0.0
2001-10-22,34.32703300501921,34.75326480641594,34.25599437145309,34.35240173339844,136100,0.0,0.0
2001-10-23,34.42853165763394,34.86998954675021,34.413309639270786,34.70761489868164,192500,0.0,0.0
2001-10-24,34.70761421233793,34.80402161717042,34.56046158554245,34.743133544921875,102200,0.0,0.0
2001-10-25,34.504645620766674,34.70761489868164,34.15452371314628,34.70761489868164,291900,0.0,0.0
2001-10-26,34.732958325518034,34.758330918509756,34.4031378445105,34.74818420410156,165400,0.0,0.0
2001-10-29,34.626425157195264,34.626425157195264,33.61665794954741,33.692771911621094,268400,0.0,0.0
2001-10-30,33.69274744094802,33.72319145513957,33.13458524332299,33.42888641357422,381200,0.0,0.0
2001-10-31,33.43397791518738,33.43905321045118,33.13967273094272,33.236083984375,306500,0.0,0.0
2001-11-01,33.210713831003325,33.60650559316161,33.0331171968199,33.307125091552734,393500,0.0,0.0
2001-11-02,33.307119594005734,33.56590543042525,33.022965026213726,33.479644775390625,228700,0.0,0.0
2001-11-05,33.606485339971385,34.42342936487796,33.606485339971385,34.1494255065918,210100,0.0,0.0
2001-11-06,34.14944547643021,34.783721923828125,34.14437018088249,34.783721923828125,355200,0.0,0.0
2001-11-07,34.748193985033716,35.11353387627715,34.65685804439404,34.80908203125,309300,0.0,0.0
2001-11-08,35.06280664563126,35.82901379622864,35.01714059260732,35.49411392211914,264800,0.0,0.0
2001-11-09,35.51947111925799,35.51947111925799,34.971455492873815,35.32665252685547,219700,0.0,0.0
2001-11-12,35.3266580891167,35.4129187463012,34.809086403378224,35.32158279418945,179300,0.0,0.0
2001-11-13,35.544853336187664,35.894971299459776,35.544853336187664,35.82393264770508,189700,0.0,0.0
2001-11-14,36.02690124511719,36.072567289872225,35.72244933280195,36.02690124511719,204700,0.0,0.0
2001-11-15,36.153775686650896,36.356745026172916,35.85439891112748,35.97110366821289,258900,0.0,0.0
2001-11-16,35.971089380761256,36.118241996683835,35.62096750593455,35.72245407104492,165900,0.0,0.0
2001-11-19,35.727520132973915,36.214643905651556,35.72244483820101,35.950782775878906,235900,0.0,0.0
2001-11-20,35.95079734730833,35.95079734730833,35.77320067142992,35.87468338012695,147000,0.0,0.0
2001-11-21,35.92542266000708,35.97616400595773,35.72245340488795,35.869606018066406,115100,0.0,0.0
2001-11-23,35.86959953390491,36.17912672096201,35.86959953390491,36.12331008911133,32700,0.0,0.0
2001-11-26,36.123303417203715,36.56983251822021,36.07763351261747,36.5343132019043,232000,0.0,0.0
2001-11-27,36.5343132019043,36.58505452931058,36.392235936640645,36.5343132019043,406700,0.0,0.0
2001-11-28,36.508936615896175,36.62564514037009,36.22985740997851,36.255226135253906,240900,0.0,0.0
2001-11-29,36.25524430037011,36.76444719158267,36.25524430037011,36.71352767944336,298100,0.25,0.0
2001-11-30,36.68806584508584,36.68806584508584,35.898799896240234,35.898799896240234,266700,0.0,0.0
2001-12-03,35.262287876739414,35.95480387724133,35.257194761834846,35.746028900146484,279200,0.0,0.0
2001-12-04,35.771480711228385,36.759334944858274,35.771480711228385,36.63203430175781,282200,0.0,0.0
2001-12-05,36.91719775866686,37.278731229148924,36.8408165725293,36.9630241394043,212000,0.0,0.0
2001-12-06,36.96813489275811,37.05979158287289,36.81537633250705,37.0190544128418,175600,0.0,0.0
2001-12-07,37.04451512733372,37.37549782641565,36.733901012724075,37.35512924194336,121700,0.0,0.0
2001-12-10,37.227822301357875,37.227822301357875,36.66260680236203,37.095428466796875,125300,0.0,0.0
2001-12-11,37.17180453532269,37.68100733717643,37.019042140802945,37.477325439453125,233800,0.0,0.0
2001-12-12,37.3500246908137,37.370393269050666,36.84082188961676,37.273643493652344,260500,0.0,0.0
2001-12-13,37.17180170427289,37.32965331765447,36.280696868896484,36.280696868896484,235500,0.0,0.0
2001-12-14,36.66261151163814,36.840831762837695,36.58113717685543,36.637149810791016,180400,0.0,0.0
2001-12-17,36.40800297178071,37.31438340319899,36.40800297178071,36.917205810546875,182100,0.0,0.0
2001-12-18,36.99357966107572,37.63008308303192,36.99357966107572,37.56897735595703,234100,0.0,0.0
2001-12-19,37.568968496715954,37.78283266368328,37.171791076660156,37.171791076660156,188100,0.0,0.0
2001-12-20,36.56076544263579,37.61990439662888,36.56076544263579,37.32456970214844,240900,0.0,0.0
2001-12-21,36.81537153975943,37.604633710583684,36.81537153975943,37.06997299194336,338100,0.0,0.0
2001-12-24,37.27365107816147,37.426413503568554,36.96813011225717,37.19218063354492,75400,0.0,0.0
2001-12-26,37.192159647548614,37.54351069678613,37.136147048832264,37.171791076660156,115300,0.0,0.0
2001-12-27,37.17180453532269,37.665731874706275,37.019042140802945,37.477325439453125,174200,0.0,0.0
2001-12-28,37.48241110199675,37.935601194738545,37.48241110199675,37.884681701660156,163500,0.0,0.0
2001-12-31,37.833774962512436,37.833774962512436,37.095428466796875,37.095428466796875,228200,0.0,0.0
2002-01-02,37.299096800269396,37.299096800269396,36.25014050885223,36.871368408203125,241600,0.0,0.0
2002-01-03,36.891753650905976,37.3958673887291,36.76445290830808,37.22273635864258,222700,0.0,0.0
2002-01-04,37.35001079440274,38.103632369142446,37.35001079440274,37.996700286865234,230100,0.0,0.0
2002-01-07,38.00180532978959,38.34297417416034,37.93561036128353,38.07309341430664,323800,0.0,0.0
2002-01-08,38.037447360291836,38.08837074789008,37.63008745386905,37.72683334350586,236400,0.0,0.0
2002-01-09,37.85413497063997,38.26659188782438,37.52824548354928,37.6759147644043,115400,0.0,0.0
2002-01-10,38.699421864798886,39.13224356919951,38.57212113498047,38.648502349853516,590400,0.0,0.0
2002-01-11,37.935602189413075,38.485542052859095,37.935602189413075,37.955970764160156,233400,0.0,0.0
2002-01-14,37.95596431801676,37.96105743206566,37.57406234741211,37.57406234741211,87900,0.0,0.0
2002-01-15,37.60462085690037,38.6994075040628,37.60462085690037,38.59756851196289,213400,0.0,0.0
2002-01-16,38.52118666827897,38.52118666827897,37.98652225660426,38.11382293701172,408700,0.0,0.0
2002-01-17,38.24114561789819,38.33280231591883,38.1647643887292,38.32770919799805,196200,0.0,0.0
2002-01-18,38.24113129925341,38.49573271121237,38.02217392957234,38.39898681640625,268800,0.0,0.0
2002-01-22,38.5211888052329,38.90309086764121,38.444807615769506,38.66376495361328,222800,0.0,0.0
2002-01-23,38.53647006783746,38.95401623020274,38.16984341114419,38.92855453491211,241500,0.0,0.0
2002-01-24,39.055845188366995,39.41228940613895,39.00492569580193,39.03548049926758,547900,0.0,0.0
2002-01-25,38.699408706994554,39.106772457873745,38.64848920936182,39.07621765136719,194600,0.0,0.0
2002-01-28,39.07623811579314,39.45305114241332,39.07623811579314,39.3868522644043,311900,0.0,0.0
2002-01-29,39.38685779438819,39.65673480748664,38.16986273368044,38.19023132324219,402600,0.0,0.0
2002-01-30,38.24114274791148,38.648506682966385,37.635193847778076,38.43973159790039,528300,0.0,0.0
2002-01-31,38.44483286539713,38.724896115732065,38.19023132324219,38.19023132324219,300500,0.0,0.0
2002-02-01,38.36842783087309,38.775791599651264,38.190207638873446,38.60775375366211,312900,0.0,0.0
2002-02-04,38.39390088685754,38.4702821017239,38.02727416342698,38.03745651245117,169000,0.0,0.0
2002-02-05,38.03744018457976,38.093452792443905,37.75738103016732,37.925418853759766,269300,0.0,0.0
2002-02-06,37.96107664983716,38.01199616138087,37.01904820418484,37.248191833496094,386000,0.0,0.0
2002-02-07,37.29910462975244,37.986527624103964,36.97321515265381,37.197265625,251900,0.0,0.0
2002-02-08,37.19726585364715,37.72683334350586,37.19726585364715,37.72683334350586,174600,0.0,0.0
2002-02-11,37.7573863627921,38.24112744276679,37.655543477333474,38.154563903808594,175700,0.0,0.0
2002-02-12,38.15457442600283,38.23604487192864,37.76757912435296,38.164756774902344,153300,0.0,0.0
2002-02-13,38.16984986895957,38.52629423878764,38.08328630618086,38.449913024902344,155500,0.0,0.0
2002-02-14,38.5008311665045,38.69432686785987,38.08837806510313,38.54665756225586,142900,0.0,0.0
2002-02-15,38.59756893348111,38.69940792669319,38.08836619760356,38.47026824951172,127300,0.0,0.0
2002-02-19,37.98653031060108,38.19021221941984,37.83377179266897,37.94579315185547,163700,0.0,0.0
2002-02-20,37.9457983929626,38.164755795326236,37.375493631390206,38.13420486450195,361700,0.0,0.0
2002-02-21,38.088382754661545,38.3175225314503,37.889793912135225,38.00690841674805,203200,0.0,0.0
2002-02-22,37.96108583279541,38.129119873046875,37.68611574205122,38.129119873046875,137100,0.0,0.0
2002-02-25,38.113827362217314,38.54664894887373,38.06290786112401,38.47536087036133,253400,0.0,0.0
2002-02-26,38.827875753183534,39.12419468782578,38.623517732816296,38.904510498046875,207400,0.25,0.0
2002-02-27,38.955607560149566,39.2366003869189,38.90962904184507,38.93006134033203,327600,0.0,0.0
2002-02-28,38.93004353508791,39.46137270227293,38.82786649816176,39.08331298828125,269100,0.0,0.0
2002-03-01,39.10886643142565,39.553340911865234,39.10886643142565,39.553340911865234,272900,0.0,0.0
2002-03-04,39.84967840517672,40.289046966083966,39.79858985344936,39.97740173339844,330700,0.0,0.0
2002-03-05,40.25839417546338,40.36057127780353,40.0029475218064,40.0795783996582,364800,0.0,0.0
2002-03-06,40.15619993689367,40.82036257656785,39.926299583517014,40.71818161010742,248100,0.0,0.0
2002-03-07,40.82036516296266,40.871453700527205,40.05402540607778,40.28903579711914,160300,0.0,0.0
2002-03-08,40.61601947832711,40.687544232250566,40.15621470467149,40.360572814941406,129500,0.0,0.0
2002-03-11,40.309466428898496,40.82035952965055,40.28392021473888,40.69774627685547,183100,0.0,0.0
2002-03-12,40.6977517364584,41.1524463453006,40.69264171337996,41.024723052978516,371300,0.0,0.0
2002-03-13,41.024734561224285,41.17800021632149,40.89701123307328,40.97875213623047,159600,0.0,0.0
2002-03-14,40.97363313106387,41.612249631846076,40.958306958694024,41.37723922729492,372900,0.0,0.0
2002-03-15,41.38235376635649,42.01586031287546,41.38235376635649,41.678672790527344,248000,0.0,0.0
2002-03-18,41.68889565374345,41.89836379353455,41.556062294310244,41.79107666015625,186000,0.0,0.0
2002-03-19,41.8421584065347,41.99542404450656,41.816612184636284,41.86259460449219,159100,0.0,0.0
2002-03-20,41.79107593736462,41.79107593736462,41.321051111608696,41.53562927246094,394600,0.0,0.0
2002-03-21,41.51006701162584,41.607137954089175,41.18309571868176,41.32614517211914,262800,0.0,0.0
2002-03-22,41.280175884116815,41.658235795212484,41.22908344121225,41.51518630981445,152100,0.0,0.0
2002-03-25,41.515199558311046,41.6071605279576,41.22909659840653,41.38236618041992,236100,0.0,0.0
2002-03-26,41.229083125452476,41.510075968050955,40.871459414696325,41.20354080200195,491400,0.0,0.0
2002-03-27,41.20354496566552,41.545842537379684,41.16778259097608,41.469207763671875,242400,0.0,0.0
2002-03-28,41.46920189344939,41.60203522255244,41.05026960732988,41.060489654541016,233000,0.0,0.0
2002-04-01,40.958306958694024,41.4385478145801,40.7692789690582,41.37723922729492,333200,0.0,0.0
2002-04-02,41.30572157313197,41.75531016136286,41.239306848873525,41.617366790771484,255100,0.0,0.0
2002-04-03,41.586706089684355,41.617358433524224,41.01961434181277,41.086029052734375,228200,0.0,0.0
2002-04-04,40.958308642707735,41.38235095213514,40.958308642707735,41.15245056152344,167500,0.0,0.0
2002-04-05,41.25464070160704,41.64802689171414,41.25464070160704,41.43345260620117,155100,0.0,0.0
2002-04-08,41.4385795686099,41.893274553771256,41.377270934344445,41.842185974121094,201400,0.0,0.0
2002-04-09,41.89323847421698,42.317280725953694,41.862586132387236,42.25086212158203,183600,0.0,0.0
2002-04-10,42.19979235067973,43.17049055091257,42.19979235067973,42.71068572998047,373200,0.0,0.0
2002-04-11,42.685129169818865,42.6902352954885,41.99542021944443,42.00053024291992,205300,0.0,0.0
2002-04-12,42.12313583818789,42.695337531088306,41.97498026467583,42.69022750854492,287100,0.0,0.0
2002-04-15,42.710664136138945,42.96611069663955,42.53185232334957,42.634029388427734,219700,0.0,0.0
2002-04-16,42.812859922698536,43.0938488978567,42.53697707409861,42.782203674316406,328300,0.0,0.0
2002-04-17,42.654460096849974,43.27264022604436,42.521630708887486,43.08871841430664,252200,0.0,0.0
2002-04-18,43.10916850461113,43.272654179114895,42.86394194175843,43.21134948730469,239900,0.0,0.0
2002-04-19,43.33909064406614,43.37485302828824,43.150058671573575,43.196041107177734,278900,0.0,0.0
2002-04-22,43.19604043072786,43.32376378635059,42.87928510557282,42.94059371948242,358900,0.0,0.0
2002-04-23,42.991658165250215,43.093835233307395,42.736211597301974,42.92523956298828,306900,0.0,0.0
2002-04-24,42.92525308905706,43.40038401107031,42.92525308905706,42.96612548828125,255200,0.0,0.0
2002-04-25,42.96613672477204,43.2522396963564,42.81287103430912,43.196041107177734,272100,0.0,0.0
2002-04-26,43.323764464800604,43.431051617466906,43.01722528825968,43.196041107177734,173400,0.0,0.0
2002-04-29,42.915039377272244,43.28288319558366,42.81286227121096,43.13472366333008,426800,0.0,0.0
2002-04-30,43.17047913010245,43.83464190661109,43.068302040396254,43.62006378173828,317600,0.0,0.0
2002-05-01,43.63029293758793,44.2944519549393,43.558768180300966,44.039005279541016,186200,0.0,0.0
2002-05-02,44.03900992625817,44.65208435058594,43.83465568262293,44.65208435058594,254000,0.0,0.0
2002-05-03,44.65205683885128,44.795106280381,44.37106408027153,44.534549713134766,238700,0.0,0.0
2002-05-06,44.57543615599835,44.90751754875613,44.330205680449254,44.3353157043457,201700,0.0,0.0
2002-05-07,44.549896175177025,44.80534283649755,44.422172844516766,44.59587860107422,218300,0.0,0.0
2002-05-08,44.65207092322033,44.80023043376784,44.03899668325069,44.3353157043457,291500,0.0,0.0
2002-05-09,44.33528073662253,44.34550077635476,43.78351552517499,43.83971405029297,174400,0.0,0.0
2002-05-10,43.88571976564717,43.93680829806062,43.405478985789316,43.55363845825195,145400,0.0,0.0
2002-05-13,43.604747062542174,44.22292755425402,43.5894208855438,44.16672897338867,213500,0.0,0.0
2002-05-14,44.4477362372857,45.40310852283832,44.4477362372857,45.316253662109375,399800,0.0,0.0
2002-05-15,45.26516373929663,45.75051490747264,45.26516373929663,45.392887115478516,322500,0.0,0.0
2002-05-16,45.341773894334075,45.92930188492045,45.341773894334075,45.75559616088867,344600,0.0,0.0
2002-05-17,45.77603942736374,46.00594375369408,45.77603942736374,45.949745178222656,200200,0.0,0.0
2002-05-20,45.94975662939951,45.94975662939951,45.254941248421495,45.408206939697266,186900,0.0,0.0
2002-05-21,45.82712099088154,45.878213431924564,45.392862526657865,45.479713439941406,183900,0.0,0.0
2002-05-22,45.26514669985999,45.336671451772695,44.60098773241251,44.75425338745117,251400,0.0,0.0
2002-05-23,44.80533718339376,44.98415294200227,44.524348230077685,44.9586067199707,237500,0.0,0.0
2002-05-24,44.94838176232373,45.06077498294326,44.61630043001498,44.62140655517578,156300,0.0,0.0
2002-05-28,44.677600029782774,44.677600029782774,44.038983654869895,44.33019256591797,186900,0.0,0.0
2002-05-29,44.33020596703994,44.600982666015625,44.26890127111097,44.600982666015625,336600,0.0,0.0
2002-05-30,44.57535160398402,44.78029653108956,44.40627174594699,44.67782211303711,191300,0.25,0.0
2002-05-31,44.88277164763143,44.88277164763143,44.66245651245117,44.66245651245117,198500,0.0,0.0
2002-06-03,44.575368066082206,44.69833350415807,43.98102794888072,43.98615264892578,191800,0.0,0.0
2002-06-04,43.9092902921094,43.9092902921094,43.1919887682244,43.41230392456055,261300,0.0,0.0
2002-06-05,43.46353215001291,43.60699243155541,43.345687542174716,43.55063247680664,174800,0.0,0.0
2002-06-06,43.47378177326623,43.47378177326623,42.18775599738839,42.351715087890625,468400,0.0,0.0
2002-06-07,42.01354906932417,42.55152900515304,41.80860414572273,42.525909423828125,320400,0.0,0.0
2002-06-10,42.52592414290992,43.115139536328684,42.51567865223336,42.80772399902344,156600,0.0,0.0
2002-06-11,42.88456610388573,43.422546114927236,42.628385890818315,42.63351058959961,322700,0.0,0.0
2002-06-12,42.582300346261306,42.77699601533802,42.35173958264409,42.68989562988281,229200,0.0,0.0
2002-06-13,42.65401423867942,42.679633828849454,41.96232830309556,41.96745300292969,233000,0.0,0.0
2002-06-14,41.85983970896853,42.32096481323243,41.60365952982185,42.32096481323242,318700,0.0,0.0
2002-06-17,42.449065451001196,44.2525765493891,42.449065451001196,44.19621658325195,382600,0.0,0.0
2002-06-18,44.19620741254593,44.51899304426226,43.96052210714996,44.22694778442383,250300,0.0,0.0
2002-06-19,44.09886078432445,44.49850128278055,43.90928602344154,44.19108581542969,207800,0.0,0.0
2002-06-20,44.06299384959023,44.37040930395025,43.88366849363019,43.929779052734375,252400,0.0,0.0
2002-06-21,43.653122144733786,43.960541636077956,43.3149661768569,43.919551849365234,264500,0.0,0.0
2002-06-24,43.91952305463042,43.91952305463042,42.817947690204,43.21246337890625,340800,0.0,0.0
2002-06-25,43.2175946797961,43.8068098632656,43.2175946797961,43.38154983520508,294100,0.0,0.0
2002-06-26,42.93581242493932,43.084393533345725,42.51567696189244,42.91531753540039,254900,0.0,0.0
2002-06-27,43.038279280324765,43.755584716796875,42.98704401536251,43.755584716796875,162400,0.0,0.0
2002-06-28,43.67872424490035,44.185959948063164,43.67872424490035,43.94002914428711,179300,0.0,0.0
2002-07-01,43.817058347996294,43.934902956352126,43.34568773257199,43.422542572021484,190300,0.0,0.0
2002-07-02,43.422558546066284,43.555773389518436,43.00242303271807,43.03828811645508,187000,0.0,0.0
2002-07-03,43.02803438815716,43.02803438815716,41.80861395652909,42.059669494628906,185400,0.0,0.0
2002-07-05,42.17239315117419,43.03828368087191,42.09041750065282,42.97679901123047,243400,0.0,0.0
2002-07-08,42.97678763041401,43.49939741147099,42.93580177050719,43.422542572021484,261300,0.0,0.0
2002-07-09,43.42254282200994,43.93490320929029,43.243217468261726,43.24321746826172,346800,0.0,0.0
2002-07-10,43.934912363783525,43.934912363783525,42.26974075815908,42.4234504699707,357700,0.0,0.0
2002-07-11,42.295367712515535,42.61815347273508,41.18354227597946,42.55154800415039,342700,0.0,0.0
2002-07-12,42.449057024365345,42.705237216315645,41.803481846130715,41.90595626831055,358000,0.0,0.0
2002-07-15,41.80860286854872,41.8188522643653,40.476466769332546,41.2808723449707,408500,0.0,0.0
2002-07-16,41.21940968743382,41.71640010670252,41.014468569757085,41.32188415527344,499900,0.0,0.0
2002-07-17,41.57293529050038,42.00332019114612,40.748034480846805,41.65491485595703,344500,0.0,0.0
2002-07-18,41.52681571729433,41.762501053404954,40.12806997957264,40.16905975341797,370400,0.0,0.0
2002-07-19,39.34928091648512,39.85651662612349,39.07772661655781,39.60546112060547,476000,0.0,0.0
2002-07-22,39.50297920188715,39.70792410811593,38.334798318081766,39.00598907470703,421200,0.0,0.0
2002-07-23,38.87791593030909,38.87791593030909,37.3408343276121,37.586769104003906,769500,0.0,0.0
2002-07-24,36.249499362398396,38.350176282164995,35.9113396121678,38.329681396484375,1147800,0.0,0.0
2002-07-25,38.32967755808038,39.43637782000833,38.08886756169794,39.34927749633789,505000,0.0,0.0
2002-07-26,39.579847601672306,40.14344335530059,39.20070193599514,40.10757827758789,370400,0.0,0.0
2002-07-29,40.29714009632215,41.97255662885448,40.29714009632215,41.70613098144531,617600,0.0,0.0
2002-07-30,41.68564463677743,41.69589012535341,40.65579908439913,41.613914489746094,526700,0.0,0.0
2002-07-31,41.50120678589026,42.93581796678069,41.37311664148936,42.833343505859375,475100,0.0,0.0
2002-08-01,42.961430417967456,42.961430417967456,41.60367420767138,41.6600341796875,442500,0.0,0.0
2002-08-02,41.706139151711554,42.01355462325247,41.10667839585681,41.373104095458984,305800,0.0,0.0
2002-08-05,41.24501253477631,41.24501253477631,39.77453676760092,39.836021423339844,243100,0.0,0.0
2002-08-06,40.092217227168675,41.752264488124716,40.092217227168675,41.28601837158203,401700,0.0,0.0
2002-08-07,41.859873559122235,42.04944845223103,41.245042195584084,42.028953552246094,372600,0.0,0.0
2002-08-08,41.96230635639938,42.51565637905926,41.75736146922921,42.500282287597656,589300,0.0,0.0
2002-08-09,42.372195236507466,42.63862478148463,42.013544590190754,42.49003982543945,361800,0.0,0.0
2002-08-12,42.21850345906676,42.495178581614304,41.76250295403474,42.29023361206055,234000,0.0,0.0
2002-08-13,42.29535197378463,42.91018288132014,41.93669735355594,41.94182205200195,358700,0.0,0.0
2002-08-14,42.013548745932404,43.28420413528125,41.55242364862842,43.27907943725586,277700,0.0,0.0
2002-08-15,43.499397220398535,43.55063247680665,43.16636219024659,43.55063247680664,294900,0.0,0.0
2002-08-16,43.499396563985044,43.627486657572156,43.34568688808073,43.463531494140625,287000,0.0,0.0
2002-08-19,43.59164534049617,44.31919653034845,43.59164534049617,44.23721694946289,243400,0.0,0.0
2002-08-20,44.242330441609006,44.242330441609006,43.17149882334996,43.191993713378906,341600,0.0,0.0
2002-08-21,43.320086348873694,43.77608692863019,42.83334147779598,43.5147819519043,192100,0.0,0.0
2002-08-22,43.473793181289416,43.7760879474787,43.24323249051865,43.37132263183594,199800,0.0,0.0
2002-08-23,43.34569449500394,43.396929759630396,42.45931308086587,42.54641342163086,187300,0.0,0.0
2002-08-26,42.70524378771836,43.566009521484375,42.66937871168645,43.566009521484375,132900,0.0,0.0
2002-08-27,43.78121399491135,44.16548446499776,43.366203138098456,43.443058013916016,236000,0.0,0.0
2002-08-28,43.42767304814518,43.55063846222439,42.98191804723299,43.13562774658203,310600,0.0,0.0
2002-08-29,43.01229480979273,43.4747934044379,42.601187997274536,43.35660171508789,256400,0.25,0.0
2002-08-30,43.356599613472895,44.245620943924,43.330903723654956,44.09145736694336,306700,0.0,0.0
2002-09-03,43.52619321079038,43.53133317454214,42.19008884231551,42.4367561340332,327700,0.0,0.0
2002-09-04,42.31855240959231,43.063690185546875,42.21577667804684,43.063690185546875,271100,0.0,0.0
2002-09-05,42.755346797292766,42.873542394058894,42.31340418082442,42.68340301513672,238600,0.0,0.0
2002-09-06,43.16646852411189,43.33091205690184,42.65258199406294,42.91466522216797,276200,0.0,0.0
2002-09-09,42.52409892047631,43.54159570129951,42.44701517757967,43.43881607055664,199800,0.0,0.0
2002-09-10,43.4491026674146,43.4491026674146,42.41618976349266,42.73993682861328,217200,0.0,0.0
2002-09-11,42.90953096093949,42.9866147348184,42.34425648690015,42.41106033325195,188400,0.0,0.0
2002-09-12,42.190082762190386,42.190082762190386,40.3195361317663,40.55592346191406,374400,0.0,0.0
2002-09-13,40.55591260796722,41.193134548932115,40.006054332236566,41.090354919433594,276000,0.0,0.0
2002-09-16,41.090350645659136,41.090350645659136,40.144801676470415,40.4017448425293,356300,0.0,0.0
2002-09-17,40.674122746085374,40.905370134023606,40.14482020698509,40.23731994628906,263400,0.0,0.0
2002-09-18,39.56927762279534,39.69774930338883,38.628863979896295,38.73164367675781,787400,0.0,0.0
2002-09-19,38.28453967995839,38.438707179812496,37.513710021972656,37.513710021972656,393400,0.0,0.0
2002-09-20,37.69359159731322,38.012202787565954,37.38526033742218,37.55484390258789,586600,0.0,0.0
2002-09-23,37.436633540442315,38.1149636143432,37.13344236467777,38.063575744628906,391300,0.0,0.0
2002-09-24,37.71924091068,38.181739189547706,37.41091003164814,37.441741943359375,500500,0.0,0.0
2002-09-25,37.8220575852342,38.47983188609398,37.49831039921093,38.37705612182617,542000,0.0,0.0
2002-09-26,39.56925887351624,41.62480478902357,39.31231563407782,41.16744613647461,1158200,0.0,0.0
2002-09-27,41.09034358211082,41.624785746118135,40.67409697925473,40.98756790161133,760000,0.0,0.0
2002-09-30,40.597040799691456,40.95675984611484,39.620655490000544,40.4994010925293,522400,0.0,0.0
2002-10-01,40.6278607691369,42.02049255371094,40.26300186651942,42.02049255371094,423800,0.0,0.0
2002-10-02,41.599106865836404,41.969105739866166,40.5559179919507,40.586753845214844,568800,0.0,0.0
2002-10-03,40.59191955262467,40.59191955262467,38.2331808878151,38.284568786621094,770100,0.0,0.0
2002-10-04,38.28453479250599,38.28967475401625,36.64009996699067,37.184818267822266,687100,0.0,0.0
2002-10-07,36.825109167315254,37.3595476872419,35.45816916959334,35.65858459472656,588000,0.0,0.0
2002-10-08,36.17246572229096,38.54148249319045,36.146769832371895,37.71926498413086,780400,0.0,0.0
2002-10-09,36.74289333119112,37.11803228888653,34.94429016113281,34.94429016113281,1906900,0.0,0.0
2002-10-10,34.94428934016735,37.87344143718861,34.790121789526786,37.791221618652344,1126600,0.0,0.0
2002-10-11,38.54150417804741,39.934136725203516,38.449004411194316,38.73164367675781,678600,0.0,0.0
2002-10-14,38.38730272285067,39.749102119715616,38.38730272285067,39.67715835571289,425100,0.0,0.0
2002-10-15,41.11091288603554,41.62479929711099,40.519942729170346,41.24966049194336,1255500,0.0,0.0
2002-10-16,40.982452752007696,41.11092439072873,40.32467858905896,40.828285217285156,413400,0.0,0.0
2002-10-17,41.54771467029875,42.3956280147216,41.316467358475286,42.184932708740234,542900,0.0,0.0
2002-10-18,41.88174048327792,42.652570062724756,41.547713548055896,41.90743637084961,344600,0.0,0.0
2002-10-21,41.62481217979628,42.159254683199265,41.157173519077396,42.03592300415039,308200,0.0,0.0
2002-10-22,41.83033945039792,41.88172728870991,41.24964550761432,41.56825637817383,235800,0.0,0.0
2002-10-23,41.439793774572756,42.16437538942214,40.90535151525954,42.13867950439453,252700,0.0,0.0
2002-10-24,42.626862983629415,42.703946705464446,41.09034418978575,41.12631607055664,333100,0.0,0.0
2002-10-25,41.00812921724266,42.52409226758896,40.75632210179935,42.400760650634766,290600,0.0,0.0
2002-10-28,42.652580919930266,42.67827681404284,41.65050377982765,41.9228630065918,420700,0.0,0.0
2002-10-29,41.77897860435247,41.93314221888936,40.96703690427102,41.835506439208984,401400,0.0,0.0
2002-10-30,41.80466494094202,42.56007870427256,41.7532770763612,42.4418830871582,260600,0.0,0.0
2002-10-31,42.44703830850964,42.90953709727981,41.8509318079291,42.09759521484375,259400,0.0,0.0
2002-11-01,42.03590901329297,43.572428248773065,41.91257345465061,43.500484466552734,346900,0.0,0.0
2002-11-04,43.505619038518226,43.72145035844041,42.08729165498091,42.13867950439453,405600,0.0,0.0
2002-11-05,42.08729797511167,42.96090330825493,42.06160208622538,42.85812759399414,349600,0.0,0.0
2002-11-06,43.32064085358595,43.32064085358595,41.72245325431914,42.10786819458008,391900,0.0,0.0
2002-11-07,42.112982364708735,42.112982364708735,40.93618614182271,41.01840591430664,451200,0.0,0.0
2002-11-08,41.06981571325087,41.57342630121093,40.925928094017586,41.11092758178711,375700,0.0,0.0
2002-11-11,41.11092446514868,41.29078397555505,40.62273380538235,40.75120544433594,265400,0.0,0.0
2002-11-12,40.87968737260584,41.84065296463965,40.853991470090214,41.26510238647461,240200,0.0,0.0
2002-11-13,41.23938016231417,41.62479493018627,40.597022215860676,41.05952072143555,308600,0.0,0.0
2002-11-14,41.36785617964488,41.753270988772,41.265080465467854,41.619659423828125,295500,0.0,0.0
2002-11-15,41.496326515186844,41.496326515186844,40.85910848134023,41.44493865966797,477400,0.0,0.0
2002-11-18,41.57340972249629,41.73785321042064,40.376053493206015,40.46341323852539,338900,0.0,0.0
2002-11-19,40.34008972055398,40.69980869757569,40.08314647392625,40.550785064697266,258200,0.0,0.0
2002-11-20,40.602177690680115,41.29078379047602,40.57648179474727,41.22397994995117,432600,0.0,0.0
2002-11-21,41.35243408278983,41.80465264701225,41.29076631104248,41.61451721191406,457400,0.0,0.0
2002-11-22,41.624797957966194,41.83035329991172,41.52202224731445,41.52202224731445,415000,0.0,0.0
2002-11-25,41.62479600681896,41.79951549086542,41.03896585815212,41.36271286010742,247000,0.0,0.0
2002-11-26,41.29078460124356,41.29078460124356,40.689538262784325,40.8642578125,322000,0.0,0.0
2002-11-27,41.276919468451254,42.1693115234375,41.199547733314084,42.1693115234375,228300,0.3,0.0
2002-11-29,42.169295819558954,42.169295819558954,41.55029855603611,41.61735534667969,76500,0.0,0.0
2002-12-02,42.19507960057121,42.37562010087258,41.88042161340836,42.29824447631836,341800,0.0,0.0
2002-12-03,41.834015929833676,41.96297405781435,41.48324966430664,41.48324966430664,213700,0.0,0.0
2002-12-04,41.421365193966345,41.8133951916834,41.215031337778385,41.612220764160156,283400,0.0,0.0
2002-12-05,41.61220261918365,41.679263356110255,40.45673903805766,40.575382232666016,356800,0.0,0.0
2002-12-06,40.105964768786414,40.920980817286704,40.09564985351548,40.802337646484375,380500,0.0,0.0
2002-12-09,40.673377290821875,40.673377290821875,39.95637068710281,40.1833381652832,316300,0.0,0.0
2002-12-10,40.23492278732614,41.00867130246703,40.23492278732614,40.82297134399414,248400,0.0,0.0
2002-12-11,40.84363647609282,41.13766098022461,40.50834440827796,41.13766098022461,345700,0.0,0.0
2002-12-12,41.13764155051315,41.13764155051315,40.49801035749556,40.61664962768555,180500,0.0,0.0
2002-12-13,40.44128536235867,40.9261654349586,40.2762190521242,40.67340850830078,247700,0.0,0.0
2002-12-16,40.67338983610083,41.36976288972987,40.54959114413087,41.20469665527344,283200,0.0,0.0
2002-12-17,41.21502190837418,41.21502190837418,40.74045690255921,40.98289489746094,250900,0.0,0.0
2002-12-18,40.95711384426614,41.07059765873784,40.60118805078506,40.786888122558594,253400,0.0,0.0
2002-12-19,40.69403250536533,41.349142095241426,40.626975685779485,40.76108932495117,460000,0.0,0.0
2002-12-20,41.008687453653934,41.67927133841283,41.008687453653934,41.18922805786133,637300,0.0,0.0
2002-12-23,41.11183341808451,41.21500224108954,40.82812800966909,41.168575286865234,392500,0.0,0.0
2002-12-24,41.29238412356054,41.35944091704587,40.93129909162947,40.95709228515625,160900,0.0,0.0
2002-12-26,41.008666375678004,41.68956482977917,40.98803261216124,41.27689743041992,264700,0.0,0.0
2002-12-27,41.27692755350254,41.421364003526726,40.76109489560304,40.776573181152344,196100,0.0,0.0
2002-12-30,40.77655173693511,41.168581517218506,40.585692337107744,40.95709228515625,232800,0.0,0.0
2002-12-31,40.95710194594867,41.194384427506925,40.4309505836106,40.93130874633789,196700,0.0,0.0
2003-01-02,41.163432307568634,42.12803649902344,40.94677968115789,42.12803649902344,287800,0.0,0.0
2003-01-03,42.066140862647416,42.14351258725722,41.467773289067935,41.50904083251953,205600,0.0,0.0
2003-01-06,41.65346732613454,43.19064964761819,41.65346732613454,42.968841552734375,304200,0.0,0.0
2003-01-07,42.96884916279588,42.96884916279588,42.298265333315726,42.324058532714844,220000,0.0,0.0
2003-01-08,42.32921271312091,42.50459780552531,41.91654908394448,42.13319778442383,245600,0.0,0.0
2003-01-09,42.26214817896688,42.886304903169496,42.26214817896688,42.88114547729492,266600,0.0,0.0
2003-01-10,42.556168360307375,43.340231791209625,42.42721027436705,42.984310150146484,459800,0.0,0.0
2003-01-13,43.20097011605654,43.458886355555386,42.6645038656402,43.06685256958008,263200,0.0,0.0
2003-01-14,43.077171842161796,43.577529981336205,42.99463675568416,43.5568962097168,329600,0.0,0.0
2003-01-15,43.556885195198234,43.556885195198234,42.59743670271034,42.68512725830078,317800,0.0,0.0
2003-01-16,42.685119731644704,42.9172426756277,42.43236302489845,42.63353729248047,455300,0.0,0.0
2003-01-17,42.48396052468483,42.86567543240406,42.34984298692269,42.67481994628906,265800,0.0,0.0
2003-01-21,42.685130738128436,42.762506384570244,41.38523483276367,41.38523483276367,447700,0.0,0.0
2003-01-22,41.18920753366318,41.343958794724124,40.94676572789545,41.01898193359375,387700,0.0,0.0
2003-01-23,41.101526283425734,41.16342758894574,40.73012632128359,41.08605194091797,359700,0.0,0.0
2003-01-24,41.08604712678882,41.08604712678882,39.84804870986992,40.00279998779297,391000,0.0,0.0
2003-01-27,39.82226768512523,40.363893387848144,39.59014463280952,39.755210876464844,340500,0.0,0.0
2003-01-28,39.87900430276235,40.3587286248795,39.69330431126608,40.27103805541992,463000,0.0,0.0
2003-01-29,39.77068516809816,40.4773771135206,39.37349587266432,40.42063522338867,361900,0.0,0.0
2003-01-30,40.394841443842054,40.54443333972394,39.8377453399418,39.961544036865234,292200,0.0,0.0
2003-01-31,39.96669448290655,41.266590347229226,39.935741864013785,41.16342544555664,494900,0.0,0.0
2003-02-03,41.18921528494218,41.42134222021689,40.87971664006468,40.95709228515625,267900,0.0,0.0
2003-02-04,40.828135523232014,40.8332949492038,40.23492747212217,40.46189498901367,227800,0.0,0.0
2003-02-05,40.59086869253759,40.95710936753453,40.13177799180266,40.36906051635742,361000,0.0,0.0
2003-02-06,40.24010639041047,40.549605195327224,40.02861311349801,40.29684829711914,384000,0.0,0.0
2003-02-07,40.42580534222534,40.54444464534114,40.05440521240234,40.054405212402344,308600,0.0,0.0
2003-02-10,40.0544159501987,40.0544159501987,39.409624978481055,39.72943878173828,383900,0.0,0.0
2003-02-11,39.770673085709284,39.848048724699595,39.04850701428046,39.30642318725586,506300,0.0,0.0
2003-02-12,39.28063417992131,39.62624090937901,39.182624774213885,39.21357345581055,221500,0.0,0.0
2003-02-13,39.21359264215808,39.84806847374417,39.125902044403475,39.78616714477539,370300,0.0,0.0
2003-02-14,39.78615277375862,40.209135196868544,39.64172032715851,40.1420783996582,383200,0.0,0.0
2003-02-18,40.23493047330548,40.75076291527093,40.23493047330548,40.740447998046875,224300,0.0,0.0
2003-02-19,40.740460517197754,41.13249046000629,40.64761049169248,41.013851165771484,460700,0.0,0.0
2003-02-20,41.01385461261419,41.0860708679107,40.5083368900479,40.53413009643555,264700,0.0,0.0
2003-02-21,40.54442704157849,40.98288380733533,40.31230402896869,40.8281364440918,322100,0.0,0.0
2003-02-24,40.77655928614678,40.77655928614678,40.038918679289,40.31230926513672,335800,0.0,0.0
2003-02-25,39.97702867847023,40.95195203075754,39.8480705214429,40.94679260253906,568200,0.0,0.0
2003-02-26,40.817830246971766,40.817830246971766,40.28652332434816,40.42580032348633,256900,0.0,0.0
2003-02-27,40.58630330026052,41.30088991281907,40.44131585730995,41.11965560913086,296900,0.3,0.0
2003-02-28,41.15592673577669,41.42518872421398,40.85559316937881,40.917728424072266,323200,0.0,0.0
2003-03-03,41.11447525024414,41.47694384785959,40.979842363724934,41.11447525024414,539400,0.0,0.0
2003-03-04,40.933245939468534,41.16626093052865,40.77789997835385,40.80896759033203,310300,0.0,0.0
2003-03-05,40.679535153555605,41.03682868007703,40.456874600169115,40.8193473815918,278000,0.0,0.0
2003-03-06,40.8244937237595,40.98501890690538,40.55523191912598,40.757179260253906,352500,0.0,0.0
2003-03-07,40.75719255960487,41.11448594923901,40.49310596941387,41.093772888183594,207500,0.0,0.0
2003-03-10,40.96431426529489,40.96431426529489,40.02189182961911,40.05295944213867,276900,0.0,0.0
2003-03-11,40.05295132768409,40.208297260033824,39.54031607190786,39.5506706237793,312100,0.0,0.0
2003-03-12,39.49890631126562,39.52997393034956,38.68593735679563,39.193397521972656,484700,0.0,0.0
2003-03-13,39.45748160825522,40.270450592041016,39.39016711427503,40.270450592041016,349700,0.0,0.0
2003-03-14,40.39989421132358,40.39989421132358,39.602463186934486,39.69049072265625,612700,0.0,0.0
2003-03-17,39.35393942976689,40.50348934520846,38.91379747626747,40.49831008911133,645200,0.0,0.0
2003-03-18,40.59666029469835,40.75200228468067,40.1513394789819,40.66397476196289,406000,0.0,0.0
2003-03-19,40.72614616767366,41.13522044782833,40.5966924315721,41.104148864746094,281200,0.0,0.0
2003-03-20,41.109312786446495,41.36822016207626,40.51900428605965,41.31126022338867,312300,0.0,0.0
2003-03-21,41.55463737350716,42.098344489480645,41.03164332344455,42.03620529174805,305500,0.0,0.0
2003-03-24,41.528758984841616,41.528758984841616,40.79346267610106,40.87113571166992,274500,0.0,0.0
2003-03-25,40.87629817777228,41.2439461811327,40.87629817777228,41.140380859375,281000,0.0,0.0
2003-03-26,41.145564649096016,41.40447205611319,40.98504332094169,41.05753707885742,307300,0.0,0.0
2003-03-27,41.05753255258191,41.300906120446164,40.5966777349461,41.140380859375,327400,0.0,0.0
2003-03-28,41.03681632719101,41.451069681086,40.907362647925424,41.26465606689453,225500,0.0,0.0
2003-03-31,41.26465500833735,41.26465500833735,40.62774118441972,40.68988037109375,229200,0.0,0.0
2003-04-01,40.907352972773516,42.35723541787604,40.907352972773516,42.2899169921875,2753800,0.0,0.0
2003-04-02,42.5125797432767,42.94236682836296,42.48669138250301,42.71452713012695,710500,0.0,0.0
2003-04-03,42.81811475924137,42.81811475924137,42.341722055293914,42.43492889404297,514400,0.0,0.0
2003-04-04,42.43490972308364,42.97861669525651,42.2277870199819,42.79738235473633,549200,0.0,0.0
2003-04-07,42.97861862262386,43.082179978818914,42.22260966068494,42.357242584228516,698600,0.0,0.0
2003-04-08,42.22778750000235,42.50222864028293,42.1501145101501,42.47115707397461,421900,0.0,0.0
2003-04-09,42.47115123587371,42.497043545802754,41.64782792820631,41.72032165527344,342200,0.0,0.0
2003-04-10,41.78763961758516,42.12421992169259,41.45106326408989,42.046546936035156,538700,0.0,0.0
2003-04-11,42.20190699712691,42.77150249776298,41.91710727150213,42.14494705200195,301900,0.0,0.0
2003-04-14,42.14493070026414,42.52293710301194,42.046544660382125,42.398658752441406,511300,0.0,0.0
2003-04-15,42.305456094378684,42.64203641312423,42.22778705595553,42.59025573730469,403400,0.0,0.0
2003-04-16,42.83361190041446,42.8491457018038,42.0879578288402,42.253658294677734,280900,0.0,0.0
2003-04-17,42.53846740722656,42.53846740722656,42.02583209281433,42.53846740722656,282400,0.0,0.0
2003-04-21,42.460796315938865,42.71970361054825,42.35723497833983,42.61614227294922,244400,0.0,0.0
2003-04-22,42.253685470669424,43.49126248505287,42.253685470669424,43.41358947753906,353400,0.0,0.0
2003-04-23,43.496435074170705,43.93657678182252,42.97862037090677,43.78123474121094,272300,0.0,0.0
2003-04-24,43.444655972575156,43.7035633336148,43.0304026146666,43.35662841796875,341300,0.0,0.0
2003-04-25,43.36180313323404,43.49643606532209,42.8543469248151,43.02522277832031,164200,0.0,0.0
2003-04-28,43.0770265778275,43.58966226767052,43.05631350593497,43.3721809387207,228800,0.0,0.0
2003-04-29,43.43432163572456,43.47056852841593,42.875084427145445,43.3618278503418,285300,0.0,0.0
2003-04-30,43.28929560394789,44.09190973695336,43.03038832886374,43.73979568481445,777000,0.0,0.0
2003-05-01,43.81745173167416,44.18509944620546,43.23749823728973,44.1799201965332,481600,0.0,0.0
2003-05-02,44.1333465257298,45.272537231445305,44.024601967349156,45.27253723144531,492900,0.0,0.0
2003-05-05,45.27772230300355,45.401996734907335,44.858289675582235,44.93596267700195,357300,0.0,0.0
2003-05-06,44.941141930593396,45.07577486968005,44.635629178505944,44.93596267700195,393300,0.0,0.0
2003-05-07,44.70813566819042,44.85830246023609,44.5217259425143,44.57868194580078,269200,0.0,0.0
2003-05-08,44.51137324552029,44.59422553496484,44.01427136069676,44.24211120605469,270200,0.0,0.0
2003-05-09,44.371550761619396,44.50100445953462,44.14371098909233,44.29905700683594,149400,0.0,0.0
2003-05-12,44.24725903181821,44.68740463256835,44.112630071002826,44.68740463256836,118200,0.0,0.0
2003-05-13,44.58384963480075,44.806510137572275,44.324942257187956,44.630455017089844,167800,0.0,0.0
2003-05-14,44.74955674084911,44.89454426141141,44.46476095420563,44.625282287597656,183200,0.0,0.0
2003-05-15,44.88417868604149,44.9980985529822,44.24726486206055,44.24726486206055,430300,0.0,0.0
2003-05-16,44.24723602183281,44.53203550355306,43.96244049072266,43.962440490722656,366900,0.0,0.0
2003-05-19,43.967650333989056,44.066032445631,43.35662879854751,43.39287567138672,240500,0.0,0.0
2003-05-20,43.641416159930635,43.83818824671073,43.361795787094785,43.47571563720703,272400,0.0,0.0
2003-05-21,43.54820130898972,43.64658733417026,43.40839312375384,43.59480667114258,321300,0.0,0.0
2003-05-22,43.85890576485859,43.85890576485859,43.392875671386726,43.39287567138672,334900,0.0,0.0
2003-05-23,43.52232595601996,43.620708059982945,43.39287228446799,43.53268051147461,220500,0.0,0.0
2003-05-27,43.5327002572835,44.50619088669526,43.35664508041072,44.46994400024414,252300,0.0,0.0
2003-05-28,44.59937391734713,44.85828123964811,44.44920719633909,44.50099182128906,414900,0.0,0.0
2003-05-29,44.61531568687026,44.80238231584912,44.272358878925054,44.475013732910156,269300,0.3,0.0
2003-05-30,45.07777901864314,46.28851455355169,45.02061955806281,46.272926330566406,1272800,0.0,0.0
2003-06-02,46.40283889349363,46.735400904186704,45.883210256229205,45.9715461730957,397800,0.0,0.0
2003-06-03,45.84165559757961,46.92248450556162,45.7896935079456,46.834144592285156,484400,0.0,0.0
2003-06-04,46.76657568355909,47.23943962951858,46.641865925116086,47.140708923339844,399200,0.0,0.0
2003-06-05,46.92245629123519,47.10432547782351,46.53273490663839,46.735389709472656,394000,0.0,0.0
2003-06-06,46.76657126080233,47.10433062390951,46.34567338807955,46.423614501953125,258600,0.0,0.0
2003-06-09,46.29371463489675,46.34048327502224,45.58182591996472,45.60261154174805,277100,0.0,0.0
2003-06-10,45.70651338304669,46.25212478637696,45.477875619449236,46.25212478637695,159600,0.0,0.0
2003-06-11,46.32488270862991,46.7665661516161,46.16899256901082,46.735389709472656,297800,0.0,0.0
2003-06-12,46.750981677856956,46.92246005229258,46.496364796224555,46.84971237182617,170000,0.0,0.0
2003-06-13,46.84970953903394,47.02638133392657,45.41553370543365,46.01310729980469,558100,0.0,0.0
2003-06-16,46.01829578603009,46.58989027150338,46.01829578603009,46.4391975402832,303200,0.0,0.0
2003-06-17,46.30932016488389,46.392458711514905,45.545465193224096,46.065093994140625,319800,0.0,0.0
2003-06-18,45.831238459757174,45.98712861712119,45.52465950524637,45.85202407836914,170700,0.0,0.0
2003-06-19,45.800066517465126,45.935171069501656,44.74002365073219,45.06219482421875,473700,0.0,0.0
2003-06-20,45.58181896053434,45.72731432635142,45.379164134653216,45.623390197753906,654600,0.0,0.0
2003-06-23,45.55583555901406,45.55583555901406,44.6880568028001,44.91669464111328,300900,0.0,0.0
2003-06-24,44.958261114785145,45.05179441384686,44.11646538768107,44.42824172973633,436800,0.0,0.0
2003-06-25,44.54777992882789,44.843968193965466,44.39188969898571,44.39708709716797,341400,0.0,0.0
2003-06-26,44.428242333476064,44.99463556672058,44.277549573803796,44.7919807434082,357700,0.0,0.0
2003-06-27,44.7971701745845,45.03100536606828,44.35028937071839,44.610103607177734,302300,0.0,0.0
2003-06-30,44.92188431772216,44.92188431772216,43.76311492919922,43.76311492919922,1182200,0.0,0.0
2003-07-01,43.85666179971132,44.381487881522034,43.52929319096547,44.35030746459961,544400,0.0,0.0
2003-07-02,44.41785728803647,44.53217225714363,44.106076936711226,44.27235794067383,439900,0.0,0.0
2003-07-03,44.27234830748209,44.48020050832188,43.90341253410569,43.924198150634766,251700,0.0,0.0
2003-07-07,44.287943436909075,44.979046401294326,44.267157818998434,44.53216552734375,322800,0.0,0.0
2003-07-08,44.53736798685053,44.958265895156266,44.407460833476996,44.68806076049805,289000,0.0,0.0
2003-07-09,44.71405559468989,44.89592486458979,44.48541767569987,44.58414840698242,195000,0.0,0.0
2003-07-10,44.47500167013641,44.50618207614391,43.85664644737488,44.05410385131836,200700,0.0,0.0
2003-07-11,44.22039816006631,44.45942686786156,44.20480993458324,44.2879524230957,194900,0.0,0.0
2003-07-14,45.857239754994715,47.24984504154321,45.62340839018386,46.7665901184082,935600,0.0,0.0
2003-07-15,46.76656282618084,47.08353651360323,45.857212993449544,46.231346130371094,476400,0.0,0.0
2003-07-16,46.454806369348866,46.917275593166366,46.454806369348866,46.719818115234375,543600,0.0,0.0
2003-07-17,46.71981841577961,46.81854517315453,45.85203547201562,45.90919494628906,319600,0.0,0.0
2003-07-18,46.03909131591305,46.8808910412675,46.03909131591305,46.79774856567383,297500,0.0,0.0
2003-07-21,46.65744379147583,46.880884206494095,46.018298987997696,46.2469367980957,228800,0.0,0.0
2003-07-22,46.3768369074644,46.56390345752448,46.17418213897436,46.38203430175781,287500,0.0,0.0
2003-07-23,46.38723327040929,46.532732576846044,45.87799957345821,46.49116134643555,289700,0.0,0.0
2003-07-24,46.543152135681254,46.76659268151551,45.90400695800781,45.90400695800781,303100,0.0,0.0
2003-07-25,45.72730658055558,46.61067341735421,45.7117183603516,46.48076629638672,320400,0.0,0.0
2003-07-28,46.68861430286483,46.76655936135716,46.039078756179315,46.298892974853516,308400,0.0,0.0
2003-07-29,46.2989298617731,46.42363967604844,45.80528403877862,46.08588409423828,197300,0.0,0.0
2003-07-30,46.03908947246123,46.298903751611064,45.779275193311385,46.27811813354492,359400,0.0,0.0
2003-07-31,46.5067686434554,46.52755426718676,45.919589639740884,46.02351379394531,219100,0.0,0.0
2003-08-01,45.93518009558236,45.93518009558236,44.84396056567137,44.92190170288086,224600,0.0,0.0
2003-08-04,44.92190170288086,45.07779190620495,44.2411893415676,44.92190170288086,183200,0.0,0.0
2003-08-05,45.025817166683325,45.025817166683325,44.37628144288366,44.42304611206055,182600,0.0,0.0
2003-08-06,44.53216501762575,45.025814517337736,44.32431676980092,44.69325256347656,150100,0.0,0.0
2003-08-07,44.480207859869175,44.68806009506212,44.355498104534064,44.667274475097656,267800,0.0,0.0
2003-08-08,44.79199331065013,44.86993841020494,44.45423782000002,44.59453582763672,143200,0.0,0.0
2003-08-11,44.55816538365983,44.83876538484228,44.45424121927496,44.58414840698242,148100,0.0,0.0
2003-08-12,44.48020762292523,45.010231018066406,44.47501022684889,45.010231018066406,129300,0.0,0.0
2003-08-13,45.12972676471822,45.12972676471822,44.65166957740676,44.85432434082031,230900,0.0,0.0
2003-08-14,44.81796777875405,45.088172912597656,44.58413648916732,45.088172912597656,102600,0.0,0.0
2003-08-15,45.12973889631405,45.27004082528509,44.947869696213836,45.218074798583984,69500,0.0,0.0
2003-08-18,45.337597100988376,45.337597100988376,44.83355670520952,45.05179977416992,139900,0.0,0.0
2003-08-19,45.07777930684172,45.18170343704234,44.6516840298969,44.947872161865234,137600,0.0,0.0
2003-08-20,44.84396117113313,45.0777925148238,44.776406898702746,44.999847412109375,93700,0.0,0.0
2003-08-21,45.23367296275535,45.3220088766986,44.87512794628343,45.05179977416992,117800,0.0,0.0
2003-08-22,45.18170776323544,45.18170776323544,44.04891719199658,44.09048843383789,154600,0.0,0.0
2003-08-25,43.59685006757954,44.064516704894594,43.59685006757954,43.96578598022461,203200,0.0,0.0
2003-08-26,43.96576233443933,44.21518176389561,43.544864569450404,44.173614501953125,180100,0.0,0.0
2003-08-27,44.17363759506182,44.17363759506182,43.88784021976481,43.94499969482422,126400,0.0,0.0
2003-08-28,43.84068963017977,43.99713474410821,43.621669653531555,43.9136962890625,237800,0.3,0.0
2003-08-29,43.85635655321691,43.960654677215224,43.67383980942815,43.92936325073242,163100,0.0,0.0
2003-09-02,44.08577558801569,44.40909356357474,43.90847089865632,44.29957962036133,523800,0.0,0.0
2003-09-03,44.11707553253723,44.65419769287109,44.059712585456445,44.654197692871094,351100,0.0,0.0
2003-09-04,44.654216345010354,44.97753454737395,44.570781828037894,44.94624710083008,399900,0.0,0.0
2003-09-05,44.789780378555974,44.977512924700754,44.6906982073783,44.821067810058594,377300,0.0,0.0
2003-09-08,44.71680746262211,45.10270066375253,44.71680746262211,45.04533767700195,287800,0.0,0.0
2003-09-09,44.914943660567936,45.15482330322266,44.7167832545224,45.154823303222656,189400,0.0,0.0
2003-09-10,44.84714442086471,44.9462265944701,44.02842345511477,44.216156005859375,384700,0.0,0.0
2003-09-11,44.21617119302844,44.7167901741095,44.21617119302844,44.456050872802734,398500,0.0,0.0
2003-09-12,44.403902160688844,44.53427180650498,44.19530993166986,44.25788879394531,298700,0.0,0.0
2003-09-15,44.97751262640368,45.02965967141704,44.52382497980195,44.87321853637695,284200,0.0,0.0
2003-09-16,44.8732166735475,45.18610290920329,44.80021001784663,45.13916778564453,198500,0.0,0.0
2003-09-17,45.03488927595811,45.13397147663454,44.50297891066595,44.79500961303711,237800,0.0,0.0
2003-09-18,44.71678680537141,46.09870579390361,44.69071128577874,46.06220245361328,382200,0.0,0.0
2003-09-19,46.281227698593426,46.281227698593426,45.85361538773217,46.004844665527344,351500,0.0,0.0
2003-09-22,45.75974188191272,45.785817400337166,45.26955078120482,45.47292709350586,200400,0.0,0.0
2003-09-23,45.472921997182084,45.67629828668997,45.243474170737215,45.35820007324219,230800,0.0,0.0
2003-09-24,45.36342962171374,45.733679010044526,45.055759107767024,45.16005325317383,347000,0.0,0.0
2003-09-25,45.29039804134,45.73886978161554,45.13395690917969,45.13395690917969,298300,0.0,0.0
2003-09-26,45.02968576767186,45.13398389670745,44.68029598717794,44.894100189208984,224700,0.0,0.0
2003-09-29,45.12875040700265,45.82231777515083,45.11310668838604,45.75973892211914,451500,0.0,0.0
2003-09-30,45.75452183649564,45.89010735859883,45.37905668517304,45.52507400512695,327300,0.0,0.0
2003-10-01,45.655442497590734,46.51587880640255,45.62936698217489,46.437660217285156,318200,0.0,0.0
2003-10-02,46.437650762414165,46.651454826745535,46.046541982198086,46.531517028808594,253800,0.0,0.0
2003-10-03,46.531522772765285,47.292880814808626,46.531522772765285,47.037353515625,376400,0.0,0.0
2003-10-06,47.03736989477618,47.37633179321703,46.750559041146325,47.21989059448242,200200,0.0,0.0
2003-10-07,47.219873507289854,47.59012271578438,46.86005211684439,47.553619384765625,264900,0.0,0.0
2003-10-08,47.76220856827952,47.923869590639654,47.32416858693796,47.72049331665039,372100,0.0,0.0
2003-10-09,48.02815810734751,48.4870616290325,47.76741891677715,47.93429183959961,224500,0.0,0.0
2003-10-10,47.93429740890574,48.28890290842429,47.25637782179646,47.72049331665039,443400,0.0,0.0
2003-10-13,48.08032596773023,48.758249748168616,48.054254424523236,48.62788009643555,253600,0.0,0.0
2003-10-14,48.62788856226781,48.62788856226781,47.81959498937716,48.487091064453125,338000,0.0,0.0
2003-10-15,48.75824015383021,48.7790997714308,48.106392023431404,48.294124603271484,211000,0.0,0.0
2003-10-16,48.294125245573234,48.674802330792524,48.075105225701975,48.205474853515625,261800,0.0,0.0
2003-10-17,48.12724780816556,48.12724780816556,47.2303042155992,47.50668716430664,269800,0.0,0.0
2003-10-20,47.50668321499968,47.897792029577445,47.33981027992242,47.55883026123047,217900,0.0,0.0
2003-10-21,47.68923238305734,47.720523814983586,47.37634591376598,47.53279113769531,359100,0.0,0.0
2003-10-22,47.53275367083861,47.63704775220531,47.21986744817431,47.324161529541016,191900,0.0,0.0
2003-10-23,47.308515916665925,47.918644623161,47.308515916665925,47.710052490234375,297100,0.0,0.0
2003-10-24,47.71006871353632,47.91866091739252,47.511908308083896,47.8769416809082,259900,0.0,0.0
2003-10-27,47.87693850100124,48.91468355215501,47.87693850100124,48.575721740722656,295000,0.0,0.0
2003-10-28,48.57572836340132,49.316226959228516,48.57572836340132,49.316226959228516,276100,0.0,0.0
2003-10-29,49.31619707249795,49.420491129230925,48.98766721308215,49.10760498046875,133400,0.0,0.0
2003-10-30,49.10763458602552,49.154569724845445,48.60179975093473,49.0085563659668,144200,0.0,0.0
2003-10-31,48.65394869802914,49.41009097910643,48.65394869802914,48.966835021972656,226400,0.0,0.0
2003-11-03,49.0971922597779,49.775111794076125,49.01896970389921,49.75946807861328,197200,0.0,0.0
2003-11-04,49.759445088981785,50.494731204537686,49.696870256040945,50.22356033325195,342800,0.0,0.0
2003-11-05,50.22358348688392,50.22358348688392,49.69167726885894,50.11928939819336,127200,0.0,0.0
2003-11-06,50.17146656142292,50.54693187181102,49.707350824572856,50.531288146972656,185100,0.0,0.0
2003-11-07,50.40089240680715,50.58340906648874,49.853338449197594,50.13493728637695,304300,0.0,0.0
2003-11-10,50.13494491131065,50.13494491131065,49.12849120220839,49.22757339477539,358400,0.0,0.0
2003-11-11,49.331867508008266,49.48831265642297,49.11806338231126,49.22757339477539,454700,0.0,0.0
2003-11-12,49.22757903575325,49.80120468139648,49.22757903575325,49.801204681396484,244700,0.0,0.0
2003-11-13,49.80121311386242,49.80121311386242,49.38402858535633,49.592620849609375,173000,0.0,0.0
2003-11-14,49.592607669859696,49.8533469362402,48.86775282760712,48.966835021972656,179100,0.0,0.0
2003-11-17,48.96683758752097,48.96683758752097,48.38799606754342,48.904258728027344,188900,0.0,0.0
2003-11-18,48.9251012258879,49.01375159522193,48.132455842526895,48.15852737426758,304200,0.0,0.0
2003-11-19,48.23677113508601,48.30977782176194,47.84566217993667,48.20026779174805,277700,0.0,0.0
2003-11-20,48.20026892541498,48.49229567898715,47.91345409346652,48.007320404052734,177700,0.0,0.0
2003-11-21,48.106416535501154,48.42973480520555,48.095988710670106,48.13249206542969,115000,0.0,0.0
2003-11-24,48.2628297740991,48.84167114352169,48.23675426145084,48.60178756713867,146200,0.0,0.0
2003-11-25,48.6539494440658,48.90425691563253,48.461000951702076,48.758243560791016,178900,0.0,0.0
2003-11-26,48.889023659425725,49.2290765327817,48.653604588610065,49.176761627197266,389000,0.3,0.0
2003-11-28,49.17675836325719,49.270926783607635,49.0668958714102,49.10874938964844,80000,0.0,0.0
2003-12-01,49.124474781887,49.595317183838546,49.098315318466575,49.57439041137695,152000,0.0,0.0
2003-12-02,50.06611834992332,50.207372961115475,49.919635043035726,50.12889862060547,291900,0.0,0.0
2003-12-03,50.071350502765874,50.41140331376726,49.961488023772326,50.05565643310547,237500,0.0,0.0
2003-12-04,50.05567066386428,50.066132049488466,49.54297495809831,49.90918731689453,214600,0.0,0.0
2003-12-05,49.80453303343436,49.856851914167066,49.281376157069,49.317996978759766,122500,0.0,0.0
2003-12-08,49.69990546064463,50.29107132028317,49.66851732390801,50.24922180175781,166700,0.0,0.0
2003-12-09,50.249220497466695,50.249220497466695,49.4487871091258,49.46448516845703,435900,0.0,0.0
2003-12-10,49.8307096930704,49.8307096930704,48.967499750506676,49.20292282104492,203000,0.0,0.0
2003-12-11,49.23433037658539,50.10800204851079,49.23433037658539,50.00337219238281,191000,0.0,0.0
2003-12-12,50.008581367682574,50.16029739379883,49.57959273883965,50.16029739379883,196600,0.0,0.0
2003-12-15,50.30155840435978,50.359106007462266,49.42265427405255,49.427886962890625,292700,0.0,0.0
2003-12-16,49.49065681263077,49.7260798831927,49.24477235712838,49.52204895019531,250100,0.0,0.0
2003-12-17,49.6528349754616,49.6528349754616,49.12967795239129,49.50634765625,99200,0.0,0.0
2003-12-18,49.50637430912307,50.20740717296723,49.286649199068684,50.18124771118164,234400,0.0,0.0
2003-12-19,49.919635977375115,50.18644714355468,49.46449197836561,50.18644714355469,539600,0.0,0.0
2003-12-22,50.01381710714499,50.54743957519531,50.003355721527385,50.54743957519531,255800,0.0,0.0
2003-12-23,50.54744192773666,50.86133539870781,50.23877715413173,50.73577880859375,276700,0.0,0.0
2003-12-24,50.64159748315887,50.94502549945072,50.547429066690086,50.604976654052734,87100,0.0,0.0
2003-12-26,50.40615413243891,50.824681146159165,50.40092144714082,50.70435333251953,49600,0.0,0.0
2003-12-29,51.11244125006955,51.40017921883554,50.74623291834145,51.32170486450195,455200,0.0,0.0
2003-12-30,51.16476490417102,51.64606846815397,51.143838141645,51.557132720947266,287500,0.0,0.0
2003-12-31,51.42636489868163,51.78211202726282,51.19617440625455,51.42636489868164,182300,0.0,0.0
2004-01-02,51.321694143226296,51.609432051882855,50.95548588800033,51.112430572509766,338900,0.0,0.0
2004-01-05,51.112432064298375,51.164750952032485,50.69914158906831,50.96072006225586,178900,0.0,0.0
2004-01-06,50.96074145638202,50.98166423061448,50.65207665292555,50.79332733154297,299900,0.0,0.0
2004-01-07,50.90319891455739,50.90842761294964,50.594534080383454,50.74625015258789,284300,0.0,0.0
2004-01-08,50.84562184675624,50.84562184675624,50.14458950513437,50.521263122558594,217300,0.0,0.0
2004-01-09,50.196903396141295,50.78284056614368,49.54295726543924,49.63189697265625,375700,0.0,0.0
2004-01-12,49.699931122950254,49.699931122950254,48.02582977641038,48.64838409423828,915900,0.0,0.0
2004-01-13,48.64837344867733,48.65360613681372,47.32478673755336,47.65960693359375,503400,0.0,0.0
2004-01-14,47.486962751760444,48.13044766698995,47.486962751760444,47.70669174194336,494000,0.0,0.0
2004-01-15,48.39202589016382,48.91518292681424,48.078132466447855,48.590824127197266,323300,0.0,0.0
2004-01-16,48.65361220487992,48.65361220487992,47.377107553663365,47.49220275878906,566900,0.0,0.0
2004-01-20,47.86887122629774,48.11475568433097,47.34571416371525,47.99966049194336,392900,0.0,0.0
2004-01-21,47.868883052599486,47.93166335251343,47.691011523235574,47.80610275268555,514300,0.0,0.0
2004-01-22,47.86886187317699,48.33970393577749,47.51834766766306,47.97349166870117,284200,0.0,0.0
2004-01-23,47.738074354448834,49.45926129506965,47.738074354448834,48.54896926879883,498300,0.0,0.0
2004-01-26,48.47051316916925,49.17677455870595,48.13046020639306,49.16631317138672,342700,0.0,0.0
2004-01-27,48.85241722316531,49.166314731920245,48.072914123535156,48.072914123535156,409900,0.0,0.0
2004-01-28,48.33970989999863,48.643141932375805,47.34571075439453,47.34571075439453,405200,0.0,0.0
2004-01-29,46.69178453037972,47.241101239051055,46.27848982419927,47.12077331542969,776900,0.0,0.0
2004-01-30,46.61329142237217,47.39802698164231,46.61329142237217,47.06843948364258,416200,0.0,0.0
2004-02-02,46.979502439042406,47.136447151711224,46.67083771879577,46.88533401489258,523300,0.0,0.0
2004-02-03,46.57143404920791,47.481730096455195,46.07966918687334,47.29862594604492,435300,0.0,0.0
2004-02-04,46.82256252747389,47.361413725762716,46.64469102144042,46.97951126098633,540200,0.0,0.0
2004-02-05,46.88532485440622,47.49218480929204,46.65513453115441,47.26722717285156,359400,0.0,0.0
2004-02-06,47.18876806962397,48.15661188226047,47.14168584723461,48.083370208740234,306700,0.0,0.0
2004-02-09,48.810572384756554,48.810572384756554,48.21417344684714,48.2717170715332,299800,0.0,0.0
2004-02-10,47.973502729724636,48.48619842529297,47.96827403270247,48.48619842529297,364000,0.0,0.0
2004-02-11,48.486204437257435,48.92565452391478,48.29786754544078,48.90473175048828,335200,0.0,0.0
2004-02-12,48.904721723335356,49.38602524090644,48.70591949419449,49.176761627197266,301000,0.0,0.0
2004-02-13,49.307536506106985,49.9248617912494,49.12443239427879,49.46448516845703,359600,0.0,0.0
2004-02-17,49.46449959496881,49.46449959496881,49.03027829501228,49.176761627197266,310400,0.0,0.0
2004-02-18,48.94133363300678,49.255227000653264,48.86809198026828,48.993648529052734,274100,0.0,0.0
2004-02-19,48.99367698760126,49.42789846060972,48.841960906982415,48.84196090698242,224400,0.0,0.0
2004-02-20,48.91519117740929,48.91519117740929,48.25601208246108,48.522823333740234,223800,0.0,0.0
2004-02-23,48.52283430446122,48.52283430446122,47.99967706128644,48.2717170715332,406400,0.0,0.0
2004-02-24,49.176754390424676,49.98764927745343,49.01980570539625,49.851627349853516,1587100,0.0,0.0
2004-02-25,49.38404583403458,49.96194344109165,49.35252538527369,49.48911666870117,720100,0.4,0.0
2004-02-26,49.64676296710968,50.43480682373047,49.541692056172906,50.43480682373047,15238900,0.0,0.0
2004-02-27,50.35596945952999,51.34890376374245,50.30343403763114,50.46104431152344,2010500,0.0,0.0
2004-03-01,50.46103997612088,50.71846632704524,50.40850055054024,50.59238052368164,660500,0.0,0.0
2004-03-02,50.587162450327625,50.68172787345005,50.25618547349829,50.43480682373047,657900,0.0,0.0
2004-03-03,50.387527288190086,50.47683796538338,50.30346735092692,50.35600280761719,1129400,0.0,0.0
2004-03-04,50.32973708337127,50.42430250869312,50.22991690992087,50.35600280761719,885200,0.0,0.0
2004-03-05,50.408515216552125,51.149278044248454,50.408515216552125,50.89710235595703,802400,0.0,0.0
2004-03-08,50.89711155629886,50.949651006662705,50.27193298058167,50.30870819091797,443300,0.0,0.0
2004-03-09,50.15110770834575,50.15110770834575,49.615239679860764,49.7518310546875,698600,0.0,0.0
2004-03-10,49.75180207609508,49.75180207609508,49.17390441894531,49.17390441894531,662200,0.0,0.0
2004-03-11,49.06885481609133,49.28950608845016,48.259796142578125,48.259796142578125,572700,0.0,0.0
2004-03-12,48.25979951004296,48.6485666372593,48.18099433350238,48.596031188964844,424200,0.0,0.0
2004-03-15,48.46468991889475,48.485704899572305,47.49802485691349,47.96034240722656,489500,0.0,0.0
2004-03-16,48.0759003003299,48.46992198521162,47.88151482617108,48.18622589111328,299400,0.0,0.0
2004-03-17,48.34911812737751,48.86922596499722,48.33335789111607,48.63806915283203,268200,0.0,0.0
2004-03-18,48.53297614575423,48.56975135272674,48.06015320130687,48.159969329833984,372000,0.0,0.0
2004-03-19,47.59783287030962,47.9550794643784,47.3981966002877,47.529537200927734,766300,0.0,0.0
2004-03-22,47.28261909625353,47.45073491493454,47.03569811077264,47.2510986328125,357300,0.0,0.0
2004-03-23,47.329879763498354,47.66086052236194,46.79926681518554,46.79926681518555,369900,0.0,0.0
2004-03-24,46.75725174602987,47.12500380816934,46.70471630975236,46.94112777709961,498600,0.0,0.0
2004-03-25,47.072473713502525,47.28787423733912,46.54711127471746,47.0987434387207,516100,0.0,0.0
2004-03-26,47.10922515766983,47.19853576523946,46.75723346322813,46.84129333496094,359600,0.0,0.0
2004-03-29,47.32465594597549,47.34041617999155,46.76776895882181,47.177555084228516,424600,0.0,0.0
2004-03-30,47.09872102112646,47.387667820009746,47.01991589117814,47.32462692260742,182700,0.0,0.0
2004-03-31,47.230089002876234,47.46650052185027,46.7520072094961,47.203819274902344,419200,0.0,0.0
2004-04-01,47.17756209323476,47.52429931769507,47.156547108691946,47.308902740478516,375200,0.0,0.0
2004-04-02,47.54530015011548,47.54530015011548,46.75200175459732,46.85182189941406,393900,0.0,0.0
2004-04-05,46.97789836763179,46.97789836763179,45.879893026984774,46.68369674682617,565500,0.0,0.0
2004-04-06,46.44204532871936,47.00418303766719,46.41052085346588,46.83606719970703,337600,0.0,0.0
2004-04-07,46.70471706455777,46.83605766147261,46.32120075795978,46.636417388916016,306400,0.0,0.0
2004-04-08,46.636427335657956,46.72048725954651,46.23715472178069,46.48932647705078,263900,0.0,0.0
2004-04-12,46.56811940812622,46.794025383925394,46.16884289104465,46.23188781738281,260600,0.0,0.0
2004-04-13,46.23191482129567,46.23191482129567,45.281009674072266,45.281009674072266,366200,0.0,0.0
2004-04-14,45.28099082782793,45.47012163039895,44.55073734331103,44.923744201660156,422100,0.0,0.0
2004-04-15,47.277360717694414,47.277360717694414,44.839679529987556,45.380802154541016,643000,0.0,0.0
2004-04-16,45.99547482540782,46.14257564043213,45.54366288886367,46.074275970458984,521200,0.0,0.0
2004-04-19,46.0742855867918,46.10581005958845,45.2757364207646,45.333526611328125,263500,0.0,0.0
2004-04-20,45.33352322241997,45.33352322241997,43.999102208776115,44.05689239501953,616300,0.0,0.0
2004-04-21,44.05689547290188,44.067400958317734,43.55254800079523,43.799468994140625,971600,0.0,0.0
2004-04-22,43.78371021820624,45.28624733663654,43.78371021820624,44.918495178222656,615000,0.0,0.0
2004-04-23,44.8134118876847,44.8134118876847,44.13043920152523,44.445655822753906,444400,0.0,0.0
2004-04-26,44.445652972148324,44.792394038998744,44.445652972148324,44.540218353271484,264600,0.0,0.0
2004-04-27,44.62954136220117,45.14965310667706,44.43515980858683,44.82918167114258,338100,0.0,0.0
2004-04-28,44.93424821151366,44.997293146366225,44.135699077700906,44.20399475097656,344600,0.0,0.0
2004-04-29,44.28804303961031,44.865940762051316,44.08315206536483,44.366844177246094,478700,0.0,0.0
2004-04-30,44.45090886934743,44.823915657830455,44.30905878988971,44.655799865722656,567600,0.0,0.0
2004-05-03,44.70835213499888,45.20744896165464,44.429910625236346,45.20219421386719,433900,0.0,0.0
2004-05-04,44.86597599711002,45.82213596389862,44.86597599711002,45.43336868286133,378300,0.0,0.0
2004-05-05,45.75907461200801,46.536612903883736,45.75907461200801,46.48407745361328,738900,0.0,0.0
2004-05-06,46.484068120480075,46.484068120480075,45.9166757518059,46.12156677246094,509100,0.0,0.0
2004-05-07,45.9166757914712,46.04801639498903,44.9184864030963,44.98678207397461,526700,0.0,0.0
2004-05-10,44.98675984215391,45.07081971079874,44.09890052671498,44.345821380615234,391100,0.0,0.0
2004-05-11,44.760869573159994,44.760869573159994,44.29329741321677,44.540218353271484,289500,0.0,0.0
2004-05-12,44.41939524577983,44.65055199037364,43.87301783530827,44.58225631713867,386100,0.0,0.0
2004-05-13,44.58225610355215,45.396569472839644,44.48769070588133,44.93950271606445,257300,0.0,0.0
2004-05-14,44.87646479997993,45.254726449821234,44.48244291609488,45.07085037231445,317700,0.0,0.0
2004-05-17,44.81341419515437,44.99203548670911,44.303812027299834,44.66630935668945,208600,0.0,0.0
2004-05-18,44.813433889295645,45.207455861329784,44.792418903136635,45.1286506652832,167200,0.0,0.0
2004-05-19,45.44384227868379,45.984964846008694,45.07083549934523,45.10235595703125,266100,0.0,0.0
2004-05-20,45.10761187186235,45.52264861100404,44.928986587886484,45.412322998046875,180500,0.0,0.0
2004-05-21,45.7065049238513,45.97444073018225,45.48059904953205,45.53313446044922,324500,0.0,0.0
2004-05-24,45.79584753368674,45.79584753368674,45.40182566410155,45.669761657714844,244300,0.0,0.0
2004-05-25,45.69076355054453,46.468297572548266,45.380797684329366,46.44203186035156,185600,0.0,0.0
2004-05-26,46.42101997516859,47.64511527614687,46.284424634786404,47.48225021362305,485700,0.0,0.0
2004-05-27,48.152430783779444,48.152430783779444,47.3872704803611,47.7461051940918,429700,0.4,0.0
2004-05-28,47.672244912836774,47.90971147589438,47.23425854509567,47.793617248535156,261600,0.0,0.0
2004-06-01,47.63529337096385,47.80943466507957,47.15509031793633,47.788326263427734,309000,0.0,0.0
2004-06-02,47.92023514526198,48.05215959310248,47.49280122258341,47.96245193481445,284700,0.0,0.0
2004-06-03,48.02050147185844,48.1049350552851,47.603619712222724,47.80942153930664,234600,0.0,0.0
2004-06-04,48.126035357244795,48.600964158838984,47.9202335475564,48.374053955078125,295300,0.0,0.0
2004-06-07,48.37404697160684,48.680112602450954,48.247400651469725,48.65900421142578,179300,0.0,0.0
2004-06-08,48.91758708852411,48.91758708852411,48.47960095066749,48.822601318359375,216600,0.0,0.0
2004-06-09,48.822599352907154,48.880646433782964,48.432104102845614,48.47959899902344,296800,0.0,0.0
2004-06-10,48.61151982895314,48.637902301739814,48.40043991658747,48.574581146240234,255800,0.0,0.0
2004-06-14,48.231570440466975,48.32127808295443,47.38725492820343,47.43474578857422,361500,0.0,0.0
2004-06-15,47.545574843147065,47.73026828297094,46.72764560220844,46.78041458129883,817600,0.0,0.0
2004-06-16,46.78570626247724,47.287017748320366,46.75404164502309,47.07065963745117,390700,0.0,0.0
2004-06-17,47.028418312752166,47.133956237497884,46.71179648648747,46.97037124633789,262900,0.0,0.0
2004-06-18,46.859565974127264,47.160353557313265,46.74347181464939,46.83317947387695,320400,0.0,0.0
2004-06-21,46.90706855174266,47.21841242314861,46.75403566932492,46.80680465698242,177700,0.0,0.0
2004-06-22,46.70652266240962,47.11812620757515,45.96246700306132,46.9176025390625,200000,0.0,0.0
2004-06-23,46.933441601353394,47.07064012472083,46.5429423474212,47.00204086303711,289700,0.0,0.0
2004-06-24,47.00204714120614,47.24478766806562,46.79096719688896,46.84901428222656,206900,0.0,0.0
2004-06-25,46.91234059439991,47.07064753690958,46.53239749075242,46.54294967651367,443000,0.0,0.0
2004-06-28,46.80679526499262,47.15507776047597,46.5271160631126,46.558780670166016,292600,0.0,0.0
2004-06-29,46.558794369300934,46.56934655741362,46.094417572021484,46.094417572021484,310200,0.0,0.0
2004-06-30,46.14717513792691,46.27382552001511,45.60892510510482,46.068023681640625,525000,0.0,0.0
2004-07-01,46.120809470190714,46.331889491252085,45.80419145160692,45.95194625854492,371500,0.0,0.0
2004-07-02,46.0733001417511,46.542950928051134,46.01525305346545,46.453243255615234,230200,0.0,0.0
2004-07-06,46.34772134430269,46.34772134430269,45.941391585565015,46.07859420776367,226800,0.0,0.0
2004-07-07,45.9097157820866,46.63793741064383,45.9097157820866,46.46907424926758,324000,0.0,0.0
2004-07-08,46.26852775404535,46.611532014260035,46.12077306374078,46.29491424560547,218400,0.0,0.0
2004-07-09,46.300190924275974,46.437393441272626,46.06800669475885,46.38462448120117,203700,0.0,0.0
2004-07-12,47.49280059169454,49.07589394475102,46.965102807342376,48.33711624145508,1658600,0.0,0.0
2004-07-13,48.81205059852549,48.854267392313766,48.02578193779021,48.80149841308594,741500,0.0,0.0
2004-07-14,48.80151080878718,49.83579836322133,48.57460051705821,49.39780807495117,602800,0.0,0.0
2004-07-15,49.39779836837945,49.44528924461092,48.864822387695305,48.86482238769531,358000,0.0,0.0
2004-07-16,49.603609964424415,49.62999647374809,49.18144997134203,49.39780807495117,381400,0.0,0.0
2004-07-19,49.429480085515465,49.550852420023745,49.13924854598029,49.181461334228516,685000,0.0,0.0
2004-07-20,49.33975413241986,49.756635960617785,49.144504458145235,49.6563720703125,329900,0.0,0.0
2004-07-21,49.709124232597496,50.12073184117489,49.260581970214844,49.260581970214844,286600,0.0,0.0
2004-07-22,49.02312599191781,49.519159181843676,48.62207454017834,49.32391357421875,344100,0.0,0.0
2004-07-23,49.21837312234931,49.36613189146735,48.94397203173113,49.086448669433594,220600,0.0,0.0
2004-07-26,49.16033691093538,49.38724313656532,48.91231826076314,49.218379974365234,296900,0.0,0.0
2004-07-27,49.218378938276956,49.519166565427,49.023133301539815,49.37668991088867,244300,0.0,0.0
2004-07-28,49.313352962054346,49.38195624597392,48.56930123057196,48.917579650878906,345700,0.0,0.0
2004-07-29,49.07590729383204,49.47695884631334,48.970369318660175,49.31336975097656,340400,0.0,0.0
2004-07-30,49.318637683506054,49.54554790672994,48.85953913158382,49.197269439697266,261300,0.0,0.0
2004-08-02,49.23421178209638,51.001998801921886,48.79094348766582,50.75925827026367,743800,0.0,0.0
2004-08-03,50.52708072540213,50.52708072540213,49.89384477058156,49.98883056640625,506100,0.0,0.0
2004-08-04,49.8674657209822,50.05215923326399,49.561399885762874,49.89385223388672,231300,0.0,0.0
2004-08-05,49.841062590659625,50.00465166929581,49.36085961883056,49.37668991088867,208000,0.0,0.0
2004-08-06,49.37668926111744,49.709137468008876,48.806774598433364,48.84899139404297,319700,0.0,0.0
2004-08-09,49.03368069452365,49.20782194217116,48.99674200799372,49.023128509521484,183500,0.0,0.0
2004-08-10,49.102296293360844,50.15241409588918,49.060079490742645,50.13130569458008,341400,0.0,0.0
2004-08-11,49.97299222373633,50.07853422505671,49.57194469676595,49.920223236083984,223100,0.0,0.0
2004-08-12,49.78829875394527,50.07853422505671,49.67748267207064,49.920223236083984,217800,0.0,0.0
2004-08-13,49.92548923616775,49.95187573660328,49.30280567042764,49.78300857543945,503500,0.0,0.0
2004-08-16,49.709153758398315,50.83842724193528,49.709153758398315,50.65901184082031,439400,0.0,0.0
2004-08-17,50.658991283365324,50.9597788830697,50.60622230598146,50.77508544921875,439300,0.0,0.0
2004-08-18,50.78036951050985,51.94130325317383,50.78036951050985,51.94130325317383,344400,0.0,0.0
2004-08-19,50.922827318560905,51.15501559155029,50.41623801695906,50.622039794921875,463100,0.0,0.0
2004-08-20,50.55345755197832,50.859519256779926,50.469023960298394,50.84368896484375,206400,0.0,0.0
2004-08-23,50.83842724193528,51.002016372029175,50.574578221931006,50.65901184082031,160900,0.0,0.0
2004-08-24,50.6589921243435,51.00727462768555,50.65371401871302,51.00727462768555,212700,0.0,0.0
2004-08-25,51.11283581520267,52.0626939596546,51.11283581520267,51.92549133300781,338100,0.0,0.0
2004-08-26,51.58247675214494,51.98880241905239,51.57719864514157,51.71440124511719,145100,0.0,0.0
2004-08-27,51.788289364065555,51.85161458317218,51.39779391128355,51.48222351074219,207400,0.0,0.0
2004-08-30,51.218344330925,51.746042101574595,50.796188530014014,50.91755676269531,443500,0.0,0.0
2004-08-31,50.33996469979362,50.424749738766494,49.81007033453263,50.329368591308594,607300,0.4,0.0
2004-09-01,50.25521305839461,50.604945512415966,50.12803945819405,50.31880187988281,188400,0.0,0.0
2004-09-02,50.07505525330202,50.96527861951622,50.07505525330202,50.86459732055664,242400,0.0,0.0
2004-09-03,50.94937713535455,51.01826199220159,50.76391479555423,50.86989212036133,197500,0.0,0.0
2004-09-07,51.267276503638136,51.998529224725885,51.081814296417285,51.91904830932617,296800,0.0,0.0
2004-09-08,51.39978420282147,51.41038031765028,50.68972726879932,50.763912200927734,314500,0.0,0.0
2004-09-09,50.769195929154996,50.85928107585099,50.154520348708125,50.53604507446289,283600,0.0,0.0
2004-09-10,50.81690292361898,50.88048770072433,50.223419399722616,50.8433952331543,250400,0.0,0.0
2004-09-13,50.604938979551775,50.869886304052045,50.46716523883454,50.848690032958984,233100,0.0,0.0
2004-09-14,51.53223838689502,51.53223838689502,50.244594633614334,50.34527587890625,378400,0.0,0.0
2004-09-15,50.339987007462305,50.80629280013245,50.17572097512595,50.52014923095703,275600,0.0,0.0
2004-09-16,50.541320296203075,50.84335990591607,50.35055801188192,50.77447509765625,210300,0.0,0.0
2004-09-17,51.13482244987043,51.14012252717887,50.56783546110098,51.0500373840332,313100,0.0,0.0
2004-09-20,50.76390085025524,50.84338180063854,50.13332502538318,50.28699493408203,215200,0.0,0.0
2004-09-21,50.33997921844594,50.40356801601537,49.94255832987926,50.260494232177734,228000,0.0,0.0
2004-09-22,50.022071659158925,50.133349085875594,49.65114286066009,50.080360412597656,187400,0.0,0.0
2004-09-23,50.13862432970498,50.24990170130003,49.576933351419704,49.58223342895508,186200,0.0,0.0
2004-09-24,49.635220050755436,50.22340330716911,49.598127595070544,50.13862228393555,215000,0.0,0.0
2004-09-27,50.15981762328784,50.16511365773461,49.47625320163732,49.81008529663086,215200,0.0,0.0
2004-09-28,49.91077450777673,50.10683292570077,49.57164228149052,49.69351577758789,291900,0.0,0.0
2004-09-29,49.66701656950867,50.03794112708662,49.3914691472155,49.979652404785156,311200,0.0,0.0
2004-09-30,49.916053890125696,50.82747296024384,49.73589172373074,50.71089553833008,387300,0.0,0.0
2004-10-01,50.68439106793051,51.71238327026367,50.55191749171678,51.71238327026367,360700,0.0,0.0
2004-10-04,51.91907091285716,51.91907091285716,51.6117310969315,51.675315856933594,324500,0.0,0.0
2004-10-05,51.68059942171998,51.9296504328847,51.4633448231715,51.722991943359375,210900,0.0,0.0
2004-10-06,51.72302028218342,52.2900074307467,51.68062773731733,52.27941131591797,335600,0.0,0.0
2004-10-07,52.45958638611609,52.909996167744595,52.226431375155954,52.59206008911133,536000,0.0,0.0
2004-10-08,52.59203422847557,52.96295879736002,52.47545678031914,52.501953125,392500,0.0,0.0
2004-10-11,52.5072434499248,53.201407985886775,52.37476982647527,52.89936828613281,292500,0.0,0.0
2004-10-12,53.307375758415716,53.98563994264276,53.079521005016936,53.8902587890625,640800,0.0,0.0
2004-10-13,53.25438494573501,53.45574335381305,52.66620186321101,52.697994232177734,470100,0.0,0.0
2004-10-14,52.36949306188762,52.90998386561672,52.274111856197116,52.464874267578125,610600,0.0,0.0
2004-10-15,52.46485405619502,53.65181656981215,52.46485405619502,53.14841842651367,431200,0.0,0.0
2004-10-18,52.83046182906479,53.48753369345455,52.78277328102848,53.42924499511719,312300,0.0,0.0
2004-10-19,53.34448587512433,53.62532935292581,52.69271781207085,52.724510192871094,290800,0.0,0.0
2004-10-20,52.406564408881415,52.459553047849695,51.834277405366386,52.34297561645508,324200,0.0,0.0
2004-10-21,52.60791358549455,52.7032947359426,52.014434465171846,52.40655517578125,251900,0.0,0.0
2004-10-22,52.51252997410771,52.57081867680395,51.54282233045899,51.54812240600586,337200,0.0,0.0
2004-10-25,51.452762499756034,52.035645724559906,51.24080386088878,51.92966842651367,202600,0.0,0.0
2004-10-26,51.82369103281636,52.72451019287109,51.81309087736644,52.724510192871094,251400,0.0,0.0
2004-10-27,52.59205306690414,53.67833890353248,52.539064401336525,53.556461334228516,262100,0.0,0.0
2004-10-28,53.68890288468768,54.38306328652699,53.29148206663795,54.314178466796875,292100,0.0,0.0
2004-10-29,54.3141962255089,54.65862852232321,54.12343384705097,54.57914352416992,323300,0.0,0.0
2004-11-01,54.579125678830025,54.63741438889921,54.081023626520135,54.314178466796875,220000,0.0,0.0
2004-11-02,54.3141985651169,55.20972176685417,54.28770221699947,54.58444595336914,367800,0.0,0.0
2004-11-03,54.589728251073225,55.395170134959145,54.589728251073225,54.89706802368164,301000,0.0,0.0
2004-11-04,55.2414859793822,56.354263305664055,54.9500424698158,56.35426330566406,327500,0.0,0.0
2004-11-05,56.354300554771264,56.35960063375019,55.5382622313728,55.866798400878906,340700,0.0,0.0
2004-11-08,55.866769009498114,56.216497225377246,55.8349766379019,56.13701629638672,188000,0.0,0.0
2004-11-09,56.27479867618762,56.43376865570787,55.85088546875782,56.08933639526367,281300,0.0,0.0
2004-11-10,56.16880109174593,56.51323322774992,56.11581246530832,56.35426330566406,304200,0.0,0.0
2004-11-11,56.354303984387464,56.51327402122406,55.96218301437341,56.40199661254883,214900,0.0,0.0
2004-11-12,56.32780075073242,56.43907813782951,55.935675813980566,56.32780075073242,363700,0.0,0.0
2004-11-15,56.24832525898029,56.28011764844816,55.71843053971109,55.988677978515625,300000,0.0,0.0
2004-11-16,56.03635587679541,56.115840878083475,55.73431610612086,56.015159606933594,222100,0.0,0.0
2004-11-17,56.274802045258134,56.77290423765251,56.015154836419995,56.26420593261719,218500,0.0,0.0
2004-11-18,56.476178064729595,56.48677417990236,56.14234181653955,56.28541564941406,200000,0.0,0.0
2004-11-19,56.43376735989139,56.5132523478264,55.24150466918946,55.24150466918945,219400,0.0,0.0
2004-11-22,55.416353081811565,55.93035125732422,55.140805750943294,55.93035125732422,304300,0.0,0.0
2004-11-23,55.8508591909058,56.258876016966404,55.469334653784266,56.232383728027344,252400,0.0,0.0
2004-11-24,56.2324006531303,56.704006391581565,56.12112330343915,56.269493103027344,302200,0.0,0.0
2004-11-26,56.168792049431225,56.67218998370868,56.168792049431225,56.200584411621094,74800,0.0,0.0
2004-11-29,56.434658099393396,56.59955006022999,55.775102430286765,56.00914001464844,296300,0.4,0.0
2004-11-30,55.955943325850015,56.27508694274577,55.498508470251075,56.06764602661133,271800,0.0,0.0
2004-12-01,56.22188346886055,57.19526239661717,56.11550498784975,57.17930603027344,235700,0.0,0.0
2004-12-02,57.221857147078914,57.482487257561964,56.74846602355554,56.860164642333984,270500,0.0,0.0
2004-12-03,56.59421555228046,56.929311415494425,56.20592639115541,56.33890151977539,232500,0.0,0.0
2004-12-06,56.11551652405078,56.493165484778615,56.08891986929089,56.328277587890625,182000,0.0,0.0
2004-12-07,56.24848139367902,56.35485987710212,55.38148498535156,55.38148498535156,224200,0.0,0.0
2004-12-08,55.477216872199854,55.65274093122586,55.27509211017255,55.37083435058594,254300,0.0,0.0
2004-12-09,55.32298598151717,55.89211949657522,54.955973246115704,55.77510070800781,269700,0.0,0.0
2004-12-10,55.66869308165834,55.69528566455194,55.15806516993821,55.22721481323242,381700,0.0,0.0
2004-12-13,55.58360583348721,55.63679507530058,55.13149119095504,55.46658706665039,417600,0.0,0.0
2004-12-14,55.583597597812805,55.90805720030277,55.53572850469712,55.83359146118164,298700,0.0,0.0
2004-12-15,55.83359300273062,56.00912113182461,55.51976961513121,55.88146209716797,354600,0.0,0.0
2004-12-16,55.58362248590536,55.743194317230966,55.30171576756633,55.599578857421875,305100,0.0,0.0
2004-12-17,55.26444389622323,55.84421329543196,55.26444389622323,55.39741897583008,483100,0.0,0.0
2004-12-20,55.66339927245898,56.269765639120415,55.6474429035594,55.807010650634766,258500,0.0,0.0
2004-12-21,55.84954218619074,56.70590215769191,55.84954218619074,56.66334915161133,231500,0.0,0.0
2004-12-22,56.91335146157531,57.439931801453106,56.8920749553679,57.16334533691406,343800,0.0,0.0
2004-12-23,57.25376072238271,57.66864239951795,57.1580184847301,57.450565338134766,174900,0.0,0.0
2004-12-27,57.58887820482701,57.65802788243349,56.9771957397461,56.977195739746094,158400,0.0,0.0
2004-12-28,57.152717443051124,57.34952212456956,57.06229531562894,57.237823486328125,142800,0.0,0.0
2004-12-29,57.44526865639083,57.55164716030037,57.15272168351988,57.29633712768555,119100,0.0,0.0
2004-12-30,57.21656654632731,57.48251693541651,57.2006101722749,57.25379943847656,85000,0.0,0.0
2004-12-31,57.392043272904615,57.844157717008315,57.02503076673612,57.36012649536133,171500,0.0,0.0
2005-01-03,57.36015928109134,57.46654183691269,56.24848896479533,56.31763458251953,315400,0.0,0.0
2005-01-04,56.64739810285571,56.90802818791206,55.75380518172696,56.07294464111328,306200,0.0,0.0
2005-01-05,56.3814515984654,56.3814515984654,55.796361874625354,55.98784637451172,408700,0.0,0.0
2005-01-06,55.98786364832012,56.264450201224676,55.594254244848365,55.79637908935547,347900,0.0,0.0
2005-01-07,55.79635297456632,55.93464821533119,55.04637145996094,55.04637145996094,332400,0.0,0.0
2005-01-10,55.15276945482473,55.732539107779026,54.663417863560056,55.700626373291016,417300,0.0,0.0
2005-01-11,55.95596121702411,56.072980039557144,54.39749174745799,55.23789596557617,682100,0.0,0.0
2005-01-12,55.31766584741167,55.32830207451953,54.36556322710684,54.5251350402832,323700,0.0,0.0
2005-01-13,54.530431330425294,54.63149371262366,53.578333113808846,53.599605560302734,388300,0.0,0.0
2005-01-14,53.599605560302734,53.828322911855985,53.158131279184126,53.599605560302734,348300,0.0,0.0
2005-01-18,53.59961145923874,54.19534147858877,53.227282733444184,54.1474723815918,451700,0.0,0.0
2005-01-19,54.36025885733704,54.381535375805996,53.62623723152225,53.674110412597656,462100,0.0,0.0
2005-01-20,53.40816122690909,53.58368540660655,53.04114837665966,53.493263244628906,717400,0.0,0.0
2005-01-21,53.402833971392084,53.67942056475184,53.30177153435655,53.509212493896484,410700,0.0,0.0
2005-01-24,53.51451784119257,53.98790903418588,53.503877557035764,53.69536209106445,346000,0.0,0.0
2005-01-25,53.695362941333734,53.89216762055724,53.456009299047395,53.68472671508789,442100,0.0,0.0
2005-01-26,53.897481343220846,54.237897355654766,53.77514243652789,54.0730094909668,373800,0.0,0.0
2005-01-27,53.86026202828151,54.07833918892455,53.45069624709728,53.66877746582031,288200,0.0,0.0
2005-01-28,53.66874799407111,53.71130099749041,52.95599939006998,53.317691802978516,299300,0.0,0.0
2005-01-31,53.727296877039095,54.51450772892086,53.727296877039095,54.44536209106445,324600,0.0,0.0
2005-02-01,54.493202502487634,55.14744187783856,54.21129589764033,54.97723388671875,287800,0.0,0.0
2005-02-02,55.370841664763496,55.370841664763496,54.4081030509352,54.7591552734375,406200,0.0,0.0
2005-02-03,54.74320397875505,54.90809590979314,54.46661747655822,54.679378509521484,274300,0.0,0.0
2005-02-04,54.75918951283712,54.929397618251045,54.12091013205524,54.80174255371094,337000,0.0,0.0
2005-02-07,54.80172433188924,54.92937935398347,54.64215656879144,54.79108810424805,245800,0.0,0.0
2005-02-08,54.51982794271047,54.75386557587966,54.3762165229535,54.53046417236328,241800,0.0,0.0
2005-02-09,54.53042119038265,54.71126941657808,53.8974625438925,53.90277862548828,187400,0.0,0.0
2005-02-10,54.073018498520604,54.21130973667933,53.93472320228224,54.20599365234375,174600,0.0,0.0
2005-02-11,54.205987189803274,54.30704553516634,53.70067923067132,53.85493087768555,395000,0.0,0.0
2005-02-14,53.60493259539012,53.897479498286025,53.41344808769077,53.88152313232422,189600,0.0,0.0
2005-02-15,53.993250539920346,54.578340599587996,53.89750823502338,54.42940902709961,398600,0.0,0.0
2005-02-16,54.38685026622921,54.38685026622921,53.56772264566548,53.79644012451172,287100,0.0,0.0
2005-02-17,53.71132447228463,53.71132447228463,53.23792920398129,53.24856948852539,234200,0.0,0.0
2005-02-18,53.41343256057838,53.41343256057838,52.58898944694358,52.63153839111328,455200,0.0,0.0
2005-02-22,52.25922598482197,52.551772893464744,51.5571174621582,51.5571174621582,337800,0.0,0.0
2005-02-23,51.67412896891962,52.01986506928719,51.48796462505349,51.8283805847168,478700,0.0,0.0
2005-02-24,51.96189628748445,52.64553451538086,51.652121442092245,52.64553451538086,493700,0.4,0.0
2005-02-25,52.64555822875567,53.68170017670318,52.325103174435874,53.51612854003906,370800,0.0,0.0
2005-02-28,53.387944819800964,53.49476588274989,52.68828417541486,52.880558013916016,282000,0.0,0.0
2005-03-01,52.88056534921975,54.381365837274586,52.85920113366644,54.14102554321289,292400,0.0,0.0
2005-03-02,54.13030583997389,54.61633225622544,53.67632776340358,54.14632797241211,401200,0.0,0.0
2005-03-03,54.146336807355404,54.279860032533655,53.45201848131176,54.0555419921875,359900,0.0,0.0
2005-03-04,54.47749346840598,56.133181180425595,54.47749346840598,55.90886306762695,531400,0.0,0.0
2005-03-07,56.12249931891705,56.72602300544391,56.074428824963476,56.245338439941406,355200,0.0,0.0
2005-03-08,56.19193983452199,56.19193983452199,55.52432339687943,55.850120544433594,472300,0.0,0.0
2005-03-09,55.652505722191684,55.65784779474546,54.22647796089263,54.5576171875,565700,0.0,0.0
2005-03-10,54.53089809596807,55.05431106354218,54.53089809596807,54.835330963134766,389100,0.0,0.0
2005-03-11,54.84065920820451,54.91543188831989,53.82053981193603,54.0555419921875,365200,0.0,0.0
2005-03-14,54.343983331971295,54.942169185455484,54.09295887493054,54.498870849609375,333600,0.0,0.0
2005-03-15,55.01160220152615,55.01160220152615,54.00750840497284,54.0181884765625,349800,0.0,0.0
2005-03-16,54.01817022225621,54.21578611575221,53.633622578051316,53.943397521972656,280900,0.0,0.0
2005-03-17,53.67102138357757,54.22647876802173,53.33454415421561,53.99681854248047,406900,0.0,0.0
2005-03-18,54.00212908570682,54.424062931623205,53.254398271105686,53.44132995605469,1734900,0.0,0.0
2005-03-21,53.35589015029181,53.64430085189195,52.84849936838548,53.52145767211914,489800,0.0,0.0
2005-03-22,53.302501635360414,53.85795496341401,52.362496486302355,52.45863342285156,370000,0.0,0.0
2005-03-23,52.458615717113005,52.88054968095703,52.07406810070801,52.64020538330078,521700,0.0,0.0
2005-03-24,52.63489387481292,53.003415463648736,52.50137055607905,52.51205062866211,437300,0.0,0.0
2005-03-28,52.64555575023529,53.24907947537082,52.64555575023529,52.880558013916016,279400,0.0,0.0
2005-03-29,52.7683950009015,53.41998509944649,52.70964443938249,52.98202896118164,387300,0.0,0.0
2005-03-30,53.083520744049984,54.26386618086819,53.083520744049984,54.17841339111328,481400,0.0,0.0
2005-03-31,54.17840923480102,55.01159322632944,54.17840923480102,54.509544372558594,526000,0.0,0.0
2005-04-01,54.77659341648125,55.257278077468264,53.47874686922004,53.88465881347656,389800,0.0,0.0
2005-04-04,53.68168782276891,54.62168855580738,53.355890771325136,54.45077896118164,416700,0.0,0.0
2005-04-05,54.477481226687345,55.11839114060839,54.477481226687345,54.91009521484375,350700,0.0,0.0
2005-04-06,54.926134351116914,55.70591388996405,54.926134351116914,55.161136627197266,312900,0.0,0.0
2005-04-07,55.267955781911475,55.438865410922276,54.84602174392703,55.22522735595703,382200,0.0,0.0
2005-04-08,55.27864128811782,55.27864128811782,54.637731134990126,54.67511749267578,261700,0.0,0.0
2005-04-11,54.69112736660234,54.88340118436997,54.408058711224015,54.707149505615234,201100,0.0,0.0
2005-04-12,54.707156821732525,56.27739185189059,54.53624719139476,56.15454864501953,466700,0.0,0.0
2005-04-13,56.15988719994765,56.18125141175279,55.428178226146734,55.652496337890625,403800,0.0,0.0
2005-04-14,55.52963424240717,55.52963424240717,54.8780403137207,54.8780403137207,304600,0.0,0.0
2005-04-15,54.87272132217506,55.048973014678324,54.10363006591797,54.10363006591797,414900,0.0,0.0
2005-04-18,54.45610600148333,55.34804007491368,54.15701531214262,55.08099365234375,505800,0.0,0.0
2005-04-19,54.47746960753659,55.273266797132656,54.370652669600666,54.552242279052734,392000,0.0,0.0
2005-04-20,54.29589867510668,54.424079859683296,53.0300967436426,53.20634841918945,396400,0.0,0.0
2005-04-21,53.94340956985893,54.15704765044363,52.74169995072841,53.69772720336914,628100,0.0,0.0
2005-04-22,53.38260202005898,54.03953830511484,52.875215221092446,53.355899810791016,414800,0.0,0.0
2005-04-25,53.72974920445891,54.162367258783405,53.52145328285318,54.082252502441406,379200,0.0,0.0
2005-04-26,54.082274750439964,54.34932133156526,53.569545803656304,53.88465881347656,375000,0.0,0.0
2005-04-27,53.676326834437354,55.76463165524561,53.46803096673585,55.41212844848633,521000,0.0,0.0
2005-04-28,55.35875012443053,55.35875012443053,54.69113375552714,54.797950744628906,341000,0.0,0.0
2005-04-29,54.95816629546408,55.289301322164704,54.38668699233253,55.251914978027344,335100,0.0,0.0
2005-05-02,55.22523730331242,55.63114927337992,54.61102931270675,55.2305793762207,461700,0.0,0.0
2005-05-03,55.011589053673134,55.615112787040204,54.72317829198772,54.92613220214844,427600,0.0,0.0
2005-05-04,54.87805203137738,55.86612319946289,54.74452879042512,55.86612319946289,412000,0.0,0.0
2005-05-05,55.951597814940385,55.988984171298796,55.03829904549295,55.59909439086914,381200,0.0,0.0
2005-05-06,55.86617884080387,55.86617884080387,55.02765221546403,55.17185974121094,214100,0.0,0.0
2005-05-09,55.38012105352111,55.72727834760735,55.118412471310876,55.54568862915039,369700,0.0,0.0
2005-05-10,54.990228169082144,55.17182195215963,54.47749925332186,54.627044677734375,441900,0.0,0.0
2005-05-11,54.46146869038845,54.99556173773983,54.22112437419639,54.744537353515625,302400,0.0,0.0
2005-05-12,54.53089672012206,55.01158125478534,54.01816790808335,54.02350997924805,379500,0.0,0.0
2005-05-13,53.99681215345208,54.242494493016,53.46806111992991,53.9060173034668,306700,0.0,0.0
2005-05-16,54.023527611834766,55.25728159114669,54.023527611834766,55.2305793762207,268500,0.0,0.0
2005-05-17,55.230547111814374,55.89816321707387,54.829977448658674,55.79668426513672,243500,0.0,0.0
2005-05-18,56.05308909058166,56.677981336011484,55.81809081412387,56.45365905761719,377300,0.0,0.0
2005-05-19,56.45364397510038,56.528416689652246,55.89284861596136,56.2667121887207,285300,0.0,0.0
2005-05-20,56.50707194451912,56.50707194451912,55.65251941715485,55.823429107666016,215200,0.0,0.0
2005-05-23,56.0797709159384,56.0797709159384,55.492269368923225,55.615108489990234,241700,0.0,0.0
2005-05-24,55.31066486059059,55.43350803258822,55.027596247715955,55.267940521240234,226600,0.0,0.0
2005-05-25,55.1718121899007,55.24124281757634,54.637719154470126,54.9207878112793,219000,0.0,0.0
2005-05-26,55.1664648365063,55.486919812120334,54.894076273571635,55.47089767456055,188800,0.0,0.0
2005-05-27,55.787403984757496,55.787403984757496,55.18125385708351,55.277809143066406,144700,0.45,0.0
2005-05-31,55.25097290840379,55.40653439119227,54.789653778076165,54.78965377807617,176400,0.0,0.0
2005-06-01,54.69312261901648,55.867878142155924,54.69312261901648,55.6372184753418,270300,0.0,0.0
2005-06-02,55.578205337069335,55.85177934809901,55.175892300130336,55.8195915222168,247200,0.0,0.0
2005-06-03,55.81960111605976,55.948344256636304,54.972064616237176,55.35292053222656,293700,0.0,0.0
2005-06-06,55.26707886367607,55.48164662198204,54.98814364265603,55.449462890625,154600,0.0,0.0
2005-06-07,55.38508481072117,55.744483410334375,54.95058811842875,55.020320892333984,235500,0.0,0.0
2005-06-08,55.11148656739681,55.374333868506056,54.89155770503094,55.047119140625,141900,0.0,0.0
2005-06-09,54.929107122346764,55.30459742295573,54.56434336209634,55.05784606933594,169700,0.0,0.0
2005-06-10,55.009587604288775,55.138326591309664,54.63945841249779,55.13296127319336,178600,0.0,0.0
2005-06-13,55.03641791099231,55.56210870152363,54.80039706583944,55.234893798828125,140700,0.0,0.0
2005-06-14,55.49236153364454,55.98050318375961,55.385079723254215,55.910770416259766,232200,0.0,0.0
2005-06-15,56.313067810191754,56.71538062698644,56.15750636325996,56.36134338378906,389400,0.0,0.0
2005-06-16,56.323823034792824,56.323823034792824,55.87859564192732,56.12534713745117,347100,0.0,0.0
2005-06-17,56.43109809441675,57.2357240411577,56.21653444931718,57.18208312988281,452400,0.0,0.0
2005-06-20,56.672492711515304,57.25718564689168,56.592029292118134,57.133811950683594,199100,0.0,0.0
2005-06-21,57.391290481882606,57.391290481882606,56.86023845729629,57.074806213378906,140100,0.0,0.0
2005-06-22,57.39664095198556,57.546837114623855,57.047968950124684,57.096248626708984,195800,0.0,0.0
2005-06-23,57.18207485810946,57.18207485810946,56.20043036287759,56.2969856262207,127800,0.0,0.0
2005-06-24,56.29697383006446,56.39352907317592,55.98585501784998,56.05558776855469,212700,0.0,0.0
2005-06-27,56.10923144027566,56.32379911254532,56.07168240456881,56.24333572387695,188500,0.0,0.0
2005-06-28,56.45792958406019,57.18745755264458,56.35064774443183,57.16600036621094,184900,0.0,0.0
2005-06-29,57.28398556860228,57.466365427635246,56.97286265227062,57.06405258178711,113000,0.0,0.0
2005-06-30,57.36983620280628,57.44493430735799,56.40965270996094,56.40965270996094,218000,0.0,0.0
2005-07-01,56.89242295249742,56.999708878249564,56.4954752585635,56.634944915771484,140100,0.0,0.0
2005-07-05,56.48474272254883,57.19817461358429,56.24335248460852,57.09089279174805,243500,0.0,0.0
2005-07-06,56.94069112270311,57.085521977493656,56.388182017609914,56.3935432434082,270900,0.0,0.0
2005-07-07,55.51918682009441,56.73685220857162,55.51918682009441,56.720760345458984,274500,0.0,0.0
2005-07-08,56.80658322811647,57.20353081670154,56.49546026481588,57.10697555541992,249600,0.0,0.0
2005-07-11,57.3966579051927,57.42348041038857,57.08553485209521,57.310829162597656,341900,0.0,0.0
2005-07-12,57.93307417056853,59.756893990742505,57.82579233689815,58.453399658203125,1084600,0.0,0.0
2005-07-13,58.46947036843056,59.27946142494977,58.44264787344813,58.909332275390625,620800,0.0,0.0
2005-07-14,59.30094248545748,59.49941429512323,58.46949391660001,59.10246658325195,392000,0.0,0.0
2005-07-15,59.102465714859164,59.18292913849212,58.70015268923411,59.070281982421875,323100,0.0,0.0
2005-07-18,59.075649685804144,59.10247219413554,58.69479380423146,58.70552444458008,237600,0.0,0.0
2005-07-19,58.995175664404634,59.23656180915528,58.71623638031941,59.0380859375,218800,0.0,0.0
2005-07-20,59.04343477315008,60.346928594492645,58.96833670052442,60.22891616821289,330400,0.0,0.0
2005-07-21,59.93391650639446,59.98219210685056,59.1990232122014,59.236572265625,232900,0.0,0.0
2005-07-22,59.26873163071029,59.54230553176694,58.86105753045363,59.25263977050781,147000,0.0,0.0
2005-07-25,59.30628082261678,59.48866478797396,58.91469858154628,58.952247619628906,241100,0.0,0.0
2005-07-26,59.220461232051825,59.42966361806615,58.96834448671698,59.3062858581543,255700,0.0,0.0
2005-07-27,59.2687250630977,59.2687250630977,58.780587623381344,58.834228515625,170600,0.0,0.0
2005-07-28,58.89863756476181,59.14538910031237,58.79671693979123,59.0434684753418,203700,0.0,0.0
2005-07-29,58.871813887635206,58.97909573834144,58.17983490072127,58.20665740966797,264000,0.0,0.0
2005-08-01,58.206652846804445,58.598235254471994,58.17983033996038,58.40512466430664,164000,0.0,0.0
2005-08-02,58.42121745885156,59.09710039527304,58.23346810619475,59.070281982421875,427500,0.0,0.0
2005-08-03,58.76450818645233,59.048808658722386,58.72159382657118,58.957618713378906,190000,0.0,0.0
2005-08-04,58.58749459357825,58.58749459357825,58.00279764405841,58.067169189453125,230600,0.0,0.0
2005-08-05,58.14761492323567,58.14761492323567,57.43417919232469,57.579010009765625,221100,0.0,0.0
2005-08-08,58.04033676675148,58.04033676675148,57.396637793004125,57.73994445800781,289300,0.0,0.0
2005-08-09,58.067187729717645,58.410494563025914,58.035003993013824,58.20665740966797,343300,0.0,0.0
2005-08-10,58.5231276253751,58.68405445517876,57.648768884541404,57.7077751159668,267600,0.0,0.0
2005-08-11,57.93308374618601,58.76989364624024,57.906261237065166,58.769893646240234,255300,0.0,0.0
2005-08-12,58.55528816357982,58.66256993843581,58.034962961199746,58.30853271484375,142000,0.0,0.0
2005-08-15,58.228080684425365,58.67866910600279,57.847220923400485,58.37827682495117,219800,0.0,0.0
2005-08-16,58.39973807035774,58.689403829786045,57.53610610961914,57.53610610961914,298700,0.0,0.0
2005-08-17,57.53612211077274,58.1315456553211,57.30009718355304,57.87942886352539,200100,0.0,0.0
2005-08-18,57.718547751314574,58.02967102135469,57.45033888249569,57.79901123046875,168600,0.0,0.0
2005-08-19,58.22808258313898,58.27635816165164,58.013514907160626,58.14225387573242,266700,0.0,0.0
2005-08-22,58.21737387960258,58.71087685548446,57.975987711030236,58.17982482910156,144400,0.0,0.0
2005-08-23,58.179822867329264,58.18518818651694,57.45566029349079,57.552215576171875,179700,0.0,0.0
2005-08-24,57.55757681763919,58.0510797419179,57.06943511962891,57.069435119628906,168100,0.0,0.0
2005-08-25,57.33227539412408,57.63267184327215,57.27326916799887,57.493202209472656,290100,0.0,0.0
2005-08-26,57.39665892978555,57.40202424942844,56.73150253295899,56.731502532958984,184700,0.0,0.0
2005-08-29,56.32380459417622,57.14988755266207,56.280890237038115,57.01041793823242,242400,0.0,0.0
2005-08-30,56.80571831558089,56.95655725004277,56.26702016518205,56.73030090332031,250100,0.45,0.0
2005-08-31,56.67641560418529,57.506011010313706,56.34780949818833,57.43598175048828,341100,0.0,0.0
2005-09-01,57.64071244260896,58.36795425424236,57.31749431632094,58.12554168701172,251100,0.0,0.0
2005-09-02,58.12550639319175,58.19553564321758,57.667613983154304,57.6676139831543,112600,0.0,0.0
2005-09-06,58.01779261711277,58.89048515242935,58.01240859444472,58.43798065185547,199700,0.0,0.0
2005-09-07,58.260208371315926,58.68039228967061,58.15246627049364,58.6103630065918,190400,0.0,0.0
2005-09-08,58.31409681129275,58.47031982712116,57.92084520456024,58.028587341308594,151800,0.0,0.0
2005-09-09,58.15245918594452,58.6588367232665,58.00701250497992,58.37871551513672,143600,0.0,0.0
2005-09-12,58.11475198033522,58.448746295890324,57.818470478901006,58.02317428588867,142800,0.0,0.0
2005-09-13,57.77538014686656,57.78076827948191,56.75185277682199,57.16665267944336,313400,0.0,0.0
2005-09-14,57.28511610093393,57.446727068043366,56.90802932426206,57.048091888427734,240600,0.0,0.0
2005-09-15,56.96733668997694,56.972724822953396,56.39092975973369,56.671051025390625,348100,0.0,0.0
2005-09-16,56.75184360290946,57.84001605861265,56.75184360290946,57.55989074707031,1833500,0.0,0.0
2005-09-19,57.209755629157726,57.24208032068257,56.78957162881012,57.182823181152344,345700,0.0,0.0
2005-09-20,57.20437363975492,58.44876539425772,57.12356807298186,57.18821334838867,388800,0.0,0.0
2005-09-21,57.05351928049568,57.05351928049568,56.56869015544884,56.633331298828125,382400,0.0,0.0
2005-09-22,56.32627809012447,56.84881596101976,55.7552593577766,56.75185012817383,402300,0.0,0.0
2005-09-23,56.78416956792778,57.24206213798868,56.50943238191508,56.913455963134766,199900,0.0,0.0
2005-09-26,57.053525127860944,57.25822895277599,56.60101652812654,56.73569107055664,231500,0.0,0.0
2005-09-27,56.96195140735781,57.05353323277528,56.53099527632521,56.69799041748047,226700,0.0,0.0
2005-09-28,56.967334572588825,57.09123696679455,56.21315627162544,56.52021408081055,245500,0.0,0.0
2005-09-29,56.293948485472484,57.80768875157565,56.213142952739766,57.64069366455078,612100,0.0,0.0
2005-09-30,57.883119228050894,57.883119228050894,56.81649910684809,56.94578552246094,295600,0.0,0.0
2005-10-03,57.328227984798815,57.371324802021306,56.69256431555258,57.13429641723633,391700,0.0,0.0
2005-10-04,57.263603738397045,57.4252106856817,56.11079025268555,56.11079025268555,398100,0.0,0.0
2005-10-05,55.970731227956584,56.15388660203832,55.36199976834805,55.37277603149414,257400,0.0,0.0
2005-10-06,55.53974734339353,55.95993100752014,54.93102025433042,55.35120391845703,299100,0.0,0.0
2005-10-07,55.35662481795633,55.59364921678896,55.0010820547961,55.21117401123047,259800,0.0,0.0
2005-10-10,55.16807576165544,55.539774665112226,54.73172749507682,55.02262496948242,281700,0.0,0.0
2005-10-11,54.86644061130718,55.297401049065925,54.57554293231153,54.88798904418945,443500,0.0,0.0
2005-10-12,55.40507765327837,56.45015288427808,54.65628790836788,55.130340576171875,579300,0.0,0.0
2005-10-13,54.90950970188038,55.66368803149617,54.704805857960324,55.59365463256836,406100,0.0,0.0
2005-10-14,55.75525615583785,56.320890833279094,55.615193492006014,55.98689651489258,407600,0.0,0.0
2005-10-17,56.02457622890054,56.10538172814145,54.877151291482626,55.35120391845703,351100,0.0,0.0
2005-10-18,55.51282765069854,55.561308495400766,54.98490182984013,55.044158935546875,259400,0.0,0.0
2005-10-19,54.83946446055496,55.95995330810547,54.63475656624146,55.95995330810547,358800,0.0,0.0
2005-10-20,55.88994083934032,56.22393521839284,55.12499034628659,55.36201477050781,294100,0.0,0.0
2005-10-21,55.782193754377246,55.927640443056085,55.11420510505199,55.766029357910156,287000,0.0,0.0
2005-10-24,55.88451192648228,56.73565548720793,55.88451192648228,56.557884216308594,205500,0.0,0.0
2005-10-25,56.55789567233561,56.81108436218481,55.88452324611504,56.266998291015625,382200,0.0,0.0
2005-10-26,56.13235940749944,56.77879981263695,55.8683983997877,56.45558166503906,241700,0.0,0.0
2005-10-27,56.455588917240895,56.735710251825246,55.88456586952539,56.09465789794922,216700,0.0,0.0
2005-10-28,56.293920631692394,57.45212173461914,56.21850326777513,57.45212173461914,267800,0.0,0.0
2005-10-31,57.69457856349871,58.2063443386718,57.53297156339767,57.953155517578125,317100,0.0,0.0
2005-11-01,57.963925494066146,57.963925494066146,57.1612663269043,57.1612663269043,262500,0.0,0.0
2005-11-02,56.90806826874564,57.69995515161427,56.90806826874564,57.65147018432617,229500,0.0,0.0
2005-11-03,57.646105689392314,57.85619769561292,57.11279141827062,57.371368408203125,196700,0.0,0.0
2005-11-04,57.640699936647636,57.748437918721216,57.134322379032554,57.60837936401367,144100,0.0,0.0
2005-11-07,57.802325949572314,57.85619495452303,57.4036862710654,57.79154968261719,170000,0.0,0.0
2005-11-08,57.67842583609501,57.67842583609501,57.19359655234852,57.40907669067383,189400,0.0,0.0
2005-11-09,57.40907627514947,58.31947769526501,57.376755693114234,58.23328399658203,267000,0.0,0.0
2005-11-10,58.459515908856154,59.55307650243324,58.23865182538318,59.47227096557617,317100,0.0,0.0
2005-11-11,59.71467657650975,59.7847099516778,59.132881710192954,59.687744140625,160200,0.0,0.0
2005-11-14,59.54770982089112,59.54770982089112,58.960526544159315,59.23526382446289,172300,0.0,0.0
2005-11-15,59.240605180817944,59.509954114723676,58.55645658713177,58.874290466308594,242000,0.0,0.0
2005-11-16,58.94431763128129,59.09515237136018,58.244012893780926,58.5780029296875,134800,0.0,0.0
2005-11-17,58.49185813567844,58.94975083530459,58.168640001233015,58.84739685058594,295400,0.0,0.0
2005-11-18,59.795486486948334,59.795486486948334,58.67499350152799,59.16521072387695,325200,0.0,0.0
2005-11-21,59.12751621513712,59.36992876375322,58.96051697659116,59.13290023803711,204400,0.0,0.0
2005-11-22,59.66082259205755,59.703919432234464,59.00361016415269,59.67698287963867,317200,0.0,0.0
2005-11-23,59.47765951772588,59.763168854690505,59.34836901386464,59.43456268310547,264700,0.0,0.0
2005-11-25,59.43454891170494,59.70928192138671,59.22984104966039,59.70928192138672,115500,0.0,0.0
2005-11-28,60.01096686484139,60.258767488163045,59.74700595672879,59.95170974731445,226700,0.0,0.0
2005-11-29,60.2005150617017,60.503409406142666,59.74616941841431,59.81107711791992,160100,0.45,0.0
2005-11-30,59.75698937660182,59.91925243527747,58.53458786010743,58.53458786010742,286500,0.0,0.0
2005-12-01,58.95652295850711,59.459546668080634,58.897025219886544,59.297279357910156,250900,0.0,0.0
2005-12-02,59.221515899484395,59.621773895047134,59.12956641129823,59.43246078491211,213600,0.0,0.0
2005-12-05,59.064661865307286,59.62718296541636,58.745541579838815,59.497371673583984,283000,0.0,0.0
2005-12-06,59.821878474626956,59.98414562066559,59.05382278684396,59.13495635986328,226800,0.0,0.0
2005-12-07,58.967317136603846,59.10253846973611,58.17221916415328,58.56165313720703,202600,0.0,0.0
2005-12-08,58.750956087441836,58.983536905046016,58.19925083329847,58.45887756347656,215000,0.0,0.0
2005-12-09,58.54001700281817,59.58933166380002,58.43183746837907,59.291847229003906,201100,0.0,0.0
2005-12-12,59.49736445138363,59.49736445138363,58.74553444890078,59.03761291503906,158900,0.0,0.0
2005-12-13,59.03762496698395,59.91385641764669,58.83208593406156,59.76240921020508,342100,0.0,0.0
2005-12-14,59.87596328474325,60.070682200028976,59.54061725134818,59.859737396240234,282000,0.0,0.0
2005-12-15,59.86515734216541,59.8922032452447,59.25395872285245,59.56766891479492,172600,0.0,0.0
2005-12-16,59.98417464608255,60.37901856501053,59.713732022905106,60.00040054321289,378200,0.0,0.0
2005-12-19,59.92468203062028,59.92468203062028,59.243165406849485,59.291847229003906,197500,0.0,0.0
2005-12-20,59.29183268881769,59.77322015079557,59.29183268881769,59.47032165527344,168600,0.0,0.0
2005-12-21,59.65963901501945,59.994985196878794,59.356740497906614,59.55686950683594,165000,0.0,0.0
2005-12-22,59.621777316961875,59.70831680297852,59.178251618731814,59.708316802978516,103500,0.0,0.0
2005-12-23,59.821901137472146,59.93548653207974,59.52982263992696,59.68667984008789,76600,0.0,0.0
2005-12-27,59.82192057622457,60.222174591086564,59.199901580810554,59.19990158081055,152200,0.0,0.0
2005-12-28,59.38916960836275,59.49734494852837,59.1728148014068,59.313446044921875,139000,0.0,0.0
2005-12-29,59.23233319129339,59.48113986198708,59.23233319129339,59.362144470214844,207200,0.0,0.0
2005-12-30,59.36755226470135,59.36755226470135,58.745533547834306,58.983524322509766,172100,0.0,0.0
2006-01-03,58.983522611826224,60.07069870651495,58.453453390865974,60.0328369140625,339000,0.0,0.0
2006-01-04,60.03286367576333,60.50343541455375,59.92468825671225,60.18431091308594,305300,0.0,0.0
2006-01-05,60.0382667259525,60.400658877060955,59.99499491269641,60.38984298706055,181500,0.0,0.0
2006-01-06,60.64404924479224,60.76304052072908,60.04366635122367,60.595367431640625,169600,0.0,0.0
2006-01-09,60.416853642810466,61.60139312888716,60.31408829756588,61.40126419067383,392600,0.0,0.0
2006-01-10,60.98480025058639,61.63927078247071,60.779265380560076,61.6392707824707,300200,0.0,0.0
2006-01-11,62.19638574352839,62.20179575078821,60.31951350713568,60.454734802246094,505200,0.0,0.0
2006-01-12,60.13016437710673,60.14639026142754,59.22147771552839,59.3729248046875,464000,0.0,0.0
2006-01-13,59.838108062111424,61.531080809671394,59.14577589925791,59.562259674072266,396700,0.0,0.0
2006-01-17,59.226925441561804,59.264787237966246,58.52377307790644,58.91862106323242,311700,0.0,0.0
2006-01-18,58.95648283508584,59.329694918507265,58.502141278421774,59.01057052612305,359600,0.0,0.0
2006-01-19,59.11873198900665,59.11873198900665,58.55080108990946,58.848289489746094,248200,0.0,0.0
2006-01-20,59.1025249627427,59.1025249627427,57.5501870541894,57.60427474975586,337700,0.0,0.0
2006-01-23,57.528564693764714,58.2317172815418,57.506928785119364,57.89095687866211,268500,0.0,0.0
2006-01-24,58.188429668173406,58.68063304469965,58.07484427359042,58.35069274902344,196600,0.0,0.0
2006-01-25,58.529177853497124,58.62112733274258,57.95043094497284,58.53458786010742,387600,0.0,0.0
2006-01-26,59.58931035646399,59.58931035646399,58.9456598948673,59.24855422973633,223600,0.0,0.0
2006-01-27,59.05385114961662,59.33510966099334,58.718500812497474,59.091712951660156,167100,0.0,0.0
2006-01-30,58.98895350459894,58.98895350459894,58.48592997636345,58.55624771118164,186200,0.0,0.0
2006-01-31,58.334453401408645,58.72389130824499,58.15596033967107,58.57785415649414,220700,0.0,0.0
2006-02-01,58.30740874005842,58.59407714990399,58.118095675480845,58.53998947143555,224200,0.0,0.0
2006-02-02,58.40478825885399,58.702272655851864,58.1451615358155,58.29119873046875,250300,0.0,0.0
2006-02-03,57.896365885056156,58.053223125048355,57.59887730461792,57.77737045288086,401700,0.0,0.0
2006-02-06,57.57722473144532,57.86930321862105,57.43659755832935,57.57722473144531,334500,0.0,0.0
2006-02-07,57.58264143772613,57.9504435614084,57.19320340951822,57.61509323120117,239100,0.0,0.0
2006-02-08,57.47987710345264,57.961268800938285,57.182392674323644,57.90717697143555,290900,0.0,0.0
2006-02-09,57.73948146687277,58.46967548913807,57.4636289245501,58.08564758300781,194400,0.0,0.0
2006-02-10,57.982895587325025,58.60491443339361,57.652955263583266,58.523780822753906,198900,0.0,0.0
2006-02-13,58.36151401640577,58.507551204968024,57.98289189970918,58.247928619384766,185400,0.0,0.0
2006-02-14,58.41562518433752,59.31890284263048,58.280403829744145,59.18368148803711,293800,0.0,0.0
2006-02-15,59.44326035429539,59.64879516189521,58.72929234303427,59.59470748901367,391800,0.0,0.0
2006-02-16,59.41623331753542,60.1734733581543,59.178246655977546,60.1734733581543,362600,0.0,0.0
2006-02-17,60.3627475334036,60.60073818436984,59.81645268760559,60.48174285888672,359800,0.0,0.0
2006-02-21,60.33574361131167,60.622412097076996,59.9517115012424,60.17888641357422,161300,0.0,0.0
2006-02-22,60.33577120388672,61.36886022654452,60.22759164220245,61.29313659667969,225900,0.0,0.0
2006-02-23,60.95773864578543,61.54189544380767,60.633208466870336,61.21736526489258,191100,0.0,0.0
2006-02-24,61.2065039072197,61.64636833040854,60.983857966467816,61.53232955932617,196300,0.45,0.0
2006-02-27,61.445460083552625,61.93420075600309,61.445460083552625,61.63552474975586,200100,0.0,0.0
2006-02-28,61.255407514211996,61.48348515869719,60.734081265246104,61.03818893432617,317200,0.0,0.0
2006-03-01,61.32600124930448,61.407458733928486,61.038188394319484,61.40202713012695,164100,0.0,0.0
2006-03-02,61.201103060629876,61.21739787305694,60.65263119215304,61.03276062011719,175900,0.0,0.0
2006-03-03,61.03272683306917,61.51060415554789,60.65802507357813,61.10332107543945,207500,0.0,0.0
2006-03-06,61.032759968851,61.038191572935396,60.34309540173243,60.52229690551758,161700,0.0,0.0
2006-03-07,60.27251643774631,61.18483149277867,60.142186899342065,61.06536102294922,223900,0.0,0.0
2006-03-08,60.98388862144196,61.22282534344159,60.54945143818805,61.000179290771484,174400,0.0,0.0
2006-03-09,60.99473655614424,61.26082710720283,60.413679311857535,60.50056838989258,180700,0.0,0.0
2006-03-10,60.49515435261108,61.14137444996657,60.413696854075376,60.989322662353516,183500,0.0,0.0
2006-03-13,61.09247734492217,61.62466252609029,61.09247734492217,61.40744400024414,225500,0.0,0.0
2006-03-14,61.412885991976836,62.2383157568966,61.33143265072139,62.03738784790039,279900,0.0,0.0
2006-03-15,62.17857263241412,62.84651894741157,61.97764474898579,62.80850601196289,345200,0.0,0.0
2006-03-16,62.80849963504722,63.13432535482635,62.618430834002154,63.020286560058594,227700,0.0,0.0
2006-03-17,63.346110324133114,63.68279509550082,63.07458820885016,63.63935470581055,392100,0.0,0.0
2006-03-20,63.53618121129077,63.747968150547145,63.34611654056057,63.69366455078125,203400,0.0,0.0
2006-03-21,63.693667076189946,63.693667076189946,62.64559140106616,62.710758209228516,359400,0.0,0.0
2006-03-22,62.71075373171098,63.00942559249008,62.50439425881379,62.9388313293457,236700,0.0,0.0
2006-03-23,62.803082548204685,62.998578853877056,62.48268421381395,62.87910842895508,185500,0.0,0.0
2006-03-24,62.8845301614572,63.128898433638085,62.580422543093135,62.96055603027344,131500,0.0,0.0
2006-03-27,62.96596854159228,62.97140014324655,62.56411702423729,62.86279296875,107500,0.0,0.0
2006-03-28,62.862821298578645,62.94427878770984,62.102558305187436,62.20573806762695,173500,0.0,0.0
2006-03-29,62.47725923208618,62.48268669299816,61.71699625131683,62.12971115112305,317600,0.0,0.0
2006-03-30,62.01563076719202,62.232849222517046,61.51059961937775,61.765830993652344,249200,0.0,0.0
2006-03-31,62.03735106168811,62.395762123084545,61.69523480198023,61.98304748535156,264900,0.0,0.0
2006-04-03,61.98851896339303,62.78136328861935,61.98851896339303,62.167724609375,211000,0.0,0.0
2006-04-04,62.06996259540593,62.51525873737486,61.86360311830634,62.17856979370117,520700,0.0,0.0
2006-04-05,62.31434477411481,62.39037065851323,61.82560398648215,62.167724609375,452600,0.0,0.0
2006-04-06,62.16773731128034,62.24376321121211,61.77674460128788,62.01025390625,217600,0.0,0.0
2006-04-07,62.12428183029983,62.395804037475,61.55408353799193,61.74414825439453,218500,0.0,0.0
2006-04-10,61.87991347843682,62.43382113809378,61.8419005326251,62.01567459106445,151000,0.0,0.0
2006-04-11,62.178578458100255,62.19486912580469,61.44546940970328,61.54864501953125,202200,0.0,0.0
2006-04-12,61.554066756696756,61.82558888984769,61.309698494100495,61.5649299621582,145900,0.0,0.0
2006-04-13,61.47262585822125,62.059114818260475,61.42375384976801,61.94507598876953,282400,0.0,0.0
2006-04-17,61.82559743351296,62.623873278186096,61.82559743351296,62.243743896484375,236000,0.0,0.0
2006-04-18,62.56957452513545,62.759639230726414,61.760439553848286,62.68904495239258,371000,0.0,0.0
2006-04-19,62.45009193253829,62.50439553168591,62.0319496616927,62.17856979370117,271700,0.0,0.0
2006-04-20,62.17856310527696,62.68359439491275,61.901609393386714,62.48809814453125,255300,0.0,0.0
2006-04-21,62.8845279506155,62.8845279506155,61.99936314136201,62.06996154785156,282500,0.0,0.0
2006-04-24,62.17858367438907,62.30891317005779,61.6518299445572,62.167724609375,167200,0.0,0.0
2006-04-25,62.27632277342909,62.30890410683211,61.635530310206924,61.88533020019531,205000,0.0,0.0
2006-04-26,62.069946830008675,62.314315035654396,61.84186514256161,62.140541076660156,201500,0.0,0.0
2006-04-27,62.04278824472019,63.78052770243171,61.782125254514625,63.53615951538086,393400,0.0,0.0
2006-04-28,63.78057639973949,65.12732861505216,63.64481527147856,64.83951568603516,471900,0.0,0.0
2006-05-01,64.8395024685378,64.8503615336207,63.31897648473357,63.37871170043945,337200,0.0,0.0
2006-05-02,63.50903407835487,63.6067822255445,63.172349238223575,63.38413619995117,143600,0.0,0.0
2006-05-03,63.38413793227211,63.5036083535579,62.857384243748214,63.26466751098633,154200,0.0,0.0
2006-05-04,63.49815749758366,64.05206075012278,63.43842230505219,63.465576171875,222400,0.0,0.0
2006-05-05,63.862001052168466,64.65484513616967,63.83485132634368,64.57881927490234,203700,0.0,0.0
2006-05-08,64.74175336167004,64.96983101296843,64.11725147950541,64.17698669433594,166400,0.0,0.0
2006-05-09,63.91629551876697,64.6494084440153,63.91629551876697,64.49735260009766,153900,0.0,0.0
2006-05-10,64.28014985468324,64.73087343686862,64.12809398331954,64.56796264648438,121800,0.0,0.0
2006-05-11,64.56796104128048,64.56796104128048,63.275513096962776,63.547035217285156,185200,0.0,0.0
2006-05-12,63.75343813424423,63.916349031617415,63.23754326814186,63.29185104370117,234400,0.0,0.0
2006-05-15,63.3460996153131,64.11722129801292,63.22662924188958,64.07920837402344,161300,0.0,0.0
2006-05-16,63.889174764435154,64.05751720336991,63.34613036209079,63.37871170043945,167800,0.0,0.0
2006-05-17,62.99312901667779,63.128890070593044,62.05909230284507,62.216575622558594,386400,0.0,0.0
2006-05-18,62.450068767054844,62.509803946888525,61.84185791015625,61.84185791015625,244900,0.0,0.0
2006-05-19,62.31433627576269,63.10174888954564,62.23287879841632,62.629302978515625,411100,0.0,0.0
2006-05-22,62.62930851461811,63.264669436503425,62.450102877235146,62.87910842895508,298800,0.0,0.0
2006-05-23,62.88451027210564,63.09086554461158,62.243718049684475,62.2491455078125,184300,0.0,0.0
2006-05-24,62.178600180977874,62.949722437786356,61.90707790944521,62.54787063598633,257300,0.0,0.0
2006-05-25,62.71076581090909,63.21036563808324,62.58586378256567,63.145198822021484,246400,0.0,0.0
2006-05-26,63.21037048792908,63.373281325933235,62.857390790936634,63.221229553222656,120800,0.0,0.0
2006-05-30,62.96466128261594,62.970121023649185,62.446098327636726,62.44609832763672,216700,0.6,0.0
2006-05-31,62.66442750880465,63.1611555480857,62.200445414380994,62.828182220458984,313200,0.0,0.0
2006-06-01,62.82820609686425,63.83804177846157,62.82820609686425,63.8216667175293,145100,0.0,0.0
2006-06-02,63.767072734505085,64.29655517376823,63.3358448114409,63.80528259277344,217800,0.0,0.0
2006-06-05,63.61969262016149,63.61969262016149,62.52797763167008,62.6262321472168,192800,0.0,0.0
2006-06-06,62.882751483479296,62.98100595185749,62.20588968162962,62.85546112060547,280800,0.0,0.0
2006-06-07,62.937405840174776,64.12737600762536,62.82823178172341,63.619728088378906,244700,0.0,0.0
2006-06-08,63.619679679312846,64.73868481616293,63.346750987706294,64.56401062011719,387200,0.0,0.0
2006-06-09,64.5640387560568,65.07168651025195,64.32931981240608,64.58041381835938,250000,0.0,0.0
2006-06-12,64.58040309897244,64.96250586904914,64.29655901552793,64.39481353759766,276800,0.0,0.0
2006-06-13,64.39484021640884,64.50946984555421,62.93740100569224,63.19395065307617,472000,0.0,0.0
2006-06-14,63.19939030294057,63.31947963754874,61.81837128407236,62.42973327636719,461000,0.0,0.0
2006-06-15,62.42973188584624,63.81075087395449,62.39152202246405,63.79983139038086,342300,0.0,0.0
2006-06-16,63.75069801802719,64.02908650951194,63.15571117658425,63.417724609375,280800,0.0,0.0
2006-06-19,63.45598170395948,63.78895536047452,62.817328952112085,62.87191390991211,167900,0.0,0.0
2006-06-20,62.8773151174316,63.292163742147515,62.76814113890521,62.93190002441406,280800,0.0,0.0
2006-06-21,62.85003809715921,63.483234855391714,62.84457835557097,63.19938659667969,210900,0.0,0.0
2006-06-22,63.19390988071665,63.31399917602539,62.85002121515558,63.31399917602539,239000,0.0,0.0
2006-06-23,62.94283796697964,62.94829770900902,62.102216770662444,62.14042663574219,390500,0.0,0.0
2006-06-26,62.227774685475126,63.10660587165438,62.22231494267054,62.97560119628906,322100,0.0,0.0
2006-06-27,63.11750585176142,63.122965593239,62.64261245727539,62.64261245727539,228700,0.0,0.0
2006-06-28,62.784551818398356,63.29219965404064,62.784551818398356,63.28128433227539,336600,0.0,0.0
2006-06-29,63.335834604511724,64.28562533166266,63.30308449257734,64.2092056274414,329300,0.0,0.0
2006-06-30,64.2092011675523,64.58038434708568,64.03998671489602,64.36750030517578,309100,0.0,0.0
2006-07-03,64.68409966447923,64.7113941993605,64.24741209374683,64.667724609375,76700,0.0,0.0
2006-07-05,64.19283138714329,64.2255856640554,63.58692932128906,63.58692932128906,332100,0.0,0.0
2006-07-06,63.510539666092505,63.7670934397242,63.31949031271685,63.641544342041016,308700,0.0,0.0
2006-07-07,63.641559463406324,64.59135504225623,63.461429552889214,63.87082290649414,322600,0.0,0.0
2006-07-10,63.936296857001494,64.41119445092467,63.892631415661846,64.17647552490234,196000,0.0,0.0
2006-07-11,64.08367093079754,64.62406868632921,63.603313668491886,64.60223388671875,354400,0.0,0.0
2006-07-12,64.84240489857275,65.63935625017888,64.12733299474407,64.3183822631836,904400,0.0,0.0
2006-07-13,63.865357318513546,64.76602344694388,63.75072768974084,64.16558074951172,588700,0.0,0.0
2006-07-14,64.16555683554449,64.44394118828491,63.4614000944619,63.5323600769043,559500,0.0,0.0
2006-07-17,63.70156335078179,63.91990716575623,63.47776395974036,63.68518829345703,472000,0.0,0.0
2006-07-18,63.81074800286235,64.13826169776823,63.445024446293495,63.7670783996582,347600,0.0,0.0
2006-07-19,64.30202956154777,65.21907053343432,63.88717660259445,64.96251678466797,838000,0.0,0.0
2006-07-20,64.84789562301897,65.24090966391996,64.68413664922078,64.88064575195312,313700,0.0,0.0
2006-07-21,65.50292660010615,65.50292660010615,64.71143456951376,64.93523406982422,389300,0.0,0.0
2006-07-24,64.95705244672928,66.11972760052475,64.95705244672928,66.07060241699219,423900,0.0,0.0
2006-07-25,65.77580792509029,66.49633943038437,65.63388385394666,66.33258056640625,420300,0.0,0.0
2006-07-26,65.90684504281361,66.40357745467523,65.79767518932641,66.1361083984375,259400,0.0,0.0
2006-07-27,66.05967988711132,66.4090325558953,65.50290700993445,65.65574645996094,207100,0.0,0.0
2006-07-28,66.04874963871147,67.28238860795807,66.0105397848418,67.0149154663086,450500,0.0,0.0
2006-07-31,66.74200605067433,66.79659514161403,66.07606328557719,66.55095672607422,178900,0.0,0.0
2006-08-01,66.43089317627411,66.55098255965672,65.94508006318235,66.14704895019531,201800,0.0,0.0
2006-08-02,65.99421129988026,66.53460937583935,65.95600141904607,66.10884094238281,167600,0.0,0.0
2006-08-03,66.23434539821106,67.50073876458946,66.06513091009352,67.30422973632812,319400,0.0,0.0
2006-08-04,67.6426549481063,68.19943188538161,67.39156101809341,67.66448974609375,353400,0.0,0.0
2006-08-07,67.92104553674875,67.92104553674875,67.28239329278873,67.52256774902344,230300,0.0,0.0
2006-08-08,67.54441439162535,67.73000813057457,66.67650285629556,66.7747573852539,254500,0.0,0.0
2006-08-09,67.18416067538584,67.35337521451241,66.05423550455292,66.09244537353516,233100,0.0,0.0
2006-08-10,66.09243633526745,66.48545445651784,65.71033353313497,66.4090347290039,236000,0.0,0.0
2006-08-11,66.4090002325618,66.45266565091414,66.08148252527508,66.35987091064453,234100,0.0,0.0
2006-08-14,66.85114564959163,66.85114564959163,66.01598462877847,66.08694458007812,162900,0.0,0.0
2006-08-15,66.56186348497585,67.40794009347236,66.54002868568686,67.20051574707031,348200,0.0,0.0
2006-08-16,67.6863347721344,67.80096435546875,67.03130739177747,67.80096435546875,296200,0.0,0.0
2006-08-17,67.79548752972387,67.79548752972387,67.07495592707828,67.29875946044922,252400,0.0,0.0
2006-08-18,67.79552173436477,67.84465109080753,67.38067289883972,67.76277160644531,184200,0.0,0.0
2006-08-21,67.65360260009766,67.83373247051625,67.48984362928405,67.65360260009766,106600,0.0,0.0
2006-08-22,67.66452231679196,67.68635712528972,67.2551290277277,67.34246826171875,142200,0.0,0.0
2006-08-23,67.39158321069888,67.45162788379712,66.9494398583967,67.23328399658203,119500,0.0,0.0
2006-08-24,67.4134000648242,67.53894912002433,67.08588640349457,67.35335540771484,124100,0.0,0.0
2006-08-25,67.18412565526849,67.27692040806078,66.70922824726368,66.8402328491211,174000,0.0,0.0
2006-08-28,66.84571618025515,67.37519867885369,66.72017127383111,67.24419403076172,193400,0.0,0.0
2006-08-29,67.25508116194709,67.25508116194709,66.82385337129207,66.97123718261719,253400,0.0,0.0
2006-08-30,66.84512325345166,67.24007295064088,66.75187240412379,67.09196472167969,141400,0.6,0.0
2006-08-31,66.99318277691194,67.24551065242433,66.6476041140417,67.17420196533203,217500,0.0,0.0
2006-09-01,67.41555222811661,67.44846328177583,67.15225124376134,67.20162200927734,134000,0.0,0.0
2006-09-05,67.04255794695891,67.470418467637,67.0315848035924,67.30585479736328,151500,0.0,0.0
2006-09-06,66.58179898497593,66.58728555804387,65.64379587175173,66.19782257080078,775500,0.0,0.0
2006-09-07,65.75350257648059,66.01679947799283,65.01297010153401,65.10073852539062,487300,0.0,0.0
2006-09-08,64.72776904218968,65.12271881103516,64.12437542202296,65.12271881103516,660100,0.0,0.0
2006-09-11,65.11719601655017,65.11719601655017,64.5138027319939,64.79904174804688,356100,0.0,0.0
2006-09-12,65.01845896129919,65.5779722204939,64.54671412904831,65.44631958007812,308500,0.0,0.0
2006-09-13,65.17202136183337,65.52308654785156,65.05134191944704,65.52308654785156,339900,0.0,0.0
2006-09-14,65.51760759273824,65.79187754523961,65.16105581748099,65.68216705322266,361600,0.0,0.0
2006-09-15,66.14295532969818,66.35139902663433,65.87965428380627,66.28009033203125,347100,0.0,0.0
2006-09-18,66.06070157324429,66.20332320810606,65.5834700556472,65.8248291015625,286000,0.0,0.0
2006-09-19,65.82481072733412,66.04422760009766,65.52311200415566,66.04422760009766,268500,0.0,0.0
2006-09-20,66.03323616021497,66.68051345377368,66.03323616021497,66.44464111328125,215400,0.0,0.0
2006-09-21,66.45014139852185,66.4665969304362,65.39694550571899,65.7370376586914,287800,0.0,0.0
2006-09-22,65.87965709375577,65.87965709375577,65.33660363316191,65.7041244506836,266300,0.0,0.0
2006-09-25,65.9838987907638,66.60923426150605,65.52312286309458,66.4062728881836,282900,0.0,0.0
2006-09-26,66.62017810605042,66.62017810605042,65.78091261621896,66.37333679199219,289900,0.0,0.0
2006-09-27,66.37333031794499,66.55983188192603,65.94546984996263,66.43367004394531,286800,0.0,0.0
2006-09-28,66.20877637996016,66.36237109550895,65.87416664488515,66.26363372802734,244100,0.0,0.0
2006-09-29,66.62020302793654,66.64763171088283,65.7260840432818,65.8028793334961,294100,0.0,0.0
2006-10-02,65.8522487892975,65.8522487892975,64.90327245801001,65.13914489746094,375900,0.0,0.0
2006-10-03,65.15557997707515,65.81931286923518,65.13363787505813,65.5285873413086,233800,0.0,0.0
2006-10-04,65.52859621661035,65.91805916384907,65.09524905939384,65.85771942138672,280400,0.0,0.0
2006-10-05,65.8577368063484,65.90162102791066,65.41342057186225,65.64380645751953,377600,0.0,0.0
2006-10-06,65.40243406225623,65.52310936163207,65.02394007662939,65.2762680053711,366100,0.0,0.0
2006-10-09,65.41339704092067,66.09907206231397,65.03490308990254,66.02776336669922,402600,0.0,0.0
2006-10-10,65.8686902840631,66.29106428163573,65.55053605029084,65.7370376586914,365900,0.0,0.0
2006-10-11,66.92190155089787,68.556553118718,65.98938492461025,67.99703979492188,1342000,0.0,0.0
2006-10-12,67.8763601469761,68.10126362775321,67.16874281835238,67.43753051757812,672800,0.0,0.0
2006-10-13,67.4430117480257,67.90378766376524,67.43204278611661,67.58014678955078,338000,0.0,0.0
2006-10-16,67.58561248137588,67.74468958259911,66.91091062914869,67.16323852539062,317900,0.0,0.0
2006-10-17,67.1632342342963,67.47041527356869,66.86702215284315,67.27842712402344,336900,0.0,0.0
2006-10-18,67.41555764407185,67.50332185588952,66.88895981808325,67.12483215332031,296600,0.0,0.0
2006-10-19,67.12482863891303,67.12482863891303,66.53789111708012,66.92186737060547,227200,0.0,0.0
2006-10-20,67.33329090255498,67.33329090255498,66.72441111437725,66.79023742675781,303700,0.0,0.0
2006-10-23,66.79025591684855,67.02064179641744,66.45015948627334,66.86156463623047,198100,0.0,0.0
2006-10-24,66.86155584299253,66.86155584299253,66.35141335673543,66.7792739868164,286800,0.0,0.0
2006-10-25,66.91639019393703,66.92187676547972,66.09906680524841,66.37333679199219,259300,0.0,0.0
2006-10-26,66.35139815956192,66.76280316118498,66.09907026076982,66.75731658935547,191700,0.0,0.0
2006-10-27,66.37334115744967,66.72989300067302,66.24717511383719,66.48304748535156,196400,0.0,0.0
2006-10-30,66.49402629762547,66.89994476749985,66.48305315288296,66.76280975341797,152500,0.0,0.0
2006-10-31,66.91641012152488,67.141313586444,66.65311319945711,66.81767272949219,210000,0.0,0.0
2006-11-01,66.8176671472434,67.10839272587637,66.29655573479131,66.37883758544922,238900,0.0,0.0
2006-11-02,66.38981297510546,66.38981297510546,65.9125857281263,66.04972076416016,160900,0.0,0.0
2006-11-03,66.30752213906388,66.38431741404315,65.39694779929746,65.67670440673828,168400,0.0,0.0
2006-11-06,65.82482928337598,66.43919586329827,65.82482928337598,66.22526550292969,175300,0.0,0.0
2006-11-07,66.28008696068973,66.62566564238107,66.09358119078873,66.14295196533203,135200,0.0,0.0
2006-11-08,65.92357093620745,66.48856675430332,65.90711539743265,66.29109191894531,139300,0.0,0.0
2006-11-09,66.29107428953509,66.30204743582023,65.8412715475133,65.87966918945312,224000,0.0,0.0
2006-11-10,65.68766277633776,66.20877408468584,65.68766277633776,66.14295196533203,157900,0.0,0.0
2006-11-13,65.92355360387002,66.31850317074758,65.92355360387002,66.23622131347656,180400,0.0,0.0
2006-11-14,66.23620526131084,66.80668736576484,65.90708209701802,66.75731658935547,318300,0.0,0.0
2006-11-15,66.63665216156016,67.05902619063247,66.3294668644788,66.62567901611328,232900,0.0,0.0
2006-11-16,66.59276169183006,67.04256435722098,66.57630616023489,67.02062225341797,138100,0.0,0.0
2006-11-17,66.81216091375039,66.91089826229395,66.42269390530886,66.6750259399414,176400,0.0,0.0
2006-11-20,66.85058464253514,66.97674652408726,66.55985486911429,66.68053436279297,247400,0.0,0.0
2006-11-21,66.41175726242673,66.47209701506405,65.9180702794983,66.10457611083984,243500,0.0,0.0
2006-11-22,66.04968271252122,66.54885177989483,66.04419614243254,66.25263977050781,844900,0.0,0.0
2006-11-24,66.15942488124743,66.15942488124743,65.69864899954345,65.95098114013672,151200,0.0,0.0
2006-11-27,65.95643095461115,65.96740409531981,64.87580677129222,64.95260620117188,334500,0.0,0.0
2006-11-28,64.513775448793,65.10619952201263,64.513775448793,64.62348175048828,242500,0.0,0.0
2006-11-29,64.67863633965125,65.80338683060616,64.67863633965125,65.74825286865234,348900,0.6,0.0
2006-11-30,65.44502106991477,65.69313025123039,64.87162271883302,65.41194152832031,339200,0.0,0.0
2006-12-01,65.61593699252123,65.63799142076904,64.8826430274768,65.42296600341797,290600,0.0,0.0
2006-12-04,65.83648865650159,66.45951058996575,65.67108251875571,66.1783218383789,244500,0.0,0.0
2006-12-05,66.2444508819208,66.4484469123478,66.0239108811113,66.30509948730469,193900,0.0,0.0
2006-12-06,66.34921827777409,66.39884178660735,65.86954819561124,66.1893310546875,230800,0.0,0.0
2006-12-07,66.18935115767013,66.44848127067452,65.996375928149,66.1783218383789,202200,0.0,0.0
2006-12-08,66.20588287531324,66.59182487449476,66.15074890492335,66.26101684570312,298200,0.0,0.0
2006-12-11,66.11765637699273,66.58630137274841,66.11765637699273,66.3271713256836,207900,0.0,0.0
2006-12-12,66.33268646799968,66.72414310185053,66.03495799863732,66.68003845214844,221200,0.0,0.0
2006-12-13,66.98881196812145,67.21486676834603,66.56978612285961,67.03292083740234,266200,0.0,0.0
2006-12-14,67.02738015853923,67.4243514150649,66.85094895635578,67.31407928466797,227900,0.0,0.0
2006-12-15,67.54014444803633,67.8158185070079,67.18728198906891,67.32511901855469,513200,0.0,0.0
2006-12-18,67.18176484622575,67.45192423622285,67.04944248061828,67.20381927490234,238700,0.0,0.0
2006-12-19,67.20934542496099,67.46296508842691,66.99431996666482,67.33064270019531,288600,0.0,0.0
2006-12-20,67.18176442767292,67.4023045066128,67.08803626122042,67.2865219116211,240900,0.0,0.0
2006-12-21,67.30857675950317,67.70554806277771,66.8289024003044,67.20381927490234,255300,0.0,0.0
2006-12-22,67.50155180107328,67.50155180107328,66.75723266601562,66.75723266601562,233800,0.0,0.0
2006-12-26,66.82337141519066,67.32510008048334,66.71310350520054,67.26996612548828,588700,0.0,0.0
2006-12-27,67.62283284761845,67.83785823048652,67.52359003964463,67.70553588867188,181600,0.0,0.0
2006-12-28,67.71106308649995,67.83236034918436,67.43538901910901,67.52912139892578,181100,0.0,0.0
2006-12-29,67.7606881013262,67.7606881013262,67.06598825836372,67.35269165039062,224700,0.0,0.0
2007-01-03,67.23140018136958,67.93161053752421,67.02739983508768,67.63939666748047,317800,0.0,0.0
2007-01-04,67.63936170219024,67.72206472990108,66.90606797304531,67.56768798828125,392100,0.0,0.0
2007-01-05,67.01635379170486,67.40229572472592,66.16727733260691,66.3878173828125,462400,0.0,0.0
2007-01-08,66.3271821268186,66.95020400320219,65.97983011066685,66.85647583007812,329300,0.0,0.0
2007-01-09,66.85646138470456,67.25343262799053,66.18381613429796,66.69105529785156,301200,0.0,0.0
2007-01-10,66.69659175968822,67.78274837585296,66.45951186780225,67.63939666748047,609700,0.0,0.0
2007-01-11,67.65040409163068,67.65040409163068,66.37679144145704,66.9446792602539,313500,0.0,0.0
2007-01-12,66.83439309774263,66.83439309774263,65.9191535648283,66.3326644897461,404100,0.0,0.0
2007-01-16,66.43190422623161,66.43190422623161,65.40639684306016,66.08455657958984,455800,0.0,0.0
2007-01-17,66.09010700755759,66.16178075571997,65.45054110782166,65.57183837890625,366900,0.0,0.0
2007-01-18,65.59385287396852,66.05698303818576,65.57179845570339,65.64898681640625,351200,0.0,0.0
2007-01-19,66.07903745645089,66.12866094915998,65.31817895532963,65.64898681640625,480200,0.0,0.0
2007-01-22,65.654536624109,66.01842420418411,65.59388799302107,65.79237365722656,336600,0.0,0.0
2007-01-23,65.79788595112078,66.04599514154667,65.37886438736368,65.92469787597656,218300,0.0,0.0
2007-01-24,65.89712068716355,66.87852380322752,65.8860955763997,66.7903060913086,430500,0.0,0.0
2007-01-25,66.75171088813403,66.83992859872367,66.08458022599461,66.10111999511719,441400,0.0,0.0
2007-01-26,66.10664010037772,66.23896247071269,65.36783143589844,65.86956024169922,291700,0.0,0.0
2007-01-29,66.00738822786876,66.32717110161535,65.72068489056088,66.2554931640625,301100,0.0,0.0
2007-01-30,66.19485446689085,66.74069213867188,65.9467494935012,66.74069213867188,230400,0.0,0.0
2007-01-31,66.74069334623304,67.03290718440871,66.12869658058298,66.88404083251953,261400,0.0,0.0
2007-02-01,66.93917891818857,67.07701595158593,66.61388133201555,67.06598663330078,410800,0.0,0.0
2007-02-02,67.56221601113393,67.68902375480567,67.01638241375485,67.45745849609375,207900,0.0,0.0
2007-02-05,67.26447187256687,67.37473981600651,66.70760908335616,67.14868927001953,177500,0.0,0.0
2007-02-06,67.25895648598701,67.49603634762515,67.13214877304823,67.34165954589844,219200,0.0,0.0
2007-02-07,67.34165554681758,67.81030058321532,67.23138761111885,67.78824615478516,155400,0.0,0.0
2007-02-08,67.78824166930309,67.78824166930309,67.19278896689754,67.5070571899414,157100,0.0,0.0
2007-02-09,67.6173432195078,67.74415515692478,66.91713285315736,67.08253479003906,296000,0.0,0.0
2007-02-12,67.08248902221027,67.47394547414332,66.80681510903628,67.26443481445312,234300,0.0,0.0
2007-02-13,67.4022893605789,67.8874740600586,67.24239794443815,67.8874740600586,213700,0.0,0.0
2007-02-14,67.89299808507327,68.49396964289703,67.78824061021137,68.38369750976562,212300,0.0,0.0
2007-02-15,68.36717665131097,68.63733609091659,68.12458209777364,68.43885040283203,245000,0.0,0.0
2007-02-16,68.37820711534877,68.74209897413094,68.24037005486217,68.59874725341797,226800,0.0,0.0
2007-02-20,68.59873812686675,68.98468436875389,68.13009302485273,68.7751693725586,257400,0.0,0.0
2007-02-21,68.42231618157572,68.9240451022914,68.42231618157572,68.67042541503906,280000,0.0,0.0
2007-02-22,68.87993572062932,68.99020368593463,68.2513990641919,68.49950408935547,227000,0.0,0.0
2007-02-23,68.88541816087391,68.91298303608063,67.88747545388223,68.46639251708984,324800,0.0,0.0
2007-02-26,68.54949745850102,68.72124381167667,67.94560816602585,68.21707916259766,306300,0.6,0.0
2007-02-27,68.22263155161203,68.46086244760433,66.17274094098047,66.42205047607422,486300,0.0,0.0
2007-02-28,66.44973490146289,66.86525349544027,65.81814697676717,66.43865203857422,575600,0.0,0.0
2007-03-01,66.16169738769531,66.4996531439104,64.02870092233337,66.16169738769531,664400,0.0,0.0
2007-03-02,66.16167092596778,66.26139560475036,65.53008270263672,65.53008270263672,332800,0.0,0.0
2007-03-05,65.39158064050939,65.49130532569919,64.60486602783203,64.60486602783203,425000,0.0,0.0
2007-03-06,64.88188381784784,65.64089977353566,64.83201935778374,65.55225372314453,443700,0.0,0.0
2007-03-07,65.41375111761545,65.45807414530319,64.85972595214844,64.85972595214844,269400,0.0,0.0
2007-03-08,65.09790861693527,65.51342718257528,64.94832379312918,65.07020568847656,486500,0.0,0.0
2007-03-09,65.26413129794506,65.49127929639614,64.88739421772499,65.06468200683594,370800,0.0,0.0
2007-03-12,64.93729566304829,64.99269733978728,64.39989052223842,64.82649230957031,478200,0.0,0.0
2007-03-13,64.6546918068499,64.6546918068499,62.95937728881836,62.95937728881836,764600,0.0,0.0
2007-03-14,63.10346327853527,63.37493440925265,62.07851763136141,63.181026458740234,848700,0.0,0.0
2007-03-15,63.23639621242372,64.28350284361481,63.18653600468804,63.85136413574219,497600,0.0,0.0
2007-03-16,63.85138794471477,65.20874764628162,63.85138794471477,64.26690673828125,996700,0.0,0.0
2007-03-19,64.82092816648242,64.99267457227208,64.33338766434133,64.4441909790039,611500,0.0,0.0
2007-03-20,64.36662799613426,65.03145633974857,64.36662799613426,64.87078857421875,261300,0.0,0.0
2007-03-21,64.86522763092256,66.39433310705968,64.38322451071419,66.32231140136719,537300,0.0,0.0
2007-03-22,66.32234894511564,66.37221340564845,65.39158654164135,65.52455139160156,514200,0.0,0.0
2007-03-23,65.61316658087078,65.9732835975508,65.47466036113805,65.68518829345703,206200,0.0,0.0
2007-03-26,65.59651534038322,65.59651534038322,64.6934525116472,65.33058166503906,224500,0.0,0.0
2007-03-27,65.19211891001038,65.33062515613186,64.54945212598179,64.6602554321289,203300,0.0,0.0
2007-03-28,64.54389162892954,64.54389162892954,63.72947446598141,64.02864837646484,517000,0.0,0.0
2007-03-29,64.48850575354001,64.88740439834413,64.22811334779983,64.47188568115234,413800,0.0,0.0
2007-03-30,64.33339728127869,64.604868401596,63.58546000143585,64.1727294921875,415700,0.0,0.0
2007-04-02,58.726635581653674,59.87900831317746,57.90667692314176,58.69893264770508,2196700,0.0,0.0
2007-04-03,58.78204891605473,59.070144269682956,58.30004989371056,58.8762321472168,1106300,0.0,0.0
2007-04-04,58.64355059844404,58.765436785539045,57.78481430851446,57.951019287109375,878600,0.0,0.0
2007-04-05,57.66293318827492,58.84854655930993,57.66293318827492,58.72111892700195,627700,0.0,0.0
2007-04-09,58.56598458157329,58.62692767215704,58.034121067558665,58.32221221923828,574600,0.0,0.0
2007-04-10,58.322200444555875,58.87622535482833,58.311121806175265,58.7765007019043,571900,0.0,0.0
2007-04-11,58.89838078817244,58.89838078817244,58.31111579640929,58.3720588684082,530500,0.0,0.0
2007-04-12,58.21695506032602,58.239116570233215,57.61860697345913,57.973182678222656,683400,0.0,0.0
2007-04-13,57.93994523873254,58.68787826888594,57.7238757906188,58.66017532348633,589400,0.0,0.0
2007-04-16,58.842991764440164,60.095089384590395,58.78204867937477,59.596466064453125,597800,0.0,0.0
2007-04-17,60.38873092590238,60.93721454619959,59.5521519102844,60.45521545410156,981100,0.0,0.0
2007-04-18,60.94273455335136,62.88182156186708,60.94273455335136,62.10618591308594,1118400,0.0,0.0
2007-04-19,61.80149503326289,62.676851385886,61.69068748890352,62.36105728149414,856200,0.0,0.0
2007-04-20,63.04805063708909,63.13115101079031,62.438619717443004,62.93170166015625,642300,0.0,0.0
2007-04-23,62.937228408436134,62.937228408436134,61.99538776000042,62.111732482910156,529500,0.0,0.0
2007-04-24,62.46630291718514,62.85966006025913,61.76823041059469,62.10618591308594,569500,0.0,0.0
2007-04-25,62.10621449990328,62.6768596916284,62.08405298809463,62.643619537353516,480900,0.0,0.0
2007-04-26,62.327823693797015,62.66023790812205,61.70731406068116,62.28350067138672,423900,0.0,0.0
2007-04-27,60.92059124041136,62.12282453018433,60.92059124041136,61.840274810791016,792300,0.0,0.0
2007-04-30,62.55495423417451,62.60481444686956,61.68513107299804,61.68513107299805,896700,0.0,0.0
2007-05-01,61.69066429679902,62.2613091983747,61.40811044850098,62.0064582824707,559300,0.0,0.0
2007-05-02,62.10620626978101,62.460781957979755,61.92337699174477,62.36105728149414,293800,0.0,0.0
2007-05-03,62.63250350952148,62.776546909983864,62.17820335580657,62.632503509521484,296700,0.0,0.0
2007-05-04,62.737782486146585,62.99263344914457,62.494014388903835,62.94831466674805,320800,0.0,0.0
2007-05-07,62.94832121749972,63.34167845524947,62.759950521931025,62.870758056640625,299500,0.0,0.0
2007-05-08,62.505101619566325,62.63252923201858,62.316735144583,62.4663200378418,378700,0.0,0.0
2007-05-09,62.43859962427508,62.793175194214015,62.34441641313878,62.649131774902344,398000,0.0,0.0
2007-05-10,62.28902365930897,62.35550817323533,61.674055642833274,61.71283721923828,425200,0.0,0.0
2007-05-11,61.85133517421921,62.28347388971123,61.69620888936302,62.078487396240234,358900,0.0,0.0
2007-05-14,62.07295834449004,62.52725865226756,61.65743961566151,61.89012908935547,383000,0.0,0.0
2007-05-15,62.045231828408646,62.63250094960331,61.55769156018667,61.57985305786133,453100,0.0,0.0
2007-05-16,61.7627185937914,62.13391438784275,61.46354453941574,62.11729431152344,444900,0.0,0.0
2007-05-17,62.27241266787524,62.482940652361556,62.089583398074375,62.2779541015625,395800,0.0,0.0
2007-05-18,62.74333698962091,62.74887842365291,62.21701488222425,62.438621520996094,377800,0.0,0.0
2007-05-21,62.3555323970701,62.61038345914663,61.90123194260733,62.57160186767578,487900,0.0,0.0
2007-05-22,62.571565389936836,62.87073930410489,62.061859336053864,62.665748596191406,492700,0.0,0.0
2007-05-23,62.67131132903666,62.93169953597067,62.449700477270625,62.52726364135742,378100,0.0,0.0
2007-05-24,62.516173593184746,62.75994592481448,61.430285193822655,61.48569107055664,579800,0.0,0.0
2007-05-25,61.43027137022894,61.662965010274014,61.05353431833927,61.35824966430664,413000,0.0,0.0
2007-05-29,61.44140742764134,62.58269820812856,61.175473420299504,61.43032455444336,512000,0.0,0.0
2007-05-30,61.27988506747939,61.953902005833946,61.073779028529216,61.69209289550781,515500,0.6,0.0
2007-05-31,61.86477289169468,62.126581998635075,61.38571883428712,61.51383972167969,662700,0.0,0.0
2007-06-01,61.65310065078242,62.0653084810187,61.59182599697909,62.02074432373047,669900,0.0,0.0
2007-06-04,62.02631176681972,62.02631176681972,61.32444121091797,61.58625030517578,503000,0.0,0.0
2007-06-05,61.586266838763855,61.725526670978766,60.72285842895508,60.72285842895508,564100,0.0,0.0
2007-06-06,60.72840891584888,60.84539088234586,60.15465924626527,60.271636962890625,542700,0.0,0.0
2007-06-07,60.04883118984464,60.16023733681583,59.68118325506994,59.764739990234375,600200,0.0,0.0
2007-06-08,59.826012155571505,61.07377879916917,59.82044057349325,61.034786224365234,639000,0.0,0.0
2007-06-11,61.03479810494405,61.3411714308055,60.6448722810047,61.00137710571289,348000,0.0,0.0
2007-06-12,60.979080511466776,60.98465209330365,59.72574234008789,59.72574234008789,689200,0.0,0.0
2007-06-13,59.88728680711772,61.02364730834961,59.81486898971825,61.02364730834961,511200,0.0,0.0
2007-06-14,61.02364487256252,61.09605843719966,60.527880334198755,60.61700439453125,654500,0.0,0.0
2007-06-15,60.72842073958266,61.123922370249765,60.54460100616575,60.57802200317383,517800,0.0,0.0
2007-06-18,60.36078337785495,60.71171663300457,60.2995087103073,60.53903579711914,557100,0.0,0.0
2007-06-19,60.544568430350445,61.02362229578433,60.42201917409478,60.93449401855469,461400,0.0,0.0
2007-06-20,60.98466151567772,61.09606767039762,59.865011386291414,59.96527862548828,620800,0.0,0.0
2007-06-21,59.965295257295104,60.71729763490871,59.714624964841526,60.44991683959961,512000,0.0,0.0
2007-06-22,60.110118739922775,60.277227996226344,59.45837946573257,59.56978988647461,657000,0.0,0.0
2007-06-25,60.14910152135522,60.43876006832874,59.27455004796508,59.48065185546875,477100,0.0,0.0
2007-06-26,59.6310526278835,60.24379494484722,59.44165707544183,59.720176696777344,480300,0.0,0.0
2007-06-27,59.597631341115346,60.48889333860069,59.5530714286454,60.37748718261719,552500,0.0,0.0
2007-06-28,60.37750288417402,60.71729727312359,59.82603504385978,60.34408187866211,310400,0.0,0.0
2007-06-29,60.27163755002405,60.58914971249207,59.29125165355502,59.547489166259766,564800,0.0,0.0
2007-07-02,59.764722582896745,60.51672448060113,59.764722582896745,60.461021423339844,390000,0.0,0.0
2007-07-03,60.466590887852306,60.962355304907646,60.37189101896445,60.82866287231445,249500,0.0,0.0
2007-07-05,60.82311781542042,60.82868514808089,59.8650096136587,60.18252182006836,388300,0.0,0.0
2007-07-06,60.23821506667105,60.667137604386525,59.93741340706933,60.55015563964844,412100,0.0,0.0
2007-07-09,60.55017407434855,60.58916665784214,59.9095822383642,60.13796615600586,537300,0.0,0.0
2007-07-10,59.98197866661746,59.98197866661746,59.18541247461135,59.346954345703125,755200,0.0,0.0
2007-07-11,59.16873024454484,60.048853583399975,59.06289139054208,60.00986099243164,817000,0.0,0.0
2007-07-12,61.614100454799335,62.260263656069334,60.009829239696984,62.243553161621094,1260700,0.0,0.0
2007-07-13,62.01518832494937,62.421824647370734,61.647540334940516,62.2324333190918,535400,0.0,0.0
2007-07-16,61.95947378071431,62.83959251088551,61.85363496986033,62.455238342285156,414900,0.0,0.0
2007-07-17,62.62234027454592,63.329782375555894,62.098726363027765,62.772743225097656,806100,0.0,0.0
2007-07-18,62.41627699018422,62.76163875647585,60.862136292249716,61.55286407470703,886300,0.0,0.0
2007-07-19,62.04859595163116,62.10987060342697,61.30216546593203,61.686519622802734,789200,0.0,0.0
2007-07-20,61.569547809837545,61.68095821009982,60.48889030159068,60.55573654174805,968600,0.0,0.0
2007-07-23,61.05146047279212,61.190720192962665,60.29945883384507,60.33845138549805,635100,0.0,0.0
2007-07-24,60.054423093134595,60.15469036638117,58.583839252100766,58.79551696777344,1295600,0.0,0.0
2007-07-25,59.19656941871811,59.787034015284405,58.61725223887158,59.63663101196289,1275300,0.0,0.0
2007-07-26,58.95146363858754,59.26340425223166,57.7092642666168,58.51140213012695,1254900,0.0,0.0
2007-07-27,59.463939077331155,59.463939077331155,58.42784574732887,58.711936950683594,1177100,0.0,0.0
2007-07-30,58.58380698293509,59.942983882754056,57.72596617320274,59.692317962646484,1039700,0.0,0.0
2007-07-31,60.24934039579427,60.42202112616783,59.101837163675874,59.20767593383789,1368200,0.0,0.0
2007-08-01,58.851207057765116,59.46952106449084,58.02121963202097,59.341400146484375,953600,0.0,0.0
2007-08-02,59.36365855866003,59.731306416003775,58.04347432075001,58.695213317871094,1380500,0.0,0.0
2007-08-03,58.539273548465744,58.67296607589044,55.62038803100587,55.62038803100586,1271600,0.0,0.0
2007-08-06,56.02144608223003,59.56421661376953,55.770780079946896,59.56421661376953,1245200,0.0,0.0
2007-08-07,59.07958217214984,59.88172006130222,58.31644111082172,59.19655990600586,1340900,0.0,0.0
2007-08-08,59.2021287462509,60.84539702639035,58.8010598202525,59.798160552978516,1268100,0.0,0.0
2007-08-09,58.07132174054623,59.30237754755558,55.146866688864044,55.67605209350586,1591700,0.0,0.0
2007-08-10,54.17763076635269,57.77053170641749,54.17763076635269,57.035240173339844,852100,0.0,0.0
2007-08-13,58.14374485124643,58.14374485124643,56.44477799646858,56.595176696777344,778400,0.0,0.0
2007-08-14,56.712161465076704,56.851421269676045,55.481105302403165,55.72620391845703,824000,0.0,0.0
2007-08-15,55.84317099024303,57.65354810463994,55.51451995402913,56.010284423828125,693900,0.0,0.0
2007-08-16,55.89890458381052,60.461058763926495,55.726223724692076,60.399784088134766,1308700,0.0,0.0
2007-08-17,60.717280746282825,64.51071683478409,60.717280746282825,62.20457458496094,1579800,0.0,0.0
2007-08-20,62.33825698555011,62.43295262665457,59.380376035042254,59.99311828613281,883700,0.0,0.0
2007-08-21,59.74244218592098,61.24087869254755,59.36365543609932,60.47773361206055,521300,0.0,0.0
2007-08-22,61.22420176443836,61.48043937540043,59.10745036971062,60.32179641723633,485900,0.0,0.0
2007-08-23,60.50560733295415,60.867679460325164,58.7954969356943,59.09629440307617,800500,0.0,0.0
2007-08-24,59.5307869095231,60.31621005174815,58.67294594398929,60.18252182006836,582100,0.0,0.0
2007-08-27,59.81488273500125,59.97085731992696,59.341400146484375,59.341400146484375,371200,0.0,0.0
2007-08-28,59.04616133973963,59.10743599810084,57.60343170166015,57.603431701660156,544700,0.0,0.0
2007-08-29,58.12147265691638,59.3803825378418,57.38618102511092,59.3803825378418,508500,0.0,0.0
2007-08-30,58.623375227215995,59.04952005595224,58.02340400032245,58.399085998535156,463200,0.7,0.0
2007-08-31,59.07197814404439,59.94109772375782,58.59536597496033,59.36915969848633,615200,0.0,0.0
2007-09-04,59.043946514411914,60.13174277840969,58.74676067262529,59.699989318847656,481500,0.0,0.0
2007-09-05,59.105630670105405,59.39159543547485,58.2981906785593,59.06077194213867,510700,0.0,0.0
2007-09-06,59.128025626801985,59.285031094681706,58.163589134738864,58.9317741394043,543600,0.0,0.0
2007-09-07,57.96175041321547,58.74115251785543,57.68699395252824,57.866424560546875,613700,0.0,0.0
2007-09-10,58.24770176374296,58.70188872816814,57.266439915632965,58.19723892211914,477900,0.0,0.0
2007-09-11,58.326214128085425,59.52055295617719,58.24771350664765,58.926185607910156,424900,0.0,0.0
2007-09-12,58.52809116856466,58.79163087941427,57.97858665816545,58.2757682800293,401700,0.0,0.0
2007-09-13,58.65144297068304,59.11123423300184,58.58976328981411,58.90937423706055,378200,0.0,0.0
2007-09-14,58.3766889252125,58.9486227105162,57.894468314208154,58.763587951660156,700400,0.0,0.0
2007-09-17,58.42153964584059,58.763579899287,58.16360842287433,58.544898986816406,459100,0.0,0.0
2007-09-18,58.85328820360296,61.219532012939446,58.376676107505176,61.21953201293945,575800,0.0,0.0
2007-09-19,61.679335574191846,61.90362492278161,60.933575308265375,61.30925750732422,511800,0.0,0.0
2007-09-20,61.30923728777413,61.56156432595745,60.50741029659405,60.68123245239258,357400,0.0,0.0
2007-09-21,61.410182746919325,61.410182746919325,59.784094720926575,60.33359909057617,475000,0.0,0.0
2007-09-24,60.081284126460744,60.38967825402667,59.066375732421875,59.066375732421875,303800,0.0,0.0
2007-09-25,58.51124882163946,59.15607897410615,58.48321533203126,58.48321533203125,406900,0.0,0.0
2007-09-26,58.819668014572784,59.03834898970459,58.24772986579404,58.56734085083008,418600,0.0,0.0
2007-09-27,58.858911718982306,58.903770446777344,58.29258204497018,58.903770446777344,308300,0.0,0.0
2007-09-28,58.65144501243175,58.84769660477214,58.006614685058594,58.006614685058594,396300,0.0,0.0
2007-10-01,57.88325519030064,59.055160522460945,57.88325519030064,59.05516052246094,585700,0.0,0.0
2007-10-02,59.038360386646346,59.924301280389955,58.701928381341126,59.386009216308594,377700,0.0,0.0
2007-10-03,59.35233446635294,60.030806562723924,59.20094163408958,59.6270866394043,340300,0.0,0.0
2007-10-04,59.99716089377224,60.266308918403034,59.78969253566177,60.07005310058594,244200,0.0,0.0
2007-10-05,60.65884760355796,60.737348265577914,60.07008836044303,60.406524658203125,299200,0.0,0.0
2007-10-08,60.35605501840547,60.36727184278397,59.36918409338526,59.671974182128906,244700,0.0,0.0
2007-10-09,60.042049971895345,60.1037296696048,59.12807133018152,60.00840377807617,393900,0.0,0.0
2007-10-10,60.047628290341706,60.047628290341706,58.87011468406202,59.04954528808594,476100,0.0,0.0
2007-10-11,58.864500369668924,59.885012555637545,58.13556126056463,58.78599548339844,809500,0.0,0.0
2007-10-12,58.55611318982929,58.93179535494555,56.64405190636004,56.823482513427734,799100,0.0,0.0
2007-10-15,57.00291975494678,57.47392351373451,55.545041199544826,56.010440826416016,781400,0.0,0.0
2007-10-16,55.98240486547383,56.178660715945675,54.80489115245992,54.91703796386719,832000,0.0,0.0
2007-10-17,55.51141834259033,56.07774815179437,54.55258526639227,56.072139739990234,1035400,0.0,0.0
2007-10-18,55.71888247191186,55.87027535514638,54.87219202977181,55.28712463378906,904700,0.0,0.0
2007-10-19,55.36001515011822,56.07773772081265,54.608646392822266,54.608646392822266,658700,0.0,0.0
2007-10-22,54.38997003298891,55.662805593724656,54.266610653594434,55.01237106323242,934400,0.0,0.0
2007-10-23,55.1861729378163,55.34317417073779,54.41798772274149,54.92824172973633,371800,0.0,0.0
2007-10-24,54.53014578534861,54.88900707090196,53.26852287514774,54.47968292236328,670400,0.0,0.0
2007-10-25,54.384366854851,55.67963618516503,53.947004851614345,54.71519470214844,720700,0.0,0.0
2007-10-26,56.285206032955244,56.285206032955244,54.793689507305004,56.21792221069336,499200,0.0,0.0
2007-10-29,56.296417125786505,56.48145617410305,55.51140648156554,55.79176712036133,322700,0.0,0.0
2007-10-30,55.51702268921154,56.10017341316253,55.231053599647275,55.315162658691406,376300,0.0,0.0
2007-10-31,55.67962191414053,56.1954844381515,54.60303386138088,55.78055191040039,865900,0.0,0.0
2007-11-01,54.38996921624304,54.38996921624304,52.39380264282227,52.393802642822266,544700,0.0,0.0
2007-11-02,52.76948472504107,53.03862856786527,50.63874195918897,51.289180755615234,1028800,0.0,0.0
2007-11-05,50.72845746937819,51.69289880456577,50.2462368017844,50.896671295166016,776000,0.0,0.0
2007-11-06,50.85741541727158,52.05735854421749,50.279873217045534,51.82746505737305,554300,0.0,0.0
2007-11-07,51.22187024318508,51.22187024318508,49.349063873291016,49.349063873291016,731600,0.0,0.0
2007-11-08,49.39957728154365,51.20510170723946,49.18650459128124,51.0424919128418,981200,0.0,0.0
2007-11-09,50.470523199142114,52.623690843364614,49.629441285999484,51.74335861206055,874400,0.0,0.0
2007-11-12,52.04615608114708,53.97503891430378,51.43497185666688,52.21997833251953,852400,0.0,0.0
2007-11-13,52.53958842352678,54.75444030761719,52.45548364397504,54.75444030761719,681000,0.0,0.0
2007-11-14,55.197412456818974,55.47777313889877,52.752666966845986,53.03302764892578,662500,0.0,0.0
2007-11-15,51.934004748772296,52.73583632335067,50.492951278707814,51.025634765625,1052400,0.0,0.0
2007-11-16,51.28918349227409,51.41814700943561,49.629448779751534,50.12849044799805,1103000,0.0,0.0
2007-11-19,49.92099473935846,50.347143938110165,48.47994180209495,49.50045394897461,1070900,0.0,0.0
2007-11-20,49.35467414632736,50.38640329534753,47.51550944368589,49.10795974731445,1231300,0.0,0.0
2007-11-21,48.73228404961502,50.1677290264296,48.137916638057405,48.99021530151367,758400,0.0,0.0
2007-11-23,49.89856582093532,50.98075763545437,49.612601161102134,50.44807434082031,390200,0.0,0.0
2007-11-26,50.380774559030506,50.605063785973314,47.49866932941252,47.65006637573242,760400,0.0,0.0
2007-11-27,48.02577803507289,49.51169026866474,47.9753108958072,49.27618408203125,918300,0.0,0.0
2007-11-28,49.747175235755925,51.479801331155684,49.66867462626636,51.06486892700195,1130600,0.0,0.0
2007-11-29,51.003219000836424,51.003219000836424,49.820096482093675,50.15652847290039,900600,0.0,0.0
2007-11-30,50.69480643359741,52.23118134462378,50.69480643359741,51.00320053100586,1779700,0.0,0.0
2007-12-03,51.02566433877504,51.89478450847911,50.263082639386816,50.874271392822266,687400,0.0,0.0
2007-12-04,50.47612204819938,50.571447906296534,49.483647376881954,49.85372543334961,588700,0.0,0.0
2007-12-05,50.403232644280415,51.05367134543196,49.76401076374934,50.49855422973633,666500,0.0,0.0
2007-12-06,49.50608035171803,50.90227508544922,49.26497003980783,50.90227508544922,969900,0.0,0.0
2007-12-07,50.896685257757554,50.97519019821853,49.365918061125825,49.83131790161133,978700,0.0,0.0
2007-12-10,50.21259445454058,51.66486057761464,49.926625391840616,51.65925216674805,660700,0.0,0.0
2007-12-11,51.6368113227418,51.65924068325827,48.35659328105393,48.36220169067383,1146000,0.0,0.0
2007-12-12,49.57335494467619,50.46489944817188,47.21271532810468,48.098655700683594,1845900,0.0,0.0
2007-12-13,47.940376200486334,48.3417632522161,46.86058503526736,48.23434829711914,1141700,0.7,0.0
2007-12-14,47.974323870219905,48.51139034373973,47.098052978515625,47.098052978515625,848700,0.0,0.0
2007-12-17,46.61750393313625,46.84929325575562,45.67905047153966,45.74123764038086,1094800,0.0,0.0
2007-12-18,45.84862931934812,46.41396384686945,45.243721547426695,45.76382827758789,1138900,0.0,0.0
2007-12-19,45.86558563060627,46.05780160008981,44.96105130904805,45.130653381347656,724500,0.0,0.0
2007-12-20,45.37375563179122,45.8542891731024,43.751243797503605,44.83668518066406,879000,0.0,0.0
2007-12-21,45.42463681081877,46.50442802807182,44.74058242379478,46.4252815246582,946800,0.0,0.0
2007-12-24,46.82100161876296,47.188469894632526,46.19347999879674,46.64009475708008,338200,0.0,0.0
2007-12-26,46.49878575211999,46.707961173895235,45.905182506615326,46.50444030761719,352000,0.0,0.0
2007-12-27,46.221735659769756,46.43090659977965,45.69597456453745,45.8316535949707,444000,0.0,0.0
2007-12-28,45.80905211349313,46.442228282299155,45.75251952826183,46.035186767578125,655500,0.0,0.0
2007-12-31,45.71295848121713,46.64010692843868,45.328530760674475,46.11434555053711,704100,0.0,0.0
2008-01-02,46.453541531624175,46.453541531624175,44.91583077967537,45.21546173095703,830400,0.0,0.0
2008-01-03,45.42462477664447,45.656413984635144,44.407025296703424,44.54835891723633,774800,0.0,0.0
2008-01-04,44.0339058124873,44.0339058124873,42.88062286376953,42.88062286376953,1321300,0.0,0.0
2008-01-07,43.24809646606445,44.02825665349876,42.71668056718506,43.24809646606445,1601800,0.0,0.0
2008-01-08,43.54771668019285,43.54771668019285,41.0885124206543,41.0885124206543,1636800,0.0,0.0
2008-01-09,41.26940370026142,41.84604278568086,40.68711006418499,41.73863220214844,2434000,0.0,0.0
2008-01-10,41.50687166143114,43.31029069217562,40.90196371920206,42.41706085205078,1714300,0.0,0.0
2008-01-11,42.4170556598264,43.123723931683195,41.33161422941297,41.69342803955078,1613100,0.0,0.0
2008-01-14,40.421410254951574,41.56903841544122,40.144397602147684,40.9415168762207,2032100,0.0,0.0
2008-01-15,40.511886682193484,41.19028659709428,39.85044180502952,40.47230911254883,1732100,0.0,0.0
2008-01-16,40.26878540851142,42.64884355413773,40.20659825753158,41.86867904663086,3258100,0.0,0.0
2008-01-17,42.077857706842046,42.077857706842046,40.72670825333233,40.74366760253906,1925000,0.0,0.0
2008-01-18,41.05459990638723,42.21353324006865,40.76062350115362,41.659507751464844,2688200,0.0,0.0
2008-01-22,40.14439755319744,43.745574974734645,40.053941977525675,43.1180534362793,2829100,0.0,0.0
2008-01-23,43.191561589772405,47.889490440484316,41.716038031397105,47.85557174682617,3085000,0.0,0.0
2008-01-24,47.940368599224875,48.850557513464906,47.07540316818505,47.87818145751953,2148800,0.0,0.0
2008-01-25,48.143907930957475,48.675319647009395,46.87190478175081,47.403316497802734,1439000,0.0,0.0
2008-01-28,47.550298010186545,49.21238327026367,46.69098692223277,49.21238327026367,930300,0.0,0.0
2008-01-29,49.18412315454856,49.964283555296234,48.302202326471885,49.70988464355469,863900,0.0,0.0
2008-01-30,49.664639892992206,51.343684214790564,48.72618677266728,49.55157470703125,1084500,0.0,0.0
2008-01-31,48.61878912279681,52.15778591081596,48.14956023912724,51.603755950927734,1778100,0.0,0.0
2008-02-01,51.501997129205115,53.15842819213867,51.29282602292213,53.15842819213867,1141000,0.0,0.0
2008-02-04,52.52524689120709,52.949247898802255,50.687909191628016,50.914039611816406,1008200,0.0,0.0
2008-02-05,49.811658171364975,50.88014078274968,49.4328848251414,50.054752349853516,1296000,0.0,0.0
2008-02-06,50.5578757196275,51.304117252593336,49.585499473880326,49.99819564819336,1149500,0.0,0.0
2008-02-07,49.87946853485447,51.10624345574757,49.63637450928559,50.665283203125,1362600,0.0,0.0
2008-02-08,50.18475609659411,51.0384126447267,49.24630279960826,50.25259780883789,1672700,0.0,0.0
2008-02-11,50.258266859752446,50.258266859752446,48.99756830084087,49.381996154785156,890800,0.0,0.0
2008-02-12,49.80598026469126,50.54657156627627,49.03147457852592,49.76640701293945,1062400,0.0,0.0
2008-02-13,50.17344909915454,50.42219771997032,48.618778845377925,49.868167877197266,835600,0.0,0.0
2008-02-14,49.86817759100164,49.9247102031551,48.5735605008267,48.85622787475586,1014600,0.0,0.0
2008-02-15,49.212384991862216,50.07734635112912,48.4887529876322,49.9755859375,1100000,0.0,0.0
2008-02-19,50.39959651140569,50.665304548173694,48.262631732612434,48.5057258605957,894600,0.0,0.0
2008-02-20,48.01952552824358,49.743793586114556,47.68032129494083,49.44982147216797,1019700,0.0,0.0
2008-02-21,49.46679306407883,49.84556633009631,48.00822830200195,48.00822830200195,673900,0.0,0.0
2008-02-22,48.16650845495934,49.56854022654069,47.2450145664559,49.121925354003906,812800,0.0,0.0
2008-02-25,48.52266547629399,49.68159871624735,48.234343648022126,49.38762664794922,1027200,0.0,0.0
2008-02-26,49.11062691599075,50.145186138445645,48.87883761879477,49.48374557495117,800600,0.0,0.0
2008-02-27,49.21589375451568,50.60073205926017,49.00503206234384,49.65470886230469,556600,0.7,0.0
2008-02-28,49.261482566232544,49.261482566232544,48.00771713256835,48.00771713256836,523500,0.0,0.0
2008-02-29,47.46062136766929,47.791159884716976,46.53169865382743,46.77675247192383,1171100,0.0,0.0
2008-03-03,46.67419064619863,46.99332901401602,45.28935187451366,45.682579040527344,2193400,0.0,0.0
2008-03-04,45.1696508754386,45.54577741560276,44.12674724709806,45.24943542480469,1804000,0.0,0.0
2008-03-05,45.53440180052623,46.21257077268993,44.38891690511743,44.79924011230469,1052200,0.0,0.0
2008-03-06,44.405996802337874,44.6795469567782,43.266212463378906,43.266212463378906,865400,0.0,0.0
2008-03-07,43.00407028187134,45.00439337208237,42.60514743102947,44.046974182128906,1616500,0.0,0.0
2008-03-10,44.622549139389406,45.1126566489632,43.42577235912286,43.82469940185547,1378900,0.0,0.0
2008-03-11,44.9075064743615,47.82535171508789,44.9075064743615,47.82535171508789,2345000,0.0,0.0
2008-03-12,47.8709514518018,48.65740123182551,46.25245946591541,46.286651611328125,1103000,0.0,0.0
2008-03-13,45.733832681756326,47.16426280922318,44.37749129644969,46.89071273803711,1315000,0.0,0.0
2008-03-14,47.32954981871908,48.13879571408289,45.07277283907666,45.568580627441406,2061000,0.0,0.0
2008-03-17,44.57695570832799,46.22964348071033,43.69362131421278,45.66544723510742,2047500,0.0,0.0
2008-03-18,48.32686395721768,48.33255974913747,45.20955269158731,46.95912170410156,1920700,0.0,0.0
2008-03-19,47.46632409657243,47.774066420826486,45.47740144226679,45.84782791137695,1815900,0.0,0.0
2008-03-20,46.33223272424107,49.28996997444319,45.95040168598747,49.267173767089844,1479400,0.0,0.0
2008-03-24,49.569222016291974,51.34158263473842,48.908145023332445,49.09621047973633,1226500,0.0,0.0
2008-03-25,49.22160362125222,49.5806342349388,48.03052635399318,49.32418441772461,890100,0.0,0.0
2008-03-26,49.164590803856306,49.164590803856306,47.66577610800628,47.97351837158203,967200,0.0,0.0
2008-03-27,48.44085175316109,48.80558252440901,46.879347867010054,47.43214416503906,1092000,0.0,0.0
2008-03-28,47.785483547981585,48.00204547292179,46.38354856982654,46.61720657348633,1067700,0.0,0.0
2008-03-31,46.554490540923375,47.084490407693075,45.65405991171343,45.86492156982422,1437600,0.0,0.0
2008-04-01,46.93061824111942,48.54911422729493,46.731156855833376,48.54911422729492,1092600,0.0,0.0
2008-04-02,48.72580579262329,49.649033151845195,48.20720156209092,48.526344299316406,787000,0.0,0.0
2008-04-03,48.070414858968135,48.91385737998123,47.80256478105317,48.543426513671875,703100,0.0,0.0
2008-04-04,48.72578942540762,48.72578942540762,47.06740082111398,47.306758880615234,1242000,0.0,0.0
2008-04-07,47.836760390146665,49.47804862613647,47.836760390146665,48.94234848022461,1228300,0.0,0.0
2008-04-08,48.32686731520275,49.204497604435396,47.682886253033686,48.868263244628906,1587800,0.0,0.0
2008-04-09,48.98224165838039,49.056330440379135,47.927941768391996,47.945037841796875,941600,0.0,0.0
2008-04-10,47.94502687558106,48.8796496900307,47.48911574664076,48.383846282958984,1110700,0.0,0.0
2008-04-11,47.80256875231266,49.01074209955785,47.51762257731523,47.65439987182617,1379400,0.0,0.0
2008-04-14,47.66579892359827,47.93934918257974,45.89913339264173,46.0188102722168,1772900,0.0,0.0
2008-04-15,47.42644232955761,49.187407613959174,46.70837674709536,48.93095779418945,2969800,0.0,0.0
2008-04-16,49.2158959542798,51.261807082037386,48.99933846059112,51.20481872558594,2026400,0.0,0.0
2008-04-17,51.13642590764492,52.69222908413841,50.275887520584135,52.09954071044922,2084600,0.0,0.0
2008-04-18,52.99996366553544,54.139747830385666,51.4270603006213,51.575233459472656,1676300,0.0,0.0
2008-04-21,51.14782849163872,51.5239594566908,49.8541750211523,50.12202072143555,1086500,0.0,0.0
2008-04-22,50.12771758754638,51.18771743155304,49.78008299634352,50.743202209472656,1072600,0.0,0.0
2008-04-23,50.56083817127045,50.965461123455384,49.75159226690057,50.16191101074219,835900,0.0,0.0
2008-04-24,50.446843403018306,52.7264116504701,50.30437038755257,52.293296813964844,883700,0.0,0.0
2008-04-25,52.62953165681799,53.94028515355125,51.57523219967067,53.72942352294922,1297500,0.0,0.0
2008-04-28,53.775036957122495,54.52159446741771,53.2792290984151,54.13406753540039,775400,0.0,0.0
2008-04-29,54.24234007704305,54.24234007704305,52.977178690210394,53.353309631347656,560200,0.0,0.0
2008-04-30,53.56986517748223,53.837715199038804,52.7207270426219,53.13105010986328,1174600,0.0,0.0
2008-05-01,53.84911084890186,55.62147587581639,52.07674582198732,55.302337646484375,1431400,0.0,0.0
2008-05-02,55.752563963396824,56.06600211520058,53.87191766084172,54.31643295288086,1089800,0.0,0.0
2008-05-05,53.56988382010825,54.27654915520736,53.18235682706671,53.58127975463867,1218300,0.0,0.0
2008-05-06,53.11397020814092,54.287951514644476,52.60107052390674,53.90612030029297,690900,0.0,0.0
2008-05-07,54.07137586095234,54.37911820195125,52.19073401875836,52.56116485595703,1059100,0.0,0.0
2008-05-08,52.45287003050406,52.80050456347917,51.449858705136585,52.133731842041016,1556400,0.0,0.0
2008-05-09,51.8146107737609,53.0683765369203,51.62084946418001,51.882999420166016,821100,0.0,0.0
2008-05-12,52.34459509698612,53.19373321533203,52.145133706493084,53.19373321533203,489000,0.0,0.0
2008-05-13,53.353309415282816,53.393201695429845,51.922878773555304,52.1280403137207,765700,0.0,0.0
2008-05-14,52.54975482146253,53.569862295435975,52.12803584634497,53.153839111328125,838000,0.0,0.0
2008-05-15,52.90310686128417,53.683856582865694,52.51557989693173,53.632568359375,784300,0.0,0.0
2008-05-16,53.621136782876995,53.621136782876995,51.546730227891004,52.22490310668945,1314700,0.0,0.0
2008-05-19,52.58963705384282,53.222217569665595,52.08813362105331,52.202110290527344,583100,0.0,0.0
2008-05-20,51.69491756083288,51.877282878993945,50.47534868039349,50.61212158203125,1391500,0.0,0.0
2008-05-21,50.674835196189306,50.97687749655038,50.144835048105094,50.492469787597656,1675300,0.0,0.0
2008-05-22,50.463954292639364,51.71201521060319,50.23029641176488,51.22760772705078,1060600,0.0,0.0
2008-05-23,50.62351710123765,50.98824770327308,50.07072105967189,50.35566711425781,725600,0.0,0.0
2008-05-27,50.78880557734204,51.66074013906152,50.395578481690755,51.16493225097656,760700,0.0,0.0
2008-05-28,51.136432250299606,51.136432250299606,48.46933641185383,49.39255905151367,1729600,0.0,0.0
2008-05-29,49.507439072324914,50.576069324711916,49.409769649436384,50.31753158569336,853000,0.7,0.0
2008-05-30,50.55311106368544,50.55885761574828,49.352340299312175,49.78898620605469,777200,0.0,0.0
2008-06-02,49.75451981359834,49.9556053369496,48.28946438632287,49.185733795166016,1040800,0.0,0.0
2008-06-03,49.42703403658565,49.725793413998105,48.094118710443155,48.86399459838867,1357300,0.0,0.0
2008-06-04,48.77781230979298,49.237435700363065,47.91026696863082,48.20902633666992,928900,0.0,0.0
2008-06-05,48.23775765631151,48.79505499219556,48.117106333594755,48.6916389465332,1638300,0.0,0.0
2008-06-06,48.05389813553088,48.26073018699911,46.46244503303182,46.64054870605469,1146100,0.0,0.0
2008-06-09,46.899078503444045,47.07718652913467,45.79023078974013,46.416473388671875,1774900,0.0,0.0
2008-06-10,45.88790037464047,47.98493994557111,45.864918554639324,46.55435562133789,1842900,0.0,0.0
2008-06-11,46.29007461158405,46.519888444869586,44.62967635068084,44.64691162109375,2674300,0.0,0.0
2008-06-12,45.11228542085309,46.577344901406484,44.29645040514686,44.67564392089844,1978400,0.0,0.0
2008-06-13,45.19847197282828,45.388068755071444,43.50934935678852,44.744590759277344,2198500,0.0,0.0
2008-06-16,44.35963213485328,45.81894449816145,44.17003545044718,45.30186462402344,1581300,0.0,0.0
2008-06-17,45.732779257090534,45.93386472523288,44.072380932046755,44.279212951660156,2013900,0.0,0.0
2008-06-18,43.8483179055778,44.19878306270889,41.91214190497935,43.60126876831055,2321200,0.0,0.0
2008-06-19,43.66445368020362,44.112588161377616,41.877657922360186,43.64147186279297,2249500,0.0,0.0
2008-06-20,41.89491903862387,44.284976923988346,41.23420562624327,42.124732971191406,3106500,0.0,0.0
2008-06-23,42.28559054881963,43.09568346681415,41.31463361767942,41.475502014160156,1209500,0.0,0.0
2008-06-24,41.39506935977678,42.85437808704088,41.11929182457087,42.130470275878906,2102500,0.0,0.0
2008-06-25,42.67626712060881,43.7563908670475,41.808721945898576,42.23387908935547,2308300,0.0,0.0
2008-06-26,41.607644664016725,42.18792374516417,41.22845547452244,41.31463623046875,1600600,0.0,0.0
2008-06-27,41.47550880910716,41.98109590706787,40.699886310906564,41.11929702758789,1217500,0.0,0.0
2008-06-30,41.802989825748,42.14770848122834,40.15982637184498,40.52752685546875,2196200,0.0,0.0
2008-07-01,40.16556364649698,42.12471692230411,39.78637014472717,42.067264556884766,3018500,0.0,0.0
2008-07-02,42.21665008343033,43.97471813304364,42.067270405902725,42.43497085571289,3416400,0.0,0.0
2008-07-03,42.779693358967734,43.04972436013938,40.74584759589003,41.067588806152344,1717200,0.0,0.0
2008-07-07,41.349114547970444,41.825977688239966,39.35548559809103,39.91852951049805,2592700,0.0,0.0
2008-07-08,39.87831561421506,42.50967196990968,39.11992826497182,42.38327407836914,3302200,0.0,0.0
2008-07-09,42.51540563843113,42.55562273870165,39.568055447172995,39.87830352783203,2385100,0.0,0.0
2008-07-10,39.832327415477444,40.73434299653612,38.95329365357531,39.76338195800781,5413700,0.0,0.0
2008-07-11,38.15470614258877,40.843514084874464,37.92489226162366,40.04491424560547,3082000,0.0,0.0
2008-07-14,40.44134359079359,40.79180877743556,30.80068864022063,33.794002532958984,11154500,0.0,0.0
2008-07-15,33.45502605700478,34.27660767897405,32.17381888923704,32.7138786315918,7280400,0.0,0.0
2008-07-16,32.83453063386471,37.11479566427749,32.19679925904238,36.844764709472656,5655800,0.0,0.0
2008-07-17,38.37875977823788,39.47036765251885,37.34459987453275,38.401737213134766,6019700,0.0,0.0
2008-07-18,38.39600845561499,39.746158969019696,37.64336789154539,39.4301643371582,2944200,0.0,0.0
2008-07-21,40.06788853868465,40.91819842338428,39.41866850160615,39.682952880859375,2582200,0.0,0.0
2008-07-22,38.855641080651324,41.80873851595919,37.99958866963869,41.762779235839844,2674100,0.0,0.0
2008-07-23,41.80299908806989,43.52085057656304,40.23452294060292,41.03312301635742,3857700,0.0,0.0
2008-07-24,41.95811025295534,41.95811025295534,38.94756100239695,39.36122512817383,3405400,0.0,0.0
2008-07-25,39.05671504426883,40.32643114059114,38.67752155079645,39.12565612792969,2491500,0.0,0.0
2008-07-28,39.252052288383865,40.15406795567397,38.148951163417784,38.35003662109375,2856200,0.0,0.0
2008-07-29,38.63730979103091,40.401124352626354,38.269609349634365,40.3206901550293,2547500,0.0,0.0
2008-07-30,40.58496729914127,41.77424915997866,39.9070189099521,41.05608367919922,2408800,0.0,0.0
2008-07-31,40.2747128665531,41.06182368603978,39.901265999400046,40.43558120727539,1707600,0.0,0.0
2008-08-01,40.90097622278717,41.36634621503892,39.700200838043806,41.11929702758789,1594100,0.0,0.0
2008-08-04,40.751595185447286,41.99258325183172,40.09662840920691,41.46976089477539,1506000,0.0,0.0
2008-08-05,42.08449809607056,43.03247742814379,41.68232717135311,42.94629669189453,1505300,0.0,0.0
2008-08-06,42.94055704143841,43.176117466153656,41.36633924741236,43.038230895996094,1437000,0.0,0.0
2008-08-07,42.400492950620844,43.94023996076085,40.78031175500097,41.84893798828125,2494200,0.0,0.0
2008-08-08,41.82021939394326,44.066639092540925,41.76850919184341,43.70468521118164,1935200,0.0,0.0
2008-08-11,43.49212132317912,45.72705305662896,42.727996204161244,45.4627685546875,1951900,0.0,0.0
2008-08-12,45.037613859282544,45.11804807921639,42.45796350092115,42.842899322509766,2594900,0.0,0.0
2008-08-13,42.515411376302616,42.84289477508395,40.596474642508504,41.5387077331543,2339700,0.0,0.0
2008-08-14,41.10205230395221,42.90033730779388,40.992889734975186,42.659034729003906,1378800,0.0,0.0
2008-08-15,42.90034778856583,43.934508212223186,42.04429544991026,42.81416702270508,1466600,0.0,0.0
2008-08-18,42.64181005907857,42.911841081055535,40.929700991013334,41.17675018310547,1446500,0.0,0.0
2008-08-19,40.74583225020842,40.74583225020842,39.453134493158664,40.1368293762207,1377800,0.0,0.0
2008-08-20,40.33792473251046,40.56773860025286,38.9647924615017,39.75190353393555,1940000,0.0,0.0
2008-08-21,39.25206249994703,39.55081748859718,38.60858448464662,39.21184539794922,1653600,0.0,0.0
2008-08-22,39.70020106159679,40.3436791398995,38.993528431111955,40.33793258666992,1167700,0.0,0.0
2008-08-25,39.99894802884521,40.04490729038762,38.41898389871273,38.913082122802734,1322100,0.0,0.0
2008-08-26,38.953314344589415,39.591045919095436,38.60859125746693,39.30377960205078,843700,0.0,0.0
2008-08-27,39.355469653403226,39.68869949954908,39.01075108785051,39.441650390625,922900,0.0,0.0
2008-08-28,40.00469429361741,41.06111526489258,39.4184417898788,41.06111526489258,1111500,0.7,0.0
2008-08-29,40.294913037490474,41.8505221139225,40.173018841725955,41.40937805175781,968200,0.0,0.0
2008-09-02,41.98985524436025,42.95340676503639,41.81572246862486,42.372955322265625,1506400,0.0,0.0
2008-09-03,42.10592501584184,42.98240745200723,41.36874960929187,42.76183319091797,1123700,0.0,0.0
2008-09-04,42.390348883757476,43.04626155010618,41.79248487808784,42.14075469970703,1962000,0.0,0.0
2008-09-05,41.0146979625522,43.011447762935596,40.027927927552675,42.90116500854492,2921500,0.0,0.0
2008-09-08,43.504809076337935,44.95593685644914,42.92435796429345,44.11428451538086,3228400,0.0,0.0
2008-09-09,43.80085323735465,44.65992308382089,43.179770542342354,43.278446197509766,3460700,0.0,0.0
2008-09-10,43.678950867924,44.2652077939693,41.83892170815296,43.38872528076172,2937700,0.0,0.0
2008-09-11,41.42098767979401,43.76601047571787,41.34553063682628,43.597679138183594,2255900,0.0,0.0
2008-09-12,42.953379489040394,45.524777924780665,42.81987379344415,45.37385940551758,2410300,0.0,0.0
2008-09-15,42.61091908570946,46.72050967288373,42.61091908570946,44.01560974121094,2872000,0.0,0.0
2008-09-16,43.16815024751022,47.11521510207553,42.21040503913001,47.00493240356445,3978100,0.0,0.0
2008-09-17,45.35065832620831,47.16166797053391,43.28425312209372,45.013999938964844,4437400,0.0,0.0
2008-09-18,45.87887378244808,53.627898173840194,43.56867553407477,52.29866409301758,6897800,0.0,0.0
2008-09-19,58.05675465549948,62.9963979540694,50.1393968806142,54.272212982177734,3942900,0.0,0.0
2008-09-22,53.981949527963664,56.88420487892945,49.048115431321825,52.00260925292969,2022300,0.0,0.0
2008-09-23,51.1203339587024,52.47859198852883,48.83335494995117,48.83335494995117,791400,0.0,0.0
2008-09-24,49.29189176661069,51.66013261682618,48.014901495792664,51.31186294555664,481700,0.0,0.0
2008-09-25,51.80527542908478,52.02584531564628,49.837545993956866,50.7836799621582,879500,0.0,0.0
2008-09-26,49.860756664360046,53.11128234863281,47.83498330983776,53.11128234863281,1221700,0.0,0.0
2008-09-29,52.24059534072877,52.46116514902206,46.43608474731445,46.43608474731445,1081600,0.0,0.0
2008-09-30,49.07134283298798,53.65690799810889,46.83080094471229,51.805267333984375,1005900,0.0,0.0
2008-10-01,52.00841486827879,57.75488133393633,51.84008352694196,55.404052734375,1744500,0.0,0.0
2008-10-02,55.00355193984722,56.77973103287792,49.35576032995908,50.06391143798828,1029100,0.0,0.0
2008-10-03,51.3931394838691,55.14285295327281,50.29608728992005,50.888145446777344,764500,0.0,0.0
2008-10-06,48.90301440998438,51.961990336114305,48.17745039796681,49.46024703979492,1048600,0.0,0.0
2008-10-07,49.52409558702051,51.88072601240791,45.85564422607422,45.85564422607422,740600,0.0,0.0
2008-10-08,44.32324659832753,47.96267306715922,42.54126188849454,42.68637466430664,884900,0.0,0.0
2008-10-09,44.30004087520047,44.30004087520047,37.57261276245117,37.57261276245117,2105100,0.0,0.0
2008-10-10,37.14887376503437,43.02304102338713,35.77320515341166,42.227821350097656,3195100,0.0,0.0
2008-10-13,45.40869930667186,46.74373440905192,39.447463005062,40.3994026184082,1796600,0.0,0.0
2008-10-14,42.23942163974025,50.0639038681984,41.86793331604095,46.43608474731445,2718500,0.0,0.0
2008-10-15,44.40452235609583,49.27450817917131,43.591889688717295,45.205543518066406,1691600,0.0,0.0
2008-10-16,44.70636037726368,46.42450024531026,42.76184926878619,46.14588165283203,1393900,0.0,0.0
2008-10-17,44.044634910483836,48.28773614075153,44.044634910483836,45.85564422607422,1116200,0.0,0.0
2008-10-20,46.26775347575402,47.57957411174444,44.810820074717896,47.06297302246094,1106700,0.0,0.0
2008-10-21,44.694731967682024,51.20739362010269,44.694731967682024,48.65340805053711,2278300,0.0,0.0
2008-10-22,47.59698964242126,48.6069733046124,44.300027255904176,45.39707946777344,1351700,0.0,0.0
2008-10-23,45.54798710847232,45.617638388779596,41.46741760686882,42.97658920288086,2919000,0.0,0.0
2008-10-24,39.80734295846408,44.98496641748371,39.80734295846408,43.678951263427734,2316500,0.0,0.0
2008-10-27,42.12333722361722,45.710525290197076,42.12333722361722,43.71957778930664,1508400,0.0,0.0
2008-10-28,44.31744677409994,46.76114571416432,42.50063617221831,46.75534439086914,1522000,0.0,0.0
2008-10-29,46.714710706900895,48.53732697167314,45.5363911472633,45.75115966796875,1241600,0.0,0.0
2008-10-30,47.34159705449994,47.34159705449994,44.41032123830295,45.27519226074219,1044300,0.0,0.0
2008-10-31,44.99657253415856,47.074588775634766,44.984965459350235,47.074588775634766,937600,0.0,0.0
2008-11-03,46.778556994637896,47.695670892940356,45.8788603511184,47.58538818359375,643500,0.0,0.0
2008-11-04,48.24128707999114,50.56309127807618,47.34158618183716,50.56309127807617,908700,0.0,0.0
2008-11-05,50.48184241661088,50.48184241661088,44.590261752405894,45.42030715942383,1851300,0.0,0.0
2008-11-06,45.130074395073784,46.958496301279716,43.03464550618082,43.09849548339844,1795500,0.0,0.0
2008-11-07,43.27843862088713,43.66734427765438,41.676396550483155,42.825687408447266,1149500,0.0,0.0
2008-11-10,43.528026954347325,43.528026954347325,40.648990016185564,41.15398406982422,1394900,0.0,0.0
2008-11-11,40.7070456760892,41.403589852140676,39.52292456244424,39.8421745300293,1056300,0.0,0.0
2008-11-12,39.139817267078186,40.55611934709663,37.5842081651123,37.61903381347656,1189800,0.0,0.0
2008-11-13,38.59420425309558,39.134024119038955,35.628100081033196,39.05856704711914,1742100,0.0,0.0
2008-11-14,38.30976569426561,39.92341875282936,37.653857663756426,38.211090087890625,1081600,0.0,0.0
2008-11-17,37.613234860094614,38.60580575740528,35.86607572510208,36.01118850708008,968900,0.0,0.0
2008-11-18,35.63970184589059,36.96312977233594,33.42818214553205,35.4655647277832,1804500,0.0,0.0
2008-11-19,35.48298113051402,35.912513762249084,32.54009383524465,32.58652877807617,1561100,0.0,0.0
2008-11-20,32.5923339528119,35.349476999451085,31.86676999317001,31.924814224243164,2982400,0.0,0.0
2008-11-21,32.67359045584705,33.97960533113508,30.299545549531437,33.788055419921875,2618900,0.0,0.0
2008-11-24,34.54845780958548,36.68451853379274,33.77645660337798,36.51038360595703,2445100,0.0,0.0
2008-11-25,36.69032272063723,38.362020714513825,35.87188655251668,37.369449615478516,1410400,0.0,0.0
2008-11-26,37.10536764367475,38.19687271118164,36.125359791838726,38.19687271118164,723100,0.7,0.0
2008-11-28,37.55723720209144,37.78610125811796,36.33075858516721,37.70394515991211,578700,0.0,0.0
2008-12-01,36.88236822222031,36.88236822222031,32.96233263015131,32.99754333496094,1744100,0.0,0.0
2008-12-02,33.255754731816005,35.20990556520598,32.75108129912655,35.11601257324219,1260400,0.0,0.0
2008-12-03,34.00690466983021,36.647647879485234,33.39073170196119,36.53028106689453,993900,0.0,0.0
2008-12-04,35.82021898068739,38.43748866389994,35.65590452980934,36.48333740234375,1161300,0.0,0.0
2008-12-05,35.245098290291864,39.98669532259769,35.245098290291864,39.8341178894043,1505000,0.0,0.0
2008-12-08,40.720254104302676,41.64157975755606,39.505512580877244,40.7730712890625,1341300,0.0,0.0
2008-12-09,40.579411471538776,41.04887412812712,38.22621518669202,38.537235260009766,1003000,0.0,0.0
2008-12-10,38.296640472344656,39.17688807927241,36.66524671860046,38.03843307495117,932000,0.0,0.0
2008-12-11,37.62178256335856,37.903459286504614,34.511574842498504,34.59373092651367,1233000,0.0,0.0
2008-12-12,33.596120361804054,35.19817089819954,33.08557732546796,34.664154052734375,1227500,0.0,0.0
2008-12-15,35.432905431368454,35.432905431368454,32.74521465819039,33.56678009033203,881600,0.0,0.0
2008-12-16,34.25336133608801,36.54200556979986,34.18294216786788,35.90235900878906,1829400,0.0,0.0
2008-12-17,35.20990498744003,36.577224038973306,35.02798633911415,36.01973342895508,1014300,0.0,0.0
2008-12-18,36.21339114692951,36.51267662933248,34.881282644251066,35.045597076416016,810200,0.0,0.0
2008-12-19,34.62307272915417,34.62307272915417,32.46353174255399,32.83910369873047,3484600,0.0,0.0
2008-12-22,33.314423701821774,33.320291031699846,32.0233939859523,32.42243957519531,1225900,0.0,0.0
2008-12-23,32.598483233164444,32.88016203144385,31.008170705164712,31.630212783813477,932400,0.0,0.0
2008-12-24,31.6184905959848,32.95059873822379,31.6184905959848,32.821495056152344,365800,0.0,0.0
2008-12-26,33.126654462315855,33.63133015180142,32.12903998758691,32.50461196899414,512900,0.0,0.0
2008-12-29,32.28162050530338,32.52809105722334,30.69130665902171,31.47179412841797,987900,0.0,0.0
2008-12-30,31.38963504070408,32.55156177581913,31.254661752131746,32.40485382080078,795000,0.0,0.0
2008-12-31,32.539827767713945,33.84846257435131,32.40485670571127,33.69001770019531,951900,0.0,0.0
2009-01-02,34.47048610506237,34.67000892087115,32.62783316443557,33.637184143066406,1039500,0.0,0.0
2009-01-05,32.792171517609525,32.93300993855009,31.57155993033083,31.66545295715332,1465100,0.0,0.0
2009-01-06,31.413092879045088,31.92950528174916,30.386137642879643,31.30159568786621,2000500,0.0,0.0
2009-01-07,30.632621370932366,30.6443582759317,28.89559972557384,29.106857299804688,2581500,0.0,0.0
2009-01-08,29.341582081105415,29.488289991510943,28.302889806804078,28.93079948425293,1738100,0.0,0.0
2009-01-09,28.69607162230291,29.18901035009928,27.839295621157436,28.226604461669922,1922800,0.0,0.0
2009-01-12,28.39678519961382,28.39678519961382,26.360478513323937,26.6773681640625,1864200,0.0,0.0
2009-01-13,26.301795775516013,28.326365523620826,26.301795775516013,27.58108901977539,2370100,0.0,0.0
2009-01-14,26.466106287933012,27.070544404380794,26.01424789134258,26.51305389404297,1842000,0.0,0.0
2009-01-15,26.24898764265771,26.260724547957484,23.801899971592682,24.993167877197266,3565000,0.0,0.0
2009-01-16,25.51544825779601,25.996650189833097,22.593025949112533,23.43219566345215,3581600,0.0,0.0
2009-01-20,22.475656816077564,22.980332507067537,20.709294136198256,20.891210556030273,3585800,0.0,0.0
2009-01-21,21.771457631359958,22.440447725263596,20.468692632587796,22.240924835205078,3869100,0.0,0.0
2009-01-22,23.127040333930058,23.825369345444308,19.670601511838367,21.26678466796875,5648200,0.0,0.0
2009-01-23,20.42761804174994,22.34068893809648,19.94054651891606,21.935775756835938,3750400,0.0,0.0
2009-01-26,22.08834508916196,22.72799173921536,21.178756391199688,21.536724090576172,3019000,0.0,0.0
2009-01-27,21.947505638582683,22.399364060398415,21.419356233286738,22.188106536865234,1753200,0.0,0.0
2009-01-28,23.502613407592566,25.233767684851866,23.502613407592566,24.723224639892578,3554000,0.0,0.0
2009-01-29,24.107054726550075,24.670412794594885,23.41459292844192,23.461538314819336,1561600,0.0,0.0
2009-01-30,23.754951562360684,24.242023042507384,22.7103916497762,22.83362579345703,2272200,0.0,0.0
2009-02-02,22.50499411724582,23.091825799453897,22.20571094429719,22.851224899291992,2028200,0.0,0.0
2009-02-03,23.15638447912476,23.162254051287434,21.47804501434022,21.847749710083008,1796500,0.0,0.0
2009-02-04,22.27613401055272,23.138777450432396,21.818405934821758,22.44631576538086,1604300,0.0,0.0
2009-02-05,22.25265544294466,23.19745477245582,21.114202829956533,22.45804786682129,2766000,0.0,0.0
2009-02-06,22.810151225069188,24.335915233897705,22.704521322973918,24.118785858154297,3301200,0.0,0.0
2009-02-09,23.848837614886136,25.36873165989767,23.6903928026357,24.312435150146484,1792700,0.0,0.0
2009-02-10,23.37938035476205,24.312443060311946,22.129427921609743,22.235057830810547,3460800,0.0,0.0
2009-02-11,22.886444054591,23.179860004008834,21.759727883347818,22.370031356811523,2518200,0.0,0.0
2009-02-12,22.10008689287375,23.144646846433425,21.331336380478174,22.634103775024414,3144600,0.0,0.0
2009-02-13,22.323080297092712,22.86296443232578,21.583671038821638,21.65995979309082,1976400,0.0,0.0
2009-02-17,21.39001662475826,21.419357763017924,20.480427907196486,20.53911018371582,2218200,0.0,0.0
2009-02-18,21.084860974923945,21.27851425179004,20.128324776252207,21.143543243408203,2212600,0.0,0.0
2009-02-19,21.3019956356311,21.50151855350342,19.300899123405458,19.541500091552734,2357500,0.0,0.0
2009-02-20,19.248086345669854,21.39589106294948,18.719937846539185,20.59779930114746,4071500,0.0,0.0
2009-02-23,20.879473787662867,21.78906251097924,20.063775811937294,20.726896286010742,2274700,0.0,0.0
2009-02-24,20.744503665993555,22.857099533081055,19.8701255194169,22.857099533081055,3042800,0.0,0.0
2009-02-25,22.761486352018476,23.831139311999053,21.375121395891252,22.96466064453125,2390800,0.7,0.0
2009-02-26,23.64588741707702,25.372867470907718,23.054293325331223,23.753450393676758,2518600,0.0,0.0
2009-02-27,22.64794563414556,23.53832529786677,21.65000071035376,21.87110137939453,2565200,0.0,0.0
2009-03-02,21.488654713756787,21.936833007573167,20.40705255692697,20.885108947753906,2390100,0.0,0.0
2009-03-03,21.142068353739877,21.895007014995592,19.62423705488679,20.132171630859375,2311400,0.0,0.0
2009-03-04,20.514615812611826,20.849254151027505,19.301544997196846,20.030582427978516,2246100,0.0,0.0
2009-03-05,19.600324681368665,19.833376963089695,17.646268742753847,18.22591209411621,2941900,0.0,0.0
2009-03-06,18.662142119698924,19.182028253186107,17.395292233680312,19.032636642456055,2852900,0.0,0.0
2009-03-09,18.77568441262509,20.39510272124335,18.566534295157965,19.319475173950195,2148300,0.0,0.0
2009-03-10,20.024607260731546,21.381093978881836,19.923021264351895,21.381093978881836,2034300,0.0,0.0
2009-03-11,22.03244578239774,22.558308987805486,20.849255279894948,21.309385299682617,1400000,0.0,0.0
2009-03-12,21.058407421933236,23.18575916538572,20.413029513546796,22.97661018371582,1843800,0.0,0.0
2009-03-13,23.1439326594409,24.41675997334873,21.79342272961316,23.508451461791992,1694200,0.0,0.0
2009-03-16,23.77735524977053,24.685663619523723,22.641969217690814,22.773435592651367,1941000,0.0,0.0
2009-03-17,22.74952629193338,23.771372087657973,22.145980624617497,23.75942039489746,1934800,0.0,0.0
2009-03-18,23.532358679114846,25.169702781739552,22.54039040189186,25.050188064575195,2727000,0.0,0.0
2009-03-19,24.787245024606417,25.103956927937013,22.474645872527905,23.986499786376953,2917500,0.0,0.0
2009-03-20,24.578099504295174,24.578099504295174,23.09612347860177,24.06418800354004,1915700,0.0,0.0
2009-03-23,24.82310298834241,29.131589889526367,24.607977036737466,29.131589889526367,2866300,0.0,0.0
2009-03-24,28.109748641542648,28.384630835169435,26.585942599986286,27.249244689941406,2307500,0.0,0.0
2009-03-25,27.21338755110978,28.24120825940014,25.916657121150397,27.219362258911133,1700700,0.0,0.0
2009-03-26,28.1097398264283,28.563892774366888,27.213383344306624,28.139617919921875,1495100,0.0,0.0
2009-03-27,27.5420542572445,28.767074652720922,27.326928279589517,28.528047561645508,1848400,0.0,0.0
2009-03-30,27.38070026541192,27.870708253435705,26.054092050270725,26.293121337890625,1808900,0.0,0.0
2009-03-31,26.61582028747579,27.769132820512226,26.0541019323795,27.034120559692383,1410300,0.0,0.0
2009-04-01,26.830947362650484,29.62758071628157,26.830947362650484,28.755125045776367,2083200,0.0,0.0
2009-04-02,29.310880365398337,30.320777616117606,27.571947465958495,28.085859298706055,2680800,0.0,0.0
2009-04-03,28.067917182348193,29.08378629696245,27.554005637089876,28.27109146118164,2244900,0.0,0.0
2009-04-06,27.89462865078661,28.653544480350533,26.98034528519908,28.336830139160156,1824300,0.0,0.0
2009-04-07,27.852784283017577,28.671455903229408,27.189480117617638,27.727294921875,1356900,0.0,0.0
2009-04-08,27.924488528763135,28.53998584053005,27.428505855668508,28.235225677490234,1364900,0.0,0.0
2009-04-09,29.800878240405428,32.86641945713699,28.731227412351963,32.60348892211914,3363800,0.0,0.0
2009-04-13,32.017859487300754,33.983866603540726,31.671267167508727,33.266780853271484,2647300,0.0,0.0
2009-04-14,33.129352440393326,33.51777470177595,30.51199175693668,30.76894760131836,2058900,0.0,0.0
2009-04-15,31.073689845303292,32.98591736861703,30.105625530705026,32.9261589050293,1776700,0.0,0.0
2009-04-16,33.35640482462409,34.587401602167034,32.50785530773908,33.953975677490234,1853500,0.0,0.0
2009-04-17,34.56352573393668,36.97173745849575,33.08154911270388,35.83635330200195,3234200,0.0,0.0
2009-04-20,34.61728621187589,34.95790147982798,31.348572301313865,31.378450393676758,3043000,0.0,0.0
2009-04-21,29.4482926921919,31.324664919670887,28.044002014303416,30.924293518066406,4274300,0.0,0.0
2009-04-22,29.3108627101252,31.0736979537994,28.390602646708448,29.6395263671875,2812200,0.0,0.0
2009-04-23,29.97417344956296,31.181267633641767,29.215257697612522,30.7988224029541,1845300,0.0,0.0
2009-04-24,30.792838081853255,32.97397351067967,30.34465975644121,32.00590896606445,1949300,0.0,0.0
2009-04-27,30.67929831988276,31.99992981574743,29.920382799931105,30.171363830566406,1301700,0.0,0.0
2009-04-28,29.603680670672084,30.374548140643743,29.10172072273164,29.609655380249023,1072100,0.0,0.0
2009-04-29,30.27295790856462,31.557736943154506,30.18929830250822,31.4322452545166,1140900,0.0,0.0
2009-04-30,32.86640948552645,32.86640948552645,30.85259557896078,31.34260368347168,1458300,0.0,0.0
2009-05-01,31.27687339565382,31.88639622882114,29.322815504499086,29.5140380859375,1776600,0.0,0.0
2009-05-04,30.59563889282396,33.714958292741564,30.177338692658743,33.63727569580078,2487400,0.0,0.0
2009-05-05,33.75678376579937,34.151180499248994,32.185171538461994,32.4421272277832,1992100,0.0,0.0
2009-05-06,32.8723864192572,34.9579106381065,32.8664117110403,34.061553955078125,2144800,0.0,0.0
2009-05-07,35.23278628604389,35.51364539086661,31.025885818576786,31.611507415771484,2741000,0.0,0.0
2009-05-08,32.14335072722964,33.1651967837442,30.972111892409924,32.92019271850586,2294000,0.0,0.0
2009-05-11,32.58555817205888,33.15922828055929,30.565769072696817,30.643451690673828,2221000,0.0,0.0
2009-05-12,30.960145274053776,31.635398665248193,28.94632995186529,29.968177795410156,2120300,0.0,0.0
2009-05-13,29.454281631647543,29.800871702702032,27.637664843997992,27.799009323120117,2018800,0.0,0.0
2009-05-14,27.757178674204575,28.844757918262196,27.338878438900977,28.677438735961914,1781100,0.0,0.0
2009-05-15,28.617688982803653,28.84476671341656,27.45242450042211,27.583890914916992,1430200,0.0,0.0
2009-05-18,28.74317128163754,29.257082833192936,28.079869222766877,29.089763641357422,1410400,0.0,0.0
2009-05-19,30.888453867738683,31.76688424300563,29.896485787461973,30.58966827392578,3247400,0.0,0.0
2009-05-20,30.661379784162023,30.73906240063572,28.00218742827716,28.52207374572754,3467200,0.0,0.0
2009-05-21,28.181457586645163,28.50414658043061,27.153634397352192,27.834867477416992,2506300,0.0,0.0
2009-05-22,28.020110804350935,28.545974053604454,27.536079632704958,27.92449951171875,2881400,0.0,0.0
2009-05-26,27.900594770769814,29.436352366729007,27.739250294831507,29.28098487854004,2419400,0.0,0.0
2009-05-27,29.34073860364744,29.573793235600707,28.79097431383619,29.14354133605957,3623700,0.0,0.0
2009-05-28,29.495192733430144,29.725574889158853,28.816165069785864,29.440628051757812,2144300,0.7,0.0
2009-05-29,29.76194503869198,30.495534896850586,29.216298351694878,30.495534896850586,1503200,0.0,0.0
2009-06-01,30.956294431369304,31.2836800325402,29.955943243089973,30.798662185668945,1681800,0.0,0.0
2009-06-02,31.520121091752177,32.01120053600373,29.52548320174518,29.68311309814453,2554500,0.0,0.0
2009-06-03,29.549750314926406,30.22271147685521,29.361804831492396,29.707380294799805,1469300,0.0,0.0
2009-06-04,29.834689992109634,30.434901203616132,29.537617554915204,30.113574981689453,1534700,0.0,0.0
2009-06-05,30.556149592770133,30.556149592770133,29.095032258909228,29.36785316467285,1510500,0.0,0.0
2009-06-08,28.961662135748004,29.84682018050005,28.500893350296245,29.71950340270996,1131900,0.0,0.0
2009-06-09,29.66493251852156,29.877127103676496,28.876778228699262,29.834688186645508,1147500,0.0,0.0
2009-06-10,30.192392120057956,30.45308967075089,28.640334865046324,28.991971969604492,1170700,0.0,0.0
2009-06-11,29.367859713558794,30.556156406640298,29.125351930718978,29.48911476135254,1350700,0.0,0.0
2009-06-12,30.168155439003662,30.174219466549907,29.11930301014404,29.62251091003418,816200,0.0,0.0
2009-06-15,29.464875211834872,29.81651476144848,28.531216285349352,28.658533096313477,774800,0.0,0.0
2009-06-16,28.852537318476845,29.058670267822855,27.749120446315377,27.785497665405273,969500,0.0,0.0
2009-06-17,27.700614049725363,27.76124274068416,26.37287693982684,27.130718231201172,1202800,0.0,0.0
2009-06-18,27.148907420301548,27.815809187057653,26.95490022230841,27.409605026245117,1056600,0.0,0.0
2009-06-19,28.149264315233445,28.37358474731445,27.330796436202217,28.373584747314453,1509600,0.0,0.0
2009-06-22,28.058311838724997,28.458451899672536,26.809391021728516,26.809391021728516,1390800,0.0,0.0
2009-06-23,26.8275811851893,27.476293132783074,26.57900933903419,27.245908737182617,1207700,0.0,0.0
2009-06-24,27.609680234239786,28.21595339364207,27.191350274093125,27.852188110351562,1261700,0.0,0.0
2009-06-25,27.28834325241907,30.513717331192225,27.28834325241907,30.113574981689453,1925800,0.0,0.0
2009-06-26,29.49518802687486,30.131774336305945,29.149612535676603,29.798324584960938,1033800,0.0,0.0
2009-06-29,30.313648727213405,31.82326945143769,30.113577535494823,31.132116317749023,1189800,0.0,0.0
2009-06-30,31.180623713125705,31.568638102136894,30.616789581360013,30.877487182617188,892300,0.0,0.0
2009-07-01,31.283681245001407,31.283681245001407,30.707723830439896,31.016921997070312,400300,0.0,0.0
2009-07-02,30.70166361833104,32.73874121982658,30.70166361833104,31.768705368041992,1226300,0.0,0.0
2009-07-06,31.64139054330109,32.67205522004912,31.065432979682914,32.44773483276367,943600,0.0,0.0
2009-07-07,32.20523377367082,32.72662912869307,31.714153930765242,31.974851608276367,870700,0.0,0.0
2009-07-08,32.144598764197085,32.42954784997123,30.513725022491183,30.932052612304688,1205600,0.0,0.0
2009-07-09,31.247310500670455,31.671702056777036,30.73804109589214,31.047239303588867,767400,0.0,0.0
2009-07-10,30.828973607266402,31.40493327936843,30.63496647959481,31.138174057006836,718800,0.0,0.0
2009-07-13,31.750517512093754,33.12675754945616,31.750517512093754,33.10857009887695,1295800,0.0,0.0
2009-07-14,32.86000353056747,32.86000353056747,31.829338765146378,32.42955017089844,919600,0.0,0.0
2009-07-15,32.629609472641285,33.93915893160941,32.43560231670139,33.70877456665039,1171500,0.0,0.0
2009-07-16,33.70877652158308,34.03616448349883,32.787243633798376,33.77546691894531,886600,0.0,0.0
2009-07-17,33.73909676965078,34.2544279464,31.896026109156594,33.0055046081543,1266700,0.0,0.0
2009-07-20,34.412044002097254,36.37636894260681,33.36925633174398,34.62424087524414,3039800,0.0,0.0
2009-07-21,34.75157581527985,34.75157581527985,32.57505517425149,33.27227020263672,1477000,0.0,0.0
2009-07-22,33.46020395222443,34.04222775364209,32.96912433298642,33.30863571166992,994000,0.0,0.0
2009-07-23,33.120697478081084,35.115334061457524,33.120697478081084,34.66062927246094,1237400,0.0,0.0
2009-07-24,34.90919901895925,34.90919901895925,33.96947405728645,34.87282180786133,543600,0.0,0.0
2009-07-27,34.860682485432,36.09141540527344,34.53329465137911,36.09141540527344,711600,0.0,0.0
2009-07-28,35.89137492276031,36.29151515362433,35.21841128159156,35.40635681152344,751300,0.0,0.0
2009-07-29,35.30328047739247,35.72767208760561,34.55756488117068,34.70913314819336,632500,0.0,0.0
2009-07-30,35.29115397204569,36.024743813443735,34.76975877477165,35.85498809814453,699500,0.0,0.0
2009-07-31,35.745848132016256,36.26118146308425,35.18807819749275,35.35783386230469,1048000,0.0,0.0
2009-08-03,35.96411293263111,35.96411293263111,34.95769987990669,35.24871063232422,904800,0.0,0.0
2009-08-04,35.06076911943106,35.95805289263244,34.86069791691927,35.76404571533203,901500,0.0,0.0
2009-08-05,36.370319972388444,36.52794994208123,35.64279187613763,36.430946350097656,1120700,0.0,0.0
2009-08-06,36.59464914846441,37.03116657377369,35.563984290233414,35.794368743896484,1063400,0.0,0.0
2009-08-07,36.582515819019,37.58286727359688,36.04899488906093,37.09784698486328,831100,0.0,0.0
2009-08-10,37.631359036460026,37.631359036460026,36.52794253414145,37.35853576660156,616500,0.0,0.0
2009-08-11,37.158484984510665,37.352492223498345,36.006564979366196,36.1460075378418,622800,0.0,0.0
2009-08-12,37.340355883391844,37.352481621480436,35.74585717233774,36.15812301635742,588000,0.0,0.0
2009-08-13,36.41274901908885,36.667382511672876,35.70947258984817,36.54006576538086,642300,0.0,0.0
2009-08-14,36.24905772232068,36.47943976216932,35.59428187159902,36.38850021362305,650300,0.0,0.0
2009-08-17,35.691297112440225,36.1156887493063,34.92739401627997,35.012271881103516,689300,0.0,0.0
2009-08-18,35.042571729561786,35.570028483500046,34.86069032952247,35.21839141845703,435800,0.0,0.0
2009-08-19,34.75158521142563,36.37639783298558,34.75158521142563,35.43061065673828,870100,0.0,0.0
2009-08-20,35.47302418583151,36.170238903170386,35.32751999389392,36.12779998779297,612400,0.0,0.0
2009-08-21,36.291501751983844,37.07359446846513,36.23087306500006,36.64313888549805,885300,0.0,0.0
2009-08-24,37.37066456336897,37.37066456336897,36.64313655506843,36.89170837402344,1069700,0.0,0.0
2009-08-25,37.21910271709711,37.38279672053545,36.37638353523715,37.1827278137207,812200,0.0,0.0
2009-08-26,37.16453967277093,37.87388038532377,36.70983485871725,37.26154327392578,708900,0.0,0.0
2009-08-27,37.437368313059814,37.576810864874176,36.5522100383694,37.128170013427734,674900,0.0,0.0
2009-08-28,37.692377565627496,37.93155759270151,36.98710342675402,37.80276870727539,816400,0.7,0.0
2009-08-31,37.44092765241933,38.42831368232661,37.03002915472522,37.87635803222656,983100,0.0,0.0
2009-09-01,37.784370493407515,38.3608557396826,35.797332307956125,35.950653076171875,1230800,0.0,0.0
2009-09-02,35.83413777164675,36.34316161407365,34.846751439583656,34.901947021484375,819900,0.0,0.0
2009-09-03,35.03687414740073,35.987462755524646,35.03687414740073,35.8034782409668,609200,0.0,0.0
2009-09-04,36.251162548677485,36.26342849078461,35.325103805247956,35.8525276184082,391500,0.0,0.0
2009-09-08,36.93190274983539,36.94416869048811,35.7360004403179,36.00584411621094,788500,0.0,0.0
2009-09-09,36.030379796432236,36.441278323921836,35.754401951370234,36.18370056152344,791100,0.0,0.0
2009-09-10,36.15918710058476,36.784736421610305,36.09172555525498,36.68661117553711,812100,0.0,0.0
2009-09-11,36.784725813332834,37.26308595755,36.33702936101604,36.38609313964844,866200,0.0,0.0
2009-09-14,36.165314715200445,36.55168148589628,36.165314715200445,36.37996292114258,582000,0.0,0.0
2009-09-15,36.514885890784676,38.557117931666625,36.4290266086351,38.232078552246094,939200,0.0,0.0
2009-09-16,38.23206111503458,40.991832189028955,38.23206111503458,40.97343444824219,1349300,0.0,0.0
2009-09-17,40.967310101719185,41.372074486493,39.60582096579396,39.986053466796875,703000,0.0,0.0
2009-09-18,40.08417663828327,40.72199150995834,39.746869121876,40.5012092590332,880500,0.0,0.0
2009-09-21,39.961529394993796,40.29883229558683,39.513830669287465,40.15164566040039,471600,0.0,0.0
2009-09-22,40.56868226261286,40.679073419368805,39.55676410551319,39.97379684448242,618100,0.0,0.0
2009-09-23,39.91248938793273,39.91248938793273,39.10908719926368,39.12135314941406,462300,0.0,0.0
2009-09-24,39.403445050330625,39.992196352640136,38.45285657148908,38.73496627807617,568200,0.0,0.0
2009-09-25,38.71658029020446,38.79017364047294,37.269231144478624,38.31181335449219,1074800,0.0,0.0
2009-09-28,38.37926420041975,38.79629462866883,37.49000308275631,38.777896881103516,812800,0.0,0.0
2009-09-29,38.8208373414606,39.31146357573451,38.115562860782624,38.31181335449219,559400,0.0,0.0
2009-09-30,38.72883668675693,39.01094640945105,37.974496259459826,38.219810485839844,665900,0.0,0.0
2009-10-01,38.01128450452115,38.508044634831194,36.79698430325253,36.901241302490234,1037100,0.0,0.0
2009-10-02,36.35541920932186,37.477728337051715,36.23889626962145,36.882843017578125,1078100,0.0,0.0
2009-10-05,37.06682586669922,37.545188225800565,36.92577104910816,37.06682586669922,1167900,0.0,0.0
2009-10-06,37.41027089615018,38.26273407176053,37.23855236854219,38.21367263793945,998900,0.0,0.0
2009-10-07,37.992883125829394,38.39764982085733,37.62491191431097,38.30565643310547,627800,0.0,0.0
2009-10-08,38.833096908391376,38.87602655061765,38.34247075474105,38.72883987426758,578300,0.0,0.0
2009-10-09,38.7717735348094,40.51963011942758,38.5877866610683,40.48896408081055,1280300,0.0,0.0
2009-10-12,40.45828582679927,40.77106150995956,39.9492597437887,40.61160659790039,617000,0.0,0.0
2009-10-13,40.48895440935229,40.758800511987204,39.7407528430109,40.40922927856445,844500,0.0,0.0
2009-10-14,40.924381641618744,41.280082268991784,40.0289842348776,41.255550384521484,744100,0.0,0.0
2009-10-15,41.07770448693966,41.38434603985238,40.51961461472868,41.20649337768555,573600,0.0,0.0
2009-10-16,40.562554824977035,41.77072360721849,40.03513084207995,40.801734924316406,1429100,0.0,0.0
2009-10-19,41.04090023473673,41.50086251833309,40.23136680276626,40.64226531982422,843000,0.0,0.0
2009-10-20,42.04669032947147,42.86235802374455,40.39696187445106,41.28622055053711,1578000,0.0,0.0
2009-10-21,41.267816645743125,42.55571010401728,40.519610582456515,40.64226531982422,1307200,0.0,0.0
2009-10-22,40.795594992824405,42.30427573009283,40.4582920518902,42.29200744628906,1056900,0.0,0.0
2009-10-23,42.27975305213596,42.70291535596537,41.635803702554185,42.17549133300781,627600,0.0,0.0
2009-10-26,42.16322380833811,42.696781924963666,41.48247902053237,41.66033172607422,879800,0.0,0.0
2009-10-27,41.59899136435514,42.25520405583817,40.844651136698204,40.893714904785156,899700,0.0,0.0
2009-10-28,41.010226828634316,41.28620224603549,39.673269997025386,39.771392822265625,816600,0.0,0.0
2009-10-29,40.77105824720379,40.77105824720379,39.60581954428929,40.274295806884766,1294600,0.0,0.0
2009-10-30,40.102577427602746,40.2558981869005,38.17686906514119,38.544837951660156,1199200,0.0,0.0
2009-11-02,38.863770278757386,39.90635257697719,38.256620993567154,38.80857467651367,884600,0.0,0.0
2009-11-03,38.47738489114509,39.07226794080733,38.18300692780955,38.483516693115234,939300,0.0,0.0
2009-11-04,38.69202976159702,39.18878990054949,37.232415370450596,37.37960433959961,1462000,0.0,0.0
2009-11-05,37.56358593433258,38.440580862489185,37.036162149344506,38.37311935424805,1121200,0.0,0.0
2009-11-06,37.93156178528115,38.79015912866804,37.72304542128659,38.5325813293457,665500,0.0,0.0
2009-11-09,39.40958492370581,39.630367279052734,38.55098739502108,39.630367279052734,787000,0.0,0.0
2009-11-10,39.64875070390604,39.64875070390604,38.64296452187971,38.9680061340332,501800,0.0,0.0
2009-11-11,39.194922331009785,39.86340099512296,39.004803730201495,39.39730453491211,597200,0.0,0.0
2009-11-12,39.31759329671077,39.434118622642316,38.581652858342125,38.63684844970703,636400,0.0,0.0
2009-11-13,38.747232960596676,39.01707672775537,38.14621570227295,38.3302001953125,633800,0.0,0.0
2009-11-16,38.58777458729169,39.23785556702957,38.33632858994309,38.88215255737305,1217800,0.0,0.0
2009-11-17,38.91894797434483,39.02933912804116,38.38539229113898,38.94961166381836,1035300,0.0,0.0
2009-11-18,38.83308547645996,39.838869380226555,38.741092076205234,39.78367614746094,954000,0.0,0.0
2009-11-19,39.29306143342551,40.360173081322834,39.250131788940564,40.065799713134766,1746100,0.0,0.0
2009-11-20,39.94926268524159,40.46442294714132,39.280786319930726,40.38469314575195,1145200,0.0,0.0
2009-11-23,40.77719245920998,41.36594368023442,40.66680131283172,40.85078811645508,794500,0.0,0.0
2009-11-24,40.74652502491581,40.85691615480486,40.20070351573614,40.734256744384766,950500,0.0,0.0
2009-11-25,40.72814517411036,40.881465995252505,40.476696781526776,40.70361328125,325400,0.0,0.0
2009-11-27,39.94121594558626,40.43087448017398,39.56312523823185,39.57551956176758,420200,0.7,0.0
2009-11-30,39.804859732649,40.67260908337837,39.66849851239608,40.6478157043457,636700,0.0,0.0
2009-12-01,40.76557183802552,40.91433208848133,40.22633129889472,40.69119644165039,926200,0.0,0.0
2009-12-02,40.54245274582439,40.920538821671244,40.28212459601832,40.5610466003418,577300,0.0,0.0
2009-12-03,40.90813495248598,41.09408291199304,38.90611590445156,38.94330596923828,830500,0.0,0.0
2009-12-04,39.43297135940426,39.89783900229853,38.552827567098035,39.32140350341797,927500,0.0,0.0
2009-12-07,39.278008128717055,39.66229838168442,37.945396025199635,38.075557708740234,1580800,0.0,0.0
2009-12-08,38.40407444833477,39.71809550245731,38.38548059148358,39.513553619384766,1469800,0.0,0.0
2009-12-09,39.383380085114325,39.9040268362724,39.18503779007506,39.64370346069336,933800,0.0,0.0
2009-12-10,39.7242754197146,39.978403978419095,39.240818771716214,39.41436767578125,734800,0.0,0.0
2009-12-11,39.48256637763885,40.03420388066787,39.16645659812104,39.94123458862305,758600,0.0,0.0
2009-12-14,39.947406384840534,40.220128761403146,39.59411145637992,40.195335388183594,774200,0.0,0.0
2009-12-15,40.0775827073145,40.0775827073145,38.81934589554428,38.937110900878906,795800,0.0,0.0
2009-12-16,39.08586840282006,39.25941732768867,38.49703865346713,39.0672721862793,744200,0.0,0.0
2009-12-17,38.90610918972533,39.86682990218805,38.78834421819865,39.29659652709961,884400,0.0,0.0
2009-12-18,39.519730073785155,40.207733154296875,39.43295563471601,40.207733154296875,974200,0.0,0.0
2009-12-21,40.288327211373215,40.79038023723535,39.86684913754621,40.765586853027344,613600,0.0,0.0
2009-12-22,40.92053726135057,41.509369428789334,40.62302614270809,41.44118881225586,628200,0.0,0.0
2009-12-23,41.348211216393814,41.52795966899068,41.038301069610306,41.06929397583008,376100,0.0,0.0
2009-12-24,41.10027602397751,41.52795347599304,40.932926650366525,41.416385650634766,352100,0.0,0.0
2009-12-28,41.44739280033911,41.57135499163851,41.137482593236136,41.434993743896484,374100,0.0,0.0
2009-12-29,41.5651481852328,41.775889548165694,41.33581769859993,41.42259216308594,333100,0.0,0.0
2009-12-30,41.3172066222886,41.651905286436445,41.19323977551933,41.57752990722656,316500,0.0,0.0
2009-12-31,41.72630457875554,42.11059488714566,41.42878873857386,41.459781646728516,441400,0.0,0.0
2010-01-04,41.91844233268685,41.93084138600071,41.10647930820074,41.534156799316406,721000,0.0,0.0
2010-01-05,41.403983538490074,42.38949520305205,41.34199774695499,42.27792739868164,779200,0.0,0.0
2010-01-06,42.41429588150626,43.94525251069482,42.240746984551784,43.691123962402344,1355100,0.0,0.0
2010-01-07,43.74692558336692,45.662168376504674,43.468003562123975,45.32126998901367,1827000,0.0,0.0
2010-01-08,44.974174303402975,46.083653574170164,44.893599340187706,45.76754379272461,1381700,0.0,0.0
2010-01-11,45.829529867689864,45.97828546550748,45.228303218405706,45.33367156982422,550400,0.0,0.0
2010-01-12,45.073339321656285,45.24688827348585,44.193195506603914,44.4349250793457,779500,0.0,0.0
2010-01-13,44.472095363593695,45.959664656020976,43.93904966106682,45.631160736083984,1475700,0.0,0.0
2010-01-14,45.62498645927032,46.90801467913107,45.53821196933616,46.69727325439453,942900,0.0,0.0
2010-01-15,46.424536137758956,46.66006612259422,45.20968905533752,45.34605026245117,1404200,0.0,0.0
2010-01-19,45.37704805731611,46.579501070782584,44.91218278660741,46.30057907104492,1286100,0.0,0.0
2010-01-20,45.649764610331104,48.544324185704944,45.649764610331104,48.153839111328125,3381000,0.0,0.0
2010-01-21,48.22202742744381,49.77777317556228,48.22202742744381,48.7116813659668,2716300,0.0,0.0
2010-01-22,48.57532319675166,48.717879231044634,46.65387630236908,46.85221862792969,1646200,0.0,0.0
2010-01-25,47.335658769240446,47.62697021957176,45.73032238588047,46.48650360107422,1181900,0.0,0.0
2010-01-26,46.151818429946395,46.80882642701749,45.414230768352844,45.6993522644043,1468300,0.0,0.0
2010-01-27,45.76132917897805,47.50922205611446,45.569181690113226,47.29228591918945,1356600,0.0,0.0
2010-01-28,47.317089751004254,47.78815460581252,46.641487746519516,46.932804107666016,1040700,0.0,0.0
2010-01-29,47.04436470599158,47.13113917519883,45.55679494566837,45.71175003051758,1837500,0.0,0.0
2010-02-01,46.00927056794593,46.64768482603848,46.00927056794593,46.4245491027832,857400,0.0,0.0
2010-02-02,46.56707850492947,46.98236153102635,46.145600683125664,46.48650360107422,667400,0.0,0.0
2010-02-03,46.15182248153416,46.170416335332106,44.676651757697954,44.7324333190918,1246000,0.0,0.0
2010-02-04,44.49069036889858,44.571270016237946,43.33162969510351,43.784095764160156,2136400,0.0,0.0
2010-02-05,43.79030071158695,45.0919222641633,43.44319816307429,45.042335510253906,1775800,0.0,0.0
2010-02-08,44.81920344265198,45.023745272300125,44.05682713775036,44.186988830566406,853000,0.0,0.0
2010-02-09,44.62087631225587,45.24069681005188,44.23659063008961,44.62087631225586,595900,0.0,0.0
2010-02-10,44.62705708618224,45.476212513681446,44.44730864990052,45.042335510253906,574100,0.0,0.0
2010-02-11,45.11671424798864,45.16630100036688,44.55887510586588,44.87498474121094,429900,0.0,0.0
2010-02-12,44.472102200964414,44.74482461968069,43.93905641648433,44.67044448852539,830700,0.0,0.0
2010-02-16,45.271681728657946,46.69726578442793,45.104327575659426,46.560909271240234,1116600,0.0,0.0
2010-02-17,46.7158665945022,46.88321602662128,45.74274872765771,46.1704216003418,1018500,0.0,0.0
2010-02-18,46.26958883962195,46.796435177304275,46.120833283667224,46.753047943115234,1454200,0.0,0.0
2010-02-19,46.71586453463598,47.50923387786377,46.62909005827384,47.478240966796875,1711800,0.0,0.0
2010-02-22,47.77573376981989,48.54430935891297,47.71994750260277,48.40174865722656,1179800,0.0,0.0
2010-02-23,48.401755019670546,48.401755019670546,47.050551582788806,47.86251449584961,1805100,0.0,0.0
2010-02-24,48.15649129002789,49.39496404048979,48.04390285816771,48.913333892822266,1590300,0.7,0.0
2010-02-25,48.36916886934251,48.36916886934251,47.25579683385319,47.90005111694336,1080300,0.0,0.0
2010-02-26,47.87503090154121,48.56306931688322,47.387149202882554,48.43171691894531,1042000,0.0,0.0
2010-03-01,48.38165830545601,48.863288355085686,48.162737724765584,48.66313171386719,829200,0.0,0.0
2010-03-02,48.76948835867338,49.47003456842441,48.700684031342384,49.07597732543945,694500,0.0,0.0
2010-03-03,49.12601621789268,49.21358449146275,47.624838314799675,47.91256332397461,832000,0.0,0.0
2010-03-04,47.455966798255965,47.906315957702084,47.08066867388004,47.637359619140625,1004500,0.0,0.0
2010-03-05,47.962620714431004,49.18232550903995,47.962620714431004,49.13228988647461,708100,0.0,0.0
2010-03-08,49.06973928675269,49.35746918347291,48.78827040480172,49.24488067626953,906200,0.0,0.0
2010-03-09,49.00718845713182,49.52009056768278,48.53181425619458,49.282405853271484,1177500,0.0,0.0
2010-03-10,49.28240101797024,50.03924401098264,49.063480279845024,49.7640266418457,1067500,0.0,0.0
2010-03-11,49.63891286910164,50.35197146207506,49.495047993766214,50.22687530517578,490800,0.0,0.0
2010-03-12,50.62093659034435,50.87113369650032,49.901621699688256,50.03923034667969,849900,0.0,0.0
2010-03-15,49.97668662696839,50.33947222396615,49.86409815797299,50.23313522338867,709900,0.0,0.0
2010-03-16,51.2901999791304,51.2901999791304,50.1330439828041,50.9461784362793,852000,0.0,0.0
2010-03-17,51.06504771179919,51.86567484585729,50.989987128438436,51.78436279296875,621100,0.0,0.0
2010-03-18,51.66549237494369,52.603727725961235,51.59668806743346,52.54117965698242,1273700,0.0,0.0
2010-03-19,52.090824127197266,53.166668056105735,51.92819533577558,52.090824127197266,1057600,0.0,0.0
2010-03-22,51.80938145839021,52.20969501360496,51.14010678587989,52.072086334228516,543300,0.0,0.0
2010-03-23,52.12211103462899,52.12211103462899,51.196383234237075,52.04705047607422,462000,0.0,0.0
2010-03-24,51.853155144907014,52.541193630888905,51.771838338706864,51.94072341918945,288100,0.0,0.0
2010-03-25,52.31602869450686,52.91649904381903,51.509145320461535,51.571693420410156,606700,0.0,0.0
2010-03-26,51.78435249659038,52.34729482957979,50.25189810277958,50.54587936401367,963200,0.0,0.0
2010-03-29,50.68346320602083,50.95242414609582,49.86407268323673,50.6334228515625,658900,0.0,0.0
2010-03-30,50.55213652545131,50.77105722223773,49.22609509159555,49.88911819458008,2020300,0.0,0.0
2010-03-31,49.73901560751994,50.12056529514205,49.257389894944446,49.65144729614258,1217400,0.0,0.0
2010-04-01,49.95166026264997,50.03922853080987,49.25110934525806,49.770267486572266,561900,0.0,0.0
2010-04-05,49.98295917551495,51.18390005522312,49.67021385650043,51.04629135131836,741800,0.0,0.0
2010-04-06,51.140114754559285,52.941526033722454,51.05254644896824,52.82893753051758,1411300,0.0,0.0
2010-04-07,52.74134322148791,53.16042058764072,51.734303431584195,52.13461685180664,1174100,0.0,0.0
2010-04-08,52.097087993837334,52.81014655864236,51.84689091780996,52.62249755859375,812000,0.0,0.0
2010-04-09,52.6787762045389,53.44812634375074,52.509891207660715,53.37932205200195,740200,0.0,0.0
2010-04-12,53.38560826406116,53.58576501459332,52.7976504936867,53.36058807373047,475800,0.0,0.0
2010-04-13,53.36059819392765,53.39813087259869,52.484915226841125,53.11665725708008,471800,0.0,0.0
2010-04-14,53.423114549517955,54.41764157036303,53.38558189650291,54.28628921508789,571400,0.0,0.0
2010-04-15,54.80545014195954,54.80545014195954,53.82343077080702,53.879722595214844,694400,0.0,0.0
2010-04-16,53.98607961019883,54.12368827375089,51.47786632313971,52.69757080078125,2127500,0.0,0.0
2010-04-19,52.79763829999595,54.31757514161855,51.74055817019695,52.60373306274414,2139400,0.0,0.0
2010-04-20,53.04783849574022,54.0110942698457,52.4723884817384,53.166683197021484,1323000,0.0,0.0
2010-04-21,53.37308278716882,54.73039544899713,53.22296169515967,53.9672966003418,1283400,0.0,0.0
2010-04-22,53.74841457430017,55.04318009706237,53.36060863292758,54.93059158325195,758900,0.0,0.0
2010-04-23,54.936826314394985,55.499768663013015,54.34260753503188,55.349647521972656,609300,0.0,0.0
2010-04-26,55.16201344625371,55.455994769969024,53.32306969168673,53.44816589355469,797900,0.0,0.0
2010-04-27,53.16667542200742,53.9798147196595,52.240947679636015,52.597476959228516,1328300,0.0,0.0
2010-04-28,52.94774918011704,54.280041658503286,52.94774918011704,53.435630798339844,1067000,0.0,0.0
2010-04-29,54.29256123625721,56.15026346273366,54.1612040706836,55.94385528564453,1579000,0.0,0.0
2010-04-30,55.70616157392241,56.01890670698438,54.52398535271712,54.636573791503906,814800,0.0,0.0
2010-05-03,55.074416687653446,55.806239111809504,55.043140267293246,55.762454986572266,706800,0.0,0.0
2010-05-04,55.036887407851125,55.26832052523521,54.1924764995112,54.492713928222656,1038500,0.0,0.0
2010-05-05,54.12994723061065,55.368415720495925,53.57326107984471,54.67412567138672,720800,0.0,0.0
2010-05-06,54.43643026675974,55.299610096987216,50.42078293206561,52.71007537841797,1699800,0.0,0.0
2010-05-07,53.21672667849586,54.27380225516888,52.29099874673595,52.58498001098633,2062900,0.0,0.0
2010-05-10,55.09321357323426,55.668663783895106,54.01736897027683,55.33089828491211,1570500,0.0,0.0
2010-05-11,54.29882340216254,56.29413942669615,54.29882340216254,55.524784088134766,1157300,0.0,0.0
2010-05-12,55.931366629524035,56.794546685793875,55.54981699319609,56.72574234008789,813400,0.0,0.0
2010-05-13,56.51931189445927,57.21360660755949,56.25035083648249,56.43174362182617,693200,0.0,0.0
2010-05-14,55.96264069843877,56.04395275259721,53.87349976402144,54.57405090332031,1133000,0.0,0.0
2010-05-17,54.7116600783137,55.30587420181094,53.64832326243147,54.94308853149414,916700,0.0,0.0
2010-05-18,55.349640047593184,55.39968042118255,52.003267610635355,52.29724884033203,2288700,0.0,0.0
2010-05-19,52.190910059061046,53.22922143378394,51.22765446316625,52.15963363647461,2046200,0.0,0.0
2010-05-20,51.29022313634561,51.62173235161546,49.839085306787226,49.851593017578125,1508800,0.0,0.0
2010-05-21,49.10098336991809,52.59122002101018,48.70067000191955,52.54117965698242,2559400,0.0,0.0
2010-05-24,52.60373907968102,52.60373907968102,50.82734872229452,50.9149169921875,1920500,0.0,0.0
2010-05-25,49.957921613658684,50.739784639445865,49.31366247183496,50.54587936401367,1866400,0.0,0.0
2010-05-26,51.22142278242915,51.61548012654448,50.108050322957645,50.239402770996094,1929600,0.0,0.0
2010-05-27,51.07862296361322,51.58972798097694,50.32143712065464,51.41305160522461,1745800,0.7,0.0
2010-05-28,51.45088094956814,51.652797383434205,49.76614025317932,49.999603271484375,1592100,0.0,0.0
2010-06-01,49.70304179771968,50.195217661448,48.567263563288314,48.920616149902344,1448700,0.0,0.0
2010-06-02,49.33707324340529,50.30248646094621,48.996338317084714,50.27093505859375,1013000,0.0,0.0
2010-06-03,50.226766115034515,50.71263075375114,49.18563241756701,49.822933197021484,1194800,0.0,0.0
2010-06-04,48.93323332194181,49.10990959606199,47.41254645071081,47.55136489868164,1201900,0.0,0.0
2010-06-07,47.9551929263672,48.19496715793494,46.819410115642256,46.84465026855469,1280500,0.0,0.0
2010-06-08,47.00871836924,48.46630259293887,46.76263284612377,48.327484130859375,1442600,0.0,0.0
2010-06-09,48.51680744167651,48.63669704938012,47.702829986675354,48.119285583496094,1894400,0.0,0.0
2010-06-10,48.56096976022668,49.7093708932227,48.49156050377613,49.62103271484375,1216200,0.0,0.0
2010-06-11,49.10361201871201,49.52637390858807,48.37166656308304,49.46327590942383,770600,0.0,0.0
2010-06-14,49.86078917589636,50.2456931637729,48.71869969839891,48.920616149902344,1117200,0.0,0.0
2010-06-15,49.494838474693246,50.22678409533998,49.04683632133528,50.075347900390625,1036200,0.0,0.0
2010-06-16,49.96173226904954,52.49200067466316,49.879705394258586,51.69695281982422,2532800,0.0,0.0
2010-06-17,52.35950461144919,57.41372644022326,52.226992595802884,56.37259292602539,5959000,0.0,0.0
2010-06-18,55.56494471099752,57.331717582618666,54.65632292662472,57.23706817626953,3728800,0.0,0.0
2010-06-21,56.9846728786098,60.56238779803038,56.965743959650624,59.59696960449219,3348100,0.0,0.0
2010-06-22,59.4897069590478,60.669659407575075,58.700969849781536,59.130043029785156,1836300,0.0,0.0
2010-06-23,59.33196243723966,59.78627580463418,57.10456950205164,57.432682037353516,2025000,0.0,0.0
2010-06-24,57.1297900322793,57.1297900322793,54.46701356622135,54.70048141479492,2199700,0.0,0.0
2010-06-25,55.18636749564908,56.42310692966592,55.05386021494051,55.76057052612305,1421900,0.0,0.0
2010-06-28,55.38195756801623,56.56822115044523,55.21159248653378,56.309513092041016,1143700,0.0,0.0
2010-06-29,55.48920000846858,56.1895985093483,54.19567003122355,54.44806671142578,1449700,0.0,0.0
2010-06-30,54.517507473619894,55.45136947260225,53.501613738003655,53.602569580078125,1003400,0.0,0.0
2010-07-01,53.602559009351594,55.39457178995176,53.1293168586602,55.02228546142578,1834300,0.0,0.0
2010-07-02,55.55232698492015,55.55232698492015,53.21766249144983,53.5647087097168,892400,0.0,0.0
2010-07-06,54.67524485980829,55.318852075431735,53.58994207567589,54.23986053466797,1100800,0.0,0.0
2010-07-07,54.58691111707798,56.42939957591821,54.359754478144964,56.30320358276367,1165800,0.0,0.0
2010-07-08,56.67548623039548,57.16134610892847,55.041225461261305,55.91830062866211,1100200,0.0,0.0
2010-07-09,55.56493414657119,57.098238832883474,55.39456909878888,56.93418502807617,833200,0.0,0.0
2010-07-12,56.74487980659342,56.801666544715374,55.68481736837776,56.23377990722656,608900,0.0,0.0
2010-07-13,56.91525978944475,57.855437756188955,56.68179671928925,57.741859436035156,890400,0.0,0.0
2010-07-14,57.281234390857,57.51470227295902,56.120215852343115,56.75120544433594,717000,0.0,0.0
2010-07-15,56.751202982816665,57.003594957411735,55.18003550077281,56.01925277709961,595800,0.0,0.0
2010-07-16,55.24944526211627,55.495530809528724,53.94960828716139,54.0947380065918,1165000,0.0,0.0
2010-07-19,54.58060056752483,54.70049013239476,53.49529768194272,54.31558609008789,628700,0.0,0.0
2010-07-20,53.38172747163764,53.94961916247759,52.68763976686407,53.68460464477539,1387700,0.0,0.0
2010-07-21,55.09802165985055,56.31583200100653,52.277496866691884,52.68764114379883,1440700,0.0,0.0
2010-07-22,53.457436749746634,55.10431990052937,53.217657633896245,54.694175720214844,906800,0.0,0.0
2010-07-23,54.66892922680792,56.78274306316307,54.271407579730145,56.511417388916016,1111600,0.0,0.0
2010-07-26,56.78904517026194,58.36651864721367,56.19591360242666,58.29079818725586,932700,0.0,0.0
2010-07-27,58.87132518787657,58.97859225280658,56.59975902425236,56.69440841674805,621700,0.0,0.0
2010-07-28,56.675494662655936,57.129808016916805,55.21159875118723,55.41982650756836,531600,0.0,0.0
2010-07-29,55.84256803578344,56.14544509925201,53.962217298987646,54.89608383178711,1199000,0.0,0.0
2010-07-30,54.485951671607395,55.937229695198596,54.01270946574966,55.11063003540039,735300,0.0,0.0
2010-08-02,56.019246355181316,56.99097075099476,55.67851145165703,56.511417388916016,645500,0.0,0.0
2010-08-03,56.467274782130346,56.65026239834506,55.438763160720036,55.520790100097656,436900,0.0,0.0
2010-08-04,56.08235411378562,56.0886653577472,55.21159019576286,55.905677795410156,584600,0.0,0.0
2010-08-05,55.21158059789322,55.55231550155692,54.58059110534587,55.31884765625,432500,0.0,0.0
2010-08-06,54.82668477895963,54.92133417973642,53.640426089553586,54.82037353515625,609000,0.0,0.0
2010-08-09,55.27467619537702,55.766847208041604,54.64999797269255,55.495521545410156,436600,0.0,0.0
2010-08-10,54.95290534155192,55.90570139100716,54.52383685244351,55.47032165527344,449600,0.0,0.0
2010-08-11,54.62476392362539,54.67524424186757,53.24920654296875,53.24920654296875,787100,0.0,0.0
2010-08-12,52.68131274918276,54.01901224109135,52.60559708911957,53.753997802734375,953500,0.0,0.0
2010-08-13,53.87389412905007,54.315589768761996,53.51423022414966,53.85496520996094,865300,0.0,0.0
2010-08-16,53.5962552755125,54.04425728967569,53.31230708237694,53.91805648803711,617600,0.0,0.0
2010-08-17,55.735316983877084,58.27820450513354,55.52708924383614,57.060394287109375,1913900,0.0,0.0
2010-08-18,56.78905483115613,57.514693716812246,56.11389626072621,56.82060623168945,1256900,0.0,0.0
2010-08-19,56.86477295885889,56.990968927652155,55.5712426154236,56.353668212890625,996500,0.0,0.0
2010-08-20,55.82363822382825,56.7259533430171,55.55862380634922,56.63761520385742,672200,0.0,0.0
2010-08-23,56.60607326476299,57.356952387167844,55.97508370013863,56.01925277709961,485900,0.0,0.0
2010-08-24,55.20526276820891,55.779465448668496,54.915008213957,55.129547119140625,609400,0.0,0.0
2010-08-25,54.89610036068467,55.438751852823856,54.037954038886376,54.77621078491211,620200,0.0,0.0
2010-08-26,54.92133657137482,55.80472299364584,54.549050195859245,54.67525100708008,459600,0.0,0.0
2010-08-27,54.990749580866044,55.55864123508831,54.25249283741162,55.38827133178711,438600,0.0,0.0
2010-08-30,55.4391402678875,55.4391402678875,54.033439636230476,54.03343963623047,468500,0.7,0.0
2010-08-31,53.94441843227947,55.03844588452103,53.670911569219086,54.47235107421875,721000,0.0,0.0
2010-09-01,54.79672733322958,55.89711157572009,54.758560323751524,55.6490478515625,748800,0.0,0.0
2010-09-02,56.02434688463345,56.15791933364995,55.27379346675384,55.51549530029297,677400,0.0,0.0
2010-09-03,56.18968159771848,56.57132245475766,55.7698834488465,56.56496047973633,479200,0.0,0.0
2010-09-07,56.0306727527628,56.2278551793939,53.855342906179544,53.87442398071289,808000,0.0,0.0
2010-09-08,53.88715711287983,55.33101528082255,53.88715711287983,54.35784149169922,614300,0.0,0.0
2010-09-09,55.331001482324446,56.22785073665407,54.97480851180417,55.4709358215332,650100,0.0,0.0
2010-09-10,55.92255967858979,55.92255967858979,54.50414439476928,55.06387710571289,399900,0.0,0.0
2010-09-13,56.15154464249378,56.28511706127155,55.4137153502784,56.22151184082031,596300,0.0,0.0
2010-09-14,56.16426918204103,56.25331746215182,55.01935579094904,55.90984344482422,488700,0.0,0.0
2010-09-15,55.655402078250525,55.78897446090641,54.828519877695854,55.591796875,629100,0.0,0.0
2010-09-16,55.47731953399249,55.47731953399249,54.7458473805546,55.2864990234375,319100,0.0,0.0
2010-09-17,55.5727296423867,55.865317532435085,55.01935404545359,55.14656448364258,754600,0.0,0.0
2010-09-20,55.375551932020585,60.42588537865943,55.07024491292036,57.88163757324219,1996400,0.0,0.0
2010-09-21,58.07244076917505,58.63853534871916,56.348709124983294,56.41231918334961,1065000,0.0,0.0
2010-09-22,56.20879877877256,57.83711589060733,55.591817883275475,56.571353912353516,1000700,0.0,0.0
2010-09-23,55.680856258274595,57.722614263100155,55.680856258274595,56.081573486328125,832600,0.0,0.0
2010-09-24,57.0038726021123,57.67173472501857,55.833516113337204,57.63993453979492,1066300,0.0,0.0
2010-09-27,54.771293333340736,55.25470176026439,53.42920226907473,53.58185577392578,1921100,0.0,0.0
2010-09-28,53.40375116919203,53.67089597565285,51.57189482847497,52.475101470947266,1991100,0.0,0.0
2010-09-29,52.080763777576585,52.60869649311305,51.69912748243977,52.03623962402344,880800,0.0,0.0
2010-09-30,52.386075725347304,52.557810359689796,51.718208569281295,52.03623962402344,1094600,0.0,0.0
2010-10-01,52.83128243010028,53.422819996040616,51.520996901297934,52.099815368652344,706300,0.0,0.0
2010-10-04,52.06803624776814,52.54508275271146,51.61643280542063,52.25249481201172,766900,0.0,0.0
2010-10-05,53.00939924202029,54.23064184321437,52.379699286232714,52.85038375854492,1673400,0.0,0.0
2010-10-06,50.77681849679899,51.01215827481742,49.0658105725815,50.19164276123047,11228600,0.0,0.0
2010-10-07,49.981738608097324,50.21072124981364,48.44247017982278,48.894073486328125,16449400,0.0,0.0
2010-10-08,48.874996185302734,49.24391326795865,48.480640895979235,48.874996185302734,3610800,0.0,0.0
2010-10-11,48.86228108571476,49.50470504397717,48.79231387972738,49.11670684814453,2162700,0.0,0.0
2010-10-12,49.24391178193089,49.45381337635965,48.66509796874623,49.326602935791016,2250800,0.0,0.0
2010-10-13,49.63826946294742,49.727317737505224,48.70961970486815,48.836830139160156,2103700,0.0,0.0
2010-10-14,48.82410626526362,48.93859758604401,46.85231560983835,48.12443923950195,3750000,0.0,0.0
2010-10-15,48.61421212036948,48.61421212036948,46.75691250229549,47.84457778930664,2758000,0.0,0.0
2010-10-18,47.79368623373139,48.84318923950195,47.70463796441914,48.84318923950195,1553300,0.0,0.0
2010-10-19,48.29617098575122,49.091248208055326,47.97814009682958,48.16896057128906,1774100,0.0,0.0
2010-10-20,48.05447565090527,48.58876528605408,46.87140019848504,47.113101959228516,3343700,0.0,0.0
2010-10-21,47.53291012195782,47.53291012195782,45.81554000082061,46.40707778930664,2240100,0.0,0.0
2010-10-22,46.66788246289318,47.50112234026225,46.42617573613085,47.34846878051758,1674400,0.0,0.0
2010-10-25,47.46929636764938,47.69192190791105,46.998611935122554,47.437496185302734,1061400,0.0,0.0
2010-10-26,47.246687461338425,48.12445618057453,47.246687461338425,47.812782287597656,1195000,0.0,0.0
2010-10-27,47.462935772020415,48.41702852245645,47.4184116377774,47.67283248901367,1417100,0.0,0.0
2010-10-28,48.067194196843765,48.067194196843765,47.07493925575153,47.488380432128906,1031400,0.0,0.0
2010-10-29,47.30392202079284,47.59014791514675,46.74418448123234,47.545623779296875,1047300,0.0,0.0
2010-11-01,48.35341848855139,49.841805703645136,48.32798028562444,49.27571105957031,6236000,0.0,0.0
2010-11-02,49.77186844556174,49.77186844556174,48.88138037182844,49.39023208618164,2025100,0.0,0.0
2010-11-03,49.752755274385834,51.355628891339606,49.55557766728181,51.317466735839844,4020600,0.0,0.0
2010-11-04,51.99168840741303,52.920338021541,51.25385926791073,52.46873474121094,2186800,0.0,0.0
2010-11-05,52.538712589860936,53.740869206835484,52.32245387063545,52.602317810058594,2729000,0.0,0.0
2010-11-08,52.30970853865296,52.54505309525507,51.86446732644925,52.29698944091797,1442500,0.0,0.0
2010-11-09,52.71046105991595,52.71046105991595,50.85315628343615,51.0885009765625,1986300,0.0,0.0
2010-11-10,51.438334404820125,52.62141008355165,51.12030341274751,52.32246017456055,9431900,0.0,0.0
2010-11-11,51.978954747278,52.79311281913065,51.64184287559823,52.21429443359375,2609000,0.0,0.0
2010-11-12,51.839035515687414,52.150704431792434,51.23477876059881,51.50828552246094,1834700,0.0,0.0
2010-11-15,52.28428482876863,52.379695081748814,51.55917467054646,51.70547103881836,941200,0.0,0.0
2010-11-16,51.342903219580066,51.62912905473007,50.10894192016766,50.73228454589844,1584400,0.0,0.0
2010-11-17,50.98673693220081,51.06306127343933,50.357032000372705,50.592376708984375,1267000,0.0,0.0
2010-11-18,51.15210364191321,51.31748111670051,49.4092951627123,49.472900390625,3502900,0.0,0.0
2010-11-19,49.31387535641937,50.05806656987281,49.12305970958784,49.48561477661133,2969300,0.0,0.0
2010-11-22,48.938600498865576,49.64462954357299,48.64601262896013,48.88771438598633,2640000,0.0,0.0
2010-11-23,48.48063914927922,49.25663544940159,48.25801845320327,49.04673385620117,1610400,0.0,0.0
2010-11-24,49.301162617849975,49.56830746955542,48.646019592243405,49.1803092956543,822900,0.0,0.0
2010-11-26,48.76049985568746,49.35203267028392,48.50607416545581,48.626922607421875,330100,0.0,0.0
2010-11-29,48.56914817178471,49.673280071696624,48.37014358308992,49.42292404174805,747500,0.7,0.0
2010-11-30,49.18541794830183,49.5577392246479,48.76815619456463,49.4036750793457,1466100,0.0,0.0
2010-12-01,50.084147281272216,50.7068297484731,49.589855728635364,50.39228057861328,1113100,0.0,0.0
2010-12-02,50.48213849155577,51.836631673851706,50.37943068453266,51.76601791381836,1056400,0.0,0.0
2010-12-03,51.53491563931904,52.04204856353111,50.85446116011318,51.90724182128906,849100,0.0,0.0
2010-12-06,51.7210848138871,51.894406389267466,51.00211053975071,51.124080657958984,565700,0.0,0.0
2010-12-07,51.355177063008604,51.9008248397808,50.80310851777236,51.014949798583984,754400,0.0,0.0
2010-12-08,51.098396528646525,52.62621607102511,51.00210459904612,52.215370178222656,1750600,0.0,0.0
2010-12-09,52.19610733971638,53.54418441860415,52.19610733971638,53.43505096435547,1132600,0.0,0.0
2010-12-10,53.83948625044109,55.33520208060424,53.80738730529465,54.57771301269531,1804400,0.0,0.0
2010-12-13,54.61624081476658,55.05276008630283,53.29384146115291,54.77672576904297,1722700,0.0,0.0
2010-12-14,54.738185850216816,55.16186832401347,53.5826975443911,53.83305358886719,820000,0.0,0.0
2010-12-15,53.60196277862317,53.98712560349825,52.54918210507945,52.722503662109375,836700,0.0,0.0
2010-12-16,52.76102287534237,53.54419005384868,52.067726858538975,52.9536018371582,1048600,0.0,0.0
2010-12-17,52.96004419240346,53.52494956731509,52.82523739489999,53.12052917480469,1058300,0.0,0.0
2010-12-20,53.24890758288935,54.36588642686719,53.09484339315914,54.15404510498047,907600,0.0,0.0
2010-12-21,54.32732200509508,55.36726544972453,54.13474315079142,55.03987503051758,724300,0.0,0.0
2010-12-22,55.0527438906108,55.746034966943725,54.77028888694251,55.30952072143555,756000,0.0,0.0
2010-12-23,55.19395131495742,55.39295096009292,54.57126931843921,54.66114044189453,480000,0.0,0.0
2010-12-27,54.5263495390724,55.35445218569393,54.22463715259669,55.251739501953125,396600,0.0,0.0
2010-12-28,55.412235482232504,55.95788325533323,55.136201211471715,55.70752716064453,446300,0.0,0.0
2010-12-29,55.9386215524714,56.40723965898464,55.53420133001463,56.09268569946289,706800,0.0,0.0
2010-12-30,56.04133842981886,56.15046700467887,55.33520083340391,55.48284912109375,630700,0.0,0.0
2010-12-31,55.489268144493856,56.099108888461835,55.08484300697237,55.88085174560547,676400,0.0,0.0
2011-01-03,56.2788425234532,57.05558883748108,56.20822877694063,56.426490783691406,762600,0.0,0.0
2011-01-04,56.76672886587122,57.34447558556052,55.49568608255478,55.8487548828125,829900,0.0,0.0
2011-01-05,55.733209837005155,56.69611947820954,55.65617530256859,56.50995635986328,796200,0.0,0.0
2011-01-06,56.44574865832521,56.785975859298496,56.15687780026384,56.19539260864258,846300,0.0,0.0
2011-01-07,56.35587460111835,56.61265140482722,54.962866930331224,55.733192443847656,918900,0.0,0.0
2011-01-10,55.656181904581565,55.656181904581565,54.32736663799809,55.271018981933594,923200,0.0,0.0
2011-01-11,55.56630507741075,56.40724950880903,55.29027077964402,55.66901779174805,854400,0.0,0.0
2011-01-12,56.176141171950256,56.79882342747522,55.906522791826724,56.07984924316406,790100,0.0,0.0
2011-01-13,56.00922945770537,56.25958550702554,55.05274083600499,55.37371063232422,1151400,0.0,0.0
2011-01-14,55.25173730469067,56.12477549132706,54.46214949706728,55.45073699951172,1971100,0.0,0.0
2011-01-18,55.399372418911994,55.71392135494342,54.654720360835505,55.335174560546875,1388300,0.0,0.0
2011-01-19,55.12976733939071,56.1568745476983,55.12976733939071,55.5213508605957,983400,0.0,0.0
2011-01-20,55.49569320887799,55.553470337071865,54.62907546686543,55.03350067138672,739800,0.0,0.0
2011-01-21,55.87442201149706,56.30452035760016,55.28383876930083,55.70109558105469,810100,0.0,0.0
2011-01-24,55.61764985545082,55.790976300406946,55.07200214256565,55.44432830810547,595300,0.0,0.0
2011-01-25,55.386531200587314,55.848728356812856,55.14259598929449,55.83589172363281,724600,0.0,0.0
2011-01-26,56.03492140660054,56.03492140660054,54.68684891012718,55.258174896240234,769300,0.0,0.0
2011-01-27,55.25817817141502,55.86801901146631,54.776723330023394,55.79740524291992,681600,0.0,0.0
2011-01-28,55.73962122538743,56.37514011029803,55.40580986328529,55.431488037109375,637200,0.0,0.0
2011-01-31,55.50852966308593,55.797400584760204,55.258173558271835,55.50852966308594,525200,0.0,0.0
2011-02-01,55.72037569535795,56.330216536422604,55.2710149040786,56.0220832824707,872400,0.0,0.0
2011-02-02,55.81024532515593,56.266021975401145,55.35446867491071,55.66901779174805,491100,0.0,0.0
2011-02-03,55.47000028290853,55.97712823046234,55.270995686951615,55.656158447265625,420800,0.0,0.0
2011-02-04,55.64333378183594,56.16972414362028,55.20039381849636,56.16330337524414,569800,0.0,0.0
2011-02-07,56.05418494286006,56.74748112458411,56.00282858178151,56.484283447265625,485200,0.0,0.0
2011-02-08,56.631920502562956,57.23534538124502,56.330208063221924,57.20966720581055,627800,0.0,0.0
2011-02-09,56.8886983140812,57.729637758826335,56.56130769381098,56.9849853515625,623100,0.0,0.0
2011-02-10,56.68325316952056,56.7281887333527,56.02205144797746,56.561283111572266,513400,0.0,0.0
2011-02-11,56.195389002512506,58.33946475658802,56.195389002512506,57.684688568115234,921000,0.0,0.0
2011-02-14,57.65902825059394,57.81309241953389,57.13263785057179,57.2674446105957,533500,0.0,0.0
2011-02-15,57.13261843303979,57.63333048512749,57.06842545926623,57.41507339477539,613500,0.0,0.0
2011-02-16,57.537039626325715,58.02491505161161,57.51778222360299,57.774559020996094,473000,0.0,0.0
2011-02-17,57.67826774006988,57.88368820070715,57.35729796422351,57.76813888549805,468900,0.0,0.0
2011-02-18,57.74246850943202,58.44860602969211,57.569146962029585,58.42292785644531,861600,0.0,0.0
2011-02-22,57.69754937317536,58.05703900346637,56.9721591382735,57.51780700683594,794200,0.0,0.0
2011-02-23,57.52419517165502,57.909357866588095,56.83732014811474,57.19038391113281,813700,0.0,0.0
2011-02-24,57.50097441741245,57.50097441741245,56.29103881745164,56.69866180419922,993600,0.7,0.0
2011-02-25,56.90568853003297,57.50742030417178,56.828048905237814,57.30037307739258,638000,0.0,0.0
2011-02-28,57.61097271670127,57.90213131554691,56.91865777295056,56.970420837402344,882800,0.0,0.0
2011-03-01,57.28743233008333,57.28743233008333,55.76045724688384,55.77339553833008,947400,0.0,0.0
2011-03-02,55.75401296458265,56.12281615653271,55.21051560229729,55.456382751464844,699700,0.0,0.0
2011-03-03,55.99988644054592,56.64043832954266,55.70225128364078,56.56279373168945,540700,0.0,0.0
2011-03-04,56.407503662151015,57.09334692848441,56.28456762897914,56.94453430175781,989300,0.0,0.0
2011-03-07,57.04805715542456,57.31333914289983,56.01929222580422,56.342803955078125,678400,0.0,0.0
2011-03-08,56.54335761181029,58.219150283294844,56.54335761181029,58.096214294433594,737300,0.0,0.0
2011-03-09,57.97977854184958,58.05742314204877,57.410399616248775,57.90213394165039,380200,0.0,0.0
2011-03-10,57.384508124685496,57.5333207454127,56.452792829570505,56.718074798583984,687100,0.0,0.0
2011-03-11,56.278093407918966,57.25509511660404,56.278093407918966,56.74394607543945,489500,0.0,0.0
2011-03-14,56.42043731060244,56.79571205939032,56.07104902603075,56.66630935668945,1001700,0.0,0.0
2011-03-15,55.46932267712601,56.38809479365346,55.339915024968995,55.9869384765625,512300,0.0,0.0
2011-03-16,55.96107115998578,56.11636038201694,54.796431613142694,54.990535736083984,779000,0.0,0.0
2011-03-17,55.85106274304252,56.750424923284754,55.54048932205377,56.511024475097656,929200,0.0,0.0
2011-03-18,57.248633300763366,57.70154771171688,56.18104369049083,56.65983963012695,1202500,0.0,0.0
2011-03-21,57.18391915962745,57.18391915962745,55.98692700668321,56.174564361572266,612500,0.0,0.0
2011-03-22,56.14222827555174,56.58867608095468,55.77989668646974,55.870479583740234,426100,0.0,0.0
2011-03-23,55.64399169935966,56.15514058757001,55.04873157754316,55.935150146484375,615200,0.0,0.0
2011-03-24,56.12926628348944,56.43983961188477,55.643998851643715,56.27808380126953,591400,0.0,0.0
2011-03-25,56.31045091843655,56.98982752580797,56.05164054722852,56.64043426513672,409500,0.0,0.0
2011-03-28,56.89276998122264,56.97041456935765,56.362210969959214,56.43338394165039,543400,0.0,0.0
2011-03-29,56.3363248249629,56.69218965426289,56.1228059273829,56.62748336791992,299800,0.0,0.0
2011-03-30,56.905691888731404,57.53330522031014,56.698644649731825,57.268028259277344,421300,0.0,0.0
2011-03-31,57.326268241433525,57.559197044046556,56.39455796737784,57.242156982421875,909800,0.0,0.0
2011-04-01,57.649785901765114,58.21269805589909,57.416857074978424,58.031532287597656,860400,0.0,0.0
2011-04-04,58.08331107365389,58.135074150554594,57.61098657203139,57.792152404785156,639600,0.0,0.0
2011-04-05,57.60448415078967,57.85682284525055,57.332735546969666,57.384498596191406,622700,0.0,0.0
2011-04-06,57.61741850389314,58.19973544053098,57.42978118167161,58.096214294433594,607900,0.0,0.0
2011-04-07,58.05092504882536,58.05092504882536,56.98333573088026,57.09980010986328,729400,0.0,0.0
2011-04-08,57.42332257055102,57.42332257055102,56.65983481666417,56.74394607543945,593500,0.0,0.0
2011-04-11,56.776290893554695,57.073920999888465,56.69217964711114,56.77629089355469,702300,0.0,0.0
2011-04-12,56.5174852104849,56.73747570308048,56.17456364558801,56.394554138183594,599600,0.0,0.0
2011-04-13,56.549878725215116,56.64046165848748,55.598752989455654,55.605224609375,826000,0.0,0.0
2011-04-14,55.45637952216997,55.45637952216997,55.02934661044063,55.12639617919922,917500,0.0,0.0
2011-04-15,55.314021131004104,55.46283866362237,54.75111401323034,55.22343826293945,1405800,0.0,0.0
2011-04-18,54.6928911798384,56.9380633305365,54.6928911798384,56.42691421508789,1693700,0.0,0.0
2011-04-19,56.685712797456496,56.853940240880846,55.24932025402451,55.26873016357422,747400,0.0,0.0
2011-04-20,55.88339924286682,55.98692039476156,55.13284991194867,55.52753448486328,1058200,0.0,0.0
2011-04-21,55.605196258537845,55.92223636334521,54.99699264260781,55.53402328491211,713400,0.0,0.0
2011-04-25,55.50168527530729,56.00636290855187,55.417573981899345,55.721675872802734,408800,0.0,0.0
2011-04-26,55.909296546830795,56.67277944970528,55.8704717845648,56.43338394165039,540600,0.0,0.0
2011-04-27,56.6922077503277,58.723861392803705,56.543390155191744,58.00566482543945,1722900,0.0,0.0
2011-04-28,57.80507463755508,57.947420591264326,57.093349805406206,57.526859283447266,800900,0.0,0.0
2011-04-29,57.5139327361278,57.585105733631835,57.0998379886855,57.17748260498047,465000,0.0,0.0
2011-05-02,57.27453317271637,57.27453317271637,56.69221581805937,56.76985549926758,803000,0.0,0.0
2011-05-03,56.64042811518855,57.31979971239738,56.303973188230806,57.26156997680664,990000,0.0,0.0
2011-05-04,57.2551027897024,57.26804602287715,56.168103213686436,56.271629333496094,1027500,0.0,0.0
2011-05-05,56.025764416104494,56.213401829904456,55.57284992513751,55.7410774230957,659800,0.0,0.0
2011-05-06,56.25869125837196,56.40103721796262,55.656959206900815,55.9222412109375,625200,0.0,0.0
2011-05-09,55.96751592676945,56.038688885287435,55.566359700249556,55.96104431152344,395000,0.0,0.0
2011-05-10,56.090467804167666,56.789249420166016,55.92224031494702,56.789249420166016,427500,0.0,0.0
2011-05-11,56.53689648223372,56.80865003097566,56.336320830701816,56.517486572265625,498800,0.0,0.0
2011-05-12,56.511024906049336,56.93159112952166,56.187513185900954,56.75689697265625,560000,0.0,0.0
2011-05-13,56.808648465734606,56.938051152887276,55.58577480747633,55.89634323120117,1964200,0.0,0.0
2011-05-16,55.84459164985492,56.25221957724762,55.70871731952305,55.909297943115234,811500,0.0,0.0
2011-05-17,55.80575553770709,56.96392775224844,55.79281724466896,56.918636322021484,919300,0.0,0.0
2011-05-18,56.83451253443955,57.83740041634112,56.6792283567834,57.830928802490234,809200,0.0,0.0
2011-05-19,58.02505163533622,58.167397555805614,57.42331974924044,57.695068359375,758200,0.0,0.0
2011-05-20,57.56565619501612,57.708002092056894,56.85393164620761,56.963924407958984,779800,0.0,0.0
2011-05-23,56.38162134042805,57.222753774660276,56.342801514244016,56.478675842285156,574100,0.0,0.0
2011-05-24,56.80866659578116,56.83454319235314,55.83813132320903,56.55632781982422,814300,0.0,0.0
2011-05-25,56.291036163715184,56.595137953503574,55.98693437392679,56.25221633911133,749200,0.0,0.0
2011-05-26,56.25223304314379,56.54986330508021,55.728140573379015,56.200469970703125,566800,0.0,0.0
2011-05-27,56.461354633795786,57.17234241435195,56.37656002619794,57.152774810791016,534800,0.7,0.0
2011-05-31,57.726801867654984,57.82464490001948,57.02233800643466,57.59634780883789,1459900,0.0,0.0
2011-06-01,57.48543706967184,57.50500965077106,55.96562838674304,56.01780700683594,1031500,0.0,0.0
2011-06-02,56.05696337215401,56.68315178251944,55.81561790062128,56.37657928466797,799900,0.0,0.0
2011-06-03,55.743856633096094,56.34395312948977,55.541651394996585,55.959110260009766,651700,0.0,0.0
2011-06-06,55.81560242322712,55.96562902101136,55.189414186500635,55.30030059814453,864900,0.0,0.0
2011-06-07,55.554684369988934,56.29828314462166,55.36552257974008,55.71775436401367,727500,0.0,0.0
2011-06-08,55.554702513474695,55.972161436394906,55.28727022371467,55.450340270996094,686400,0.0,0.0
2011-06-09,55.632970124880295,56.13522361040198,55.15680346394225,55.72428894042969,457700,0.0,0.0
2011-06-10,55.56123264404191,55.56123264404191,54.34146676853594,55.05897903442383,1068100,0.0,0.0
2011-06-13,55.19595163908753,55.77648061185263,54.68064969022245,55.55470275878906,864700,0.0,0.0
2011-06-14,56.089571142286516,57.120175018429,56.037392510161226,56.6766242980957,924100,0.0,0.0
2011-06-15,56.20044106294025,56.53310024359975,55.75689051222667,56.12216567993164,950800,0.0,0.0
2011-06-16,56.12220773472121,57.250650070472105,55.95913763030018,57.165855407714844,1114800,0.0,0.0
2011-06-17,57.6419868318766,57.70068964462274,56.78749662650393,57.4136848449707,1303300,0.0,0.0
2011-06-20,57.19192722242675,57.609386145644955,56.93101415128964,57.27020263671875,528800,0.0,0.0
2011-06-21,57.557181068532536,57.661548248661845,56.83314993001391,57.46586227416992,858100,0.0,0.0
2011-06-22,57.335415898674306,57.550669503934756,56.904908688153405,56.95709228515625,981100,0.0,0.0
2011-06-23,56.35701535179114,56.689679677177494,55.9721674113435,56.27873992919922,1113600,0.0,0.0
2011-06-24,56.40267687926005,56.56574695004477,55.626461749843614,55.65255355834961,3558000,0.0,0.0
2011-06-27,55.59385383911357,57.14627920849784,55.59385383911357,56.56575012207031,936000,0.0,0.0
2011-06-28,56.689669374736,56.689669374736,55.88736261261143,56.37004852294922,665500,0.0,0.0
2011-06-29,56.70270002288392,57.25061282859568,55.99823643568187,57.152774810791016,950400,0.0,0.0
2011-06-30,57.231048524074495,57.596328725440046,56.865773299210645,57.36802673339844,583200,0.0,0.0
2011-07-01,57.40062797039079,58.13770242437951,57.25712560422474,58.07247543334961,512900,0.0,0.0
2011-07-05,57.88984472101385,57.88984472101385,56.99621941096319,57.400634765625,601500,0.0,0.0
2011-07-06,57.218010128186975,57.92899303554235,56.89187008411523,57.687652587890625,664800,0.0,0.0
2011-07-07,58.11161060801012,58.70518767208136,58.07247540870886,58.20945358276367,824700,0.0,0.0
2011-07-08,57.45935513886694,57.69417638736666,56.91144221003594,57.1136474609375,971200,0.0,0.0
2011-07-11,56.4613552020015,56.957089395373465,56.05042059358219,56.206966400146484,848500,0.0,0.0
2011-07-12,56.85274375895547,57.58981858224192,56.59183068760976,57.041900634765625,1541400,0.0,0.0
2011-07-13,57.36152135767642,57.53763481887485,56.72228458341324,56.800559997558594,1028100,0.0,0.0
2011-07-14,57.048412875549836,57.048412875549836,55.796036367330345,56.09608459472656,1079100,0.0,0.0
2011-07-15,56.31785199827048,56.409175775333466,55.60034500392876,55.80907440185547,971200,0.0,0.0
2011-07-18,55.62642781532967,55.867773164401314,55.01980732301496,55.345947265625,809900,0.0,0.0
2011-07-19,55.528619495611316,56.709250208774506,55.35250600634035,56.6179313659668,1007200,0.0,0.0
2011-07-20,56.9570979641242,57.40064862986964,56.05042902593166,56.83968734741211,971600,0.0,0.0
2011-07-21,57.24411175321179,57.83116492859228,57.048425702583955,57.772457122802734,1215900,0.0,0.0
2011-07-22,57.844185750932986,58.16380153072444,56.87880924218398,58.105098724365234,973800,0.0,0.0
2011-07-25,57.524585800401454,58.137725733711086,57.44631039388212,57.75940704345703,1008300,0.0,0.0
2011-07-26,57.82462991495048,58.30079158509009,57.48544148752029,57.563716888427734,630000,0.0,0.0
2011-07-27,57.381081023168,57.73331287330428,56.78098452730716,56.83968734741211,745200,0.0,0.0
2011-07-28,56.90492910988307,57.32891227880995,56.239605427085074,56.304832458496094,489300,0.0,0.0
2011-07-29,55.906932080930964,56.454850004724655,55.58731619501121,56.25263977050781,738100,0.0,0.0
2011-08-01,56.83317463450167,57.27020617063756,55.86780268117885,57.074520111083984,1303600,0.0,0.0
2011-08-02,56.702718814497466,56.8723130623991,55.809093135884595,55.84170913696289,1084900,0.0,0.0
2011-08-03,55.88082881264919,56.15478523008923,54.504517555245876,55.00025177001953,1623700,0.0,0.0
2011-08-04,54.62846981947844,54.77197226778207,52.69772091617339,52.88688278198242,1542400,0.0,0.0
2011-08-05,53.41520051152881,53.47390829019778,51.06699387128449,51.301815032958984,3279600,0.0,0.0
2011-08-08,50.27122562839699,51.28226174424187,47.198987044996954,47.32944107055664,2044300,0.0,0.0
2011-08-09,48.15785393563325,49.390663258236316,46.06403484841053,49.253684997558594,2482600,0.0,0.0
2011-08-10,48.12524287181706,48.12524287181706,45.85531006683444,45.91401290893555,2104200,0.0,0.0
2011-08-11,46.25319449753979,49.19497481532849,46.25319449753979,48.6079216003418,1642600,0.0,0.0
2011-08-12,48.91448420583622,49.56676431784124,47.47294575548539,47.642539978027344,1580700,0.0,0.0
2011-08-15,48.12521802457773,48.80358982768974,48.05999101930766,48.79054641723633,883800,0.0,0.0
2011-08-16,48.22306578502191,48.79707045521048,47.62948853246725,48.040428161621094,772200,0.0,0.0
2011-08-17,48.26221185405295,49.077562125161776,48.17089302180901,48.48398971557617,814000,0.0,0.0
2011-08-18,47.127229327069465,47.39466651197143,46.32492274886497,46.677154541015625,1559300,0.0,0.0
2011-08-19,45.679161843316294,47.23159123250566,45.53565946517266,45.568275451660156,1168000,0.0,0.0
2011-08-22,46.442347003653424,46.618465439770986,45.50958614361319,45.640045166015625,912600,0.0,0.0
2011-08-23,45.84876172565779,47.34900273741659,45.157346519216844,47.34248352050781,1189300,0.0,0.0
2011-08-24,47.205503375640205,48.568766128701675,46.96415799440628,48.37960433959961,1072300,0.0,0.0
2011-08-25,49.35153764578354,50.22559099648063,47.32294519572739,47.7208366394043,1663200,0.0,0.0
2011-08-26,47.440327209664886,48.816633449270675,46.65758821353428,48.523109436035156,1039900,0.0,0.0
2011-08-29,48.99928660061542,50.153820275065854,48.88187597469651,50.11468505859375,923000,0.0,0.0
2011-08-30,49.86453202860245,50.14759161922616,48.9890215480384,49.6999626159668,1110600,0.7,0.0
2011-08-31,50.114694193659474,50.58207089508879,49.568327359305734,50.075199127197266,915900,0.0,0.0
2011-09-01,50.08835308246328,50.272675076666125,48.91661945603678,48.956119537353516,931300,0.0,0.0
2011-09-02,47.88970212486392,48.692801713199906,47.50789985790743,47.58689498901367,920700,0.0,0.0
2011-09-06,46.28350768580077,47.159018311703576,45.92803709282684,47.1392707824707,926500,0.0,0.0
2011-09-07,47.942358501643795,50.10809239423436,47.56714047297366,49.75920104980469,1131700,0.0,0.0
2011-09-08,49.21285516332235,49.46958313186332,48.041121353620184,48.232017517089844,927600,0.0,0.0
2011-09-09,47.613230252427925,48.16618114465382,46.375664884047026,46.4085807800293,1533700,0.0,0.0
2011-09-12,45.74373965400866,48.03454944604124,45.74373965400866,47.62641525268555,1226600,0.0,0.0
2011-09-13,47.83045694163604,48.73887829977595,47.435486329848295,47.85020446777344,823200,0.0,0.0
2011-09-14,48.16618302591069,48.659891351364294,47.17218721335855,48.0147819519043,1325400,0.0,0.0
2011-09-15,48.5808992228717,49.13385011380901,48.350497996053896,49.12726593017578,935700,0.0,0.0
2011-09-16,49.305002851866476,49.370829620241366,48.00161074009748,48.81129455566406,1232900,0.0,0.0
2011-09-19,47.98184861257922,48.00818031636944,47.06684325046969,47.40914535522461,930000,0.0,0.0
2011-09-20,47.71196194341645,48.21224929589893,47.19850120440635,47.284080505371094,867900,0.0,0.0
2011-09-21,47.44864998696853,47.60663520265029,44.94719313108667,44.95377731323242,1121500,0.0,0.0
2011-09-22,44.03217891674024,45.1841644722405,43.71620854826777,44.69704055786133,1703500,0.0,0.0
2011-09-23,44.532483999172214,45.4738212389754,44.532483999172214,45.42774200439453,1499600,0.0,0.0
2011-09-26,45.95436904111209,48.42291065307145,45.941205695643035,48.311004638671875,1271800,0.0,0.0
2011-09-27,49.23918488030034,49.39717015707698,47.54741101729391,47.889713287353516,1063400,0.0,0.0
2011-09-28,47.922626312239096,48.1464383557177,46.197936651550144,46.263763427734375,1072200,0.0,0.0
2011-09-29,47.2906665680606,47.98844433060106,46.12551727322842,47.42890930175781,986100,0.0,0.0
2011-09-30,46.9154363788751,47.514471329417496,46.01359939575195,46.01359939575195,1061600,0.0,0.0
2011-10-03,45.85561991566978,46.7377094868497,45.092015490833866,45.10517883300781,1232900,0.0,0.0
2011-10-04,44.49298490544613,46.09918401295932,43.70963790031077,45.9741096496582,1700000,0.0,0.0
2011-10-05,45.9543727895995,46.30325922898662,44.9274610023829,46.125526428222656,1016100,0.0,0.0
2011-10-06,46.06627563566393,48.027940368340936,45.5857307050794,47.975276947021484,850600,0.0,0.0
2011-10-07,48.304401924421946,48.35048114927799,46.553386357633535,46.61921310424805,1259900,0.0,0.0
2011-10-10,47.758041843526996,48.67962646484375,47.2906603283827,48.67962646484375,775400,0.0,0.0
2011-10-11,47.93577978104927,48.837621997951345,47.40915563556804,48.65330505371094,781500,0.0,0.0
2011-10-12,49.166771796999,50.54257002491103,49.15360342818252,49.963287353515625,1135600,0.0,0.0
2011-10-13,49.43007514845946,50.503071123678616,48.2320098125588,49.95669937133789,1334200,0.0,0.0
2011-10-14,50.661046651613354,50.93752205550695,49.20625366759055,49.844783782958984,1206600,0.0,0.0
2011-10-17,49.410327340299425,49.60781267833012,48.403163165316556,48.5479850769043,1208800,0.0,0.0
2011-10-18,48.738871620564204,51.2271600180783,48.58088641085549,50.73345184326172,1055400,0.0,0.0
2011-10-19,49.51565366286568,49.52881700820505,46.217680695543706,47.916038513183594,4403100,0.0,0.0
2011-10-20,48.47556106006018,48.890274131473184,47.00760485487329,48.3702392578125,1650700,0.0,0.0
2011-10-21,48.81130826512315,49.39717520605288,48.42950587014862,49.33134841918945,2528900,0.0,0.0
2011-10-24,49.52225787740655,50.48334318826303,49.206282216588036,50.3516845703125,1015100,0.0,0.0
2011-10-25,50.03569903732444,50.20026849407714,49.219430915802945,49.344505310058594,1010700,0.0,0.0
2011-10-26,50.19369277704781,50.628158626852986,49.55516237356802,50.37800979614258,816900,0.0,0.0
2011-10-27,52.14877436584123,52.67539365556204,50.82563442312499,52.16193771362305,1375800,0.0,0.0
2011-10-28,52.06976335542232,52.22116943124421,51.26008462348033,51.54314422607422,762300,0.0,0.0
2011-10-31,50.865139489842264,51.345684645680734,50.08837123918377,50.101539611816406,1253500,0.0,0.0
2011-11-01,48.49532925422724,48.94295840465628,47.48816492132727,47.60007095336914,1416400,0.0,0.0
2011-11-02,48.409743071734525,48.804708690636254,47.731717838538835,48.13984680175781,2381600,0.0,0.0
2011-11-03,48.863956295714694,48.89686716763798,47.06685594966039,48.13984680175781,2364800,0.0,0.0
2011-11-04,47.744882129672874,47.81729308050453,47.119520305865436,47.461822509765625,1117300,0.0,0.0
2011-11-07,47.46181860242205,47.81070496101916,47.00761042908808,47.231422424316406,1323200,0.0,0.0
2011-11-08,47.75805976227269,48.73889234711487,47.29067807176754,48.60065460205078,1138500,0.0,0.0
2011-11-09,47.34330909998415,47.6000368825622,46.27031875285683,46.45463562011719,1767900,0.0,0.0
2011-11-10,47.152427791927586,47.77121041013478,46.744298849927155,47.639556884765625,1296600,0.0,0.0
2011-11-11,48.30441366953009,48.92978047007155,48.19250767084985,48.65330505371094,993000,0.0,0.0
2011-11-14,48.23859464200453,48.291258069449285,47.106356063246636,47.402584075927734,714400,0.0,0.0
2011-11-15,47.178768233962934,48.0674422503432,47.145857357659075,47.89629364013672,815100,0.0,0.0
2011-11-16,47.34991453511599,48.59405896986634,47.20509263947137,47.35649871826172,896800,0.0,0.0
2011-11-17,47.30382278630348,48.16616472668585,46.57313434045346,46.790367126464844,816200,0.0,0.0
2011-11-18,47.165599455799864,47.38941146902914,46.82987641369552,47.23801040649414,560400,0.0,0.0
2011-11-21,46.592900408563956,46.82988081085861,45.78980071437219,46.13868713378906,894600,0.0,0.0
2011-11-22,45.967536509109344,46.41516558020687,45.67789269185193,45.8029670715332,666100,0.0,0.0
2011-11-23,45.460655620576766,45.48698733082268,44.348169740683105,44.387664794921875,1089800,0.0,0.0
2011-11-25,44.387658798204164,45.21708998098459,44.256005287021026,44.565391540527344,302700,0.0,0.0
2011-11-28,46.184765390904104,46.263755499884844,44.91428924144153,45.329002380371094,772300,0.0,0.0
2011-11-29,45.48195491586645,45.94747955287959,45.16273947158258,45.455352783203125,771600,0.7,0.0
2011-11-30,47.19110129289507,48.64088450241323,46.5593171498447,48.534481048583984,1454800,0.0,0.0
2011-12-01,48.45468398748439,48.76060095270451,47.83619825432404,48.487937927246094,985400,0.0,0.0
2011-12-02,49.03990213274611,49.87119965704466,48.94679721593166,49.13300704956055,890200,0.0,0.0
2011-12-05,49.891184291862295,50.37001280692309,49.638471497287284,50.23700714111328,1121000,0.0,0.0
2011-12-06,49.990929350517504,50.46975775324754,49.518752751669744,49.93772506713867,886300,0.0,0.0
2011-12-07,49.47884287593935,49.95101938699042,48.85370534707571,49.638450622558594,1622000,0.0,0.0
2011-12-08,49.22613266805757,49.352491568518225,47.703199428061346,47.85615539550781,1220800,0.0,0.0
2011-12-09,48.34826665911083,48.860348824947785,48.201962542709616,48.5544319152832,881700,0.0,0.0
2011-12-12,47.769702412504884,48.08227122601138,47.350725035319755,47.78300094604492,777400,0.0,0.0
2011-12-13,48.268465633589216,48.56107894203168,46.812030597578165,47.19775390625,992600,0.0,0.0
2011-12-14,46.97829036121882,47.97584749811985,46.88518543434843,47.364013671875,1117100,0.0,0.0
2011-12-15,48.14876651297287,48.17536864973309,47.47042471018435,47.7098388671875,729900,0.0,0.0
2011-12-16,48.17537813293795,49.119731341544664,47.99581494291962,48.38153839111328,1426100,0.0,0.0
2011-12-19,48.58104953091457,48.614298401396184,47.22437079881203,47.417232513427734,491000,0.0,0.0
2011-12-20,48.27512288473024,50.070729157639086,48.24187401739283,49.94437026977539,1162800,0.0,0.0
2011-12-21,49.8778647958234,50.58945546395693,49.61184850214459,50.429847717285156,758300,0.0,0.0
2011-12-22,50.436489761573014,51.134781833392964,50.303484164006505,50.90201950073242,694900,0.0,0.0
2011-12-23,50.98847168487996,51.2611397508175,50.53624555817831,51.13478088378906,365500,0.0,0.0
2011-12-27,50.86212649350674,51.43405470821699,50.72246399904596,50.93527603149414,342700,0.0,0.0
2011-12-28,51.13478217296507,51.16803610949668,50.30348449805819,50.40989303588867,400700,0.0,0.0
2011-12-29,50.66925124186088,51.19463191632587,50.48304139751131,51.16802978515625,372400,0.0,0.0
2011-12-30,51.294393224565205,51.294393224565205,50.70916145014869,50.769012451171875,390900,0.0,0.0
2012-01-03,51.77321541631233,52.3518003937616,51.420746032770325,51.899574279785156,800900,0.0,0.0
2012-01-04,51.553769549368646,52.21216115485583,51.08824474392908,51.892940521240234,613400,0.0,0.0
2012-01-05,51.62026709223136,52.830636417537036,51.30104652261896,52.69097900390625,768600,0.0,0.0
2012-01-06,52.53800374891849,53.149837511564655,52.01262310256881,52.8372688293457,809000,0.0,0.0
2012-01-09,51.76655540256603,53.00352648651379,51.64685343363941,52.956974029541016,1303700,0.0,0.0
2012-01-10,53.1897543695096,53.83483712390073,52.92373809024067,53.29615783691406,1021900,0.0,0.0
2012-01-11,53.2097121927061,53.6552866057466,52.531370331390235,53.608734130859375,757700,0.0,0.0
2012-01-12,53.83485067818267,54.26712660660124,53.03680671328669,54.1673698425293,1013200,0.0,0.0
2012-01-13,53.728433101780674,55.058509410554535,53.25625662102657,54.759239196777344,1285600,0.0,0.0
2012-01-17,53.655307713021124,54.87232941591188,51.952810734446885,53.89472198486328,1641900,0.0,0.0
2012-01-18,54.0010973240013,54.466627086869416,53.322760623724164,54.346920013427734,781700,0.0,0.0
2012-01-19,54.21391902906304,54.46663682587122,53.56218434788713,54.39348220825195,698200,0.0,0.0
2012-01-20,54.34026821105915,54.51317955577237,53.78828531275371,54.346920013427734,643700,0.0,0.0
2012-01-23,54.393454751018105,55.17819973802521,54.147388881979325,54.553062438964844,513700,0.0,0.0
2012-01-24,54.17401574469788,54.42672845548812,53.80159594483033,54.32697677612305,636300,0.0,0.0
2012-01-25,54.167376563536486,54.719359662562674,53.64200068365998,54.53314971923828,625000,0.0,0.0
2012-01-26,54.86564830337839,54.86564830337839,52.64442328023562,53.29615783691406,707200,0.0,0.0
2012-01-27,53.0634063620775,53.615389366679175,52.88384318041693,53.27621841430664,534300,0.0,0.0
2012-01-30,52.823995276129594,53.32277402855162,52.750840653200505,53.123260498046875,423600,0.0,0.0
2012-01-31,53.429184853185035,53.81490835902482,52.863903204331855,53.0301628112793,502100,0.0,0.0
2012-02-01,53.27620959837168,53.96784992212638,53.07669611261675,53.34271240234375,707000,0.0,0.0
2012-02-02,53.502316894298566,53.85479137421756,53.15649929036243,53.568824768066406,357800,0.0,0.0
2012-02-03,54.41341386563202,55.06515339691327,54.23385582192265,54.8323860168457,615900,0.0,0.0
2012-02-06,54.51318223644707,54.69939212121572,53.68188448384501,53.86144256591797,471000,0.0,0.0
2012-02-07,53.63531898526801,54.420064076072606,53.60206505370538,54.1141471862793,412000,0.0,0.0
2012-02-08,54.20060597244062,54.47992076095782,53.81488265086652,54.34026336669922,398400,0.0,0.0
2012-02-09,54.49324154368859,54.55974436089534,53.57548541518047,53.74174499511719,483900,0.0,0.0
2012-02-10,52.883845735672786,53.26956918455045,52.797392579409774,53.07006072998047,407200,0.0,0.0
2012-02-13,53.59544073342076,53.9013628539117,53.36267831464739,53.641998291015625,466600,0.0,0.0
2012-02-14,53.469070226737784,53.974500659864056,52.91708732436559,53.88804244995117,752100,0.0,0.0
2012-02-15,54.10084292926187,54.33360522587004,53.761672112011404,53.85478210449219,729900,0.0,0.0
2012-02-16,53.86808933855751,54.533127478539704,53.648625534642186,54.44667434692383,619500,0.0,0.0
2012-02-17,54.719330729182,55.391020590017064,54.34691103945376,55.144954681396484,683200,0.0,0.0
2012-02-21,55.25802551841824,55.36443407340151,54.5597384032374,54.96541213989258,442100,0.0,0.0
2012-02-22,54.992019026215196,54.992019026215196,53.69519128805433,53.77499771118164,494700,0.0,0.0
2012-02-23,53.72844241166127,54.68609914354624,53.50232676159317,54.606292724609375,442200,0.0,0.0
2012-02-24,54.63289816386359,54.69940098007447,53.941257712823166,54.38018035888672,403600,0.0,0.0
2012-02-27,54.06094991893463,54.89224757716556,53.7217790537017,54.75259017944336,448800,0.0,0.0
2012-02-28,54.74594508184285,54.74594508184285,54.04765293387877,54.43337631225586,425800,0.0,0.0
2012-02-29,54.5331157494646,54.885585076031326,54.14739249351574,54.28040313720703,696000,0.0,0.0
2012-03-01,54.48835754394531,54.796920803194446,54.1864985102218,54.48835754394531,631600,0.7,0.0
2012-03-02,54.60909741374411,54.60909741374411,53.945010643268986,54.059043884277344,299400,0.0,0.0
2012-03-05,53.804158420843486,53.96514686655237,53.42180766370339,53.74378967285156,433800,0.0,0.0
2012-03-06,53.47548646972174,53.5425645802081,52.73090767254,52.80469512939453,599500,0.0,0.0
2012-03-07,52.89859293226745,53.70354030221071,52.80468257636509,53.555965423583984,355000,0.0,0.0
2012-03-08,53.97854908650911,54.24015715011668,53.56936619364007,54.11270523071289,342800,0.0,0.0
2012-03-09,54.15296050527254,54.83716508387598,53.958430498186935,54.56884765625,386200,0.0,0.0
2012-03-12,54.46152082120492,54.56884471583466,53.93159533757393,54.434688568115234,356100,0.0,0.0
2012-03-13,54.850584310170525,56.30620484192814,54.709718797625555,56.17875289916992,650300,0.0,0.0
2012-03-14,56.212299234197936,56.56781771737978,55.12561575168246,55.78299331665039,788900,0.0,0.0
2012-03-15,55.94397295743176,57.0172375824976,55.64211392312207,56.98369598388672,558200,0.0,0.0
2012-03-16,57.26543814731282,57.81548664554426,56.79588130587186,57.4800910949707,906400,0.0,0.0
2012-03-19,57.46668252315931,58.44603708910707,56.95017553615396,58.11064147949219,586600,0.0,0.0
2012-03-20,57.775243515701874,58.33871077811526,57.32581464538627,57.862449645996094,710200,0.0,0.0
2012-03-21,57.60083005784254,57.956348500146994,57.091027420222964,57.3392219543457,668600,0.0,0.0
2012-03-22,56.89650293102678,57.252021407897814,56.57452093971653,57.010536193847656,602100,0.0,0.0
2012-03-23,57.13126877891231,57.64107137666982,56.769041021379024,57.5941162109375,484200,0.0,0.0
2012-03-26,57.815510005742226,58.30518484150262,57.60085697135438,58.10395050048828,728000,0.0,0.0
2012-03-27,58.224680923866615,58.23138515141332,57.62767713742877,57.66792297363281,437200,0.0,0.0
2012-03-28,57.76182106391329,58.607019268735314,57.52033586253557,58.53993606567383,576700,0.0,0.0
2012-03-29,58.10393039804253,58.21125431923917,57.413011224843764,58.07038879394531,486900,0.0,0.0
2012-03-30,58.45945970797619,58.45945970797619,57.842332973068444,58.278343200683594,543500,0.0,0.0
2012-04-02,58.036851291184114,58.91559122687328,57.755120220687104,58.35883331298828,498000,0.0,0.0
2012-04-03,58.30519507064174,58.45947936511273,57.92955347399296,58.37898254394531,677800,0.0,0.0
2012-04-04,57.84233808991206,58.358845157318584,57.594143457779154,57.90941619873047,410500,0.0,0.0
2012-04-05,57.62767997319918,58.352130649175955,57.614261281983545,58.278343200683594,590700,0.0,0.0
2012-04-09,57.29228497247758,57.6813400205883,56.950179990945415,57.211788177490234,419600,0.0,0.0
2012-04-10,57.211770865922134,57.41300511590265,56.25253943293218,56.31290817260742,655500,0.0,0.0
2012-04-11,56.977007579008934,57.352649022653026,56.75564524926259,57.08433151245117,644800,0.0,0.0
2012-04-12,57.15141872766071,57.94295269427384,57.07092704417129,57.90941619873047,444200,0.0,0.0
2012-04-13,57.83563543526965,58.010042632561664,56.634918212890625,56.634918212890625,587800,0.0,0.0
2012-04-16,57.191650780228805,58.22466969126923,56.68184810982692,57.433135986328125,940700,0.0,0.0
2012-04-17,58.01002866507422,58.73447931452481,57.74841537326058,58.5802001953125,871500,0.0,0.0
2012-04-18,58.23808572913608,58.86192168503714,58.2179628140635,58.41919708251953,873300,0.0,0.0
2012-04-19,58.526545391169904,58.8082765304133,57.90941857633241,58.3253059387207,996900,0.0,0.0
2012-04-20,58.5935939233487,58.841788440377506,58.39906391557952,58.620426177978516,930800,0.0,0.0
2012-04-23,57.929519451645255,58.204541139746134,57.278851269782066,57.54716873168945,639900,0.0,0.0
2012-04-24,57.55388974374463,58.446038192690395,57.419728426726905,58.09722900390625,499600,0.0,0.0
2012-04-25,58.49300502737294,58.82169648125107,57.882587545958664,58.43263626098633,360100,0.0,0.0
2012-04-26,58.298445944320434,58.69421016204603,58.016709846068586,58.60029983520508,463000,0.0,0.0
2012-04-27,58.88877355459069,59.02963912473781,58.22469154740232,58.613746643066406,573700,0.0,0.0
2012-04-30,58.492988062817254,58.67410454491233,57.741705226661345,57.8691520690918,661400,0.0,0.0
2012-05-01,57.95635526393901,58.700933835473585,57.620959695418215,58.258209228515625,707900,0.0,0.0
2012-05-02,57.963065512640796,58.3454162620109,57.50692732762642,58.124053955078125,501200,0.0,0.0
2012-05-03,58.15089034585978,58.372247550786376,57.45997623368467,57.67462921142578,455700,0.0,0.0
2012-05-04,57.439846107417814,57.67462711135849,57.01724951223949,57.39289093017578,503400,0.0,0.0
2012-05-07,57.198361324995616,58.35883231126238,57.198361324995616,58.063682556152344,488000,0.0,0.0
2012-05-08,57.849030956228994,58.13076714630101,57.27885946666271,57.862449645996094,563200,0.0,0.0
2012-05-09,57.21177251526818,57.34592868578942,56.50073559959188,56.70867919921875,508700,0.0,0.0
2012-05-10,57.44655721918357,57.84903091045716,56.963586742562995,57.17153549194336,516400,0.0,0.0
2012-05-11,56.601362394975226,57.43314720861476,55.80312430780715,56.88309860229492,539400,0.0,0.0
2012-05-14,56.185472520797646,56.76235336402146,56.058020554724955,56.239131927490234,535800,0.0,0.0
2012-05-15,56.14520593570713,56.5409752959688,55.63540844882436,55.68906784057617,768200,0.0,0.0
2012-05-16,56.00434856350424,56.440363810283024,55.34697613902056,55.360389709472656,513300,0.0,0.0
2012-05-17,55.3402598990756,55.387215066402,54.48164820069028,54.48835754394531,625300,0.0,0.0
2012-05-18,54.662769347919316,54.97804200706805,53.95844171147777,54.13955307006836,505000,0.0,0.0
2012-05-21,54.320670537726095,54.783512959340044,53.971856267639474,54.696311950683594,461500,0.0,0.0
2012-05-22,54.790206253528865,55.54149397709,54.562134664094856,54.736541748046875,483200,0.0,0.0
2012-05-23,54.40786292948543,54.978034303203195,54.092590314514666,54.66276168823242,1200000,0.0,0.0
2012-05-24,54.931068170622275,54.94448685498478,54.24015434008235,54.50176239013672,1051200,0.0,0.0
2012-05-25,54.52189317696406,55.19939353876389,54.40785993204875,54.88412094116211,595200,0.0,0.0
2012-05-29,55.36038320337081,55.66224223923316,54.74325668049985,55.608577728271484,569700,0.0,0.0
2012-05-30,55.324430798427464,55.324430798427464,54.57351183449672,54.742637634277344,542800,0.7,0.0
2012-05-31,54.74266127362823,55.52740780091364,54.329993731057804,55.01326370239258,656100,0.0,0.0
2012-06-01,53.99851102648854,54.11351538674128,52.80110206115543,53.15288162231445,776200,0.0,0.0
2012-06-04,53.315247438992515,53.315247438992515,52.219314902532325,52.327552795410156,611900,0.0,0.0
2012-06-05,52.09074871037173,52.990499244992556,52.03662721325693,52.07722091674805,732400,0.0,0.0
2012-06-06,52.42900764068112,53.04462814331055,52.13134452632749,53.04462814331055,715900,0.0,0.0
2012-06-07,53.897027958911124,54.33675622825714,53.37612257980451,53.51142120361328,708700,0.0,0.0
2012-06-08,53.24082398232151,54.07292556762696,53.04464250707691,54.07292556762695,419600,0.0,0.0
2012-06-11,54.60058608256846,54.64117463293275,52.868739116210925,52.90256118774414,396000,0.0,0.0
2012-06-12,52.94994018158685,53.775275487940355,52.550805492197135,53.74821472167969,410400,0.0,0.0
2012-06-13,53.45053419946934,54.21498117081586,53.17316533260488,53.40317916870117,539000,0.0,0.0
2012-06-14,53.545252135540196,54.32999349814945,53.43024778123477,54.30293273925781,642800,0.0,0.0
2012-06-15,54.4652988762249,54.91855498788643,54.059397803672596,54.82384490966797,724500,0.0,0.0
2012-06-18,54.580304596235564,54.952383599461285,54.30970215400889,54.63442611694336,320900,0.0,0.0
2012-06-19,54.8238592602234,55.250054723766354,54.512668184432975,55.080928802490234,541700,0.0,0.0
2012-06-20,55.080909176543315,55.419160898572656,54.47205504462816,55.277095794677734,431400,0.0,0.0
2012-06-21,55.45300097631868,55.75742553211473,54.05263872929367,54.113521575927734,454000,0.0,0.0
2012-06-22,54.56676643332708,54.98619523587332,54.23527605293313,54.76971435546875,414400,0.0,0.0
2012-06-25,53.95792358541377,54.201465271770225,53.48436801247072,53.775264739990234,338700,0.0,0.0
2012-06-26,53.95791910314868,54.28263788377476,53.49789652950178,53.99174118041992,456000,0.0,0.0
2012-06-27,54.09321095904057,54.89148517327828,53.78202001604096,54.76971435546875,338400,0.0,0.0
2012-06-28,54.45855168905591,54.8035700455458,53.74145936812484,54.688560485839844,481600,0.0,0.0
2012-06-29,55.68976466830284,56.22420302151664,55.22974210865755,55.858890533447266,636600,0.0,0.0
2012-07-02,56.17683493275933,56.508320106252846,55.74387323149538,56.44743728637695,419800,0.0,0.0
2012-07-03,56.251260223580836,57.137478049298835,56.2174329881655,57.09688949584961,297200,0.0,0.0
2012-07-05,56.90747125448999,57.326900084224604,56.46097650647509,56.71128463745117,481700,0.0,0.0
2012-07-06,56.217433894812295,56.8262880129274,55.953597970514345,56.7451057434082,546300,0.0,0.0
2012-07-09,56.76541941818703,56.921012355481125,56.224214474951296,56.60982131958008,331600,0.0,0.0
2012-07-10,56.82630214231522,57.05631088784205,55.67624809205541,55.89949035644531,274700,0.0,0.0
2012-07-11,55.79125258488786,56.85336302790487,55.79125258488786,56.60982131958008,517500,0.0,0.0
2012-07-12,56.37304897795715,56.37304897795715,55.6694845802627,55.72360610961914,662000,0.0,0.0
2012-07-13,55.946834444134375,56.81952453261114,55.78447505783762,56.81276321411133,739300,0.0,0.0
2012-07-16,56.75863336084101,57.16453434761511,56.271550112187654,56.52185821533203,446900,0.0,0.0
2012-07-17,56.690998658485,58.0440057370998,56.690998658485,57.99665069580078,774000,0.0,0.0
2012-07-18,57.996649645744135,59.23464717766472,57.73957500222184,58.80168533325195,926900,0.0,0.0
2012-07-19,58.80845790220104,59.024938846819964,58.16578154948287,58.5987434387207,534600,0.0,0.0
2012-07-20,58.22666637760801,58.51079665934491,57.40133113524682,57.482513427734375,661900,0.0,0.0
2012-07-23,56.67069857846895,57.20513698785941,56.58275497742204,56.954833984375,628700,0.0,0.0
2012-07-24,56.86689066271782,57.26603046848319,56.43392877391958,57.13749313354492,428900,0.0,0.0
2012-07-25,57.40808044868714,57.5298512703463,56.68422199807753,57.09688949584961,700100,0.0,0.0
2012-07-26,58.044004422312504,58.25371886312747,57.59750961905347,57.92223358154297,412200,0.0,0.0
2012-07-27,58.19283358080625,58.84228153612691,57.84782048360077,58.48373031616211,391300,0.0,0.0
2012-07-30,58.307840669621136,58.72050823417922,58.08459326689713,58.294307708740234,276300,0.0,0.0
2012-07-31,58.21313046304526,58.4566721452526,57.9019342992041,58.07106018066406,443300,0.0,0.0
2012-08-01,58.26050243380225,58.40932891723341,57.80047969609684,57.841068267822266,688500,0.0,0.0
2012-08-02,57.41484825907174,57.48926404966148,56.51509745380423,57.17130661010742,405400,0.0,0.0
2012-08-03,58.09134597379443,59.43081974992267,57.95604220362773,59.139923095703125,808300,0.0,0.0
2012-08-06,59.51880324122383,59.53233104548324,58.55140265528217,58.6325798034668,476200,0.0,0.0
2012-08-07,58.943751678387734,59.376713531789804,58.693448671418906,58.89639663696289,309600,0.0,0.0
2012-08-08,58.59871418145179,58.85578356192644,58.38899466136773,58.693424224853516,289500,0.0,0.0
2012-08-09,58.578453513797385,58.90994404638511,58.368739016240255,58.720523834228516,274200,0.0,0.0
2012-08-10,58.51077252236444,58.66637056178305,58.219875879259924,58.62578201293945,172500,0.0,0.0
2012-08-13,58.612260264316006,58.625793224059066,58.01693906841836,58.4228401184082,233900,0.0,0.0
2012-08-14,58.58518980924294,58.71372709896739,58.20634958013218,58.321353912353516,230100,0.0,0.0
2012-08-15,58.19285132598166,58.78817793967752,58.1725570389355,58.6325798034668,165000,0.0,0.0
2012-08-16,58.61224474123459,58.83549206606253,58.42959112357297,58.74754333496094,214900,0.0,0.0
2012-08-17,58.85580308644328,59.085811793489285,58.61226141938752,59.045223236083984,345600,0.0,0.0
2012-08-20,58.774626122602854,59.32935882296612,58.774626122602854,59.32259750366211,362200,0.0,0.0
2012-08-21,59.46467009291521,59.545847225252515,58.63933483873201,58.8761100769043,297100,0.0,0.0
2012-08-22,58.84228729364707,58.99111375493634,58.36873166161128,58.605506896972656,302400,0.0,0.0
2012-08-23,58.48374473960588,58.59198781262542,57.75988596305762,57.841068267822266,282400,0.0,0.0
2012-08-24,57.800472856232005,58.20637400939501,57.563692452349834,58.09136962890625,290300,0.0,0.0
2012-08-27,59.613477099956114,61.22355321596139,59.579649867909104,60.76353073120117,3706800,0.0,0.0
2012-08-28,60.56733287159249,60.85146298720523,59.59993305397864,59.81641387939453,2655200,0.0,0.0
2012-08-29,59.816452533762835,60.026172178600305,59.70821463176478,59.88410186767578,2012200,0.0,0.0
2012-08-30,59.80226090267012,59.9045463154245,59.07263258861876,59.32493591308594,1664600,0.7,0.0
2012-08-31,59.8227229824812,59.8227229824812,59.161283200213084,59.25674819946289,774100,0.0,0.0
2012-09-04,59.19536423115985,59.6658739303666,58.87487241879881,59.624961853027344,605100,0.0,0.0
2012-09-05,59.71360937164103,60.48414968015739,59.65905646419254,60.245487213134766,1435000,0.0,0.0
2012-09-06,60.47053922886428,61.38427739799034,60.46371881198093,61.26835632324219,1071500,0.0,0.0
2012-09-07,61.40473184746749,61.9843423594645,61.254713907372285,61.87523651123047,882900,0.0,0.0
2012-09-10,60.92738144330104,61.841124411902946,60.92738144330104,61.670650482177734,865300,0.0,0.0
2012-09-11,61.83430635184746,62.891246837358466,61.69110886972142,62.57075500488281,1213000,0.0,0.0
2012-09-12,62.63212337355544,63.03444456989495,62.488925890860536,62.809417724609375,895600,0.0,0.0
2012-09-13,63.06173433419653,64.35733236606781,62.38665365585412,63.907283782958984,1635400,0.0,0.0
2012-09-14,63.982267687317304,64.94373781246611,63.82542940462385,64.64370727539062,1690700,0.0,0.0
2012-09-17,64.4118972394589,64.59601207770292,64.00958108599501,64.15277862548828,833100,0.0,0.0
2012-09-18,64.23457009210219,64.30957903206728,63.859530594727886,64.04364013671875,472600,0.0,0.0
2012-09-19,64.03002758515169,64.45962013956506,63.81182110001986,64.2823257446289,595900,0.0,0.0
2012-09-20,63.65499486661466,64.38462342788557,63.43678833994823,64.33007049560547,948300,0.0,0.0
2012-09-21,65.20287494438026,65.2710634804131,64.53461480537395,64.77327728271484,1813400,0.0,0.0
2012-09-24,64.26868579380036,65.31880605865119,64.22095329096408,65.00513458251953,768100,0.0,0.0
2012-09-25,65.14832232359389,65.44835812641168,64.54825592041016,64.54825592041016,831300,0.0,0.0
2012-09-26,64.56870600647227,64.67098620031699,63.83907780982213,64.11865234375,1015900,0.0,0.0
2012-09-27,64.55504139175304,64.67096237036343,63.90042238010394,64.39138793945312,633100,0.0,0.0
2012-09-28,64.28912674846123,65.20968491707312,63.98909097108052,64.88919830322266,1070200,0.0,0.0
2012-10-01,65.16878235272549,66.10298148529571,65.05286131361557,65.22333526611328,844200,0.0,0.0
2012-10-02,65.50970673394914,65.51652714628653,64.79371430958244,65.20967102050781,505400,0.0,0.0
2012-10-03,65.2915177038562,66.28708486909339,65.13467939313895,66.07569885253906,1274100,0.0,0.0
2012-10-04,66.16434036535735,66.92124502487513,66.06205496766142,66.88033294677734,898500,0.0,0.0
2012-10-05,67.234898679559,67.50083752189057,66.81212677762166,67.17353057861328,613200,0.0,0.0
2012-10-08,66.81216430664062,66.96217703847707,66.52576406733672,66.81216430664062,380500,0.0,0.0
2012-10-09,66.64849371255688,66.75077912255196,66.07570374050772,66.13025665283203,618500,0.0,0.0
2012-10-10,66.87351875218165,67.42585266767466,66.38255295954256,67.25537872314453,1008900,0.0,0.0
2012-10-11,67.52133605359488,67.60998585846846,66.98945803416672,67.09174346923828,632600,0.0,0.0
2012-10-12,66.81214035482262,66.83941160359592,65.27105467657495,65.68019104003906,1093000,0.0,0.0
2012-10-15,66.06888542691803,66.80533415936004,65.8029464739449,66.47120666503906,659300,0.0,0.0
2012-10-16,66.75077606878612,66.98943854622142,66.02796822213867,66.40982818603516,1072700,0.0,0.0
2012-10-17,67.54177841232935,70.80123937563464,67.48722550188822,70.28299713134766,2363200,0.0,0.0
2012-10-18,69.92842142722886,71.8240910559049,69.23288474756417,71.5172348022461,1606700,0.0,0.0
2012-10-19,71.2649245307572,71.32629264956616,70.19434843777124,70.71258544921875,1324600,0.0,0.0
2012-10-22,70.79443286703818,71.32631084218382,70.67851181141985,71.30585479736328,749700,0.0,0.0
2012-10-23,70.45347505199824,70.98535295269605,70.20799214360662,70.84215545654297,1129200,0.0,0.0
2012-10-24,70.54897212426471,71.67410176552038,70.54215170636068,71.17631530761719,968400,0.0,0.0
2012-10-25,71.60589789005297,71.73545458781307,70.78080438346106,71.06037902832031,676200,0.0,0.0
2012-10-26,71.05353825597528,71.34675364972492,70.2625418557717,70.5353012084961,700500,0.0,0.0
2012-10-31,70.84899732803171,71.2581338984411,69.79205641889152,70.9853744506836,1721600,0.0,0.0
2012-11-01,71.09444155469818,71.40129251461657,70.41936111895623,71.2649154663086,1150500,0.0,0.0
2012-11-02,71.52405903457876,71.5649711229357,70.43302665795385,70.61032104492188,1152200,0.0,0.0
2012-11-05,70.22159283229468,70.58299657348898,69.36240314406439,70.38524627685547,621500,0.0,0.0
2012-11-06,70.52846505582566,71.42856707724518,70.35799114872006,71.39447021484375,808900,0.0,0.0
2012-11-07,70.51486388278504,70.51486388278504,68.38052619351129,68.85103607177734,1226300,0.0,0.0
2012-11-08,68.97377201532812,69.33517601355022,68.31233215332031,68.31233215332031,698100,0.0,0.0
2012-11-09,67.80090093172413,68.298687164565,67.50768552387586,67.56905364990234,1146500,0.0,0.0
2012-11-12,67.78044773253808,68.33960211485729,67.45313543931232,68.16230773925781,643700,0.0,0.0
2012-11-13,68.03273953422355,68.03273953422355,66.75759775795359,66.9076156616211,1165000,0.0,0.0
2012-11-14,67.14628367028584,67.19401617061318,65.39381158333583,65.57110595703125,1038100,0.0,0.0
2012-11-15,65.6324713223091,66.06888422191841,65.30515904637605,65.7415771484375,1229500,0.0,0.0
2012-11-16,65.77565385008657,66.40299660021729,65.26423211200046,66.21206665039062,980900,0.0,0.0
2012-11-19,66.91441235583757,67.29627742380129,66.44390793653032,66.9485092163086,705600,0.0,0.0
2012-11-20,66.82577920263378,67.43266596491057,66.32117783676966,67.15309143066406,636800,0.0,0.0
2012-11-21,67.09855327188075,67.15310618895015,66.45074908719967,67.02354431152344,367100,0.0,0.0
2012-11-23,67.33721093917566,67.96455383300781,67.23492552763838,67.96455383300781,202000,0.0,0.0
2012-11-26,67.60995782808253,67.80770819991477,67.09171565371017,67.44630432128906,591500,0.0,0.0
2012-11-27,67.42587613893902,67.64408265579821,66.74398012344729,67.26904296875,647900,0.0,0.0
2012-11-28,66.97580392166057,67.1462778655856,66.19162273911502,67.01671600341797,693100,0.0,0.0
2012-11-29,67.60733755826412,67.60733755826412,66.6320956955854,66.79692840576172,663600,0.7,0.0
2012-11-30,66.89997916553807,67.2571063935378,66.57718817189551,67.1197509765625,740000,0.0,0.0
2012-12-03,67.23649988128844,67.40819676288531,66.57031514232891,66.74201202392578,502800,0.0,0.0
2012-12-04,66.76260758543881,67.0579263994131,65.95219818242369,66.03461456298828,899100,0.0,0.0
2012-12-05,66.29559956972021,66.61839054785185,65.71183121596684,66.15137481689453,755600,0.0,0.0
2012-12-06,66.15825408459155,66.9411915686883,66.0346321007987,66.8519058227539,934100,0.0,0.0
2012-12-07,66.85876859886937,67.12661533081501,66.5153748153726,67.05793762207031,571000,0.0,0.0
2012-12-10,66.85877330095985,68.26669000822294,66.64587081694614,67.2983169555664,723800,0.0,0.0
2012-12-11,67.45625031550027,67.64168058339558,66.96863195497568,67.16780090332031,684800,0.0,0.0
2012-12-12,67.26396181226609,67.90267432455303,67.037320705377,67.3807144165039,948400,0.0,0.0
2012-12-13,67.75845304834857,68.11558022062381,67.14034328886021,67.47686767578125,718700,0.0,0.0
2012-12-14,67.10600179150087,67.4013206075877,67.06479622081002,67.24336242675781,895200,0.0,0.0
2012-12-17,67.45626145279981,68.78176138735365,67.17467609458231,68.60319519042969,1367300,0.0,0.0
2012-12-18,68.69935795864143,69.52350616455078,68.38343631363011,69.52350616455078,1882100,0.0,0.0
2012-12-19,69.23506984675875,69.79823557952724,68.91914811762273,69.10458374023438,695600,0.0,0.0
2012-12-20,69.10455327858638,69.6539800801992,69.00153411585514,69.4548110961914,654200,0.0,0.0
2012-12-21,68.65127352289075,69.07708363223836,68.31474913634241,68.58259582519531,1693000,0.0,0.0
2012-12-24,68.38343547253658,68.43151039097366,67.9301584186688,68.09498596191406,231900,0.0,0.0
2012-12-26,68.36282579341199,68.47270906457454,67.52494423673554,67.90267944335938,396400,0.0,0.0
2012-12-27,68.01941979628657,68.07436404185076,66.61837297302964,67.48372650146484,576800,0.0,0.0
2012-12-28,66.96865213817117,67.6004953952124,66.95491345358123,66.99612426757812,552600,0.0,0.0
2012-12-31,66.934295870864,67.64855535824141,66.68705200062676,67.6279525756836,627800,0.0,0.0
2013-01-02,68.90537461835429,69.38612365722656,68.39714821752185,69.38612365722656,704900,0.0,0.0
2013-01-03,69.33118914886838,69.55096091746796,68.80236513184734,69.4548110961914,727000,0.0,0.0
2013-01-04,69.50288910313937,70.64295880588256,69.36553370656014,70.60175323486328,852100,0.0,0.0
2013-01-07,70.38884314124742,70.41631526757436,69.6883222591138,70.36824035644531,612400,0.0,0.0
2013-01-08,70.18281082505341,70.34076900345447,69.63337877201889,70.29269409179688,828200,0.0,0.0
2013-01-09,70.38884555846121,70.8489971405239,70.24462082012126,70.60175323486328,483200,0.0,0.0
2013-01-10,71.04129239873058,71.30913907333826,70.59487952779371,71.10997009277344,681900,0.0,0.0
2013-01-11,70.91078474502383,71.29538393471081,70.24460026305105,70.90391540527344,619000,0.0,0.0
2013-01-14,70.76656070856535,70.95199096538698,70.06603476108134,70.59486389160156,573000,0.0,0.0
2013-01-15,70.26520440543118,71.23357697795305,70.02482990721438,71.04814147949219,1165500,0.0,0.0
2013-01-16,71.59758736898517,71.59758736898517,70.44378431258474,70.67042541503906,1087000,0.0,0.0
2013-01-17,70.81462711120824,71.0893430333434,70.4918362956822,70.9657211303711,1066800,0.0,0.0
2013-01-18,71.254215131492,71.3091593982957,70.53308603907105,70.93829345703125,949500,0.0,0.0
2013-01-22,70.78030380055334,71.98905102394805,70.78030380055334,71.94784545898438,1288400,0.0,0.0
2013-01-23,71.8379510088751,71.9890450542414,71.3434633112295,71.50142669677734,696100,0.0,0.0
2013-01-24,71.5632352670904,72.05772296631139,71.24731373475952,71.43961334228516,533000,0.0,0.0
2013-01-25,71.6731424920984,71.72121740655027,70.91080796309542,71.41902923583984,584800,0.0,0.0
2013-01-28,71.42589903202933,71.43276837407262,70.80091990040816,70.8283920288086,894500,0.0,0.0
2013-01-29,70.81465493862066,71.08250162701894,70.55367759191202,71.02755737304688,851600,0.0,0.0
2013-01-30,70.965734530184,71.09622055701462,70.29268065585475,70.95199584960938,1168400,0.0,0.0
2013-01-31,70.64295194054347,70.72536831434499,69.93556176133939,70.52619934082031,1128500,0.0,0.0
2013-02-01,70.89705386822575,71.52202757405992,70.51244942486434,71.37093353271484,721900,0.0,0.0
2013-02-04,70.96572219449105,71.06874132180779,70.35448200945434,70.53304290771484,521800,0.0,0.0
2013-02-05,70.79405642976886,71.85857390597646,70.50560693864985,71.7418212890625,773300,0.0,0.0
2013-02-06,71.20610715074854,71.52202867854362,71.006938205879,71.46022033691406,587800,0.0,0.0
2013-02-07,71.19241199459397,71.65255847341001,70.72539617197906,71.28169250488281,498700,0.0,0.0
2013-02-08,71.32285981641617,71.79674472854418,71.15803233210822,71.6937255859375,408200,0.0,0.0
2013-02-11,71.37782630784426,71.67314514749626,71.24733500388064,71.59072875976562,468300,0.0,0.0
2013-02-12,71.67312673171617,72.57968580472924,71.57010758346597,72.42172241210938,653500,0.0,0.0
2013-02-13,72.58656585351567,72.70331846019639,71.70747877300055,71.88603973388672,660100,0.0,0.0
2013-02-14,71.77616618576677,72.05774634822133,71.44650586605803,71.83797454833984,794000,0.0,0.0
2013-02-15,72.09896798436083,72.18137914682733,71.42591379883288,71.9959487915039,639200,0.0,0.0
2013-02-19,72.10582131669679,72.7239311417297,72.0234101665411,72.64838409423828,1174600,0.0,0.0
2013-02-20,72.394251376969,72.46979315892956,71.7967445432096,71.8722915649414,666100,0.0,0.0
2013-02-21,71.72807813674707,71.96845268014663,70.71849981469694,70.80091094970703,647000,0.0,0.0
2013-02-22,71.18552200125217,71.92725372314453,70.89020318085646,71.92725372314453,696300,0.0,0.0
2013-02-25,72.2706446898796,72.53162203102582,69.90809421716018,69.95616912841797,952800,0.0,0.0
2013-02-26,70.22400239968935,70.4231713482263,69.28310189931226,70.0866470336914,757300,0.0,0.0
2013-02-27,70.05232062543047,70.656691701371,69.57157150136102,70.49873352050781,626200,0.0,0.0
2013-02-28,70.37426214567377,71.06576518652082,70.22213590831701,70.59554290771484,741600,0.7,0.0
2013-03-01,70.24976439507174,71.1418036081042,69.71730957953557,70.98967742919922,616700,0.0,0.0
2013-03-04,70.65082427762853,71.47371411696002,70.65082427762853,71.4114761352539,537200,0.0,0.0
2013-03-05,71.67429687074446,72.04079266707082,71.52908185384626,71.68121337890625,793500,0.0,0.0
2013-03-06,71.9854553043175,72.04769331257096,71.47374460375573,71.79875183105469,785600,0.0,0.0
2013-03-07,71.88171722250308,71.99927671342385,71.5359658067609,71.88863372802734,604100,0.0,0.0
2013-03-08,72.31045087729267,72.33119511811752,71.660436527458,71.88863372802734,556200,0.0,0.0
2013-03-11,71.90248824579994,72.06844749778678,71.74344022565666,72.04078674316406,660000,0.0,0.0
2013-03-12,71.78494136066216,72.05462717103707,71.77803012760157,71.97856140136719,989200,0.0,0.0
2013-03-13,72.0200306752378,72.13066839981984,71.69502345645223,72.06843566894531,475100,0.0,0.0
2013-03-14,72.2067628718892,72.44878793671917,72.0822920848694,72.379638671875,395700,0.0,0.0
2013-03-15,72.36579347434649,72.5179249857595,71.93014318698204,72.15834045410156,968600,0.0,0.0
2013-03-18,71.9854665098421,72.33121803513023,70.87906268406995,71.43917846679688,636000,0.0,0.0
2013-03-19,71.6673664635485,71.93705219630706,70.96894699565505,71.12107849121094,867100,0.0,0.0
2013-03-20,71.54288533586363,71.5636295775652,71.01043045444688,71.42533111572266,1002100,0.0,0.0
2013-03-21,71.08652231210897,71.40461311182861,70.8721527590098,71.0035400390625,547500,0.0,0.0
2013-03-22,71.2040433014919,71.34234174952512,70.9066968900476,71.30776977539062,574600,0.0,0.0
2013-03-25,71.62587350707378,71.66736199391103,70.94819832615687,71.08650207519531,584600,0.0,0.0
2013-03-26,71.43225920832546,71.4460869464534,70.76841171170598,70.92745971679688,851100,0.0,0.0
2013-03-27,70.53331169427743,71.37694626650539,70.38809668564387,71.32162475585938,486500,0.0,0.0
2013-03-28,71.51525913903858,71.70196795605237,69.67586338428659,71.3354721069336,710800,0.0,0.0
2013-04-01,71.34928109779635,71.34928109779635,70.58171233124804,70.87905883789062,427700,0.0,0.0
2013-04-02,71.11414612274358,71.24553334428185,70.38807134101351,70.58860778808594,880600,0.0,0.0
2013-04-03,70.64393994771385,70.64393994771385,69.57902483126804,69.71732330322266,639800,0.0,0.0
2013-04-04,69.93167952962376,70.5332888929802,69.8072088087827,70.26360321044922,528800,0.0,0.0
2013-04-05,69.22635169567874,70.05615301688826,69.07422022244911,69.98008728027344,1127400,0.0,0.0
2013-04-08,69.92477936607199,69.96626785433563,69.4407241414182,69.9040298461914,1133400,0.0,0.0
2013-04-09,69.84870792261906,71.183308702302,69.79338642561447,71.07958221435547,885600,0.0,0.0
2013-04-10,71.30778654107685,72.32429145218886,71.11416128225903,72.25514221191406,648800,0.0,0.0
2013-04-11,72.24133879867153,72.7807104404761,72.15835651695136,72.5525131225586,629400,0.0,0.0
2013-04-12,70.18757975035044,71.58441399153924,69.10883637050658,69.3162841796875,2484700,0.0,0.0
2013-04-15,69.15030760359603,69.47531489345289,68.01624298095703,68.01624298095703,1471400,0.0,0.0
2013-04-16,67.82950644469106,68.21675159634613,67.53216530836758,68.09919738769531,1470400,0.0,0.0
2013-04-17,67.4561363487618,67.63592337443467,66.68165089903465,66.76463317871094,882800,0.0,0.0
2013-04-18,66.81303718238543,67.73964888392479,66.16302252409636,67.46996307373047,1261500,0.0,0.0
2013-04-19,67.72580346459452,68.41730644372822,67.4077127272829,68.28591918945312,914500,0.0,0.0
2013-04-22,68.38273331183979,68.43805481968928,67.78112378441254,68.23751831054688,615800,0.0,0.0
2013-04-23,68.58326197038248,68.94284117874513,68.15452824724926,68.84603118896484,598400,0.0,0.0
2013-04-24,69.03967207304085,69.17105935998916,68.70775351493508,69.0949935913086,565900,0.0,0.0
2013-04-25,69.27474714745705,69.49602782103143,69.03963346417635,69.21250915527344,755000,0.0,0.0
2013-04-26,69.2609392511099,69.41306547121927,68.92901550780553,69.02582550048828,598800,0.0,0.0
2013-04-29,69.24020167355856,69.46148244867962,68.7907288910391,69.0189208984375,422700,0.0,0.0
2013-04-30,68.97743806370529,69.41308314167965,68.4864714684722,69.28861236572266,657400,0.0,0.0
2013-05-01,69.06041928325234,69.24712280645691,68.69391819383196,68.83222198486328,731900,0.0,0.0
2013-05-02,68.94976833194262,69.94553441000946,68.77689256981988,69.44073486328125,717300,0.0,0.0
2013-05-03,69.89020752549584,70.12532128729265,69.49605102919604,69.68275451660156,420100,0.0,0.0
2013-05-06,69.67584722190634,70.14606949631855,69.6205257129756,70.0008544921875,282200,0.0,0.0
2013-05-07,70.18757141836481,70.78226456377257,70.02852336869742,70.74077606201172,501500,0.0,0.0
2013-05-08,70.76840422770262,71.45990712744917,70.53329577414804,71.35618591308594,407000,0.0,0.0
2013-05-09,71.34236549459033,71.56364625054151,71.0381077525008,71.2732162475586,472300,0.0,0.0
2013-05-10,71.43918134891511,71.70195589521512,71.10726282566745,71.58439636230469,374400,0.0,0.0
2013-05-13,71.34237615482759,71.84717575751209,71.23864963090611,71.45993041992188,381700,0.0,0.0
2013-05-14,71.51524441111394,71.91631744767511,71.397690158389,71.9094009399414,612400,0.0,0.0
2013-05-15,71.56365636664653,73.18868764247594,71.56365636664653,72.86368560791016,578800,0.0,0.0
2013-05-16,72.62857166260062,73.05038898677526,72.1514328227883,72.39346313476562,602200,0.0,0.0
2013-05-17,72.44185402724516,73.35463775441724,72.44185402724516,73.25782775878906,530900,0.0,0.0
2013-05-20,73.14716976074315,73.52058192840113,72.91206132689258,73.3200454711914,400800,0.0,0.0
2013-05-21,73.29933033662684,73.76955266679747,73.15411531527637,73.47220611572266,486300,0.0,0.0
2013-05-22,73.39614921991162,74.2743612382599,72.25516788485518,72.379638671875,622200,0.0,0.0
2013-05-23,71.84024946219293,72.53175249313193,71.75035596744065,72.09610748291016,465900,0.0,0.0
2013-05-24,71.7780225319546,72.42803184614368,71.39077721577296,72.40728759765625,385900,0.0,0.0
2013-05-28,73.03658439087494,73.70042696164705,72.9536020911215,73.35467529296875,486300,0.0,0.0
2013-05-29,73.06416655217886,73.66577043196904,72.96044010801796,73.2923583984375,741400,0.0,0.0
2013-05-30,73.64742154879231,74.11380752385787,73.16711059221244,73.7936019897461,439000,0.7,0.0
2013-05-31,73.64739571882326,73.98848329475423,73.02090454101562,73.02090454101562,664700,0.0,0.0
2013-06-03,73.2018982399092,73.5917126453032,72.69374276645803,73.5081787109375,818100,0.0,0.0
2013-06-04,73.49428365612486,73.96763215440214,72.39444371735935,72.5963134765625,1270800,0.0,0.0
2013-06-05,72.27609182487376,72.65894378431676,71.46165578902335,71.5521469116211,691100,0.0,0.0
2013-06-06,71.21106970978316,71.54519491207556,70.07642271198668,71.4755859375,1030700,0.0,0.0
2013-06-07,71.8027585066163,72.2761069988576,71.51039760839144,72.21345520019531,405500,0.0,0.0
2013-06-10,72.42228883502376,72.68680508455645,72.12296543992045,72.38748168945312,635600,0.0,0.0
2013-06-11,71.80969541528111,72.1716651635362,71.32242211434134,71.62870788574219,892100,0.0,0.0
2013-06-12,71.9697979837408,72.21343198727901,71.04398345947266,71.04398345947266,666100,0.0,0.0
2013-06-13,71.05792448793737,72.15080181708888,70.70291182497789,72.08815002441406,552300,0.0,0.0
2013-06-14,72.74251568022515,72.74251568022515,71.2250160976209,71.3572769165039,544900,0.0,0.0
2013-06-17,71.94194748325634,71.98371710247947,71.37810807655805,71.72615814208984,531800,0.0,0.0
2013-06-18,71.71919992995689,72.88168594354808,71.25281408893376,72.48490905761719,1459200,0.0,0.0
2013-06-19,72.47796634142082,72.68679324836538,71.9210839679209,72.0533447265625,634300,0.0,0.0
2013-06-20,71.62872989388737,73.0348503194189,71.26675472359153,72.603271484375,1070900,0.0,0.0
2013-06-21,73.45250724503879,74.24606653701733,72.73552472792784,73.96066284179688,1407100,0.0,0.0
2013-06-24,73.25063193121106,73.77270712075622,72.65894246773446,73.2088623046875,784500,0.0,0.0
2013-06-25,73.58476961533485,74.83775240804734,73.23671942967297,74.6428451538086,953300,0.0,0.0
2013-06-26,75.58952926286261,76.66152436549501,75.51992029481092,76.3691635131836,1109900,0.0,0.0
2013-06-27,76.71721851476677,77.81009584583025,76.70329884460588,77.61518859863281,974300,0.0,0.0
2013-06-28,77.48987652112936,77.9701873739,77.04437280379724,77.78919982910156,1063000,0.0,0.0
2013-07-01,77.96323037345041,79.25101481299001,77.81704995379903,78.5897216796875,861500,0.0,0.0
2013-07-02,78.50620476932063,79.39721246004254,78.43659578926263,79.1675033569336,947100,0.0,0.0
2013-07-03,78.78463913547291,79.25798759377678,78.3043281865225,79.04219818115234,456300,0.0,0.0
2013-07-05,79.66172129811294,81.02607727050781,79.60603199862973,81.02607727050781,634300,0.0,0.0
2013-07-08,80.88688091087376,81.52729744617517,80.67805393462767,81.3602294921875,859400,0.0,0.0
2013-07-09,81.65951995235847,82.39042735104141,81.13048757757171,81.84050750732422,1076600,0.0,0.0
2013-07-10,81.75000297514065,82.13285486955323,81.10262962590272,81.8056869506836,876200,0.0,0.0
2013-07-11,82.5157439835495,82.5157439835495,80.81029477716001,81.3393325805664,725900,0.0,0.0
2013-07-12,81.48549367613099,82.09110280634938,81.01910778259563,81.98668670654297,752700,0.0,0.0
2013-07-15,82.2442547764124,82.4321995281208,81.75002418106536,82.16072082519531,496600,0.0,0.0
2013-07-16,82.08416847674296,82.19554710429912,80.71284966220307,81.85445404052734,874600,0.0,0.0
2013-07-17,82.32777729212067,82.64798809255244,81.20706073390406,82.09806823730469,867800,0.0,0.0
2013-07-18,81.71522265018287,83.21183951958307,80.07242533923534,83.0447769165039,1500900,0.0,0.0
2013-07-19,82.81506243629616,82.90555357311968,82.00758345236552,82.2999496459961,1373500,0.0,0.0
2013-07-22,82.39739004034107,83.18398142560723,82.27209178057248,83.00995635986328,760300,0.0,0.0
2013-07-23,83.00999367152313,83.03783833185672,82.43919141174946,82.62713623046875,625300,0.0,0.0
2013-07-24,82.66191510364361,83.07957424410772,82.28602028397867,82.43916320800781,702400,0.0,0.0
2013-07-25,82.27907153289787,82.58535743210113,81.59689606208607,81.9449462890625,670300,0.0,0.0
2013-07-26,81.77089497572912,81.77089497572912,80.99126080520399,81.61775207519531,434700,0.0,0.0
2013-07-29,81.70825117485526,81.70825117485526,80.6153739179902,80.85205078125,504700,0.0,0.0
2013-07-30,81.29059915488011,81.68041365684282,81.04696509115342,81.29756164550781,536100,0.0,0.0
2013-07-31,81.44372893935225,82.585332920132,81.22793956213883,81.34627532958984,886900,0.0,0.0
2013-08-01,82.20246126226027,82.95425067231683,82.04932369575764,82.91944885253906,645900,0.0,0.0
2013-08-02,82.69669702483591,83.10739354964196,82.42521840078591,82.91944885253906,815000,0.0,0.0
2013-08-05,82.58531832944439,83.14220055326301,82.2024611367163,82.73149871826172,515500,0.0,0.0
2013-08-06,82.6897406546852,82.6897406546852,82.0562869444849,82.32080841064453,551300,0.0,0.0
2013-08-07,82.02150710461348,82.25817867900437,81.30452457995075,81.70130157470703,1192900,0.0,0.0
2013-08-08,82.02847580815137,82.64801010465045,81.4646361339778,82.13985443115234,433800,0.0,0.0
2013-08-09,81.96579976505588,82.29993020277115,81.51333356618393,81.91011047363281,587500,0.0,0.0
2013-08-12,81.6247271360878,82.18856671050892,81.31147879743509,82.01454162597656,532300,0.0,0.0
2013-08-13,82.0911015803617,82.0911015803617,81.38108167176412,81.70824432373047,512300,0.0,0.0
2013-08-14,81.74306173347514,81.98669578612225,81.38804907914702,81.73609924316406,550400,0.0,0.0
2013-08-15,81.32538523724914,81.68039250496527,81.0330244364866,81.26273345947266,623600,0.0,0.0
2013-08-16,81.0956856252912,81.87531987967986,81.05392130640705,81.28363037109375,614800,0.0,0.0
2013-08-19,81.32540607229461,81.40197753651472,80.67107003653166,80.7894058227539,570900,0.0,0.0
2013-08-20,80.8381351999142,81.63865169890491,80.69891724827427,81.24187469482422,398700,0.0,0.0
2013-08-21,80.90075998463983,81.45067973841229,80.267306301279,80.90772247314453,650200,0.0,0.0
2013-08-22,81.03998854987815,82.9681891859715,81.0260688818604,82.66190338134766,658700,0.0,0.0
2013-08-23,83.12132467627737,83.12828185425417,81.91706903342826,82.32080841064453,562600,0.0,0.0
2013-08-26,82.23732103851795,82.78724112694347,82.00064939355872,82.51576232910156,804600,0.0,0.0
2013-08-27,81.67345024361256,81.79874851122682,79.60603148338919,79.64083862304688,1078200,0.0,0.0
2013-08-28,79.55728478337126,80.16289381056254,79.36237759599638,79.69650268554688,593700,0.0,0.0
2013-08-29,79.4514102378939,80.13778224868706,79.14324015921376,79.7105484008789,396800,0.7,0.0
2013-08-30,80.06070412689901,80.06770944652536,78.75099256191403,79.38133239746094,511100,0.0,0.0
2013-09-03,80.09574375852526,80.98522718939563,79.10820186086745,79.9626693725586,996800,0.0,0.0
2013-09-04,79.92065127323482,81.09729414249007,79.92065127323482,80.90818786621094,759000,0.0,0.0
2013-09-05,80.85917760497027,81.58757622741162,80.78914040624424,81.18135833740234,489800,0.0,0.0
2013-09-06,80.77510102558836,81.17431876774558,79.22025128976759,80.52996826171875,559900,0.0,0.0
2013-09-09,80.55099686648332,80.73309247831226,79.0941999108837,79.24127960205078,1461400,0.0,0.0
2013-09-10,79.66852717018513,79.87163878177255,78.99616046122105,79.24829864501953,1139400,0.0,0.0
2013-09-11,79.26928073780228,79.48639757323205,78.46383990410378,78.89807891845703,768500,0.0,0.0
2013-09-12,79.08017764415027,79.13620417388734,78.13465714973788,78.23971557617188,634600,0.0,0.0
2013-09-13,78.23972908068095,78.80703720045335,78.07163877546958,78.39381408691406,454200,0.0,0.0
2013-09-16,78.87007250008415,79.34633280626129,78.38680687283983,78.64595031738281,829000,0.0,0.0
2013-09-17,78.83504619352713,79.54943927882545,78.2257168870307,79.52142333984375,583700,0.0,0.0
2013-09-18,79.5144180873475,80.32686428803079,79.00314189510196,79.47239685058594,969500,0.0,0.0
2013-09-19,79.57744536501056,79.88560996866617,78.01559035699779,78.86305236816406,1005300,0.0,0.0
2013-09-20,78.8490511112166,79.30430073550873,78.05061561042457,78.1136474609375,1792200,0.0,0.0
2013-09-23,78.11363975034084,78.23970878241602,76.67085387264169,77.55333709716797,921600,0.0,0.0
2013-09-24,77.5533648302457,77.86152952946787,77.05608850004482,77.38526916503906,796200,0.0,0.0
2013-09-25,77.6163983617585,77.98760027926828,76.9510370390706,77.7774887084961,638600,0.0,0.0
2013-09-26,77.81250202027286,78.50587926449107,77.72845953218273,78.47086334228516,813700,0.0,0.0
2013-09-27,77.98760443960388,78.80705083066938,77.87554599791319,78.49888610839844,836300,0.0,0.0
2013-09-30,77.88253403371766,78.54089531198888,77.413279028075,78.38681030273438,854000,0.0,0.0
2013-10-01,78.4148381081092,78.75102411948008,78.13468398921601,78.59693908691406,656400,0.0,0.0
2013-10-02,78.26072644925387,78.30275302606132,77.74945029895619,78.04360961914062,571600,0.0,0.0
2013-10-03,77.84052203669602,78.26775585182317,77.35725633091396,77.81951141357422,644200,0.0,0.0
2013-10-04,77.84752694190057,79.12222305824828,77.66542596999514,79.024169921875,501600,0.0,0.0
2013-10-07,78.33076824748721,78.44283200093705,77.41326897596572,77.46229553222656,538500,0.0,0.0
2013-10-08,77.62339266168819,77.96657858566526,76.94402079131926,76.97904205322266,1054800,0.0,0.0
2013-10-09,77.30121891038846,77.71444202297937,76.50278328309885,77.48331451416016,931400,0.0,0.0
2013-10-10,78.20471129339226,79.23426906377622,78.17669535261052,79.1572265625,877900,0.0,0.0
2013-10-11,78.98913031396823,80.43892174342479,78.36579037311697,80.15876770019531,975800,0.0,0.0
2013-10-14,79.59845548867705,80.5019493652836,79.59845548867705,80.45992279052734,598900,0.0,0.0
2013-10-15,80.1167678803666,80.43894324598,79.45140652539256,79.6545181274414,532000,0.0,0.0
2013-10-16,80.35488753683306,81.36343471531471,80.13076534789332,81.28639221191406,858100,0.0,0.0
2013-10-17,80.56500195135999,80.7821188267669,78.26774809707175,78.87708282470703,2118200,0.0,0.0
2013-10-18,78.76501753042953,80.466947267174,77.29421530764292,80.40391540527344,1972500,0.0,0.0
2013-10-21,80.48795565940019,80.86616285081611,79.67551473759497,79.8436050415039,1289600,0.0,0.0
2013-10-22,79.82260599433131,79.84361661742929,79.17124996081773,79.29031372070312,782700,0.0,0.0
2013-10-23,78.93311595693378,79.08020100348462,78.38681839029957,79.05218505859375,1347400,0.0,0.0
2013-10-24,79.56342955922626,79.86459416706816,78.48484015773418,78.68094635009766,1184600,0.0,0.0
2013-10-25,78.82806396484375,79.03117021707673,78.22573449985545,78.82806396484375,1026300,0.0,0.0
2013-10-28,78.73000681538454,78.88408649138142,78.35179958849419,78.47086334228516,1157300,0.0,0.0
2013-10-29,78.82103562689068,78.95410999228471,78.39380193709326,78.92609405517578,1129000,0.0,0.0
2013-10-30,78.92611363529436,80.53699034248484,78.80004455877554,80.06072998046875,1340800,0.0,0.0
2013-10-31,80.02570520257399,80.04671582241964,78.81404113769531,78.81404113769531,953400,0.0,0.0
2013-11-01,78.84906304760236,79.56345084569618,77.93856366118422,78.372802734375,927300,0.0,0.0
2013-11-04,78.49886670590483,78.77201543541274,77.81949487074625,78.1906967163086,629700,0.0,0.0
2013-11-05,77.87551934239146,78.26773176930404,77.672407808885,78.04360961914062,731900,0.0,0.0
2013-11-06,78.44284196688285,78.75101198452815,77.9595763198472,78.53388977050781,665300,0.0,0.0
2013-11-07,78.7160010276932,79.1082135789625,77.79149619720461,77.84052276611328,374400,0.0,0.0
2013-11-08,77.95957304397574,80.11675238985875,77.95957304397574,79.75255584716797,1039100,0.0,0.0
2013-11-11,79.50041198730469,79.80857662626951,79.24126856173764,79.50041198730469,478400,0.0,0.0
2013-11-12,79.23428159817821,79.6685207337479,77.82651641978192,78.01561737060547,851300,0.0,0.0
2013-11-13,77.87555027002153,78.26776285269808,77.31524200034444,78.21173095703125,827300,0.0,0.0
2013-11-14,78.44282941695383,78.9611109008519,78.10664351117252,78.8000259399414,658900,0.0,0.0
2013-11-15,79.00315656818407,79.43039036625568,78.63194931503554,79.3043212890625,1469700,0.0,0.0
2013-11-18,79.31832677820228,80.25683686571135,79.14323113410028,79.66851806640625,743700,0.0,0.0
2013-11-19,79.72452878078462,79.94865093197039,79.07317294398013,79.51441192626953,538500,0.0,0.0
2013-11-20,79.82260131835938,80.13777133335705,79.20626124494896,79.82260131835938,550600,0.0,0.0
2013-11-21,80.11676146564976,81.18134596056446,80.04672427760154,80.80313873291016,602700,0.0,0.0
2013-11-22,80.81010529587714,81.35640796114214,80.27081329306141,81.3283920288086,493700,0.0,0.0
2013-11-25,81.3494175775633,82.01477872629084,81.11829010099717,81.57353973388672,493800,0.0,0.0
2013-11-26,81.62258877661806,81.94476413112785,81.30741340078585,81.3564453125,695600,0.0,0.0
2013-11-27,81.63827667509038,81.96240521238225,81.33528613737778,81.70169067382812,535300,0.7,0.0
2013-11-29,81.72990211213883,81.98356893847071,81.23666404754447,81.2859878540039,228200,0.0,0.0
2013-12-02,81.08163438958846,81.91309657415097,80.69408640597801,80.7997817993164,738300,0.0,0.0
2013-12-03,80.73637533163425,81.48328019612732,79.87672727014292,80.41224670410156,805700,0.0,0.0
2013-12-04,79.82739177235209,80.8702393123725,79.51030560915977,79.91194915771484,553700,0.0,0.0
2013-12-05,79.78511466326759,80.1233334482557,79.34824290877638,79.43280029296875,925200,0.0,0.0
2013-12-06,80.25013934670737,80.7363347314573,79.989424866674,80.5390396118164,994700,0.0,0.0
2013-12-09,80.87727838028297,81.3141500936925,80.50382604302668,80.90546417236328,1026500,0.0,0.0
2013-12-10,80.62362318704744,80.88433776925322,80.0246898031654,80.50383758544922,926200,0.0,0.0
2013-12-11,80.66589191218911,80.89841528589807,79.96126324738479,80.19378662109375,1057200,0.0,0.0
2013-12-12,80.17267091500598,80.70819035441903,79.84854228417196,80.32769012451172,759200,0.0,0.0
2013-12-13,80.41221903804178,80.84204292090527,79.92602357607396,80.15150451660156,1084700,0.0,0.0
2013-12-16,80.28539455856532,81.45507538704081,80.20788497269095,81.1450424194336,986200,0.0,0.0
2013-12-17,81.31417246211205,81.38463427375082,79.37644307464178,80.13744354248047,3079100,0.0,0.0
2013-12-18,80.34879810243648,80.64474082313487,78.61541239791642,80.42630767822266,2252600,0.0,0.0
2013-12-19,80.36292456525952,80.37701477723063,79.66533811512825,80.13744354248047,1590300,0.0,0.0
2013-12-20,80.46155547582352,80.86319363227976,79.86261676148287,80.56724548339844,947300,0.0,0.0
2013-12-23,81.25074358614557,81.58191997567867,80.65885798638593,81.26483917236328,586300,0.0,0.0
2013-12-24,81.25776062025066,81.72986043790794,81.14502285263934,81.55370330810547,167300,0.0,0.0
2013-12-26,81.65942687763304,82.09629864581919,80.98298391056119,81.6805648803711,740800,0.0,0.0
2013-12-27,82.01875304505293,82.05398124218732,81.46914371158252,81.78622436523438,379100,0.0,0.0
2013-12-30,81.82150338020348,82.03288880807426,81.50441717456012,81.96947479248047,562600,0.0,0.0
2013-12-31,81.95536547103745,82.64590398850132,81.94127526189722,82.03287506103516,549200,0.0,0.0
2014-01-02,82.00468701002737,82.01878259467023,80.9336537404567,81.07457733154297,1069000,0.0,0.0
2014-01-03,81.20144349056321,81.49034395756127,81.06051984259359,81.18030548095703,741600,0.0,0.0
2014-01-06,81.37756716312208,81.94832006646655,80.89841943146604,80.92660522460938,877700,0.0,0.0
2014-01-07,81.12388960281068,81.6100850620106,80.78567088188959,81.37051391601562,941700,0.0,0.0
2014-01-08,81.36345670894268,81.82850874036363,81.2718515600482,81.59598541259766,2240700,0.0,0.0
2014-01-09,82.00468493309124,82.33586127723568,81.72988017430973,82.10333251953125,1795800,0.0,0.0
2014-01-10,82.0046878232433,82.06105941059299,81.49735966476747,81.73693084716797,837300,0.0,0.0
2014-01-13,81.51146027300302,81.8426366710713,80.25017406856205,80.57430267333984,1118500,0.0,0.0
2014-01-14,80.33472296855655,81.03230390562518,80.22197979139082,80.8913803100586,834200,0.0,0.0
2014-01-15,81.10275830218855,81.60304400945297,81.01115851101846,81.04638671875,1001800,0.0,0.0
2014-01-16,80.99003458250372,81.22960578990582,80.1797104014307,80.7997817993164,1090800,0.0,0.0
2014-01-17,80.32064230352621,80.86320953661307,77.69237966434804,78.91138458251953,2671900,0.0,0.0
2014-01-21,77.74166338768458,79.32002971619204,77.50913469339109,78.7563247680664,2490900,0.0,0.0
2014-01-22,78.798632394551,79.39051794903939,78.67179900774768,79.34119415283203,939900,0.0,0.0
2014-01-23,78.99592622488056,79.18617361387817,78.43222109855569,78.8127212524414,1290900,0.0,0.0
2014-01-24,78.32652563821078,78.93250134937004,78.12218267854156,78.4040298461914,1298500,0.0,0.0
2014-01-27,78.32653465187498,79.08048720147094,77.938986687923,77.9742202758789,1885800,0.0,0.0
2014-01-28,78.19970620361188,78.46041541775543,77.68532481675737,78.38995361328125,986100,0.0,0.0
2014-01-29,77.81213293029393,79.39049941637136,77.7064375699826,78.69996643066406,1452100,0.0,0.0
2014-01-30,79.05229277734962,79.64417828398834,78.74930223203022,79.48211669921875,692100,0.0,0.0
2014-01-31,78.38289786850538,79.1157123876567,78.37585545189614,78.57315063476562,840300,0.0,0.0
2014-02-03,78.46742492105506,78.79860115395908,76.9172444755038,77.0158920288086,1396700,0.0,0.0
2014-02-04,77.57961996058592,78.26311066999897,77.12865801588067,78.10104370117188,1261300,0.0,0.0
2014-02-05,77.92488413351121,78.84795137167613,77.83328433926474,78.46040344238281,683200,0.0,0.0
2014-02-06,78.56610593579391,79.26368689580401,78.46041054769765,79.21436309814453,567100,0.0,0.0
2014-02-07,79.48917331193384,80.21494011674282,79.2073260922772,79.62305450439453,764900,0.0,0.0
2014-02-10,79.52439318594303,79.8696597335945,79.05229326096587,79.58076477050781,537100,0.0,0.0
2014-02-11,79.55962282544994,80.51087042028152,79.20026071153048,80.32061767578125,565500,0.0,0.0
2014-02-12,80.24312533314169,80.88434011776945,79.5314541200008,79.7569351196289,942200,0.0,0.0
2014-02-13,79.33414945840964,80.00355000552592,78.7070302924727,79.87671661376953,822800,0.0,0.0
2014-02-14,79.93307539110054,80.41926550165249,79.93307539110054,80.36994171142578,343600,0.0,0.0
2014-02-18,80.546124200342,80.82092902885736,79.98946674937991,80.13744354248047,384300,0.0,0.0
2014-02-19,80.27130085454755,80.49678182531181,79.01001482637255,79.0875244140625,942100,0.0,0.0
2014-02-20,79.23548760716668,79.69349729365979,78.4251689801671,79.22139739990234,710100,0.0,0.0
2014-02-21,79.19319030687224,80.15148541976423,79.0804525514141,79.98237609863281,770200,0.0,0.0
2014-02-24,79.89783940948445,81.41983982087935,79.6582682572592,80.96183013916016,724000,0.0,0.0
2014-02-25,80.81386444635706,81.0604834073995,80.32062114838203,80.67293548583984,750800,0.0,0.0
2014-02-26,80.81384531321497,81.92715427032284,80.1937687855262,81.53961181640625,658800,0.0,0.0
2014-02-27,81.53254188381966,82.00751495361328,80.80944354870626,82.00751495361328,791600,0.7,0.0
2014-02-28,82.05007799646009,83.45373647985555,81.96501139108467,82.65265655517578,813700,0.0,0.0
2014-03-03,81.84446167142661,82.20601083898332,81.36239791755342,82.00751495361328,532400,0.0,0.0
2014-03-04,82.51083761139465,83.63801829559532,82.51083761139465,83.53876495361328,702400,0.0,0.0
2014-03-05,83.40408052272656,83.46788045230437,82.88656876774236,83.19849395751953,687000,0.0,0.0
2014-03-06,83.46077262267211,84.57377172070257,83.46077262267211,84.29729461669922,730700,0.0,0.0
2014-03-07,85.02752861114213,85.5379498479876,84.15555809676296,84.63053131103516,968700,0.0,0.0
2014-03-10,84.40367393706339,85.02043380311933,84.36114063892457,84.60926055908203,590900,0.0,0.0
2014-03-11,84.63051865400881,84.71559065029629,83.17724189220205,83.78691101074219,901100,0.0,0.0
2014-03-12,83.4466125740563,83.96412432138104,83.09215410314012,83.90740966796875,566300,0.0,0.0
2014-03-13,84.2618919826369,84.36113994988926,82.85823366082576,83.1559829711914,700600,0.0,0.0
2014-03-14,82.9503945325041,83.77982627290633,82.88658917860708,83.24813842773438,658400,0.0,0.0
2014-03-17,83.54587270951588,83.85779794021221,83.02836629525096,83.44662475585938,576300,0.0,0.0
2014-03-18,83.80107779649181,83.921592388247,83.2410327182908,83.6663818359375,485400,0.0,0.0
2014-03-19,83.68058001599388,84.6092597404299,83.23396416403175,83.8436279296875,761500,0.0,0.0
2014-03-20,83.57421279955533,85.82856875496597,83.27646900000839,85.7505874633789,1175100,0.0,0.0
2014-03-21,86.37444707307333,87.22515074176916,85.67971142267643,85.8711166381836,1404100,0.0,0.0
2014-03-24,86.05542888823672,86.87777515363476,85.37486925925583,85.81439971923828,825300,0.0,0.0
2014-03-25,86.11214472149497,86.31773129065853,85.36777974378582,85.89946746826172,628200,0.0,0.0
2014-03-26,86.20430320082318,86.58002833273012,85.7222394407936,85.76477813720703,679500,0.0,0.0
2014-03-27,85.61591433256866,85.9916449324158,84.67305871613037,84.75812530517578,1052700,0.0,0.0
2014-03-28,85.07003282337254,85.7576831207386,84.72975031229197,85.3819580078125,672700,0.0,0.0
2014-03-31,85.76478494959636,86.12632874188088,85.48121705494769,85.99163818359375,680800,0.0,0.0
2014-04-01,86.34609352558601,86.42407482896292,85.55210453147909,86.32482147216797,621000,0.0,0.0
2014-04-02,86.45951779168092,86.45951779168092,85.72224345309125,85.9490966796875,600400,0.0,0.0
2014-04-03,85.99163264099649,86.42407243552603,85.7080647646252,86.37444305419922,541400,0.0,0.0
2014-04-04,86.51620731290205,87.09751887519083,85.41738410448262,85.45992279052734,566300,0.0,0.0
2014-04-07,85.45285193444583,85.48829453766602,84.64468702396725,84.9991455078125,650700,0.0,0.0
2014-04-08,84.97079212631705,85.96327700889854,84.55252828347872,85.7576904296875,1259800,0.0,0.0
2014-04-09,85.97746037261413,86.3390095884704,85.52375388584107,86.02708435058594,734100,0.0,0.0
2014-04-10,86.01288779958243,86.12631168982058,83.96411841450632,83.9782943725586,1124100,0.0,0.0
2014-04-11,83.2906471448121,84.28313191129737,82.30525306191363,83.80815887451172,1196900,0.0,0.0
2014-04-14,84.64470268022029,86.62966731173705,84.4107587395454,85.6726303100586,1296500,0.0,0.0
2014-04-15,85.8852748863005,86.51621043121065,84.40363590171162,85.34649658203125,1170100,0.0,0.0
2014-04-16,85.65133911872928,86.36734669776773,85.52373386116408,86.23265075683594,795500,0.0,0.0
2014-04-17,86.13339347167641,86.43822792006034,85.63715386203101,86.16175079345703,700600,0.0,0.0
2014-04-21,86.16176869276843,86.6154751182993,85.63717165236223,85.89946746826172,547700,0.0,0.0
2014-04-22,85.81439457083427,86.977017876668,85.46702138890814,86.4524154663086,538600,0.0,0.0
2014-04-23,86.43824700266572,87.23932123754481,86.05543118702403,87.189697265625,649800,0.0,0.0
2014-04-24,87.90571257959313,88.01914190163401,86.77144640222316,87.13299560546875,878800,0.0,0.0
2014-04-25,87.13299088971674,87.13299088971674,86.28937793067037,86.65801239013672,602800,0.0,0.0
2014-04-28,86.93449394139049,87.02665661732907,85.70807050126288,86.40989685058594,888300,0.0,0.0
2014-04-29,86.63673670732082,87.19678172679403,86.10504901386476,86.21138763427734,521300,0.0,0.0
2014-04-30,86.14052889434414,86.56587812476094,85.79315557856587,86.49498748779297,673700,0.0,0.0
2014-05-01,86.6509376811518,86.79271893471152,85.90657257844296,86.12633514404297,557000,0.0,0.0
2014-05-02,86.31773489526532,87.18261449524043,85.87111372654614,86.3460922241211,436800,0.0,0.0
2014-05-05,85.99870586485643,86.19720172791702,85.58044749749399,86.09795379638672,559100,0.0,0.0
2014-05-06,85.85691266328287,85.9916085838131,84.56668432492741,84.6517562866211,596100,0.0,0.0
2014-05-07,84.99205819066604,85.75768984416784,84.73684763949879,85.71515655517578,674500,0.0,0.0
2014-05-08,85.67262028792769,86.19721736527214,85.33942842508473,85.72224426269531,531700,0.0,0.0
2014-05-09,85.69387893666403,86.09087610636752,84.9778767116305,86.04125213623047,754200,0.0,0.0
2014-05-12,87.4094680190357,87.50871596606959,86.24684457497513,87.23223876953125,777200,0.0,0.0
2014-05-13,87.19678977449719,87.19678977449719,86.36026750990975,86.46660614013672,580000,0.0,0.0
2014-05-14,86.55877447308755,86.55877447308755,84.80774841835417,84.92826843261719,513000,0.0,0.0
2014-05-15,84.36113936574746,84.65888326544287,83.04964374304367,84.16264343261719,744500,0.0,0.0
2014-05-16,84.09174066529872,84.46037514382746,83.47498089755555,84.04920196533203,797100,0.0,0.0
2014-05-19,83.75144307974723,85.2614341467125,83.75144307974723,85.14801025390625,765700,0.0,0.0
2014-05-20,85.10547625244926,85.16218549407075,84.12008219131258,84.63758850097656,575800,0.0,0.0
2014-05-21,84.77938504471975,85.45285946856829,84.47455591399991,85.1054916381836,426300,0.0,0.0
2014-05-22,85.09839936813859,85.61590576171875,84.99206073386904,85.61590576171875,868800,0.0,0.0
2014-05-23,85.46702768633274,85.97035808313707,85.20473187043325,85.89946746826172,361900,0.0,0.0
2014-05-27,86.23974041900617,86.83522800818793,85.849833967561,86.09795379638672,415200,0.0,0.0
2014-05-28,86.2255819867996,86.60839785678385,85.63009423922946,86.56586456298828,700900,0.0,0.0
2014-05-29,86.27351240402703,86.57297287706977,85.61754981361227,86.01683044433594,996700,0.7,0.0
2014-05-30,85.77440871030355,87.10059697719052,85.77440871030355,86.53732299804688,1127500,0.0,0.0
2014-06-02,86.55158183909127,86.70131207253107,85.78153597586615,86.5943603515625,793500,0.0,0.0
2014-06-03,86.39473154866654,87.4927588466135,86.39473154866654,87.19329833984375,684700,0.0,0.0
2014-06-04,86.95090651678369,87.43574984967707,86.75839767333471,86.99369049072266,507300,0.0,0.0
2014-06-05,87.14338922915097,87.89204050444101,86.72271384988117,87.87065124511719,499500,0.0,0.0
2014-06-06,88.10593319067704,88.69772801187672,87.76368876402222,88.22001647949219,507500,0.0,0.0
2014-06-09,88.17011437161607,89.56047058105469,87.82073834787725,89.56047058105469,959300,0.0,0.0
2014-06-10,89.22536792340713,89.76725277683911,88.89025499351882,88.9045181274414,708100,0.0,0.0
2014-06-11,88.71200179064364,88.75478575160332,87.97047659824446,88.1416015625,798400,0.0,0.0
2014-06-12,88.07027873881351,88.4339124136508,87.58543565229395,87.62821960449219,689300,0.0,0.0
2014-06-13,87.89919711214431,88.47672903758382,87.35731214913609,87.46426391601562,981000,0.0,0.0
2014-06-16,87.35016071870781,87.42859162904836,86.8867068230023,86.9437484741211,884700,0.0,0.0
2014-06-17,86.85819854577773,88.44820080172518,86.85819854577773,88.18438720703125,670800,0.0,0.0
2014-06-18,88.16295646994799,88.50519538552075,87.45708394676336,88.33407592773438,539300,0.0,0.0
2014-06-19,88.355499608132,88.355499608132,87.54267506718882,88.1416015625,618800,0.0,0.0
2014-06-20,88.64783397035558,89.27527585297831,88.51236140032674,88.93303680419922,1156400,0.0,0.0
2014-06-23,88.98294270772641,89.11840983159333,88.36975854772454,88.57653045654297,781600,0.0,0.0
2014-06-24,88.36976513377027,89.04711712296076,87.93483202414969,88.07743072509766,886700,0.0,0.0
2014-06-25,87.7708228461109,88.6905989893403,87.23606965398619,88.53373718261719,985400,0.0,0.0
2014-06-26,88.31271577194848,88.5836554560261,87.6781423604523,88.28419494628906,497900,0.0,0.0
2014-06-27,88.02039082886539,88.71200596585533,87.69954102542084,88.49810791015625,573700,0.0,0.0
2014-06-30,88.54801659016093,88.71913611995315,88.05604182224256,88.44819641113281,667900,0.0,0.0
2014-07-01,88.80469596595464,89.62464663506509,88.54801395899761,89.10415649414062,636000,0.0,0.0
2014-07-02,88.96868806290188,89.27528017215332,88.14873191585343,88.29133605957031,603200,0.0,0.0
2014-07-03,88.55515171386513,89.22537764667915,88.43394226127307,89.08277893066406,388100,0.0,0.0
2014-07-07,88.8260817352198,89.0756321655661,88.44105873991778,88.87599182128906,543200,0.0,0.0
2014-07-08,88.612181918739,88.89025318686876,87.71379489258581,87.89917755126953,479500,0.0,0.0
2014-07-09,88.1416108673112,88.53376004559689,87.50703735063406,87.57120513916016,591200,0.0,0.0
2014-07-10,86.63003797706756,87.10774963813996,86.25214650070305,86.76551055908203,672900,0.0,0.0
2014-07-11,86.53023642490213,87.02221132675088,86.04539309200875,86.99369049072266,553600,0.0,0.0
2014-07-14,87.87778629251876,87.91343868599826,86.69419645833096,86.72271728515625,419900,0.0,0.0
2014-07-15,87.15764551877548,87.94908073976153,86.92235823021056,87.82073974609375,558200,0.0,0.0
2014-07-16,87.89917518873601,88.07742627581239,86.70845923261578,87.17191314697266,899500,0.0,0.0
2014-07-17,87.56405516136854,88.35549035887846,86.69418905673308,86.92235565185547,1108500,0.0,0.0
2014-07-18,87.57832087042812,87.57832087042812,86.53733522861117,87.02930450439453,660500,0.0,0.0
2014-07-21,87.05782263358391,87.31450461290933,86.55159024096739,87.307373046875,501900,0.0,0.0
2014-07-22,87.40717507925584,88.22000480502254,87.18614553616439,87.20753479003906,771600,0.0,0.0
2014-07-23,87.11488333155579,87.47138555415346,86.72986027837526,87.3216552734375,452300,0.0,0.0
2014-07-24,87.52841002600512,88.2699351561585,87.30737499234394,88.10594177246094,743600,0.0,0.0
2014-07-25,87.89202823009629,88.75476812747588,87.89202823009629,88.55512237548828,591800,0.0,0.0
2014-07-28,88.24852355622853,88.37686452417121,87.2075381228224,87.47135162353516,496400,0.0,0.0
2014-07-29,87.35016066370585,87.82787225199465,87.15052032470703,87.15052032470703,423300,0.0,0.0
2014-07-30,87.61396913378651,87.94195046914933,86.86531785952067,87.49275970458984,444300,0.0,0.0
2014-07-31,87.14339944350039,87.3430398069782,86.4090057750819,86.63003540039062,857400,0.0,0.0
2014-08-01,86.27352527008603,86.79402083257906,85.16836636550308,85.49635314941406,605700,0.0,0.0
2014-08-04,85.75304131645149,85.79582528176606,84.81187567641328,85.6532211303711,445000,0.0,0.0
2014-08-05,85.20400235906813,86.19507776722469,85.03288287328745,85.41077423095703,491000,0.0,0.0
2014-08-06,85.30383792513057,86.15944094841477,85.28958023198541,85.5819091796875,322100,0.0,0.0
2014-08-07,85.63180652698927,85.82432071445461,84.53377936524672,84.71916198730469,481500,0.0,0.0
2014-08-08,84.7049235552934,85.5177481232455,84.49815162979095,85.48922729492188,390700,0.0,0.0
2014-08-11,85.56051549134563,85.61042557445728,85.18262408495876,85.26105499267578,357400,0.0,0.0
2014-08-12,85.1968860727015,85.49635202626047,84.89742555893388,85.20401763916016,461000,0.0,0.0
2014-08-13,85.52484919430677,85.93839292415595,85.16122097924405,85.72449493408203,534100,0.0,0.0
2014-08-14,85.71025922816449,86.02398290840055,85.48922960243013,85.63182830810547,283800,0.0,0.0
2014-08-15,85.81007658482444,86.2450096945437,84.91882110421805,85.5320053100586,480000,0.0,0.0
2014-08-18,85.87423456878206,86.55871800364355,85.71737276166552,86.32342529296875,309800,0.0,0.0
2014-08-19,86.5587387084961,86.97228258257924,86.34483520402769,86.5587387084961,313200,0.0,0.0
2014-08-20,86.27353584913557,86.65855889330346,85.98120142234822,86.5587387084961,353200,0.0,0.0
2014-08-21,86.63715658450437,88.07029135334012,86.4945524564022,87.90630340576172,543600,0.0,0.0
2014-08-22,87.61399421372984,88.11310064590337,87.37870685434626,87.46426391601562,394100,0.0,0.0
2014-08-25,87.79934256426814,88.61216697088588,87.64248075951899,88.26992797851562,690600,0.0,0.0
2014-08-26,88.17722176871794,88.66919637207904,88.17722176871794,88.54085540771484,666300,0.0,0.0
2014-08-27,88.76903259054498,88.76903259054498,88.14871691050318,88.25566864013672,453200,0.0,0.0
2014-08-28,87.95451354980469,88.21264991517316,87.39520259110645,87.95451354980469,326500,0.7,0.0
2014-08-29,87.96883552319743,88.69306695113286,87.89713068703304,88.65003967285156,359800,0.0,0.0
2014-09-02,88.91536124976605,89.2380357756874,88.36322794590026,89.20935821533203,409800,0.0,0.0
2014-09-03,89.2380552933546,89.46034746519315,88.46363516762062,88.62138366699219,396200,0.0,0.0
2014-09-04,88.62853897822187,89.62525108668484,88.44210200613608,88.97989654541016,355300,0.0,0.0
2014-09-05,88.77195141580002,89.28822956226026,88.28435082964691,89.25955200195312,336900,0.0,0.0
2014-09-08,89.08746260410054,89.45316444747358,88.95122503165123,89.33843231201172,369600,0.0,0.0
2014-09-09,88.98706429074981,89.2380339692448,88.40624796755733,88.7719497680664,568500,0.0,0.0
2014-09-10,88.67159302796115,89.91927520389957,88.67159302796115,89.65396118164062,534000,0.0,0.0
2014-09-11,89.41015383127584,90.27779519914927,88.95840282972148,90.1630630493164,531200,0.0,0.0
2014-09-12,90.17023734419533,90.99485691107158,89.94077850974308,90.30648040771484,512200,0.0,0.0
2014-09-15,90.18456598969057,90.51441815594443,89.73999262520233,90.12003326416016,392100,0.0,0.0
2014-09-16,90.0268067374016,90.41401398573701,89.56071704941336,90.13436126708984,523600,0.0,0.0
2014-09-17,90.09850890383896,91.20278096523629,89.88338890939619,90.55742645263672,523300,0.0,0.0
2014-09-18,90.61479024146142,91.60433015547906,90.61479024146142,91.16692352294922,578800,0.0,0.0
2014-09-19,91.86967120078245,92.27840041912278,91.4394365407822,91.55416870117188,917800,0.0,0.0
2014-09-22,91.06653318892057,91.5111119345807,90.68649262651958,90.78688049316406,418700,0.0,0.0
2014-09-23,90.71518334278231,91.05936878023546,89.88339183926755,89.89056396484375,482100,0.0,0.0
2014-09-24,89.80452535073275,90.30647025579722,89.58941079490185,90.12003326416016,468300,0.0,0.0
2014-09-25,90.12719124859393,90.12719124859393,88.8149713280825,89.0157470703125,448600,0.0,0.0
2014-09-26,88.90819580786395,89.56072250494147,88.73610307915098,89.51052856445312,534600,0.0,0.0
2014-09-29,88.72891733152244,89.32407787075037,88.53531372528347,89.15198516845703,330300,0.0,0.0
2014-09-30,89.0659509908868,89.25956010026279,88.29152549484145,88.40625762939453,719300,0.0,0.0
2014-10-01,88.38475809122446,88.42060778483686,87.5314555105916,87.68203735351562,996500,0.0,0.0
2014-10-02,87.68204514839262,87.97604220409235,86.94347465141296,87.63185119628906,1059700,0.0,0.0
2014-10-03,88.27720228249366,88.75045874416826,87.77526278212208,88.44929504394531,1006000,0.0,0.0
2014-10-06,88.65004846575833,88.86516846631685,88.01186606035795,88.10508728027344,443900,0.0,0.0
2014-10-07,87.60314939055428,87.86846334954213,86.73550813535095,86.75701904296875,761900,0.0,0.0
2014-10-08,86.76418343637351,88.59268701113407,86.73550040519635,88.5496597290039,605000,0.0,0.0
2014-10-09,88.56402643612493,88.56402643612493,86.76420543618151,86.77137756347656,608300,0.0,0.0
2014-10-10,86.8072198478544,87.49559629969781,86.00411672273529,86.0184555053711,758200,0.0,0.0
2014-10-13,86.25507745332726,86.70682291409179,85.2583653068339,85.28704833984375,522100,0.0,0.0
2014-10-14,85.33007871893368,86.8574134525914,85.33007871893368,85.97543334960938,623500,0.0,0.0
2014-10-15,85.07909462767601,85.20816553201747,82.06027536190335,83.0856704711914,1509800,0.0,0.0
2014-10-16,81.82365837295092,83.6234792143476,81.57268864703418,83.29363250732422,1105700,0.0,0.0
2014-10-17,81.68026002911999,82.94228096096552,80.83412949920535,80.9273452758789,1411400,0.0,0.0
2014-10-20,80.61181851187476,81.35756096357524,80.61181851187476,81.09224700927734,868200,0.0,0.0
2014-10-21,81.49379287996364,82.5335267065375,81.39340501273837,82.5191879272461,729200,0.0,0.0
2014-10-22,82.62674920522454,83.45853518528125,82.3112413486193,82.40445709228516,779700,0.0,0.0
2014-10-23,83.4155192198694,83.55892890797581,82.67694893173633,82.8633804321289,884800,0.0,0.0
2014-10-24,82.65545161789399,83.51592635717272,82.65545161789399,83.44422149658203,502600,0.0,0.0
2014-10-27,83.17887613137418,84.08953900603696,83.12151007623987,83.93895721435547,657000,0.0,0.0
2014-10-28,84.03219182532446,84.97153787738634,84.02501969960663,84.95719909667969,763200,0.0,0.0
2014-10-29,84.62734846051121,85.67426000468625,84.34769573058459,85.6384048461914,1102300,0.0,0.0
2014-10-30,85.65991180832945,88.08357051299298,84.92851365698611,85.76029968261719,885800,0.0,0.0
2014-10-31,86.32677649596828,87.86128309907716,85.94673590791731,87.61031341552734,1249900,0.0,0.0
2014-11-03,87.92581967194002,88.02620754351632,87.11553910328007,87.26612091064453,451600,0.0,0.0
2014-11-04,87.23744474475107,87.43104836567642,86.31243750982162,86.9577865600586,510300,0.0,0.0
2014-11-05,87.2517965309552,88.13378208620176,86.98648255758486,88.076416015625,463700,0.0,0.0
2014-11-06,88.26282394055502,89.22368621826172,87.86844461992442,89.22368621826172,686400,0.0,0.0
2014-11-07,89.13045859748772,89.51766574190381,88.47075999165395,89.30255126953125,525500,0.0,0.0
2014-11-10,89.10896790372718,89.73281154189837,88.91536427573142,89.38862609863281,421500,0.0,0.0
2014-11-11,89.23802413528958,89.63240892284131,89.15914717777923,89.52484893798828,350100,0.0,0.0
2014-11-12,89.10896136843968,90.3638152077189,89.00857349895563,90.07699584960938,744700,0.0,0.0
2014-11-13,90.03397365199442,90.34948152860055,89.5607173078141,89.89056396484375,411500,0.0,0.0
2014-11-14,89.67546778015182,90.23477336760493,89.33128225128698,89.58942413330078,406100,0.0,0.0
2014-11-17,89.74717194803912,89.75433860429747,88.7217766179077,89.42449188232422,472800,0.0,0.0
2014-11-18,89.3742780559069,89.63241986276996,88.96555444016181,89.4603271484375,693400,0.0,0.0
2014-11-19,89.33126417120131,89.48184599344415,88.2843580708016,89.35994720458984,688200,0.0,0.0
2014-11-20,88.85798770059905,89.53919732231054,88.70023377829263,89.49617004394531,512600,0.0,0.0
2014-11-21,90.27061831186624,90.42837227420257,89.19502908218726,89.4029769897461,680600,0.0,0.0
2014-11-24,89.84755845787463,90.52876280155476,89.79019238431233,90.3853530883789,377400,0.0,0.0
2014-11-25,90.42122168465552,90.6937078556771,90.04835307000891,90.50727081298828,465100,0.0,0.0
2014-11-26,90.50722328744773,91.1922318815506,90.06738284442854,91.1129150390625,645400,0.7,0.0
2014-11-28,91.28599781013266,91.43021279951824,90.70915435630829,90.86778259277344,410900,0.0,0.0
2014-12-01,90.23322402959356,90.62980824589752,89.36795637741453,89.55542755126953,989500,0.0,0.0
2014-12-02,89.77179687410869,91.10575420130716,89.72853511793984,90.6514892578125,621900,0.0,0.0
2014-12-03,90.21160965782542,91.98541251998202,90.21160965782542,91.57440948486328,754400,0.0,0.0
2014-12-04,91.6032619682347,92.15847452885468,91.08409902772614,91.84841918945312,650600,0.0,0.0
2014-12-05,92.00704521148253,92.98769051789832,91.9782022170669,92.31710052490234,739700,0.0,0.0
2014-12-08,92.28106329662133,92.73532814186608,91.73305733163123,92.19453430175781,582900,0.0,0.0
2014-12-09,91.06244563627594,92.36756478931805,90.78844548598333,92.1512451171875,1049900,0.0,0.0
2014-12-10,91.39412687620941,91.99981312378911,88.69015862543398,88.88484191894531,1155100,0.0,0.0
2014-12-11,89.50494386950079,90.29090009336355,89.21652501793272,89.39678955078125,753700,0.0,0.0
2014-12-12,88.74063860040161,89.41843511574389,87.83210366512718,87.86094665527344,730100,0.0,0.0
2014-12-15,88.11333583676003,88.48828929208055,87.06059121430322,87.38507080078125,546600,0.0,0.0
2014-12-16,87.16153863083215,87.92586428636662,86.22416599846292,86.31790161132812,1114900,0.0,0.0
2014-12-17,86.81541207643315,87.90421154513552,86.46209508373708,87.86815643310547,1011600,0.0,0.0
2014-12-18,88.94255628220094,89.69245770990332,88.82718979399093,89.65640258789062,951200,0.0,0.0
2014-12-19,89.98087804905289,90.70193644627146,89.80061344974825,90.21161651611328,955400,0.0,0.0
2014-12-22,90.23321307292906,90.7884309083367,89.77894843588028,90.70911407470703,749400,0.0,0.0
2014-12-23,91.02639258733313,92.24498279889988,90.73076156337332,91.79071807861328,499500,0.0,0.0
2014-12-24,91.79073496279125,92.19452589954236,91.24272904774408,91.3004150390625,196800,0.0,0.0
2014-12-26,91.66812937950279,92.08634446672163,91.35807412535607,91.38691711425781,222200,0.0,0.0
2014-12-29,91.06244229979589,92.43245400353798,91.04801805485553,91.9493408203125,273500,0.0,0.0
2014-12-30,91.65372895085784,92.25220871237873,91.25714465075636,91.81236267089844,264400,0.0,0.0
2014-12-31,92.1440331339654,92.1440331339654,90.54328296124153,90.57933807373047,399700,0.0,0.0
2015-01-02,91.15618707822848,91.42298062415004,89.33191049719997,90.41349792480469,438400,0.0,0.0
2015-01-05,89.69245304998584,89.76455778902584,87.291327281405,87.50043487548828,663800,0.0,0.0
2015-01-06,87.63021664919638,87.71674562794325,85.02719567687387,85.53914642333984,887500,0.0,0.0
2015-01-07,86.41162141482049,86.61352235374696,84.78203366705672,85.71940612792969,748100,0.0,0.0
2015-01-08,86.59187259021748,87.69509620620339,86.2313435069016,87.45714569091797,753100,0.0,0.0
2015-01-09,87.38505605620118,87.38505605620118,85.6977767944336,85.6977767944336,582500,0.0,0.0
2015-01-12,85.69777000124459,85.69777000124459,84.28449652290827,85.13534545898438,1159800,0.0,0.0
2015-01-13,85.67614592589935,86.40441634023534,85.26514292003412,85.6977767944336,1703100,0.0,0.0
2015-01-14,84.38545434542445,85.01277706453807,81.44353507827138,83.14523315429688,1355900,0.0,0.0
2015-01-15,82.82796239270507,83.95281149191656,81.9699013227365,82.47463989257812,1020400,0.0,0.0
2015-01-16,82.20062462476484,83.52736890793932,81.9915171125008,82.94331359863281,1232600,0.0,0.0
2015-01-20,83.1019914707074,84.2989512118784,81.22002836042562,81.378662109375,1013500,0.0,0.0
2015-01-21,81.1190447505987,82.0203674700498,80.59988198399691,80.96041107177734,1092500,0.0,0.0
2015-01-22,81.3209477910347,84.7459744463668,81.25605518973835,84.45755004882812,966700,0.0,0.0
2015-01-23,84.06819158662498,84.52246187440589,83.05871428319783,83.0803451538086,438500,0.0,0.0
2015-01-26,82.92171314560323,84.29893728279006,82.38091936421887,84.2917251586914,602500,0.0,0.0
2015-01-27,83.31108474027917,84.29172456369987,83.0154481679479,83.75093078613281,828500,0.0,0.0
2015-01-28,84.0033055565768,84.31336089584806,81.99876403808594,81.99876403808594,1107800,0.0,0.0
2015-01-29,81.92663838076243,83.2750137551348,81.67426359832433,83.21012115478516,680600,0.0,0.0
2015-01-30,81.9338558670024,82.92891988088205,81.5228528399073,81.59496307373047,1035200,0.0,0.0
2015-02-02,82.20785271466589,83.45528040786596,81.63100391352646,83.31828308105469,973900,0.0,0.0
2015-02-03,83.6427593602299,85.3372451952973,83.6427593602299,85.29398345947266,706100,0.0,0.0
2015-02-04,84.98393779581353,86.20252817093208,84.89020219051157,85.51030731201172,866500,0.0,0.0
2015-02-05,85.78432480605254,86.25301389950715,85.67616493814157,86.13764190673828,770000,0.0,0.0
2015-02-06,87.47158839417895,89.33913241796175,86.71448041256869,87.71675109863281,841800,0.0,0.0
2015-02-09,87.0101067362233,87.55090047984136,86.46210637024869,86.95963287353516,467700,0.0,0.0
2015-02-10,87.54370077968366,87.5653316509406,86.6135348069625,87.3562240600586,412100,0.0,0.0
2015-02-11,87.02454404799202,87.26970127464203,86.36837823330063,86.90917205810547,419700,0.0,0.0
2015-02-12,87.21200044883022,88.98580873363505,87.12547697236836,88.96417236328125,792800,0.0,0.0
2015-02-13,89.10839575518672,89.69245128150546,88.58202071821933,89.3391342163086,747200,0.0,0.0
2015-02-17,89.33190598401977,89.98807163087714,88.6829524599954,89.43285369873047,631500,0.0,0.0
2015-02-18,89.19490119456675,89.33911614186567,87.56531354937191,87.7527847290039,775100,0.0,0.0
2015-02-19,87.70231060480761,87.96189200791486,86.77214482721291,87.39946746826172,709300,0.0,0.0
2015-02-20,87.05337693630416,87.68790630327702,86.13762975194935,87.49321746826172,1243000,0.0,0.0
2015-02-23,87.28409573397862,87.51483413376155,86.82261893441277,87.39225006103516,468100,0.0,0.0
2015-02-24,87.31294487534693,88.18543023914098,87.24084014727187,87.66626739501953,872700,0.0,0.0
2015-02-25,87.75281084067285,87.76723509031368,87.18317950836561,87.65186309814453,659500,0.0,0.0
2015-02-26,87.65185400328686,88.08699365569683,87.43428141053144,88.00721740722656,951500,0.7,0.0
2015-02-27,87.95643696174687,88.25378575481567,87.42701888920486,87.75337219238281,600400,0.0,0.0
2015-03-02,87.75339306720001,89.21111626989871,87.63010450405817,89.03705596923828,751400,0.0,0.0
2015-03-03,88.69620550014012,89.17485752210435,88.33358815227872,89.008056640625,641100,0.0,0.0
2015-03-04,88.442360105313,88.86299751480512,88.13776289144674,88.80497741699219,593300,0.0,0.0
2015-03-05,88.94275076082988,89.39964646345243,88.15224788172267,89.36338806152344,724800,0.0,0.0
2015-03-06,89.42143834083636,91.35055971422702,89.34166208331366,90.24095153808594,1126900,0.0,0.0
2015-03-09,89.95809216668876,90.52377421731755,89.56646485476874,90.26994323730469,623500,0.0,0.0
2015-03-10,89.57368985293222,89.57368985293222,87.96366882324219,87.96366882324219,656600,0.0,0.0
2015-03-11,88.16678166428895,88.50764285629113,87.86943831650302,88.2320556640625,826100,0.0,0.0
2015-03-12,88.70342198276663,91.2054841036164,88.70342198276663,91.11845397949219,948000,0.0,0.0
2015-03-13,91.09671432926703,91.14748052759163,90.07413093474221,90.81387329101562,533100,0.0,0.0
2015-03-16,91.31428629388877,91.3940570052008,90.66157408192197,91.37955474853516,758800,0.0,0.0
2015-03-17,90.85737539055016,91.88720703125,90.62530057668681,91.88720703125,900400,0.0,0.0
2015-03-18,91.78566175227442,92.67770247802902,91.3722783752416,92.15553283691406,1077500,0.0,0.0
2015-03-19,91.69865539782747,92.08302881198124,90.8283706452507,91.7131576538086,662500,0.0,0.0
2015-03-20,92.2135537067652,93.0403149348258,91.95246888396741,92.83000183105469,901500,0.0,0.0
2015-03-23,92.83001436001466,93.9758861777151,92.27883460048406,92.34410858154297,1713000,0.0,0.0
2015-03-24,92.30058770815896,92.37311558096769,91.04593518520583,91.40129852294922,1552600,0.0,0.0
2015-03-25,91.37955724393751,91.3940595009992,89.43592834472656,89.43592834472656,946600,0.0,0.0
2015-03-26,89.44316809897103,90.32795503357093,88.79045597237275,90.00885009765625,689600,0.0,0.0
2015-03-27,89.97984096736948,90.72683159028945,89.40690506894059,90.63255310058594,970300,0.0,0.0
2015-03-30,91.0386881089353,92.48915714413377,90.88638952421151,92.01775360107422,657400,0.0,0.0
2015-03-31,91.54636913666678,92.28610601950818,91.23451802663241,92.10479736328125,901500,0.0,0.0
2015-04-01,92.03951879541707,92.06852330809924,90.83562679438963,91.568115234375,592000,0.0,0.0
2015-04-02,91.4883559762054,92.48192394648561,90.9226738111784,92.2571029663086,604800,0.0,0.0
2015-04-06,89.93633640508976,90.39323217108965,87.93468753542759,89.7550277709961,3864900,0.0,0.0
2015-04-07,89.58819809977538,91.26348767262672,89.58819809977538,90.32068634033203,2271100,0.0,0.0
2015-04-08,90.59631085423078,90.63982869559754,89.5302150369157,90.11040496826172,1206500,0.0,0.0
2015-04-09,90.07411222327586,90.57452574073723,89.77676899002888,90.43672943115234,1698600,0.0,0.0
2015-04-10,90.36423556199563,90.6470766305896,89.87107578260851,90.2119369506836,1065700,0.0,0.0
2015-04-13,89.21110350509211,90.5527863153753,89.20384961032718,90.08138275146484,913700,0.0,0.0
2015-04-14,89.45767109557691,90.13939327046613,88.8122128575605,89.39240264892578,1070400,0.0,0.0
2015-04-15,89.8057645298327,90.75581969047329,89.41413734458962,89.91455078125,1565400,0.0,0.0
2015-04-16,89.78406202333504,89.90009670322718,89.17486197132011,89.35617065429688,806900,0.0,0.0
2015-04-17,88.8557202846507,89.37788996163644,87.44151535373067,87.61557006835938,1403800,0.0,0.0
2015-04-20,87.51406502225277,88.05074265404417,86.26666052278286,86.4552230834961,1714900,0.0,0.0
2015-04-21,86.58572657468656,87.12239843184176,85.91851231626671,86.65824890136719,1108600,0.0,0.0
2015-04-22,86.57848253301287,87.47777719209087,86.08532290913443,87.3907470703125,867600,0.0,0.0
2015-04-23,87.15140865764428,87.4850157875758,86.74527920087527,87.1659164428711,570000,0.0,0.0
2015-04-24,86.97738276494285,87.3472539473074,86.27390434218897,86.74530792236328,591500,0.0,0.0
2015-04-27,86.80332531769271,87.41251968561232,85.47614475931,85.84601593017578,1074100,0.0,0.0
2015-04-28,85.85325581022163,87.49954117950311,85.64293714690328,87.3399887084961,925800,0.0,0.0
2015-04-29,86.99188336336283,87.89117820267661,86.85409255930554,87.15143585205078,1024500,0.0,0.0
2015-04-30,87.0354009866808,87.66635151191214,86.43345497468489,86.788818359375,846600,0.0,0.0
2015-05-01,87.35448315631383,87.56480180083513,86.15785079690913,86.51321411132812,497300,0.0,0.0
2015-05-04,86.81783534215646,88.3335785689873,86.62202443011951,88.27555847167969,1176300,0.0,0.0
2015-05-05,87.71714095973233,88.30458487081641,87.18046879301909,87.24574279785156,1243300,0.0,0.0
2015-05-06,87.62284851074219,87.9709635706286,86.9701362316434,87.62284851074219,672100,0.0,0.0
2015-05-07,87.70260966025245,87.78963979351204,86.73804643241776,87.15868377685547,704700,0.0,0.0
2015-05-08,87.78238248684848,88.33356224319998,87.28196892298331,88.1159896850586,606500,0.0,0.0
2015-05-11,87.91291334829725,88.35530676737177,87.72435085825747,87.9346694946289,486800,0.0,0.0
2015-05-12,87.448769955019,88.26102898525937,86.98462035685317,87.97093963623047,795600,0.0,0.0
2015-05-13,87.83315771591161,88.60915847124015,87.36900804168336,88.49311828613281,919800,0.0,0.0
2015-05-14,89.16033213206505,89.18934217634015,88.3988336858695,89.05879974365234,737500,0.0,0.0
2015-05-15,89.16034203782,89.18209819016839,87.47779801463477,87.89842987060547,1241200,0.0,0.0
2015-05-18,87.89843436186831,88.98628629967907,87.74613575454694,88.84849548339844,528000,0.0,0.0
2015-05-19,89.16759242784352,89.9653549194336,88.89925916530952,89.9653549194336,1150700,0.0,0.0
2015-05-20,89.75502363302495,90.18290933387101,89.13857541214665,89.62448120117188,507900,0.0,0.0
2015-05-21,89.29811762743522,89.87830741231068,89.15307294776628,89.64623260498047,493600,0.0,0.0
2015-05-22,89.47943984194335,89.87832107130149,89.18935043852,89.31989288330078,636300,0.0,0.0
2015-05-26,89.02979563497185,89.3198905639631,88.12325244006202,88.54388427734375,574100,0.0,0.0
2015-05-27,88.88475718964095,89.13859374435373,88.38434904220726,88.6744384765625,753500,0.0,0.0
2015-05-28,88.65253206129063,88.9734743868623,88.25864981580516,88.83488464355469,667400,0.7,0.0
2015-05-29,88.92244009616448,88.97349861050108,88.05443978748166,88.171142578125,808300,0.0,0.0
2015-06-01,88.61607059837851,88.9443086272092,87.31042527538327,87.41983795166016,616500,0.0,0.0
2015-06-02,87.31772089371786,88.36807368151011,87.2083082174962,88.27324676513672,568900,0.0,0.0
2015-06-03,88.41184541862519,89.84878498396522,87.9377274839503,89.45490264892578,641500,0.0,0.0
2015-06-04,88.92972108452356,89.68830862335649,88.71090128762337,88.98807525634766,978100,0.0,0.0
2015-06-05,89.87065446718894,90.50524351681611,89.46948208727635,90.34477233886719,618200,0.0,0.0
2015-06-08,90.11137158080427,90.99395759590317,89.83419760113233,90.42501831054688,710700,0.0,0.0
2015-06-09,90.3374708818003,91.5264133158128,90.169709617404,91.05958557128906,545900,0.0,0.0
2015-06-10,91.34405495267137,92.7299300803398,91.26381937391679,92.21934509277344,544900,0.0,0.0
2015-06-11,92.25583523227412,92.63512621385868,91.80359875445865,92.05889129638672,498300,0.0,0.0
2015-06-12,91.86924757823022,92.06619152388262,91.48266091486259,92.00054168701172,320300,0.0,0.0
2015-06-15,91.38782243531014,92.23393553842108,90.98664452114595,91.72335052490234,482600,0.0,0.0
2015-06-16,91.64312834934438,92.3287759520583,91.40971722830817,92.14642333984375,346600,0.0,0.0
2015-06-17,92.51842119702309,92.54759828357209,91.27112996309467,91.39513397216797,748900,0.0,0.0
2015-06-18,91.73794921540257,92.60594942570512,91.13254277544641,92.32147979736328,814000,0.0,0.0
2015-06-19,92.05890847026161,92.37255524170219,91.57020471812153,91.63584899902344,1069700,0.0,0.0
2015-06-22,92.45277323873573,92.80289269839975,92.33606489719439,92.64971160888672,565700,0.0,0.0
2015-06-23,93.07275811556303,93.81675421253837,92.83205136817483,93.48123168945312,642300,0.0,0.0
2015-06-24,93.24781941883312,93.87511278484818,92.99252690125944,93.00711822509766,516300,0.0,0.0
2015-06-25,93.45206126897935,93.69276804785792,92.64242080677316,92.85395050048828,562300,0.0,0.0
2015-06-26,93.35723145727113,93.71464097946043,93.10193894142162,93.3353500366211,349300,0.0,0.0
2015-06-29,92.32146985629541,92.66429361891046,90.89912186774302,90.92829895019531,512500,0.0,0.0
2015-06-30,91.98594866021588,92.55488789834276,90.86995160620395,91.125244140625,750100,0.0,0.0
2015-07-01,92.32148797143958,92.93419569324303,91.78901585088374,92.84666442871094,794000,0.0,0.0
2015-07-02,92.59864691192064,93.02900193639178,91.37323723243624,91.8400650024414,426900,0.0,0.0
2015-07-06,90.69485388903695,91.6795620273172,90.42497569954604,91.6430892944336,410200,0.0,0.0
2015-07-07,91.4170217930833,91.52643448405854,89.76855245994871,91.19819641113281,593800,0.0,0.0
2015-07-08,90.36666407114788,90.85536775796399,89.46219663264401,89.72478485107422,455900,0.0,0.0
2015-07-09,90.95747503511573,91.25653597154943,90.03112627181675,90.58547973632812,490200,0.0,0.0
2015-07-10,91.91301143384497,92.25583523227412,91.39513068737372,92.05889129638672,604000,0.0,0.0
2015-07-13,92.86125183105469,93.18219424171572,92.59866359777942,92.86125183105469,466400,0.0,0.0
2015-07-14,92.46005980865775,93.13841167351659,92.31417439607766,92.76641082763672,869800,0.0,0.0
2015-07-15,92.9487519307618,93.69274796560084,92.51839697304368,93.34992980957031,789700,0.0,0.0
2015-07-16,92.71536797893508,95.63300994365031,91.99325315085697,95.4141845703125,1140000,0.0,0.0
2015-07-17,95.04945265704157,95.88097993848997,94.81604715290892,95.71321868896484,906700,0.0,0.0
2015-07-20,95.91749835736825,96.60314613401847,95.5455029408534,96.2822036743164,763800,0.0,0.0
2015-07-21,96.369719337382,97.15019397661008,95.61113725441655,96.1800765991211,861100,0.0,0.0
2015-07-22,96.11439644890459,97.5805071161752,96.11439644890459,97.1574478149414,553700,0.0,0.0
2015-07-23,97.47113236873027,97.7410107023784,96.32595249798939,96.47913360595703,489700,0.0,0.0
2015-07-24,96.23842561779603,96.55206679847394,95.76430210268961,95.99771881103516,459600,0.0,0.0
2015-07-27,95.26830163698848,95.58924402358227,94.823360806469,95.35582733154297,548100,0.0,0.0
2015-07-28,95.9758315417653,96.19465691003435,95.01300437334969,96.14359283447266,588400,0.0,0.0
2015-07-29,96.27489681308865,96.86571754289388,95.26101665368832,96.39889526367188,788000,0.0,0.0
2015-07-30,96.28217865315972,96.81464516115184,95.98311769979863,96.4426498413086,426800,0.0,0.0
2015-07-31,96.43533171740383,96.50826606268964,95.53814911806158,95.66214752197266,511900,0.0,0.0
2015-08-03,95.62572135230731,95.8226541744857,94.48054152074971,95.29747772216797,624700,0.0,0.0
2015-08-04,95.51630315494816,96.28947650744671,95.08595362930026,95.58924865722656,418600,0.0,0.0
2015-08-05,96.06334938697178,97.12099226226944,95.90287820534927,96.45723724365234,444700,0.0,0.0
2015-08-06,96.61769511730233,96.61769511730233,95.67674957921842,96.0049819946289,490200,0.0,0.0
2015-08-07,95.95394136387227,96.28217382137031,94.64100040396059,95.38500213623047,414000,0.0,0.0
2015-08-10,95.698669509932,96.88761236212876,95.53819828583467,96.82196807861328,465700,0.0,0.0
2015-08-11,96.18735234462441,96.23111519077563,95.16618216802891,95.53817749023438,530300,0.0,0.0
2015-08-12,94.80874869689845,94.80874869689845,92.90499291319368,94.05745697021484,553000,0.0,0.0
2015-08-13,94.29819643076522,94.67749303884355,93.84596544454382,94.47325897216797,492000,0.0,0.0
2015-08-14,94.49514991181097,95.47255749071827,94.45138705453498,95.16620635986328,536500,0.0,0.0
2015-08-17,94.52431713430897,95.99772966504864,94.17420316212615,95.48714447021484,500900,0.0,0.0
2015-08-18,95.62572012431653,96.1144238192407,94.99112542679458,95.67677307128906,413100,0.0,0.0
2015-08-19,95.44337628425198,95.80808156446706,94.56807470779832,94.75772857666016,906100,0.0,0.0
2015-08-20,93.37180922791758,94.3200448513318,91.49723052978516,91.49723052978516,880400,0.0,0.0
2015-08-21,91.05231891529635,91.16173160913411,89.18502415135818,89.19961547851562,873700,0.0,0.0
2015-08-24,85.95372573131156,87.41984231062236,83.32784919453296,84.69184875488281,1082300,0.0,0.0
2015-08-25,88.61605697944916,88.61605697944916,82.32124800925787,82.3941879272461,911200,0.0,0.0
2015-08-26,84.36360480717757,85.9245425305009,83.08713667871488,85.84430694580078,1224000,0.0,0.0
2015-08-27,87.0332565786399,88.3680790669815,86.42784455628254,88.01795959472656,814900,0.0,0.0
2015-08-28,87.68776350458258,87.98856927072083,86.66796814669777,87.32093048095703,594000,0.7,0.0
2015-08-31,86.71937093243945,87.17424614012259,86.29384865146633,86.74871826171875,838800,0.0,0.0
2015-09-01,84.7164766598847,85.26672656742106,82.06793999048192,82.64753723144531,779700,0.0,0.0
2015-09-02,83.97544945697295,84.56971740722656,82.7502280001214,84.56971740722656,903500,0.0,0.0
2015-09-03,84.76047040950797,87.07885870455014,84.73112308454706,86.76338195800781,1483200,0.0,0.0
2015-09-04,85.9269888669148,86.33784015494713,85.32538279625501,85.88296508789062,1603700,0.0,0.0
2015-09-08,87.76119604644265,88.34812593681407,87.13024235615542,88.1427001953125,650700,0.0,0.0
2015-09-09,89.48528460881836,90.01352527052607,88.18669204921521,88.34076690673828,979500,0.0,0.0
2015-09-10,88.06197647742688,89.0597632222079,87.89323634117397,88.33343505859375,591700,0.0,0.0
2015-09-11,87.959259831874,88.83232459521616,87.22559346871053,88.79563903808594,629800,0.0,0.0
2015-09-14,88.75161704599681,89.72739461059221,88.23071462215405,89.33854675292969,634700,0.0,0.0
2015-09-15,89.42659915475636,90.3730295047423,89.11112237142771,90.09423828125,814800,0.0,0.0
2015-09-16,89.89614955684391,90.07956617002523,88.63424236256743,89.56600189208984,922000,0.0,0.0
2015-09-17,89.61002597115535,90.89394234771636,87.73917415490826,88.31877136230469,978200,0.0,0.0
2015-09-18,87.11554334350147,87.15956713202323,85.74359081179952,86.81474304199219,1860900,0.0,0.0
2015-09-21,87.42368153436804,88.36277353005931,87.13754651942072,88.08397674560547,988400,0.0,0.0
2015-09-22,86.74136867025679,87.36498390259595,85.8903130798234,86.5652847290039,544900,0.0,0.0
2015-09-23,86.33051173809636,87.1155344512025,85.90498394287965,86.5652847290039,381500,0.0,0.0
2015-09-24,85.56017748665867,87.95192591781355,84.7898255285546,87.34298706054688,1514400,0.0,0.0
2015-09-25,88.68558499291156,89.48528421263127,88.42146466322707,88.92769622802734,779800,0.0,0.0
2015-09-28,88.33343215725294,88.88368193531213,87.86388612777019,87.98126983642578,943500,0.0,0.0
2015-09-29,88.13536664635707,88.50953817965258,87.21828339632135,88.11335754394531,725500,0.0,0.0
2015-09-30,88.80298565876957,90.46107336344933,87.5484167309247,89.47061920166016,4744200,0.0,0.0
2015-10-01,89.22852594965464,89.65404828565818,85.30340551175225,85.94903564453125,3195100,0.0,0.0
2015-10-02,83.96077555798988,85.58951568603516,81.80379478328884,85.58951568603516,2426100,0.0,0.0
2015-10-05,86.073756975586,87.00551100473241,85.88300211072708,86.778076171875,862400,0.0,0.0
2015-10-06,86.57997733747229,87.2035926861216,85.44279212719422,86.15444946289062,1097000,0.0,0.0
2015-10-07,86.7707380284665,87.77586318950554,86.46993766187161,87.76119232177734,925300,0.0,0.0
2015-10-08,87.21091176707866,88.4801512830689,86.92478236879509,88.18668365478516,985100,0.0,0.0
2015-10-09,88.03998828602764,88.729636652113,87.28431261549497,87.73184967041016,926200,0.0,0.0
2015-10-12,87.72447421639274,88.30407123171416,87.32829376551113,88.1646728515625,513200,0.0,0.0
2015-10-13,87.65112307492011,88.26006751204109,87.28428988592148,87.48971557617188,740900,0.0,0.0
2015-10-14,87.32830914523574,87.36499470355628,85.09796265716078,85.18600463867188,881500,0.0,0.0
2015-10-15,85.86097867111319,87.58509360718335,85.5088219304968,87.53373718261719,1528700,0.0,0.0
2015-10-16,87.90790533515352,88.03262727623896,85.8389663696289,85.8389663696289,1234800,0.0,0.0
2015-10-19,86.02239987781668,86.65335353580242,82.61818765667243,83.21245574951172,2864800,0.0,0.0
2015-10-20,83.30047896537059,84.92188094498275,83.08771504984273,84.73846435546875,2676000,0.0,0.0
2015-10-21,84.73845673980206,85.80960885460499,84.29825808401628,84.49634552001953,1898000,0.0,0.0
2015-10-22,85.0906447011748,87.59978283403721,85.0906447011748,87.15958404541016,2265600,0.0,0.0
2015-10-23,88.1206593655019,89.9474868774414,87.65111338329598,89.9474868774414,1880200,0.0,0.0
2015-10-26,89.66870030363893,90.4023666381836,88.72960829101054,90.4023666381836,1775400,0.0,0.0
2015-10-27,89.72007605625261,90.63715917204868,89.14781708758484,90.35836791992188,1703300,0.0,0.0
2015-10-28,90.30668373001471,92.64569854736328,90.21813850461753,92.64569854736328,2318900,0.7,0.0
2015-10-29,92.49816426428748,93.08845473439868,90.59448340907733,90.77156829833984,1975100,0.0,0.0
2015-10-30,90.83059429982626,91.26593476816129,88.43254852294922,88.43254852294922,3524600,0.0,0.0
