date,open,high,low,close,volume,dividends,stock_splits
2001-11-29,11.126615990178683,12.024281121809937,11.104450645932427,11.536660194396973,371100,0.0,0.0
2001-11-30,11.536658825567882,11.85804557800293,11.536658825567882,11.85804557800293,165300,0.0,0.0
2001-12-03,11.83034112518972,11.83034112518972,11.456314086914062,11.456314086914062,127500,0.0,0.0
2001-12-04,11.456311863801178,11.456311863801178,10.999167442321777,10.999167442321777,95400,0.0,0.0
2001-12-05,11.165398555944256,12.287479071350644,11.165398555944256,12.190509796142578,598200,0.0,0.0
2001-12-06,12.245924265900086,12.245924265900086,12.110166603148302,12.112936973571777,157200,0.0,0.0
2001-12-07,12.121245008994128,12.190509796142578,12.02427573378606,12.190509796142578,215100,0.0,0.0
2001-12-10,12.162807035615707,12.168348568870242,12.124019473500956,12.148954391479492,119100,0.0,0.0
2001-12-11,12.135103805873625,12.226532382415515,12.124021530151367,12.124021530151367,378600,0.0,0.0
2001-12-12,12.121248019445853,12.121248019445853,11.666874802822544,11.719515800476074,114600,0.0,0.0
2001-12-13,11.705664345922038,11.85804662422814,11.608695030212402,11.608695030212402,113700,0.0,0.0
2001-12-14,11.59483571257892,11.59483571257892,11.234662339319808,11.328861236572266,233400,0.0,0.0
2001-12-17,11.356572365361695,11.636400417318567,11.356572365361695,11.359343528747559,106200,0.0,0.0
2001-12-18,11.373196175009392,11.525577661890164,11.359343528747559,11.359343528747559,101400,0.0,0.0
2001-12-19,11.359343955085926,11.373196601867676,11.287308765020406,11.373196601867676,157800,0.0,0.0
2001-12-20,11.414752088131076,11.827567373343763,11.414752088131076,11.719515800476074,97200,0.0,0.0
2001-12-21,11.788778860425058,12.716920188332397,11.774926217739873,12.561767578125,659400,0.0,0.0
2001-12-24,12.550687790240717,12.758480629200552,12.522981708468244,12.689216613769531,50700,0.0,0.0
2001-12-26,12.716919807013115,13.010599627932972,12.689214522473495,12.744625091552734,378000,0.0,0.0
2001-12-27,13.090948067465787,13.20177080255967,12.800037793344302,13.007830619812012,349200,0.0,0.0
2001-12-28,13.077092783993889,13.077092783993889,12.993976140746723,13.035534858703613,295500,0.0,0.0
2001-12-31,13.049387156949376,13.78358745574951,12.938564440426088,13.783587455749512,255900,0.0,0.0
2002-01-02,13.43726990738986,13.43726990738986,13.201770218566152,13.237788200378418,132300,0.0,0.0
2002-01-03,13.215620223637659,13.218390593172767,12.550683975219727,12.550683975219727,89700,0.0,0.0
2002-01-04,12.550687080365922,12.63380373564866,11.359341484868345,11.774927139282227,346500,0.0,0.0
2002-01-07,11.77492813005407,11.941162247273631,11.040726058500786,11.580987930297852,601500,0.0,0.0
2002-01-08,11.511723950460107,11.58098796802721,11.22081364987803,11.38704776763916,442200,0.0,0.0
2002-01-09,11.40089729794189,11.52557264536699,11.387043865042914,11.414749145507812,60000,0.0,0.0
2002-01-10,11.414751025731682,11.747219994740043,11.414751025731682,11.664102554321289,216300,0.0,0.0
2002-01-11,11.913450305719945,12.259771807440396,11.899597667597721,12.051979064941406,340800,0.0,0.0
2002-01-14,12.051981018280069,12.107392372416232,11.885746955871582,11.885746955871582,230700,0.0,0.0
2002-01-15,12.259774767668588,12.841594428617846,12.259774767668588,12.747395515441895,1030200,0.0,0.0
2002-01-16,12.72523168718671,13.118651958561111,12.606097061474753,12.993976593017578,526200,0.0,0.0
2002-01-17,13.021682555893614,13.243328000544293,13.021682555893614,13.077093124389648,42900,0.0,0.0
2002-01-18,13.049391868068208,13.29874346660034,12.938569111535456,13.104804039001465,70500,0.0,0.0
2002-01-22,13.107569535907821,13.107569535907821,12.661506719557783,12.93856430053711,130800,0.0,0.0
2002-01-23,12.966271308526412,13.063241389578778,12.938565231368603,12.993976593017578,38700,0.0,0.0
2002-01-24,13.021681332814133,13.077091896105653,12.744623760357165,12.813888549804688,125100,0.0,0.0
2002-01-25,12.855448585228462,13.10480010898217,12.730772427018286,12.993976593017578,88800,0.0,0.0
2002-01-28,13.035533443814302,13.215620145191892,12.68367114961511,12.827740669250488,75300,0.0,0.0
2002-01-29,12.841598563979117,12.910862586286026,12.827745918051106,12.844368934631348,27300,0.0,0.0
2002-01-30,12.855448179383409,12.938564822899565,12.772330743200632,12.924712181091309,67800,0.0,0.0
2002-01-31,12.952417443659353,13.049387521492804,12.869300007611649,12.980123519897461,36600,0.0,0.0
2002-02-01,13.007831113767338,13.077095127664542,13.007831113767338,13.049389839172363,9000,0.0,0.0
2002-02-04,13.021683871422523,13.021683871422523,12.827743691426857,12.836054801940918,13200,0.0,0.0
2002-02-05,12.772332164976554,12.786184808326842,12.703067362891694,12.714150428771973,39300,0.0,0.0
2002-02-06,12.686440447043722,12.689211608994732,12.60609418912658,12.661504745483398,54300,0.0,0.0
2002-02-07,12.32904049983007,12.426010589056455,12.13510111404401,12.384451866149902,216000,0.0,0.0
2002-02-08,12.370597388297705,12.426008746400575,12.329038671553905,12.412156105041504,71100,0.0,0.0
2002-02-11,12.384450911629274,12.606097152492126,12.356745626938073,12.578391075134277,21600,0.0,0.0
2002-02-12,12.60609612170444,12.80003547668457,12.60609612170444,12.80003547668457,14100,0.0,0.0
2002-02-13,12.74462813340142,12.772334217220488,12.43986596739269,12.467571258544922,74100,0.0,0.0
2002-02-14,12.4952732014662,12.4952732014662,12.30133383736802,12.370597839355469,58500,0.0,0.0
2002-02-15,12.342890219644268,12.356742858886719,12.329036787735346,12.356742858886719,17100,0.0,0.0
2002-02-19,12.384453809708218,12.40938952296547,12.315189789105132,12.329042434692383,9900,0.0,0.0
2002-02-20,12.301331369272305,12.675358173227698,12.162802600424712,12.245919227600098,88500,0.0,0.0
2002-02-21,12.190509498381282,12.295790672302246,12.135098145615903,12.295790672302246,132300,0.0,0.0
2002-02-22,12.295796639874515,12.453718873734301,12.295796639874515,12.43986701965332,45600,0.0,0.0
2002-02-25,12.412159883573622,12.550688717335289,12.412159883573622,12.467571258544922,25800,0.0,0.0
2002-02-26,12.495271682739258,12.55068382879414,12.467566402378342,12.495271682739258,88800,0.0,0.0
2002-02-27,12.50912511558624,12.633800462543414,12.45371296953136,12.495271682739258,127200,0.0,0.0
2002-02-28,12.522978821247243,12.522978821247243,12.329038671553905,12.412156105041504,22500,0.0,0.0
2002-03-01,12.412157084728404,12.412157084728404,12.06583626741715,12.162805557250977,219000,0.0,0.0
2002-03-04,12.13510027234607,12.245922204632349,12.06583626741715,12.162805557250977,129300,0.0,0.0
2002-03-05,12.162804622990668,12.162804622990668,11.968864472886812,12.107393264770508,269100,0.0,0.0
2002-03-06,12.079684257507324,12.187736577978265,12.010420274709602,12.079684257507324,501000,0.0,0.0
2002-03-07,11.691813700016032,11.691813700016032,11.303933992818184,11.331639289855957,13530300,0.0,0.0
2002-03-08,11.36211089654944,11.522803453117401,11.226353255196047,11.497868537902832,3135000,0.0,0.0
2002-03-11,11.49786756169815,11.6918077123083,11.35933956211941,11.633625984191895,3147600,0.0,0.0
2002-03-12,11.497870475354674,11.622545865102644,11.470165185484811,11.580987930297852,1657800,0.0,0.0
2002-03-13,11.49787041195663,11.594840511300056,11.49787041195663,11.553281784057617,777900,0.0,0.0
2002-03-14,11.636397309656012,11.968865487150948,11.60869202453143,11.941160202026367,2705400,0.0,0.0
2002-03-15,11.941158626277833,12.31518547476993,11.8718938372732,12.287479400634766,1723200,0.0,0.0
2002-03-18,12.1905102112285,12.276398011203804,12.121245421721587,12.259774208068848,1295700,0.0,0.0
2002-03-19,12.232073113083606,12.495276549697156,12.190514383688424,12.467571258544922,929400,0.0,0.0
2002-03-20,12.467568064383801,12.467568064383801,12.323498526368693,12.345663070678711,565200,0.0,0.0
2002-03-21,12.315189789105132,12.356748518533717,12.135103018470376,12.329042434692383,522600,0.0,0.0
2002-03-22,12.287479489738361,12.337350106476675,12.232068926399332,12.259774208068848,916500,0.0,0.0
2002-03-25,12.190510228408415,12.30133294057578,12.121245438803893,12.204362869262695,437400,0.0,0.0
2002-03-26,12.190514383688424,12.467571258544922,12.190514383688424,12.467571258544922,936900,0.0,0.0
2002-03-27,12.467568035979918,12.495273319971004,12.453714601317746,12.48142147064209,357600,0.0,0.0
2002-03-28,12.49527356736294,12.758478526489188,12.49527356736294,12.744625091552734,1013100,0.0,0.0
2002-04-01,12.744624353015203,12.766788896429144,12.639343168132282,12.747395515441895,524700,0.0,0.0
2002-04-02,12.74462813340142,12.74462813340142,12.428782899731596,12.467571258544922,2018400,0.0,0.0
2002-04-03,12.467569962612922,12.467569962612922,12.104624503443455,12.148954391479492,1195500,0.0,0.0
2002-04-04,12.148954616898067,12.245923920317539,12.135101972504822,12.184971809387207,602100,0.0,0.0
2002-04-05,12.259778414089297,12.329042434692383,12.218219684660712,12.329042434692383,483600,0.0,0.0
2002-04-08,12.329042424783257,12.467571258544922,12.176660945445475,12.467571258544922,510900,0.0,0.0
2002-04-09,12.509126080485714,12.952416941786101,12.509126080485714,12.93856430053711,594600,0.0,0.0
2002-04-10,12.93856385546662,13.229474067687988,12.93856385546662,13.229474067687988,833400,0.0,0.0
2002-04-11,13.196226716050594,13.298737521852706,13.132503461362852,13.218390464782715,537300,0.0,0.0
2002-04-12,13.187915802001953,13.257179800890645,13.13250444435768,13.187915802001953,784800,0.0,0.0
2002-04-15,13.381857966106086,13.492680698090396,13.271035234121776,13.35415267944336,968400,0.0,0.0
2002-04-16,13.381856445195305,13.50653180634104,13.381856445195305,13.478826522827148,818400,0.0,0.0
2002-04-17,13.492684061310753,13.631212114487639,13.437273474173521,13.575799942016602,177600,0.0,0.0
2002-04-18,13.575796248231203,13.631208405625364,13.298740217260525,13.597962379455566,707400,0.0,0.0
2002-04-19,13.631205819163386,13.866703876403744,13.631205819163386,13.852852821350098,841500,0.0,0.0
2002-04-22,13.922116748199132,13.922116748199132,13.755881884236626,13.825146675109863,594900,0.0,0.0
2002-04-23,13.825147588543533,14.129910469055176,13.797442304497,14.129910469055176,795600,0.0,0.0
2002-04-24,14.171476471609854,14.282299256288406,14.171476471609854,14.226888656616211,714900,0.0,0.0
2002-04-25,15.099609314042539,15.930780410766603,15.058049808006501,15.930780410766602,3794400,0.0,0.0
2002-04-26,15.903068255093174,15.903068255093174,15.542894972806717,15.722982406616211,1054200,0.0,0.0
2002-04-29,15.764549176924897,15.903077196408097,15.51519842478845,15.59831428527832,524700,0.0,0.0
2002-04-30,15.598313228502887,16.401779174804688,15.598313228502887,16.401779174804688,1105500,0.0,0.0
2002-05-01,16.512597184405422,16.678832017317593,16.241081981670597,16.374069213867188,1318200,0.0,0.0
2002-05-02,16.3740786294084,16.41563656886696,16.241091320740484,16.318666458129883,185400,0.0,0.0
2002-05-03,16.374072672061047,16.387925313507253,16.290955238050614,16.315889358520508,329400,0.0,0.0
2002-05-06,16.290955493786896,16.38792557076578,16.180132775144347,16.20783805847168,402000,0.0,0.0
2002-05-07,16.2078332229295,16.872769336403767,16.2078332229295,16.728700637817383,588900,0.0,0.0
2002-05-08,16.728706080836076,16.872774826298105,16.4682722886548,16.60957145690918,645600,0.0,0.0
2002-05-09,16.595718283496428,16.609570925090903,16.376842424437353,16.42948341369629,411000,0.0,0.0
2002-05-10,16.415632947521818,16.429485590952066,16.318662858176676,16.321434020996094,422400,0.0,0.0
2002-05-13,16.290958488823755,16.290958488823755,16.108099780445688,16.238317489624023,350400,0.0,0.0
2002-05-14,16.235536963786842,16.872767741983346,16.235536963786842,16.737010955810547,562500,0.0,0.0
2002-05-15,16.775805764754338,17.23017974370855,16.775805764754338,17.138751983642578,602400,0.0,0.0
2002-05-16,17.138752332100307,17.17754068414926,16.903252642374564,16.986370086669922,510000,0.0,0.0
2002-05-17,17.01130938629851,17.03901467846719,16.87277975478768,16.9254207611084,226800,0.0,0.0
2002-05-20,16.942032894514963,17.036233359501804,16.91432762144007,17.025150299072266,331800,0.0,0.0
2002-05-21,17.027936141460046,17.039017626111054,16.401786283992084,16.498756408691406,981300,0.0,0.0
2002-05-22,16.734244177098677,16.9032486027317,15.930779968482778,16.645586013793945,4289100,0.0,0.0
2002-05-23,16.235535226249123,16.38791737904563,15.587221457258625,16.357440948486328,6094200,0.0,0.0
2002-05-24,16.332514193714772,16.775805089318013,16.318661551393834,16.457189559936523,577500,0.0,0.0
2002-05-28,16.42948353763446,16.42948353763446,15.930782095138442,16.097015380859375,821400,0.0,0.0
2002-05-29,16.069305142926947,16.097012005848907,15.56506306654085,15.584456443786621,972600,0.0,0.0
2002-05-30,15.445928195413252,15.487487700655134,15.182724865324435,15.210430145263672,1128900,0.0,0.0
2002-05-31,15.210436526219041,16.193990230004502,15.210436526219041,16.01390266418457,1528200,0.0,0.0
2002-06-03,16.01390313626861,16.266025101715506,15.775633817011053,16.19399070739746,1125000,0.0,0.0
2002-06-04,16.17459576335612,16.45719418505782,16.016674328248616,16.310354232788086,1321200,0.0,0.0
2002-06-05,16.277101929828067,16.623424326859833,16.013898556830537,16.055458068847656,659100,0.0,0.0
2002-06-06,16.055464187163757,16.055464187163757,15.764553833518752,15.903081893920898,813900,0.0,0.0
2002-06-07,15.90031603041243,15.903087194971075,15.598324092231138,15.88923454284668,1771500,0.0,0.0
2002-06-10,16.27710331637533,16.44333820793778,16.23554538615143,16.26325225830078,1209300,0.0,0.0
2002-06-11,16.207840452631054,16.410092538529558,16.069310844864898,16.110870361328125,749400,0.0,0.0
2002-06-12,15.861513392804092,15.972337680830348,15.626015347747524,15.914155960083008,1368900,0.0,0.0
2002-06-13,15.914157365251501,16.055456521828297,15.792251588858528,15.96125602722168,712500,0.0,0.0
2002-06-14,15.916926694484218,16.069307327270508,15.501341132824926,16.069307327270508,1407600,0.0,0.0
2002-06-17,16.207839349530676,16.429484804471265,16.138576135695082,16.24939727783203,1488600,0.0,0.0
2002-06-18,16.25216791705335,16.526454356874513,16.235544112134903,16.457189559936523,679800,0.0,0.0
2002-06-19,16.443326727668758,16.955882102578887,16.418391035743767,16.706531524658203,1203300,0.0,0.0
2002-06-20,16.692689269819326,16.99745377178572,16.412863648317106,16.944812774658203,1414800,0.0,0.0
2002-06-21,16.942034262539803,17.111038661408987,16.734241527034136,16.90324592590332,1336500,0.0,0.0
2002-06-24,16.886634437379733,16.983602962560887,16.30481377429019,16.59572410583496,778800,0.0,0.0
2002-06-25,16.62341772844837,16.637270365177724,15.819952115484659,15.92800521850586,753000,0.0,0.0
2002-06-26,15.445922335831145,15.570599218926208,15.044191173114285,15.263065338134766,1871400,0.0,0.0
2002-06-27,15.653724656081877,15.695284171121662,14.974935625543846,15.166106224060059,993600,0.0,0.0
2002-06-28,15.196580628591377,15.432080312475364,14.711731788673402,15.102381706237793,2560500,0.0,0.0
2002-07-01,15.07190737247159,15.168877471126601,14.462381491021114,14.517793655395508,1267500,0.0,0.0
2002-07-02,14.503939177099186,14.573202392144205,13.742031128936993,14.019088745117188,3132900,0.0,0.0
2002-07-03,13.991382754759528,14.185324525097608,13.132506944120264,14.104976654052734,2729100,0.0,0.0
2002-07-05,14.104973265835268,14.213026398686749,13.869475205756897,13.949821472167969,739200,0.0,0.0
2002-07-08,13.949830798082985,14.503946302672071,13.949830798082985,14.337711334228516,1648500,0.0,0.0
2002-07-09,14.340476439694816,14.46238225657129,13.825151051869275,13.919351577758789,968400,0.0,0.0
2002-07-10,13.894415818599649,14.063420312526842,13.298742552353188,13.451123237609863,1437300,0.0,0.0
2002-07-11,13.520388647814263,13.57579923205373,12.4398664018074,13.301512718200684,2215500,0.0,0.0
2002-07-12,13.298740453967845,13.714326093154341,13.049388911922607,13.44003963470459,1343400,0.0,0.0
2002-07-15,13.384625496667386,13.38739665904323,11.830335531117587,12.80003547668457,2634600,0.0,0.0
2002-07-16,12.744629211441207,12.747400374924304,12.190515414856959,12.43986701965332,1597500,0.0,0.0
2002-07-17,12.800038457403335,13.223936035629055,12.259777397625527,12.969043731689453,1981200,0.0,0.0
2002-07-18,12.969042590537457,13.437270016567721,12.802807701232814,13.243329048156738,2736000,0.0,0.0
2002-07-19,13.201771651887217,13.229477733776504,12.589475406601785,12.691987037658691,1290000,0.0,0.0
2002-07-22,12.744621275715904,12.938561380092668,11.470159544477516,12.051979064941406,1582200,0.0,0.0
2002-07-23,12.024280993163492,12.135103749874647,11.525577795296414,11.899604797363281,1994100,0.0,0.0
2002-07-24,11.705658915869005,13.215619633000829,11.522801059393151,13.090944290161133,2589000,0.0,0.0
2002-07-25,13.021682692948794,13.077093262028033,12.024277388856257,12.744625091552734,1451100,0.0,0.0
2002-07-26,12.772325166640506,13.33475042222651,12.522973759628801,12.897001266479492,808800,0.0,0.0
2002-07-29,13.090947374844575,13.603503092035318,13.021683367242229,13.548090934753418,1254600,0.0,0.0
2002-07-30,13.506536726889752,13.88056453192176,12.88315810872561,13.658917427062988,1455900,0.0,0.0
2002-07-31,13.589647113341142,13.99137841735935,13.24332557500393,13.924884796142578,2108700,0.0,0.0
2002-08-01,13.855623324871017,13.855623324871017,13.160209792151335,13.464973449707031,1403700,0.0,0.0
2002-08-02,13.423414559767433,13.428956884814955,12.592243359963465,13.068781852722168,1148700,0.0,0.0
2002-08-05,13.021680917023117,13.021680917023117,12.099081275280366,12.135098457336426,1552500,0.0,0.0
2002-08-06,12.135097933077278,12.883151578641472,12.135097933077278,12.509124755859375,1243800,0.0,0.0
2002-08-07,12.56453982126399,12.78618529395367,12.46756972879557,12.73077392578125,1200900,0.0,0.0
2002-08-08,12.827746334006754,13.021686553955078,12.467571979531389,13.021686553955078,1554300,0.0,0.0
2002-08-09,13.090951158819841,13.617359671157537,12.993981044547068,13.520389556884766,1509600,0.0,0.0
2002-08-12,13.451124736594547,13.545325272669363,13.21562656707517,13.520389556884766,1080300,0.0,0.0
2002-08-13,13.46497522589267,13.963676720283713,13.46497522589267,13.85562515258789,1601100,0.0,0.0
2002-08-14,13.85562231017854,14.046791282833336,13.368000810866175,13.880558013916016,1270800,0.0,0.0
2002-08-15,13.991377699547154,14.240729955317036,13.877785426629345,14.088349342346191,3353100,0.0,0.0
2002-08-16,14.046794905633778,14.614761231029163,13.92211952545757,14.3238525390625,1512300,0.0,0.0
2002-08-19,14.337703654875265,15.071904799146173,14.329391752371572,14.836406707763672,2096100,0.0,0.0
2002-08-20,14.808699896723924,14.944456729403727,14.742206268880816,14.76714038848877,1119300,0.0,0.0
2002-08-21,14.891817488245989,15.058050766977525,14.75328790641436,15.01649284362793,738300,0.0,0.0
2002-08-22,15.019269844691078,15.138404519581423,14.905675911919507,15.071910858154297,1199100,0.0,0.0
2002-08-23,15.01649078510065,15.09960820573889,14.927831040509039,15.096837043762207,330000,0.0,0.0
2002-08-26,15.102382921655186,15.113464402667029,14.822554124104206,14.969395637512207,917700,0.0,0.0
2002-08-27,14.961077571751558,14.963847148197015,14.767137465925217,14.819778442382812,910500,0.0,0.0
2002-08-28,14.753289615842826,14.889048051047892,14.382033083703806,14.490084648132324,2019300,0.0,0.0
2002-08-29,14.406962763802838,14.587050234316907,14.099430385416783,14.4651460647583,844200,0.0,0.0
2002-08-30,14.54550436134854,14.76714993071501,14.409745855611266,14.476241111755371,408600,0.0,0.0
2002-09-03,14.393108605932651,14.395878181825488,13.85284789626352,13.908258438110352,1529100,0.0,0.0
2002-09-04,13.838996502713774,13.949819194380517,13.340293597547015,13.628434181213379,1654500,0.0,0.0
2002-09-05,13.548088882359135,13.769735892576149,13.492678318804728,13.645060539245605,873600,0.0,0.0
2002-09-06,13.769730498160769,13.991374250880595,13.755876277366553,13.908258438110352,1107900,0.0,0.0
2002-09-09,13.894412298976118,14.351555824279785,13.811294862011836,14.351555824279785,798600,0.0,0.0
2002-09-10,14.282290027966221,14.76714038848877,14.226879464096866,14.76714038848877,538200,0.0,0.0
2002-09-11,15.238144091737501,15.238144091737501,14.819788736587492,14.925070762634277,1262400,0.0,0.0
2002-09-12,14.961090086222876,15.04420757043539,14.670179684146158,14.794855117797852,1598700,0.0,0.0
2002-09-13,14.725582160507356,14.85579825116908,14.49008251294218,14.783763885498047,479700,0.0,0.0
2002-09-16,14.778222212470583,14.927831673564487,14.573199021490629,14.808698654174805,495300,0.0,0.0
2002-09-17,14.877961308707798,15.030341926319199,14.678480449216698,14.93337345123291,2830200,0.0,0.0
2002-09-18,14.8364094793396,14.877967414288157,14.323853688306066,14.587057113647461,762600,0.0,0.0
2002-09-19,14.470692032430765,14.551038315674957,14.201946310452996,14.309999465942383,808200,0.0,0.0
2002-09-20,14.30999789846427,14.462378545121076,14.140991862014708,14.351555824279785,772200,0.0,0.0
2002-09-23,14.282291035334618,14.29614526261227,13.730948593414434,13.988611221313477,914400,0.0,0.0
2002-09-24,13.919348882020142,13.97198829056731,13.271034735281141,13.620126724243164,1480800,0.0,0.0
2002-09-25,14.129910760937022,14.670171737670898,13.922117955629126,14.670171737670898,2460000,0.0,0.0
2002-09-26,14.739438133789605,15.196581720934029,14.684027558539839,15.157794952392578,1622400,0.0,0.0
2002-09-27,15.130086991871197,15.235368979678153,14.670172274889945,15.102381706237793,1559100,0.0,0.0
2002-09-30,14.93615306708076,14.958319207255915,14.462385509184587,14.6119966506958,1425600,0.0,0.0
2002-10-01,14.617539498560008,14.961090940749333,14.146543036677643,14.822561264038086,1408200,0.0,0.0
2002-10-02,14.822550007181427,15.404370402708048,14.708957724359335,15.232596397399902,2208600,0.0,0.0
2002-10-03,15.30186449401784,15.376670042673748,14.82255475001269,14.961084365844727,1380000,0.0,0.0
2002-10-04,14.961083104797012,15.071905836921431,14.268441425352759,14.758831024169922,1443300,0.0,0.0
2002-10-07,14.758838754191567,15.321264612463246,14.573210382492627,14.822561264038086,1666800,0.0,0.0
2002-10-08,14.877961853199851,15.058049341330985,14.171466125813335,14.808698654174805,2013300,0.0,0.0
2002-10-09,14.642461341086479,14.836401436376729,14.42358554714483,14.628608703613281,1131000,0.0,0.0
2002-10-10,14.49008608948636,14.711733151079667,14.29614748675915,14.636927604675293,1051500,0.0,0.0
2002-10-11,14.711733751421919,15.238140590019945,14.684028462092247,15.099614143371582,1688700,0.0,0.0
2002-10-14,15.044193841850793,15.900298867598513,14.93337115914344,15.55674934387207,2241000,0.0,0.0
2002-10-15,15.69528627349454,15.91970292876964,15.515200301977742,15.850438117980957,1676100,0.0,0.0
2002-10-16,15.781170306333728,15.781170306333728,15.321254062167576,15.601082801818848,1596000,0.0,0.0
2002-10-17,15.792254919888613,16.163511481333483,14.129912296742443,14.434675216674805,6623100,0.0,0.0
2002-10-18,14.406974581695557,14.808709352945062,14.246281941463078,14.794855117797852,3003000,0.0,0.0
2002-10-21,14.822558438802114,15.232605062270308,14.72558990305475,15.071910858154297,1659900,0.0,0.0
2002-10-22,14.961084365844727,15.210435137808721,14.767144171946711,14.961084365844727,1067700,0.0,0.0
2002-10-23,14.961080693828649,15.224285631042218,14.869651360059752,15.01649284362793,976800,0.0,0.0
2002-10-24,15.044198359669915,15.376666507633185,14.889046557287054,15.052510261535645,2445900,0.0,0.0
2002-10-25,15.052514466722652,15.224290120825547,14.756061835136272,14.950003623962402,1122300,0.0,0.0
2002-10-28,15.044201894002379,15.071907183174824,14.656321504253949,14.875197410583496,1545000,0.0,0.0
2002-10-29,14.877963101560619,15.016492681900283,14.509477778763365,14.76714038848877,896700,0.0,0.0
2002-10-30,14.780989730096106,14.949995716972255,14.517786439801696,14.753284454345703,736500,0.0,0.0
2002-10-31,14.767141910455107,15.002640001837607,14.742207788277334,14.836406707763672,840600,0.0,0.0
2002-11-01,14.406963992426197,14.767138964169995,14.393112938127958,14.559346199035645,2199300,0.0,0.0
2002-11-04,14.656316261787207,14.889044729457552,14.467918460402961,14.559346199035645,1080900,0.0,0.0
2002-11-05,14.559350764767586,14.744979047637383,14.38203438534969,14.581515312194824,689700,0.0,0.0
2002-11-06,14.587052902403597,14.656317692654895,14.40973656128009,14.462377548217773,663600,0.0,0.0
2002-11-07,14.36540903460066,14.503938630133279,14.296145822167665,14.420821189880371,596400,0.0,0.0
2002-11-08,14.42358664832873,14.667398159535825,14.240729600256268,14.437440872192383,573900,0.0,0.0
2002-11-11,14.448529866452134,14.459612934243003,13.966450502223575,14.046796798706055,1530900,0.0,0.0
2002-11-12,14.149307645436584,14.240737009709934,13.888873783688549,14.046796798706055,885300,0.0,0.0
2002-11-13,14.046793501408938,14.51779127261988,13.977530288975942,14.420821189880371,952200,0.0,0.0
2002-11-14,14.614760520441827,14.941689558312124,14.545497304452413,14.864112854003906,1450200,0.0,0.0
2002-11-15,14.864109814611105,15.04696688689955,14.794845027451466,14.911210060119629,595200,0.0,0.0
2002-11-18,15.07190737247159,15.088531180317267,14.323853458085486,14.517793655395508,2168400,0.0,0.0
2002-11-19,14.520560664195886,14.955541242311503,14.254586127055104,14.670171737670898,2984100,0.0,0.0
2002-11-20,14.67017031638426,14.897356481848265,14.406965382005408,14.76714038848877,3022200,0.0,0.0
2002-11-21,14.822555214097376,15.210435614037694,14.822555214097376,15.082990646362305,1959300,0.0,0.0
2002-11-22,15.077446752816991,15.127318171853942,14.58705556295432,14.905671119689941,2559000,0.0,0.0
2002-11-25,14.961083669148433,15.00264160076268,13.5757970873383,14.3238525390625,6641100,0.0,0.0
2002-11-26,13.983071457566462,14.066187315034044,13.506532931818864,13.819607734680176,4900500,0.0,0.0
2002-11-27,13.880556094768306,14.382028579711914,13.722633163598422,14.382028579711914,1476600,0.0,0.0
2002-11-29,14.4900842176713,14.587054299175152,14.129910761609343,14.282291412353516,553200,0.0,0.0
2002-12-02,14.199175073799625,14.545497499729754,13.631208768394343,13.697702407836914,1692300,0.0,0.0
2002-12-03,13.6838519472912,13.841774960659103,13.354154860295445,13.564717292785645,1702200,0.0,0.0
2002-12-04,13.506529793810488,13.927656064738272,13.437266595346276,13.922115325927734,1643100,0.0,0.0
2002-12-05,13.922113611637434,14.03847703899537,13.714320871165233,13.899949073791504,946200,0.0,0.0
2002-12-06,13.85285609261595,14.140993617234493,13.700473841711782,14.060648918151855,626400,0.0,0.0
2002-12-09,13.935970446672748,14.254585972330942,13.866705650544175,14.185322761535645,2255700,0.0,0.0
2002-12-10,14.448521245796229,14.642461341086479,14.395880272198434,14.628608703613281,2746500,0.0,0.0
2002-12-11,14.684023126382643,14.711728405645093,14.36540607353252,14.559346199035645,13420800,0.0,0.0
2002-12-12,14.545499470610691,14.548269048462686,13.839003464971446,13.866708755493164,10471500,0.0,0.0
2002-12-13,13.869472158061978,13.869472158061978,12.938560807951248,13.359687805175781,7009200,0.0,0.0
2002-12-16,13.362465111167964,13.844544410705566,13.362465111167964,13.844544410705566,1653300,0.0,0.0
2002-12-17,13.844543335202415,13.974759445819949,13.686620353644969,13.814066886901855,1434900,0.0,0.0
2002-12-18,13.814063816258688,13.841769095706816,13.434495463553938,13.67553424835205,1959600,0.0,0.0
2002-12-19,13.678311061883871,13.811298360580711,13.434501014272998,13.451123237609863,1522800,0.0,0.0
2002-12-20,13.464978786479,13.753117961861454,13.464978786479,13.658917427062988,1240800,0.0,0.0
2002-12-23,13.617355439486749,13.65891336754622,13.29873990169747,13.58965015411377,828900,0.0,0.0
2002-12-24,13.581339357707352,13.589651261062961,13.448352074684525,13.459433555603027,351900,0.0,0.0
2002-12-26,13.45943687115107,13.708789277243524,13.45943687115107,13.606278419494629,537000,0.0,0.0
2002-12-27,13.575793717356143,13.711553715462706,13.534235796058013,13.614582061767578,556500,0.0,0.0
2002-12-30,13.631206512451172,13.683847499797883,13.387396541511912,13.631206512451172,738900,0.0,0.0
2002-12-31,13.64229144359931,13.750343010098963,13.409562919548726,13.548090934753418,744300,0.0,0.0
2003-01-02,13.575791867651407,13.92211417261498,13.506528674924981,13.808520317077637,1803300,0.0,0.0
2003-01-03,13.819606650575532,13.866705315712414,13.595190048217772,13.595190048217773,1818900,0.0,0.0
2003-01-06,13.617353318619681,13.681075782119597,12.56453678508649,12.727999687194824,4802400,0.0,0.0
2003-01-07,12.691983924024173,12.980122983118399,12.691983924024173,12.80003547668457,2062800,0.0,0.0
2003-01-08,12.802806010209048,12.827741715911198,12.625489663882254,12.71968936920166,1821000,0.0,0.0
2003-01-09,12.80003617080657,13.049387689493269,12.797265800947077,12.89977741241455,1146900,0.0,0.0
2003-01-10,12.827741747786902,12.977352019038603,12.800035672271196,12.8582181930542,1290900,0.0,0.0
2003-01-13,12.927481502409824,13.02168120293227,12.633800922427964,12.703064918518066,2059500,0.0,0.0
2003-01-14,12.536828049499007,12.689210233629623,12.25977133441238,12.426005363464355,2659800,0.0,0.0
2003-01-15,12.423239086325724,12.545144081115723,12.287480656718703,12.545144081115723,1812000,0.0,0.0
2003-01-16,12.614408985949893,12.772331168758997,12.509127002299392,12.744625091552734,1045200,0.0,0.0
2003-01-17,12.67536368700877,12.67536368700877,12.356748093461393,12.486964225769043,1981500,0.0,0.0
2003-01-21,12.426006645904197,12.459253455145866,11.871892365876581,11.963321685791016,2183400,0.0,0.0
2003-01-22,11.941163076162374,11.999345615728023,11.733370217047405,11.802634239196777,2021100,0.0,0.0
2003-01-23,12.093539388093761,12.148950740653957,11.650248567612197,11.932846069335938,4336500,0.0,0.0
2003-01-24,11.910685787257977,11.91345615770997,11.691810668214623,11.85804557800293,1135200,0.0,0.0
2003-01-27,11.774927139282227,11.8718964383343,11.647480597137504,11.774927139282227,1426500,0.0,0.0
2003-01-28,11.774926118837495,12.054753303527832,11.733367398464344,12.054753303527832,1375800,0.0,0.0
2003-01-29,11.971635857130073,12.021506480087645,11.885748839110544,11.941160202026367,1706400,0.0,0.0
2003-01-30,12.190509573891282,12.453712906657273,12.08799797614047,12.099081039428711,3795000,0.0,0.0
2003-01-31,12.02981598515622,12.093539237976074,11.96886310176336,12.093539237976074,1582200,0.0,0.0
2003-02-03,12.190510481754902,12.345662282013617,11.968864260147301,12.104621887207031,914700,0.0,0.0
2003-02-04,12.049215875395726,12.121250270686232,11.733370623480369,11.955016136169434,1099800,0.0,0.0
2003-02-05,11.94115714629657,12.245919168011977,11.899598436577868,11.963321685791016,726900,0.0,0.0
2003-02-06,11.96609632842308,12.024278859874133,11.026873433761704,11.165401458740234,3342600,0.0,0.0
2003-02-07,11.165402050437072,11.453541182035408,10.816310013898006,10.90219783782959,4697400,0.0,0.0
2003-02-10,10.832932567880983,10.832932567880983,10.486611709156794,10.805227279663086,3535200,0.0,0.0
2003-02-11,11.068430170866346,11.079512443375016,10.874490005631312,10.990854263305664,2363700,0.0,0.0
2003-02-12,10.957605471377791,11.071198545957158,10.697171718017133,10.738730430603027,1533900,0.0,0.0
2003-02-13,10.741503497381562,11.151548401951906,10.669469117299414,10.957608222961426,5903100,0.0,0.0
2003-02-14,10.957608628605698,11.165401458740234,10.929902548009947,11.165401458740234,1683600,0.0,0.0
2003-02-18,11.1875638961792,11.4286035019686,11.137693277579126,11.1875638961792,1004100,0.0,0.0
2003-02-19,11.193106024753147,11.248516593113346,10.766437355846582,10.927130699157715,1356300,0.0,0.0
2003-02-20,10.929902758981491,10.932673129294518,10.666698555241764,10.777522087097168,1797300,0.0,0.0
2003-02-21,10.780288100794719,10.791369577568492,10.511542472369795,10.766434669494629,2054400,0.0,0.0
2003-02-24,10.80522591967977,10.80522591967977,10.5198572065525,10.542021751403809,993600,0.0,0.0
2003-02-25,10.431197417463192,10.525396322211684,10.248339554324168,10.411803245544434,2219400,0.0,0.0
2003-02-26,10.528168497174192,10.697172943676755,10.472757138266253,10.583579063415527,1714800,0.0,0.0
2003-02-27,10.625137757111796,10.805225267661678,10.625137757111796,10.719337463378906,908100,0.0,0.0
2003-02-28,10.71933688850159,10.916047399803979,10.691630814261869,10.810766220092773,998400,0.0,0.0
2003-03-03,10.880033590640776,10.982544432517061,10.738734391333741,10.852328300476074,1162200,0.0,0.0
2003-03-04,10.78306143679956,10.832931266668286,10.472757807097889,10.658385276794434,2271600,0.0,0.0
2003-03-05,10.661154396562774,10.791370478861031,10.555872431754436,10.763665199279785,1829100,0.0,0.0
2003-03-06,10.76366829155623,10.846785739511645,10.542022820564098,10.686092376708984,1079100,0.0,0.0
2003-03-07,10.636220710067574,10.982541500675191,10.528168363403356,10.882801055908203,1792500,0.0,0.0
2003-03-10,10.85509414009155,10.957604939180287,10.766435187636661,10.888340950012207,888300,0.0,0.0
2003-03-11,10.899426970980839,11.129385159628173,10.888345489054206,10.999167442321777,1156200,0.0,0.0
2003-03-12,10.957603284261705,11.096132034342448,10.916044579970846,11.060114860534668,1074900,0.0,0.0
2003-03-13,11.220811713064666,11.605920884237998,11.220811713064666,11.578215599060059,2072400,0.0,0.0
2003-03-14,11.553276672086872,11.982715606689453,11.470160047045345,11.982715606689453,2934000,0.0,0.0
2003-03-17,11.871893534106647,12.24592037304741,11.733365544968015,12.135098457336426,2430000,0.0,0.0
2003-03-18,12.137868811563047,12.218215076868729,12.043669113227754,12.190509796142578,1668600,0.0,0.0
2003-03-19,12.329041450273182,12.564540369787062,12.287482724162876,12.522981643676758,2046600,0.0,0.0
2003-03-20,12.453709955740573,12.464793016402673,12.276394460474602,12.376134872436523,1762200,0.0,0.0
2003-03-21,12.384451941623617,12.689215647240061,12.315187931468392,12.66427993774414,2386500,0.0,0.0
2003-03-24,12.59501166923955,12.619947371874085,12.398301966232635,12.536829948425293,1528500,0.0,0.0
2003-03-25,12.522979448476184,12.8831536905179,12.481421522317497,12.766789436340332,1260900,0.0,0.0
2003-03-26,12.772332964960366,12.938567073575884,12.694756254939701,12.852679252624512,1457400,0.0,0.0
2003-03-27,12.827745918051106,12.938568670808902,12.758481895744197,12.844368934631348,1462200,0.0,0.0
2003-03-28,12.816662274530191,12.919173111720875,12.689216518797647,12.855450630187988,1225500,0.0,0.0
2003-03-31,12.841593831450448,12.905317088968882,12.522978336524838,12.813888549804688,1117800,0.0,0.0
2003-04-01,12.81665381796812,12.855442148032973,12.686436985130754,12.750160217285156,1395300,0.0,0.0
2003-04-02,12.883152089761822,13.18237340132537,12.883152089761822,13.079862594604492,1199400,0.0,0.0
2003-04-03,13.12973421700301,13.381856095184757,13.07432206609134,13.251638412475586,1178100,0.0,0.0
2003-04-04,13.29873873053348,13.423414089065592,13.20176865493446,13.368001937866211,1061100,0.0,0.0
2003-04-07,13.603505401235505,13.894415709347529,13.395712550488868,13.437272071838379,1277400,0.0,0.0
2003-04-08,13.440039566987707,13.520385848701153,13.27380547068401,13.29874038696289,978600,0.0,0.0
2003-04-09,13.298741826285674,13.298741826285674,12.85545085483177,12.891468048095703,1707000,0.0,0.0
2003-04-10,12.891465037668343,13.099257830180083,12.772330418743842,13.085404396057129,1338300,0.0,0.0
2003-04-11,13.132507289982415,13.17406601538744,12.930255988922534,13.049389839172363,690600,0.0,0.0
2003-04-14,13.146358295721022,13.29319820882827,13.010599862496088,13.282115936279297,1039200,0.0,0.0
2003-04-15,13.215614841440466,13.326437504376434,13.160203509972483,13.257173538208008,911700,0.0,0.0
2003-04-16,13.29873979386219,13.368003006733007,12.877612642674334,12.9773530960083,752400,0.0,0.0
2003-04-17,12.977351655510049,13.29042641600118,12.9662701768141,13.21008014678955,879600,0.0,0.0
2003-04-21,13.21007993210638,13.340296023999862,13.187915389741544,13.2876558303833,880200,0.0,0.0
2003-04-22,13.25995018016364,13.858392843153112,13.174063170253053,13.719864845275879,1470000,0.0,0.0
2003-04-23,13.714330603490255,14.032946259296555,13.636755458644975,13.966452598571777,1153800,0.0,0.0
2003-04-24,13.894412887294589,13.949823457394809,13.811295446810941,13.89718246459961,663900,0.0,0.0
2003-04-25,13.827920174952236,13.905495295337147,13.761426535193705,13.839001655578613,560700,0.0,0.0
2003-04-28,13.811298174449727,13.9553685387632,13.797445529188867,13.866708755493164,998100,0.0,0.0
2003-04-29,13.86670543566953,14.116057746668533,13.841771314302907,13.988611221313477,1777200,0.0,0.0
2003-04-30,13.949822431376598,13.949822431376598,13.730948159045763,13.780817985534668,1919700,0.0,0.0
2003-05-01,13.714325430157569,13.72817807274965,13.365233446703861,13.617355346679688,2149200,0.0,0.0
2003-05-02,13.603506164051423,14.066190568574298,13.575799286486873,13.886104583740234,1259100,0.0,0.0
2003-05-05,13.886098646343356,14.279519652070826,13.886098646343356,14.188090324401855,1290600,0.0,0.0
2003-05-06,14.226891259688156,14.603688796537286,14.19918436944841,14.473472595214844,1051800,0.0,0.0
2003-05-07,14.404197973920471,14.573202438636203,14.296146406905507,14.329392433166504,932700,0.0,0.0
2003-05-08,14.260128876553685,14.531644161630478,14.196404817634297,14.490084648132324,1002600,0.0,0.0
2003-05-09,14.545491417575386,14.792072488567802,14.456833268724102,14.76990795135498,1442100,0.0,0.0
2003-05-12,14.781001108873147,15.102387945120771,14.684032569097972,14.98048210144043,1617600,0.0,0.0
2003-05-13,14.911210633852646,14.947227817254896,14.589823974879046,14.650776863098145,775200,0.0,0.0
2003-05-14,14.71172984192256,14.753287764873456,14.426360364593704,14.462377548217773,614400,0.0,0.0
2003-05-15,15.81995775055615,16.45164803948529,15.587229248740186,16.20783805847168,11141400,0.0,0.0
2003-05-16,16.152433371059573,16.761960983276367,16.07762780323906,16.761960983276367,3823500,0.0,0.0
2003-05-19,16.346362989099013,16.74255350088126,16.329739189705034,16.620649337768555,3967200,0.0,0.0
2003-05-20,16.623426449522864,16.789661348151487,16.30481088159591,16.396240234375,2031300,0.0,0.0
2003-05-21,16.39624070729316,16.554163707011988,16.290958707480605,16.526456832885742,1245900,0.0,0.0
2003-05-22,16.52923110036571,16.761959691802033,16.493212315770013,16.670530319213867,1574700,0.0,0.0
2003-05-23,16.69269457228129,16.908799369836768,16.471050617900378,16.761960983276367,1272000,0.0,0.0
2003-05-27,16.76194846195182,16.76194846195182,16.498743589323084,16.620649337768555,2463600,0.0,0.0
2003-05-28,16.620650053488987,16.969741929131292,16.229998677572098,16.59294319152832,2762700,0.0,0.0
2003-05-29,16.65112515494366,16.664977793464196,16.332509712972715,16.374069213867188,1957800,0.0,0.0
2003-05-30,16.56800761249183,16.623419751485443,16.38792172776149,16.479351043701172,1506000,0.0,0.0
2003-06-02,16.479353036005218,17.37701774769707,16.393464447981373,17.205242156982422,2718900,0.0,0.0
2003-06-03,17.208014316674593,17.208014316674593,16.74809962119153,16.900480270385742,8162400,0.0,0.0
2003-06-04,16.709311655432927,16.78965951839155,16.59571935290518,16.628965377807617,3611400,0.0,0.0
2003-06-05,16.623420435272944,16.914330609956803,16.581862518317926,16.673290252685547,2137800,0.0,0.0
2003-06-06,17.011304968852166,17.080568181287788,16.581866710418055,16.628965377807617,1639200,0.0,0.0
2003-06-09,16.568010725595496,16.568010725595496,16.324200755944343,16.354677200317383,1180500,0.0,0.0
2003-06-10,16.41008927931217,16.906021118164062,16.36298903178627,16.906021118164062,1513800,0.0,0.0
2003-06-11,16.908792172753905,17.149832585430744,16.77580490552988,16.900480270385742,1659600,0.0,0.0
2003-06-12,16.955893474546706,17.0113056319886,16.761954886833518,16.864465713500977,710700,0.0,0.0
2003-06-13,16.80904595961489,16.811817121101306,16.579088701554767,16.651123046875,771900,0.0,0.0
2003-06-16,16.77580690536521,16.9919116366993,16.76749500200619,16.89771270751953,1243200,0.0,0.0
2003-06-17,16.900477441104172,17.24956935545964,16.84229571960043,17.08610725402832,1410900,0.0,0.0
2003-06-18,17.08610928037152,17.11381456335751,16.568011293600946,16.75364112854004,2478600,0.0,0.0
2003-06-19,16.775800486961355,16.775800486961355,16.346363936826112,16.374069213867188,2583900,0.0,0.0
2003-06-20,16.44333638876049,16.507060443787253,16.133032771818293,16.26879119873047,2967000,0.0,0.0
2003-06-23,16.268784765928917,16.268784765928917,15.736834333317736,15.972333908081055,2531700,0.0,0.0
2003-06-24,16.00005188684031,16.61788978988946,16.00005188684031,16.407325744628906,1864500,0.0,0.0
2003-06-25,16.387931238350664,16.853386817622034,16.34637329898731,16.59572410583496,1821900,0.0,0.0
2003-06-26,16.620649231657264,16.66774788252915,16.34636288473885,16.6234188079834,1215300,0.0,0.0
2003-06-27,16.623428681451216,16.89494561331069,16.48767021552148,16.689922332763672,753300,0.0,0.0
2003-06-30,16.689924584098268,16.87278175354004,16.06931550279987,16.87278175354004,3789600,0.0,0.0
2003-07-01,16.734247638046998,16.79797011160137,16.429484742323186,16.74810028076172,1873800,0.0,0.0
2003-07-02,16.692683330060902,16.93926442142601,16.576319896412755,16.825672149658203,1074900,0.0,0.0
2003-07-03,16.825681855871636,17.1858554267775,16.797974977083648,17.113821029663086,856200,0.0,0.0
2003-07-07,17.260657657097713,17.365939654311074,17.075029373168945,17.075029373168945,1349700,0.0,0.0
2003-07-08,17.094426730594186,17.648540496826172,17.058407948622108,17.648540496826172,1936500,0.0,0.0
2003-07-09,17.6208233450371,17.820304166618737,17.374242290526723,17.41303062438965,1354200,0.0,0.0
2003-07-10,17.37147466043945,17.432427542424538,17.149829258069094,17.191387176513672,1148100,0.0,0.0
2003-07-11,17.23848252609123,17.629132238721358,17.205236517838618,17.59588623046875,1018800,0.0,0.0
2003-07-14,17.690100325647286,18.393825280314868,17.690100325647286,18.158327102661133,2355300,0.0,0.0
2003-07-15,18.271904117789802,18.51571397530687,18.091816696715036,18.388267517089844,1314300,0.0,0.0
2003-07-16,18.36056996511076,18.36056996511076,18.058578281010526,18.216501235961914,681300,0.0,0.0
2003-07-17,18.022563561153333,18.119533651551553,17.78983661246436,17.89788818359375,1467300,0.0,0.0
2003-07-18,17.95329662794432,18.119529901845173,17.884031839041317,18.064119338989258,440100,0.0,0.0
2003-07-21,18.050268107173707,18.053037684332814,17.834163407434932,17.93390464782715,525600,0.0,0.0
2003-07-22,17.933905657646612,18.327325145716937,17.78706415861568,18.252519607543945,744900,0.0,0.0
2003-07-23,18.36888692506415,18.493562308956704,18.169405993769356,18.310705184936523,663000,0.0,0.0
2003-07-24,18.379970914987023,18.817721192520125,18.363347105443474,18.562828063964844,1659300,0.0,0.0
2003-07-25,18.590530084257413,18.842651983569002,18.562823213812926,18.809404373168945,537000,0.0,0.0
2003-07-28,18.812175320008976,19.11693820873568,18.762305490314297,18.798322677612305,956400,0.0,0.0
2003-07-29,18.809404204596607,18.823258432361346,18.57667727521522,18.6875,910800,0.0,0.0
2003-07-30,18.698585402836194,18.70135498046875,18.53512007984229,18.70135498046875,1111200,0.0,0.0
2003-07-31,18.765073600802747,18.96455447246937,18.715202193886306,18.820484161376953,1267500,0.0,0.0
2003-08-01,18.82047528085591,18.936838671421622,18.740129054735192,18.837099075317383,672000,0.0,0.0
2003-08-04,18.92299758583072,19.152954931774687,18.83156983116219,19.122478485107422,1165500,0.0,0.0
2003-08-05,19.061526627940957,19.064297790637077,18.837111594888952,18.86758804321289,1671000,0.0,0.0
2003-08-06,18.92299098493252,18.92299098493252,18.40766590456164,18.42428970336914,2883300,0.0,0.0
2003-08-07,18.42706898879378,18.68196208703568,17.94221850365981,18.31901741027832,4259400,0.0,0.0
2003-08-08,18.327323780077062,19.080919845617068,18.327323780077062,18.989490509033203,2049300,0.0,0.0
2003-08-11,19.0033448939892,19.09477423896102,18.86758804321289,18.86758804321289,1040400,0.0,0.0
2003-08-12,18.889750674822633,19.04490247808471,18.853731904755968,19.036590576171875,1057200,0.0,0.0
2003-08-13,19.393993750287624,19.795728296575884,19.31087789795205,19.671052932739258,2874900,0.0,0.0
2003-08-14,19.726463181252104,20.27226487900945,19.671052613926438,20.227935791015625,2221200,0.0,0.0
2003-08-15,20.211319379655947,20.211319379655947,19.864996893023267,20.17530059814453,334200,0.0,0.0
2003-08-18,19.898238793561497,20.263952976843953,19.898238793561497,20.227935791015625,1291800,0.0,0.0
2003-08-19,20.291659230272057,20.532698044426375,20.211312958887284,20.26118278503418,1739100,0.0,0.0
2003-08-20,19.80957718965177,20.03953609573,19.740313986937206,19.94810676574707,2921700,0.0,0.0
2003-08-21,20.017375817055306,20.596426824132152,20.003524757798537,20.51607894897461,1967700,0.0,0.0
2003-08-22,20.682310925533674,20.834693165112732,20.419107544927414,20.42464828491211,777600,0.0,0.0
2003-08-25,20.40525610090757,20.518850005425023,20.294434944760752,20.502227783203125,638400,0.0,0.0
2003-08-26,20.50499328011865,20.779279708862305,20.3609245375327,20.779279708862305,1281600,0.0,0.0
2003-08-27,20.77927539113572,20.77927539113572,20.419102024178056,20.546546936035156,945600,0.0,0.0
2003-08-28,20.169750470351918,20.557630713909866,19.873299549003963,20.510530471801758,1921500,0.0,0.0
2003-08-29,20.488368055142768,20.704472739369535,20.42741675268547,20.682308197021484,1074000,0.0,0.0
2003-09-02,20.335990583259587,20.541012235526768,20.183608340088004,20.327678680419922,2169900,0.0,0.0
2003-09-03,20.330445703020967,20.352611831363518,20.275035138164096,20.311052322387695,1533600,0.0,0.0
2003-09-04,20.31382075279174,20.419102714260404,20.28334431208592,20.34152603149414,1914300,0.0,0.0
2003-09-05,19.86499520644297,19.92317694804674,19.837289917171375,19.842830657958984,3068700,0.0,0.0
2003-09-08,19.84559932454103,19.975815436003828,19.84559932454103,19.93425750732422,1017900,0.0,0.0
2003-09-09,19.86499050440653,19.86776166681118,19.04490240461357,19.089231491088867,2114100,0.0,0.0
2003-09-10,19.15849927739482,19.64057860438002,19.15849927739482,19.388458251953125,1408800,0.0,0.0
2003-09-11,19.388458251953125,19.518674380100368,19.255470960738833,19.388458251953125,507600,0.0,0.0
2003-09-12,19.388455699467556,19.443866270845273,19.205597009121036,19.3718318939209,557400,0.0,0.0
2003-09-15,19.394001039357196,19.668289162353187,19.394001039357196,19.56023597717285,705900,0.0,0.0
2003-09-16,19.55746725925896,19.64889505227903,19.33305055893583,19.637813568115234,503100,0.0,0.0
2003-09-17,19.637804248024178,19.64888572692871,19.502045826778005,19.64888572692871,407400,0.0,0.0
2003-09-18,19.64888128035494,19.984120514016098,19.599011465903807,19.90377426147461,596400,0.0,0.0
2003-09-19,19.90655606774129,19.90655606774129,19.596252368045455,19.71538543701172,782400,0.0,0.0
2003-09-22,19.629493089374684,20.003520759894368,19.5491468156087,19.831745147705078,1020000,0.0,0.0
2003-09-23,19.79572594213767,20.488367474553204,19.643343726979758,20.44403839111328,2029800,0.0,0.0
2003-09-24,20.444038890879682,20.67953695424453,20.208540827514835,20.23624610900879,1161300,0.0,0.0
2003-09-25,20.252874537933216,20.26672718184423,19.643348693847656,19.643348693847656,629100,0.0,0.0
2003-09-26,19.646116697093543,19.715379905509078,19.45217654286361,19.49927520751953,806400,0.0,0.0
2003-09-29,19.526980739691858,19.629491549397056,19.164036162303315,19.399534225463867,1077600,0.0,0.0
2003-09-30,19.399538673280126,19.94534203830832,19.35243841571589,19.643348693847656,1254900,0.0,0.0
2003-10-01,19.68491389030378,20.372016696266687,19.65997975619539,20.36093521118164,1276500,0.0,0.0
2003-10-02,20.452350329182636,20.582566417521537,20.34152762038365,20.49390983581543,908400,0.0,0.0
2003-10-03,20.668461102756897,20.765431199718908,20.480061649573507,20.502227783203125,971700,0.0,0.0
2003-10-06,20.460663626353604,20.710015927162157,20.183606042788494,20.701704025268555,1620900,0.0,0.0
2003-10-07,20.6463041289242,20.69894514860636,20.565957810041155,20.679550170898438,862800,0.0,0.0
2003-10-08,20.67954201960619,20.690625086118388,20.441272735595703,20.441272735595703,453900,0.0,0.0
2003-10-09,20.557640959350614,20.926126423175308,20.552100217909743,20.69339942932129,923700,0.0,0.0
2003-10-10,20.721095458933412,20.91780675281929,20.62966613202873,20.651830673217773,357000,0.0,0.0
2003-10-13,20.70724572344953,20.903955459594727,20.70724572344953,20.903955459594727,517800,0.0,0.0
2003-10-14,20.862389645747772,21.18100504773467,20.72386010726118,21.064640045166016,477900,0.0,0.0
2003-10-15,21.153314775523167,21.380501033463123,21.036949690431573,21.05634307861328,1314600,0.0,0.0
2003-10-16,20.917808210569362,20.920577787577855,20.640749048398714,20.748802185058594,1295400,0.0,0.0
2003-10-17,20.748799673682615,20.748799673682615,20.488365931750817,20.510530471801758,407700,0.0,0.0
2003-10-20,20.482832812610596,20.596426717128047,20.399715360166937,20.502227783203125,488400,0.0,0.0
2003-10-21,20.474520542059967,20.48837318633017,20.269498870327364,20.385862350463867,952800,0.0,0.0
2003-10-22,20.36369981431339,20.43296304250697,20.2667297095087,20.39140510559082,1056600,0.0,0.0
2003-10-23,20.391406017913607,20.729416610889032,20.38309411309176,20.64352798461914,538200,0.0,0.0
2003-10-24,20.64351899746209,20.89564085440636,20.640747835283317,20.823606491088867,753300,0.0,0.0
2003-10-27,20.82361252555934,21.402661932746753,20.82361252555934,21.33616828918457,997200,0.0,0.0
2003-10-28,21.361099064403728,21.8043899190598,21.361099064403728,21.754518508911133,1001400,0.0,0.0
2003-10-29,21.696334077704165,21.873651982795003,21.51624818128315,21.66585922241211,1374600,0.0,0.0
2003-10-30,22.1645718135073,22.30309826695798,21.81824933854605,22.003877639770508,3045900,0.0,0.0
2003-10-31,22.003870108020404,22.003870108020404,21.424820852932154,21.671401977539062,3199200,0.0,0.0
2003-11-03,21.754515989162535,22.159020036183787,21.75174641247494,22.067590713500977,1092300,0.0,0.0
2003-11-04,22.067601595931922,22.247689168085483,21.91522090164842,21.93184471130371,1363500,0.0,0.0
2003-11-05,21.93184508628172,22.178424730604828,21.876432914927932,22.164573669433594,1205100,0.0,0.0
2003-11-06,22.16456740975663,22.283700453121078,22.00110210529535,22.153484344482422,1107000,0.0,0.0
2003-11-07,22.181195894039337,22.34188849589791,22.017732128746253,22.164573669433594,1299600,0.0,0.0
2003-11-10,22.12301239939621,22.195046789673256,22.009418487548828,22.009418487548828,957300,0.0,0.0
2003-11-11,21.96508784679875,21.99833546172202,21.613224653750635,21.848724365234375,1129200,0.0,0.0
2003-11-12,21.84872649403578,22.29201750064728,21.812709297915305,22.25322914123535,1063200,0.0,0.0
2003-11-13,22.21997462646641,22.391750222290593,22.128545296753597,22.225515365600586,489300,0.0,0.0
2003-11-14,22.510881380670995,22.704823087612958,22.40837058119185,22.452699661254883,691500,0.0,0.0
2003-11-17,22.452702105282736,22.48317854931012,22.178415694369395,22.294780731201172,1092000,0.0,0.0
2003-11-18,22.297553825710892,22.330799849591543,21.929066888478552,21.95677375793457,707100,0.0,0.0
2003-11-19,21.527332162463583,21.530103324781972,21.194864024247888,21.471920013427734,3565500,0.0,0.0
2003-11-20,21.458071723583327,21.6049116387216,21.311230223111718,21.491317749023438,1102200,0.0,0.0
2003-11-21,21.519019577802688,21.593825104693444,21.46360901585877,21.55780792236328,930600,0.0,0.0
2003-11-24,21.582737193686143,22.261525887184153,21.582737193686143,22.250444412231445,2278500,0.0,0.0
2003-11-25,22.510894671817372,22.566306847279748,22.297562631555593,22.49704360961914,1223400,0.0,0.0
2003-11-26,22.441616908093636,22.663262295808206,22.350187591161554,22.571834564208984,541500,0.0,0.0
2003-11-28,22.62724833145054,22.682660478913917,22.594000725905893,22.61339569091797,206700,0.0,0.0
2003-12-01,22.635560061708283,22.884910760075634,22.566295274235987,22.829500198364258,1048200,0.0,0.0
2003-12-02,22.801791191086373,22.992961732905705,22.652180151981216,22.937549591064453,906900,0.0,0.0
2003-12-03,23.023444269327168,23.17582492540574,23.001278138455117,23.00404930114746,845400,0.0,0.0
2003-12-04,23.00404325207482,23.017895891227194,22.483175776214356,22.715904235839844,1338300,0.0,0.0
2003-12-05,22.674361301891622,22.685442786403136,22.289251971771915,22.364057540893555,795000,0.0,0.0
2003-12-08,22.36681661172219,22.51365651718717,22.20058173947259,22.339111328125,836400,0.0,0.0
2003-12-09,22.31970949924066,22.76023066553247,22.31970949924066,22.361268997192383,1199700,0.0,0.0
2003-12-10,21.748970709904132,21.998321320200606,20.87346924196142,21.277973175048828,6830700,0.0,0.0
2003-12-11,21.36110201529679,21.721275488127112,21.36110201529679,21.607683181762695,2109300,0.0,0.0
2003-12-12,21.638153305426652,21.80992889404297,21.61044802558522,21.80992889404297,1212600,0.0,0.0
2003-12-15,22.053739712123154,22.053739712123154,21.62430151635188,21.668630599975586,1320000,0.0,0.0
2003-12-16,21.67971764840369,21.704653358848685,21.294610022643166,21.555042266845703,1110900,0.0,0.0
2003-12-17,21.52734113326025,21.75729855618645,21.347253555514705,21.67972183227539,1153800,0.0,0.0
2003-12-18,21.679711038979303,22.25044994494199,21.679711038979303,22.136856079101562,1217700,0.0,0.0
2003-12-19,21.859801201991665,22.114694244466552,21.859801201991665,21.88750648498535,1663200,0.0,0.0
2003-12-22,21.984476298115347,22.01218157878013,21.707418735468316,21.826553344726562,456900,0.0,0.0
2003-12-23,21.854263546468687,22.109156624913332,21.8320989998793,21.91521644592285,846900,0.0,0.0
2003-12-24,21.94292351357987,21.94292351357987,21.840412675451486,21.859806060791016,218100,0.0,0.0
2003-12-26,21.798846182478435,22.08144445979913,21.798846182478435,21.995555877685547,373200,0.0,0.0
2003-12-29,22.026047821518496,22.228299983007002,22.020507079030413,22.172887802124023,521700,0.0,0.0
2003-12-30,22.150711658147333,22.47486949678681,22.13685901650745,22.447162628173828,915600,0.0,0.0
2003-12-31,22.51088494802958,23.037294838865844,22.49980346892419,22.552444458007812,1161900,0.0,0.0
2004-01-02,22.630027001968106,22.909854238367643,22.524744996589977,22.55799102783203,1102500,0.0,0.0
2004-01-05,22.60785552509239,22.768548061744998,22.181186893336907,22.352962493896484,867900,0.0,2.0
2004-01-06,22.38621815050106,22.97912189872879,22.38067740882927,22.751934051513672,788850,0.0,0.0
2004-01-07,22.78517379708175,23.688379376098386,22.67989181503688,23.466733932495117,1385100,0.0,0.0
2004-01-08,22.746383415671875,22.940323557829018,22.441620561615384,22.84612464904785,1536000,0.0,0.0
2004-01-09,22.718681064304153,22.990197951424598,22.60785991571091,22.818422317504883,789300,0.0,0.0
2004-01-12,22.818420346416584,23.117642494838098,22.530281263097088,23.089937210083008,931350,0.0,0.0
2004-01-13,23.106565400087767,23.378082333909642,23.04007174829472,23.217388153076172,715800,0.0,0.0
2004-01-14,23.272794859836043,23.400241392192925,23.067771625928597,23.32820701599121,564750,0.0,0.0
2004-01-15,23.322667796689803,23.35037308579043,23.067774698030096,23.14535140991211,633300,0.0,0.0
2004-01-16,23.27279224005308,23.31712132585382,23.1896748078434,23.19521713256836,346350,0.0,0.0
2004-01-20,23.167508805173824,23.167508805173824,22.585688401699347,22.76854705810547,765750,0.0,0.0
2004-01-21,22.768554720176013,23.17305734241021,22.69097800614009,23.161975860595703,653250,0.0,0.0
2004-01-22,22.99574423243307,23.344834715346266,22.86275534351327,23.217388153076172,989550,0.0,0.0
2004-01-23,23.078857100321652,23.267256548514823,22.91262378517098,23.06223487854004,666750,0.0,0.0
2004-01-26,23.078857100321652,23.117645455145762,22.67435450096596,23.06223487854004,756150,0.0,0.0
2004-01-27,23.067766349625575,23.067766349625575,22.441618481758027,22.56352424621582,1270950,0.0,0.0
2004-01-28,22.69097173671417,22.74638388647733,22.048199994393833,22.08144760131836,700800,0.0,0.0
2004-01-29,22.08699263719805,22.23106298634123,21.35002025545307,21.488548278808594,1301550,0.0,0.0
2004-01-30,21.599371574215596,21.848722321481446,21.39434833381177,21.566123962402344,941250,0.0,0.0
2004-02-02,21.615994516816926,22.020498685611553,21.27798557386991,21.74898338317871,1542600,0.0,0.0
2004-02-03,21.748989750620247,21.998340579217356,21.555047927340183,21.83210563659668,958350,0.0,0.0
2004-02-04,21.832103744286286,22.10916142952864,21.704657177368126,21.881975173950195,859500,0.0,0.0
2004-02-05,21.92075697017865,22.65218700041916,21.92075697017865,22.13132095336914,1363800,0.0,0.0
2004-02-06,22.164571229487645,23.0012817665518,22.164571229487645,22.77409553527832,851550,0.0,0.0
2004-02-09,22.71867876752505,23.00681943193784,22.690973483177647,22.862749099731445,859950,0.0,0.0
2004-02-10,22.88491503921561,22.984656288412534,22.58569287695822,22.674352645874023,1022100,0.0,0.0
2004-02-11,22.718679920986744,23.16197241971821,22.696516960650197,23.067771911621094,412350,0.0,0.0
2004-02-12,23.16197338680431,23.372537372126807,23.023445366916754,23.31158447265625,811350,0.0,0.0
2004-02-13,23.3115886821166,23.45565746833467,23.184142119846506,23.217388153076172,727050,0.0,0.0
2004-02-17,23.300501616110438,23.82691158414791,23.13426672248456,23.54985237121582,1178550,0.0,0.0
2004-02-18,23.577550109930687,23.743784939158353,23.28386878967285,23.28386878967285,617400,0.0,0.0
2004-02-19,23.283874308398737,23.283874308398737,21.488544702676727,21.88750648498535,6204450,0.0,0.0
2004-02-20,22.098071038713602,22.369587892467717,22.064825015287873,22.175647735595703,922950,0.0,0.0
2004-02-23,22.24767808902376,22.264301890400606,21.776682009121437,21.782222747802734,807900,0.0,0.0
2004-02-24,21.582749271108277,21.942922773941415,21.56612546404414,21.610454559326172,796350,0.0,0.0
2004-02-25,21.6769406997305,21.85979775814759,21.543953459912082,21.66585922241211,914400,0.0,0.0
2004-02-26,21.787764311209617,22.208890588255116,21.549495100232196,22.19226837158203,753000,0.0,0.0
2004-02-27,22.16457058279467,22.231064227959045,21.743442578086746,21.859806060791016,1444800,0.0,0.0
2004-03-01,22.136864760072587,22.18673459998189,21.80993725948143,22.109159469604492,1155600,0.0,0.0
2004-03-02,22.053749326726017,22.39175992571645,22.053749326726017,22.164573669433594,1038900,0.0,0.0
2004-03-03,21.721265680041952,22.014946968211856,21.632607536896167,21.93737030029297,1459800,0.0,0.0
2004-03-04,21.97063014794606,22.46379256877728,21.937384115995066,22.40283966064453,1104600,0.0,0.0
2004-03-05,22.402833412900158,23.1121003922789,22.319715978202144,22.940324783325195,1009200,0.0,0.0
2004-03-08,22.945868424444434,23.051150416019535,22.857210238977697,23.02344512939453,1310850,0.0,0.0
2004-03-09,22.990193381850442,23.04560553046668,22.768547958051744,22.84612464904785,813000,0.0,0.0
2004-03-10,22.812874928546606,23.067766349625575,22.56352424621582,22.56352424621582,1136250,0.0,0.0
2004-03-11,22.53027821264354,22.724218350337523,22.164564064458464,22.225515365600586,654450,0.0,0.0
2004-03-12,22.336339160921806,22.34187990032537,22.003871016710583,22.08698844909668,755400,0.0,0.0
2004-03-15,22.04266612360866,22.159029613437568,21.970630147936518,22.059289932250977,1092150,0.0,0.0
2004-03-16,22.053747587001418,22.15348885343657,21.90967880644732,22.009418487548828,355050,0.0,0.0
2004-03-17,22.098066979313945,22.181184400609514,22.064820961995487,22.11469078063965,289800,0.0,0.0
2004-03-18,22.136855060700473,22.17010107762856,21.920750402002653,22.05373764038086,548100,0.0,0.0
2004-03-19,22.05927604246637,22.13131038744791,21.71572494506836,21.71572494506836,782550,0.0,0.0
2004-03-22,21.610453270539832,21.610453270539832,21.205949111214647,21.350019454956055,522150,0.0,0.0
2004-03-23,21.350018408639798,21.604911471485398,21.277984032966042,21.377723693847656,702300,0.0,0.0
2004-03-24,21.3056849912436,21.6769414448311,21.150533206122418,21.52733039855957,848850,0.0,0.0
2004-03-25,21.6381523363553,22.026032578096096,21.582741779154016,21.776681900024414,789150,0.0,0.0
2004-03-26,21.832094005020984,21.909670693002152,21.671401475345355,21.710189819335938,809700,0.0,0.0
2004-03-29,21.732355909888184,22.053740992147056,21.721272845672445,21.821012496948242,572850,0.0,0.0
2004-03-30,21.776691227986436,22.15902930951379,21.776691227986436,22.109159469604492,591450,0.0,0.0
2004-03-31,22.16456135076192,22.635557411495856,22.15901902697323,22.535816192626953,623250,0.0,0.0
2004-04-01,22.574620014618112,22.674361301891622,22.28648080797705,22.364057540893555,556350,0.0,0.0
2004-04-02,22.497031055278676,22.774087021979373,21.832093247464393,22.136856079101562,1399050,0.0,0.0
2004-04-05,22.21998243589028,22.80180146812496,22.21444169480876,22.790719985961914,1288500,0.0,0.0
2004-04-06,22.790712643548456,22.86828774969858,22.690971409546144,22.740842819213867,570600,0.0,0.0
2004-04-07,22.77409553527832,22.86275373141759,22.596779142999782,22.77409553527832,712650,0.0,0.0
2004-04-08,22.884916879291076,22.940329041152232,22.696519016696854,22.735305786132812,366900,0.0,0.0
2004-04-12,22.735295149952567,22.829495622513676,22.607850249427702,22.807331085205078,256500,0.0,0.0
2004-04-13,22.763007832937358,22.934781852015984,22.44716190650283,22.652183532714844,670950,0.0,0.0
2004-04-14,22.40837012493961,22.72975674151939,22.39174790925413,22.541358947753906,854400,0.0,0.0
2004-04-15,22.66327217217471,22.69097746137943,22.397297591008883,22.530284881591797,557250,0.0,0.0
2004-04-16,22.563526336316375,22.768547956987305,22.39729147580856,22.6854305267334,409800,0.0,0.0
2004-04-19,22.74638686443071,22.82950430729059,22.65218635603394,22.779634475708008,490500,0.0,0.0
2004-04-20,22.801797424117584,23.910026295888397,22.801797424117584,23.39470100402832,1414050,0.0,0.0
2004-04-21,23.39469670361726,23.826906058545863,23.378072901043144,23.771493911743164,916500,0.0,0.0
2004-04-22,24.004219366169178,24.608204279013396,23.943268069276346,24.563875198364258,879900,0.0,0.0
2004-04-23,24.53617582101478,24.53617582101478,24.28128275330595,24.50847053527832,821100,0.0,0.0
2004-04-26,24.353316294411787,24.508469694010287,23.89894233139706,23.93218994140625,660900,0.0,0.0
2004-04-27,23.93219457263124,24.469686079348012,23.91003002344705,24.464143753051758,546750,0.0,0.0
2004-04-28,24.40873616132805,24.597134059794012,24.076267882858296,24.092891693115234,720750,0.0,0.0
2004-04-29,23.965434853503915,24.076259158167417,23.788120087908702,23.843530654907227,534600,0.0,0.0
2004-04-30,23.843538618532147,24.131677785027932,23.777044964725427,23.910032272338867,505200,0.0,0.0
2004-05-03,23.826901598818964,24.26465002556063,23.799194737937025,24.137205123901367,1053000,0.0,0.0
2004-05-04,24.07624991234441,24.092873710193345,23.46118365992739,23.688369750976562,811050,0.0,0.0
2004-05-05,23.671752007232254,24.325606760077427,23.54430708534974,24.314523696899414,798300,0.0,0.0
2004-05-06,24.187084328197976,24.192625068392584,23.549851645816233,23.577558517456055,561450,0.0,0.0
2004-05-07,23.49444548698023,23.538774587531755,23.0622375492697,23.150894165039062,658050,0.0,0.0
2004-05-10,22.940322853958975,22.940322853958975,22.231057519565283,22.441619873046875,931500,0.0,0.0
2004-05-11,22.596784726289492,23.134274776855264,22.596784726289492,22.884923934936523,428100,0.0,0.0
2004-05-12,22.690969537727387,23.07884979248047,22.275384003444223,23.07884979248047,693750,0.0,0.0
2004-05-13,23.006817155440096,23.16750969115463,22.530278702217956,23.134262084960938,928200,0.0,0.0
2004-05-14,23.062230166698924,23.261711055323925,22.70759589047686,22.98465347290039,312150,0.0,0.0
2004-05-17,22.984659374441215,22.984659374441215,22.535826070792652,22.602319717407227,399450,0.0,0.0
2004-05-18,22.857201717921384,23.306034803523954,22.829496441624777,23.27832794189453,1058250,0.0,0.0
2004-05-19,23.549848838796652,23.926647663118626,23.522143555792542,23.660673141479492,1473300,0.0,0.0
2004-05-20,22.857205027712382,23.095474243164062,22.441619481753975,23.095474243164062,2530200,0.0,0.0
2004-05-21,23.09547246618185,23.605256877165516,23.04560264839711,23.261707305908203,761250,0.0,0.0
2004-05-24,23.577557755356118,23.644051391542316,23.067771625928597,23.32820701599121,755250,0.0,0.0
2004-05-25,23.272793773008942,23.583097394053517,23.15643031145054,23.466733932495117,758550,0.0,0.0
2004-05-26,23.472272477923493,23.799199873008504,23.328203745716408,23.5166015625,482400,0.0,0.0
2004-05-27,23.826908967350377,23.95435390842231,23.466733932495117,23.466733932495117,506700,0.0,0.0
2004-05-28,23.549851940009805,23.765956663633123,23.411325506747104,23.75487518310547,307200,0.0,0.0
2004-06-01,23.483355968965004,23.771496628739555,23.28941739632176,23.522144317626953,570750,0.0,0.0
2004-06-02,23.54985404308857,23.82137094959772,23.411327597455003,23.765958786010742,408000,0.0,0.0
2004-06-03,23.79920034508643,23.79920034508643,23.328204208451712,23.41132164001465,364650,0.0,0.0
2004-06-04,23.494434179125587,23.494434179125587,22.98464976814192,23.261707305908203,721050,0.0,0.0
2004-06-07,23.272798275685503,23.716089248657227,23.272798275685503,23.716089248657227,619200,0.0,0.0
2004-06-08,23.64958502538335,23.982053106415073,23.55538613209091,23.965429306030273,499650,0.0,0.0
2004-06-09,23.926646862796442,24.214785918267545,23.82690721318456,24.087339401245117,897600,0.0,0.0
2004-06-10,24.092891089011445,24.214795328726833,23.705010647855524,23.799209594726562,331650,0.0,0.0
2004-06-14,23.82136874063915,24.048554944011585,23.660676176204998,24.026391983032227,574350,0.0,0.0
2004-06-15,24.070726076601083,24.23696101209899,23.837999069304615,24.05410385131836,467550,0.0,0.0
2004-06-16,24.05963104195492,24.491840362548828,23.993137422273776,24.491840362548828,1102650,0.0,0.0
2004-06-17,24.491840947328825,24.60266364944346,24.392099722759166,24.569416046142578,381600,0.0,0.0
2004-06-18,24.54725695817375,24.885267463702252,24.51955167282442,24.66916275024414,430800,0.0,0.0
2004-06-21,24.935142517089844,25.184493308127276,24.85756738479686,24.935142517089844,963000,0.0,0.0
2004-06-22,24.962843128068126,24.9739261936513,24.38656493641048,24.907432556152344,927900,0.0,0.0
2004-06-23,24.9129695892334,24.990546280772143,24.77444159472351,24.9129695892334,434100,0.0,0.0
2004-06-24,24.912976468821547,25.073670635574334,24.868647371510484,24.890811920166016,682050,0.0,0.0
2004-06-25,24.907431461247235,25.433839797973633,24.890807656269917,25.433839797973633,1514700,0.0,0.0
2004-06-28,25.54466071536815,25.583449062460435,25.28976767485679,25.43937873840332,778050,0.0,0.0
2004-06-29,25.439373340473328,25.489244741295515,24.946211167895143,25.057035446166992,637500,0.0,0.0
2004-06-30,24.574964899864522,24.630375472978045,24.092885621243205,24.480764389038086,2075250,0.0,0.0
2004-07-01,24.40872809067203,24.43643337505041,24.203706449738785,24.253576278686523,940800,0.0,0.0
2004-07-02,24.170460013328473,24.18154149348435,24.020848933890626,24.07071876525879,378450,0.0,0.0
2004-07-06,24.020849388210166,24.214789562606335,23.826910799147385,23.91556739807129,619050,0.0,0.0
2004-07-07,23.910023859182882,24.04855185953663,23.644049337543745,23.660673141479492,811050,0.0,0.0
2004-07-08,23.078857480521616,23.217385509651535,22.591237422890806,22.690977096557617,1899450,0.0,0.0
2004-07-09,22.663269580259534,22.76855156959701,22.646647359837857,22.674352645874023,930150,0.0,0.0
2004-07-12,22.580162688598595,22.729772243802977,22.441633032741716,22.663278579711914,796650,0.0,0.0
2004-07-13,22.66327112862903,22.66327112862903,22.31417911058967,22.33080291748047,1290150,0.0,0.0
2004-07-14,22.2753941499485,22.2753941499485,21.18933116140134,21.588293075561523,2655750,0.0,0.0
2004-07-15,21.277985104108023,22.026038939710766,20.734952925897616,20.962139129638672,5747700,0.0,0.0
2004-07-16,21.067425105925018,21.25582457819067,20.63521716304169,20.740497589111328,1311900,0.0,0.0
2004-07-19,20.873471718108398,20.928883852154584,19.831738500167553,19.8649845123291,2466000,0.0,0.0
2004-07-20,19.903778188679656,20.446810272587545,19.881613646180007,20.408021926879883,2110350,0.0,0.0
2004-07-21,20.72386224890055,20.989836707402024,20.48559465215926,20.624122619628906,2116050,0.0,0.0
2004-07-22,20.640748643512577,20.640748643512577,20.119882692155038,20.125423431396484,1649100,0.0,0.0
2004-07-23,20.180835325741757,20.297198775012724,20.064470291137695,20.064470291137695,1085100,0.0,0.0
2004-07-26,20.1143416229282,20.20299979066931,19.815119514135404,19.94810676574707,870450,0.0,0.0
2004-07-27,19.99797823623287,20.33598871759151,19.959189888317418,20.22516441345215,691350,0.0,0.0
2004-07-28,20.11434609351306,20.147592121138644,19.776335564874532,19.91486358642578,1330950,0.0,0.0
2004-07-29,20.058936800747517,20.579804519108794,20.058936800747517,20.552099227905273,1093350,0.0,0.0
2004-07-30,20.557634891598738,20.7183274432905,20.369235470213038,20.56871795654297,713700,0.0,0.0
2004-08-02,20.457885630314504,20.601955906123948,20.280569343369127,20.563167572021484,988650,0.0,0.0
2004-08-03,20.60196324272624,20.61304472194024,20.14758930295446,20.22516441345215,1064550,0.0,0.0
2004-08-04,20.203001765836607,20.20854250552885,19.77633310286899,19.8372859954834,1098450,0.0,0.0
2004-08-05,19.88715793015739,19.89824099604922,19.006116812426466,19.116939544677734,1541250,0.0,0.0
2004-08-06,19.078141673357948,19.200047410678355,18.618227167647976,18.89528465270996,1164150,0.0,0.0
2004-08-09,18.95070915038971,19.283179011367675,18.91192078856444,19.02274513244629,648150,0.0,0.0
2004-08-10,19.227763831785623,19.715383893122684,19.177893994573175,19.554691314697266,1101600,0.0,0.0
2004-08-11,19.554685348199996,19.554685348199996,18.945159664839498,19.04490089416504,1334550,0.0,0.0
2004-08-12,18.801099091959472,19.255473182024403,18.49079537666324,18.618240356445312,3958650,0.0,0.0
2004-08-13,18.618231916002763,18.734596945485904,18.296845278191697,18.368881225585938,912300,0.0,0.0
2004-08-16,18.56282140004608,18.972867823359124,18.485246292247986,18.917455673217773,1708950,0.0,0.0
2004-08-17,19.200060567316235,19.74309126385147,19.133566915577205,19.726469039916992,1652250,0.0,0.0
2004-08-18,19.720921356119895,20.025682630303056,19.59347483881916,19.80957794189453,1317600,0.0,0.0
2004-08-19,19.781883792070197,20.075565338134766,19.682144086111695,20.075565338134766,1203450,0.0,0.0
2004-08-20,19.94810838338406,20.070014166580247,19.92040310005155,19.99797821044922,874350,0.0,0.0
2004-08-23,20.00351548886774,20.04784456514964,19.787410845660272,19.792951583862305,995400,0.0,0.0
2004-08-24,19.86499127927786,19.975813999788947,19.798497646971207,19.8372859954834,2588700,0.0,0.0
2004-08-25,20.058933629979993,20.402484893798828,19.831747424422424,20.402484893798828,1379250,0.0,0.0
2004-08-26,20.347068057655814,20.829147230113353,20.252869152907323,20.823606491088867,1077600,0.0,0.0
2004-08-27,20.81806552480209,20.82360626376609,20.42464452236337,20.651830673217773,2359650,0.0,0.0
2004-08-30,20.7072488415839,20.890105963244427,20.613048325132375,20.829153060913086,1179750,0.0,0.0
2004-08-31,20.76265715469086,20.76265715469086,20.463436586894403,20.535470962524414,1654800,0.0,0.0
2004-09-01,20.53546673045282,20.707242316836663,20.4800545861571,20.69061851501465,771750,0.0,0.0
2004-09-02,20.690614049596636,20.690614049596636,20.48559248914921,20.563167572021484,1478100,0.0,0.0
2004-09-03,20.56317982486189,20.80144912375379,20.496686177636263,20.75157928466797,814800,0.0,0.0
2004-09-07,20.751579044795577,21.023094371494977,20.751579044795577,20.967683792114258,1072500,0.0,0.0
2004-09-08,20.856857218526823,21.00092756301544,20.806987385383362,20.901187896728516,2052750,0.0,0.0
2004-09-09,20.834698986830464,20.945521744157546,20.34707726925753,20.37478256225586,1520100,0.0,0.0
2004-09-10,20.374766571330618,20.391390368216108,19.948099686819894,20.070005416870117,1570650,0.0,0.0
2004-09-13,20.13651353871001,20.391405071638605,20.07001988855468,20.275041580200195,908100,0.0,0.0
2004-09-14,20.25841644756816,20.25841644756816,19.770796378291966,19.848371505737305,1373550,0.0,0.0
2004-09-15,19.848366288087476,19.964731326666314,19.743084313563692,19.80957794189453,1213500,0.0,0.0
2004-09-16,19.881612560131245,19.948106183997915,19.754166051386864,19.87053108215332,1082400,0.0,0.0
2004-09-17,19.914867829353724,20.16976096523394,19.870540311519967,19.92041015625,1274550,0.0,0.0
2004-09-20,19.864999846812346,19.90378821205349,19.604565944955986,19.637813568115234,682800,0.0,0.0
2004-09-21,19.62672963523234,19.726470914988507,19.443872471902207,19.56023597717285,1102350,0.0,0.0
2004-09-22,19.39399640603973,19.571314370503465,19.144645644221182,19.53252601623535,2440800,0.0,0.0
2004-09-23,19.5491521048415,19.881620354515608,19.53806903718553,19.71538543701172,2120400,0.0,0.0
2004-09-24,19.615642951654042,19.621183692023408,19.382914417472797,19.571313858032227,2160150,0.0,0.0
2004-09-27,19.47711535826904,19.47711535826904,19.2000592871625,19.2997989654541,1537200,0.0,0.0
2004-09-28,19.283170741814477,19.543602923716197,19.2388416574057,19.510356903076172,1495950,0.0,0.0
2004-09-29,19.421711922686658,19.44387647994202,19.227771650368705,19.338594436645508,1402050,0.0,0.0
2004-09-30,19.366290160084148,19.3939954466193,19.022740485181416,19.061527252197266,1064400,0.0,0.0
2004-10-01,19.11693591553796,19.637803450904656,19.111395176310598,19.399534225463867,1937400,0.0,0.0
2004-10-04,19.449401196299345,19.89269197612775,19.416155180478654,19.81511688232422,1071450,0.0,0.0
2004-10-05,19.815116588319718,20.136503191593217,19.6544240793494,19.97580909729004,1275900,0.0,0.0
2004-10-06,20.003522119951295,20.086639561866146,19.748629054167978,19.98135757446289,1660500,0.0,0.0
2004-10-07,20.036773291090853,20.086644720247076,19.682140472204377,19.737552642822266,1138050,0.0,0.0
2004-10-08,19.737545925077267,19.7818734270173,19.338582554284855,19.49373435974121,1104600,0.0,0.0
2004-10-11,19.52698070606274,19.549145248267127,19.25546546039227,19.510356903076172,964050,0.0,0.0
2004-10-12,19.471574959910818,19.471574959910818,19.255471791365686,19.36629295349121,1551300,0.0,0.0
2004-10-13,19.31087481769379,19.521438748156903,19.122475428051374,19.14463996887207,691200,0.0,0.0
2004-10-14,19.116937002067104,19.122477741609377,18.723515958567944,18.762304306030273,983850,0.0,0.0
2004-10-15,18.83988329381663,18.972870571015328,18.62377857203539,18.668106079101562,1281750,0.0,0.0
2004-10-18,18.684731173339404,18.762307883054017,18.518497858046448,18.70135498046875,1669050,0.0,0.0
2004-10-19,18.706901455294958,19.227769279230433,18.706901455294958,18.817724227905273,1555500,0.0,0.0
2004-10-20,21.22257076394295,21.53841670594414,20.00352084007845,21.449758529663086,5062200,0.0,0.0
2004-10-21,21.49963320592491,21.73236176381251,21.167164969895197,21.64924430847168,1429050,0.0,0.0
2004-10-22,21.638151618594662,21.715728298502697,21.388800948794206,21.53287124633789,657150,0.0,0.0
2004-10-25,21.471925887689824,21.471925887689824,21.061882531044567,21.300151824951172,850650,0.0,0.0
2004-10-26,21.27798761019924,21.64370346069336,21.233658512280776,21.64370346069336,526500,0.0,0.0
2004-10-27,21.527330627599927,21.760059100424318,21.49962534772391,21.699106216430664,1581900,0.0,0.0
2004-10-28,21.654782041686204,21.887508981915826,21.57166459788989,21.787769317626953,606300,0.0,0.0
2004-10-29,21.843177684057455,21.859799901664978,21.333393214765326,21.676942825317383,853650,0.0,0.0
2004-11-01,21.582754807999567,21.83210563659668,21.444225160704367,21.83210563659668,1051800,0.0,0.0
2004-11-02,21.79331154887512,21.870888257814997,21.516255497709253,21.555042266845703,1171800,0.0,0.0
2004-11-03,21.80439526889237,21.99833546172202,21.665867239156995,21.848724365234375,930900,0.0,0.0
2004-11-04,21.83210543074009,22.530289646629456,21.610459899558368,22.49704360961914,1416900,0.0,0.0
2004-11-05,22.580154202060843,23.256172073578014,22.580154202060843,23.02344512939453,1456950,0.0,0.0
2004-11-08,22.99573919301036,22.99573919301036,22.735303798893824,22.779634475708008,1216200,0.0,0.0
2004-11-09,22.718680637589177,22.801798082806386,22.46932988727095,22.585693359375,819000,0.0,0.0
2004-11-10,22.552441820580803,23.056685523570383,22.552441820580803,22.8682861328125,1118400,0.0,0.0
2004-11-11,22.995741578340017,23.20630399204871,22.923705608211428,23.12872886657715,810300,0.0,0.0
2004-11-12,23.245085597736757,23.38361358642578,23.05114546237228,23.38361358642578,594450,0.0,0.0
2004-11-15,23.383616494810575,23.555392109936424,23.178594855810868,23.466733932495117,1028550,0.0,0.0
2004-11-16,23.328200102890023,23.35590538009073,23.089930914165063,23.300493240356445,940500,0.0,0.0
2004-11-17,23.383620830939975,23.54985415180118,23.145351538549804,23.200763702392578,2159400,0.0,0.0
2004-11-18,23.161972132859045,23.32820701599121,23.101019236688366,23.32820701599121,981000,0.0,0.0
2004-11-19,23.300500295303717,23.38361773740508,22.984655917718552,22.995738983154297,797250,0.0,0.0
2004-11-22,22.995747554258134,23.012369780607255,22.829512608095385,22.912630081176758,932400,0.0,0.0
2004-11-23,23.051142574884352,23.328200102890023,23.051142574884352,23.300493240356445,452100,0.0,0.0
2004-11-24,23.36699244368166,23.48335590401241,23.35591096428504,23.405780792236328,930300,0.0,0.0
2004-11-26,23.41686108179379,23.54430918571186,23.272792344958553,23.538766860961914,164100,0.0,0.0
2004-11-29,23.549841632940648,23.67174737739074,23.466725809360366,23.50551414489746,614250,0.0,0.0
2004-11-30,23.49998015172138,23.49998015172138,22.81842001064229,22.862749099731445,1035000,0.0,0.0
2004-12-01,22.945865403955395,23.32820496745132,22.945865403955395,23.27279281616211,1413750,0.0,0.0
2004-12-02,23.272790878407946,23.444566472168855,23.206297253597246,23.38361358642578,880500,0.0,0.0
2004-12-03,23.355904727849016,23.355904727849016,23.21737517504835,23.28386878967285,610050,0.0,0.0
2004-12-06,23.25616786056032,23.25616786056032,23.134262084960938,23.134262084960938,550200,0.0,0.0
2004-12-07,23.217378427720913,23.31711965629747,23.040062097214186,23.095474243164062,804150,0.0,0.0
2004-12-08,23.134266840683257,23.16751445371168,23.0511509787791,23.10102081298828,1098150,0.0,0.0
2004-12-09,23.106555072010547,23.189672495933777,23.05668525178981,23.07884979248047,1374750,0.0,0.0
2004-12-10,23.04006735016949,23.106560989269543,22.995739842769527,23.02344512939453,1026000,0.0,0.0
2004-12-13,23.062233081826115,23.31158382779266,23.062233081826115,23.294960021972656,629850,0.0,0.0
2004-12-14,23.272790878407946,23.494436294443613,23.272790878407946,23.38361358642578,746250,0.0,0.0
2004-12-15,23.328200102890023,23.378069918917866,23.134258406486474,23.300493240356445,563250,0.0,0.0
2004-12-16,23.328212464159595,23.56648019380618,23.328212464159595,23.49444580078125,1172250,0.0,0.0
2004-12-17,23.466735381313416,23.499981407239858,23.339288847039768,23.39470100402832,607950,0.0,0.0
2004-12-20,23.400242061953254,23.405782802127355,22.86275063173077,22.956951141357422,905550,0.0,0.0
2004-12-21,22.96803108265151,23.001277106801737,22.829503075581215,22.862749099731445,705000,0.0,0.0
2004-12-22,23.60526858120245,23.821373345863268,23.217388153076172,23.217388153076172,4278600,0.0,0.0
2004-12-23,23.245092347451255,23.328209798932846,23.084398185164577,23.12872886657715,1051500,0.0,0.0
2004-12-27,23.128729316197173,23.300503377842592,23.051152603884,23.200763702392578,818400,0.0,0.0
2004-12-28,23.31712256193864,23.73824889937038,23.30604108256758,23.677297592163086,8636400,0.0,0.0
2004-12-29,23.677302685481074,24.015311659007367,23.599725971862878,24.004228591918945,1699200,0.0,0.0
2004-12-30,23.970986383569407,24.098432956073292,23.90449272643701,24.05410385131836,703950,0.0,0.0
2004-12-31,23.99314277272069,24.242495091130007,23.95989674813276,24.203706741333008,536250,0.0,0.0
2005-01-03,24.381024577263922,24.514013448320664,24.13167381286621,24.13167381286621,1549500,0.0,0.0
2005-01-04,24.187088261313953,24.24250042827091,23.83245388052346,23.970983505249023,958650,0.0,0.0
2005-01-05,23.965435059650787,24.253575717721272,23.965435059650787,24.01530647277832,738150,0.0,0.0
2005-01-06,24.214784682945957,24.214784682945957,23.965432400970702,23.993139266967773,902550,0.0,0.0
2005-01-07,24.159363617164995,24.242481008350772,23.826895637754273,23.85460090637207,1221750,0.0,0.0
2005-01-10,23.854613033727592,24.081799205490135,23.854613033727592,23.937728881835938,390750,0.0,0.0
2005-01-11,23.91002484550421,24.131670289346665,23.876778821594474,24.08180046081543,297150,0.0,0.0
2005-01-12,24.081797433359046,24.220325422012145,23.943269444705948,23.993139266967773,663000,0.0,0.0
2005-01-13,23.993141463790817,24.214786900062958,23.89340181013496,23.94327163696289,744750,0.0,0.0
2005-01-14,24.037471372046937,24.109505744962423,23.94327245474721,24.08180046081543,375150,0.0,0.0
2005-01-18,23.99313304288251,25.10136142061974,23.9598870317767,24.696857452392578,680100,0.0,0.0
2005-01-19,24.619295445851606,24.65254147461567,24.13167381286621,24.13167381286621,638550,0.0,0.0
2005-01-20,24.131668084853484,24.358855833037737,23.710541780023842,23.793659210205078,1112100,0.0,0.0
2005-01-21,23.771494306212507,23.849069410623894,23.688376877295724,23.72716522216797,851400,0.0,0.0
2005-01-24,23.727169626385045,23.915567475878028,23.405782914740083,23.4168643951416,686400,0.0,0.0
2005-01-25,23.416860794030192,23.583095657156058,23.383614772604904,23.41132164001465,536400,0.0,0.0
2005-01-26,23.544306912371464,23.716080915037978,23.461189487812597,23.472270965576172,424200,0.0,0.0
2005-01-27,23.499979473625633,23.75487252119994,23.48889799433974,23.732707977294922,287850,0.0,0.0
2005-01-28,23.73271034023884,23.771498692267883,23.4445712407851,23.577558517456055,743550,0.0,0.0
2005-01-31,23.67729875759752,23.932190234343643,23.549850641224474,23.882320404052734,307350,0.0,0.0
2005-02-01,23.882313474771987,24.026383769218832,23.804736796531486,23.965429306030273,249750,0.0,0.0
2005-02-02,23.965440876344957,24.09842975829643,23.92111336280597,24.02085304260254,242400,0.0,0.0
2005-02-03,23.9931384944855,24.242490768432617,23.94880941271708,24.242490768432617,864000,0.0,0.0
2005-02-04,24.264659402680362,24.80769157409668,24.236954116424442,24.80769157409668,898200,0.0,0.0
2005-02-07,24.807686831005846,25.212189323137178,24.785522289172167,25.00162696838379,729750,0.0,0.0
2005-02-08,25.073666960172414,25.156782816447013,24.96284264780627,25.012712478637695,801150,0.0,0.0
2005-02-09,25.012719711950723,25.023802780525735,24.586052485821828,24.66362762451172,712800,0.0,0.0
2005-02-10,24.66362555666024,24.8797303150832,24.65254407434812,24.81877899169922,552750,0.0,0.0
2005-02-11,24.85202085475704,25.04042029045987,24.7689034100254,24.979467391967773,629700,0.0,0.0
2005-02-14,24.990548504615354,25.117993446532218,24.918512545966767,25.090288162231445,592350,0.0,0.0
2005-02-15,25.129073874549004,25.273144191394984,24.79660415649414,24.79660415649414,1019250,0.0,0.0
2005-02-16,24.76890964197224,24.824321814179704,24.547264123809985,24.66362762451172,939450,0.0,0.0
2005-02-17,27.373238998464082,28.791769825232603,27.01860629177195,28.70311164855957,6045150,0.0,0.0
2005-02-18,28.758521004625305,28.758521004625305,28.038174142174054,28.11020851135254,1565250,0.0,0.0
2005-02-22,27.75557644084993,28.010469486417286,27.65583678672929,27.73895263671875,1610250,0.0,0.0
2005-02-23,27.73895780621635,28.00493238055,27.73895780621635,27.955060958862305,1360050,0.0,0.0
2005-02-24,27.99384643021051,28.08250460750123,27.755577182408384,27.921812057495117,1461000,0.0,0.0
2005-02-25,27.871945161243563,28.198872639324694,27.871945161243563,28.121295928955078,615600,0.0,0.0
2005-02-28,28.126835184591734,28.126835184591734,27.622591378233345,27.916271209716797,567150,0.0,0.0
2005-03-01,28.054797799906865,28.309690838442272,28.054797799906865,28.215490341186523,831900,0.0,0.0
2005-03-02,28.143464610135865,28.87489634288697,27.927358266731815,28.808401107788086,1299600,0.0,0.0
2005-03-03,28.80840873200323,29.085464886681738,28.697587538399087,28.75853729248047,881550,0.0,0.0
2005-03-04,28.825024330371278,29.074375115586598,28.675413225108635,28.958011627197266,872100,0.0,0.0
2005-03-07,29.06328594367925,29.17410707637851,28.769606137226514,28.908132553100586,1158750,0.0,0.0
2005-03-08,28.908134373867604,28.935839658787422,28.309693244132916,28.337398529052734,789600,0.0,0.0
2005-03-09,28.149001157100386,28.209950882537147,27.949518663428545,28.02155303955078,688950,0.0,0.0
2005-03-10,28.038182321031872,28.176711945656415,27.83869978839922,27.894113540649414,472200,0.0,0.0
2005-03-11,27.87194080093036,28.254278796319163,27.844235516704103,28.204410552978516,1216050,0.0,0.0
2005-03-14,28.193330278001678,28.198872603973644,27.439735649832947,27.500688552856445,2594250,0.0,0.0
2005-03-15,27.539467288681983,27.628128625033465,27.461893771706862,27.54500961303711,678000,0.0,0.0
2005-03-16,27.545017289265374,27.70017070778589,27.345537946215554,27.661380767822266,706950,0.0,0.0
2005-03-17,27.472977186012205,27.68354113702178,27.24025027735232,27.59488296508789,560400,0.0,0.0
2005-03-18,27.600422776479935,27.661372489801238,27.44526940439106,27.64474868774414,683700,0.0,0.0
2005-03-21,27.605964489098966,27.65029357513847,26.9853572845459,26.9853572845459,1064550,0.0,0.0
2005-03-22,27.013063744547903,27.783282044393154,27.013063744547903,27.190380096435547,1110000,0.0,0.0
2005-03-23,27.10724858944241,27.317812428362483,27.05737720527777,27.168201446533203,924450,0.0,0.0
2005-03-24,27.16821918549033,27.70570743599445,27.16821918549033,27.472980499267578,537150,0.0,0.0
2005-03-28,27.4120262562017,28.204410706176088,27.356615687448215,28.09912872314453,2268600,0.0,0.0
2005-03-29,28.0492549398064,28.05479726448026,27.633669367922796,27.705703735351562,1208100,0.0,0.0
2005-03-30,27.73341486478588,27.943975662720906,27.683543449906566,27.93843650817871,888750,0.0,0.0
2005-03-31,28.01047470651542,28.149004319647663,27.844239804890133,27.955060958862305,906000,0.0,0.0
2005-04-01,28.010477722982174,28.232123225462697,27.960606295923792,28.09359359741211,1072500,0.0,0.0
2005-04-04,28.160087468993417,28.487014965644345,28.054805464083184,28.431604385375977,654600,0.0,0.0
2005-04-05,28.43161412931901,28.741917924101774,28.426071801125847,28.67542266845703,474750,0.0,0.0
2005-04-06,28.675411543481907,28.874894062356162,28.398355484008786,28.39835548400879,834000,0.0,0.0
2005-04-07,28.426062059082252,28.487014965644345,28.198874241047832,28.431604385375977,495600,0.0,0.0
2005-04-08,28.48146656590762,28.514714175245746,28.13237617985694,28.204410552978516,207750,0.0,0.0
2005-04-11,28.226573328987904,28.326316156355244,28.176705085970752,28.25982093811035,358050,0.0,0.0
2005-04-12,28.248740468603877,28.730818135449038,28.038176497522095,28.570125579833984,550350,0.0,0.0
2005-04-13,28.492537372050908,28.63106691195503,27.955046181541483,28.010459899902344,676350,0.0,0.0
2005-04-14,28.11020709462221,28.25981815024741,27.517305196650593,27.572715759277344,715650,0.0,0.0
2005-04-15,27.650297977954025,27.700169396689475,27.07401976767846,27.12388801574707,1170150,0.0,0.0
2005-04-18,27.013071094317926,27.345540929899542,26.979823476626297,27.12943458557129,803700,0.0,0.0
2005-04-19,27.705702218498537,28.320770226305225,27.567175815899013,28.270898818969727,1817850,0.0,0.0
2005-04-20,28.342933783385366,28.342933783385366,27.87193766322862,27.899642944335938,904350,0.0,0.0
2005-04-21,28.675400338774693,28.74743469585077,27.866395439305855,28.30414390563965,951750,0.0,0.0
2005-04-22,28.309686229516977,28.625528935876254,27.932887472504607,28.30414390563965,530100,0.0,0.0
2005-04-25,28.409453397394064,28.952484349009403,28.342958129086234,28.946945190429688,1053300,0.0,0.0
2005-04-26,28.813929526461173,29.345878467823677,28.775139601154034,29.179643630981445,1025250,0.0,0.0
2005-04-27,29.2018040356857,29.79470897515374,29.2018040356857,29.656179428100586,1458150,0.0,0.0
2005-04-28,29.478877231174874,29.689441228807144,29.32926613657653,29.6340274810791,1833000,0.0,0.0
2005-04-29,29.683898449469638,29.811346579563867,29.423466204726875,29.561992645263672,1770900,0.0,0.0
2005-05-02,29.645104783118995,29.9775713337237,29.279387455587703,29.406835556030273,983850,0.0,0.0
2005-05-03,29.478870574417197,29.689434524501063,29.390212402873075,29.440080642700195,937050,0.0,0.0
2005-05-04,29.60078272532013,29.972039294917373,29.578616592329087,29.89446258544922,1578750,0.0,0.0
2005-05-05,29.922156604238026,30.42085794604234,29.850122247814365,30.39869499206543,808050,0.0,0.0
2005-05-06,30.58709539783951,30.72008264506492,30.370992310097993,30.481813430786133,876900,0.0,0.0
2005-05-09,30.503984141928225,30.631429084007173,30.165972063429198,30.32666778564453,749550,0.0,0.0
2005-05-10,30.28787392641947,30.465190259726988,30.038523229039036,30.160429000854492,528000,0.0,0.0
2005-05-11,30.16596825759365,30.210300511738026,29.71713826904298,30.00527572631836,508950,0.0,0.0
2005-05-12,30.032987329109393,30.066234941383225,29.44562764205012,29.451169967651367,1081200,0.0,0.0
2005-05-13,29.368046274653885,29.61739698578844,29.284930427831142,29.440080642700195,955200,0.0,0.0
2005-05-16,29.672828675479263,29.83906364037675,29.539841337694916,29.78919219970703,864900,0.0,0.0
2005-05-17,29.91108136219447,30.64251289721757,29.872291428650435,30.365453720092773,1191900,0.0,0.0
2005-05-18,30.476279198320167,30.775501345560876,30.254633750487532,30.570476531982422,1276350,0.0,0.0
2005-05-19,32.63732858842232,32.98642220905163,32.138627039714294,32.3990592956543,3828000,0.0,0.0
2005-05-20,32.41567850281627,33.163733890378694,32.38243089210979,32.94208526611328,1834800,0.0,0.0
2005-05-23,32.8035483028178,33.16372323822797,32.775843026350195,32.95315933227539,1224150,0.0,0.0
2005-05-24,32.953170073082944,32.997499164012936,32.68165320213674,32.82018280029297,1089300,0.0,0.0
2005-05-25,32.853425077872565,32.925459442606716,32.703814023937724,32.775848388671875,777600,0.0,0.0
2005-05-26,33.18034980801971,33.18034980801971,32.83125945722971,32.89775466918945,1035750,0.0,0.0
2005-05-27,32.85897118190413,32.88667646876462,32.44338553766307,32.64286804199219,758100,0.0,0.0
2005-05-31,32.78140090947926,32.95871731671733,32.37135751040809,32.84235382080078,1812600,0.0,0.0
2005-06-01,32.88666591560409,33.37982810720144,32.75922100280887,33.346580505371094,1007850,0.0,0.0
2005-06-02,33.40199102745253,34.07800862292926,33.37428258147499,33.80649185180664,2045550,0.0,0.0
2005-06-03,33.92841269811643,33.9672026373475,33.579322269038435,33.79542541503906,1073850,0.0,0.0
2005-06-06,33.978275107936,34.488057972548596,33.978275107936,34.32182312011719,1167150,0.0,0.0
2005-06-07,34.29966545112774,34.85378065442218,34.28858397143516,34.68754577636719,1246500,0.0,0.0
2005-06-08,34.89811591080959,34.90919739246041,34.576727577598696,34.64322280883789,1132350,0.0,0.0
2005-06-09,34.60442836659237,34.98676955515824,34.48252574295307,34.964603424072266,772950,0.0,0.0
2005-06-10,34.90919076505206,35.18624677772712,34.853780196650355,35.02001190185547,527700,0.0,0.0
2005-06-13,34.97568904330935,35.04772342266638,34.709711316247294,34.77066421508789,823050,0.0,0.0
2005-06-14,34.84269332885742,35.00338904006127,34.698624591915696,34.84269332885742,1230150,0.0,0.0
2005-06-15,34.84269600406302,34.8482383292426,34.46590032918273,34.68754577636719,1091400,0.0,0.0
2005-06-16,34.68200731425845,34.875947498480286,34.648762871477764,34.80391311645508,954750,0.0,0.0
2005-06-17,34.809456817861545,35.147465779491334,34.731880106973726,35.069889068603516,1353600,0.0,0.0
2005-06-20,35.069889068603516,35.11976049074577,34.65430339608591,35.069889068603516,580350,0.0,0.0
2005-06-21,35.15853931479204,35.745902083718136,35.15853931479204,35.61845397949219,603450,0.0,0.0
2005-06-22,36.01740711467067,36.222431863070625,35.762517308693944,36.03403091430664,750000,0.0,0.0
2005-06-23,36.017412415131666,36.03957854146354,35.62399300140177,35.7403564453125,1238550,0.0,0.0
2005-06-24,35.712652213909394,35.72927601647986,34.90918639011165,35.103126525878906,1219650,0.0,0.0
2005-06-27,35.09759827195908,35.485478698993354,35.08651678935829,35.40236282348633,778050,0.0,0.0
2005-06-28,35.49099934234723,36.283380350876875,35.49099934234723,36.10052490234375,357750,0.0,0.0
2005-06-29,36.117161658510966,36.5992393220732,36.100537853468595,36.144866943359375,670200,0.0,0.0
2005-06-30,36.155946717158955,36.1836520007001,35.690489709934916,35.76806640625,647250,0.0,0.0
2005-07-01,35.87336524589637,36.57709182711194,35.87336524589637,36.37760925292969,738900,0.0,0.0
2005-07-05,36.37760415634887,36.71561316598584,36.233535366143116,36.344356536865234,748950,0.0,0.0
2005-07-06,36.34988035051229,36.582607227033904,35.6350727490063,35.68494415283203,831900,0.0,0.0
2005-07-07,35.68494926991354,35.68494926991354,35.15299706482359,35.39680862426758,838350,0.0,0.0
2005-07-08,35.43007913943302,35.71267764302214,35.380207696210796,35.612937927246094,610650,0.0,0.0
2005-07-11,35.65724101698331,35.80685206678506,35.38018187330137,35.42451095581055,628800,0.0,0.0
2005-07-12,35.4577564296249,35.68494415283203,35.23611103039815,35.68494415283203,581700,0.0,0.0
2005-07-13,35.68495624044822,35.873354100940766,35.47439224719169,35.71820068359375,496800,0.0,0.0
2005-07-14,36.40530089000841,36.510582879842744,36.13932633800593,36.200279235839844,957450,0.0,0.0
2005-07-15,36.255695267616225,36.322190500963195,35.96201538522402,36.02296829223633,855300,0.0,0.0
2005-07-18,36.056194610280144,36.915070786108835,36.02848933630701,36.848575592041016,730950,0.0,0.0
2005-07-19,36.8485960351759,37.136736751551,36.54383468172829,37.11457061767578,856950,0.0,0.0
2005-07-20,36.97603117735544,37.12564222377078,36.665727606814805,36.95386505126953,370200,0.0,0.0
2005-07-21,37.09240367909103,37.09240367909103,36.56599372597769,36.76547622680664,492150,0.0,0.0
2005-07-22,36.848583571061106,37.158890316349485,36.56044612281626,36.737762451171875,420150,0.0,0.0
2005-07-25,36.748849494718534,36.83750767232381,36.20027662445258,36.455169677734375,621300,0.0,0.0
2005-07-26,36.56046866610456,36.69345599437163,36.21137494773599,36.510597229003906,902850,0.0,0.0
2005-07-27,36.64354434602413,36.75990773423151,36.405275248013,36.68233108520508,644100,0.0,0.0
2005-07-28,36.84858846718579,38.46660176375154,36.79317789987869,38.22833251953125,995250,0.0,0.0
2005-07-29,38.250482727560914,38.4887518726046,38.04546117732917,38.211692810058594,1069050,0.0,0.0
2005-08-01,38.217252331421754,38.5497220878302,38.20062852653467,38.26158142089844,872550,0.0,0.0
2005-08-02,38.510925850237314,39.66902431228328,38.322528043460906,39.29222869873047,1411500,0.0,0.0
2005-08-03,39.29225158172048,39.541602418101945,39.19250871063357,39.30887222290039,799950,0.0,0.0
2005-08-04,38.95420836455266,38.95420836455266,38.250482409979995,38.52753829956055,2976750,0.0,0.0
2005-08-05,38.527572408551606,38.59960681337569,38.16739721376323,38.40012741088867,487350,0.0,0.0
2005-08-08,38.49986385920302,38.782462297738945,38.078735779606674,38.08427810668945,537450,0.0,0.0
2005-08-09,38.08426595807908,38.10643208867168,37.39162431506013,37.95127868652344,1856850,0.0,0.0
2005-08-10,38.01223648361568,39.19249827452154,38.01223648361568,38.544185638427734,1558650,0.0,0.0
2005-08-11,36.98712266575206,37.114567620574896,35.96201118948077,36.571537017822266,4201200,0.0,0.0
2005-08-12,35.906612870038074,36.44410450121309,34.91474866804229,36.37760925292969,2439450,0.0,0.0
2005-08-15,36.28339318071264,36.621405263722075,35.79577319442572,36.588157653808594,1113300,0.0,0.0
2005-08-16,36.49396142899488,36.49396142899488,35.56858959210448,35.71820068359375,1824750,0.0,0.0
2005-08-17,35.718199066890385,36.40530159146935,35.35802716911391,36.33326721191406,1380600,0.0,0.0
2005-08-18,36.239069008050606,36.34989333257692,36.03958966283707,36.2889404296875,1378050,0.0,0.0
2005-08-19,35.38018997557791,35.7348227168644,35.24166354267963,35.546424865722656,1757100,0.0,0.0
2005-08-22,35.551964138778054,35.551964138778054,34.366160219248975,35.02001190185547,1430100,0.0,0.0
2005-08-23,35.06433907234118,35.34693736910834,34.000437923571,34.410484313964844,2444250,0.0,0.0
2005-08-24,34.4326359371232,34.9036318864955,34.360601598230794,34.52683639526367,1589100,0.0,0.0
2005-08-25,34.52684775898672,34.77065612696921,34.32182297845676,34.410484313964844,1118250,0.0,0.0
2005-08-26,34.43819848218902,34.51023286338101,33.778801229328565,33.889625549316406,1398450,0.0,0.0
2005-08-29,33.889616220839464,34.41048372300753,33.88407389663224,34.18883514404297,969300,0.0,0.0
2005-08-30,34.161126420545074,34.355066529588385,33.80095465003525,33.85636520385742,1215600,0.0,0.0
2005-08-31,33.76770357796153,34.12233615903029,33.36319960118045,33.76216125488281,1607400,0.0,0.0
2005-09-01,33.50727676330754,33.717840704202054,32.83125902745271,32.8922119140625,1250100,0.0,0.0
2005-09-02,33.08062580498361,33.141578721216696,32.12754845394667,32.238372802734375,1433700,0.0,0.0
2005-09-06,32.38797032518794,32.809095064085575,32.38797032518794,32.631778717041016,1257150,0.0,0.0
2005-09-07,33.385387753388905,34.028158145398706,33.169281400028645,33.84530258178711,1556250,0.0,0.0
2005-09-08,33.84530181004824,33.84530181004824,33.02521185852758,33.379844665527344,1426650,0.0,0.0
2005-09-09,33.36875865465069,33.91178927400998,33.32442955979142,33.70122528076172,880350,0.0,0.0
2005-09-12,33.717831301880906,34.975672272015665,33.717831301880906,34.621036529541016,1220250,0.0,0.0
2005-09-13,34.62105275111017,34.65984268849251,33.92841108109344,33.972740173339844,1065450,0.0,0.0
2005-09-14,34.0337027862564,34.31075889921397,33.65136465282806,33.68461227416992,482700,0.0,0.0
2005-09-15,33.496205954359155,33.90624931779782,33.496205954359155,33.77326202392578,853200,0.0,0.0
2005-09-16,33.773278157834575,33.82869193475349,33.35769226962058,33.56825637817383,1059450,0.0,0.0
2005-09-19,33.56269795840008,33.75109581393095,32.58191557143014,32.66503143310547,962250,0.0,0.0
2005-09-20,32.77585559816956,33.23577033940552,32.1718720957754,32.315940856933594,609150,0.0,0.0
2005-09-21,31.922509121164083,31.98900432787427,31.31298346587326,31.390560150146484,1737600,0.0,0.0
2005-09-22,31.723034521760734,32.58191098757379,31.429351543024847,32.41567611694336,872100,0.0,0.0
2005-09-23,32.4876923359443,33.280076313177936,32.22171795980952,32.886653900146484,608550,0.0,0.0
2005-09-26,33.66243289067195,33.911783611284385,32.141388104803184,32.41567611694336,1087200,0.0,1.5
2005-09-27,32.48217629824104,32.48217629824104,31.850484327426933,32.116458892822266,905100,0.0,0.0
2005-09-28,32.116433250291436,32.20786252864681,31.401625987510652,31.426563262939453,743000,0.0,0.0
2005-09-29,31.501392501182703,31.825548790204177,31.12736479436301,31.80061149597168,1072500,0.0,0.0
2005-09-30,31.833854241686907,32.432298481119716,31.817230438295294,32.14970016479492,759200,0.0,0.0
2005-10-03,32.14970159220124,32.55697369604604,32.12476747133993,32.41567611694336,833700,0.0,0.0
2005-10-04,32.822959689014446,33.24685570414876,32.20789146339411,32.21620178222656,962500,0.0,0.0
2005-10-05,32.16631825178953,32.390734801694926,31.301899653042604,31.376705169677734,874300,0.0,0.0
2005-10-06,31.476463492466323,32.822963591455014,31.45152936233722,32.25776672363281,942500,0.0,0.0
2005-10-07,32.11646528344481,32.448935141678206,31.83386685514669,32.24114227294922,396900,0.0,0.0
2005-10-10,32.21619033390705,32.39073867403357,31.883723797410944,32.19956970214844,424600,0.0,0.0
2005-10-11,32.3242606946132,32.84789965278357,32.025038432801566,32.2078971862793,665200,0.0,0.0
2005-10-12,31.750756532463026,31.759066853572808,30.420880037461977,30.936208724975586,1436500,0.0,0.0
2005-10-13,30.94450942215608,30.952822911348427,30.420870576387532,30.711782455444336,1024200,0.0,0.0
2005-10-14,30.75333803816041,31.89204182908395,30.736714231713812,31.14398956298828,1482000,0.0,0.0
2005-10-17,30.54553431573637,30.88631429964312,30.387612966836176,30.76995086669922,714200,0.0,0.0
2005-10-18,30.88631932133242,30.96112485048238,30.254630652362042,30.645278930664062,736900,0.0,0.0
2005-10-19,30.64529115435042,31.252045945846454,30.213081610270873,31.22711181640625,842700,0.0,0.0
2005-10-20,31.227107981584723,31.975163479601758,30.99438101360926,31.160615921020508,902700,0.0,0.0
2005-10-21,31.160601490072807,31.160601490072807,29.764233987564758,29.86397361755371,1900900,0.0,0.0
2005-10-24,29.839045153574855,30.753332138061527,29.839045153574855,30.753332138061523,1287000,0.0,0.0
2005-10-25,30.878012966158252,31.085805777045813,30.454113856374292,30.869699478149414,1458800,0.0,0.0
2005-10-26,30.75331642067336,30.84474570652765,30.229677983021737,30.354354858398438,1282600,0.0,0.0
2005-10-27,30.271250107008033,30.279563593626907,29.42345837051916,29.822420120239258,1044600,0.0,0.0
2005-10-28,29.88060098814212,30.62034274272896,29.830729581855596,30.41254997253418,863600,0.0,0.0
2005-10-31,30.803198784465398,31.34345803878387,30.76163769741601,31.168912887573242,1226600,0.0,0.0
2005-11-01,31.168912887573246,31.29358980738985,30.836443215172817,31.168912887573242,1401800,0.0,0.0
2005-11-02,31.16892967581087,32.45724480161089,31.127371737043287,32.16633605957031,1934800,0.0,0.0
2005-11-03,33.45464693324174,33.77880325336269,32.7065914478341,33.12217712402344,2751300,0.0,0.0
2005-11-04,33.08060947010972,33.22191020724108,32.52372634957111,32.82294845581055,1201900,0.0,0.0
2005-11-07,33.66243019365804,33.66243019365804,32.997493935077046,33.28840255737305,1243500,0.0,0.0
2005-11-08,33.20528702548562,33.21359734162937,32.41567382384837,32.798011779785156,631300,0.0,0.0
2005-11-09,32.78969154870915,33.246834894373734,32.67332813388528,33.0639762878418,842200,0.0,0.0
2005-11-10,33.06399986145987,33.329974476593385,32.84789667566421,33.238548278808594,800300,0.0,0.0
2005-11-11,33.16372332671811,33.620866730984694,33.08060432642786,33.57099533081055,621400,0.0,0.0
2005-11-14,33.662429280675944,34.01151961796323,33.49619442787272,33.820350646972656,1245300,0.0,0.0
2005-11-15,33.787104640042095,33.82866255864172,32.44891873473902,32.556968688964844,944900,0.0,0.0
2005-11-16,32.556987146184795,32.739845896488625,32.365818075716135,32.640106201171875,724400,0.0,0.0
2005-11-17,32.74816077395363,33.52946089990774,32.74816077395363,33.47127914428711,829000,0.0,0.0
2005-11-18,33.836982214349426,34.16113850783788,33.34659102990957,34.09464645385742,660000,0.0,0.0
2005-11-21,34.10295771411733,34.8094552275197,34.10295771411733,34.79283142089844,1041200,0.0,0.0
2005-11-22,34.79282247490923,35.715422895833555,34.70139314733423,35.64061737060547,1082600,0.0,0.0
2005-11-23,35.53257372423676,35.74036655303347,35.38296263384978,35.590755462646484,648000,0.0,0.0
2005-11-25,35.657250929416435,36.18088657862304,35.374652553527035,36.15595245361328,245800,0.0,0.0
2005-11-28,36.23903768444323,36.23903768444323,35.050463446790694,35.11695861816406,621600,0.0,0.0
2005-11-29,35.216712951660156,35.59905400583487,35.092039209124025,35.216712951660156,361700,0.0,0.0
2005-11-30,35.175148664144935,35.673849885261696,34.96735596023545,35.1917724609375,559900,0.0,0.0
2005-12-01,35.391266348917924,36.15594222579667,35.32477114014617,36.07282638549805,824300,0.0,0.0
2005-12-02,36.19750799652155,36.480106353759766,36.139326261560754,36.480106353759766,590100,0.0,0.0
2005-12-05,36.56321190580465,36.64632773349366,36.014639199326666,36.372039794921875,766800,0.0,0.0
2005-12-06,36.48842115650305,37.302968645965436,36.15595136989246,36.571537017822266,1065300,0.0,0.0
2005-12-07,36.571538113999644,36.579848432113906,35.9481596234201,36.15595245361328,893800,0.0,0.0
2005-12-08,36.255684006213016,36.729451299317624,36.24737368995954,36.41360855102539,736400,0.0,0.0
2005-12-09,36.36374675170926,36.67959275413946,36.07283804596242,36.63803482055664,630100,0.0,0.0
2005-12-12,36.63802297739367,36.73776261988523,35.86503361408542,36.07282638549805,694500,0.0,0.0
2005-12-13,36.00633193197975,36.01464541858363,34.71801735633156,35.324771881103516,1957700,0.0,0.0
2005-12-14,35.15853481994612,36.197498633600944,35.15853481994612,35.765289306640625,670400,0.0,0.0
2005-12-15,35.76529155112529,35.773605037729176,35.26659015754087,35.324771881103516,813300,0.0,0.0
2005-12-16,35.33308842194408,35.449455060236716,34.992308336468106,35.05880355834961,681700,0.0,0.0
2005-12-19,35.12528918970818,35.24165580673246,34.93412021773889,34.99230194091797,425000,0.0,0.0
2005-12-20,35.10865408571625,35.3746284736587,34.77618451545579,35.16683578491211,561400,0.0,0.0
2005-12-21,35.141907437872234,35.57411672079516,35.10866300892863,35.216712951660156,290400,0.0,0.0
2005-12-22,35.20842181042411,35.60738371099919,34.92582340118336,35.54920196533203,401000,0.0,0.0
2005-12-23,35.67386131804729,36.1060706611736,35.67386131804729,35.856719970703125,213600,0.0,0.0
2005-12-27,35.88166337638654,36.22244665206148,35.25828490351812,35.28322219848633,352200,0.0,0.0
2005-12-28,35.374639649374046,35.94814651006018,35.29983413096579,35.5574951171875,288700,0.0,0.0
2005-12-29,35.324780822771366,35.56582126463976,34.90088484799156,35.41621017456055,614200,0.0,0.0
2005-12-30,35.366337804129884,36.147640847033934,35.11698705091945,36.122703552246094,753500,0.0,0.0
2006-01-03,36.13102659228127,36.44686948353244,35.98972578668559,36.172584533691406,1613400,0.0,0.0
2006-01-04,36.4884109077266,37.16165743904622,36.28061814212603,36.43022918701172,896800,0.0,0.0
2006-01-05,36.43854342528548,36.729452060177266,36.363737894789544,36.60477828979492,944600,0.0,0.0
2006-01-06,36.61310067820385,36.687906233364494,36.37206020372319,36.563232421875,1078200,0.0,0.0
2006-01-09,36.48842950945623,37.186613684633706,36.48842950945623,37.03700256347656,609700,0.0,0.0
2006-01-10,36.99541798900756,37.22814801357393,36.87905456205716,37.07853698730469,394800,0.0,0.0
2006-01-11,36.820903777728084,37.06194431926273,36.44687589787575,36.76272201538086,707100,0.0,0.0
2006-01-12,36.82919250646505,37.061919399371796,36.76269729668248,36.870750427246094,914500,0.0,0.0
2006-01-13,36.820896161065036,37.21985809349001,36.812585841306586,36.87907791137695,826600,0.0,0.0
2006-01-17,36.879064779629815,36.962183800955586,35.856724597321374,36.16425704956055,1120900,0.0,0.0
2006-01-18,35.906605391020996,36.20582760463516,35.65725460323163,35.865047454833984,1337500,0.0,0.0
2006-01-19,35.923222418809004,36.02296208096457,34.80113932955882,35.05880355834961,1583100,0.0,0.0
2006-01-20,35.05879960493634,35.55750103014467,34.70139575429272,34.84269332885742,732000,0.0,0.0
2006-01-23,34.74296054806717,35.28322317443037,34.551791524913085,34.59334945678711,797900,0.0,0.0
2006-01-24,34.72633467249771,35.61568767842332,34.72633467249771,35.58244323730469,678700,0.0,0.0
2006-01-25,35.70711893946593,36.15595221062688,35.51594991745299,35.590755462646484,599600,0.0,0.0
2006-01-26,35.673879724766735,36.180894853706356,35.53258208983875,36.172584533691406,495700,0.0,0.0
2006-01-27,36.214129506192805,36.54659925974605,35.690490754079725,35.74867248535156,501200,0.0,0.0
2006-01-30,35.73204543897796,36.022954043132124,35.58243439379412,35.665550231933594,842500,0.0,0.0
2006-01-31,35.57411692928655,36.32217207154994,35.56580661466835,36.21411895751953,782000,0.0,0.0
2006-02-01,36.15594222579667,36.23905806609529,35.973083572340414,36.07282638549805,641600,0.0,0.0
2006-02-02,35.90658053655026,36.072815336898174,35.141901723215895,35.208396911621094,630200,0.0,0.0
2006-02-03,35.24166585156478,36.19751098385308,35.166860304632046,36.05621337890625,622700,0.0,0.0
2006-02-06,36.10607319521194,36.122696998498824,35.574124172696784,35.806854248046875,400400,0.0,0.0
2006-02-07,36.43854089990012,36.43854089990012,35.52425396446262,35.69879913330078,560500,0.0,0.0
2006-02-08,35.948149297031044,36.280618998102376,35.7237327244078,35.856719970703125,509500,0.0,0.0
2006-02-09,35.88997220585168,36.44685538073522,35.79854286772657,36.16425704956055,656900,0.0,0.0
2006-02-10,36.180891088073245,36.538295054204355,36.08115140493609,36.34712600708008,1026500,0.0,0.0
2006-02-13,36.45516234753089,36.98711130620117,36.413604429634624,36.8458137512207,808400,0.0,0.0
2006-02-14,36.84582398779523,37.036992999761665,36.72114702880257,36.98712158203125,1157700,0.0,0.0
2006-02-15,36.945560195318876,36.9538705121629,36.230752461406624,36.496726989746094,1572300,0.0,0.0
2006-02-16,35.74037074578791,35.92322947119386,34.59335330848508,34.69309616088867,3142700,0.0,0.0
2006-02-17,37.81828955198348,37.81828955198348,34.51853887755978,34.65983963012695,1354200,0.0,0.0
2006-02-21,34.701402195926434,34.78451805866787,33.595942831597156,33.620880126953125,1595400,0.0,0.0
2006-02-22,33.579317485393275,34.4769807256194,33.4546405381027,34.269187927246094,1787800,0.0,0.0
2006-02-23,34.161153171862935,34.875961290325854,33.920115805715824,34.352325439453125,1182900,0.0,0.0
2006-02-24,34.177743004428116,34.52683639526367,33.94501619098111,34.52683639526367,795800,0.0,0.0
2006-02-27,34.49360662592037,34.859320831839526,34.41880108713388,34.60997009277344,830900,0.0,0.0
2006-02-28,34.54345235491885,34.61825783807875,34.01981397279953,34.36890411376953,1270800,0.0,0.0
2006-03-01,34.368939313517366,35.39128302064786,34.21101787429169,35.34141159057617,1063500,0.0,0.0
2006-03-02,36.1725662048193,36.62139935422454,35.40788715353634,35.42451095581055,1711700,0.0,0.0
2006-03-03,35.25828361469352,35.648935124691334,35.1917915620982,35.24997329711914,1153900,0.0,0.0
2006-03-06,35.29153122632456,35.30815503214008,34.74295831707945,35.24997329711914,1065300,0.0,0.0
2006-03-07,35.249975847950296,35.491016293717855,34.99231159516425,35.27490997314453,978600,0.0,0.0
2006-03-08,35.2749087099413,35.491015022775805,34.992310342080934,35.28322219848633,742900,0.0,0.0
2006-03-09,35.283212950057205,35.283212950057205,34.576715630259805,34.80113220214844,2104600,0.0,0.0
2006-03-10,34.8260722989467,34.85100641872299,34.1528225289901,34.202693939208984,1573600,0.0,0.0
2006-03-13,34.169458403522015,34.7512790456183,33.9616655435353,34.2359504699707,1416000,0.0,0.0
2006-03-14,34.18608666025256,34.44374781092946,33.95335647073648,34.25257873535156,926400,0.0,0.0
2006-03-15,34.37722821122112,34.90086675503899,34.260864794964995,34.8260612487793,1016400,0.0,0.0
2006-03-16,34.85932596903101,35.30815926789418,34.53516964340776,34.64322280883789,522900,0.0,0.0
2006-03-17,34.410472988540164,34.79281080225027,34.03644548788244,34.52683639526367,866100,0.0,0.0
2006-03-20,34.38556224120385,34.50192573771766,33.994913813002825,34.31075668334961,690100,0.0,0.0
2006-03-21,34.23594157810395,34.601658945922445,34.11126779689304,34.24425506591797,537800,0.0,0.0
2006-03-22,34.16933641299808,34.68541320893,34.14436592820331,34.577205657958984,602000,0.06,0.0
2006-03-23,34.57721275994919,34.9434603717569,34.5688871464472,34.826927185058594,503700,0.0,0.0
2006-03-24,34.82692466721346,35.08496468716961,34.79362856619507,34.960105895996094,630900,0.0,0.0
2006-03-27,34.91847688790451,34.935124933422195,34.518933321350126,34.7353515625,553200,0.0,0.0
2006-03-28,34.79363392136855,34.79363392136855,34.30252746927814,34.36079406738281,548600,0.0,0.0
2006-03-29,34.452351328028975,34.60218060670781,34.37743668868956,34.43570327758789,553600,0.0,0.0
2006-03-30,34.52726151307891,34.727034917308664,34.35246176893447,34.577205657958984,932600,0.0,0.0
2006-03-31,34.577212898084184,34.893516356017166,34.552239232769644,34.66044998168945,453200,0.0,0.0
2006-04-03,34.54391008399675,34.7769764130488,34.410728870925496,34.602176666259766,954100,0.0,0.0
2006-04-04,34.518933563210375,34.543904044016855,34.07776829212571,34.08609390258789,1068000,0.0,0.0
2006-04-05,34.09442983379892,34.527269665757984,34.02784080019283,34.32749938964844,1392500,0.0,0.0
2006-04-06,34.24424761828178,34.31916224046523,34.03615179836,34.20262908935547,720800,0.0,0.0
2006-04-07,34.26921899335195,34.677088208152036,33.98621171916411,34.14436340332031,575600,0.0,0.0
2006-04-10,34.08610802738517,34.3857666223973,33.778126993752196,33.78644943237305,546600,0.0,0.0
2006-04-11,33.66990140549907,33.678223840453185,32.13831617545628,32.804222106933594,3111500,0.0,0.0
2006-04-12,32.804223183567025,33.21209236608372,32.76260465685064,33.14550018310547,1073600,0.0,0.0
2006-04-13,33.04561314917992,33.32862355968777,33.04561314917992,33.15382385253906,476900,0.0,0.0
2006-04-17,33.10388774149402,33.16215432466544,32.46295215131774,32.779258728027344,559400,0.0,0.0
2006-04-18,32.737640603806824,32.82087767358292,31.92190207860585,32.404685974121094,1993200,0.0,0.0
2006-04-19,32.36306743923305,32.504571092910545,32.18826451223816,32.404685974121094,1213900,0.0,0.0
2006-04-20,32.27149954450551,33.19544547611274,32.2548514981813,32.8791389465332,2196400,0.0,0.0
2006-04-21,32.92075313719952,32.98734531372243,32.229876769867914,32.3963508605957,978100,0.0,0.0
2006-04-24,32.338093777778376,32.338093777778376,31.472417456126436,31.838665008544922,1553500,0.0,0.0
2006-04-25,31.93022357254933,32.696014676651465,31.91357552568316,32.487918853759766,1817200,0.0,0.0
2006-04-26,32.37971721930268,32.37971721930268,31.971847934897035,32.16329574584961,1337500,0.0,0.0
2006-04-27,32.17162235762456,33.25372023262486,31.988496978290783,33.19545364379883,2231400,0.0,0.0
2006-04-28,33.020660084907135,33.62830298439725,32.96239347952456,33.47847366333008,1368400,0.0,0.0
2006-05-01,33.38689928383236,33.51175489090843,32.70434513755284,32.829200744628906,1340700,0.0,0.0
2006-05-02,32.83753283021503,33.06227677760468,32.005149251123605,32.1300048828125,1223100,0.0,0.0
2006-05-03,32.046760934720005,32.51289678232967,31.880283619481503,31.963523864746094,1200400,0.0,0.0
2006-05-04,31.90525196068726,32.504565750206744,31.90525196068726,32.31311798095703,1204500,0.0,0.0
2006-05-05,32.454633687145844,33.10389179355115,32.413011972393896,33.0123291015625,1031400,0.0,0.0
2006-05-08,32.67104199290056,33.66157690002676,32.67104199290056,33.14550018310547,1181800,0.0,0.0
2006-05-09,34.710375758843384,35.20980434662376,33.73648588479525,33.869667053222656,2339200,0.0,0.0
2006-05-10,33.86968146056048,34.169340010811965,33.56170047293128,33.77812194824219,1260600,0.0,0.0
2006-05-11,33.71154712767084,34.10276856722137,33.59501389256027,33.603336334228516,779200,0.0,0.0
2006-05-12,33.611644485731176,33.79476668491038,33.50343374851787,33.528404235839844,1115700,0.0,0.0
2006-05-15,33.37026088984861,33.44517554588634,32.80423974985049,32.8375358581543,1392800,0.0,0.0
2006-05-16,32.80423579708031,32.99568363382107,32.14665202612858,32.188270568847656,1106800,0.0,0.0
2006-05-17,31.913581744205572,32.18826663279542,31.755430031095717,31.797048568725586,1220800,0.0,0.0
2006-05-18,31.131164419144927,32.4380071101475,30.78988708917533,31.880308151245117,5236400,0.0,0.0
2006-05-19,32.5212142391305,33.253712408835646,32.2964703742679,32.50456619262695,1574300,0.0,0.0
2006-05-22,32.40468946510406,32.45463361752465,31.788724286414247,31.921905517578125,1444500,0.0,0.0
2006-05-23,32.21324410628646,32.6793768633478,31.67219352722168,31.67219352722168,1159200,0.0,0.0
2006-05-24,31.61392014053831,32.12167450635625,31.297613569566536,31.772071838378906,1146300,0.0,0.0
2006-05-25,31.946875324640132,32.055082878884825,31.588950213730737,31.647216796875,652600,0.0,0.0
2006-05-26,31.74709429426026,31.797038428663473,31.547324107227162,31.638883590698242,384800,0.0,0.0
2006-05-30,31.630567108810087,31.78871880124957,31.081194228142373,31.156108856201172,498600,0.0,0.0
2006-05-31,31.28096323916791,31.838658477909732,31.28096323916791,31.73044776916504,1004000,0.0,0.0
2006-06-01,31.730462910406885,31.963532484711553,31.45577796518306,31.622255325317383,1282800,0.0,0.0
2006-06-02,31.630582809448242,31.74711602754159,31.18942043372571,31.630582809448242,870500,0.0,0.0
2006-06-05,31.52236028070338,31.67218955533825,31.106168556782272,31.14778709411621,683300,0.0,0.0
2006-06-06,31.081188379094637,31.364198790136985,30.548463646612547,31.039569854736328,912500,0.0,0.0
2006-06-07,31.022942550263387,31.61393424701145,30.86479078185379,30.956350326538086,959100,0.0,0.0
2006-06-08,30.85646046597006,31.73046262983253,30.531831362988985,31.547340393066406,1056200,0.0,0.0
2006-06-09,31.472430465833533,31.638904674199406,31.231038418294233,31.489078521728516,585500,0.0,0.0
2006-06-12,31.472419674983637,31.48074211243165,30.764891830848583,30.789865493774414,770800,0.0,0.0
2006-06-13,30.71494940673113,31.047900868891258,30.357024282823197,30.406965255737305,916300,0.0,0.0
2006-06-14,30.373672520967254,30.83148276883899,30.1073069041769,30.365346908569336,561200,0.0,0.0
2006-06-15,30.54014557976916,31.33923605115192,30.54014557976916,31.31426239013672,739300,0.0,0.0
2006-06-16,31.522343723202695,31.78870603257884,31.131125867406652,31.264307022094727,561600,0.0,0.0
2006-06-19,31.26432597800345,31.422477702806813,30.731597860962978,31.01460838317871,801400,0.0,0.0
2006-06-20,31.089520871266277,31.44744601205781,30.648358654831043,30.789865493774414,819200,0.0,0.0
2006-06-21,30.80655133347825,31.356817064454418,30.639803467632227,31.1900691986084,374900,0.06,0.0
2006-06-22,31.123360702028,31.29844446662886,30.706492778435553,30.906587600708008,377700,0.0,0.0
2006-06-23,30.781522292946228,31.57357188972366,30.756511238247295,31.381813049316406,441000,0.0,0.0
2006-06-26,31.36513316094047,31.7820009713002,30.939929393771102,31.090002059936523,661000,0.0,0.0
2006-06-27,31.131693145229367,31.14002910336185,30.506391330459454,30.56475257873535,418800,0.0,0.0
2006-06-28,30.573089863007137,30.63145429426415,29.847740616937127,29.931116104125977,936800,0.0,0.0
2006-06-29,24.40345173508082,25.237187688392297,24.094968732656522,24.937042236328125,14007700,0.0,0.0
2006-06-30,24.61188383961508,24.903691718984145,23.67809894367907,24.094966888427734,6435800,0.0,0.0
2006-07-03,24.303397147595426,24.603542530828605,24.153324455978836,24.570192337036133,2213800,0.0,0.0
2006-07-05,24.62021031552791,24.87866787975866,24.303389929494077,24.595197677612305,2013000,0.0,0.0
2006-07-06,24.59520394752423,25.0204093591389,24.553517797262373,24.978721618652344,2461300,0.0,0.0
2006-07-07,25.045425576076337,25.15381053635273,24.60354500523427,24.76195526123047,1596700,0.0,0.0
2006-07-10,24.845335354053365,25.012083211553893,24.403456235060183,24.620227813720703,1069100,0.0,0.0
2006-07-11,24.59520205782659,24.653563299799057,24.30339425773966,24.42011833190918,1589200,0.0,0.0
2006-07-12,24.38677296145209,24.478484411375668,24.094965103697426,24.1783390045166,1173700,0.0,0.0
2006-07-13,24.086624664202628,24.286721048022184,23.778143335481747,24.05327606201172,1215000,0.0,0.0
2006-07-14,24.053273059564226,24.31173065762445,23.869850204623518,24.21168327331543,1694900,0.0,0.0
2006-07-17,24.111640407195207,24.386773169083565,23.96156770248794,24.144989013671875,1357600,0.0,0.0
2006-07-18,24.111632462908613,24.220017386028314,23.903198572873173,23.928211212158203,1966800,0.0,0.0
2006-07-19,23.928215843738812,24.511829894668605,23.85317950158396,24.47848129272461,1770200,0.0,0.0
2006-07-20,24.42845936812017,24.511833269797265,24.195014351694184,24.370098114013672,1865000,0.0,0.0
2006-07-21,24.361760036868667,24.38677268389721,23.986579872789786,24.378435134887695,1362400,0.0,0.0
2006-07-24,24.403440243610856,24.878669258779173,24.345079008797114,24.770282745361328,1277100,0.0,0.0
2006-07-25,24.862004615278607,26.087597422374767,24.820318455812433,26.079259872436523,1558000,0.0,0.0
2006-07-26,26.087601440413877,26.637867099290126,25.904178493971596,26.27102279663086,1731500,0.0,0.0
2006-07-27,26.29602519862544,26.52113263296958,25.387253142602894,25.43727684020996,881900,0.0,0.0
2006-07-28,25.57068156451487,25.837476813185795,25.387260228609893,25.445621490478516,1068700,0.0,0.0
2006-07-31,25.362240750209118,25.579012228955737,25.178819463681062,25.237180709838867,913200,0.0,0.0
2006-08-01,25.22884150443054,25.237179051937467,24.67023854326325,25.06209373474121,826500,0.0,0.0
2006-08-02,25.003736750824622,25.370580952483937,24.887014246297735,25.19549560546875,720900,0.0,0.0
2006-08-03,25.087104351436803,25.595683576718518,24.928694142046286,25.48729705810547,996500,0.0,0.0
2006-08-04,25.65405077280426,25.895833326239433,25.05375998315175,25.42894172668457,885100,0.0,0.0
2006-08-07,25.287209704243757,25.428944870409136,24.945378113531667,25.128799438476562,606200,0.0,0.0
2006-08-08,25.187156534912543,25.345566774503904,24.61188000573428,24.68691635131836,770800,0.0,0.0
2006-08-09,24.736939240206276,24.845324185703145,24.003252495503204,24.13665008544922,1869800,0.0,0.0
2006-08-10,23.177853419975257,25.337229158891393,23.052793374408346,24.828651428222656,3024300,0.0,0.0
2006-08-11,24.094966680672123,24.328413300199514,23.844846552069555,24.12831687927246,2124200,0.0,0.0
2006-08-14,24.19501081285749,24.678577463586823,24.14498552503314,24.169998168945312,1222600,0.0,0.0
2006-08-15,24.56185105327136,24.595201241992005,24.220019570007402,24.261707305908203,757000,0.0,0.0
2006-08-16,24.695259482551737,26.004224666639644,24.695259482551737,25.92085075378418,2186600,0.0,0.0
2006-08-17,25.88749629588794,25.97087019503429,25.679062343134493,25.81245994567871,872100,0.0,0.0
2006-08-18,25.929181038982705,26.04590353014075,25.25385555550093,25.43727684020996,737600,0.0,0.0
2006-08-21,25.4456160998787,25.47062715525236,25.003735568988237,25.103784561157227,435600,0.0,0.0
2006-08-22,25.087105756315964,25.13712944989476,24.77028531979297,24.845321655273438,590400,0.0,0.0
2006-08-23,24.845323611562595,24.845323611562595,24.553517384189366,24.678577423095703,611300,0.0,0.0
2006-08-24,24.678568771351983,24.703579816230146,24.378423511021126,24.578519821166992,808100,0.0,0.0
2006-08-25,24.470141214738646,24.595201241992005,24.220019570007402,24.261707305908203,456700,0.0,0.0
2006-08-28,24.220016059999686,24.695246639050435,24.211680104252114,24.595197677612305,643200,0.0,0.0
2006-08-29,24.595204908887872,24.728602503209622,24.411783614251657,24.68691635131836,697000,0.0,0.0
2006-08-30,24.695255783166694,25.253858848326107,24.51183288431666,25.078773498535156,803400,0.0,0.0
2006-08-31,25.212168981873248,25.395590275066745,25.095446485316,25.11212158203125,447700,0.0,0.0
2006-09-01,25.21217047748187,25.67906208163204,25.05376022973946,25.59568977355957,466500,0.0,0.0
2006-09-05,25.662395569299534,26.095937096217135,25.662395569299534,26.02090072631836,822300,0.0,0.0
2006-09-06,25.97920766320328,26.179304066397517,25.679062263299503,25.929183959960938,983700,0.0,0.0
2006-09-07,25.78744789298577,26.346050928396522,25.679061351214767,26.054243087768555,1835000,0.0,0.0
2006-09-08,26.06258234384117,26.34605265442528,25.86248593464502,26.112606048583984,2303900,0.0,0.0
2006-09-11,26.095937614299604,26.287698113528656,25.69574469371128,26.237672805786133,1625100,0.0,0.0
2006-09-12,26.237670203277535,27.521622760366437,26.129285227703367,27.454925537109375,3524500,0.0,0.0
2006-09-13,27.454915344633736,27.71337454237287,27.221470379223632,27.404890060424805,1303000,0.0,0.0
2006-09-14,27.346537257057992,27.388223416536793,26.979694601014383,27.19646453857422,1110300,0.0,0.0
2006-09-15,27.29651832951042,27.46326298692226,26.93801159126411,27.071409225463867,1402700,0.0,0.0
2006-09-18,27.07974357929797,27.113093780981593,26.596176786461402,26.671213150024414,1050400,0.0,0.0
2006-09-19,26.67121765540283,27.663364059934892,26.654542551744214,27.079748153686523,1350800,0.0,0.0
2006-09-20,27.188323501799996,27.981838975691208,27.188323501799996,27.75631332397461,1820900,0.06,0.0
2006-09-21,27.72289919970569,27.7646656842166,27.321965801817147,27.413846969604492,1380000,0.0,0.0
2006-09-22,27.380437363623553,27.823137283325195,27.14656032506579,27.823137283325195,1038000,0.0,0.0
2006-09-25,27.78136560711937,28.47464839385301,27.731250928979158,28.399473190307617,1508600,0.0,0.0
2006-09-26,28.374425994740037,28.616654460459884,28.307602151550963,28.566539764404297,1013000,0.0,0.0
2006-09-27,28.574890183426884,28.599950716941766,27.84819843821753,27.99019432067871,963100,0.0,0.0
2006-09-28,27.96513670526978,28.37442476116861,27.664435796664286,28.107135772705078,630400,0.0,0.0
2006-09-29,28.173958817285083,28.424541866940245,27.514087677001953,27.514087677001953,777300,0.0,0.0
2006-10-02,27.56419167945849,28.19065058126436,27.52242838993838,27.889949798583984,637200,0.0,0.0
2006-10-03,27.898310673652837,28.72523482658424,27.48067131139058,28.491357803344727,1946300,0.0,0.0
2006-10-04,28.650057608762356,29.410161067428096,28.59994292805301,29.36004638671875,1838700,0.0,0.0
2006-10-05,29.351694244323298,29.493693286197935,28.90899753430659,29.460281372070312,766100,0.0,0.0
2006-10-06,29.3767564344288,29.385111007507106,28.758651852747295,28.867238998413086,749200,0.0,0.0
2006-10-09,28.750286423001842,29.10110507408613,28.407822341841015,28.96746063232422,509700,0.0,0.0
2006-10-10,29.050998180888264,29.30158439183618,28.94241422156927,29.034292221069336,595700,0.0,0.0
2006-10-11,28.883951480257075,28.909008832477912,28.608307860480874,28.767009735107422,414300,0.0,0.0
2006-10-12,28.792057367221474,29.318280645992573,28.792057367221474,29.218048095703125,421900,0.0,0.0
2006-10-13,29.234768051124263,29.65240759471175,29.134535452837582,29.618995666503906,933400,0.0,0.0
2006-10-16,29.652392455915777,29.794388298798975,29.451924175353074,29.68580436706543,814000,0.0,0.0
2006-10-17,29.40180503723426,29.40180503723426,28.750285613936455,29.167924880981445,951300,0.0,0.0
2006-10-18,29.318292238228008,29.518760604405934,28.950770617627825,29.284883499145508,646800,0.0,0.0
2006-10-19,29.167927955355733,29.819447447325366,29.101107322479535,29.786035537719727,1020200,0.0,0.0
2006-10-20,29.71923145112744,29.877933330609416,29.41853046993055,29.618995666503906,629600,0.0,0.0
2006-10-23,29.618987131376493,30.328976062684045,29.59392978560966,30.278858184814453,1112100,0.0,0.0
2006-10-24,30.195336881333738,30.53780114112198,30.00321990890496,30.370744705200195,963200,0.0,0.0
2006-10-25,29.894618803913815,29.902970187073027,28.76699089734042,29.393449783325195,2206800,0.0,0.0
2006-10-26,29.52711211744163,30.4960356543359,29.36841025053481,30.404157638549805,1365500,0.0,0.0
2006-10-27,30.295574445908084,30.437570368652782,29.93640416488242,29.94475555419922,650600,0.0,0.0
2006-10-30,29.819461011928468,30.19533720013688,29.468642174155107,30.044986724853516,1093700,0.0,0.0
2006-10-31,29.936387369546054,30.078383212626232,29.201341254910094,29.2514591217041,1071200,0.0,0.0
2006-11-01,29.443573779191677,29.443573779191677,28.516413924841775,28.783702850341797,1477700,0.0,0.0
2006-11-02,29.39345776300658,30.89696204660633,29.39345776300658,30.32061767578125,4057700,0.0,0.0
2006-11-03,30.370742582872886,30.696500857671104,29.652402189042835,30.07004165649414,1484800,0.0,0.0
2006-11-06,30.103461784680317,30.404162793028814,30.03663792223081,30.237106323242188,1313800,0.0,0.0
2006-11-07,30.228729200190294,30.404140115115762,30.036615518447885,30.103439331054688,735900,0.0,0.0
2006-11-08,29.936398444583066,30.7299141042073,29.760990625414372,30.67979621887207,763000,0.0,0.0
2006-11-09,30.70483815206716,31.172595288001624,30.70483815206716,31.005538940429688,1075100,0.0,0.0
2006-11-10,31.030607243049662,31.272835662104036,30.972137984691475,31.197660446166992,575300,0.0,0.0
2006-11-13,31.197661328862882,31.506716773312586,30.988841632722337,31.08072280883789,813600,0.0,0.0
2006-11-14,31.08072170091201,31.56518490812968,31.038958400439768,31.48165512084961,819300,0.0,0.0
2006-11-15,31.481676180352494,31.799083211673377,31.40650091468012,31.782377243041992,872600,0.0,0.0
2006-11-16,31.86588744991255,31.94106266926071,31.556832000183576,31.723888397216797,781700,0.0,0.0
2006-11-17,31.865877003579953,31.915991675826206,31.590233560886734,31.799053192138672,1410800,0.0,0.0
2006-11-20,31.715547058599995,32.20000725850245,31.481666754126653,31.698841094970703,692200,0.0,0.0
2006-11-21,31.665424856798836,31.83248128401204,31.523428964786227,31.64036750793457,396100,0.0,0.0
2006-11-22,31.707194965938104,31.87425142897294,31.540138502903268,31.86590003967285,420000,0.0,0.0
2006-11-24,31.657057372328012,31.991166870530293,31.4732950771992,31.799053192138672,148200,0.0,0.0
2006-11-27,31.640356133266547,31.640356133266547,30.73825366242175,30.771665573120117,703900,0.0,0.0
2006-11-28,30.72990069305666,30.871896526698677,30.537786995951862,30.554492950439453,703200,0.0,0.0
2006-11-29,30.612967140169253,31.139190452974933,28.5164157153645,29.09276008605957,5454900,0.0,0.0
2006-11-30,29.15959189869307,29.90298975333838,29.15959189869307,29.735933303833008,2616900,0.0,0.0
2006-12-01,29.593928268793267,29.87792318949314,29.276521431226172,29.47698974609375,1693600,0.0,0.0
2006-12-04,29.485330929749843,29.81108904064838,29.385098400165987,29.393449783325195,1132800,0.0,0.0
2006-12-05,29.527096465102094,29.719213342064545,29.401806590171912,29.652389526367188,2000100,0.0,0.0
2006-12-06,30.387446495565353,30.387446495565353,29.861219909874585,30.003215789794922,1978200,0.0,0.0
2006-12-07,30.913650512695312,32.22504046130857,30.888593181675347,30.913650512695312,2561900,0.0,0.0
2006-12-08,30.905299131133344,31.281175028103128,30.89694774957137,30.913650512695312,1387800,0.0,0.0
2006-12-11,30.88025308556119,30.888604470175245,30.13685558783679,30.203676223754883,1041300,0.0,0.0
2006-12-12,30.070046202843752,30.103458130012175,29.468644259159117,29.735933303833008,1873700,0.0,0.0
2006-12-13,29.81946312175407,29.877932401130437,29.527113538535485,29.735933303833008,712400,0.0,0.0
2006-12-14,29.735935771572063,30.1786358774508,29.652409133056008,29.94475555419922,567100,0.0,0.0
2006-12-15,29.90298673141327,29.90298673141327,29.46864128112793,29.46864128112793,1108500,0.0,0.0
2006-12-18,29.485347837970345,29.85287263442413,29.318291401976488,29.677461624145508,787700,0.0,0.0
2006-12-19,29.50203412252291,29.9113219583985,29.209687944279185,29.777677536010742,1850800,0.0,0.0
2006-12-20,29.79442865610666,30.48887730140892,29.71912668813817,30.137470245361328,1359200,0.06,0.0
2006-12-21,30.13746286556281,30.25459852222885,29.710750754328213,29.786052703857422,358600,0.0,0.0
2006-12-22,29.78605305839174,30.062161273854354,29.76095347215234,30.00359344482422,349000,0.0,0.0
2006-12-26,29.978494812762232,30.028693986838807,29.702386588511445,30.020328521728516,356100,0.0,0.0
2006-12-27,30.02869225455276,30.170930686881594,29.80278640911794,30.09562873840332,397500,0.0,0.0
2006-12-28,30.09564578607405,30.29644896795621,29.777703691100104,29.986875534057617,379300,0.0,0.0
2006-12-29,29.99521928650864,30.170925933077996,29.576875903479472,29.752582550048828,578100,0.0,0.0
2007-01-03,29.878094183601377,30.288072247860683,29.35934909943698,29.76932716369629,764200,0.0,0.0
2007-01-04,29.811167053831532,30.020338862420875,29.543427394173854,29.96177101135254,800900,0.0,0.0
2007-01-05,29.8697112071766,29.945013126194844,29.200362589073304,29.300764083862305,781500,0.0,0.0
2007-01-08,29.417918206978555,29.576887606415983,29.26731427416079,29.40118408203125,479600,0.0,0.0
2007-01-09,29.501570142268996,29.794412387449242,29.392803174810847,29.65217399597168,506800,0.0,0.0
2007-01-10,29.476505444753425,29.81954725263373,29.325901412834256,29.694046020507812,335700,0.0,0.0
2007-01-11,29.80279193200839,30.513977842031213,29.80279193200839,30.45541000366211,575700,0.0,0.0
2007-01-12,30.346644247723187,30.53908191514238,30.003602633331013,30.288076400756836,1123000,0.0,0.0
2007-01-16,30.45541447424996,30.53908191514238,30.087270074223436,30.288076400756836,1185300,0.0,0.0
2007-01-17,30.296436637691336,30.572544890043037,30.145832716719084,30.413572311401367,916900,0.0,0.0
2007-01-18,30.405209844727747,31.049459305391924,30.405209844727747,30.940689086914062,922900,0.0,0.0
2007-01-19,30.940680255135714,31.22515392030989,30.748242656886585,31.208419799804688,682900,0.0,0.0
2007-01-22,31.325568238791952,31.442707130144694,30.639484976553792,31.00762939453125,526600,0.0,0.0
2007-01-23,31.05780852229543,31.501254630976504,30.83190273674991,31.317182540893555,595700,0.0,0.0
2007-01-24,31.375763432891638,31.576569723213535,31.200059923677294,31.534732818603516,280500,0.0,0.0
2007-01-25,31.4594348422358,31.543105470342898,31.066194061110828,31.17496109008789,726500,0.0,0.0
2007-01-26,31.275374539137985,31.425978519894255,30.86539632669948,31.36741065979004,375300,0.0,0.0
2007-01-29,31.367392348750545,31.626763237313348,31.09964961237444,31.208419799804688,387000,0.0,0.0
2007-01-30,31.342302366128056,31.417604343286314,30.89885916270078,31.00762939453125,554200,0.0,0.0
2007-01-31,30.990890348368413,31.769009591599037,30.990890348368413,31.752275466918945,759700,0.0,0.0
2007-02-01,31.78574307875651,31.93634381444089,31.275363457228103,31.384130477905273,1164800,0.0,0.0
2007-02-02,31.501280510272387,31.58494796993298,31.34230786852466,31.36741065979004,800300,0.0,0.0
2007-02-05,31.40923404847044,31.660239536520386,31.258630117298885,31.392499923706055,543200,0.0,0.0
2007-02-06,31.40923860318424,31.76901435852051,31.350670753869814,31.769014358520508,535600,0.0,0.0
2007-02-07,31.78572827582149,32.086932798624126,31.59328753133577,32.0702018737793,584600,0.0,0.0
2007-02-08,32.00327499594449,32.413252995015,31.769003677451238,32.404884338378906,638400,0.0,0.0
2007-02-09,32.58895114304106,32.63078484424359,31.902868229857607,32.22917556762695,578000,0.0,0.0
2007-02-12,32.254296415130234,32.38816626226228,31.325572954279018,31.359041213989258,1351600,0.0,0.0
2007-02-13,31.375757217407227,31.47615874682495,31.200053742999444,31.375757217407227,616200,0.0,0.0
2007-02-14,31.459412890105646,31.61838537672533,30.898834435641813,30.974136352539062,1235300,0.0,0.0
2007-02-15,30.957420890561995,32.898534593768716,30.74824912778793,32.42162322998047,3884400,0.0,0.0
2007-02-16,32.279395252781896,32.42999601961734,32.07022344277178,32.33796310424805,600400,0.0,0.0
2007-02-20,32.178978052639756,32.429983489326766,31.693701300605845,31.819202423095703,1054300,0.0,0.0
2007-02-21,31.794119272465263,32.14552642714064,31.59331290428723,32.05349349975586,1783200,0.0,0.0
2007-02-22,32.04512022185959,32.12042220011326,32.00328649876499,32.112056732177734,514500,0.0,0.0
2007-02-23,32.0702177777398,32.39652523304176,31.969813028640758,32.237552642822266,970100,0.0,0.0
2007-02-26,32.388150216814054,32.46345216800222,32.20408126301536,32.404884338378906,795500,0.0,0.0
2007-02-27,32.17061836355542,32.178983829873715,31.15822777852477,31.384130477905273,1140100,0.0,0.0
2007-02-28,31.4594391006646,31.86105178652575,31.074563734398584,31.50127601623535,902600,0.0,0.0
2007-03-01,31.417581891564765,31.509617930288073,30.622728965516192,30.882102966308594,1432400,0.0,0.0
2007-03-02,30.882119001398838,30.89048446757817,30.28807195972414,30.355005264282227,760500,0.0,0.0
2007-03-05,30.204394527886798,30.831909676181183,29.961757762910363,30.329898834228516,1452200,0.0,0.0
2007-03-06,30.55581175157781,31.45106664860627,30.547443093638574,31.30046272277832,1085000,0.0,0.0
2007-03-07,31.250247038652283,31.844297022686224,31.0996431769768,31.693693161010742,893200,0.0,0.0
2007-03-08,31.986557275285243,32.41326961471467,31.978191806067144,32.13716125488281,845500,0.0,0.0
2007-03-09,32.346330752616566,32.346330752616566,31.61841369839414,31.911252975463867,594600,0.0,0.0
2007-03-12,32.04509794590809,32.58057688938442,32.03673248378776,32.5638427734375,673200,0.0,0.0
2007-03-13,32.24590914360206,32.38814436363758,31.610025405883786,31.61002540588379,788500,0.0,0.0
2007-03-14,31.517994622388375,31.87777025193243,31.024352405538057,31.819202423095703,838600,0.0,0.0
2007-03-15,31.735546104138436,32.112055986665744,31.568208023936474,31.769014358520508,665800,0.0,0.0
2007-03-16,31.76900498760711,31.911240239213136,31.434328925922696,31.77737045288086,632100,0.0,0.0
2007-03-19,31.944724087265232,32.890181710385335,31.936355426196304,32.881813049316406,1564400,0.0,0.0
2007-03-20,32.781402763153686,32.856704734254976,32.346325062536025,32.488563537597656,875900,0.0,0.0
2007-03-21,32.58072382645384,33.0918930876124,32.47178532899891,32.84049606323242,955300,0.06,0.0
2007-03-22,32.93268029293982,33.083517255231556,32.639387975509514,32.76508331298828,749900,0.0,0.0
2007-03-23,32.76507964042865,33.10027356276064,32.76507964042865,32.97457504272461,532600,0.0,0.0
2007-03-26,32.89077921028956,33.04161616048883,32.40474832705941,32.848880767822266,450600,0.0,0.0
2007-03-27,32.857258752059145,32.89915719398374,32.42988952979441,32.67290496826172,583300,0.0,0.0
2007-03-28,32.61424772815564,32.74832787509693,32.3041953799705,32.45503234863281,1451500,0.0,0.0
2007-03-29,32.63100600691253,32.69804607680916,32.01090134360102,32.1365966796875,1793500,0.0,0.0
2007-03-30,32.22876930808267,32.38798784676763,31.94385545620242,32.3041877746582,724800,0.0,0.0
2007-04-02,32.40475827837241,32.63939538220822,32.31258295529636,32.4969367980957,783800,0.0,0.0
2007-04-03,32.61424198179828,32.99133433701354,32.54720511678561,32.68128204345703,837500,0.0,0.0
2007-04-04,32.731561360925625,32.731561360925625,32.32094898402337,32.38798904418945,630800,0.0,0.0
2007-04-05,32.354475186879114,33.284635420945826,32.228776648409216,33.15055847167969,900500,0.0,0.0
2007-04-09,33.17571278685392,33.242749695264195,32.865660292579065,33.083534240722656,235400,0.0,0.0
2007-04-10,33.10867034065224,33.41872600965093,33.100291926436455,33.34330749511719,685200,0.0,0.0
2007-04-11,33.410332866709105,33.74552685930583,33.1338005399666,33.64496994018555,1507500,0.0,0.0
2007-04-12,33.51089125267908,33.712005080538376,32.99134027130815,33.47737121582031,594300,0.0,0.0
2007-04-13,33.53603506511134,33.62821358294587,33.03324402146316,33.225982666015625,626000,0.0,0.0
2007-04-16,33.435471262630244,33.77904363334655,33.36005278141708,33.728763580322266,423800,0.0,0.0
2007-04-17,33.80419900492156,33.92989760216182,33.5611834218027,33.68688201904297,511400,0.0,0.0
2007-04-18,33.519256591796875,33.77065037690627,33.2594812024181,33.519256591796875,410000,0.0,0.0
2007-04-19,33.94664692472826,33.94664692472826,33.21760353323831,33.594696044921875,428200,0.0,0.0
2007-04-20,33.854479625810754,34.18967056274414,33.71202100021173,34.18967056274414,664900,0.0,0.0
2007-04-23,34.10585876981646,34.58350812426598,33.938261776037535,34.5164680480957,580400,0.0,0.0
2007-04-24,34.52483718847568,34.52483718847568,34.0136679805323,34.40752029418945,923300,0.0,0.0
2007-04-25,36.03320510858934,36.55275275230353,35.304162086336845,35.4130973815918,1986300,0.0,0.0
2007-04-26,35.4885225193625,35.63098106581375,34.84327944517457,35.00249481201172,1188600,0.0,0.0
2007-04-27,35.01089880807957,35.11983740007829,34.6002892789785,34.91872024536133,568000,0.0,0.0
2007-04-30,34.90194522335016,35.195237591285384,34.42429582605734,34.52485275268555,988100,0.0,0.0
2007-05-01,34.617028060063326,34.617028060063326,34.11423708021222,34.30697250366211,1111100,0.0,0.0
2007-05-02,34.3991547423449,34.860044126399664,34.32373624701615,34.60865020751953,428600,0.0,0.0
2007-05-03,34.56675146633574,34.60027150768022,34.013683570740255,34.13100051879883,518100,0.0,0.0
2007-05-04,34.14777426350814,34.14777426350814,33.753921611038365,33.81258010864258,600800,0.0,0.0
2007-05-07,33.812566312802105,33.921504848182735,33.57793241811804,33.86284637451172,717100,0.0,0.0
2007-05-08,35.119817623715925,35.96617784756822,34.7762452085575,34.985740661621094,4380200,0.0,0.0
2007-05-09,34.93546069278853,35.4131100712818,34.86004220162396,35.19523620605469,934700,0.0,0.0
2007-05-10,35.02765428652628,35.40474690472281,34.84330038168999,34.92709732055664,726800,0.0,0.0
2007-05-11,34.81814562653898,34.82652723525724,34.24831770628758,34.75948715209961,565500,0.0,0.0
2007-05-14,34.81815716572344,34.87681565960299,34.164532121552384,34.18967056274414,407500,0.0,0.0
2007-05-15,33.49413695678985,34.48295583653859,33.43547848058842,33.91312789916992,1595900,0.0,0.0
2007-05-16,33.93826541724889,34.18128092446894,33.71200993086958,33.9466438293457,953000,0.0,0.0
2007-05-17,33.81256148395352,35.3209311533576,33.58630923018952,34.650543212890625,2528600,0.0,0.0
2007-05-18,34.658928212240575,34.759485134493104,34.24831571835179,34.62540817260742,1672700,0.0,0.0
2007-05-21,33.87961619797857,34.95223225162989,33.87961619797857,34.89357376098633,2260600,0.0,0.0
2007-05-22,34.684077776590044,34.71759782698251,34.27346834755014,34.44944381713867,832600,0.0,0.0
2007-05-23,34.4745630263894,34.935452273929855,34.3321076866562,34.39076614379883,1669700,0.0,0.0
2007-05-24,34.31535746760461,34.54999136316148,33.77066798532237,33.921504974365234,971400,0.0,0.0
2007-05-25,34.27345294843547,34.29020976945489,33.82094206139484,33.879600524902344,537300,0.0,0.0
2007-05-29,34.022048384048546,34.14774689052476,33.51926075143534,34.089088439941406,1377600,0.0,0.0
2007-05-30,33.98853750775962,34.6589222009149,33.85446056912856,34.58350372314453,1184000,0.0,0.0
2007-05-31,34.62541633464704,34.952228806490474,34.54161941245815,34.70921325683594,1040100,0.0,0.0
2007-06-01,34.81814340275715,34.977361991763914,34.59188793152142,34.86842346191406,811000,0.0,0.0
2007-06-04,34.826531169271384,35.23714053672951,34.75111266552331,35.17848205566406,723700,0.0,0.0
2007-06-05,35.404715716752456,35.69800794107327,34.91030654100773,35.11142349243164,1188900,0.0,0.0
2007-06-06,34.94384588191646,34.94384588191646,34.256700979400726,34.56675338745117,778100,0.0,0.0
2007-06-07,34.42429833814406,34.78462761791049,33.9801657528857,34.022064208984375,666600,0.0,0.0
2007-06-08,34.072340161633704,35.36283291224828,34.072340161633704,35.228755950927734,1196000,0.0,0.0
2007-06-11,35.40471997442309,35.40471997442309,34.650535311694185,34.83489227294922,762700,0.0,0.0
2007-06-12,34.692445821392,34.84328279252692,34.25669492662963,34.31535339355469,721800,0.0,0.0
2007-06-13,34.591890107004865,34.591890107004865,34.12262231194908,34.39915466308594,886200,0.0,0.0
2007-06-14,34.44103181021212,34.58349030032909,34.239918078646554,34.357234954833984,830400,0.0,0.0
2007-06-15,34.51645025871048,34.5751086968042,34.21477966136214,34.357234954833984,612700,0.0,0.0
2007-06-18,34.357253343348894,34.46619187096209,34.0807178186339,34.21479797363281,714600,0.0,0.0
2007-06-19,34.22318459784253,34.69245566301341,34.105867630711714,34.50809860229492,1173600,0.0,0.0
2007-06-20,34.49969002225685,34.89411707610265,34.38220192995651,34.415767669677734,1612200,0.06,0.0
2007-06-21,34.315093564452845,34.33187804940605,33.702474269569976,33.90388488769531,948800,0.0,0.0
2007-06-22,33.92903692277694,34.273110626862405,33.45908126787272,33.643707275390625,1046600,0.0,0.0
2007-06-25,33.761192135552626,34.189188166045795,33.3919433574087,33.450687408447266,862100,0.0,0.0
2007-06-26,33.58497415532472,33.63532759231155,32.91361100206055,32.989139556884766,1089400,0.0,0.0
2007-06-27,32.989110483907034,34.793397168122446,32.980716651150615,34.42414855957031,1837000,0.0,0.0
2007-06-28,34.550052734495054,34.550052734495054,34.13045042369684,34.25633239746094,900400,0.0,0.0
2007-06-29,34.30667818482782,34.40738182061868,33.77797849463175,34.01295471191406,660500,0.0,0.0
2007-07-02,34.24792956353455,34.56682490123264,34.10526316398714,34.432552337646484,841000,0.0,0.0
2007-07-03,34.58362998286135,34.827000149813564,34.575239343209915,34.6171989440918,319300,0.0,0.0
2007-07-05,34.59200837928804,34.91090376466078,34.43255748529076,34.84376907348633,337800,0.0,0.0
2007-07-06,34.89412453295768,35.24658888518015,34.76824257784331,35.17945098876953,353500,0.0,0.0
2007-07-09,35.17944448393131,35.17944448393131,34.63396358235683,34.79341125488281,405400,0.0,0.0
2007-07-10,34.54167930935141,34.57524827925783,33.71925875452318,33.90388488769531,823800,0.0,0.0
2007-07-11,33.861888835213904,34.1304339282302,33.52620906959856,33.56816864013672,929400,0.0,0.0
2007-07-12,33.68565671816759,34.27310030963199,33.517815234704905,33.56816864013672,1339400,0.0,0.0
2007-07-13,33.72763030195028,33.97100039402172,33.36677208303369,33.40034103393555,1122100,0.0,0.0
2007-07-16,33.266067890464555,33.69406400422219,33.10662017824167,33.29963684082031,683500,0.0,0.0
2007-07-17,33.35837878243971,33.5513954327468,32.997520592336095,33.30802536010742,639900,0.0,0.0
2007-07-18,33.08983286900841,33.257674405100715,32.71219021312849,32.947166442871094,858400,0.0,0.0
2007-07-19,33.081447380689376,33.2492889591421,32.70380783081055,32.70380783081055,1053900,0.0,0.0
2007-07-20,32.6534548073672,32.91360941730491,32.47722258836676,32.54435729980469,950100,0.0,0.0
2007-07-23,32.74577049003517,32.963962321527745,32.452046899923,32.63667297363281,494300,0.0,0.0
2007-07-24,32.34294490647094,32.485608146787165,32.16671271502924,32.3261604309082,912500,0.0,0.0
2007-07-25,32.39329949804542,32.552750436727685,31.67158615943827,31.84781837463379,1593400,0.0,0.0
2007-07-26,31.36947702079559,31.738725988567893,29.674282902787258,30.337255477905273,4068900,0.0,0.0
2007-07-27,30.244931896005347,30.882725927413013,29.29662988492427,29.4309024810791,3644000,0.0,0.0
2007-07-30,29.472859597107952,30.01834377400929,29.372155958759272,29.573566436767578,3329400,0.0,0.0
2007-07-31,29.867285554625436,30.278497130637454,29.17913818359375,29.17913818359375,1571400,0.0,0.0
2007-08-01,29.09521180141506,29.489638850318972,28.42384899574592,28.868629455566406,2446200,0.0,0.0
2007-08-02,29.036477192953072,29.556786337595444,28.82667604791349,29.456079483032227,1349200,0.0,0.0
2007-08-03,29.489649486181342,29.489649486181342,28.163707866928846,28.256017684936523,2371800,0.0,0.0
2007-08-06,28.25601233494672,29.011297621542322,27.609827724683836,28.55812644958496,2644500,0.0,0.0
2007-08-07,28.482594877626173,28.80149343137196,28.029426955399682,28.38189125061035,2190800,0.0,0.0
2007-08-08,28.323154069796498,28.499386260138284,27.13987576115523,27.22379493713379,2522600,0.0,0.0
2007-08-09,26.208360995046352,26.59439596873974,25.15935517615411,25.43629264831543,10636500,0.0,0.0
2007-08-10,25.092216275745702,26.913290253251954,24.764927006270174,26.686704635620117,6230600,0.0,0.0
2007-08-13,27.064355518172334,28.77633412391587,26.879729432853225,28.130146026611328,5140000,0.0,0.0
2007-08-14,28.48260587783585,28.48260587783585,27.441993860388326,27.50912857055664,2189400,0.0,0.0
2007-08-15,27.41681856315467,27.85320543191231,26.401381549996092,26.518871307373047,1972600,0.0,0.0
2007-08-16,26.09926871658055,26.18318951387077,25.343984742280757,25.66288185119629,4408900,0.0,0.0
2007-08-17,26.544041158882802,26.997210816776153,26.09087150098945,26.586002349853516,1891500,0.0,0.0
2007-08-20,26.8041968944157,28.088180581570242,26.644747563176832,27.869985580444336,1852300,0.0,0.0
2007-08-21,27.71053839738742,28.172100322457492,27.6937539199452,27.945514678955078,1486800,0.0,0.0
2007-08-22,28.33155411783883,28.44904548507214,27.878385935188618,28.22245979309082,1132300,0.0,0.0
2007-08-23,28.390299521706766,28.574922398220224,28.146929364811513,28.532962799072266,1638800,0.0,0.0
2007-08-24,28.717588508764468,29.4476957687787,28.53296243330554,29.338598251342773,2032700,0.0,0.0
2007-08-27,29.37215877167826,29.65748844208416,29.271455123685374,29.514822006225586,1284300,0.0,0.0
2007-08-28,29.405730205258767,29.47286490915427,28.608485188138676,28.74275779724121,937000,0.0,0.0
2007-08-29,28.935773142923424,29.640705108642578,28.910598030283538,29.640705108642578,897100,0.0,0.0
2007-08-30,29.37216631291195,29.422519750492146,29.112011687382385,29.20432472229004,1429200,0.0,0.0
2007-08-31,29.2714429473522,29.900846087783364,29.120385937543926,29.84210205078125,732400,0.0,0.0
2007-09-04,29.833724271877262,29.90086217961715,29.44769090630783,29.69106101989746,778200,0.0,0.0
2007-09-05,29.489643131776656,29.489643131776656,28.868633646862747,28.927377700805664,1180200,0.0,0.0
2007-09-06,28.92737124056562,29.447676974138172,28.89380230257768,29.10360336303711,728200,0.0,0.0
2007-09-07,28.751154737815565,28.860252257038535,28.197279703678348,28.289592742919922,930900,0.0,0.0
2007-09-10,28.34832926868051,28.516170822460246,27.257363971079247,27.77766990661621,1887400,0.0,0.0
2007-09-11,27.786061971812728,28.390290246335418,27.786061971812728,28.306367874145508,572200,0.0,0.0
2007-09-12,28.214048325826553,28.465808981419855,27.63499849783092,27.702133178710938,947200,0.0,0.0
2007-09-13,27.92033214976905,28.591695062632493,27.819628513167256,28.18048667907715,777600,0.0,0.0
2007-09-14,27.962295604023005,28.68401203579194,27.878376428784847,28.541345596313477,546300,0.0,0.0
2007-09-17,28.407070561127487,28.507777404357952,28.155309855673433,28.197269439697266,688200,0.0,0.0
2007-09-18,28.281185474333636,29.506422980729674,28.012640355159448,29.372150421142578,952400,0.0,0.0
2007-09-19,29.42259769029775,29.84292051444486,28.758486858511237,28.960243225097656,1206200,0.06,0.0
2007-09-20,28.960238261266614,29.119959752614882,28.55672880406459,28.808921813964844,1139400,0.0,0.0
2007-09-21,29.086335592514928,29.086335592514928,28.203658380726306,28.228879928588867,883000,0.0,0.0
2007-09-24,28.439057080664067,28.666028689536542,27.67406610550588,27.968294143676758,1023000,0.0,0.0
2007-09-25,27.732901394651975,28.34657233411711,27.320983615302374,28.254100799560547,1945100,0.0,0.0
2007-09-26,28.35497134361584,28.44744285848773,27.573170799272727,27.79174041748047,1012800,0.0,0.0
2007-09-27,27.800147833736816,28.060749106360973,27.665644675210082,28.01030921936035,683800,0.0,0.0
2007-09-28,27.985095744339013,28.489481874797313,27.985095744339013,28.21207046508789,938900,0.0,0.0
2007-10-01,28.1195927501195,28.21206426864866,27.514326961061816,28.035526275634766,835700,0.0,0.0
2007-10-02,28.03553658041629,28.24569803366322,27.732906781460517,27.9178466796875,1028400,0.0,0.0
2007-10-03,27.816973345271972,28.35498621564812,27.758128388000184,28.338172912597656,1643900,0.0,0.0
2007-10-04,28.43062976252659,28.792107574015066,28.144810172205652,28.397003173828125,816100,0.0,0.0
2007-10-05,28.70805542974174,30.095119079377415,28.70805542974174,29.87655258178711,1520300,0.0,0.0
2007-10-08,29.876554062629996,29.97743066599403,29.33854123560928,29.716829299926758,654700,0.0,0.0
2007-10-09,29.826116013218453,29.84292931596009,29.187226543084265,29.25447654724121,724600,0.0,0.0
2007-10-10,29.24606358411179,29.582319927511204,28.83414579544725,29.531883239746094,693500,0.0,0.0
2007-10-11,29.590720629820517,29.884945256073504,29.20402449051433,29.43099594116211,1246600,0.0,0.0
2007-10-12,29.456213727348224,29.464618769822586,28.935011303327443,29.30489730834961,884400,0.0,0.0
2007-10-15,29.363762472084595,29.405794127051795,28.51470829042245,28.926626205444336,792100,0.0,0.0
2007-10-16,28.935022378612107,29.18721864467978,28.228883095410563,28.26250648498535,837200,0.0,0.0
2007-10-17,28.371795631157923,28.455858928082108,27.287361784066118,27.842187881469727,1370000,0.0,0.0
2007-10-18,27.632013958729537,27.833770269803832,27.405039311323872,27.598390579223633,576600,0.0,0.0
2007-10-19,27.615203738522244,27.959868269571402,26.850218055607055,26.959501266479492,988700,0.0,0.0
2007-10-22,26.858629826323067,27.82537042376225,26.640061759482933,26.90066146850586,1494600,0.0,0.0
2007-10-23,27.094009390149953,27.119227733913732,26.64006156495397,26.774564743041992,753800,0.0,0.0
2007-10-24,26.631652054450697,28.287724862254215,26.505555538967208,28.228879928588867,1996100,0.0,0.0
2007-10-25,28.296133350043384,28.640797949225263,28.010313691687035,28.61557960510254,1431200,0.0,0.0
2007-10-26,29.00227458198629,29.195622694382497,28.43063529020245,28.60717010498047,823700,0.0,0.0
2007-10-29,28.5903649968453,28.909811329476458,28.397016829066047,28.66602325439453,1066900,0.0,0.0
2007-10-30,28.58195915334204,29.04431373357833,28.42223759487771,28.800525665283203,1187400,0.0,0.0
2007-10-31,29.035911400621288,29.363762802589193,28.11960720206008,28.682838439941406,1570900,0.0,0.0
2007-11-01,29.422595922060495,30.296868113378608,28.581950324287337,29.47303581237793,6996400,0.0,0.0
2007-11-02,29.884947347465847,29.96901382285545,28.876172090447596,29.23764991760254,2572600,0.0,0.0
2007-11-05,28.98545851076362,30.170768621550703,28.59035407156515,29.54869270324707,3371200,0.0,0.0
2007-11-06,29.573903999015727,30.717182200841737,29.2544578645508,30.6667423248291,2417200,0.0,0.0
2007-11-07,30.515439454449403,30.89373067551134,30.221214730739554,30.4229679107666,2015300,0.0,0.0
2007-11-08,30.380935112067522,30.5154382959154,29.67479259516396,30.30527687072754,1663900,0.0,0.0
2007-11-09,29.952206702126784,30.12033648075613,29.41419397595992,29.55710220336914,1472700,0.0,0.0
2007-11-12,29.41418610299812,29.876540465369068,28.960236784244998,29.077926635742188,1790900,0.0,0.0
2007-11-13,29.338535925872964,30.078301825737704,29.145184594771617,30.002643585205078,1589300,0.0,0.0
2007-11-14,30.170775132044714,31.103892417664078,30.053085241391646,30.120338439941406,2167800,0.0,0.0
2007-11-15,29.876552847930373,30.036274397330363,29.48985654508243,29.649578094482422,1158800,0.0,0.0
2007-11-16,29.775676104993543,29.969027483117564,29.027501770443518,29.25447654724121,1456200,0.0,0.0
2007-11-19,28.985458213022905,29.56550248874911,28.867768348974828,29.17880630493164,1568000,0.0,0.0
2007-11-20,29.39737280895453,29.75044236344611,28.640790611032656,29.077926635742188,1095000,0.0,0.0
2007-11-21,28.943437934344903,29.170412706992604,28.632399856335628,28.66602325439453,924400,0.0,0.0
2007-11-23,28.901388874992545,28.96863883741672,28.6660059894889,28.78369903564453,379700,0.0,0.0
2007-11-26,28.716448318727455,28.834138168125897,27.993492721785152,28.052337646484375,836300,0.0,0.0
2007-11-27,28.128013663208456,28.464273337239568,27.791757195987255,28.09438705444336,779900,0.0,0.0
2007-11-28,28.254095360579008,29.23764904212528,28.09437066552555,28.716449737548828,2229200,0.0,0.0
2007-11-29,29.06953633544423,30.069903787338912,28.834153306261694,29.994245529174805,2005400,0.0,0.0
2007-11-30,30.280059878608014,30.826477684421672,29.952208553758016,30.2296199798584,1339300,0.0,0.0
2007-12-03,30.431364934389137,30.49861490064583,30.027855516425596,30.086700439453125,734100,0.0,0.0
2007-12-04,30.34730275720297,31.51580275329025,30.34730275720297,31.07866668701172,1828000,0.0,0.0
2007-12-05,31.89409065246582,32.213536855765604,31.61667929163809,31.89409065246582,2103900,0.0,0.0
2007-12-06,31.944540183345197,32.474147931659864,31.50740398549284,32.373268127441406,1471600,0.0,0.0
2007-12-07,33.62582049792326,33.87801351029606,32.83561487067299,33.20549774169922,2479800,0.0,0.0
2007-12-10,33.20550025342901,33.541759766566834,32.90286733296664,33.24753189086914,985400,0.0,0.0
2007-12-11,34.239506696665,34.239506696665,32.39008509828711,32.474151611328125,2054100,0.0,0.0
2007-12-12,32.96170593796618,33.13824070540439,32.10424723022775,32.339630126953125,1714700,0.0,0.0
2007-12-13,32.12947505845922,32.499357958801596,31.91931366369025,32.38166809082031,964400,0.0,0.0
2007-12-14,32.25557605599375,32.25557605599375,31.8100348412144,32.01179122924805,1423300,0.0,0.0
2007-12-17,31.768006009393506,32.52458531620985,31.73437940727475,31.776411056518555,1452200,0.0,0.0
2007-12-18,32.11266734821141,32.31442052647285,31.616686242006036,31.868879318237305,1541900,0.0,0.0
2007-12-19,31.801518588846015,32.23934766015545,30.841663906775818,32.02043151855469,1392000,0.06,0.0
2007-12-20,32.09620863067793,32.42457962036133,31.969913825664612,32.42457962036133,955900,0.0,0.0
2007-12-21,32.44985764337171,32.87084696449933,32.33198114735895,32.39933776855469,976900,0.0,0.0
2007-12-24,32.28987016886255,32.483528026210315,32.08779715268885,32.416168212890625,259200,0.0,0.0
2007-12-26,32.20568385931563,32.74454968972537,32.13832402456756,32.50879669189453,758800,0.0,0.0
2007-12-27,32.348804169826,32.65191686634595,32.11305127781816,32.20566940307617,598800,0.0,0.0
2007-12-28,32.22250540939456,32.609814602246416,32.045690762035036,32.1383056640625,606400,0.0,0.0
2007-12-31,32.12988438531011,32.197244175474644,31.868870016259923,31.98674964904785,1051400,0.0,0.0
2008-01-02,31.919423099245186,32.12149946828621,31.296357238939052,31.64999008178711,1789200,0.0,0.0
2008-01-03,31.641559464040927,32.129905414796944,31.447901546511787,31.95309066772461,1587300,0.0,0.0
2008-01-04,31.591027074834358,31.649965300512456,30.03336524963379,30.03336524963379,1899600,0.0,0.0
2008-01-07,30.109139272971017,31.506822968295612,29.890226352355246,31.388946533203125,2281600,0.0,0.0
2008-01-08,31.481569100221606,31.868878359388745,29.713415900098624,29.772354125976562,1835500,0.0,0.0
2008-01-09,29.78077869693633,30.28596772494184,28.17259988764364,29.326112747192383,2981000,0.0,0.0
2008-01-10,29.07351024398981,29.07351024398981,27.465331787781775,28.307310104370117,3316900,0.0,0.0
2008-01-11,27.936849283608524,27.936849283608524,26.943314311423322,26.98541259765625,2086000,0.0,0.0
2008-01-14,26.236041430326065,27.04433975756086,25.402483178135423,26.867525100708008,3026200,0.0,0.0
2008-01-15,26.44653856630855,26.909625994039324,26.0929076121691,26.269723892211914,1398800,0.0,0.0
2008-01-16,26.40443587539334,27.2885123098506,26.10974319525895,26.884363174438477,1543800,0.0,0.0
2008-01-17,26.943302522738172,27.35587325585006,26.337078794117115,26.362337112426758,1710400,0.0,0.0
2008-01-18,26.49705722027791,27.111702615974828,26.26130431787829,26.791749954223633,1507600,0.0,0.0
2008-01-22,25.671918892975825,27.48217196746491,25.671918892975825,27.136960983276367,1137100,0.0,0.0
2008-01-23,26.488635255693453,28.64410075488505,26.488635255693453,28.290468215942383,1964300,0.0,0.0
2008-01-24,28.492547674804385,29.065093213419605,28.36624963673918,28.989315032958984,1389500,0.0,0.0
2008-01-25,29.166129646962126,29.233489456940433,27.852645471310367,27.970521926879883,955700,0.0,0.0
2008-01-28,27.802121542627887,28.8209144301691,27.069601381789134,28.745136260986328,1169800,0.0,0.0
2008-01-29,28.80407538577346,29.55343552020157,28.58516245230261,29.494497299194336,970800,0.0,0.0
2008-01-30,29.359781234926082,30.125981328480016,29.174548200500116,29.342941284179688,717800,0.0,0.0
2008-01-31,28.96406188833662,30.420684318147597,28.778825589228866,30.12598991394043,1412100,0.0,0.0
2008-02-01,30.44592535240421,31.338423218025024,30.159652694517632,30.706939697265625,1783600,0.0,0.0
2008-02-04,30.706950967851345,30.706950967851345,30.04178731099123,30.605911254882812,1058800,0.0,0.0
2008-02-05,30.277537334738625,30.39541377675309,29.494497299194336,29.494497299194336,840000,0.0,0.0
2008-02-06,29.59553980689664,30.46277646551506,29.241907235452285,29.309267044067383,533000,0.0,0.0
2008-02-07,29.065079672086995,31.043726600646085,28.787225402552014,30.243846893310547,1787500,0.0,0.0
2008-02-08,30.31123022679782,30.38700843084056,28.896705892595776,29.452411651611328,1475300,0.0,0.0
2008-02-11,29.418710764542425,30.336466931761557,28.711449101622254,30.26068878173828,989700,0.0,0.0
2008-02-12,30.361737181623205,30.79956626181393,29.199806284651356,29.54501724243164,1043000,0.0,0.0
2008-02-13,29.67972536064124,30.100714372848916,29.28399466136082,29.831281661987305,1386100,0.0,0.0
2008-02-14,28.62726402282715,29.191387978039156,27.87790380201477,28.62726402282715,4442600,0.0,0.0
2008-02-15,28.4588550255015,28.54305475047012,27.93682957826043,28.340978622436523,1474300,0.0,0.0
2008-02-19,28.58516798175243,28.795662586607907,28.189437096818445,28.45886993408203,976400,0.0,0.0
2008-02-20,28.11365741872391,29.342945074992627,28.11365741872391,28.99773406982422,1039100,0.0,0.0
2008-02-21,29.157706565417513,29.27558300194079,28.20627028050649,28.23995018005371,1178600,0.0,0.0
2008-02-22,28.265209895979392,28.366246387723514,27.760024225366628,28.290468215942383,1072700,0.0,0.0
2008-02-25,28.223109043193098,29.250323452933895,27.945254701453294,29.174545288085938,1047500,0.0,0.0
2008-02-26,29.132446189922273,30.151242314323348,29.05666801888239,29.71341323852539,801500,0.0,0.0
2008-02-27,29.47765290073945,29.856543701395058,29.098765311975512,29.502914428710938,1051500,0.0,0.0
2008-02-28,29.292427729539607,29.469242413164388,28.69462386858391,29.300846099853516,793000,0.0,0.0
2008-02-29,28.93879043025257,29.174546515191125,28.155750431185655,28.23995018005371,919900,0.0,0.0
2008-03-03,28.122075323006122,28.997730277171033,27.928417495678804,28.703039169311523,854800,0.0,0.0
2008-03-04,28.3494075903337,28.719880094952742,28.05471647247064,28.231531143188477,1143500,0.0,0.0
2008-03-05,28.27363232486231,29.25032700604888,28.27363232486231,28.711458206176758,1086300,0.0,0.0
2008-03-06,28.61883130788651,28.795645902666035,27.650555401804674,27.69265365600586,730500,0.0,0.0
2008-03-07,27.38112698642616,28.181006788427727,27.28009051822439,27.642141342163086,690400,0.0,0.0
2008-03-10,27.734763796324916,28.004196592950763,27.541109174493357,27.591629028320312,762200,0.0,0.0
2008-03-11,28.181012024197955,28.660939352186652,27.423230342167376,28.273630142211914,1473900,0.0,0.0
2008-03-12,28.28204844854174,28.871433843050127,27.861059339877464,28.23995018005371,958900,0.0,0.0
2008-03-13,27.92841554775509,28.91353171883345,27.67582272836565,28.652517318725586,945100,0.0,0.0
2008-03-14,28.829343805917325,28.8546021318435,27.675831006263955,28.484132766723633,889300,0.0,0.0
2008-03-17,27.936840804844742,28.197855239301013,26.842268029575358,27.355876922607422,1589200,0.0,0.0
2008-03-18,27.62580611867662,27.996960828720784,27.035330229824986,27.592063903808594,1407000,0.06,0.0
2008-03-19,27.676420641104457,28.907982576678968,27.617373371442312,27.7354679107666,1076000,0.0,0.0
2008-03-20,27.904170316327296,29.017637494775173,27.87886205011196,28.815187454223633,1357400,0.0,0.0
2008-03-24,28.865811544470358,30.56131799345835,28.823632157643914,30.122678756713867,950300,0.0,0.0
2008-03-25,30.274517975543493,30.274517975543493,29.523771166450324,29.861186981201172,843800,0.0,0.0
2008-03-26,29.776823402538735,29.91178904853857,29.270703034498062,29.62498664855957,772000,0.0,0.0
2008-03-27,29.667167110844325,29.692475385400023,28.553699565452412,28.604312896728516,1141700,0.0,0.0
2008-03-28,28.595869449006212,28.60430339249894,28.06444090960615,28.157230377197266,824000,0.0,0.0
2008-03-31,28.309069819947883,28.916413562580228,28.309069819947883,28.722400665283203,1112700,0.0,0.0
2008-04-01,29.54907516258942,29.979280471801758,29.43941776190324,29.979280471801758,1471600,0.0,0.0
2008-04-02,29.920223157251293,31.092737690531028,29.886480944736963,30.2070255279541,1280900,0.0,0.0
2008-04-03,29.945522286229803,30.367290205754166,29.802122738151773,30.232324600219727,690000,0.0,0.0
2008-04-04,30.375728167322393,30.67096768075302,29.928655143180993,30.316680908203125,576100,0.0,0.0
2008-04-07,30.460099502870435,30.460099502870435,29.928670677133898,30.004589080810547,487800,0.0,0.0
2008-04-08,29.852742436351015,30.164849896248615,29.717776787381652,29.996145248413086,607400,0.0,0.0
2008-04-09,30.12267284944795,30.147981120147776,28.9670293129797,28.992334365844727,586300,0.0,0.0
2008-04-10,28.958593455262715,29.835868480932728,28.89954297275326,29.169477462768555,865000,0.0,0.0
2008-04-11,28.832059778257243,29.49845396836827,28.629609729145074,28.95859146118164,732200,0.0,0.0
2008-04-14,28.899533919878802,29.026065571879684,28.43558989226487,28.477766036987305,808600,0.0,0.0
2008-04-15,28.6971001050002,28.747713432237145,28.081319103875035,28.207847595214844,1074500,0.0,0.0
2008-04-16,28.67179032081005,29.30444232665654,28.098185578082475,29.245391845703125,663600,0.0,0.0
2008-04-17,29.101997133978188,29.27913895294808,28.815194714669058,28.967031478881836,381900,0.0,0.0
2008-04-18,29.38036656954452,29.94553426319034,29.38036656954452,29.506895065307617,585600,0.0,0.0
2008-04-21,29.228521972280518,29.380358700798933,28.688656260973776,29.37192153930664,494900,0.0,0.0
2008-04-22,29.321314000213494,29.464716813324543,28.34281223356928,28.713970184326172,513400,0.0,0.0
2008-04-23,28.713962053045748,28.815185457389823,27.904168382625116,28.3174991607666,1003000,0.0,0.0
2008-04-24,28.40185345062761,29.32974491191047,28.351243353827936,28.9754581451416,716200,0.0,0.0
2008-04-25,28.967036411320702,29.422546781522264,28.54526826509753,29.270709991455078,813200,0.0,0.0
2008-04-28,29.439403816998094,29.759945138018566,29.228519844721127,29.574369430541992,691000,0.0,0.0
2008-04-29,29.59124797799691,30.156415621303974,29.557505761664736,29.810565948486328,386300,0.0,0.0
2008-04-30,29.92021639290492,29.92021639290492,29.085114520064373,29.253822326660156,366900,0.0,0.0
2008-05-01,29.31288055679337,30.443219101221967,29.127301578237415,30.401042938232422,766600,0.0,0.0
2008-05-02,30.620347976915234,31.00837366098287,30.27449843801432,30.333545684814453,1102000,0.0,0.0
2008-05-05,30.392598775773752,30.392598775773752,29.759946823120117,29.759946823120117,665000,0.0,0.0
2008-05-06,29.53219296169166,29.53219296169166,28.553691362957306,28.95859146118164,1190200,0.0,0.0
2008-05-07,29.051376801864816,29.312874103365537,28.444033109289293,28.503080368041992,764600,0.0,0.0
2008-05-08,28.688671318534517,29.565949939793615,28.359692640021347,28.61275291442871,478400,0.0,0.0
2008-05-09,28.224717381946142,28.789888247190746,27.996962246802934,28.368120193481445,474800,0.0,0.0
2008-05-12,28.460905426761126,28.562128843530083,28.072876429783733,28.46933937072754,1124400,0.0,0.0
2008-05-13,28.697093249348615,28.874235025606716,27.954780716384903,28.503080368041992,751200,0.0,0.0
2008-05-14,28.46933160802638,29.397219647376794,28.410284362858636,29.118854522705078,863800,0.0,0.0
2008-05-15,29.312880354727206,29.439412060658572,28.78988885802514,29.220090866088867,950300,0.0,0.0
2008-05-16,32.45927602415293,33.31124947828212,31.843494919141584,32.74607849121094,6058400,0.0,0.0
2008-05-19,33.05819915612053,33.94391518612538,32.79670486193806,32.98228073120117,3518500,0.0,0.0
2008-05-20,32.805113883454396,33.353413559863036,32.25681742488016,32.8472900390625,2311400,0.0,0.0
2008-05-21,33.01600375365446,33.40402960282306,32.40022276227777,32.56049346923828,1344500,0.0,0.0
2008-05-22,32.56048789450314,33.15940089236203,32.05436758813997,32.16402816772461,2318900,0.0,0.0
2008-05-23,31.995307922363285,32.34115741512699,31.784424006828505,31.99530792236328,1646300,0.0,0.0
2008-05-27,32.003759266226595,32.35804611025331,31.83505461632666,32.29056167602539,1393500,0.0,0.0
2008-05-28,32.67015443742551,33.74144572534543,32.60267321924903,33.66552734375,2442900,0.0,0.0
2008-05-29,33.73301563470935,34.812740991602254,33.387165905214886,34.2475700378418,2906000,0.0,0.0
2008-05-30,34.374083324916704,34.47530671837702,33.50524249389552,33.99449157714844,2015600,0.0,0.0
2008-06-02,33.969187974091064,34.38251872532231,33.68238566559367,34.22224807739258,2309500,0.0,0.0
2008-06-03,34.26443942940733,34.55124186516989,33.589611115211675,34.17164993286133,1854500,0.0,0.0
2008-06-04,34.13791351725784,34.416278810153194,33.77519266754915,34.20539474487305,1666000,0.0,0.0
2008-06-05,34.24756785790676,35.301988090204816,34.24756785790676,35.20920181274414,2549800,0.0,0.0
2008-06-06,34.74523791282698,34.93925075772328,33.86796313978146,33.99449157714844,2954000,0.0,0.0
2008-06-09,34.19694424344649,34.81272502982619,34.0535414752025,34.6524543762207,1896900,0.0,0.0
2008-06-10,34.28974774826756,34.77899707001064,34.078863698691094,34.38253402709961,1549200,0.0,0.0
2008-06-11,34.475312916537604,34.54279733619964,32.67858368379809,32.77136993408203,2270000,0.0,0.0
2008-06-12,33.058186017239024,33.74988551699618,32.70390232031561,32.74607849121094,2581100,0.0,0.0
2008-06-13,32.89790612058405,33.73300823026151,32.838858854204645,33.14253234863281,2476100,0.0,0.0
2008-06-16,33.73299458069862,35.14169767693137,33.72455742158144,35.04890823364258,3590300,0.0,0.0
2008-06-17,35.175438889524116,35.411627852835885,34.71992884499432,34.77054214477539,1734400,0.0,0.0
2008-06-18,34.5086902774222,34.62696022594308,33.773744749795824,33.83287811279297,1965100,0.06,0.0
2008-06-19,33.91734383890171,34.52557294611302,33.68080725371223,34.42420196533203,1575200,0.0,0.0
2008-06-20,34.20456403525341,34.21301027420009,33.24997790801184,33.76528549194336,1781000,0.0,0.0
2008-06-23,33.984900190500355,34.17074954701189,32.74309444021542,33.07255554199219,1274200,0.0,0.0
2008-06-24,32.86138700098552,33.38514083239112,32.28694606749857,32.65864181518555,1341200,0.0,0.0
2008-06-25,32.94587413098573,34.33973932553806,32.78536975045716,33.85822296142578,1602500,0.0,0.0
2008-06-26,33.309110831679284,33.8835517486301,33.09791941287459,33.36824417114258,1582300,0.0,0.0
2008-06-27,33.50341686958295,34.02717084723171,32.743126238700626,33.28377914428711,1498200,0.0,0.0
2008-06-30,33.199275967894884,33.47805006641353,32.31227303878593,32.80223846435547,1223600,0.0,0.0
2008-07-01,32.37141920600015,33.0049934387207,31.59423636067503,33.0049934387207,2323700,0.0,0.0
2008-07-02,33.08102168455916,33.140155020397145,31.374594738530572,31.39993667602539,1576500,0.0,0.0
2008-07-03,31.5266503836435,31.6618127440949,29.769539697775333,31.366146087646484,1484800,0.0,0.0
2008-07-07,31.60267937860178,32.312282575834836,31.44217508277848,32.04195785522461,2013200,0.0,0.0
2008-07-08,32.36298817679395,32.66710124449971,31.45908877111782,32.59952163696289,1662200,0.0,0.0
2008-07-09,32.439014025403885,32.54038503789773,31.57735236289027,31.704065322875977,1803500,0.0,0.0
2008-07-10,31.737849042337523,32.320736251062385,31.0873790266457,31.518211364746094,1583000,0.0,0.0
2008-07-11,31.045143808174522,31.50976436351958,30.07366182856824,31.0958309173584,1769300,0.0,0.0
2008-07-14,31.628034170351665,32.379878529092835,30.80016397415278,32.10955047607422,1645000,0.0,0.0
2008-07-15,32.05040453145613,32.2024625916957,30.327085219615842,31.484413146972656,2287200,0.0,0.0
2008-07-16,31.644939903122502,33.51187236236758,31.281690192813453,33.35136795043945,1302400,0.0,0.0
2008-07-17,33.49495980826825,34.55936312514314,32.45589520753587,34.47488784790039,1507700,0.0,0.0
2008-07-18,34.71143265615421,35.446378122761665,34.29749592701474,34.61006164550781,1605600,0.0,0.0
2008-07-21,34.77900983613835,35.08312606944625,33.883560063094095,34.15388488769531,1176400,0.0,0.0
2008-07-22,33.90043986464733,35.522388051393804,33.79906568608224,35.40412139892578,1425400,0.0,0.0
2008-07-23,35.302764490337644,35.936338857116745,34.54247396119238,35.04088592529297,2644300,0.0,0.0
2008-07-24,35.12534603688802,35.48014594957213,34.35660644769074,34.466426849365234,1309700,0.0,0.0
2008-07-25,34.52555957522461,34.82967562231639,33.849747927534054,33.93422317504883,855500,0.0,0.0
2008-07-28,33.908902597964506,34.21301883656034,33.28377763865188,33.731502532958984,870000,0.0,0.0
2008-07-29,33.73994577901365,35.40413547997837,33.49496613969201,35.31966018676758,1203400,0.0,0.0
2008-07-30,35.4463637518778,36.248891715234556,34.77899815542665,35.3787841796875,922400,0.0,0.0
2008-07-31,35.13380094600191,35.42946761289443,34.44953965937568,34.71141815185547,1062800,0.0,0.0
2008-08-01,35.0831075292635,35.92787296534516,34.542458165775145,35.48014831542969,1818500,0.0,0.0
2008-08-04,35.902554408101956,35.902554408101956,34.787463564287734,34.93107223510742,1451300,0.0,0.0
2008-08-05,35.268978074358216,36.46009792353729,35.14226189406257,36.34183120727539,2842200,0.0,0.0
2008-08-06,36.73888088164334,36.73888088164334,35.10003250605887,35.50551986694336,2055700,0.0,0.0
2008-08-07,37.16123652004701,38.01444827451981,35.95322157263252,37.25415802001953,5052400,0.0,0.0
2008-08-08,36.147517254888214,37.31329134842236,35.01553133292374,37.25415802001953,3248400,0.0,0.0
2008-08-11,37.62586651770484,37.651208458484305,36.4600889039668,36.93315887451172,2258300,0.0,0.0
2008-08-12,36.74730039983712,37.22881649210198,36.36715526843731,36.96693801879883,1641400,0.0,0.0
2008-08-13,36.67972914522287,36.874028113223524,35.65756331021444,36.705074310302734,1785400,0.0,0.0
2008-08-14,36.60370359051222,38.014460926990374,36.33337557030767,37.372440338134766,1166600,0.0,0.0
2008-08-15,37.372420026586774,38.0144402665106,37.16967492725481,37.68498229980469,939600,0.0,0.0
2008-08-18,37.879300549576904,37.896196253149185,37.16969711217079,37.423126220703125,1043400,0.0,0.0
2008-08-19,37.16969489347351,37.3301992340406,36.18976670245569,36.2911376953125,1310700,0.0,0.0
2008-08-20,35.13379374283172,36.35870423922886,34.70296479904238,35.64065170288086,1577400,0.0,0.0
2008-08-21,35.488617706744265,35.88565875196341,35.10847559049993,35.73360061645508,789600,0.0,0.0
2008-08-22,35.26897948854859,35.885658264160156,35.057787994605185,35.885658264160156,1305700,0.0,0.0
2008-08-25,35.72514389100743,35.91943962435752,34.99864483955238,35.159149169921875,677100,0.0,0.0
2008-08-26,34.92259942059107,35.33653585671471,34.56779630069594,35.07465744018555,956900,0.0,0.0
2008-08-27,35.24363009191836,35.96167973055915,34.73676868006095,35.75048828125,1008300,0.0,0.0
2008-08-28,35.987022656281674,36.66283789055198,35.649118261672385,36.654388427734375,1344800,0.0,0.0
2008-08-29,36.41784075441958,36.81488156554495,36.265782708564096,36.358707427978516,766900,0.0,0.0
2008-09-02,36.8149037623623,38.453748639383676,36.72197898692073,37.17815017700195,1577500,0.0,0.0
2008-09-03,37.178128994569505,37.67654077862531,36.89090858981659,37.25415802001953,1261800,0.0,0.0
2008-09-04,37.04298787790697,37.04298787790697,35.97858413389582,36.24890899658203,980100,0.0,0.0
2008-09-05,35.674448715521216,35.89408956267782,35.13379928025085,35.58997344970703,977800,0.0,0.0
2008-09-08,36.32491643975491,36.65437446860456,35.725133709155564,36.47697448730469,1345400,0.0,0.0
2008-09-09,36.510765767317764,36.86556572881613,35.49704652764088,35.65755081176758,1781900,0.0,0.0
2008-09-10,35.85185572957279,36.553012818760976,35.522397616831526,36.27423858642578,1272500,0.0,0.0
2008-09-11,35.750481039130406,35.953226207307615,35.167593917224245,35.86874771118164,1373000,0.0,0.0
2008-09-12,35.6491050684564,35.65755130562231,34.72831053618795,35.24361801147461,1077400,0.0,0.0
2008-09-15,33.706141066307566,34.97328917823606,32.97119284117156,34.01025390625,1654400,0.0,0.0
2008-09-16,33.52874373743412,34.33972111982692,33.08946526187444,33.66390609741211,2118800,0.0,0.0
2008-09-17,32.87709794687782,33.90926724688762,32.20872591728508,32.35255432128906,1800900,0.06,0.0
2008-09-18,34.85682767824823,35.00065284258839,31.734939890612267,32.386390686035156,3411600,0.0,0.0
2008-09-19,33.85848244629687,35.5844028460657,32.733248984647275,33.054744720458984,2178900,0.0,0.0
2008-09-22,33.33396093198828,34.07847344289325,32.682510064407765,32.767112731933594,1408500,0.0,0.0
2008-09-23,32.995522246412456,33.61313035245681,32.61480403655422,33.054744720458984,1317600,0.0,0.0
2008-09-24,33.046305432293316,34.06155029340967,32.75018965831379,33.4524040222168,1388500,0.0,0.0
2008-09-25,33.993870706057464,34.33228783024055,33.2747383513995,33.50316619873047,1290700,0.0,0.0
2008-09-26,33.16475527717815,34.62840349991343,32.59790702742664,33.95157241821289,1506900,0.0,0.0
2008-09-29,33.2578097957075,33.88387714098108,32.31870555041297,32.85171127319336,2489000,0.0,0.0
2008-09-30,33.41855837722816,33.934642959688375,32.57251892464011,33.553924560546875,1589100,0.0,0.0
2008-10-01,34.890680778711044,34.890680778711044,33.266282777273915,33.824668884277344,4616300,0.0,0.0
2008-10-02,33.646981261812016,34.28996966989096,32.242556239996794,32.9024658203125,2071400,0.0,0.0
2008-10-03,33.223954974949876,33.841563114503614,30.956569988087498,31.091936111450195,2109900,0.0,0.0
2008-10-06,30.042859314972144,30.406656535034454,27.90238054881642,29.0783748626709,3028900,0.0,0.0
2008-10-07,27.039412714397383,27.733164617062613,23.460667198731567,24.19672203063965,6364400,0.0,0.0
2008-10-08,23.494518135262734,25.186597195253842,23.206864565968857,24.87356185913086,3477600,0.0,0.0
2008-10-09,25.12738057780951,25.948038533390655,23.45222068924755,23.66373062133789,2116300,0.0,0.0
2008-10-10,22.377743000222907,23.604499174328314,21.540162565761808,22.81768226623535,2830000,0.0,0.0
2008-10-13,23.866772662024072,24.69589256860969,23.09687687380989,23.925996780395508,2191400,0.0,0.0
2008-10-14,24.772038441422772,25.178137035456167,23.071498763504003,23.54528045654297,2355600,0.0,0.0
2008-10-15,23.773702801442447,23.773702801442447,21.06637660678947,21.472475051879883,2619600,0.0,0.0
2008-10-16,21.447107729814025,22.369291175426692,20.567225625720464,22.326988220214844,2062500,0.0,0.0
2008-10-17,21.768593701053458,29.213739887189053,21.768593701053458,23.33376693725586,2172400,0.0,0.0
2008-10-20,23.596039375128928,25.19505500793457,23.596039375128928,25.19505500793457,1779000,0.0,0.0
2008-10-21,25.178142830698626,25.491176630515586,24.442087547614737,24.535152435302734,1363200,0.0,0.0
2008-10-22,24.078283220089304,24.611289004875626,22.986893112156807,23.816011428833008,1736600,0.0,0.0
2008-10-23,23.95138340842401,24.069830063503872,21.878587115684752,23.037660598754883,1763100,0.0,0.0
2008-10-24,21.997040260147337,22.623109673908342,21.08331711388895,21.920896530151367,1200800,0.0,0.0
2008-10-27,21.387884663690784,22.183160837187884,20.39801812854059,20.448780059814453,1885000,0.0,0.0
2008-10-28,21.150994006238218,22.37775230407715,20.60952907606021,22.37775230407715,1850300,0.0,0.0
2008-10-29,22.30160151340875,23.054576144498935,21.574007034301758,21.574007034301758,1660000,0.0,0.0
2008-10-30,22.85997949311645,23.596032690932162,22.24237126651437,22.902280807495117,1925800,0.0,0.0
2008-10-31,23.05457622749191,26.56563980728892,22.741540904470174,26.396432876586914,3609500,0.0,0.0
2008-11-03,26.159539138023916,26.802529295956816,25.203515295880667,25.44886589050293,2656800,0.0,0.0
2008-11-04,25.956498035874713,26.616407963561006,25.398111967666622,26.58256721496582,1425300,0.0,0.0
2008-11-05,26.354135972935378,26.404897902409317,24.6197552570599,24.805883407592773,1110600,0.0,0.0
2008-11-06,24.805882551372484,25.29658548919677,23.646809121851323,23.748332977294922,1166300,0.0,0.0
2008-11-07,23.81601727873561,24.44208646431419,23.587586172003615,24.205196380615234,993500,0.0,0.0
2008-11-10,24.712813642270707,24.85664042543748,22.978433269105796,23.316848754882812,751700,0.0,0.0
2008-11-11,23.316848078106982,23.34222984393817,21.87012131326713,22.52157211303711,1217700,0.0,0.0
2008-11-12,21.84474090010191,22.462349383673747,20.87179574135175,21.049463272094727,1132400,0.0,0.0
2008-11-13,21.150980513899736,24.323627590984696,20.93101012291217,24.19672203063965,1623500,0.0,0.0
2008-11-14,23.87523528279055,24.09520575724749,21.903963215429414,22.03087043762207,1321600,0.0,0.0
2008-11-17,21.997028792688198,22.775385260669477,21.531707675242913,21.836280822753906,1040400,0.0,0.0
2008-11-18,21.887048986995694,22.750008303399802,21.396345997788355,22.46235466003418,1136600,0.0,0.0
2008-11-19,22.411581726695037,23.079953574014144,22.411581726695037,22.555408477783203,2964600,0.0,0.0
2008-11-20,22.242382034909568,23.06303987248644,21.63323248531706,21.810901641845703,2484200,0.0,0.0
2008-11-21,22.318521072514397,22.487729616266808,20.330329558731037,22.47926902770996,1646500,0.0,0.0
2008-11-24,22.843070775769537,24.31517958767602,22.191619851544704,23.832937240600586,1695700,0.0,0.0
2008-11-25,24.239031720064585,24.805878258213603,23.604502085436234,24.68743324279785,1385200,0.0,0.0
2008-11-26,24.27287693383309,26.777153412196125,23.892158462740905,26.35413360595703,1366100,0.0,0.0
2008-11-28,26.438739085518073,26.438739085518073,25.3642683417964,25.68576431274414,775200,0.0,0.0
2008-12-01,24.91587015194384,25.110458898324396,23.790637400070466,23.824478149414062,1331800,0.0,0.0
2008-12-02,24.213657819137172,25.46579623413905,23.79063795349929,25.355810165405273,1265500,0.0,0.0
2008-12-03,24.81433595437923,25.838044484699324,24.154424630362342,24.88201904296875,2229400,0.0,0.0
2008-12-04,24.763575420777062,25.541931789759722,24.239030244720226,24.78049659729004,1719100,0.0,0.0
2008-12-05,24.755117738214285,26.904057383141087,24.2136529357809,26.836374282836914,1516100,0.0,0.0
2008-12-08,27.318615342908984,28.206956143599744,26.87867442990172,27.293231964111328,1579200,0.0,0.0
2008-12-09,27.29323320398858,28.570754672895475,27.064803762431612,27.234010696411133,1746400,0.0,0.0
2008-12-10,27.259397917971015,28.003910468834242,26.878679438901717,27.699338912963867,726000,0.0,0.0
2008-12-11,27.57242779175478,29.137599596103787,26.895596828452092,27.234010696411133,2071800,0.0,0.0
2008-12-12,26.57410590656138,27.84316541160707,26.57410590656138,27.470909118652344,948600,0.0,0.0
2008-12-15,27.462441766854337,27.538585451979554,26.024175565617305,26.413352966308594,1221600,0.0,0.0
2008-12-16,26.67562798653206,27.89392540836492,26.261068794550496,27.783939361572266,1290900,0.0,0.0
2008-12-17,27.403215272747065,28.283097011218416,27.217085574543933,27.953142166137695,1161700,0.0,0.0
2008-12-18,28.113897603372404,28.587680976328542,27.978531386439965,28.545379638671875,1611800,0.0,0.0
2008-12-19,28.73995806975036,29.137594374021894,27.343991835875663,27.589344024658203,2547700,0.0,0.0
2008-12-22,27.547043247222913,27.563964422030725,25.541929215874266,26.404888153076172,1467000,0.0,0.0
2008-12-23,26.54899543609191,27.150839709302712,26.006487740037052,26.167545318603516,1156200,0.06,0.0
2008-12-24,26.074307099791437,26.74396498647901,25.777622530104175,26.59986114501953,234400,0.0,0.0
2008-12-26,26.718531911237125,26.854158845462646,26.37946457567332,26.70157814025879,628500,0.0,0.0
2008-12-29,26.786347042965197,27.023693384209256,26.19297795625367,26.752439498901367,679700,0.0,0.0
2008-12-30,26.854168685265893,28.108719094939893,26.854168685265893,27.9815673828125,830700,0.0,0.0
2008-12-31,28.066321074818408,28.600353449607088,27.72725218177149,28.524063110351562,920700,0.0,0.0
2009-01-02,28.70207818546311,29.07505145060348,28.03241877508728,28.939424514770508,795900,0.0,0.0
2009-01-05,28.727511190618173,28.93095323924884,28.28672277991979,28.549501419067383,969700,0.0,0.0
2009-01-06,28.829227131870393,29.07505196794205,28.210429024021977,28.591880798339844,1159300,0.0,0.0
2009-01-07,28.21890475545662,28.396914488123915,26.98978392939972,27.45600128173828,1919100,0.0,0.0
2009-01-08,27.447532148365955,27.63401719082165,26.489664958073543,27.549251556396484,1165200,0.0,0.0
2009-01-09,27.45600184502331,27.45600184502331,26.74395966614498,26.93892478942871,991500,0.0,0.0
2009-01-12,26.769394116732975,26.947405495091115,25.862388302776907,26.133642196655273,825600,0.0,0.0
2009-01-13,25.998017092048432,26.50661898751248,25.82000570107563,26.37946891784668,1141800,0.0,0.0
2009-01-14,25.82000445284374,26.07430619668233,25.430077375812324,25.540273666381836,1065600,0.0,0.0
2009-01-15,25.54027003110198,26.37946388784163,25.006239193613656,25.930198669433594,1612400,0.0,0.0
2009-01-16,26.303171046525428,26.998259404687875,25.90476556065154,26.8880615234375,930300,0.0,0.0
2009-01-20,26.481185091623924,26.811775555726573,25.438552384222753,25.565702438354492,753400,0.0,0.0
2009-01-21,25.616564086704997,26.74396412161741,25.252067668260278,26.684627532958984,1600800,0.0,0.0
2009-01-22,27.362756903981634,28.13413563846188,26.871110518401277,27.72725486755371,2429000,0.0,0.0
2009-01-23,27.201698278878997,28.473201776052647,26.642236869466615,27.83745002746582,1393600,0.0,0.0
2009-01-26,27.396673898071096,28.405399288632267,27.396673898071096,27.778125762939453,1567700,0.0,0.0
2009-01-27,28.286714140622262,28.727502416695575,27.634008610682976,27.998506546020508,1059900,0.0,0.0
2009-01-28,28.591874924268527,29.286963244177766,28.379957674696183,29.159814834594727,1432100,0.0,0.0
2009-01-29,28.85466226653993,29.151345212866225,28.18500277785875,28.28672218322754,1025600,0.0,0.0
2009-01-30,28.447780106990628,28.685126453168152,27.51534202746196,27.744213104248047,1273100,0.0,0.0
2009-02-02,27.277992564176056,28.12566168491838,27.277992564176056,28.006988525390625,910500,0.0,0.0
2009-02-03,28.03242132977744,28.92247337939487,27.4475307219949,28.761417388916016,1190100,0.0,0.0
2009-02-04,28.72750830425378,28.82075243244083,27.888317617772987,28.295198440551758,1947500,0.0,0.0
2009-02-05,28.142609911166588,28.45624651864537,27.701821667185374,27.930692672729492,2399000,0.0,0.0
2009-02-06,27.998518473685674,28.99876859673827,27.854416231796055,28.507122039794922,1773700,0.0,0.0
2009-02-09,28.566459177564116,29.032676696777344,28.19348257531184,29.032676696777344,1603900,0.0,0.0
2009-02-10,28.77836162647788,29.422588608542462,27.837448570441097,27.930692672729492,2653400,0.0,0.0
2009-02-11,28.03242049522233,28.42234755546881,27.634014932065345,27.769641876220703,1735800,0.0,0.0
2009-02-12,27.506862333426728,28.05784529608156,26.820249213514302,27.973079681396484,2015900,0.0,0.0
2009-02-13,28.14261458145377,28.600356668504634,27.701826264323415,27.820499420166016,974200,0.0,0.0
2009-02-17,27.09151029985113,27.803552647711133,26.97283711414143,27.244091033935547,2782900,0.0,0.0
2009-02-18,27.3118930590656,28.040888832211646,26.98130108783884,27.65943717956543,3238800,0.0,0.0
2009-02-19,30.829721875386504,32.15208673313248,30.73647776422739,31.363754272460938,9416800,0.0,0.0
2009-02-20,30.77886776389478,32.12666183137376,30.77038926164332,31.28746795654297,4039300,0.0,0.0
2009-02-23,31.609576123497558,32.05036436834553,30.82124373627337,30.914487838745117,3021500,0.0,0.0
2009-02-24,31.27051955789852,32.186003942266346,31.007744147779462,31.85541343688965,3089700,0.0,0.0
2009-02-25,31.762164801231894,32.37248440414085,31.363759256998698,31.787593841552734,3130700,0.0,0.0
2009-02-26,32.21143201686802,32.753939828196906,31.575680069166676,31.813026428222656,2744300,0.0,0.0
2009-02-27,31.651968616852994,32.84718208063662,31.448526582472162,32.42334747314453,2674000,0.0,0.0
2009-03-02,31.948652769438198,32.6861273428469,30.61781230974878,30.778871536254883,2624400,0.0,0.0
2009-03-03,32.474202192073584,33.482927188856785,31.889308483067534,32.4826774597168,4830600,0.0,0.0
2009-03-04,32.99129176841141,32.999770273298644,31.651975786820458,31.821510314941406,3222500,0.0,0.0
2009-03-05,31.295945440091668,32.431822302089444,30.728008625893477,31.524816513061523,2040700,0.0,0.0
2009-03-06,31.685882728748002,31.889321571692232,30.083788097753246,30.880596160888672,3822700,0.0,0.0
2009-03-09,30.70257004862476,31.93168742502759,30.321118378816813,30.52455711364746,1860000,0.0,0.0
2009-03-10,31.067077764371135,32.542020375366604,30.95687986193079,32.44877624511719,2105400,0.0,0.0
2009-03-11,32.26228615217879,33.6016016089399,32.00798284284865,33.398162841796875,2855100,0.0,0.0
2009-03-12,33.33035896596937,33.898299118462766,32.80480486834416,33.78810119628906,2327800,0.0,0.0
2009-03-13,33.703312179036274,33.90675412657978,32.957365916443564,33.67788314819336,1450800,0.0,0.0
2009-03-16,33.754176823155824,33.78808435671047,32.753927218496536,32.948890686035156,1548500,0.0,0.0
2009-03-17,32.80480334467797,33.83048244624993,32.63526883388547,33.516845703125,1495000,0.0,0.0
2009-03-18,33.516834164703184,35.2036937206898,33.34729971227419,34.78833770751953,2790700,0.0,0.0
2009-03-19,35.39018454549686,35.39018454549686,34.000007753780444,34.805294036865234,1545100,0.0,0.0
2009-03-20,35.09350802245819,35.09350802245819,33.51684271001014,33.915245056152344,1727600,0.0,0.0
2009-03-23,34.220398878603895,34.48317745000869,32.00798212550144,34.45774841308594,3274800,0.0,0.0
2009-03-24,34.11867179261923,34.38992557054335,33.13537603924427,33.18623733520508,2800600,0.0,0.0
2009-03-25,33.44943557582155,33.95881652832031,32.64291303556092,33.95881652832031,2606700,0.06,0.0
2009-03-26,34.10312298464487,35.987837401043066,33.865412423500416,35.81804275512695,2634300,0.0,0.0
2009-03-27,35.49544906656316,35.63977246166025,35.028512815214576,35.48695755004883,1441500,0.0,0.0
2009-03-30,34.90966261930862,35.35112762451172,34.32387419781333,35.35112762451172,1594300,0.0,0.0
2009-03-31,35.75014419797506,35.75014419797506,34.459708796445256,34.87570571899414,1865300,0.0,0.0
2009-04-01,34.400267727396425,35.860497288482215,34.29839222549113,35.733150482177734,1973000,0.0,0.0
2009-04-02,34.8502189587567,35.36809119336893,33.627703285825575,33.7635383605957,4266500,0.0,0.0
2009-04-03,32.72781821452009,34.39179992675781,32.35427229092572,34.39179992675781,3577500,0.0,0.0
2009-04-06,34.094634253488856,34.36630438789407,33.43243870569658,34.2134895324707,2064200,0.0,0.0
2009-04-07,33.88241446456694,33.992781542681634,33.27964615232588,33.525848388671875,1931600,0.0,0.0
2009-04-08,33.99276572945258,34.84173588310386,33.37301790591484,34.53610610961914,1872200,0.0,0.0
2009-04-09,35.07944816222196,36.08123325037637,35.07944816222196,35.902950286865234,2094600,0.0,0.0
2009-04-13,35.69920786740912,35.78410685814672,34.43424367178974,34.994564056396484,1845400,0.0,0.0
2009-04-14,34.714390798594316,34.901165278067396,33.71260570816209,34.48516845703125,1608900,0.0,0.0
2009-04-15,34.38329950551295,35.7925901705173,34.03522178820961,35.716182708740234,2367600,0.0,0.0
2009-04-16,36.09822215798495,37.210374559001444,35.63128908102378,36.96417236328125,1884700,0.0,0.0
2009-04-17,37.13396582048211,37.22734984182292,36.51421459357362,36.794376373291016,1305000,0.0,0.0
2009-04-20,35.410553323489275,36.56515354381773,35.25773839794198,35.50394058227539,1119400,0.0,0.0
2009-04-21,35.6567417096361,36.22555008239829,35.19829711039978,36.17461395263672,1032900,0.0,0.0
2009-04-22,35.86051606629676,37.50751770354235,35.86051606629676,37.0320930480957,2167600,0.0,0.0
2009-04-23,37.05755902405118,37.89803790120708,36.84531642537635,37.47355270385742,1834200,0.0,0.0
2009-04-24,37.51600411151691,37.685798854171814,36.081245175141845,36.191612243652344,1818800,0.0,0.0
2009-04-27,36.03879489173293,36.57364716186997,35.673737352908525,36.0557746887207,1713100,0.0,0.0
2009-04-28,35.953889766013695,37.35469201188522,35.741647197764344,36.91322708129883,1849000,0.0,0.0
2009-04-29,37.23583828392537,37.677303233387434,35.928423230352855,36.166133880615234,1593800,0.0,0.0
2009-04-30,37.329219082692376,38.11027007770725,36.76040738974532,37.1424446105957,2504700,0.0,0.0
2009-05-01,37.16792112333709,37.16792112333709,35.741650667169694,36.021812438964844,1513800,0.0,0.0
2009-05-04,36.36987330174659,37.36316660277954,36.19159038698119,37.167903900146484,1186600,0.0,0.0
2009-05-05,36.021801593358425,36.73493660672822,35.639764400738194,35.70768356323242,2809400,0.0,0.0
2009-05-06,35.928411293590536,36.743421742482916,35.05397320187665,35.885963439941406,2622000,0.0,0.0
2009-05-07,36.471749435082586,36.548156862556,35.2577221088736,35.52939224243164,1498300,0.0,0.0
2009-05-08,35.87749048023466,36.11520441301887,34.87570830949848,35.402069091796875,1258200,0.0,0.0
2009-05-11,34.93513845121496,35.58884290650103,34.128615803550474,35.03701400756836,1066700,0.0,0.0
2009-05-12,35.24925334390954,35.622799174661985,33.78902313890092,34.323875427246094,1424000,0.0,0.0
2009-05-13,33.8993772641159,34.31537081071202,33.53431985220926,33.75505065917969,1657600,0.0,0.0
2009-05-14,33.72110056334879,35.240754903483406,33.72110056334879,33.899383544921875,1478000,0.0,0.0
2009-05-15,33.91635885022673,34.79079708669193,33.62770886364149,34.519126892089844,1160000,0.0,0.0
2009-05-18,34.9096561431113,35.690710465441036,34.32386783028739,35.631282806396484,1757300,0.0,0.0
2009-05-19,36.53118567391579,37.465054811599565,36.53118567391579,36.82832717895508,3061600,0.0,0.0
2009-05-20,37.320748013407744,37.38017569825665,36.05578359183431,36.412349700927734,2950600,0.0,0.0
2009-05-21,36.10671243209118,36.641564725795455,35.23227389936353,36.31046676635742,4158700,0.0,0.0
2009-05-22,36.6585369554083,37.150938033834265,36.16613263841773,36.50572204589844,2091800,0.0,0.0
2009-05-26,36.16614348268611,38.37346881603889,36.02182004629902,38.31404113769531,3451300,0.0,0.0
2009-05-27,37.86405903882679,38.2036483193127,37.244311354718874,37.482025146484375,2489700,0.0,0.0
2009-05-28,37.79616653864403,37.99991764229817,35.869003141019405,36.86229705810547,2876000,0.0,0.0
2009-05-29,36.887761175009985,36.89624945326986,35.639773764097875,36.15764617919922,3022800,0.0,0.0
2009-06-01,36.66702051499523,37.44807475627037,36.191599291976104,37.22734069824219,2640900,0.0,0.0
2009-06-02,37.4395987164699,38.58571086405502,37.227356086016975,38.33102035522461,2473900,0.0,0.0
2009-06-03,37.991430851073716,38.37346823360209,37.64335306667354,38.33102035522461,1651100,0.0,0.0
2009-06-04,38.3310088591587,38.41590459045211,37.13396091196012,37.830116271972656,1526700,0.0,0.0
2009-06-05,37.982917524977445,38.18666850226264,36.93019334712596,37.167903900146484,2034500,0.0,0.0
2009-06-08,37.00661780766232,37.57542638952053,36.429317708679875,37.320735931396484,1432000,0.0,0.0
2009-06-09,37.40563743762614,37.8640789978042,37.03208838447314,37.65183639526367,1278000,0.0,0.0
2009-06-10,37.753720186401864,37.77918826574567,36.386877126481934,36.93021774291992,1600300,0.0,0.0
2009-06-11,36.853797922481185,37.074528759515275,35.172837238936445,35.249244689941406,2995200,0.0,0.0
2009-06-12,35.138886900072336,35.28321356265012,34.54460692902586,35.01154327392578,1932600,0.0,0.0
2009-06-15,34.59554209567452,35.27471773450238,34.3832995061305,35.22378158569336,1808400,0.0,0.0
2009-06-16,35.503941897999056,35.503941897999056,34.5106480836966,34.67195129394531,1614500,0.0,0.0
2009-06-17,34.73987010119303,36.27650781880736,34.57007859793139,35.79259490966797,1921500,0.0,0.0
2009-06-18,35.98785963653887,36.39536509538118,35.554886098570634,36.149166107177734,1310500,0.0,0.0
2009-06-19,36.318955045942765,36.59911685073819,35.91994113412617,36.31046676635742,2054400,0.0,0.0
2009-06-22,36.08124208168165,36.183117623114065,35.215291883093485,35.86899948120117,1576200,0.0,0.0
2009-06-23,35.8859728757848,36.01331647021586,35.43601967937897,35.53789520263672,1357200,0.0,0.0
2009-06-24,35.65692510534605,35.71643807524287,34.62819720488535,34.866249084472656,1477500,0.06,0.0
2009-06-25,34.76423093206328,35.98000157486346,34.73872629751392,35.750450134277344,1168500,0.0,0.0
2009-06-26,35.77594985878198,36.0650109663689,35.418868840399114,35.51239013671875,1181800,0.0,0.0
2009-06-29,35.767441898912566,35.86096318410712,35.112796145763525,35.33384704589844,1601500,0.0,0.0
2009-06-30,35.38485616028407,35.869463506040375,35.044782593781356,35.27433395385742,1393500,0.0,0.0
2009-07-01,35.461377844514956,35.954488957749135,35.27433849398927,35.78445053100586,1521800,0.0,0.0
2009-07-02,35.44436943225483,36.235045265178506,35.42736526729581,35.9119758605957,1672700,0.0,0.0
2009-07-06,35.563404656589164,36.78767555366966,35.512392153005784,36.01400375366211,1015700,0.0,0.0
2009-07-07,35.962983566642706,36.12452150520438,35.410362823682966,35.49538040161133,1061400,0.0,0.0
2009-07-08,35.63142549041677,37.646372774150386,35.427378676887784,37.535850524902344,3052400,0.0,0.0
2009-07-09,37.81640254315116,37.96943680728045,37.12774835456935,37.51033401489258,1254400,0.0,0.0
2009-07-10,37.42532166043135,37.739890694865814,37.08524474959522,37.56135177612305,1073100,0.0,0.0
2009-07-13,37.51031764800882,38.241480314661914,36.74514990444147,38.190467834472656,1427400,0.0,0.0
2009-07-14,38.113968601332424,38.25849915249955,37.408310282444006,37.73988342285156,1652200,0.0,0.0
2009-07-15,37.790881424231856,38.29249279485117,37.59533844832424,38.190467834472656,1793200,0.0,0.0
2009-07-16,38.19898826168389,38.76011281660859,37.943932235484176,38.607078552246094,1273700,0.0,0.0
2009-07-17,38.57305923693488,38.751601323342484,38.24148617294026,38.47953796386719,761500,0.0,0.0
2009-07-20,38.4965585585982,38.83663547069314,38.2159978628516,38.777122497558594,1510400,0.0,0.0
2009-07-21,39.28721735557311,39.414746952362314,38.573058748620795,39.21920394897461,1212100,0.0,0.0
2009-07-22,39.210714368178394,40.03539870648352,38.93865415737509,39.499778747558594,1010500,0.0,0.0
2009-07-23,39.635790018651086,40.1459051039187,39.125678176595464,39.6187858581543,1281600,0.0,0.0
2009-07-24,39.37224662378508,39.83984984041834,39.20220820595124,39.576290130615234,566100,0.0,0.0
2009-07-27,39.6443028353178,39.76332874294913,38.91313998191078,39.51677322387695,740900,0.0,0.0
2009-07-28,39.380744864230934,39.5847916027663,38.83662455242047,39.01516342163086,906700,0.0,0.0
2009-07-29,38.85364034942245,39.32124367967309,38.18199021954968,38.55607223510742,1145300,0.0,0.0
2009-07-30,38.768619230266,40.307462572271845,38.768619230266,39.958885192871094,1919200,0.0,0.0
2009-07-31,39.967379873641946,40.10340997169697,39.210712250510056,39.30423355102539,1071600,0.0,0.0
2009-08-03,39.55929295138105,40.02689949381496,38.836633601969154,40.00989532470703,1211600,0.0,0.0
2009-08-04,39.958889209810536,40.00990172529505,38.49656286472936,38.64959716796875,1101100,0.0,0.0
2009-08-05,38.68360286272187,38.81963298481827,37.59536188595068,38.36903381347656,2025600,0.0,0.0
2009-08-06,38.37753973611247,38.9641723562085,37.74840154813176,38.53907775878906,1356400,0.0,0.0
2009-08-07,38.99815233810563,40.02688306603633,38.692083906206406,39.92485809326172,1022400,0.0,0.0
2009-08-10,39.91637379923721,39.91637379923721,39.00667183779684,39.159706115722656,911200,0.0,0.0
2009-08-11,38.930170612946306,39.108709595772815,38.24151608076771,38.454063415527344,1623800,0.0,0.0
2009-08-12,38.48804090891059,39.25320875462782,38.139463689112084,38.79410934448242,1597400,0.0,0.0
2009-08-13,36.66012531103682,37.03421030729566,35.31682923715816,36.787654876708984,5816600,0.0,0.0
2009-08-14,37.24678599759838,37.28079109708351,36.490114967004644,36.68566131591797,2274200,0.0,0.0
2009-08-17,36.022497218208265,36.983211434845195,35.86946298040016,36.61763000488281,1646700,0.0,0.0
2009-08-18,36.702651846755494,37.212767113093356,36.456099540066,36.64313888549805,1674400,0.0,0.0
2009-08-19,36.388089608557884,37.2552828029385,36.37108543887822,37.170265197753906,1927300,0.0,0.0
2009-08-20,37.15327869881841,37.23829634443887,36.56664591710523,36.63466262817383,2125400,0.0,0.0
2009-08-21,36.779164537759364,37.35729315727291,36.58362151104342,36.711151123046875,1674500,0.0,0.0
2009-08-24,36.88120036784269,36.88970083097613,36.06501644884275,36.2010498046875,2031700,0.0,0.0
2009-08-25,36.38808099847652,37.102239739970926,36.38808099847652,36.566619873046875,1995300,0.0,0.0
2009-08-26,36.47310261035541,36.97471415674387,36.21804336324602,36.320068359375,1720000,0.0,0.0
2009-08-27,36.46462409371761,36.68567516147528,35.78447319910803,36.63466262817383,1681900,0.0,0.0
2009-08-28,36.58363909466315,36.8131905606737,36.19255285325893,36.66015625,1307600,0.0,0.0
2009-08-31,36.345575460620196,36.345575460620196,35.741942120230206,35.962989807128906,1962300,0.0,0.0
2009-09-01,35.741939357154905,36.34557265088027,34.99377227518919,35.31684494018555,1706300,0.0,0.0
2009-09-02,35.325334249605376,35.597394331121684,35.274325011328564,35.2828254699707,1223000,0.0,0.0
2009-09-03,35.512386795847874,35.62291224866537,34.942758609677284,35.384857177734375,1580300,0.0,0.0
2009-09-04,35.3253472503527,35.36785604563184,34.90025281113495,35.02778244018555,1606700,0.0,0.0
2009-09-08,35.163799589708816,35.54638509284487,34.849230728557835,35.2828254699707,1855500,0.0,0.0
2009-09-09,35.376356581386226,35.60590794718479,35.01927559796194,35.32534408569336,1791700,0.0,0.0
2009-09-10,35.265851677589175,35.50390364310415,34.31364057231449,34.526187896728516,3503400,0.0,0.0
2009-09-11,34.560176244264284,34.560176244264284,32.3751912733711,33.28489303588867,7883700,0.0,0.0
2009-09-14,33.08936308602173,33.89704349855534,32.57925084821866,33.72700500488281,3092100,0.0,0.0
2009-09-15,33.6929958208594,33.897039393987335,32.81729881960849,33.18288040161133,3105300,0.0,0.0
2009-09-16,33.344406814605996,33.44642856569079,32.715265655954965,32.97032165527344,1918700,0.0,0.0
2009-09-17,32.85130702847087,33.49745257489884,32.791794049617515,32.91082000732422,1876300,0.0,0.0
2009-09-18,32.953310149855085,33.4039123329417,32.953310149855085,33.395408630371094,2637000,0.0,0.0
2009-09-21,33.23389238293544,34.30512923269384,32.96183212765666,34.1010856628418,2804700,0.0,0.0
2009-09-22,34.16909564325393,34.67921100263046,34.10958267114207,34.27962112426758,2441800,0.0,0.0
2009-09-23,33.794276053228735,33.94753834129247,32.80658755684346,32.8917350769043,4892900,0.06,0.0
2009-09-24,33.0109495056376,33.74320218523353,32.72996746661023,33.189754486083984,3797200,0.0,0.0
2009-09-25,33.15570506491372,33.65806438020246,32.891755707285135,33.351539611816406,1685400,0.0,0.0
2009-09-28,33.555878385478124,33.939034207173975,33.3600439095106,33.538848876953125,1562000,0.0,0.0
2009-09-29,33.56439528899869,33.95606753301183,33.24084433479032,33.368560791015625,1166400,0.0,0.0
2009-09-30,33.30043307509949,33.77724619018889,32.883218351350514,33.4451789855957,2196300,0.0,0.0
2009-10-01,33.41964187592622,33.41964187592622,32.17651712325726,32.30423355102539,2916800,0.0,0.0
2009-10-02,32.07434642642005,32.525620321641085,31.84445616136499,31.91257095336914,2629300,0.0,0.0
2009-10-05,31.801899164643597,32.747016404944205,31.801899164643597,32.05733871459961,1678600,0.0,0.0
2009-10-06,32.304238677134904,32.93431753079736,32.13395007975562,32.8661994934082,3566800,0.0,0.0
2009-10-07,32.39790186001457,32.98540860976706,31.767826205671987,32.857688903808594,3804300,0.0,0.0
2009-10-08,33.01945149095334,33.38557770716732,32.576694130693504,32.678871154785156,2232000,0.0,0.0
2009-10-09,32.59372593262638,33.00242431366964,32.11691277876556,32.7555046081543,2695700,0.0,0.0
2009-10-12,32.7555064942625,33.09608687405331,32.53412616175458,32.576698303222656,1135100,0.0,0.0
2009-10-13,32.30424501690576,32.67888779997687,32.30424501690576,32.47453689575195,850400,0.0,0.0
2009-10-14,32.82363876127272,33.46223096771011,32.82363876127272,33.3770866394043,1476800,0.0,0.0
2009-10-15,33.206782274185564,33.61548074317916,33.0960920904852,33.521820068359375,1151500,0.0,0.0
2009-10-16,33.39410091228243,33.85388462253741,33.22380908535082,33.76022720336914,1638700,0.0,0.0
2009-10-19,33.73468648428392,33.990122639776025,33.062038699365665,33.55588150024414,1938900,0.0,0.0
2009-10-20,33.411130672866804,33.487761833164186,32.63630594010286,32.69590759277344,1422700,0.0,0.0
2009-10-21,32.704445581109724,32.959881893575165,31.870018561429852,31.89556121826172,1362600,0.0,0.0
2009-10-22,31.94662792967513,32.202064067431806,31.725247561718426,32.133949279785156,1332600,0.0,0.0
2009-10-23,32.133947074382974,32.21057823525533,31.061110822169955,31.248432159423828,3128300,0.0,0.0
2009-10-26,31.188837754510043,31.708226493566553,31.04408852898003,31.17180824279785,2349500,0.0,0.0
2009-10-27,31.027047485921866,31.963650793716017,30.74606876721585,31.42723274230957,2389500,0.0,0.0
2009-10-28,31.50386304725196,32.17651387562972,30.76309744721539,31.069622039794922,3250700,0.0,0.0
2009-10-29,31.589019940605844,32.32978908455424,31.222893558575418,31.716739654541016,2939600,0.0,0.0
2009-10-30,31.691198282063528,32.108409967964015,31.56347856300569,31.72525405883789,2666600,0.0,0.0
2009-11-02,32.02324996882206,32.05730897696154,31.001502460958132,31.393171310424805,1960800,0.0,0.0
2009-11-03,31.188835959928134,32.88323167720647,31.188835959928134,32.81511688232422,3108600,0.0,0.0
2009-11-04,33.07053997587411,33.198259631861035,31.852958048169693,31.86147117614746,3611000,0.0,0.0
2009-11-05,32.19355546279323,32.33830143692007,31.759311044318363,32.11692428588867,1486400,0.0,0.0
2009-11-06,32.03176826165666,32.48304207215399,31.827420675962212,32.389381408691406,1862400,0.0,0.0
2009-11-09,32.54265099249293,32.88323146075647,32.35532962371741,32.51710510253906,2695500,0.0,0.0
2009-11-10,32.466017499864954,33.56439324801949,32.150976447962776,33.206783294677734,3349300,0.0,0.0
2009-11-11,33.572909828407916,34.347734646682675,33.34301632214439,34.29664611816406,3886100,0.0,0.0
2009-11-12,32.48303787032499,33.223803456727005,31.989191980693064,32.94282150268555,6422300,0.0,0.0
2009-11-13,32.62780034413211,33.53034505832,32.28721657514299,33.419654846191406,4468400,0.0,0.0
2009-11-16,33.53885400181743,33.930523013600975,33.181244012288225,33.71765899658203,1976000,0.0,0.0
2009-11-17,33.71766072971,34.22853634564336,33.58142788173723,33.93904113769531,2160100,0.0,0.0
2009-11-18,33.93052408407158,34.95227204760696,33.93052408407158,34.875640869140625,3238300,0.0,0.0
2009-11-19,34.7734766912594,34.86713740736598,34.066766377399276,34.16042709350586,2239900,0.0,0.0
2009-11-20,33.947547590907334,34.1518984466866,33.63250980095901,33.83686065673828,2005500,0.0,0.0
2009-11-23,33.99011948470233,34.41584745368736,33.22381108935726,33.538848876953125,2084700,0.0,0.0
2009-11-24,33.47073728020913,33.641025885592036,33.22381425513819,33.343017578125,1415500,0.0,0.0
2009-11-25,33.50481369038496,33.666592512415185,32.815135968842014,33.606990814208984,1456700,0.0,0.0
2009-11-27,32.92580124323633,34.00715072943121,32.72996675727067,33.58993911743164,767200,0.0,0.0
2009-11-30,33.65804988615517,33.930515507823465,33.22380881663583,33.462215423583984,1613100,0.0,0.0
2009-12-01,33.564397476399,34.679806122521335,33.530341701347695,34.381797790527344,2087300,0.0,0.0
2009-12-02,34.33070985435478,34.73089526262061,34.1859638757336,34.577632904052734,1105100,0.0,0.0
2009-12-03,34.60315458959651,34.67127259572377,34.202969423712084,34.356231689453125,1278000,0.0,0.0
2009-12-04,34.65424614123711,35.14808873690068,34.57761500162864,34.8415641784668,1466200,0.0,0.0
2009-12-07,33.91348535965763,34.82454278664892,33.42815257566467,34.69682312011719,2056900,0.0,0.0
2009-12-08,34.339226771759925,34.83306963083791,33.92201184511794,34.432884216308594,1639500,0.0,0.0
2009-12-09,34.48395795381517,34.48395795381517,33.947539920636295,34.04971694946289,1652300,0.0,0.0
2009-12-10,34.22853391478529,34.313678220703714,33.83686491068522,33.90497970581055,2561000,0.0,0.0
2009-12-11,34.109318920547096,34.44138614731475,33.59844351563489,34.373268127441406,1288700,0.0,0.0
2009-12-14,34.543583300288184,35.08851483577634,34.38180776570519,34.9522819519043,1522400,0.0,0.0
2009-12-15,34.89267146309734,35.02039118051855,34.50951555888103,34.560604095458984,957400,0.0,0.0
2009-12-16,34.637220896980544,34.91819961139523,34.543560242826985,34.67127990722656,954900,0.0,0.0
2009-12-17,34.61167561554745,34.99482808334328,34.59464611172719,34.72236251831055,1306900,0.0,0.0
2009-12-18,34.96077069967099,35.06294446980042,34.59464450465781,34.8415641784668,1976000,0.0,0.0
2009-12-21,34.73088681219847,35.54828369364698,34.73088681219847,35.40353775024414,1967900,0.0,0.0
2009-12-22,35.39502113134304,35.59966735693644,35.22448640488018,35.36091613769531,1199800,0.06,0.0
2009-12-23,35.55702667855008,35.61671447161523,35.11362932096553,35.275638580322266,1056700,0.0,0.0
2009-12-24,35.34386750157672,35.463243129730145,35.05395386774328,35.2841796875,362900,0.0,0.0
2009-12-28,35.420598836698524,35.522920308375085,34.977201455778825,35.14773941040039,1229400,0.0,0.0
2009-12-29,35.33530461173409,35.3694128304056,34.74695247697494,34.75547790527344,1150100,0.0,0.0
2009-12-30,34.57644244874223,34.9857316438056,34.57644244874223,34.96867752075195,1249400,0.0,0.0
2009-12-31,35.05394763429687,35.05394763429687,34.516754150390625,34.516754150390625,894500,0.0,0.0
2010-01-04,34.70434750646979,34.994261099257905,34.41443391368167,34.431488037109375,1701700,0.0,0.0
2010-01-05,34.363255384637704,34.37178406871181,33.868699048757065,34.22682571411133,1932400,0.0,0.0
2010-01-06,34.150095833307255,34.77255662732825,34.150095833307255,34.5252799987793,1406200,0.0,0.0
2010-01-07,33.72375532982376,34.56791651881928,33.72375532982376,34.516754150390625,1256800,0.0,0.0
2010-01-08,34.32063195098114,34.80666300037825,34.20125636028584,34.65317916870117,960300,0.0,0.0
2010-01-11,34.721384645926676,34.78959785352956,34.184191405317144,34.312095642089844,1038400,0.0,0.0
2010-01-12,33.62144059590499,33.86872054717806,33.10130113037958,33.71523666381836,1910800,0.0,0.0
2010-01-13,33.68112266283186,34.235370286228196,33.60438073424993,34.184207916259766,810000,0.0,0.0
2010-01-14,34.05628772077179,34.05628772077179,33.467935378104855,33.732269287109375,1157600,0.0,0.0
2010-01-15,33.544679737763495,33.81753909814543,33.399721372894255,33.519100189208984,738900,0.0,0.0
2010-01-19,33.51058384992147,33.69817594907105,33.2974121927938,33.681121826171875,1295000,0.0,0.0
2010-01-20,33.04161480636368,33.57880842237043,32.72612158865782,33.39121627807617,1865000,0.0,0.0
2010-01-21,33.544677968079576,33.80901188257819,33.21213084345421,33.45088195800781,1297400,0.0,0.0
2010-01-22,33.36561448905386,34.653169319111065,33.36561448905386,33.8857536315918,2629300,0.0,0.0
2010-01-25,34.1159804624514,34.61906555425203,34.10745502989969,34.53379821777344,1396900,0.0,0.0
2010-01-26,34.51674348938674,34.96014078726134,34.32915144916356,34.57643127441406,1084100,0.0,0.0
2010-01-27,34.61052703857422,34.73843124768342,34.06480848482137,34.61052703857422,1203200,0.0,0.0
2010-01-28,34.53379949310664,34.53379949310664,33.826068213784325,33.911338806152344,1206000,0.0,0.0
2010-01-29,34.09892100356093,34.44852219939948,33.612886899356546,33.63846969604492,948500,0.0,0.0
2010-02-01,33.72375255635525,34.54233086744524,33.68111887920826,34.5252799987793,1106600,0.0,0.0
2010-02-02,34.499686014071386,35.258576280763705,34.499686014071386,35.12214660644531,1296200,0.0,0.0
2010-02-03,35.12214660644531,35.28415908095716,34.90044960545543,35.12214660644531,1147600,0.0,0.0
2010-02-04,35.01130562036073,35.58260396116608,34.69580930258947,34.900455474853516,1611600,0.0,0.0
2010-02-05,34.96867402762556,35.07099875572591,34.12451616361451,34.721397399902344,1313200,0.0,0.0
2010-02-08,34.96867619809558,35.591140281414745,34.6361289429812,34.79814147949219,1721900,0.0,0.0
2010-02-09,35.088051658587744,35.57408271559253,34.76402986967091,35.4461784362793,1030000,0.0,0.0
2010-02-10,35.292684398197615,36.53760557891254,35.275630282370564,36.09421157836914,1858600,0.0,0.0
2010-02-11,36.16243897033183,36.750791559762426,35.92368776060484,36.28181457519531,1548600,0.0,0.0
2010-02-12,36.128321611584205,36.50350570678711,35.81282855649668,36.50350570678711,1509800,0.0,0.0
2010-02-16,36.58024323683247,36.64845644878431,36.12831729009883,36.35001754760742,1721200,0.0,0.0
2010-02-17,36.39265634187227,36.73373220793242,35.94925901709027,36.563194274902344,2253400,0.0,0.0
2010-02-18,34.00513348075583,34.405893864376196,33.32298503260805,34.23535919189453,7767100,0.0,0.0
2010-02-19,33.92838145883434,34.397358173780226,33.68962713362925,34.107444763183594,2525300,0.0,0.0
2010-02-22,34.0818699675429,34.499684402552646,34.005128076027255,34.312095642089844,1706100,0.0,0.0
2010-02-23,34.26094714544604,34.54233202624872,34.15009697895229,34.2950553894043,1653500,0.0,0.0
2010-02-24,34.39737715891863,34.55938643997626,34.235367877860995,34.499698638916016,1441500,0.0,0.0
2010-02-25,34.17566391986193,34.87486633264696,34.15008112240125,34.72990798950195,1328800,0.0,0.0
2010-02-26,34.729920207868005,34.88340403567076,34.4485353587235,34.789608001708984,1153800,0.0,0.0
2010-03-01,34.84929835057594,35.343858110364344,34.661709521639864,35.2159538269043,1553400,0.0,0.0
2010-03-02,35.31826279941901,35.565542591776556,35.07951169106822,35.25004959106445,1221000,0.0,0.0
2010-03-03,35.25858898029835,35.60819034995586,35.15626750089013,35.377967834472656,1036600,0.0,0.0
2010-03-04,35.49733930473783,35.81283239362856,35.4717564983072,35.625240325927734,1159700,0.0,0.0
2010-03-05,35.787252586284936,36.06011199951172,35.62524007342225,36.06011199951172,1914300,0.0,0.0
2010-03-08,36.09422257201658,36.1027480061568,35.557029144434985,35.898101806640625,3080000,0.0,0.0
2010-03-09,35.84693975705095,36.11979916553877,35.633768140873535,35.76166915893555,2018700,0.0,0.0
2010-03-10,35.736083506016634,36.05157653333974,35.71050395731859,35.923675537109375,1692400,0.0,0.0
2010-03-11,35.932202294354404,36.1709534316489,35.74461025634286,36.13684844970703,1361500,0.0,0.0
2010-03-12,36.1880094399854,36.28180546389246,35.84693683356208,35.966312408447266,1155000,0.0,0.0
2010-03-15,36.025986105546,36.06009432867019,35.60816850412259,35.88103103637695,1806300,0.0,0.0
2010-03-16,35.701978621352374,36.36707622454748,35.684924503040655,36.068634033203125,843400,0.0,0.0
2010-03-17,36.213587972471146,36.315909417055735,35.90662038597731,36.111263275146484,1653100,0.0,0.0
2010-03-18,36.136852426593435,36.281807560834565,35.863993024588424,36.239173889160156,2674100,0.0,0.0
2010-03-19,36.88719940185547,36.895728084423496,36.2135798522518,36.88719940185547,1915600,0.0,0.0
2010-03-22,36.81045251791145,37.39027924961247,36.682551571433784,37.21121597290039,1125700,0.0,0.0
2010-03-23,37.32209106662201,37.61200462670514,37.228295024721426,37.484100341796875,1447500,0.0,0.0
2010-03-24,37.32186208118148,37.48409601075781,37.02301524857169,37.04862976074219,1290900,0.06,0.0
2010-03-25,37.236472978760865,37.356011695035264,36.73270034790039,36.73270034790039,1332900,0.0,0.0
2010-03-26,36.63878977462976,36.89494472728174,35.887399090621905,36.27163314819336,1590400,0.0,0.0
2010-03-29,36.416768620347895,36.416768620347895,35.8617638296343,36.02399444580078,1278900,0.0,0.0
2010-03-30,36.00694945278314,36.27164483488071,35.88741065350939,36.05818176269531,715600,0.0,0.0
2010-03-31,36.049645849561514,36.288723455912034,35.767873021630024,35.793487548828125,1191200,0.0,0.0
2010-04-01,35.964225505937065,36.25453515621741,35.83614973083947,36.169151306152344,627600,0.0,0.0
2010-04-05,36.25454885690265,36.69001512547952,36.220394001095386,36.43385696411133,954500,0.0,0.0
2010-04-06,36.314321344782876,36.55340209878059,36.22039711183948,36.33993911743164,729200,0.0,0.0
2010-04-07,36.2716311017571,36.51070860978534,35.81055025868542,35.947166442871094,1947000,0.0,0.0
2010-04-08,35.85323724718303,36.280163132084446,35.656848473804686,36.07523727416992,1365400,0.0,0.0
2010-04-09,36.15208258823092,36.18623743935368,35.72515672075403,35.972774505615234,1338400,0.0,0.0
2010-04-12,36.12648057128813,36.305788715909905,35.93863208233941,36.21186447143555,799000,0.0,0.0
2010-04-13,36.13501448594763,36.39116942108771,35.93862892710067,36.08378219604492,978600,0.0,0.0
2010-04-14,36.91202237853372,38.70511357216424,36.87786751605993,38.662418365478516,3119800,0.0,0.0
2010-04-15,38.94416912353553,39.56748035468037,38.7050917354759,38.74778366088867,3249700,0.0,0.0
2010-04-16,38.525803112493165,38.653882221300506,38.226956201525404,38.457496643066406,1932000,0.0,0.0
2010-04-19,37.885383718028386,38.141538473150256,37.30476453592045,37.95369338989258,1574800,0.0,0.0
2010-04-20,38.11594333844877,38.30379177432161,37.80001908854216,37.962249755859375,1169500,0.0,0.0
2010-04-21,38.01347878391539,38.5599433609587,37.39870450614877,38.39771270751953,1020400,0.0,0.0
2010-04-22,38.073245164577344,38.935633897027564,37.919551607160784,38.841712951660156,1215100,0.0,0.0
2010-04-23,38.87587337631273,39.422338034778825,38.58556361935433,39.37110900878906,1066400,0.0,0.0
2010-04-26,39.208888143867576,39.669969074589744,38.92711863544005,39.55043029785156,1024100,0.0,0.0
2010-04-27,39.516253363595695,39.70410176910374,38.517248495435055,38.62825012207031,990700,0.0,0.0
2010-04-28,38.84172196724307,39.243030120591555,38.542871866373176,38.87587356567383,1195400,0.0,0.0
2010-04-29,39.31987017516732,40.02856865036635,39.06371531633343,39.17471694946289,1879400,0.0,0.0
2010-04-30,39.29426196779228,39.490647499630796,38.38917784710558,38.50871658325195,1376200,0.0,0.0
2010-05-03,38.53434743838963,39.669969074589744,38.50019257155376,39.55043029785156,861000,0.0,0.0
2010-05-04,39.20886236670345,39.20886236670345,38.68801564722091,38.995399475097656,1036800,0.0,0.0
2010-05-05,38.594089409265194,39.69555865332586,38.44039587487603,38.525779724121094,1366700,0.0,0.0
2010-05-06,38.31235200271376,38.50873764194674,36.024027565373245,37.740272521972656,1738900,0.0,0.0
2010-05-07,37.71463833600141,38.039102982715754,36.621708903515135,37.364559173583984,1562800,0.0,0.0
2010-05-10,38.517250061035156,38.559941993880756,37.93663065421508,38.517250061035156,818800,0.0,0.0
2010-05-11,38.30379295020637,38.96979632374862,38.20133164439669,38.77341079711914,958800,0.0,0.0
2010-05-12,38.81610839298751,39.2771892221022,38.551416376307586,39.24303436279297,1253200,0.0,0.0
2010-05-13,39.123494185900284,39.42234105099307,38.50018268357351,38.63679885864258,1245800,0.0,0.0
2010-05-14,38.41479463919482,38.508715602928675,37.86832674085878,38.337947845458984,1442600,0.0,0.0
2010-05-17,38.423331839139344,39.15764492432602,38.30379310567848,39.063720703125,1959500,0.0,0.0
2010-05-18,39.41379981848304,39.943187034032384,38.97833682413473,39.063720703125,2224700,0.0,0.0
2010-05-19,39.07226551916947,39.687039992537414,38.53434111215936,39.35403823852539,2131800,0.0,0.0
2010-05-20,41.181271017558274,42.87189715351894,41.121501653447496,41.8302001953125,4362400,0.0,0.0
2010-05-21,41.556963443586376,43.529362174551224,41.23250212114832,42.240047454833984,3299400,0.0,0.0
2010-05-24,41.907060431812724,42.91460286031608,41.241053613883054,42.30836868286133,2241500,0.0,0.0
2010-05-25,41.78750544463836,43.734289741406265,41.69358448374181,43.57205581665039,2714600,0.0,0.0
2010-05-26,43.78551182284294,43.78551182284294,42.84627630528705,42.86335372924805,2033100,0.0,0.0
2010-05-27,43.44397879167366,43.86236433323586,43.10243678219815,43.82821273803711,1106900,0.0,0.0
2010-05-28,43.13658781829478,44.408825013805114,40.805573092829064,44.19536209106445,1720500,0.0,0.0
2010-06-01,44.1783015564639,44.1783015564639,42.86336876488434,43.008522033691406,2359500,0.0,0.0
2010-06-02,43.04267157232454,43.85383148020856,43.04267157232454,43.84529113769531,1549900,0.0,0.0
2010-06-03,43.57206932919414,44.340537481654415,43.32445470867881,43.96484375,998700,0.0,0.0
2010-06-04,43.315919096818185,43.60622895755732,42.701144507679444,42.8292236328125,1759100,0.0,0.0
2010-06-07,43.0512101712504,43.068287599691,41.428893555631085,41.49720001220703,2760200,0.0,0.0
2010-06-08,41.437427710553536,42.37666666523901,40.77996141942956,42.231510162353516,2290800,0.0,0.0
2010-06-09,42.462037992562834,43.17927343839573,42.25711544071643,42.42788314819336,2053300,0.0,0.0
2010-06-10,42.64989199369948,42.94873877830853,42.18027422194854,42.88896942138672,1750900,0.0,0.0
2010-06-11,42.58159090887181,43.256134653068926,42.359590860713766,43.128055572509766,898100,0.0,0.0
2010-06-14,43.41837096277391,43.845296943753745,43.34152415591008,43.37567901611328,844200,0.0,0.0
2010-06-15,43.59767809069798,44.63083808200329,43.42690706355326,44.51983642578125,1056400,0.0,0.0
2010-06-16,44.51982536485191,44.68205926606636,44.04167051626772,44.383209228515625,885800,0.0,0.0
2010-06-17,44.502755306407636,44.69060374640583,44.01606003658154,44.30636978149414,688100,0.0,0.0
2010-06-18,44.39176640315004,44.682076210102174,43.94776297738872,44.05022430419922,1463800,0.0,0.0
2010-06-21,44.391758847246024,44.51129758437611,43.54644408767622,43.836753845214844,1025400,0.0,0.0
2010-06-22,43.84528269042241,44.3575956553663,42.73527615215583,42.965816497802734,1137100,0.0,0.0
2010-06-23,42.811966309924095,43.77796875750463,42.78631794737769,43.48731231689453,802200,0.06,0.0
2010-06-24,43.3248693394089,43.69246418797768,42.837593053831604,43.54713439941406,1117900,0.0,0.0
2010-06-25,43.589889445407366,43.675375271807894,42.95728324238766,43.5129508972168,1431100,0.0,0.0
2010-06-28,43.76086033837143,43.76086033837143,42.91453958404541,43.145355224609375,611000,0.0,0.0
2010-06-29,42.82904832912234,43.23938939895029,42.05966616061371,42.98292541503906,1098100,0.0,0.0
2010-06-30,42.99146675910098,43.564228808901966,42.74355336691503,42.897430419921875,1170300,0.0,0.0
2010-07-01,43.06840874038733,44.38490781127635,42.82904260480103,44.19683837890625,1712300,0.0,0.0
2010-07-02,44.21393654516985,44.44475214503397,43.32486977408018,43.60697555541992,922300,0.0,0.0
2010-07-06,44.28231392781501,44.77814063707673,42.53837643196693,43.170982360839844,1460300,0.0,0.0
2010-07-07,43.31632562327378,43.58133689057959,42.846147077665144,43.504398345947266,1423600,0.0,0.0
2010-07-08,43.66681787540606,44.350714111367985,42.88888203447341,43.444549560546875,1154300,0.0,0.0
2010-07-09,43.538601552704584,44.03442527907866,43.40182225635219,43.82925796508789,1050400,0.0,0.0
2010-07-12,43.83778783156527,44.21393319293227,43.538584258727305,43.99166488647461,703000,0.0,0.0
2010-07-13,44.154115895469545,45.111571097411094,44.137018073514646,45.00898742675781,1569300,0.0,0.0
2010-07-14,45.04315938909148,45.299623341069854,44.675564536402064,44.96622085571289,926300,0.0,0.0
2010-07-15,44.99188681497697,45.487710576619904,44.52170815413815,45.35948181152344,1016500,0.0,0.0
2010-07-16,45.273978112273134,45.29962646588499,43.795051322933105,43.88908767700195,1202000,0.0,0.0
2010-07-19,43.854890683973096,44.61572550896931,43.854890683973096,44.419105529785156,708400,0.0,0.0
2010-07-20,44.05150499317865,45.45349301982952,43.93182356569494,45.30816650390625,843500,0.0,0.0
2010-07-21,45.5219016321724,45.57319508968881,44.09426797259237,44.18830108642578,1162100,0.0,0.0
2010-07-22,44.68410880100527,45.69285686987701,44.68410880100527,45.39365005493164,2021700,0.0,0.0
2010-07-23,45.43640297861512,46.36821266361807,45.3081710015394,46.30836868286133,838000,0.0,0.0
2010-07-26,46.684519311434244,46.90678440073835,46.094656064030055,46.889686584472656,927700,0.0,0.0
2010-07-27,47.02645914721894,47.68471030473968,46.53918286689799,46.624671936035156,776200,0.0,0.0
2010-07-28,46.47080934854358,46.69307447538779,45.581742319015646,45.85530090332031,600300,0.0,0.0
2010-07-29,46.15449824847456,46.58193385519434,44.855093612717454,45.46205139160156,1108500,0.0,0.0
2010-07-30,45.00896906428683,45.923680968700886,44.75250510067001,45.761253356933594,639800,0.0,0.0
2010-08-02,46.27417258618577,46.291270399156325,45.273971724391444,45.67576217651367,1102100,0.0,0.0
2010-08-03,45.487694811754686,45.547535533608965,44.5815334459187,44.97477340698242,924500,0.0,0.0
2010-08-04,45.094452914797564,45.761251364590976,44.957673661991876,45.61592483520508,651600,0.0,0.0
2010-08-05,45.53043844922883,46.2143380146655,44.96622359049595,46.051910400390625,795700,0.0,0.0
2010-08-06,45.78689869046344,46.069004466333446,44.80379559096364,45.094451904296875,962300,0.0,0.0
2010-08-09,45.10299432304921,45.6672090750973,45.10299432304921,45.53042984008789,867000,0.0,0.0
2010-08-10,45.14575814332412,45.72707093477538,44.89784466380732,45.35092544555664,774400,0.0,0.0
2010-08-11,44.84654033336333,44.86363814791609,44.188289147918155,44.37636184692383,1194100,0.0,0.0
2010-08-12,45.094461041303425,47.6847200348238,45.06881594586665,46.69306945800781,3096700,0.0,0.0
2010-08-13,46.684521850718106,46.82984840526873,46.11175638842552,46.38531494140625,1118200,0.0,0.0
2010-08-16,46.1203062438939,46.7871047992657,46.00917206430689,46.41950988769531,1235900,0.0,0.0
2010-08-17,46.47935043997559,46.96662680721637,46.26563262062173,46.590484619140625,1200500,0.0,0.0
2010-08-18,46.65031304472178,47.32566195843018,46.36820729333268,47.18033218383789,896800,0.0,0.0
2010-08-19,47.086314414663214,47.462456625819755,46.804205310489316,47.257286071777344,1166700,0.0,0.0
2010-08-20,47.25728318682901,47.804400282774765,46.8127497311043,47.77875518798828,784900,0.0,0.0
2010-08-23,47.78729852975493,48.05230649883623,46.79564812743625,46.804195404052734,1312600,0.0,0.0
2010-08-24,46.265633482111575,46.95808040369884,45.86384619177593,46.38531494140625,946500,0.0,0.0
2010-08-25,46.06045442956187,47.14614108603381,46.06045442956187,46.89822769165039,1099600,0.0,0.0
2010-08-26,46.90678241879291,47.19743876087876,46.45370172065828,46.74435806274414,900900,0.0,0.0
2010-08-27,47.035007740695065,47.82148757780423,46.36820933435691,47.513736724853516,954600,0.0,0.0
2010-08-30,47.29147031970519,47.45389465928149,46.291272669921696,46.29981994628906,1133700,0.0,0.0
2010-08-31,45.974975155042664,46.80420131782485,45.92368496671389,46.56483840942383,1268500,0.0,0.0
2010-09-01,47.08630286768286,47.855684919246755,47.08630286768286,47.42824935913086,666800,0.0,0.0
2010-09-02,47.385507322853485,48.29167190087579,47.385507322853485,48.120697021484375,623900,0.0,0.0
2010-09-03,48.48829250314257,49.26622511649779,47.744552257251854,48.334415435791016,916100,0.0,0.0
2010-09-07,48.19762971539425,48.62506523155507,47.90697343396193,48.11214065551758,562600,0.0,0.0
2010-09-08,48.11214677192487,48.55668015657372,47.91552680082387,48.35151290893555,627400,0.0,0.0
2010-09-09,48.855905528574425,48.949938650419554,47.7103776350456,47.90699768066406,729500,0.0,0.0
2010-09-10,47.97536008571178,48.29166470684195,47.77019286986561,47.9326171875,449900,0.0,0.0
2010-09-13,48.47119434690358,48.74475285113755,48.18908530505784,48.35151290893555,827300,0.0,0.0
2010-09-14,48.368628403334064,49.223499856816176,48.23184584014417,49.03542709350586,827900,0.0,0.0
2010-09-15,49.00120555289612,49.112339696209546,48.43699082225924,49.07814407348633,672000,0.0,0.0
2010-09-16,48.94137988298833,49.58253333123708,48.898636971986754,49.5739860534668,628400,0.0,0.0
2010-09-17,49.04396026449966,49.78770056304899,48.95847444817381,49.71076202392578,1079200,0.0,0.0
2010-09-20,49.881737512094304,51.035815688144815,49.80479896702427,50.57418441772461,1230400,0.0,0.0
2010-09-21,50.67675850010577,50.67675850010577,49.58252451976514,49.933021545410156,1305300,0.0,0.0
2010-09-22,49.83889874713683,51.25088477891254,49.66774803480478,51.18242645263672,1327200,0.06,0.0
2010-09-23,51.01127762085218,51.52472651234847,50.36946487426758,50.36946487426758,981600,0.0,0.0
2010-09-24,50.72030583884503,51.25942928421052,50.463581476813445,51.011260986328125,870800,0.0,0.0
2010-09-27,50.9085747138996,51.131068302802156,50.63473167954847,50.8144416809082,486200,0.0,0.0
2010-09-28,51.079718540144796,51.12250865354236,50.36944770684233,50.882896423339844,945500,0.0,0.0
2010-09-29,50.70319303781301,51.16529887174683,50.70319303781301,51.05405044555664,717500,0.0,0.0
2010-09-30,50.73742018173112,50.92568296896422,49.701963426453496,50.21541213989258,1027500,0.0,0.0
2010-10-01,50.677522953618706,51.011264976810295,49.59927597853919,50.2325325012207,838700,0.0,0.0
2010-10-04,49.975815147484404,50.18119337628843,48.96602960665171,49.445247650146484,983800,0.0,0.0
2010-10-05,49.81322287379886,50.44647951554796,49.61640070168949,50.20686721801758,806300,0.0,0.0
2010-10-06,50.12985272846986,50.36090243026288,49.52226755162361,50.01860427856445,385100,0.0,0.0
2010-10-07,50.28388795339466,50.54061566393202,49.71909286618367,50.30956268310547,553800,0.0,0.0
2010-10-08,50.420802240292296,50.87435208430273,49.90735340546049,50.10417556762695,772600,0.0,0.0
2010-10-11,50.052841217455644,50.87436079969397,49.87313115649275,50.7203254699707,523500,0.0,0.0
2010-10-12,50.66895424504259,51.51614814006672,50.39511451955393,51.22519302368164,627500,0.0,0.0
2010-10-13,51.524718270568684,51.858460323099486,50.90858035221487,51.32789611816406,626300,0.0,0.0
2010-10-14,51.41347443689333,51.6787549140657,50.95992460354895,51.165306091308594,534700,0.0,0.0
2010-10-15,51.52471796896607,52.32912523387312,51.464815717038256,52.16653060913086,844500,0.0,0.0
2010-10-18,52.44036856390012,52.4574839587674,51.37924019755147,51.653079986572266,463400,0.0,0.0
2010-10-19,51.18241949177993,52.175089570987794,51.17386016189183,51.67875289916992,869500,0.0,0.0
2010-10-20,51.824231717400046,52.33768051607613,51.52471719781579,52.329124450683594,757600,0.0,0.0
2010-10-21,52.03817643618458,52.52595384151222,51.79856413459275,52.20932388305664,646200,0.0,0.0
2010-10-22,52.14086804573846,52.58585861058629,51.79001053981995,52.54307174682617,689800,0.0,0.0
2010-10-25,52.859697154646256,53.42449222988949,52.654315643454005,53.12498092651367,576800,0.0,0.0
2010-10-26,53.06506711103526,53.24477712941296,52.66286674711342,52.93670654296875,579400,0.0,0.0
2010-10-27,52.662873048116076,52.842579823567455,52.02106033770838,52.5601806640625,798000,0.0,0.0
2010-10-28,53.21910519854507,55.03329475744825,53.09074462373894,54.66532516479492,1540200,0.0,0.0
2010-10-29,54.682450769841154,55.63233421711245,54.331593243450094,55.60666275024414,1058500,0.0,0.0
2010-11-01,55.87192726560149,55.91471085516689,55.16165308449063,55.41838073730469,555700,0.0,0.0
2010-11-02,55.71789660657518,55.78635819019146,55.17877632552287,55.25579071044922,472000,0.0,0.0
2010-11-03,55.2557882991248,55.70077551549978,54.93060558442215,55.572418212890625,555300,0.0,0.0
2010-11-04,56.15434073543776,56.31692886352539,55.692234759534706,56.31692886352539,498100,0.0,0.0
2010-11-05,56.47096202674652,56.57365441596782,55.940401004578554,56.16289138793945,647800,0.0,0.0
2010-11-08,55.53818595053068,57.155553209094286,55.53818595053068,56.45383834838867,1313900,0.0,0.0
2010-11-09,56.650671013926605,56.7362512727003,56.06876051009378,56.48808288574219,1394600,0.0,0.0
2010-11-10,56.83894105641492,57.566327604148974,56.547989048864316,57.09566879272461,2165100,0.0,0.0
2010-11-11,58.16535850661172,58.94408801274465,55.40984104257971,56.77048110961914,3366500,0.0,0.0
2010-11-12,56.55652579778809,56.74479188045857,55.093193785470746,55.2215576171875,1218100,0.0,0.0
2010-11-15,55.30714148259552,56.48808111657249,55.26435788340572,55.8034782409668,1139800,0.0,0.0
2010-11-16,55.41838262495575,56.308363581808656,55.37559250507742,55.87192916870117,1120900,0.0,0.0
2010-11-17,55.87192138627559,56.402488766127895,55.42692770540469,56.05162811279297,645200,0.0,0.0
2010-11-18,56.47096772223984,57.03576612663563,55.93184731438181,56.060211181640625,631500,0.0,0.0
2010-11-19,55.880495479577036,56.05164292276044,55.51252260076191,55.68367004394531,420000,0.0,0.0
2010-11-22,55.623766723739806,57.275364981460484,55.55530513623122,56.87316131591797,684200,0.0,0.0
2010-11-23,56.58218351461192,56.77044300097597,55.97460189295334,56.710540771484375,417900,0.0,0.0
2010-11-24,56.85604050221033,57.51496522701537,56.84748117286458,57.33525848388672,775700,0.0,0.0
2010-11-26,57.275369891730605,57.95997276779542,56.95873991900068,57.429405212402344,294300,0.0,0.0
2010-11-29,57.258262634277344,57.51498383802292,56.52231676492995,57.258262634277344,571000,0.0,0.0
2010-11-30,56.76192486636211,57.54921365727566,56.428182736977945,56.47096633911133,1693100,0.0,0.0
2010-12-01,57.010098662986664,57.31816935450177,56.257034070901746,56.60789489746094,987200,0.0,0.0
2010-12-02,56.61641553142359,57.83157880132697,56.36824728128499,57.79734802246094,689700,0.0,0.0
2010-12-03,57.703237484770405,58.52475691092761,57.44650980772177,58.387840270996094,637000,0.0,0.0
2010-12-06,58.43062125861645,59.115224014309106,58.43062125861645,58.65311813354492,821300,0.0,0.0
2010-12-07,59.371940380785624,59.48319207373916,57.42939050053058,57.506404876708984,1168900,0.0,0.0
2010-12-08,57.540686216890784,58.2766324815952,57.540686216890784,57.94289016723633,503800,0.0,0.0
2010-12-09,58.105448228985175,58.3964002049114,57.88295131695776,58.079776763916016,337900,0.0,0.0
2010-12-10,58.10544646051033,58.52476227787704,57.874390224206586,58.12255859375,392400,0.0,0.0
2010-12-13,58.2765870500225,58.44774100656008,57.72890744681396,58.19101333618164,544400,0.0,0.0
2010-12-14,58.3193595181306,58.49906622145603,57.79735153420029,58.21666717529297,458000,0.0,0.0
2010-12-15,58.045521432842136,58.61887233989865,57.90859830520556,58.00273132324219,536200,0.0,0.0
2010-12-16,58.10544797772885,58.20813383756145,57.232578996010915,58.08832931518555,664100,0.0,0.0
2010-12-17,57.97706738140884,57.99417951015368,56.94161057769055,57.155548095703125,1488000,0.0,0.0
2010-12-20,57.06999136007963,57.82304929696577,56.74480205756083,57.66901397705078,650100,0.0,0.0
2010-12-21,57.83174113473149,58.00304761480721,56.97522833837503,57.15510177612305,448600,0.06,0.0
2010-12-22,57.189369354272934,57.48058716832997,56.84676938668892,57.00950241088867,453100,0.0,0.0
2010-12-23,56.92383041769065,57.24074245336109,56.863874793069,57.01804733276367,408200,0.0,0.0
2010-12-27,56.76110915554725,57.15511085496988,56.48702527856309,56.88958740234375,387200,0.0,0.0
2010-12-28,56.88957073645807,57.09513848498112,56.5384039350759,56.74396514892578,459200,0.0,0.0
2010-12-29,56.65832564267234,57.223620718739724,56.65832564267234,56.91527557373047,403800,0.0,0.0
2010-12-30,57.00950020069532,57.38636799203762,56.84676718280454,57.14654541015625,495300,0.0,0.0
2010-12-31,57.043764878135875,57.317848778599036,56.6497696796373,56.6583366394043,479900,0.0,0.0
2011-01-03,56.958090396327826,57.163651599628736,56.07588342521055,56.10157775878906,826400,0.0,0.0
2011-01-04,56.06732962224223,56.10159091994205,52.98388471067647,53.30936050415039,1916600,0.0,0.0
2011-01-05,53.37788009643555,54.14017600367543,53.06953495028522,53.37788009643555,1426100,0.0,0.0
2011-01-06,53.09523930238801,53.35219253437665,51.467863387563895,51.62203598022461,1513500,0.0,0.0
2011-01-07,51.77620110409241,53.19801226782468,51.64772287296245,53.001014709472656,1160600,0.0,0.0
2011-01-10,52.71835465822937,53.76330117055644,52.247273338968284,53.39500045776367,1213400,0.0,0.0
2011-01-11,53.48067630216032,53.62628522685406,52.62416320993735,53.07811737060547,857200,0.0,0.0
2011-01-12,53.3007705454903,54.49988930883789,53.19798996408032,53.78898239135742,1024600,0.0,0.0
2011-01-13,53.83181812132596,54.30290268723238,53.44639004716459,53.95173263549805,732400,0.0,0.0
2011-01-14,53.891802901816945,54.414276417705885,53.789022244255605,54.114498138427734,624900,0.0,0.0
2011-01-18,54.13160633904596,54.491340124963884,53.41213549987328,53.883216857910156,1133200,0.0,0.0
2011-01-19,53.65196498409087,54.99668991181273,53.43783676926462,54.354305267333984,864500,0.0,0.0
2011-01-20,54.19156800979416,55.10803322377512,53.83183091644596,54.09735107421875,693300,0.0,0.0
2011-01-21,54.439953497029066,54.76542600108987,53.549179421275696,54.397125244140625,756800,0.0,0.0
2011-01-24,54.57700311073997,54.731175694345026,54.0973547098201,54.33717727661133,576100,0.0,0.0
2011-01-25,54.354308716866804,54.936737759544364,53.90892160968176,54.833953857421875,747600,0.0,0.0
2011-01-26,54.73117425301881,55.28790893107979,53.6862274955112,55.03095245361328,1129200,0.0,0.0
2011-01-27,55.06521233305406,55.44208008104076,54.636955904769,54.9453010559082,958700,0.0,0.0
2011-01-28,55.133727065008216,55.133727065008216,53.98599660289866,54.893898010253906,1187200,0.0,0.0
2011-01-31,55.27932856933878,55.81036877782993,54.73116098268415,54.765419006347656,839200,0.0,0.0
2011-02-01,55.005258435553095,55.176558398419445,54.2515261830592,54.26008987426758,869300,0.0,0.0
2011-02-02,54.26009074360999,54.26009074360999,52.50423995739923,52.76976013183594,1224900,0.0,0.0
2011-02-03,52.76975406084766,53.81470072101083,52.58988715724689,53.51491928100586,694500,0.0,0.0
2011-02-04,53.51493218263801,54.919616255987606,53.27510958668609,54.79970169067383,843800,0.0,0.0
2011-02-07,55.039529186943746,55.69904134537873,55.039529186943746,55.24509048461914,954700,0.0,0.0
2011-02-08,55.18510740265284,55.870320100535736,55.12515178168854,55.587669372558594,1107100,0.0,0.0
2011-02-09,55.587702150746324,57.21507836682246,55.587702150746324,56.52986526489258,2097200,0.0,0.0
2011-02-10,55.45920998291951,57.38636399776999,54.585566437440136,55.88746643066406,4428100,0.0,0.0
2011-02-11,55.80182721490907,56.024522440413804,54.83396327406695,55.93030548095703,1662300,0.0,0.0
2011-02-14,55.630509782281564,55.67333804079824,54.38856870139521,54.62839126586914,1332400,0.0,0.0
2011-02-15,54.34573010490026,54.95385658981786,54.17442691573103,54.414249420166016,1067400,0.0,0.0
2011-02-16,54.576984403731856,55.67331949595065,54.576984403731856,55.1679801940918,1247700,0.0,0.0
2011-02-17,54.81681054024943,54.81681054024943,53.737606020366336,53.79756164550781,1494600,0.0,0.0
2011-02-18,53.77187901753179,54.02026854362162,53.37788386621943,53.43783950805664,865400,0.0,0.0
2011-02-22,52.97531147898904,53.0438340662739,51.69054237342905,52.615577697753906,1313500,0.0,0.0
2011-02-23,52.51280309460045,53.01814579798732,51.69054828975359,51.99032974243164,1231700,0.0,0.0
2011-02-24,51.85329092821991,52.85540943701309,51.85329092821991,52.52136993408203,1792200,0.0,0.0
2011-02-25,52.61557103309534,53.69477550743791,52.495659787872434,53.64338684082031,1058500,0.0,0.0
2011-02-28,53.61769567488997,54.01169401448189,53.35217881927041,53.68621826171875,1199700,0.0,0.0
2011-03-01,53.95173190987144,54.26007371158619,53.292216793809054,53.64338684082031,1201100,0.0,0.0
2011-03-02,53.59198572193125,54.371411949633526,53.095210181528834,53.9774169921875,971600,0.0,0.0
2011-03-03,54.16587575666708,55.270774884362936,53.926049929417054,55.210819244384766,1088800,0.0,0.0
2011-03-04,55.11659651597881,55.19368606481056,54.362867616182285,54.6369514465332,746500,0.0,0.0
2011-03-07,54.89389494795529,54.89389494795529,53.95173556695959,54.00312423706055,864200,0.0,0.0
2011-03-08,54.02882133626319,55.305023397712496,53.52347872517839,54.88533401489258,1251700,0.0,0.0
2011-03-09,54.96243287252121,55.66477321019127,54.61126270368619,55.2536506652832,855800,0.0,0.0
2011-03-10,54.731167195769224,56.19580324525323,54.602688973602454,55.5791130065918,1230700,0.0,0.0
2011-03-11,55.253637245591406,56.247188600040275,54.98811385954061,56.187232971191406,1065500,0.0,0.0
2011-03-14,55.827497011180654,56.51270977233184,55.59624146172921,55.91314697265625,1021000,0.0,0.0
2011-03-15,55.013838734229225,56.51273664413426,54.92818219735076,56.033084869384766,1032500,0.0,0.0
2011-03-16,55.81038509400141,56.11016330955068,55.296472113431236,55.61338424682617,1199000,0.0,0.0
2011-03-17,56.212927827083995,56.212927827083995,55.0737708684195,55.227943420410156,940800,0.0,0.0
2011-03-18,55.5277275726409,55.724721861410806,54.12304380621928,55.50203323364258,1557200,0.0,0.0
2011-03-21,55.96452809222974,56.39278437650333,55.65618957945128,55.673316955566406,1002100,0.0,0.0
2011-03-22,55.65620779547094,56.03306900539946,55.604812580959525,55.66476821899414,1052300,0.0,0.0
2011-03-23,55.673360718728794,56.28204617690195,55.15040440918154,56.01627731323242,836500,0.06,0.0
2011-03-24,56.34205338356702,57.319380000666534,56.12772725629582,57.02789306640625,1010400,0.0,0.0
2011-03-25,57.19078088893156,57.29365978085229,56.59923870663707,56.804996490478516,743900,0.0,0.0
2011-03-28,57.01931366573879,57.04503174950632,56.1963022816127,56.25631332397461,645200,0.0,0.0
2011-03-29,56.14486169094967,56.29060840565112,55.879099427710884,56.2305908203125,464400,0.0,0.0
2011-03-30,56.324900340738395,56.61638725797339,55.93911595046902,56.504940032958984,659300,0.0,0.0
2011-03-31,56.60780470331922,56.60780470331922,55.67334610929616,56.25631332397461,706700,0.0,0.0
2011-04-01,56.56494611872736,56.916437514900046,56.35062002278612,56.719261169433594,571100,0.0,0.0
2011-04-04,56.890717124254365,56.92501008310076,56.27345694644554,56.667816162109375,649900,0.0,0.0
2011-04-05,56.62493795553251,58.46813652280285,56.51348423739407,58.108070373535156,1085900,0.0,0.0
2011-04-06,58.39957870481936,59.02540726068709,57.67086472448517,57.9452018737793,769300,0.0,0.0
2011-04-07,57.85089018212521,58.13379559663744,56.813546346303184,57.69657516479492,617400,0.0,0.0
2011-04-08,57.93663131511174,58.005217234981,56.77069684018756,56.97644805908203,874000,0.0,0.0
2011-04-11,55.85336090875007,56.52205703013309,55.34754811135079,56.282012939453125,1418100,0.0,0.0
2011-04-12,56.00766394662658,56.58205597539439,55.956221266239204,56.2734260559082,754900,0.0,0.0
2011-04-13,55.10752158417745,55.424726542651115,54.318803166079306,54.86747741699219,1928500,0.0,0.0
2011-04-14,54.584557220574744,55.07322035631547,54.293076930106814,54.84175109863281,878100,0.0,0.0
2011-04-15,54.833184136567475,55.21040013462125,54.6360045332014,54.730308532714844,1184600,0.0,0.0
2011-04-18,54.48169509773982,55.46759321600697,54.301661954885404,55.29613494873047,1030100,0.0,0.0
2011-04-19,55.51043595534105,55.819065929469296,55.31325315048274,55.724761962890625,872000,0.0,0.0
2011-04-20,56.153443016796324,56.727835444296,55.89624905844904,56.69354248046875,914900,0.0,0.0
2011-04-21,56.87355277179212,57.01072457195787,56.43633237536453,56.942138671875,319500,0.0,0.0
2011-04-25,56.856426718871305,56.856426718871305,55.71621031369501,56.35062026977539,441300,0.0,0.0
2011-04-26,56.539226455491146,56.967878684996656,56.367768179974526,56.504940032958984,548200,0.0,0.0
2011-04-27,56.51350377891166,57.27650416221296,56.4792108184504,56.882144927978516,746300,0.0,0.0
2011-04-28,56.64207756326786,56.77924934897192,55.819066471175695,56.73638153076172,910100,0.0,0.0
2011-04-29,56.60781152702186,56.60781152702186,55.71621411823074,56.11914825439453,991000,0.0,0.0
2011-05-02,55.97339280610598,56.21343693903671,55.77620995936313,56.10198974609375,802400,0.0,0.0
2011-05-03,55.801924509750165,56.693521619036595,55.767638099253304,56.63351058959961,773400,0.0,0.0
2011-05-04,56.624942692590224,57.05359477492411,55.964814822997496,56.37632369995117,894700,0.0,0.0
2011-05-05,56.15344034603579,57.053612616723385,55.82766701624245,56.46207046508789,1061700,0.0,0.0
2011-05-06,56.68495436512182,57.09645670602896,55.74191454072674,55.76763916015625,682400,0.0,0.0
2011-05-09,55.74193013528215,56.43635115849323,55.621908040547126,56.16201400756836,715400,0.0,0.0
2011-05-10,56.23917620903934,56.95931541988214,56.23917620903934,56.8221435546875,830600,0.0,0.0
2011-05-11,56.856430463182754,59.316896572064834,56.787844537892965,59.00826644897461,2485800,0.0,0.0
2011-05-12,58.99965376222026,59.865532527127925,58.44240492261216,59.50546646118164,1422300,0.0,0.0
2011-05-13,59.52264655441543,62.00025582211547,59.50550334381072,61.86309051513672,2243900,0.0,0.0
2011-05-16,61.55446208868759,61.65733443656787,60.165626525878906,60.165626525878906,1173400,0.0,0.0
2011-05-17,59.87411253573457,59.95127330246517,58.776764383159644,59.771240234375,1389400,0.0,0.0
2011-05-18,59.83983201629421,60.57711410522461,59.11111825951281,60.57711410522461,1473900,0.0,0.0
2011-05-19,55.03893022263384,55.72477623878069,53.65010152396936,54.43024826049805,6039200,0.0,0.0
2011-05-20,54.35310011507156,54.970360327847374,52.83567093890219,54.24164962768555,2618200,0.0,0.0
2011-05-23,53.44434926468905,54.39595754442025,53.07570816046243,54.0015983581543,1072900,0.0,0.0
2011-05-24,54.061603880047265,54.07875035644264,53.07570274462725,53.32432174682617,1984300,0.0,0.0
2011-05-25,53.01570311406128,53.79584997087242,52.792805413696684,53.57295227050781,1320300,0.0,0.0
2011-05-26,52.59561538491433,53.795842664862526,52.59561538491433,53.718685150146484,1705100,0.0,0.0
2011-05-27,53.692948904831354,53.79582446619875,52.97281343454931,53.25572204589844,1360800,0.0,0.0
2011-05-31,53.401472480998066,53.487201581743484,52.62989749286706,53.238582611083984,1530900,0.0,0.0
2011-06-01,53.27288584283879,53.27288584283879,52.17553744376857,52.312705993652344,1554100,0.0,0.0
2011-06-02,52.29556118888691,52.34700062312228,51.24107731473408,51.87548065185547,2453600,0.0,0.0
2011-06-03,51.32680654331298,51.84119107568557,50.61524568851191,51.2410774230957,1078600,0.0,0.0
2011-06-06,51.0010292365633,51.36109543742602,50.46092666491315,50.48664474487305,1019100,0.0,0.0
2011-06-07,50.30661503935955,50.692402616572906,49.337860294436275,50.092288970947266,1555500,0.0,0.0
2011-06-08,50.02369864110385,50.29803572281314,49.61219301853991,50.066566467285156,1260000,0.0,0.0
2011-06-09,49.912260208494104,50.195168942870104,49.51789772277388,49.86082077026367,1171700,0.0,0.0
2011-06-10,49.85224441194385,50.15229959711744,49.38072444901929,49.69792938232422,1201000,0.0,0.0
2011-06-13,50.006559441563475,50.512365819325744,49.663636426774026,49.69792938232422,985500,0.0,0.0
2011-06-14,49.09781588089991,49.33786002971973,48.506277112584094,49.08066940307617,3024600,0.0,0.0
2011-06-15,48.8834831726106,49.88652746135957,48.70345008545399,49.24354934692383,1867600,0.0,0.0
2011-06-16,49.02065895222049,50.3580548052627,48.92635495824006,50.22945785522461,1705200,0.0,0.0
2011-06-17,50.298039517512265,51.009603625248914,49.76651179039429,49.82652282714844,2851100,0.0,0.0
2011-06-20,49.74937415790229,50.79528659075781,49.39787947855267,50.61525344848633,1730400,0.0,0.0
2011-06-21,50.615241685384625,50.803846389017274,49.937970570021626,50.48664474487305,1077600,0.0,0.0
2011-06-22,50.56388538194736,50.9500664360237,50.306432437127064,50.33218002319336,1442800,0.06,0.0
2011-06-23,50.040394702606626,50.701192608972846,49.82585005535883,50.641117095947266,1494400,0.0,0.0
2011-06-24,50.60679220840369,50.92431736824123,49.51690501253808,49.765777587890625,1133900,0.0,0.0
2011-06-27,49.86016301503763,50.177691375538515,49.516893624177975,49.80009078979492,1132600,0.0,0.0
2011-06-28,49.94600352779908,50.23778443154471,49.611314341615696,49.90309524536133,869300,0.0,0.0
2011-06-29,49.97173486715841,49.98889883041524,49.30235666859843,49.491153717041016,961500,0.0,0.0
2011-06-30,49.74003687083375,50.55530729392434,49.74003687083375,50.19487380981445,1452200,0.0,0.0
2011-07-01,50.151955534015215,51.19035411411828,50.02323070995357,50.718353271484375,811200,0.0,0.0
2011-07-05,50.761261725454844,50.85565861453567,49.73144682728169,50.134788513183594,1013000,0.0,0.0
2011-07-06,49.95457952737778,50.47806903915969,49.73145451390428,49.8687629699707,1002200,0.0,0.0
2011-07-07,50.091900799665765,51.20753269985596,50.091900799665765,51.07880783081055,929200,0.0,0.0
2011-07-08,50.80417527057308,51.49071751604873,50.65828320195795,50.73551940917969,1091800,0.0,0.0
2011-07-11,50.538144412149805,50.76985305992075,49.80011018747763,50.220619201660156,971600,0.0,0.0
2011-07-12,50.126195093822716,50.68401230633093,50.03179495567298,50.074703216552734,1849600,0.0,0.0
2011-07-13,50.263531003286225,50.40083947746793,48.83895435601637,48.88186264038086,2111300,0.0,0.0
2011-07-14,48.91617211077827,49.43107787615216,48.427010651565766,48.529991149902344,1888300,0.0,0.0
2011-07-15,48.64156603799166,48.68447431565989,47.32855375393174,47.62033462524414,1459000,0.0,0.0
2011-07-18,47.3714578955445,47.55167461023118,46.83938809679224,47.04534912109375,1190700,0.0,0.0
2011-07-19,47.199825647235315,48.04942394930992,47.199825647235315,47.62033462524414,1161100,0.0,0.0
2011-07-20,47.65466330203555,47.68041088976126,46.85655683007097,47.23415756225586,1002300,0.0,0.0
2011-07-21,47.191246548059546,47.362879663267336,46.770737558940084,47.2598991394043,1315000,0.0,0.0
2011-07-22,47.165491682045,48.10090641979445,47.01101928324665,47.946434020996094,1108600,0.0,0.0
2011-07-25,47.6375027516572,48.96768248280209,47.388633392866275,48.88186264038086,1639200,0.0,0.0
2011-07-26,48.90760073776781,49.5083231496645,48.59865591239716,49.43967056274414,1435200,0.0,0.0
2011-07-27,49.28518861664284,49.28518861664284,48.143809707437036,48.22962951660156,1535300,0.0,0.0
2011-07-28,47.860614995042006,47.860614995042006,46.80505584044538,47.011016845703125,1412000,0.0,0.0
2011-07-29,46.79647920620811,47.577421621215855,46.47037368693307,47.17407989501953,1279100,0.0,0.0
2011-08-01,47.5774224523941,47.5774224523941,46.26441018548569,46.513282775878906,710000,0.0,0.0
2011-08-02,46.410304268736986,47.14833517859423,45.63794215253635,45.68943405151367,1016300,0.0,0.0
2011-08-03,45.78382357001483,46.78789415910104,45.148773286865406,46.64200210571289,1273600,0.0,0.0
2011-08-04,46.13567317473382,46.29014556145664,45.25175039691294,45.26033401489258,1494000,0.0,0.0
2011-08-05,45.55210877949942,45.81814197511585,44.53945805593139,45.43196105957031,1887200,0.0,0.0
2011-08-08,44.56522126733794,44.68536576455168,42.75446364126561,42.94326400756836,2566500,0.0,0.0
2011-08-09,43.34659915092001,44.5480504866861,42.61714865872085,44.50514221191406,2238000,0.0,0.0
2011-08-10,43.16638353904404,44.12754266807711,42.47984130402042,42.994747161865234,1893500,0.0,0.0
2011-08-11,48.289716212305905,48.91618627526894,45.672271811964116,46.59052276611328,5604900,0.0,0.0
2011-08-12,47.826291938405234,48.17814502575673,46.89087715393056,47.34571075439453,1339500,0.0,0.0
2011-08-15,47.62032894125062,48.39268766816473,46.95094744949544,48.366943359375,1284300,0.0,0.0
2011-08-16,47.79196604592632,48.2553832852163,47.311388115129276,47.74905776977539,1574300,0.0,0.0
2011-08-17,48.15240832042931,48.847530985830986,47.98935226908462,48.69306182861328,1330800,0.0,0.0
2011-08-18,47.56883219348194,49.001988647110245,47.17407088844922,48.529991149902344,2583800,0.0,0.0
2011-08-19,48.066569533844486,50.05754638353144,47.88635286006594,49.73143768310547,2229300,0.0,0.0
2011-08-22,50.35793044036172,50.39225837681708,48.847533973247785,49.19939041137695,1979500,0.0,0.0
2011-08-23,49.3624330371834,50.40941196769403,49.147888389042144,50.066139221191406,1138100,0.0,0.0
2011-08-24,49.74861808370735,50.80417744512403,49.559817730486024,50.752685546875,1317300,0.0,0.0
2011-08-25,50.804177346937884,51.585119796900706,49.62847349890413,49.757198333740234,1038700,0.0,0.0
2011-08-26,49.868761478560415,50.915740470812544,49.4482525029814,50.804176330566406,1014600,0.0,0.0
2011-08-29,51.490713883311834,51.69667817926931,51.11311649336313,51.65376663208008,955300,0.0,0.0
2011-08-30,51.48213943455687,52.082861879712326,51.190358558184876,51.825408935546875,970000,0.0,0.0
2011-08-31,52.04853219244078,52.56343803102319,51.70525945092485,52.108604431152344,1242100,0.0,0.0
2011-09-01,52.17725219170999,52.62350540495019,51.63659881959517,51.77391052246094,909000,0.0,0.0
2011-09-02,50.958650839791055,51.41348449175957,50.58105012613401,51.01013946533203,826600,0.0,0.0
2011-09-06,50.09188786105785,51.387739481104674,49.99748768392561,51.327667236328125,850200,0.0,0.0
2011-09-07,51.73100692560525,52.331732623164264,51.507881921553334,52.30598831176758,858700,0.0,0.0
2011-09-08,52.06570750913644,52.94963392105449,51.96272696722966,52.228763580322266,996100,0.0,0.0
2011-09-09,51.74817977438723,52.67501442807221,51.422070921384126,51.868324279785156,851500,0.0,0.0
2011-09-12,51.41348572376205,51.84257507324219,50.92432412725005,51.84257507324219,989700,0.0,0.0
2011-09-13,52.108598996362204,52.614924436759466,51.713834402684355,52.048526763916016,854000,0.0,0.0
2011-09-14,52.30598488355858,53.3100522465217,51.91122352412136,52.76081848144531,1004000,0.0,0.0
2011-09-15,53.1041000162264,53.833550617458286,52.82089946775557,53.78205871582031,923200,0.0,0.0
2011-09-16,53.876446906728724,54.57157269250497,53.67048589340402,53.71339416503906,1467100,0.0,0.0
2011-09-19,53.0268524939452,54.06524773620869,53.0268524939452,53.859283447265625,1104300,0.0,0.0
2011-09-20,53.86787843915157,54.193987268125575,52.88097160548718,52.941043853759766,1051600,0.0,0.0
2011-09-21,52.915279795874056,53.40491768682072,51.317515943609926,51.36046600341797,836400,0.06,0.0
2011-09-22,50.303864782170656,51.4893018314834,49.839996401024656,50.398353576660156,1164000,0.0,0.0
2011-09-23,50.381192277406434,51.747025207066116,50.14925801272313,51.51509094238281,787000,0.0,0.0
2011-09-26,51.738427077359994,52.41704911072721,51.22301984615003,52.25383758544922,792400,0.0,0.0
2011-09-27,52.837957780585015,52.958222511559256,51.61815928689892,51.78996276855469,743600,0.0,0.0
2011-09-28,51.996120620420335,52.34831625812594,51.19723727298688,51.248779296875,643900,0.0,0.0
2011-09-29,51.858687553346606,51.95317964186454,49.67679392457624,50.68183898925781,1050800,0.0,0.0
2011-09-30,50.30386708722043,51.111339164939764,49.88294873462369,49.90871810913086,879800,0.0,0.0
2011-10-03,49.68537014621264,50.269499931362446,48.336718421437496,48.36248779296875,675300,0.0,0.0
2011-10-04,48.01030160870526,50.329640531376036,47.76977868884633,50.303871154785156,1102900,0.0,0.0
2011-10-05,50.20078110529096,50.63028814058328,49.39330905861769,50.355403900146484,704700,0.0,0.0
2011-10-06,50.157842874249674,51.19724935808883,50.03758140033498,51.0168571472168,601600,0.0,0.0
2011-10-07,51.240197141566696,51.5838008473978,50.415541038438164,50.7161979675293,509900,0.0,0.0
2011-10-10,51.47211019635386,52.45138877364677,51.12850660994886,52.348304748535156,481700,0.0,0.0
2011-10-11,52.27101113680257,52.49435665692243,51.61816180689324,52.35691452026367,428600,0.0,0.0
2011-10-12,52.709105093385304,52.87231659082967,51.45494530827713,51.5752067565918,798800,0.0,0.0
2011-10-13,51.49790251444114,51.85009820925783,50.896591912420675,51.369049072265625,682800,0.0,0.0
2011-10-14,51.884452563676014,52.2108755598881,51.21441934239715,52.176517486572266,519700,0.0,0.0
2011-10-17,51.987548909284044,52.59744831196711,50.956731032836224,51.180076599121094,1013600,0.0,0.0
2011-10-18,51.39481567300868,53.19874398970535,51.09415876897339,52.89809036254883,1094500,0.0,0.0
2011-10-19,52.666151608746375,53.45644294719268,52.4943481465559,53.087066650390625,1002100,0.0,0.0
2011-10-20,53.05271312128432,53.834415876420806,52.92386296331089,53.585304260253906,1043200,0.0,0.0
2011-10-21,54.11789415609218,54.478678544230824,53.66261768242795,54.049171447753906,434500,0.0,0.0
2011-10-24,54.367001259041146,55.0713925340614,53.90313287494138,54.5903434753418,592000,0.0,0.0
2011-10-25,54.30687234249437,54.89100219148187,54.289691667303124,54.581756591796875,439300,0.0,0.0
2011-10-26,54.83944959329254,54.976891691446035,53.800043521201886,54.409942626953125,727800,0.0,0.0
2011-10-27,55.896041386090346,57.21892374835629,55.681287883522955,56.68633270263672,887700,0.0,0.0
2011-10-28,56.600445048849636,57.49382060227704,56.05926846282265,56.411460876464844,484200,0.0,0.0
2011-10-31,56.1022148856163,56.77224490800869,55.79296925162624,55.896053314208984,485700,0.0,0.0
2011-11-01,54.5559763659573,56.31695436757986,54.13506135128761,55.6812858581543,823900,0.0,0.0
2011-11-02,56.28259209319624,56.28259209319624,55.3033166975699,55.75000762939453,564800,0.0,0.0
2011-11-03,55.81875112252475,56.85815762091569,55.19166781082566,56.75507354736328,647200,0.0,0.0
2011-11-04,56.3942851726631,56.71211624145508,55.65553241498476,56.71211624145508,623400,0.0,0.0
2011-11-07,56.772243934302125,57.2618883078536,56.170936630611315,57.08148956298828,895300,0.0,0.0
2011-11-08,57.450857822445435,58.31846385581706,56.480174296549336,58.146663665771484,1278000,0.0,0.0
2011-11-09,57.296248962972356,58.43873951049744,56.60044950420176,57.012779235839844,1329100,0.0,0.0
2011-11-10,57.89753280491487,60.989981247561275,57.55392596600853,59.710052490234375,2918700,0.0,0.0
2011-11-11,60.28561326251724,60.82678981724579,59.847514211303924,60.37151336669922,1184100,0.0,0.0
2011-11-14,59.959182509189894,60.15675206794224,59.08298451981031,59.254791259765625,1060600,0.0,0.0
2011-11-15,58.51601471707644,59.27194440227564,58.14663856952078,58.79948425292969,797500,0.0,0.0
2011-11-16,58.4730638937577,58.49024128457487,57.44225004710779,57.5625114440918,1261000,0.0,0.0
2011-11-17,57.69139560295686,58.24116415507935,57.56254216491857,58.034996032714844,1288100,0.0,0.0
2011-11-18,58.28411407859671,58.85965203864772,57.88037634269995,58.37001419067383,570900,0.0,0.0
2011-11-21,57.45944658972908,58.34422997119902,57.193154343900176,58.01780700683594,677600,0.0,0.0
2011-11-22,57.871781037957405,58.026403834798934,57.425090045411935,57.510990142822266,1134100,0.0,0.0
2011-11-23,57.18456029498615,57.81164338303605,57.1673828990665,57.42508316040039,649400,0.0,0.0
2011-11-25,57.1244372838537,58.00922075258138,56.729291586837334,57.6742057800293,474200,0.0,0.0
2011-11-28,58.87681716042303,59.35786287718984,57.4938041709621,57.811641693115234,718900,0.0,0.0
2011-11-29,57.81165943184,58.284113318985945,57.614083278255,58.00063705444336,458900,0.0,0.0
2011-11-30,59.08299206576559,59.47813778749448,58.55040748827606,59.460960388183594,729200,0.0,0.0
2011-12-01,59.22045436438173,60.27703839791177,58.97133940390269,59.0572395324707,695000,0.0,0.0
2011-12-02,59.649934919640764,59.67570429132587,58.833867678323955,59.32350540161133,616900,0.0,0.0
2011-12-05,59.71865274977983,60.603442709803865,59.529675167488115,60.062259674072266,545300,0.0,0.0
2011-12-06,60.32856956047247,60.59486186266916,59.916239864845735,60.20830154418945,760300,0.0,0.0
2011-12-07,59.87328221431235,60.397281357692556,59.81315148738795,60.13098907470703,610600,0.0,0.0
2011-12-08,59.74440951413039,60.67213939228515,59.59837219435869,60.04506301879883,578300,0.0,0.0
2011-12-09,60.10522107760772,60.79242846482143,59.95059826857702,60.37151336669922,774400,0.0,0.0
2011-12-12,60.03651207423824,60.19972689706324,59.3578899549377,59.4094352722168,1174900,0.0,0.0
2011-12-13,59.78738991841114,60.156766304534756,58.163853525713,58.32706832885742,746100,0.0,0.0
2011-12-14,58.27551307395811,58.29269702596668,57.304829505711574,57.46804428100586,818900,0.0,0.0
2011-12-15,58.0435988374436,58.55900613198633,57.84602265509323,58.16386032104492,617400,0.0,0.0
2011-12-16,58.687848140882764,58.96273241457803,58.086540840223755,58.4129638671875,1083900,0.0,0.0
2011-12-19,58.584778632165474,58.84248557003446,57.51960262624238,57.545372009277344,754300,0.0,0.0
2011-12-20,58.4473174081031,59.54685435591164,58.344233361587115,59.26337814331055,813700,0.0,0.0
2011-12-21,59.29778117192297,59.47833038950985,58.60996900633807,58.89369201660156,1020200,0.06,0.0
2011-12-22,59.882415562300054,60.948518444537925,59.297777228273645,59.65027618408203,912100,0.0,0.0
2011-12-23,59.87380305802851,60.570207921982814,59.8136200026184,60.398258209228516,411100,0.0,0.0
2011-12-27,60.28649870710692,61.34400202903378,60.157533127504124,60.97430419921875,547100,0.0,0.0
2011-12-28,61.025912962904336,61.63634322894542,60.338100701736536,60.406883239746094,475900,0.0,0.0
2011-12-29,60.621791229024815,61.16343866647311,59.787821441593074,60.48422622680664,483400,0.0,0.0
2011-12-30,60.20050271820487,60.63898295899867,59.83940443023834,59.865196228027344,452500,0.0,0.0
2012-01-03,61.163433468005785,61.55892297657866,59.375127947925115,59.40951919555664,786600,0.0,0.0
2012-01-04,59.3235541801357,61.129052343291136,59.14300501976624,60.802345275878906,1412800,0.0,0.0
2012-01-05,60.56161712515109,61.404179930069695,59.89100403894121,61.189239501953125,596900,0.0,0.0
2012-01-06,61.29241225628143,61.954425877780764,60.871130860781854,61.47296142578125,1346600,0.0,0.0
2012-01-09,61.78248717144933,61.81687843264365,60.83675044672391,61.455780029296875,686100,0.0,0.0
2012-01-10,62.0576132633188,62.21237066535052,61.4041923925779,61.50736618041992,396500,0.0,0.0
2012-01-11,61.55894555194638,62.324133053848854,61.55894555194638,61.9200439453125,551000,0.0,0.0
2012-01-12,62.16081748463269,62.16081748463269,60.991540221137505,61.60197067260742,487100,0.0,0.0
2012-01-13,61.07747737286922,61.920040240308495,61.06027846404535,61.438575744628906,318300,0.0,0.0
2012-01-17,61.9458459190102,62.289745422558674,61.859864483660516,61.97163772583008,619300,0.0,0.0
2012-01-18,61.911461500071454,63.30427169799805,61.73091227291294,63.30427169799805,646100,0.0,0.0
2012-01-19,64.6282763297953,65.62560291014037,64.04363819360067,64.611083984375,935200,0.0,0.0
2012-01-20,64.62831039335516,64.86044981537455,63.86312270936958,64.2672119140625,1296500,0.0,0.0
2012-01-23,64.2843754694593,64.51651478748141,63.777119246196065,64.39614868164062,771700,0.0,0.0
2012-01-24,64.21560611065097,64.77444599104476,63.84590830208161,64.67987823486328,615100,0.0,0.0
2012-01-25,64.439146832312,65.34189938176603,64.37037087078565,65.32470703125,491700,0.0,0.0
2012-01-26,65.73737427415601,65.76316607386853,64.38754876036091,64.53370666503906,577800,0.0,0.0
2012-01-27,64.42193698042242,64.98937622576761,64.19839712766924,64.78303527832031,379800,0.0,0.0
2012-01-30,66.16724616720991,66.17584561910742,64.49071381748848,65.83193969726562,1028700,0.0,0.0
2012-01-31,65.94373449339881,66.26184875484915,65.5138535473937,65.89215087890625,779800,0.0,0.0
2012-02-01,66.2704305998061,66.67451963118287,65.72018365989844,65.90933227539062,769800,0.0,0.0
2012-02-02,66.24464000545854,66.24464000545854,65.07536359700175,65.57402038574219,984000,0.0,0.0
2012-02-03,66.30484512267634,66.38222055100788,65.90935540578982,66.13288879394531,1193700,0.0,0.0
2012-02-06,66.12427653108787,66.17586013486812,65.78037053380986,66.0640869140625,359100,0.0,0.0
2012-02-07,65.82336860743725,66.50258129188347,65.82336860743725,66.3994140625,1009300,0.0,0.0
2012-02-08,66.39943674116408,67.98139602034587,66.21028801007387,67.77505493164062,2775800,0.0,0.0
2012-02-09,67.74923932726587,69.04747505397378,67.56009066258984,68.88412475585938,2236200,0.0,0.0
2012-02-10,68.07591886143878,68.82391376112655,67.93835386677712,68.77232360839844,823200,0.0,0.0
2012-02-13,68.95289968221701,69.11625653733155,68.13612852556933,68.29088592529297,830800,0.0,0.0
2012-02-14,68.20490021388184,68.67776523385585,67.86959366099539,68.58319091796875,774000,0.0,0.0
2012-02-15,68.74657083687896,68.97011080037026,68.01577442640536,68.26510620117188,1354300,0.0,0.0
2012-02-16,72.32315611679556,74.1974368735481,72.17699164351167,73.85353088378906,5455800,0.0,0.0
2012-02-17,74.32643543951947,75.22058886501078,73.49247166177278,73.5698471069336,2096100,0.0,0.0
2012-02-21,72.87342193368471,74.13727300139888,72.64128254275691,73.41506958007812,1631400,0.0,0.0
2012-02-22,73.38066948565908,73.93951597644322,73.07975416276365,73.1485366821289,1295500,0.0,0.0
2012-02-23,73.3634747299577,73.56121626732129,72.907802033163,73.2087173461914,1985500,0.0,0.0
2012-02-24,73.24310601321913,73.69017923969106,72.54669453118063,72.7186508178711,925400,0.0,0.0
2012-02-27,72.61551223685825,72.85624459542721,72.2716060562748,72.36618041992188,1104100,0.0,0.0
2012-02-28,72.70146439750347,74.01689905919677,72.5810982558755,73.74177551269531,814300,0.0,0.0
2012-02-29,73.96532772268594,74.10289279850456,72.93361589190167,73.39788818359375,717600,0.0,0.0
2012-03-01,73.70738467647287,74.27482407415633,73.29469611132491,73.92232513427734,1159500,0.0,0.0
2012-03-02,74.17165233083875,74.85086498329743,73.89652879966862,74.5499496459961,1319600,0.0,0.0
2012-03-05,74.53277647083341,75.10881548750804,74.3608201199472,74.66173553466797,1679600,0.0,0.0
2012-03-06,74.27481433068488,75.04000173533349,73.83633401763478,74.80786895751953,1314800,0.0,0.0
2012-03-07,74.84225976425591,74.91963516990911,74.17164011795496,74.6273193359375,1218400,0.0,0.0
2012-03-08,74.71332754001999,75.04863423308758,74.37802084695238,74.74771881103516,785000,0.0,0.0
2012-03-09,74.84226812917257,75.4526982266876,74.58433696257768,75.03141021728516,803700,0.0,0.0
2012-03-12,75.13458329825782,75.58166310827662,74.77348491594711,75.2205581665039,615400,0.0,0.0
2012-03-13,75.7794319269506,76.13193754094844,75.36674978703506,76.0717544555664,876800,0.0,0.0
2012-03-14,76.08033958924356,76.87132563570641,75.86539908346354,76.66497802734375,791200,0.0,0.0
2012-03-15,76.57899959965124,76.91430624842276,76.14911860794791,76.73375701904297,1022400,0.0,0.0
2012-03-16,76.89705595189247,76.94863953299962,75.2892998929823,75.70198822021484,819500,0.0,0.0
2012-03-19,75.4956752722399,76.38982825691676,75.08299331590375,76.08891296386719,1009400,0.0,0.0
2012-03-20,75.94277144574744,76.8197257119545,75.81380584674153,76.35545349121094,1369500,0.0,0.0
2012-03-21,76.82001548223565,77.129739439871,76.48448228877987,76.66515350341797,528200,0.06,0.0
2012-03-22,76.35544742018587,77.18998124784686,75.98549963773502,76.72539520263672,785400,0.0,0.0
2012-03-23,76.57913070144544,76.71678216540373,75.97688667542678,76.56192016601562,523200,0.0,0.0
2012-03-26,77.0695557460628,77.77503700192611,77.03514122578916,77.71481323242188,481300,0.0,0.0
2012-03-27,78.03310486612587,78.33423015717747,77.6631571259358,77.86964416503906,853800,0.0,0.0
2012-03-28,78.04171138713265,78.11054040127252,76.26940693835562,76.38985443115234,838000,0.0,0.0
2012-03-29,76.21779644635367,76.41567825880888,75.09074902120986,75.6929931640625,774800,0.0,0.0
2012-03-30,75.71019671123736,76.51031609812792,75.69299273646325,76.20059204101562,936500,0.0,0.0
2012-04-02,76.35546289236011,77.23301011297971,75.77042922398104,76.5533447265625,824000,0.0,0.0
2012-04-03,76.76842396202846,77.43949058453435,76.7426081532496,77.4308853149414,897300,0.0,0.0
2012-04-04,76.66518560445523,77.46530506938787,76.28663248352859,77.19860076904297,736400,0.0,0.0
2012-04-05,76.90607518487444,77.81803684158784,76.89746991531183,77.60295104980469,584400,0.0,0.0
2012-04-09,77.09534497375888,77.30182547787953,76.48450216630833,77.27601623535156,713100,0.0,0.0
2012-04-10,77.29320556115158,77.29320556115158,75.61553947580097,75.9510726928711,927000,0.0,0.0
2012-04-11,76.30384037583997,77.1727822803235,75.98551102939003,77.13837432861328,935800,0.0,0.0
2012-04-12,77.37065155672005,77.86104683778338,77.04372355731005,77.38785552978516,970000,0.0,0.0
2012-04-13,77.30181574407547,78.16215872745727,77.29321047635077,77.55992126464844,713900,0.0,0.0
2012-04-16,78.06752518352012,78.06752518352012,76.83723438051223,77.17276763916016,797800,0.0,0.0
2012-04-17,77.54274291707532,78.07615815119448,76.94050520427851,77.59436798095703,598400,0.0,0.0
2012-04-18,77.30183610674182,78.17078458674467,77.16418460636685,78.01592254638672,664200,0.0,0.0
2012-04-19,78.07616164391912,78.8074522032862,77.78364804573191,78.17940521240234,586700,0.0,0.0
2012-04-20,78.24822364944363,78.34286194135322,77.7664334825575,78.10196685791016,516100,0.0,0.0
2012-04-23,77.9384765625,78.10194384834827,76.84584373766917,77.9384765625,599000,0.0,0.0
2012-04-24,77.91267622237741,78.39447286626924,75.85645654881927,76.44149017333984,721900,0.0,0.0
2012-04-25,76.82005121282525,77.20720305799415,75.83065514151798,77.12117004394531,606300,0.0,0.0
2012-04-26,77.2501937964118,79.66775537070144,76.14035061002195,78.6611557006836,1845700,0.0,0.0
2012-04-27,79.09136412436918,80.08076028584998,78.72141622273371,79.46991729736328,998100,0.0,0.0
2012-04-30,79.63335585194987,79.77101389968594,78.75580877127193,78.97949981689453,664900,0.0,0.0
2012-05-01,78.51491053232387,79.56453012963487,77.94708095454051,78.07613372802734,1094300,0.0,0.0
2012-05-02,77.71481377049975,79.54734268144398,77.71481377049975,79.42689514160156,775000,0.0,0.0
2012-05-03,79.42688035795162,79.59894636458613,78.66978073930339,79.10855102539062,517100,0.0,0.0
2012-05-04,78.66976495934533,78.91065994587274,77.7319876887681,77.74059295654297,588600,0.0,0.0
2012-05-07,77.64598161372258,78.33425886854484,77.64598161372258,78.00732421875,818000,0.0,0.0
2012-05-08,77.60294224543586,77.60294224543586,75.5467228343871,76.72539520263672,1012000,0.0,0.0
2012-05-09,76.02855054459732,76.82006491728755,75.42630621102043,76.23503112792969,720300,0.0,0.0
2012-05-10,76.4930706306809,77.28458431888944,76.08010325724086,76.63072204589844,718000,0.0,0.0
2012-05-11,76.2780202673667,77.62875863410491,75.83924346072402,76.071533203125,708400,0.0,0.0
2012-05-14,73.61953203904567,74.38523659455144,70.78039821569324,70.84062194824219,2547400,0.0,0.0
2012-05-15,70.81483293977684,71.13316222496256,69.29202865961044,69.7566146850586,1850400,0.0,0.0
2012-05-16,69.80824190489781,71.55473743013543,69.68779439032262,70.63417053222656,1405300,0.0,0.0
2012-05-17,62.18558414572917,63.49330903758489,57.83225114529693,58.649574279785156,6813900,0.0,0.0
2012-05-18,58.63240452856735,58.718437556529665,56.9977507416863,57.367698669433594,1912500,0.0,0.0
2012-05-21,57.5741602746978,60.51653218303125,56.808455419556594,60.069156646728516,3489000,0.0,0.0
2012-05-22,59.34645774515224,60.32724815273157,59.071148272215865,59.337852478027344,2575200,0.0,0.0
2012-05-23,58.899114095038996,61.79847399755102,58.899114095038996,61.643611907958984,2258400,0.0,0.0
2012-05-24,62.237206254711126,62.77062125016229,61.02412610059403,62.74481201171875,2484400,0.0,0.0
2012-05-25,62.830858273141196,63.49332616471155,62.392081435182654,63.38147735595703,1436900,0.0,0.0
2012-05-29,63.78583795111482,63.92349600003462,62.69320508437644,63.84606170654297,1360900,0.0,0.0
2012-05-30,63.140580398810584,63.484718956031585,62.33185577392578,62.33185577392578,1399900,0.0,0.0
2012-05-31,62.50393291934961,63.174999545012106,61.64358974513667,62.75343322753906,1007300,0.0,0.0
2012-06-01,61.523155762482745,62.28025555936781,61.1704118327722,61.20482635498047,1090600,0.0,0.0
2012-06-04,61.22204197543023,61.92752332946085,60.24124442090036,60.89510726928711,1308700,0.0,0.0
2012-06-05,60.8004268026689,62.28882280092767,60.53372262326271,62.04792785644531,1585200,0.0,0.0
2012-06-06,62.49535671034561,63.415924072265625,62.49535671034561,63.415924072265625,1023000,0.0,0.0
2012-06-07,63.7944550110903,63.7944550110903,63.071763248482476,63.42450714111328,903800,0.0,0.0
2012-06-08,63.20941464099452,64.20740931903353,62.770637780219126,63.949310302734375,923100,0.0,0.0
2012-06-11,64.41388786351627,64.41388786351627,62.039339157969025,62.09095764160156,946600,0.0,0.0
2012-06-12,62.27162919475315,63.218011825167736,62.00492494285271,63.106163024902344,660700,0.0,0.0
2012-06-13,62.719016610396686,62.95130637153231,60.60257326044929,60.68860626220703,1360500,0.0,0.0
2012-06-14,60.92950253654421,62.52974134471625,60.421903221082964,60.79185104370117,1498700,0.0,0.0
2012-06-15,60.576766801122915,61.084366129556834,59.69921307671846,60.00033187866211,1823800,0.0,0.0
2012-06-18,60.146587112321626,61.402687205558195,59.53573775702269,60.81765365600586,1374200,0.0,0.0
2012-06-19,60.89509792250033,60.89509792250033,59.06256905052353,59.24324035644531,2496900,0.0,0.0
2012-06-20,59.148515538546064,59.57044952062372,58.692137027577274,59.4412841796875,1632100,0.06,0.0
2012-06-21,59.57904997987607,59.64793245379774,57.88269505796254,57.89130783081055,1793400,0.0,0.0
2012-06-22,58.20129300747938,58.90739582048368,57.942968959190004,58.49406814575195,1240900,0.0,0.0
2012-06-25,57.82242972437434,57.925756739611536,56.918278923316706,57.24549865722656,1037900,0.0,0.0
2012-06-26,56.15190364180376,57.04744162702027,54.059446274812714,56.7030029296875,2508000,0.0,0.0
2012-06-27,52.41474518389942,56.8493734484952,52.41474518389942,56.479103088378906,3743900,0.0,0.0
2012-06-28,55.755809445564424,56.625515803051364,55.678314176587925,56.58245849609375,1565200,0.0,0.0
2012-06-29,57.185223944536084,58.812690175406786,57.185223944536084,58.74380111694336,1225700,0.0,0.0
2012-07-02,58.89879614690638,58.89879614690638,57.97742637356128,58.27019500732422,1149500,0.0,0.0
2012-07-03,58.20990241237386,59.60487584306732,57.66741602969202,59.587650299072266,826200,0.0,0.0
2012-07-05,59.36378528598523,60.526260144065574,59.18295644758356,59.24323272705078,1246700,0.0,0.0
2012-07-06,58.97629828827726,59.69100754648841,58.890190242984744,59.45851516723633,970200,0.0,0.0
2012-07-09,59.29490898752633,60.379888820951464,59.05380381779255,60.36266326904297,1036600,0.0,0.0
2012-07-10,60.741525696410314,60.96541180690068,60.05264838857266,60.836246490478516,1622600,0.0,0.0
2012-07-11,60.68986043519675,60.991241785015475,59.46710292081396,60.10431671142578,1240100,0.0,0.0
2012-07-12,59.84599007539223,61.886783756695834,59.63071672979729,61.63706588745117,1437100,0.0,0.0
2012-07-13,61.78342399455287,62.437856527228725,61.43037270402432,61.654258728027344,1338800,0.0,0.0
2012-07-16,61.395950664337825,61.49067144634521,60.560689170065444,60.64679718017578,738300,0.0,0.0
2012-07-17,62.40341898133824,62.84257830868037,61.76621191689413,62.08481216430664,1493900,0.0,0.0
2012-07-18,62.01594476249434,64.05673851797616,62.00733855848495,63.64341735839844,1133000,0.0,0.0
2012-07-19,63.67786170172271,64.05674494402896,62.92871456122703,63.17843246459961,1091300,0.0,0.0
2012-07-20,62.85979291132146,63.0750661747164,61.97286811727331,62.455078125,857600,0.0,0.0
2012-07-23,61.258180693347065,62.16233134312209,60.724300448669695,61.929832458496094,589500,0.0,0.0
2012-07-24,62.015957821833396,62.015957821833396,60.9912609111175,61.44763946533203,756900,0.0,0.0
2012-07-25,61.52511268589713,62.790920868053966,61.275401414105204,62.472320556640625,1574300,0.0,0.0
2012-07-26,62.76508516246018,62.842586969551895,59.68236981482057,59.751258850097656,2864800,0.0,0.0
2012-07-27,60.30236962563754,60.64680829884654,59.57044155108171,59.940711975097656,2205000,0.0,0.0
2012-07-30,59.84599013553987,60.870693363880406,59.51016424164395,60.620975494384766,944800,0.0,0.0
2012-07-31,60.715702488161206,61.637072239474676,60.25071122540182,60.40570831298828,1089500,0.0,0.0
2012-08-01,60.698455656840935,61.84371114857479,58.459614730865994,58.60599899291992,1267500,0.0,0.0
2012-08-02,57.3746451964507,58.640453420266354,57.348813448147624,57.813804626464844,1766800,0.0,0.0
2012-08-03,58.77822343340536,58.98488396107472,57.09908775843505,58.562950134277344,2080900,0.0,0.0
2012-08-06,58.76101253547304,59.82016032178653,58.63184720988046,59.51016616821289,886300,0.0,0.0
2012-08-07,59.61350751966555,61.25819273326773,59.45851042265814,60.844871520996094,1137200,0.0,0.0
2012-08-08,60.81903946049408,61.52513595966525,60.61237883307452,60.76737594604492,1548200,0.0,0.0
2012-08-09,57.76214311815677,60.276534107056406,57.5813143041901,58.48545837402344,3157800,0.0,0.0
2012-08-10,58.0463175785688,59.0882399537571,57.624377021882076,59.071014404296875,1289400,0.0,0.0
2012-08-13,58.99351143546395,59.69099499619396,58.99351143546395,59.51016616821289,1063600,0.0,0.0
2012-08-14,59.630718780315966,61.06013699763783,59.5790552778754,60.85346984863281,1305400,0.0,0.0
2012-08-15,60.90515014115216,61.81790720875208,60.707095732525644,61.395973205566406,1217100,0.0,0.0
2012-08-16,61.44761231552181,62.64453135817018,61.31844701941604,62.394813537597656,1519900,0.0,0.0
2012-08-17,62.61008189796723,62.91146318533909,62.351757895771065,62.747859954833984,1102300,0.0,0.0
2012-08-20,62.44648919954575,62.68760086509384,61.499287792852265,61.63706588745117,1328100,0.0,0.0
2012-08-21,61.79206150898851,62.05899834898325,61.44762285019533,61.998722076416016,736600,0.0,0.0
2012-08-22,62.00734473102214,62.36038964957117,61.91262392051878,62.17094802856445,594200,0.0,0.0
2012-08-23,62.0503948393473,62.317338288814916,61.91262329703476,61.96428680419922,657500,0.0,0.0
2012-08-24,61.88679235434866,62.30011355632394,61.61124269649111,61.972900390625,831000,0.0,0.0
2012-08-27,62.30010317084539,62.30010317084539,61.43039703930429,61.4820671081543,701900,0.0,0.0
2012-08-28,61.473462477844386,62.38621945643973,61.103192021874634,62.07622528076172,627600,0.0,0.0
2012-08-29,62.14513529530693,62.29151965829846,61.44765144959808,61.51654052734375,984700,0.0,0.0
2012-08-30,61.24096078120885,61.550954909559906,60.91374110704894,61.15484619140625,452600,0.0,0.0
2012-08-31,61.568191438794116,61.74902030361627,60.758761365151685,61.2409782409668,377500,0.0,0.0
2012-09-04,61.240948826934144,61.2926123150343,59.41542893516741,60.50040817260742,843500,0.0,0.0
2012-09-05,60.40569338931384,61.32706291299613,60.28514085871019,60.48318862915039,845700,0.0,0.0
2012-09-06,60.741544592921585,62.11068029191625,60.53488396412715,61.4131965637207,1057700,0.0,0.0
2012-09-07,61.37010626043554,61.525103291105715,60.25068910081265,60.61234664916992,1470700,0.0,0.0
2012-09-10,60.66402874975622,60.974022906212205,60.147374012203386,60.15598678588867,1478300,0.0,0.0
2012-09-11,60.34543756820079,60.91375589506769,60.10433242531045,60.750152587890625,768700,0.0,0.0
2012-09-12,60.85348455581953,61.08598351223562,60.31099794022024,60.78459548950195,661500,0.0,0.0
2012-09-13,60.87931276826228,60.87931276826228,59.41545632718076,59.82017135620117,980700,0.0,0.0
2012-09-14,59.82019134619109,59.82019134619109,58.20133068913813,58.55438232421875,1585800,0.0,0.0
2012-09-17,58.18406045636294,59.449868363460936,58.14961594403699,58.45960998535156,777100,0.0,0.0
2012-09-18,58.23575972452186,58.31326156728303,57.615777830547685,58.28742980957031,1150400,0.0,0.0
2012-09-19,58.020243368091144,59.752578686616715,58.020243368091144,58.847625732421875,1566800,0.06,0.0
2012-09-20,58.632151337286714,59.65776363315971,58.17536801825234,59.64914321899414,1469100,0.0,0.0
2012-09-21,59.899075853808014,59.899075853808014,58.968268492648356,59.0113639831543,1087700,0.0,0.0
2012-09-24,58.60629937907701,58.99413255361161,58.31327103839749,58.46839904785156,785400,0.0,0.0
2012-09-25,58.718326825345166,58.83037246611454,58.20121383666992,58.20121383666992,790400,0.0,0.0
2012-09-26,58.218466204542416,58.66662913012572,57.87372195192849,58.46839904785156,826400,0.0,0.0
2012-09-27,58.65801613718638,58.839005413231924,57.95991370451777,58.70973205566406,466000,0.0,0.0
2012-09-28,58.5459665312632,59.12340934296434,58.278792872958064,58.98551559448242,963800,0.0,0.0
2012-10-01,59.06307904927933,59.07169946330771,58.3563563342861,58.59767532348633,1228400,0.0,0.0
2012-10-02,58.82176543842025,59.149268871501505,58.47702117570583,59.07170486450195,596200,0.0,0.0
2012-10-03,59.381960271117904,59.51124016158355,58.64938299241042,58.718326568603516,455300,0.0,0.0
2012-10-04,58.92516624983233,60.02834217260091,58.70108158569272,59.89044189453125,631200,0.0,0.0
2012-10-05,60.097323727188126,60.88161059848774,59.9163278737453,60.21798324584961,519200,0.0,0.0
2012-10-08,60.028370913177994,61.25220687748607,59.864615898428916,60.8385124206543,668000,0.0,0.0
2012-10-09,60.87298134359537,61.13154117486864,60.15764475124536,60.269683837890625,631200,0.0,0.0
2012-10-10,60.14040827250302,60.60581205719003,59.43368546807832,59.562965393066406,762000,0.0,0.0
2012-10-11,59.94217965163247,59.94217965163247,58.73557808017974,59.02860641479492,571500,0.0,0.0
2012-10-12,59.08032317025613,59.08032317025613,58.52011458527488,58.5804443359375,520800,0.0,0.0
2012-10-15,58.70110452829924,58.70110452829924,57.47726867162207,58.4080696105957,529100,0.0,0.0
2012-10-16,58.19258775021266,59.30438418396424,58.0374532111904,58.7527961730957,744700,0.0,0.0
2012-10-17,58.692490807992414,58.91657558527129,58.02024305160628,58.907955169677734,698400,0.0,0.0
2012-10-18,58.761438838962604,59.399211485167115,57.9340565093175,58.873477935791016,1012900,0.0,0.0
2012-10-19,58.8045255515405,59.14926320578371,58.477015574380474,58.97689437866211,515400,0.0,0.0
2012-10-22,56.6757436679571,57.2445661247223,55.46914200983845,57.01186752319336,2884100,0.0,0.0
2012-10-23,56.624035540601724,58.21847718781099,56.08106767872917,57.99439239501953,1296700,0.0,0.0
2012-10-24,58.16674236518504,58.27878801289768,56.91705201715815,57.61515426635742,835800,0.0,0.0
2012-10-25,57.813399677770946,58.778675819387516,57.813399677770946,58.52012252807617,835100,0.0,0.0
2012-10-26,58.70112362520955,58.90796761500068,58.27019481079776,58.72697830200195,705000,0.0,0.0
2012-10-31,59.16649450552724,61.295282712447914,58.752800181428206,61.1401481628418,819800,0.0,0.0
2012-11-01,60.88161137476448,72.39602774160879,60.398973293964644,69.81045532226562,4395200,0.0,0.0
2012-11-02,69.66395043225863,70.00869478262867,68.41425298409868,68.9227523803711,2432800,0.0,0.0
2012-11-05,69.03475676681316,69.86213884615671,68.31941375040371,69.62944030761719,906800,0.0,0.0
2012-11-06,69.63808905213482,70.46547146809402,69.08650077482868,69.32781982421875,1306300,0.0,0.0
2012-11-07,69.0002906002097,69.88800253196852,68.61245746075458,68.74173736572266,983200,0.0,0.0
2012-11-08,68.64694476254049,70.20690458733407,68.25910497858416,68.43148040771484,2073400,0.0,0.0
2012-11-09,67.56099861129077,69.60360294242089,67.21625434869561,67.57823944091797,1818000,0.0,0.0
2012-11-12,68.50042613307353,68.7934544804001,67.13006950609676,67.45757293701172,846500,0.0,0.0
2012-11-13,67.23349199139138,69.43122423229232,67.23349199139138,68.31942749023438,1464200,0.0,0.0
2012-11-14,68.64693443562989,69.03476758579221,66.62157112004468,67.09558868408203,1043900,0.0,0.0
2012-11-15,66.78530964096558,67.26795412298111,66.16477143226582,66.79393005371094,937700,0.0,0.0
2012-11-16,66.80255071860748,67.22485888844783,66.27681732177734,66.27681732177734,1467200,0.0,0.0
2012-11-19,66.73359232197461,67.41446018744026,66.48365298588362,67.04386138916016,813200,0.0,0.0
2012-11-20,66.8198382403598,67.64722098955811,66.45785952048308,66.92326354980469,601900,0.0,0.0
2012-11-21,66.89736947907727,67.388627902658,66.50091588947264,67.16454315185547,238600,0.0,0.0
2012-11-23,67.07835403624678,68.19015072239692,66.91459904803459,68.12120056152344,198500,0.0,0.0
2012-11-26,67.72474857037342,68.12982255558818,66.8715051045362,67.3627700805664,741200,0.0,0.0
2012-11-27,67.27657639775431,67.2851968115808,65.527007191578,66.02688598632812,1326100,0.0,0.0
2012-11-28,65.90623907550086,67.28520965576172,65.75110447425587,67.28520965576172,487900,0.0,0.0
2012-11-29,61.579719142530415,63.820554026531006,61.50215511946718,63.71712875366211,3211200,0.0,0.0
2012-11-30,63.363755324566974,63.68264494064876,62.915592354418585,63.04487228393555,1948100,0.0,0.0
2012-12-03,63.355122871874826,63.96704067800306,62.00200736808177,63.06208801269531,1363200,0.0,0.0
2012-12-04,62.786288028391425,62.84661776199731,62.027856152282034,62.3812141418457,866100,0.0,0.0
2012-12-05,62.562217107055545,62.88110666938755,62.07095871805444,62.22609329223633,692500,0.0,0.0
2012-12-06,62.34674388401436,62.562208174310975,61.769301164127015,62.0106201171875,496500,0.0,0.0
2012-12-07,62.26056262113045,62.320892362436396,61.60555587993694,61.72621536254883,424700,0.0,0.0
2012-12-10,61.30394224825766,62.872523163365024,61.24361246596327,62.65705871582031,643500,0.0,0.0
2012-12-11,63.00179122593268,63.208635215310196,62.519153058901175,62.76909255981445,980100,0.0,0.0
2012-12-12,63.165532602077604,65.01852741420686,62.59670353514239,62.73460388183594,1011200,0.0,0.0
2012-12-13,62.881110831403134,63.44131941833103,62.734596661491906,62.94144058227539,481900,0.0,0.0
2012-12-14,62.88969701453547,63.39818941290341,62.41567310466188,62.56218719482422,686900,0.0,0.0
2012-12-17,62.85527299688954,63.33791113312582,62.59671309507642,62.95869827270508,731000,0.0,0.0
2012-12-18,63.18275718616133,63.277562016138546,62.648409863143705,62.82939910888672,1168900,0.0,0.0
2012-12-19,63.010532777828836,63.31242996337955,62.096207126191544,62.13071060180664,635800,0.06,0.0
2012-12-20,62.33773078150092,62.88977986278726,61.64768094640798,61.828819274902344,442100,0.0,0.0
2012-12-21,61.190531186553194,61.725318742912634,60.39696420660247,60.612606048583984,1210300,0.0,0.0
2012-12-24,60.810961132341,61.31987240002455,60.55218845262429,61.0524787902832,178600,0.0,0.0
2012-12-26,61.05253263121686,61.38893346299577,60.48324144700194,60.89727020263672,511600,0.0,0.0
2012-12-27,60.871360131992446,61.69942376030509,60.45732502740376,61.5355339050293,619300,0.0,0.0
2012-12-28,61.17323775941863,61.97542517134332,61.06110644107786,61.68215560913086,422100,0.0,0.0
2012-12-31,61.57867828750835,62.57925950241339,61.50105039024822,62.406742095947266,454500,0.0,0.0
2013-01-02,63.39005196148321,63.622948755042096,61.837435188170005,62.52748489379883,800500,0.0,0.0
2013-01-03,62.83800956463436,63.34692755661767,62.216960222963294,62.52748489379883,520600,0.0,0.0
2013-01-04,62.75174261240532,63.51942663473407,62.441217998782086,63.50217819213867,615000,0.0,0.0
2013-01-07,63.09681323127628,63.65748341614177,63.09681323127628,63.28657913208008,1054400,0.0,0.0
2013-01-08,63.11400485446587,63.53666728234874,62.22556219239912,62.25143814086914,840000,0.0,0.0
2013-01-09,62.44125747680664,63.15719004312902,62.294622589015525,62.44125747680664,537600,0.0,0.0
2013-01-10,62.58788085096389,62.58788085096389,61.68218913927575,61.897830963134766,583200,0.0,0.0
2013-01-11,62.17382694131273,63.605684647187715,61.65628809076591,62.35496520996094,780200,0.0,0.0
2013-01-14,62.12209848853668,62.82078252644101,62.018594616896564,62.605140686035156,663200,0.0,0.0
2013-01-15,62.415358628328875,63.58845046240627,61.690798810403415,63.51944351196289,442000,0.0,0.0
2013-01-16,63.67469982543529,63.67469982543529,62.95014665704235,63.27791976928711,368700,0.0,0.0
2013-01-17,63.096791151184036,64.02836529411616,63.05366015941545,63.329681396484375,449700,0.0,0.0
2013-01-18,63.338320448491885,63.64021770326831,63.183058063054496,63.614341735839844,266400,0.0,0.0
2013-01-22,63.614334231840076,64.20950773595402,63.493575344174324,63.898983001708984,418300,0.0,0.0
2013-01-23,63.709221450464,64.64079571600666,63.64021448689796,64.4769058227539,409400,0.0,0.0
2013-01-24,64.69254435977624,65.10657953925981,64.0973708457892,64.701171875,588000,0.0,0.0
2013-01-25,64.70118116656785,65.2532237645794,64.50278777312612,64.90819549560547,702300,0.0,0.0
2013-01-28,65.05483344724755,66.16754621234786,64.90819856478174,65.50337219238281,1043500,0.0,0.0
2013-01-29,65.40846884150879,65.40846884150879,64.2526254335534,64.3216323852539,852000,0.0,0.0
2013-01-30,64.18366244289703,64.59769123249764,63.39872271710623,63.424598693847656,790700,0.0,0.0
2013-01-31,63.37278442160433,63.873074749532165,63.001880431018165,63.41590881347656,1019200,0.0,0.0
2013-02-01,63.65746008029616,63.86447435943584,62.93290023200939,63.53670120239258,952900,0.0,0.0
2013-02-04,63.23481719694391,63.58847300770617,62.225614867140486,62.30324935913086,1063400,0.0,0.0
2013-02-05,62.51024847097615,63.303808746468256,62.46711747695051,63.20029830932617,759000,0.0,0.0
2013-02-06,62.838014488185465,63.338305006049175,62.56199326813393,62.88114547729492,848200,0.0,0.0
2013-02-07,68.87597754385672,69.86793096634185,63.54531291800495,66.53842163085938,5130000,0.0,0.0
2013-02-08,67.57352214645412,68.76386928546518,67.28887992617744,68.05656433105469,1298200,0.0,0.0
2013-02-11,67.84091513934366,68.06518446569906,66.61607123078069,67.61664581298828,758100,0.0,0.0
2013-02-12,67.616667396556,67.82368175880552,66.85761034772914,67.79780578613281,876100,0.0,0.0
2013-02-13,68.05658677717776,68.25497364519966,67.15088814059638,68.1169662475586,1038500,0.0,0.0
2013-02-14,67.84955071363555,68.76386999611456,67.78916468167819,68.00480651855469,1005400,0.0,0.0
2013-02-15,67.9961645531253,68.29806171520687,67.21985286429799,68.1427993774414,1247100,0.0,0.0
2013-02-19,68.24632794614627,70.24748384239997,67.77191329323136,69.62643432617188,1730700,0.0,0.0
2013-02-20,69.36762610306882,69.81616456073317,68.47918327994434,68.57406616210938,648700,0.0,0.0
2013-02-21,68.36707456951493,69.04850341188376,67.76327361230531,68.1945571899414,915200,0.0,0.0
2013-02-22,68.31532420596835,68.53959353570629,67.82366113210905,68.3239517211914,538200,0.0,0.0
2013-02-25,68.53957404583497,68.78109175647526,67.59075164794922,67.59075164794922,579900,0.0,0.0
2013-02-26,67.64253101956521,68.0824422172892,65.91739629375616,66.54707336425781,990200,0.0,0.0
2013-02-27,66.66780986455728,66.91795510544108,65.74486335964471,66.67643737792969,720800,0.0,0.0
2013-02-28,66.71960673340749,66.92662112776353,65.8484115600586,65.8484115600586,1180800,0.0,0.0
2013-03-01,65.874267578125,66.12441288675804,65.227342098136,65.874267578125,1272700,0.0,0.0
2013-03-04,65.76212746975607,66.63332226367771,65.64136857723615,66.43492889404297,1098400,0.0,0.0
2013-03-05,66.47805266761303,66.84032930581213,66.17615546911377,66.37454223632812,1288600,0.0,0.0
2013-03-06,66.50393321004174,66.62469209775756,65.52923459323095,65.71037292480469,1255700,0.0,0.0
2013-03-07,65.58961829899395,66.20204029245144,65.2963419948662,65.74488067626953,965500,0.0,0.0
2013-03-08,65.9346262777536,66.55567559604707,65.23594250424132,66.27964782714844,736400,0.0,0.0
2013-03-11,66.31413947602785,67.33196865936205,66.27963601106667,66.87480926513672,689400,0.0,0.0
2013-03-12,66.64191693308285,66.98694499059864,66.32276482822977,66.7281723022461,660600,0.0,0.0
2013-03-13,66.8834883520084,68.01344973215869,66.6937224388205,67.94444274902344,645000,0.0,0.0
2013-03-14,68.05657397046615,68.24633986477305,66.72821929118523,66.99561309814453,763300,0.0,0.0
2013-03-15,67.19400492079153,68.65173942002261,66.77134871765436,68.63449096679688,1237200,0.0,0.0
2013-03-18,68.22043531583509,69.66092751229422,68.1514349426819,69.60916900634766,1219200,0.0,0.0
2013-03-19,69.55740544126672,69.81617818509953,68.80696974884297,69.06574249267578,1370300,0.0,0.0
2013-03-20,69.11754874082834,69.66137122160349,68.88448384501058,69.24703216552734,730100,0.06,0.0
2013-03-21,68.97942635873807,69.67862751482896,68.92762904605765,69.0830078125,616300,0.0,0.0
2013-03-22,69.16071302018882,69.43694125660423,68.168015531702,68.89311218261719,586900,0.0,0.0
2013-03-25,68.91035566673733,69.8685234619918,68.47874878908391,69.51460266113281,1150900,0.0,0.0
2013-03-26,69.79949396684688,70.44690455403445,69.54052709765142,70.43827056884766,969300,0.0,0.0
2013-03-27,69.93758336141346,70.52456904395468,69.88579263777129,70.4727783203125,551000,0.0,0.0
2013-03-28,70.21384277083396,71.70720629635167,70.17068601053003,71.34465789794922,1291300,0.0,0.0
2013-04-01,71.24969603516507,71.67266912050812,70.49006996147531,71.0770492553711,749200,0.0,0.0
2013-04-02,71.20651148406668,71.56906632074218,70.20518680272299,71.50000762939453,956300,0.0,0.0
2013-04-03,71.47413955444797,71.60361641790821,70.3519584419127,70.88715362548828,846100,0.0,0.0
2013-04-04,70.9561996459961,71.62087822158546,70.72313472603956,70.9561996459961,819500,0.0,0.0
2013-04-05,70.4555097157468,70.4555097157468,69.7045113709556,69.87715148925781,913700,0.0,0.0
2013-04-08,69.92034374383476,70.04982717903913,69.35925324848328,69.6009521484375,837500,0.0,0.0
2013-04-09,69.03122447964317,69.03122447964317,67.76229884874752,67.94357299804688,1462900,0.0,0.0
2013-04-10,68.19390354766361,70.65406204203326,68.19390354766361,70.1188735961914,1758800,0.0,0.0
2013-04-11,69.94623634883303,71.96616073509321,69.75632819614694,71.65540313720703,1041800,0.0,0.0
2013-04-12,71.61222855904293,72.09562626397404,70.42099567797705,70.77490997314453,1009100,0.0,0.0
2013-04-15,70.68860083787281,70.9561950965549,69.04849276050993,69.29019165039062,1004500,0.0,0.0
2013-04-16,69.65276831899565,69.89446728434305,68.88450807094019,69.46286010742188,720300,0.0,0.0
2013-04-17,69.27293098074233,69.27293098074233,68.23707670320111,68.90174865722656,762800,0.0,0.0
2013-04-18,68.8844953772118,68.93628612144165,68.02990858260927,68.12486267089844,653600,0.0,0.0
2013-04-19,68.31476416411108,69.65274866943238,67.31343922075274,68.9967041015625,1045000,0.0,0.0
2013-04-22,68.92765479909666,69.03124287736105,67.97812046531298,68.25434875488281,564400,0.0,0.0
2013-04-23,68.66866179314445,70.11886126948434,68.651393828753,69.53187561035156,654600,0.0,0.0
2013-04-24,69.46284051267834,70.29152526830732,69.46284051267834,70.07572174072266,663800,0.0,0.0
2013-04-25,71.3014873155934,72.5186224255938,70.82672348562123,71.64677429199219,1281900,0.0,0.0
2013-04-26,71.68130606247072,71.87121423517631,71.18927424491605,71.59498596191406,710400,0.0,0.0
2013-04-29,71.64677822565933,72.14744403963586,71.43960866276623,71.6640396118164,764800,0.0,0.0
2013-04-30,71.64676138649425,72.44955066305202,71.06840959203866,72.40638732910156,792000,0.0,0.0
2013-05-01,72.3805241142159,73.34732658627544,72.02660964465503,72.80349731445312,688100,0.0,0.0
2013-05-02,72.88981024607905,73.35594671134987,72.44956915346741,73.019287109375,674500,0.0,0.0
2013-05-03,73.39048604034596,74.01200146757992,72.6308597325063,72.993408203125,694600,0.0,0.0
2013-05-06,73.12286257409156,73.41635878047973,72.53587674711586,73.2955093383789,394100,0.0,0.0
2013-05-07,73.64076891247085,73.97742177557028,73.03652187249722,73.87384033203125,429300,0.0,0.0
2013-05-08,73.80481805391469,74.12420969591393,73.03655790162114,73.47679901123047,503400,0.0,0.0
2013-05-09,73.30412513651713,73.97743094618232,73.01926295987428,73.13148498535156,428100,0.0,0.0
2013-05-10,73.20053950506768,74.21049816196143,72.95883408710233,73.7443618774414,537400,0.0,0.0
2013-05-13,73.58899533888872,73.70121079080478,72.21648820577573,73.3731918334961,728000,0.0,0.0
2013-05-14,73.5286107542391,74.43498860592798,73.3387025121097,74.34003448486328,387700,0.0,0.0
2013-05-15,74.20188685609837,74.70255263905118,73.73575042912175,74.58170318603516,348700,0.0,0.0
2013-05-16,74.51265002322846,75.03057722984008,73.40773689290987,73.73575592041016,610600,0.0,0.0
2013-05-17,73.86524998618793,74.63351021335154,73.81345923382268,74.37454986572266,572900,0.0,0.0
2013-05-20,74.05514481628691,75.08237179133786,73.69259644361064,74.68528747558594,630400,0.0,0.0
2013-05-21,75.24638615489764,76.60163229211624,75.14280465765941,75.25502014160156,748500,0.0,0.0
2013-05-22,75.31545522319179,75.38451395470551,73.84799340044225,74.06379699707031,516900,0.0,0.0
2013-05-23,73.00204427270377,73.73577522296316,71.83670610631494,72.57907104492188,1444700,0.0,0.0
2013-05-24,72.29415593315116,72.52722076199021,71.75033360866095,71.9833984375,589900,0.0,0.0
2013-05-28,72.50997381666153,72.9674761691577,71.53454439692062,72.19058227539062,543800,0.0,0.0
2013-05-29,71.76763052209583,72.06112678477689,70.61955401613511,70.92168426513672,770200,0.0,0.0
2013-05-30,71.07705143886054,71.55182186562737,70.42101341289366,70.84398651123047,525100,0.0,0.0
2013-05-31,70.59363914187723,71.75034931462378,70.3605742620209,70.36920166015625,493300,0.0,0.0
2013-06-03,70.38647562013425,71.27558505297388,69.31609202401863,71.2583236694336,918000,0.0,0.0
2013-06-04,71.12019687058095,71.98341082127212,70.67995591170452,70.77490997314453,548800,0.0,0.0
2013-06-05,70.74905610430902,71.5950091699093,70.37787362437273,70.3951416015625,472400,0.0,0.0
2013-06-06,70.58499312988513,71.8539185343605,70.4727777010468,71.84529113769531,343400,0.0,0.0
2013-06-07,72.06974741201466,72.9674909167231,71.80215313344435,72.78621673583984,541500,0.0,0.0
2013-06-10,72.7861851790232,73.33864146766183,71.98339610556418,72.18193817138672,369900,0.0,0.0
2013-06-11,71.55182110566574,72.00069615635071,71.30148820928399,71.37918090820312,486900,0.0,0.0
2013-06-12,71.7244700710351,72.00070495802562,70.81809904485567,71.085693359375,461300,0.0,0.0
2013-06-13,71.1633901671363,71.91438240554533,70.9562139899591,71.43098449707031,466500,0.0,0.0
2013-06-14,71.31012196354712,72.19923149061763,70.47280317838708,71.19790649414062,521900,0.0,0.0
2013-06-17,71.28422659259188,72.0352186934993,70.87851488548948,71.19790649414062,521000,0.0,0.0
2013-06-18,71.21517408037036,72.25966250991956,70.90441643024641,72.24240112304688,345100,0.0,0.0
2013-06-19,71.95729560505107,72.97661886630985,71.21439865580197,72.62244415283203,1079300,0.06,0.0
2013-06-20,72.29423791342028,72.38926013905522,71.46495842740134,71.59452819824219,704100,0.0,0.0
2013-06-21,71.71544200377754,71.76727648646971,69.59905292698072,69.74590301513672,966500,0.0,0.0
2013-06-24,68.9770940595965,69.85820779769544,68.66611351562341,69.29671478271484,706000,0.0,0.0
2013-06-25,69.72000412385796,70.46290149444866,69.72000412385796,70.30741119384766,501700,0.0,0.0
2013-06-26,69.78046393774007,70.01370265626211,68.64884424502714,68.89071655273438,1178600,0.0,0.0
2013-06-27,69.29672542977156,69.75455613692905,68.98574483801804,69.12395477294922,672900,0.0,0.0
2013-06-28,69.11531203189095,70.61838029933696,68.84751919690473,70.11735534667969,831400,0.0,0.0
2013-07-01,70.59249158738314,71.43904492950969,70.36789297822524,70.73934173583984,721300,0.0,0.0
2013-07-02,70.83435664174041,71.40448999279786,70.0050771597248,70.37652587890625,456300,0.0,0.0
2013-07-03,70.16053491670424,71.00708777839884,69.99640449655911,70.82568359375,262900,0.0,0.0
2013-07-05,71.36994232229043,71.61181470263911,70.3592518893648,71.33538818359375,272100,0.0,0.0
2013-07-08,71.78454276998922,72.57063420203515,71.64633287511148,72.32012176513672,616000,0.0,0.0
2013-07-09,72.57927663037408,72.7002193650957,71.81910563963812,71.87093353271484,376600,0.0,0.0
2013-07-10,71.91414794460884,71.96597585217673,71.3526547806896,71.48223114013672,829100,0.0,0.0
2013-07-11,72.1300949092599,72.3201393275769,71.44766567554265,71.49085998535156,787900,0.0,0.0
2013-07-12,71.6376844050192,71.974578811036,71.1193858258029,71.4130859375,505600,0.0,0.0
2013-07-15,71.61178428607138,72.11280919857454,70.9466289321042,72.02642059326172,461200,0.0,0.0
2013-07-16,71.94868926381821,72.25966983488627,70.704766979546,71.16259765625,450300,0.0,0.0
2013-07-17,71.30947466224762,71.60317495716909,70.35061872678126,70.39380645751953,460800,0.0,0.0
2013-07-18,70.402409732703,71.40445946412952,70.31602772598254,71.26624298095703,1014800,0.0,0.0
2013-07-19,70.96390392467403,71.47356238675927,70.8429677950089,71.01573181152344,355900,0.0,0.0
2013-07-22,70.87755025008671,71.68954936093567,70.47154739939853,71.48223114013672,548300,0.0,0.0
2013-07-23,71.68955369028093,72.20785256884217,71.23172290437638,71.43904113769531,583200,0.0,0.0
2013-07-24,71.5426829906391,71.65497896172344,70.20373856447337,70.42833709716797,518000,0.0,0.0
2013-07-25,70.74795711921014,71.23170171657421,70.01370004377515,71.02438354492188,925300,0.0,0.0
2013-07-26,71.63770424975813,72.06962095050658,71.16259324272451,71.38719177246094,620100,0.0,0.0
2013-07-29,71.36127230363526,71.59450440416275,70.77386537244436,71.11940002441406,332100,0.0,0.0
2013-07-30,71.29216667281598,71.52540537243276,70.96391236618096,70.99846649169922,482700,0.0,0.0
2013-07-31,71.05032639732656,71.75866981328971,70.8430081413328,71.25764465332031,521400,0.0,0.0
2013-08-01,71.84503491509113,72.32014600474967,71.24035406509569,72.06963348388672,912800,0.0,0.0
2013-08-02,71.94870432303438,72.14738236859056,71.5513416413944,72.10419464111328,412700,0.0,0.0
2013-08-05,71.86230087809383,72.38923976630676,71.61178840742492,72.0523452758789,445700,0.0,0.0
2013-08-06,72.06099405150454,72.06099405150454,71.26626875739103,71.85367584228516,637600,0.0,0.0
2013-08-07,71.54268479184249,71.63770699689309,70.67885135721966,71.08485412597656,996400,0.0,0.0
2013-08-08,71.69817919573943,71.81911535629735,68.5279118901361,70.5320053100586,2492100,0.0,0.0
2013-08-09,70.26421482680117,71.90549982060705,70.02234249749797,71.84503173828125,1403600,0.0,0.0
2013-08-12,71.81908467824654,72.13006512699404,71.18849019477564,71.22303771972656,687100,0.0,0.0
2013-08-13,71.46493337246798,73.36536403783896,71.18850697404083,72.98527526855469,1200800,0.0,0.0
2013-08-14,72.8038734614763,73.14076793970679,72.13872468383607,72.17327880859375,405500,0.0,0.0
2013-08-15,71.6463426075158,71.9314026139625,70.72204115503548,70.73067474365234,717700,0.0,0.0
2013-08-16,70.54064203835107,70.7134060905435,69.72863649388914,69.79774475097656,640900,0.0,0.0
2013-08-19,69.75456951840812,70.34197668323688,69.33992645301748,69.4090347290039,680900,0.0,0.0
2013-08-20,69.56449073312628,70.91206849735683,69.38308654105867,70.5406265258789,602800,0.0,0.0
2013-08-21,70.47150556561738,71.0243582199113,70.14324477114546,70.60108184814453,685600,0.0,0.0
2013-08-22,70.54928037382354,71.05030538562484,70.42834421104757,70.66158294677734,382200,0.0,0.0
2013-08-23,70.86889057290651,71.84501990989443,70.63565187195923,71.7068099975586,479100,0.0,0.0
2013-08-26,71.81913818662908,72.47565368873124,71.71547576297235,71.78458404541016,266600,0.0,0.0
2013-08-27,71.11076628420189,71.36127876479857,70.42833709716797,70.42833709716797,582000,0.0,0.0
2013-08-28,70.31603429267396,70.60973446105663,69.92730534034213,70.03096771240234,311100,0.0,0.0
2013-08-29,69.9705003637717,70.4801588696359,69.69407395928893,70.19509887695312,403100,0.0,0.0
2013-08-30,69.76317658058828,70.08279067186537,68.8734293688848,69.16712951660156,658400,0.0,0.0
2013-09-03,70.27282855997403,70.27282855997403,68.59699665599301,68.91661071777344,904200,0.0,0.0
2013-09-04,68.97707877734196,69.14120919210977,68.54516218313128,68.91661071777344,854600,0.0,0.0
2013-09-05,68.85613072010906,69.52991943577413,68.85613072010906,69.14119720458984,296300,0.0,0.0
2013-09-06,69.14122167715914,69.44356202959634,68.16509237056893,68.34649658203125,546800,0.0,0.0
2013-09-09,68.51063343377898,69.07212653227499,68.51063343377898,68.79570007324219,406900,0.0,0.0
2013-09-10,69.09803000803295,70.19510208794837,69.0375619352402,70.03961181640625,727600,0.0,0.0
2013-09-11,70.01368388547434,70.44560048787572,69.7631714652186,70.35057830810547,285400,0.0,0.0
2013-09-12,70.25558712990521,70.40243725779617,69.14124101312099,69.42630767822266,380100,0.0,0.0
2013-09-13,69.60767920952031,69.60767920952031,68.4674196758133,68.57107543945312,414300,0.0,0.0
2013-09-16,69.1239302482228,69.28806066633993,68.82158994421046,68.86478424072266,573300,0.0,0.0
2013-09-17,68.8216126895271,69.23625566529955,68.64884862742905,69.04621124267578,337200,0.0,0.0
2013-09-18,69.20183823575383,69.52169259267463,68.37192909414742,69.4698257446289,505000,0.06,0.0
2013-09-19,69.51302103710174,70.08357589367526,69.5043743678499,69.7723617553711,733300,0.0,0.0
2013-09-20,70.17001733590274,70.29104431409979,69.67726275453605,69.72048950195312,775500,0.0,0.0
2013-09-23,69.6513536950468,69.76373404395451,68.70042427869801,68.97705841064453,696200,0.0,0.0
2013-09-24,68.81279209947067,69.66862775882237,68.5015779332561,69.24503326416016,665400,0.0,0.0
2013-09-25,69.27095248660501,70.5158088964184,69.13263877188986,70.42071533203125,768900,0.0,0.0
2013-09-26,70.54175596920415,70.96535045912836,70.37750881338347,70.61091613769531,541400,0.0,0.0
2013-09-27,70.19593702878707,71.15551259374453,70.19593702878707,70.93939208984375,639600,0.0,0.0
2013-09-30,70.31702304604886,71.59646040581242,70.1441291358959,71.47543334960938,722700,0.0,0.0
2013-10-01,71.49266771467677,72.56463027765768,71.40622082294607,72.1669692993164,1005100,0.0,0.0
2013-10-02,71.6655922245472,71.79526590354396,70.88755674604394,71.42353820800781,437400,0.0,0.0
2013-10-03,71.19877809557921,71.58779257620266,70.26513542750938,70.80111694335938,423100,0.0,0.0
2013-10-04,70.7751749082224,71.89899804625803,70.76652823767863,71.8903579711914,281500,0.0,0.0
2013-10-07,71.54457269144774,71.54457269144774,70.58499660028083,70.87027740478516,455600,0.0,0.0
2013-10-08,70.74923055562549,71.31979205791767,70.05764865053173,70.23918914794922,493600,0.0,0.0
2013-10-09,70.2132702004535,70.37752398716488,69.40065453416958,69.57355499267578,530100,0.0,0.0
2013-10-10,70.23921151292028,70.71467958289159,69.65136307890069,70.68009948730469,483700,0.0,0.0
2013-10-11,70.73194085871849,71.19011541814459,69.9193253937883,71.1728286743164,504000,0.0,0.0
2013-10-14,71.02587634140369,72.28801983958054,70.88755599314896,72.27937316894531,405100,0.0,0.0
2013-10-15,72.01135140416974,72.01135140416974,71.10364268909801,71.31976318359375,585200,0.0,0.0
2013-10-16,84.07956863900199,85.84311370617625,82.25551006148008,83.1286392211914,7301800,0.0,0.0
2013-10-17,83.5522206041516,84.69333704448435,82.8346986693841,84.04497528076172,3577600,0.0,0.0
2013-10-18,84.15734452422963,85.50594130001711,84.15734452422963,85.32439422607422,1300500,0.0,0.0
2013-10-21,85.67881478639944,85.92951536733312,84.52040543296357,85.1082534790039,615800,0.0,0.0
2013-10-22,85.583774645989,86.10246287020229,84.75387216815199,85.34172058105469,779300,0.0,0.0
2013-10-23,85.35034902815933,86.30991841053833,84.97862133767921,86.24940490722656,498800,0.0,0.0
2013-10-24,85.964131720324,86.02464522433158,85.15151615609885,85.94683837890625,767400,0.0,0.0
2013-10-25,87.58933615347311,88.81689929334372,87.32998885553954,88.75638580322266,826700,0.0,0.0
2013-10-28,88.75643628072754,88.88611000344228,87.18307804730479,87.31275177001953,617900,0.0,0.0
2013-10-29,87.26948112717348,87.75359567558024,86.42229220954498,86.70757293701172,952100,0.0,0.0
2013-10-30,86.68163423940888,87.19168220793595,85.60967807222623,86.44822692871094,729400,0.0,0.0
2013-10-31,86.44822454266519,87.31270678809184,85.73934936523438,85.73934936523438,981500,0.0,0.0
2013-11-01,84.94407039169857,86.56929546353534,84.08822778564098,86.37046813964844,977300,0.0,0.0
2013-11-04,86.32722409968893,86.68165849964716,85.86040275216399,85.91226959228516,675900,0.0,0.0
2013-11-05,85.81714227023897,86.69027111026286,85.16878064155775,85.80850219726562,618500,0.0,0.0
2013-11-06,86.44824856568393,86.46553531338677,84.84031061472398,85.16017150878906,684000,0.0,0.0
2013-11-07,85.16017799680583,85.79989323819542,83.49172640855629,83.56952667236328,651100,0.0,0.0
2013-11-08,83.78564848265812,84.68471114027523,83.55224109249261,83.82022857666016,426200,0.0,0.0
2013-11-11,83.64732848363177,86.04194210481496,83.64732848363177,85.96414184570312,728300,0.0,0.0
2013-11-12,85.56645335995375,85.85172748106673,85.15149899078115,85.79121398925781,419000,0.0,0.0
2013-11-13,85.6442731668528,86.61249585254347,85.50595940916982,86.1716079711914,367300,0.0,0.0
2013-11-14,86.08513721184039,86.40499139787299,84.84028075999824,85.47999572753906,289000,0.0,0.0
2013-11-15,85.79987004530942,86.0505707089393,85.3157620578733,85.87767028808594,402600,0.0,0.0
2013-11-18,86.17160212163218,86.439589543342,84.6328245723047,84.98725891113281,407300,0.0,0.0
2013-11-19,85.00455063034843,85.00455063034843,83.84614085753397,83.90665435791016,476400,0.0,0.0
2013-11-20,84.55500984089002,85.04776447751388,83.6473074026231,84.4339828491211,308800,0.0,0.0
2013-11-21,86.44823089030777,87.2089729477709,85.72206891665796,86.4828109741211,949900,0.0,0.0
2013-11-22,86.44823631032415,86.63842348548317,85.76529445201534,86.53468322753906,915500,0.0,0.0
2013-11-25,86.49148080971844,86.81133512857696,85.71344520422223,86.55199432373047,750100,0.0,0.0
2013-11-26,86.4482459720954,88.9033729918736,86.40501921091825,87.75361633300781,2340800,0.0,0.0
2013-11-27,88.4019817639957,88.75641615721118,87.6671729625195,88.2031478881836,400600,0.0,0.0
2013-11-29,88.07343001092401,88.27226378698685,87.32133483886719,87.32133483886719,247600,0.0,0.0
2013-12-02,87.61530611106814,89.38749799673695,87.26087169122148,89.08493041992188,650400,0.0,0.0
2013-12-03,88.41061056624989,92.70708907275583,88.41061056624989,92.60335540771484,1766500,0.0,0.0
2013-12-04,91.85126653651973,93.12205687940737,90.12230151936171,91.38444519042969,1425400,0.0,0.0
2013-12-05,90.4680838606413,91.30663283818522,89.90616898538718,90.72742462158203,852800,0.0,0.0
2013-12-06,92.19704151180999,92.41316209360257,89.6900414439207,90.38162994384766,1178200,0.0,0.0
2013-12-09,90.55452539799289,91.28933407019387,89.85429681095718,90.19144439697266,760600,0.0,0.0
2013-12-10,91.17695575151906,96.41571675331336,90.969481831427,94.61759185791016,1707500,0.0,0.0
2013-12-11,94.7040527525856,95.04984044786727,92.4045263251928,92.5428466796875,1043200,0.0,0.0
2013-12-12,92.30944785050652,93.43327783068632,92.11926062966268,93.30360412597656,941800,0.0,0.0
2013-12-13,95.56853582682167,95.56853582682167,93.5283567525967,94.96339416503906,1433100,0.0,0.0
2013-12-16,95.10171977180377,95.43886741243003,94.12485034521359,94.46199798583984,774400,0.0,0.0
2013-12-17,94.77318426182181,94.98930481877747,93.39001401640083,93.7617416381836,846300,0.0,0.0
2013-12-18,94.15096980291204,94.7650911010228,92.44699618745797,94.51425170898438,1104500,0.06,0.0
2013-12-19,94.45371392764254,94.69590848774843,93.19952344437598,93.76174926757812,623500,0.0,0.0
2013-12-20,93.85690192068701,95.11109249000985,93.85690192068701,94.59211730957031,1013900,0.0,0.0
2013-12-23,94.95539053824702,95.43976644886838,94.44506686086048,95.00728607177734,620000,0.0,0.0
2013-12-24,94.94674655088363,95.95875572821154,94.78240848206946,95.38787841796875,130700,0.0,0.0
2013-12-26,95.29273223876953,95.98470353647664,94.76510560907151,95.29273223876953,563400,0.0,0.0
2013-12-27,95.40520461385462,96.82374018055434,94.82567570619824,95.0765151977539,364200,0.0,0.0
2013-12-30,95.43978215017282,95.64737751670046,94.07314894906949,94.8256607055664,479700,0.0,0.0
2013-12-31,94.97270825331523,96.36529581255694,94.70456589031414,95.73387145996094,381300,0.0,0.0
2014-01-02,95.45710036099995,96.77183823072738,94.53159231741358,94.92082214355469,542700,0.0,0.0
2014-01-03,96.209622194928,98.8910001774762,95.64739618266888,97.63680267333984,987700,0.0,0.0
2014-01-06,97.82708199275089,98.52770484870977,96.39125024924124,96.70263671875,1030200,0.0,0.0
2014-01-07,96.85831280735601,98.08655555347539,96.55557124955537,97.8962631225586,922800,0.0,0.0
2014-01-08,97.28215071278228,98.27685703932482,96.79777473427576,97.1351089477539,777200,0.0,0.0
2014-01-09,97.79245782673637,98.79581543911293,97.48972289166642,98.21629333496094,486800,0.0,0.0
2014-01-10,98.84771593292241,100.16246000140298,98.2941415669707,100.02406311035156,678600,0.0,0.0
2014-01-13,99.85973551237444,100.32681520077993,98.40660090371115,98.85638427734375,941700,0.0,0.0
2014-01-14,99.81649468267403,102.05674036959658,98.44985480154095,101.71940612792969,819500,0.0,0.0
2014-01-15,101.76264970560496,103.39742525459035,100.94958435986251,101.6069564819336,958200,0.0,0.0
2014-01-16,101.3907228368569,102.28163155266014,100.46521489142376,101.96159362792969,609900,0.0,0.0
2014-01-17,101.9010238730536,102.94762558893852,101.27825107702662,102.44595336914062,692400,0.0,0.0
2014-01-21,103.5617613969425,104.06343365485496,102.03077705720513,102.06537628173828,821500,0.0,0.0
2014-01-22,102.40270307744635,102.67949025459724,100.98416796965711,101.84912872314453,502000,0.0,0.0
2014-01-23,101.03608055135417,101.6588534548083,99.72134288782833,100.62090301513672,659100,0.0,0.0
2014-01-24,100.33546495461601,101.20907731620085,99.87703673094248,100.31816864013672,782100,0.0,0.0
2014-01-27,100.7593097990566,101.37343134615362,98.4325690866195,99.8165054321289,974300,0.0,0.0
2014-01-28,99.80781478756258,101.77127927487656,99.66077305214299,100.55168151855469,918500,0.0,0.0
2014-01-29,99.8251511721401,100.86310172203434,98.42391199056708,98.51905822753906,643900,0.0,0.0
2014-01-30,99.47050411093247,100.2403187887303,98.9947729733594,99.64349365234375,585800,0.0,0.0
2014-01-31,99.66946388532006,100.3614287602205,98.34606794630396,99.3061752319336,807500,0.0,0.0
2014-02-03,99.85108783366432,100.03272882972469,94.78241646087453,95.33599090576172,1327800,0.0,0.0
2014-02-04,95.98471905475445,96.9707740239742,95.2322006417695,95.36194610595703,1086100,0.0,0.0
2014-02-05,95.02460367265988,97.06591189603486,94.84296267809614,95.79441833496094,1719100,0.0,0.0
2014-02-06,105.09273188049359,109.92785934017162,103.79529074616651,107.9990005493164,3374200,0.0,0.0
2014-02-07,108.66501719889929,110.80147791724093,107.73950945566222,108.1200942993164,1687400,0.0,0.0
2014-02-10,107.70492735937451,108.49204493861123,106.3901897072588,106.66697692871094,1118500,0.0,0.0
2014-02-11,106.79669776651106,108.87260474848554,106.51125915417522,108.50067138671875,927600,0.0,0.0
2014-02-12,108.59582527136816,109.57322854740563,107.50597287390364,108.08549499511719,663300,0.0,0.0
2014-02-13,108.29311306157092,109.85004547967446,107.11676558992129,109.20997619628906,802300,0.0,0.0
2014-02-14,109.59918867268581,110.28250853708542,108.64773305611295,110.14411163330078,786000,0.0,0.0
2014-02-18,110.00571492172335,110.99177630594006,109.06290421720223,109.66838073730469,1020300,0.0,0.0
2014-02-19,109.45215700147365,110.2652223883409,108.7515407590793,108.93318176269531,1096200,0.0,0.0
2014-02-20,108.96777086307723,110.76688441700269,108.7861232772175,110.33440399169922,882700,0.0,0.0
2014-02-21,110.11817104786351,111.13017372608452,110.11817104786351,110.64579772949219,884100,0.0,0.0
2014-02-24,110.98311070597586,111.66643708324972,109.27049213214667,109.41753387451172,1050700,0.0,0.0
2014-02-25,109.5386442824766,110.5679498316926,108.44879173619655,108.5525894165039,823000,0.0,0.0
2014-02-26,109.06291295147508,109.69433729031147,107.68762833549467,108.80342864990234,1105500,0.0,0.0
2014-02-27,108.82936933434664,109.06290585046949,107.62707433102858,108.14604949951172,888100,0.0,0.0
2014-02-28,108.16336512634501,111.09558210205245,108.16336512634501,110.16142272949219,1037400,0.0,0.0
2014-03-03,108.9158703361464,110.00572287179224,108.23255046216126,109.22725677490234,777200,0.0,0.0
2014-03-04,111.00042119325387,112.43625929071656,109.12345783858468,109.34834289550781,1126500,0.0,0.0
2014-03-05,109.3483281929252,109.59916758342221,108.18928404282826,108.63040924072266,692600,0.0,0.0
2014-03-06,109.1840120427569,110.12681621068751,108.86397414951188,109.62513732910156,715100,0.0,0.0
2014-03-07,109.87596211666812,110.82742421317634,109.38293475717148,109.6770248413086,530300,0.0,0.0
2014-03-10,109.69430533234454,110.60251662107329,108.95043867278835,109.65970611572266,612800,0.0,0.0
2014-03-11,110.06626195736578,111.13881810227085,109.40024504402952,109.79812622070312,1022200,0.0,0.0
2014-03-12,108.8639744334583,109.85868074288622,108.34499923696954,109.40889739990234,986000,0.0,0.0
2014-03-13,109.7721726370415,109.7721726370415,107.0907890159598,107.73950958251953,754200,0.0,0.0
2014-03-14,107.64438631411193,108.5353016253377,107.14271398438567,107.77413177490234,521600,0.0,0.0
2014-03-17,108.64774271891592,109.41755741708214,107.9990220227672,109.24456787109375,607700,0.0,0.0
2014-03-18,109.149398308278,109.149398308278,107.81735797170651,108.94180297851562,798700,0.0,0.0
2014-03-19,108.89853291720522,109.4696822545805,106.8562587531862,107.75624084472656,575500,0.06,0.0
2014-03-20,107.62647517287463,108.23223381649697,106.76110190925756,107.95531463623047,588700,0.0,0.0
2014-03-21,108.67354106190547,110.69851067810738,107.57451367347022,109.32257080078125,1985700,0.0,0.0
2014-03-24,109.41777169864379,110.03218577829453,107.3841397280651,107.91201782226562,525600,0.0,0.0
2014-03-25,108.37066160344811,108.78603693815904,106.55337305670412,106.92548370361328,846400,0.0,0.0
2014-03-26,107.6177918336927,107.74759911020882,106.16396486171135,106.22454071044922,593100,0.0,0.0
2014-03-27,105.84379125316632,108.43126180816054,105.6361035391521,107.2110824584961,732400,0.0,0.0
2014-03-28,107.83414343870552,108.08510243211823,106.88223434104296,107.86875915527344,656400,0.0,0.0
2014-03-31,108.39664281499913,109.55623966901933,107.96395623921131,109.4697036743164,534100,0.0,0.0
2014-04-01,109.86775441861882,111.19178064405362,109.55621961290146,110.11871337890625,775400,0.0,0.0
2014-04-02,110.29179404901872,110.31776078677304,109.21873330137797,109.7812271118164,722300,0.0,0.0
2014-04-03,109.95429093847,110.18794534504362,108.65623144235165,109.38314819335938,401800,0.0,0.0
2014-04-04,108.29276702152694,108.83794958602549,105.20338595149235,105.26396179199219,904500,0.0,0.0
2014-04-07,105.09091499293586,105.28129813785065,101.69864730647963,102.20922088623047,1238900,0.0,0.0
2014-04-08,102.17460636047193,103.3774744967107,101.58615236126876,103.11786651611328,700200,0.0,0.0
2014-04-09,103.97458281133541,105.31590720045737,103.29093724687958,105.21206665039062,580000,0.0,0.0
2014-04-10,106.12069590285347,107.8427930447841,102.64189910888672,102.64189910888672,702900,0.0,0.0
2014-04-11,101.49961346579636,102.71113714743205,100.51308864273071,100.59962463378906,823100,0.0,0.0
2014-04-14,101.46500133970088,102.58998907009084,100.17559720116334,101.4217300415039,659000,0.0,0.0
2014-04-15,101.60343864959125,102.53803639414191,100.26210797022958,101.71593475341797,539400,0.0,0.0
2014-04-16,102.50344583131267,103.48132170534163,101.9063428540299,103.42074584960938,542200,0.0,0.0
2014-04-17,103.39478440908442,105.86974548515796,103.0399782569278,104.57168579101562,803400,0.0,0.0
2014-04-21,104.389971469567,105.16015312428557,103.80151740281053,105.05631256103516,476100,0.0,0.0
2014-04-22,105.16876754581433,108.49180291705483,105.16876754581433,105.23799896240234,1221900,0.0,0.0
2014-04-23,105.05629246039473,106.51876846530158,104.32937564535507,105.705322265625,592000,0.0,0.0
2014-04-24,105.44571996978486,106.47551615994676,104.31208322416015,105.8697509765625,398800,0.0,0.0
2014-04-25,105.41107871692465,105.82646064497843,103.85341134183443,104.38993835449219,635800,0.0,0.0
2014-04-28,105.22936812869612,106.63993051370761,103.49862192065088,105.09091186523438,714000,0.0,0.0
2014-04-29,105.03031456567781,105.03031456567781,102.85822666946795,103.69763946533203,762900,0.0,0.0
2014-04-30,103.8707333790017,105.11687277063368,103.33420627603905,104.96110534667969,671000,0.0,0.0
2014-05-01,107.36684811118799,107.44473512907047,104.50246505326844,104.6928482055664,377700,0.0,0.0
2014-05-02,104.93510228028045,106.46680915397208,104.83991074890338,105.30721282958984,449300,0.0,0.0
2014-05-05,104.38997151505644,105.31592061732798,103.54190943753052,104.73612213134766,625600,0.0,0.0
2014-05-06,104.450503451558,105.22068478271596,103.70628225030656,104.2687759399414,628400,0.0,0.0
2014-05-07,104.39860864689189,104.92648675793838,102.555366349117,103.36881256103516,555900,0.0,0.0
2014-05-08,103.86208207658704,106.52743295077839,103.54189823802596,105.97359466552734,1001400,0.0,0.0
2014-05-09,105.94763584877354,108.0591484640463,105.71398800144293,107.79087829589844,842000,0.0,0.0
2014-05-12,107.98989917665622,108.74277607542639,107.53125253573856,108.38796997070312,755200,0.0,0.0
2014-05-13,108.76874196317846,108.76874196317846,106.50146217043083,106.79569244384766,816800,0.0,0.0
2014-05-14,106.99474410394981,107.32358354984409,105.71399543907852,106.56205749511719,1559900,0.0,0.0
2014-05-15,110.57736510574034,111.15716345333311,103.95726008251475,107.50529479980469,2247200,0.0,0.0
2014-05-16,107.18510125036256,107.2975973645335,104.02648845214325,105.28993225097656,1900300,0.0,0.0
2014-05-19,105.12549981652353,106.84758999006355,104.9783814099684,106.26779174804688,784200,0.0,0.0
2014-05-20,106.25913864757734,106.25913864757734,104.81396749640814,105.67068481445312,891100,0.0,0.0
2014-05-21,105.6706739320928,106.45815975284347,104.4591506825135,106.07740020751953,924900,0.0,0.0
2014-05-22,105.67071423343934,107.02069421374449,105.67071423343934,106.00820922851562,638200,0.0,0.0
2014-05-23,106.42356735892918,107.0552859095947,105.99952986352727,106.6485595703125,512700,0.0,0.0
2014-05-27,107.332225035562,107.332225035562,104.91783328306616,105.09091186523438,599200,0.0,0.0
2014-05-28,105.07359954509124,105.40244554644156,103.84477133549996,104.80533599853516,529300,0.0,0.0
2014-05-29,105.67070092358041,106.74376162911906,105.21205427533697,105.8437728881836,606800,0.0,0.0
2014-05-30,105.86110094363221,107.56588713640892,105.86110094363221,107.45338439941406,679900,0.0,0.0
2014-06-02,107.49664653414995,107.73029436396722,106.61396228312304,107.7129898071289,509700,0.0,0.0
2014-06-03,107.20241518895605,108.88124108338819,107.1072236216054,108.37067413330078,733600,0.0,0.0
2014-06-04,108.01587012549025,109.47835277786177,107.93798971554688,109.4350814819336,418300,0.0,0.0
2014-06-05,109.49567600105959,110.56873697982513,109.17549212479004,110.2745132446289,605600,0.0,0.0
2014-06-06,110.4648732148377,111.33023967871779,110.01487552316571,111.12255859375,493000,0.0,0.0
2014-06-09,110.94080792924689,111.60714878828978,109.72063552074385,110.51677703857422,632500,0.0,0.0
2014-06-10,109.96295505338732,110.44756185683063,109.21873368965794,109.87641906738281,519200,0.0,0.0
2014-06-11,109.49565231412437,109.83314727961593,108.55239884705117,109.15815734863281,351200,0.0,0.0
2014-06-12,108.86393182333104,108.95912338656902,106.8908757326216,107.5485610961914,541900,0.0,0.0
2014-06-13,107.86875838818976,108.03317478787707,106.75242629533638,107.99856567382812,439800,0.0,0.0
2014-06-16,107.66956591416462,108.47475028749102,107.48775094024558,108.23233032226562,443900,0.06,0.0
2014-06-17,108.23232797292442,109.60892986219399,108.23232797292442,109.0461654663086,571200,0.0,0.0
2014-06-18,109.70417557327946,112.99417137475274,109.70417557327946,112.3102035522461,935400,0.0,0.0
2014-06-19,112.55262055853044,112.99416839095228,110.24096447544372,111.54830169677734,620200,0.0,0.0
2014-06-20,112.03313191436996,112.47469291935417,110.72579480653629,112.37945556640625,828800,0.0,0.0
2014-06-23,112.29287372075679,113.26256675602852,111.86864540304116,113.1326904296875,1376200,0.0,0.0
2014-06-24,113.13269379695593,115.94650920976956,113.13269379695593,113.98983001708984,1509100,0.0,0.0
2014-06-25,113.40107766666057,113.877264419018,110.83834876271244,112.42274475097656,1124900,0.0,0.0
2014-06-26,112.81235438830718,114.03312053637481,112.5699344283799,113.01148223876953,1157700,0.0,0.0
2014-06-27,112.98551080878558,115.59153201098096,112.98551080878558,115.56555938720703,1338000,0.0,0.0
2014-06-30,115.73008002750043,117.851261644701,115.04611214033262,116.81231689453125,1470500,0.0,0.0
2014-07-01,117.62611819589738,117.70403605126587,116.31878129365754,116.47461700439453,1085900,0.0,0.0
2014-07-02,116.24955062781247,117.04607531921921,115.6694732942086,116.23223114013672,522300,0.0,0.0
2014-07-03,116.92485772100187,117.0547208428763,116.12833308141126,116.82962036132812,300300,0.0,0.0
2014-07-07,115.98976682478026,116.94214011947346,115.84258426303555,116.01573944091797,431100,0.0,0.0
2014-07-08,116.0071260436233,116.0071260436233,113.9725156766006,114.5179672241211,484300,0.0,0.0
2014-07-09,114.89890528321463,115.67811037880766,113.6175275910043,115.65213775634766,673400,0.0,0.0
2014-07-10,114.72572699443583,115.94649298874708,114.28417923965947,115.28849792480469,499100,0.0,0.0
2014-07-11,115.11536313853094,115.6434951950106,114.70844106824835,115.40106201171875,484700,0.0,0.0
2014-07-14,115.71271479999415,117.11530220866696,115.71271479999415,116.71703338623047,731500,0.0,0.0
2014-07-15,116.2322317618414,116.7170717321694,114.62186288273863,114.83831024169922,524000,0.0,0.0
2014-07-16,115.60021162232384,115.60021162232384,113.56560112062098,114.12837219238281,471600,0.0,0.0
2014-07-17,113.39242311408215,113.7387335418936,112.31883965043309,112.431396484375,480500,0.0,0.0
2014-07-18,112.48334692299872,113.30584413521358,111.3924571351987,112.95953369140625,645400,0.0,0.0
2014-07-21,112.82098728309018,113.41838393818712,111.23659147940967,111.29720306396484,411300,0.0,0.0
2014-07-22,111.01151739886264,111.11540789888308,107.26264772931829,107.48775482177734,1547900,0.0,0.0
2014-07-23,107.94659757267559,108.16304487237974,106.7085187541499,107.00288391113281,653700,0.0,0.0
2014-07-24,108.13708355328795,110.58726882728341,107.53102708751679,109.63489532470703,1366200,0.0,0.0
2014-07-25,109.20201244086843,109.87733370782078,108.18904044861306,108.69985961914062,353400,0.0,0.0
2014-07-28,108.43142341933162,108.45739603507329,107.18469162560605,107.7820816040039,495500,0.0,0.0
2014-07-29,107.80809550485048,108.0332026032272,106.44015324351271,106.45746612548828,422200,0.0,0.0
2014-07-30,106.66523944490369,107.79076818053433,106.50074396910402,107.5310287475586,522800,0.0,0.0
2014-07-31,107.23668740828387,107.82542452926188,104.78650155145998,104.85576629638672,891300,0.0,0.0
2014-08-01,105.03756894484083,106.1717509364703,103.64364749300742,104.81246185302734,934500,0.0,0.0
2014-08-04,105.38387173389403,107.66089515186249,104.90768498990442,107.37518310546875,819200,0.0,0.0
2014-08-05,106.9942457570783,108.6998517744484,106.3622166470446,107.71285247802734,775400,0.0,0.0
2014-08-06,107.00290123739327,107.79943244942153,106.48342895507812,106.48342895507812,810700,0.0,0.0
2014-08-07,107.3319129787824,107.60030557904852,105.30596234787515,105.4964370727539,567900,0.0,0.0
2014-08-08,105.88605758967539,108.40550157836743,105.36657860974334,108.31892395019531,666800,0.0,0.0
2014-08-11,108.92495680813438,109.42711622012266,107.86003959888012,108.44011688232422,526800,0.0,0.0
2014-08-12,108.4054975745602,108.73449519164308,106.92499838951316,107.97260284423828,613300,0.0,0.0
2014-08-13,108.39681923991468,108.613266567954,106.21503307967551,106.43148040771484,1098200,0.0,0.0
2014-08-14,111.68682328909418,114.60452909636882,109.30590263758248,113.92921447753906,2388100,0.0,0.0
2014-08-15,114.58722385504882,115.51361157450704,113.31451247480031,113.82532501220703,1352900,0.0,0.0
2014-08-18,114.35345518150302,115.45301131897904,114.18029995936345,115.4356918334961,678600,0.0,0.0
2014-08-19,115.50494907432703,116.88155083577787,115.44433748451556,116.0330810546875,796700,0.0,0.0
2014-08-20,115.96384004020145,117.16728683681983,115.58289057176424,117.0027847290039,400200,0.0,0.0
2014-08-21,117.22789070579431,117.73871654101256,116.22358494586655,116.43136596679688,557000,0.0,0.0
2014-08-22,116.56121951095373,117.73869350581991,115.95515642275032,117.23653411865234,407000,0.0,0.0
2014-08-25,117.87718636314281,118.5784866651007,117.40966603939812,118.03303527832031,432500,0.0,0.0
2014-08-26,117.85992801204434,118.33610166488893,117.5049511489899,117.79931640625,441300,0.0,0.0
2014-08-27,118.15427051515809,119.07200508805478,117.75600161193479,118.99408721923828,556000,0.0,0.0
2014-08-28,119.12396014010969,119.53088221417784,117.9897781420934,118.96812438964844,629000,0.0,0.0
2014-08-29,118.98541194220435,119.31441608926971,117.62612967045274,118.11096954345703,599300,0.0,0.0
2014-09-02,118.73430375026673,120.12822457831383,118.62174695200528,119.37499237060547,1040100,0.0,0.0
2014-09-03,119.84255320814218,120.31873996487424,119.45295066568734,119.73866271972656,597300,0.0,0.0
2014-09-04,119.73865725226561,120.8468664477505,119.4356257270286,119.71268463134766,439400,0.0,0.0
2014-09-05,119.487603685213,119.95513741154075,118.6564531664737,119.27115631103516,532800,0.0,0.0
2014-09-08,119.02007213572287,119.7127063110594,117.76468012405559,118.43999481201172,401700,0.0,0.0
2014-09-09,118.08503392904827,118.6910839602332,117.35777389162635,117.64348602294922,354200,0.0,0.0
2014-09-10,117.80797005461632,118.00709791765854,116.50061960502708,117.66077423095703,402600,0.0,0.0
2014-09-11,116.89021470353997,117.36640148543276,115.65214228151572,116.37940216064453,554800,0.0,0.0
2014-09-12,116.6737668904749,117.08935528619033,115.36642974089126,115.89456176757812,533400,0.0,0.0
2014-09-15,115.76470588063336,116.67377417715508,115.02012647209618,116.00712585449219,684000,0.0,0.0
2014-09-16,115.48766468356393,118.15429801677625,115.23659153308314,117.2452163696289,735600,0.0,0.0
2014-09-17,117.20185418515499,117.93810644439836,116.30969714635403,116.38764953613281,361200,0.06,0.0
2014-09-18,116.43968120934304,116.500319690028,115.46957125243884,115.73808288574219,511600,0.0,0.0
2014-09-19,115.8333382736151,115.8333382736151,113.79783918475172,114.1269760131836,989600,0.0,0.0
2014-09-22,113.4686721542357,113.58993585534877,111.9701964440345,113.38204956054688,1155500,0.0,0.0
2014-09-23,113.20883385857638,113.71121589731158,111.81429448699802,111.84027862548828,595600,0.0,0.0
2014-09-24,112.17805100150306,113.21746908715261,111.736307566827,113.1395034790039,439400,0.0,0.0
2014-09-25,113.1395101281251,113.39936466480893,111.04337310791016,111.04337310791016,467700,0.0,0.0
2014-09-26,111.45914008801817,112.92297463563425,111.45914008801817,112.68911743164062,460400,0.0,0.0
2014-09-29,111.12998837152325,113.41668435354988,111.12998837152325,113.15682983398438,574900,0.0,0.0
2014-09-30,113.33006277100769,113.54660600309082,111.74496472614916,112.86233520507812,781300,0.0,0.0
2014-10-01,112.50718623156028,113.84975673601053,111.80558836721323,113.0528793334961,1017000,0.0,0.0
2014-10-02,112.77569312506479,115.40019558675951,112.62844533871944,115.17499542236328,944500,0.0,0.0
2014-10-03,115.85928594599942,117.27115204622939,114.51672848268257,117.04595184326172,806000,0.0,0.0
2014-10-06,118.09404297259218,118.09404297259218,116.29240125176591,116.43099212646484,614600,0.0,0.0
2014-10-07,116.36170440521487,117.88617769448638,115.53018553538871,115.90263366699219,773000,0.0,0.0
2014-10-08,116.27506542409584,118.56176155929955,115.8419789347258,118.52710723876953,904700,0.0,0.0
2014-10-09,117.55702385920188,118.44918116824765,115.25300005165968,116.05854797363281,700600,0.0,0.0
2014-10-10,115.50417882581603,116.82942250424527,114.94115842632058,115.03643798828125,869400,0.0,0.0
2014-10-13,115.55613977513498,116.24041061006419,113.26077346116838,113.3647232055664,1283300,0.0,0.0
2014-10-14,113.77184698604164,116.1105118157646,113.29544911669451,116.04987335205078,684400,0.0,0.0
2014-10-15,114.12693577749188,116.8900294245664,112.72373991830021,115.64273834228516,1117700,0.0,0.0
2014-10-16,113.91909837270826,116.1971248094901,113.81514860550557,114.70730590820312,1085800,0.0,0.0
2014-10-17,115.92860275846725,117.82552393312798,114.93250899540686,117.61763763427734,719000,0.0,0.0
2014-10-20,117.36643162243655,121.13428914203395,117.35777465119551,120.89176177978516,900600,0.0,0.0
2014-10-21,122.00047251271177,123.0658616035585,121.55005885137163,122.14772033691406,908300,0.0,0.0
2014-10-22,122.74534384790626,123.16976002849339,119.79169165541592,120.20745086669922,864000,0.0,0.0
2014-10-23,122.26033732557549,124.3911291333396,121.8185937681108,121.93985748291016,1624900,0.0,0.0
2014-10-24,122.34694855894998,123.1091851049966,120.81381849401618,123.03121948242188,958300,0.0,0.0
2014-10-27,123.13516444609022,125.17933338082953,122.87530988671408,125.12736511230469,464800,0.0,0.0
2014-10-28,125.59514537508382,126.660534976539,124.51242860460896,126.27075958251953,664300,0.0,0.0
2014-10-29,126.74709842066623,126.74709842066623,124.68560242292968,125.6210708618164,490800,0.0,0.0
2014-10-30,125.59511709347674,126.46129031481107,124.69430275866102,126.2101058959961,461400,0.0,0.0
2014-10-31,127.54395470187374,127.54395470187374,126.21005430168553,127.29277038574219,731400,0.0,0.0
2014-11-03,128.332187253579,129.31962388644365,127.42270301407858,127.98571014404297,891500,0.0,0.0
2014-11-04,127.40538345283515,128.84323380547448,127.40538345283515,128.57472229003906,1029200,0.0,0.0
2014-11-05,129.29365490725553,129.78736667317082,128.67866622622742,129.38026428222656,1416400,0.0,0.0
2014-11-06,119.96495992418826,127.76051688677089,118.81294825370759,126.08013916015625,3398600,0.0,0.0
2014-11-07,126.35731411303188,126.95497556291713,122.39024041797867,122.86663818359375,1321000,0.0,0.0
2014-11-10,123.19581163074994,125.7510199501197,122.82336349548018,125.74236297607422,1164700,0.0,0.0
2014-11-11,125.59510884122554,125.93291584668007,124.92815180392941,125.5777816772461,524800,0.0,0.0
2014-11-12,125.34388652266742,126.89433020260587,125.34388652266742,126.69511413574219,579800,0.0,0.0
2014-11-13,126.85107140556659,127.56133982349165,125.95025702967303,126.46129608154297,519400,0.0,0.0
2014-11-14,127.15425466236707,127.85585298457563,125.03213252747193,125.4305648803711,563200,0.0,0.0
2014-11-17,125.77701037846408,127.35343865694588,125.77701037846408,126.31403350830078,557800,0.0,0.0
2014-11-18,125.9761798737226,126.91164812625999,125.9761798737226,126.66912078857422,736500,0.0,0.0
2014-11-19,126.46123847091211,126.59115911414835,124.79818815374288,125.36986541748047,813100,0.0,0.0
2014-11-20,124.9107978262761,126.67778470005587,124.79819112162737,125.7596435546875,485000,0.0,0.0
2014-11-21,126.5131741192411,126.82499679938438,125.97615130995099,126.01946258544922,522400,0.0,0.0
2014-11-24,126.2360487278265,126.60849674708417,124.83283958103561,126.09745788574219,585900,0.0,0.0
2014-11-25,126.46125342798224,126.84237164888366,123.95801407715317,125.98485565185547,1001700,0.0,0.0
2014-11-26,126.34002659249444,126.79044036827955,125.37857378814317,126.2101058959961,644000,0.0,0.0
2014-11-28,126.46122220740976,128.24553596771145,126.17538361230113,127.39669036865234,683000,0.0,0.0
2014-12-01,126.81641458763217,127.99441060517077,126.57388716197012,127.38809204101562,1220300,0.0,0.0
2014-12-02,127.07624309016367,128.9471666730901,126.93765224202076,128.60935974121094,1022700,0.0,0.0
2014-12-03,128.57474717175702,131.7882422236339,128.50545173230705,131.69296264648438,1046300,0.0,0.0
2014-12-04,132.0220722193339,132.98352466982473,130.4976126688911,132.74099731445312,800500,0.0,0.0
2014-12-05,133.5725366545937,133.71111428209142,131.9874385674762,133.54653930664062,909200,0.0,0.0
2014-12-08,134.16150877494226,134.16150877494226,132.42916311926905,133.11343383789062,817200,0.0,0.0
2014-12-09,131.66695960495903,137.4183480860268,131.66695960495903,137.07188415527344,1242000,0.0,0.0
2014-12-10,136.9939602997162,137.8254791934942,135.82462116044493,136.19708251953125,658000,0.0,0.0
2014-12-11,136.28362085549162,139.68768672418437,136.28362085549162,137.8600616455078,807400,0.0,0.0
2014-12-12,137.65221800648442,140.3113755847875,137.65221800648442,138.80422973632812,857500,0.0,0.0
2014-12-15,140.06018596063373,141.49803646155112,138.83887873214056,139.4625244140625,1343500,0.0,0.0
2014-12-16,139.45383737518108,139.6790375719186,135.97181860462643,135.997802734375,1159200,0.0,0.0
2014-12-17,136.23172014264028,138.327857705307,135.01041275589412,138.19793701171875,497800,0.0,0.0
2014-12-18,139.4971950461942,139.93893861554835,137.97272177139587,139.2286834716797,505300,0.0,0.0
2014-12-19,139.20268834475056,139.63577490603913,137.73018346296698,138.45777893066406,1017900,0.0,0.0
2014-12-22,138.77822919077977,139.15934739819923,137.5395950166665,138.1026153564453,507300,0.0,0.0
2014-12-23,139.0818397076886,140.82351228634937,138.87388827506095,139.6710662841797,524900,0.06,0.0
2014-12-24,139.8875654125968,140.71939683874237,138.83043584134018,138.83909606933594,152400,0.0,0.0
2014-12-26,138.88243490493915,139.72293984889984,138.51850697379996,138.6398162841797,307500,0.0,0.0
2014-12-29,138.79579414561658,140.4854776594395,138.41454571748827,139.69696044921875,417700,0.0,0.0
2014-12-30,139.68830820455895,140.44215809603529,138.63983860753035,138.66583251953125,340000,0.0,0.0
2014-12-31,139.1944460382577,140.97077223503527,137.99867278176478,138.01600646972656,468100,0.0,0.0
2015-01-02,139.37636463067588,140.80608264266525,136.44759388075644,137.39207458496094,509800,0.0,0.0
2015-01-05,137.05420782732483,137.76474367820956,135.0872504970575,135.58116149902344,803600,0.0,0.0
2015-01-06,135.65913707061753,136.29167789846295,133.35424561025974,135.48583984375,872300,0.0,0.0
2015-01-07,136.56893355241553,139.1684310403328,136.09235636861845,138.39724731445312,1326800,0.0,0.0
2015-01-08,141.5513145955184,141.63796980712053,139.50637588596064,139.6103515625,1025700,0.0,0.0
2015-01-09,138.5965460375205,140.04359813205542,137.2448093849839,138.8998260498047,912100,0.0,0.0
2015-01-12,138.752517106787,138.99513581801918,137.09750050952402,137.71270751953125,756700,0.0,0.0
2015-01-13,138.31059591800275,139.26375031184287,131.99382266598616,133.23291015625,824700,0.0,0.0
2015-01-14,131.62123917818866,132.713036764706,129.4376704486142,130.694091796875,719400,0.0,0.0
2015-01-15,130.98873027219017,131.58661705382198,128.09462506141207,128.25926208496094,926200,0.0,0.0
2015-01-16,128.24188557942708,130.14818123423495,127.54868355357088,129.97488403320312,776800,0.0,0.0
2015-01-20,130.00953302238375,132.35775165156946,128.63180247955276,132.27976989746094,941800,0.0,0.0
2015-01-21,132.1324348564604,133.5188252981031,131.7685068697145,132.87762451171875,711200,0.0,0.0
2015-01-22,133.7874467302919,136.57757470189736,133.35419720950503,135.64175415039062,738800,0.0,0.0
2015-01-23,136.0317310883748,136.95021823914593,133.9954524263972,134.98326110839844,685500,0.0,0.0
2015-01-26,134.95725782888596,137.9900051958272,134.95725782888596,137.97267150878906,614500,0.0,0.0
2015-01-27,136.98485084595012,138.23261176835683,135.92772079900712,137.7993621826172,540800,0.0,0.0
2015-01-28,138.19793160480083,139.6189894496591,137.35742650894358,138.03329467773438,1149800,0.0,0.0
2015-01-29,138.3711995905487,139.48897725813595,136.54288653946548,138.86509704589844,561300,0.0,0.0
2015-01-30,138.25865985186618,139.48908757080864,136.38701773499602,137.77342224121094,830500,0.0,0.0
2015-02-02,137.77333317028072,138.18058873487425,132.82561834390233,135.14784240722656,820100,0.0,0.0
2015-02-03,136.22230725027435,136.34361657574402,133.84809534125398,136.1009979248047,572600,0.0,0.0
2015-02-04,135.83244050620735,136.27436365990982,133.89149032180327,135.58116149902344,745000,0.0,0.0
2015-02-05,136.68156208803182,139.21173767524476,135.85837743012743,138.7784881591797,1294200,0.0,0.0
2015-02-06,138.9864598263262,140.74545206150248,138.83049632412278,140.37286376953125,863800,0.0,0.0
2015-02-09,140.04359243656708,140.16490179220142,137.83403011763616,139.2810821533203,1064200,0.0,0.0
2015-02-10,139.35043344454255,141.43868685397035,139.3244262997458,141.15274047851562,684300,0.0,0.0
2015-02-11,141.67263014486124,142.97237904527282,139.9742857640958,140.7108154296875,1206300,0.0,0.0
2015-02-12,134.30734448394568,136.10100375348205,130.7980209030846,131.2052764892578,4046100,0.0,0.0
2015-02-13,130.85873059110648,131.560592922591,129.2816954873059,130.11354064941406,2116900,0.0,0.0
2015-02-17,129.89687573891024,131.17063039995412,128.9870490922037,130.1741485595703,1564300,0.0,0.0
2015-02-18,129.6715762078022,133.09425799741925,128.6751075992593,132.76498413085938,1789200,0.0,0.0
2015-02-19,132.7302936256076,134.26400036301146,132.10642658878484,132.80828857421875,1149700,0.0,0.0
2015-02-20,132.2624483483807,134.4286965283671,131.55192582064456,134.359375,928900,0.0,0.0
2015-02-23,134.81860431514457,136.22234197827106,134.0560940271116,136.1963348388672,853700,0.0,0.0
2015-02-24,136.3436928620478,136.64695973454178,134.5673663567202,135.5205078125,643200,0.0,0.0
2015-02-25,135.607127734375,135.66778902611733,134.740628515625,135.3905029296875,397300,0.0,0.0
2015-02-26,135.39055386417184,135.78914947231084,134.50672062646106,134.63670349121094,493200,0.0,0.0
2015-02-27,134.9486101814848,135.38185984573823,133.98679539797294,134.24673461914062,718500,0.0,0.0
2015-03-02,134.05610542194844,134.66265225548423,133.38022383974646,134.10809326171875,909100,0.0,0.0
2015-03-03,134.6452608817358,135.69373034757808,133.00757852196298,133.84808349609375,718100,0.0,0.0
2015-03-04,133.4148990864785,133.4148990864785,130.35615759669824,130.694091796875,869800,0.0,0.0
2015-03-05,131.551900536154,132.77365422632877,130.78070363944371,132.158447265625,753200,0.0,0.0
2015-03-06,131.4565941318281,132.53971808801313,128.64913207757436,129.16903686523438,1711100,0.0,0.0
2015-03-09,129.10838432887616,129.55029417313247,128.02526029927148,128.4931640625,839300,0.0,0.0
2015-03-10,127.20203701072434,127.93855311863999,125.72899157316955,126.96807861328125,1291400,0.0,0.0
2015-03-11,127.34942898365254,127.99930359033715,126.17098916799516,127.66136932373047,703900,0.0,0.0
2015-03-12,127.27139073691897,130.17415475918642,127.27139073691897,129.38565063476562,778500,0.0,0.0
2015-03-13,129.28163413079514,130.32143017364987,127.0114112280279,129.63690185546875,674600,0.0,0.0
2015-03-16,129.9402595100841,131.04070425950556,129.53300372284778,130.9453887939453,679900,0.0,0.0
2015-03-17,130.858716946713,131.4392698421205,129.82758075123962,129.97488403320312,531900,0.0,0.0
2015-03-18,129.64543176959558,129.77546655177187,127.43497274274645,129.18600463867188,715600,0.06,0.0
2015-03-19,129.21202810751382,129.524093113185,127.79040157657106,129.32472229003906,912500,0.0,0.0
2015-03-20,129.50677961180054,132.01196387768988,128.70928292521154,131.6825714111328,1563000,0.0,0.0
2015-03-23,130.94571004540535,131.95125423741595,129.58476916697325,129.6020965576172,1037000,0.0,0.0
2015-03-24,129.0733592647244,131.68257409208655,128.42322478912567,130.90240478515625,688500,0.0,0.0
2015-03-25,130.78101372651807,131.91657953971426,128.8306107941384,128.92596435546875,714700,0.0,0.0
2015-03-26,127.97248749046402,130.3129691964525,127.16631378026665,129.51547241210938,828200,0.0,0.0
2015-03-27,129.74080521858716,131.8732516394122,129.46342144935943,131.23178100585938,858800,0.0,0.0
2015-03-30,132.01192520854124,132.8614435139733,131.0670665744953,131.82989501953125,608200,0.0,0.0
2015-03-31,131.58722428387318,132.254699401547,129.5761352326555,129.7581787109375,887500,0.0,0.0
2015-04-01,128.10249616606566,129.03002770132505,124.34905153523887,124.6091079711914,2423300,0.0,0.0
2015-04-02,124.7824749880911,126.2561104946631,123.97631458333258,124.80847930908203,1530000,0.0,0.0
2015-04-06,124.62640644838734,127.65168939006305,124.25365592993961,126.3254165649414,1150900,0.0,0.0
2015-04-07,126.60287382965417,127.51306486768748,126.37748538142364,127.17499542236328,797000,0.0,0.0
2015-04-08,127.39167389953845,129.02133512828627,126.87156109071408,128.99533081054688,770700,0.0,0.0
2015-04-09,128.5619383264752,129.35943512239882,127.41770839389656,128.33656311035156,646900,0.0,0.0
2015-04-10,128.87399823314672,130.48633238478706,127.92047553236162,130.2002716064453,587900,0.0,0.0
2015-04-13,130.000855574939,130.67699418819925,129.09066491031447,129.3160400390625,376600,0.0,0.0
2015-04-14,128.96068383502572,130.19160357457412,127.97247991865473,129.20339965820312,731700,0.0,0.0
2015-04-15,129.5500865886226,130.3735873542086,128.77859444846078,129.66278076171875,578300,0.0,0.0
2015-04-16,129.27267359909914,131.16239043942343,128.5705308606848,130.02682495117188,716400,0.0,0.0
2015-04-17,129.16871515016706,129.85353088378906,128.2325199013929,129.85353088378906,795600,0.0,0.0
2015-04-20,129.87951288945968,132.21999399574798,129.87951288945968,132.1072998046875,890000,0.0,0.0
2015-04-21,132.87012837121793,134.06637985472832,131.9165926630549,132.1072998046875,898800,0.0,0.0
2015-04-22,131.95994552578588,132.28935119512073,130.46030584653047,131.3358154296875,1189000,0.0,0.0
2015-04-23,133.19083918885946,133.47689986284584,127.02756560901132,127.15760040283203,1864300,0.0,0.0
2015-04-24,125.53662054474535,128.93465464074754,124.13232129352228,128.82196044921875,1441600,0.0,0.0
2015-04-27,129.15135836223294,129.15135836223294,125.293884034581,125.68397521972656,905700,0.0,0.0
2015-04-28,125.69268513715802,125.89205603760257,123.95899292836964,125.25926208496094,794300,0.0,0.0
2015-04-29,125.25923543827827,125.84868431490102,124.40105321576321,125.39793395996094,707900,0.0,0.0
2015-04-30,125.19860639822038,125.87475868993052,123.8723326000284,123.95902252197266,1269200,0.0,0.0
2015-05-01,124.03703026918166,126.09146493454502,123.63828838996349,125.98743438720703,596300,0.0,0.0
2015-05-04,125.90934376347732,126.68949963884725,125.64928739601525,126.08271026611328,675100,0.0,0.0
2015-05-05,126.08273391218007,126.32544970679358,124.32303778772284,124.81714630126953,680100,0.0,0.0
2015-05-06,125.10317736876804,125.5539276078604,123.95893469949748,124.90379333496094,591700,0.0,0.0
2015-05-07,125.16393562724976,126.42086010579162,124.73051248106121,125.28529357910156,782500,0.0,0.0
2015-05-08,126.09137590972863,127.42631241033116,125.14650408490284,125.48457336425781,579700,0.0,0.0
2015-05-11,125.6753458722529,126.94961071767122,124.91253028650151,126.13477325439453,348200,0.0,0.0
2015-05-12,125.46724844871679,127.5736771015415,124.91246774275751,127.53900909423828,806600,0.0,0.0
2015-05-13,127.42632848909189,129.58477922318417,127.10559978608444,129.4894256591797,1286100,0.0,0.0
2015-05-14,130.02689073918987,131.08444384203017,128.9433333163633,129.90553283691406,979900,0.0,0.0
2015-05-15,129.65415918926612,131.62189003451857,129.61081424499196,131.43118286132812,840100,0.0,0.0
2015-05-18,130.88507804872015,132.74012789936097,130.7637201417444,131.6565704345703,2099300,0.0,0.0
2015-05-19,132.32404668684785,134.2224416877508,131.7432614098583,132.575439453125,1096300,0.0,0.0
2015-05-20,132.41938071723922,133.4682701220292,129.94020080566406,129.94020080566406,1580900,0.0,0.0
2015-05-21,124.99053992711835,139.4755306947444,123.95899096292162,136.52825927734375,4243700,0.0,0.0
2015-05-22,136.4588827857096,140.03896065868275,135.86075698613575,138.86871337890625,2201000,0.0,0.0
2015-05-26,138.75603205732457,139.40616649401645,136.47622306667904,136.96165466308594,1120900,0.0,0.0
2015-05-27,137.21305611980736,137.65515607280852,135.67007120126388,136.28553771972656,870800,0.0,0.0
2015-05-28,136.311543495501,137.0050229917568,134.9072571051735,135.53138732910156,643600,0.0,0.0
2015-05-29,134.62985072529506,134.95925643936462,132.7921414300024,132.81814575195312,1032700,0.0,0.0
2015-06-01,133.73693424226744,134.26571057205618,132.37599356767217,132.90476989746094,764100,0.0,0.0
2015-06-02,132.85280547093316,134.72519589651108,131.9339508807013,134.67318725585938,976700,0.0,0.0
2015-06-03,134.9852349174078,135.94743432642534,134.19640203054288,135.6873779296875,997600,0.0,0.0
2015-06-04,134.99392761610116,136.18151566337409,134.82922475521525,135.7480926513672,579900,0.0,0.0
2015-06-05,135.46199825484214,136.84027991645277,135.2539504989884,136.432861328125,672600,0.0,0.0
2015-06-08,136.3115320063072,136.83164489141595,135.73941047809163,136.36354064941406,924500,0.0,0.0
2015-06-09,135.57469105763892,137.42974072156122,135.44466946575918,136.45887756347656,1012200,0.0,0.0
2015-06-10,137.4384366559273,139.25880532912598,136.56291372610806,138.92941284179688,1169100,0.0,0.0
2015-06-11,138.9640322674241,139.6315071610296,138.41791524292728,139.1547393798828,462400,0.0,0.0
2015-06-12,138.94675266011524,140.12566386068406,138.678032491026,139.7442626953125,438500,0.0,0.0
2015-06-15,138.7993561704514,139.28478774027474,137.06566443421488,137.23904418945312,600800,0.0,0.0
2015-06-16,137.31704539283282,138.33991708071613,136.84894125697457,137.871826171875,524100,0.0,0.0
2015-06-17,137.98456492403963,139.32868573406242,136.70981954256106,137.87184143066406,688600,0.06,0.0
2015-06-18,138.46146998501146,139.42403225692254,137.9932025268953,138.9644317626953,470700,0.0,0.0
2015-06-19,138.43548988534798,140.42999032649828,138.3054192350159,139.18125915527344,649200,0.0,0.0
2015-06-22,139.63220217540143,141.79145450800422,139.0338506796647,141.5746612548828,879700,0.0,0.0
2015-06-23,141.96488690287057,143.08353416608517,141.38386939269503,142.1209716796875,560300,0.0,0.0
2015-06-24,142.21634072347874,142.84070620472775,141.08901342500099,141.71337890625,491200,0.0,0.0
2015-06-25,141.74813186711972,142.7280285492172,141.32321225126398,142.38983154296875,653000,0.0,0.0
2015-06-26,143.06623185477702,143.22232991254072,141.76547204546915,142.45921325683594,858600,0.0,0.0
2015-06-29,141.41858512129045,141.41858512129045,137.7157524263358,137.81980895996094,515500,0.0,0.0
2015-06-30,139.10323133362408,139.38071982739754,137.03935525213987,138.13198852539062,789600,0.0,0.0
2015-07-01,139.259295465052,141.21911472454605,139.01648810702756,141.04566955566406,675400,0.0,0.0
2015-07-02,141.85216853260363,142.47653418463696,139.77094528182232,140.57742309570312,414400,0.0,0.0
2015-07-06,139.9356720008051,142.5805517155395,139.80560137221448,141.71337890625,618200,0.0,0.0
2015-07-07,142.85809258241366,143.2569847742644,140.20453194266253,141.80880737304688,1345100,0.0,0.0
2015-07-08,141.0283343625533,142.06027224092836,137.98454898482376,138.73899841308594,14312400,0.0,0.0
2015-07-09,139.866332728693,141.0543687821645,139.34603684788271,140.54273986816406,1908300,0.0,0.0
2015-07-10,142.1730014726623,143.06618854610912,141.31450872688842,142.31175231933594,506000,0.0,0.0
2015-07-13,143.12693767195253,146.8384378670077,143.0662291972796,146.8210906982422,1609200,0.0,0.0
2015-07-14,146.89046166298974,147.3327152129316,144.86994660382177,145.00003051757812,829200,0.0,0.0
2015-07-15,145.00003318320358,146.6650041001964,144.3496532985027,146.09266662597656,644700,0.0,0.0
2015-07-16,146.47417000354665,147.26330047668486,145.91917990604443,146.86439514160156,572400,0.0,0.0
2015-07-17,146.61297639153798,147.30670435228222,145.73712300827745,147.15928649902344,522700,0.0,0.0
2015-07-20,147.15922602177736,147.4193805161485,145.8931611049157,146.28338623046875,480600,0.0,0.0
2015-07-21,146.15338238508195,146.4915794433224,144.42771598391258,145.2775421142578,525700,0.0,0.0
2015-07-22,145.2341568502961,147.28068603320935,144.67916655825246,145.87586975097656,1013000,0.0,0.0
2015-07-23,146.59560704315166,148.3646342466178,145.90186595535704,146.0232696533203,589400,0.0,0.0
2015-07-24,146.25744965886383,147.47148696700947,145.5116801032846,145.9539337158203,529500,0.0,0.0
2015-07-27,145.27752651086445,146.70835701158606,144.38433916498147,145.9799346923828,586400,0.0,0.0
2015-07-28,146.6216436037542,148.0611542655173,145.41627340673878,147.67959594726562,411100,0.0,0.0
2015-07-29,147.98306223434832,150.54990005104352,147.31534857360782,150.0729522705078,838000,0.0,0.0
2015-07-30,150.0035980733482,150.6106165926577,148.20855664967507,149.62203979492188,509700,0.0,0.0
2015-07-31,150.40249400226833,151.75528182599552,149.2057909741971,151.07022094726562,644400,0.0,0.0
2015-08-03,151.69458781628458,151.85068585882502,149.34455606657968,150.72335815429688,472300,0.0,0.0
2015-08-04,151.14822382546046,152.70913753395197,150.62791484529427,151.8419647216797,474700,0.0,0.0
2015-08-05,152.20624948489925,153.68044133385828,150.9661848816833,151.9894561767578,810400,0.0,0.0
2015-08-06,152.26692185246702,152.43168685902077,148.59878333481464,149.7954864501953,596800,0.0,0.0
2015-08-07,149.8128043817383,150.91411780894285,148.75485225141773,150.6713104248047,534500,0.0,0.0
2015-08-10,151.6425797018343,152.03281824404849,149.95159453628895,150.5933074951172,937500,0.0,0.0
2015-08-11,149.79551531212164,150.65400838029535,148.772243973634,149.0844268798828,2067300,0.0,0.0
2015-08-12,148.01779853772956,149.65675538869948,146.89913767778998,149.15379333496094,2965500,0.0,0.0
2015-08-13,150.8013730929205,166.73134943367563,150.02092271840306,162.84640502929688,3745800,0.0,0.0
2015-08-14,163.45348718748502,164.88431772681682,161.95326796977034,162.18740844726562,1252700,0.0,0.0
2015-08-17,162.36946625360852,163.08054118465938,158.79670473854296,160.15817260742188,1580600,0.0,0.0
2015-08-18,161.48495175313258,161.52831304809385,159.20428260466593,161.0947265625,1508100,0.0,0.0
2015-08-19,160.66982483169897,163.4621231666342,159.89804133117408,162.88978576660156,912100,0.0,0.0
2015-08-20,162.57765316544115,162.72507104457165,159.88074356390237,159.9501190185547,591500,0.0,0.0
2015-08-21,157.93825110124587,159.4991521960874,153.68909469858764,153.95791625976562,1392500,0.0,0.0
2015-08-24,150.2463908865579,154.96381417611653,131.20327900480746,150.6713104248047,1459800,0.0,0.0
2015-08-25,153.91458159903988,155.33674516920294,148.4080262870474,148.47740173339844,1044000,0.0,0.0
2015-08-26,150.8360866173128,151.29568728799822,146.66498624825587,148.6855010986328,2015800,0.0,0.0
2015-08-27,149.85610938780556,152.88254681814175,149.37049480194182,152.82183837890625,1591600,0.0,0.0
2015-08-28,152.18891592647387,153.34225801677835,151.4604935216546,153.0387420654297,641800,0.0,0.0
2015-08-31,152.54438316994234,153.480931460039,151.14823431600306,151.9720458984375,950000,0.0,0.0
2015-09-01,149.6133943535836,150.8187645982142,148.6941928589462,149.69143676757812,802800,0.0,0.0
2015-09-02,150.64527246213586,152.71781509803253,149.82146087970142,151.9720458984375,444300,0.0,0.0
2015-09-03,151.90265630129375,153.5242651871788,149.76073844769888,150.22901916503906,728200,0.0,0.0
2015-09-04,148.9976427718306,150.37644440297308,148.25187360489693,149.26646423339844,687700,0.0,0.0
2015-09-08,151.52113375538025,152.908615840587,149.06703259097654,152.03277587890625,618200,0.0,0.0
2015-09-09,152.7092149211957,154.70370281454723,151.19166173068075,151.68594360351562,1024600,0.0,0.0
2015-09-10,151.22629507694236,153.22946253864058,150.10764775760774,151.65121459960938,885300,0.0,0.0
2015-09-11,150.63666515346736,152.14553808061882,149.84753435132887,151.61656188964844,1123600,0.0,0.0
2015-09-14,151.8420174039235,152.65714901538698,150.43718796286598,151.7552947998047,556400,0.0,0.0
2015-09-15,151.7812968142165,154.21805095043712,150.32445245183953,153.35955810546875,822500,0.0,0.0
2015-09-16,152.60488382844107,155.2680154561196,152.16248016041635,154.9210205078125,600900,0.06,0.0
2015-09-17,154.7475215606071,157.03763515367504,154.00149900638408,154.652099609375,768200,0.0,0.0
2015-09-18,153.02123636324714,154.0535246351284,150.33209550050327,150.6790771484375,922400,0.0,0.0
2015-09-21,151.21693065665525,152.3706507049714,150.10656015468078,151.58993530273438,453300,0.0,0.0
2015-09-22,150.66171552085098,151.80677871957033,149.67280332036637,151.3209991455078,662300,0.0,0.0
2015-09-23,151.25160673590997,152.74365162756175,150.9046250926659,152.5614776611328,315700,0.0,0.0
2015-09-24,151.9715819445688,151.9715819445688,150.60965207756124,151.63327026367188,427200,0.0,0.0
2015-09-25,152.53547140316965,155.06847473843237,152.32728768902643,153.40293884277344,481300,0.0,0.0
2015-09-28,153.13401067984302,154.2096749620971,148.57980707916036,148.68389892578125,1023300,0.0,0.0
2015-09-29,148.57112979287092,149.47328997062132,146.9489569234101,147.92919921875,904300,0.0,0.0
2015-09-30,159.1716491164437,166.9875281357323,159.16296596829335,164.41114807128906,4119700,0.0,0.0
2015-10-01,165.06167178719625,167.10889508266862,163.17059948397608,166.58840942382812,1587000,0.0,0.0
2015-10-02,164.6539323547805,166.57104051899282,163.10984193611083,166.28477478027344,1279700,0.0,0.0
2015-10-05,167.90700222752614,168.8178457229495,164.3156874129595,165.83375549316406,887600,0.0,0.0
2015-10-06,165.9811481056257,166.93536718934666,164.29825985060714,165.77296447753906,543400,0.0,0.0
2015-10-07,166.03320539660504,166.70982870727318,163.8732206881253,165.12237548828125,990200,0.0,0.0
2015-10-08,165.16575344632014,165.81635386152857,161.74794371708447,162.51998901367188,986100,0.0,0.0
2015-10-09,162.11229166514184,164.74071649936857,161.46169119654115,164.40240478515625,785600,0.0,0.0
2015-10-12,164.60189918398027,166.95274109124708,163.86454677841164,165.9291229248047,941700,0.0,0.0
2015-10-13,165.55616760253906,166.4236350497905,164.51519607663508,165.55616760253906,502800,0.0,0.0
2015-10-14,165.2091764230283,165.68628617712167,160.62027934721021,162.2771453857422,849000,0.0,0.0
2015-10-15,163.1446133370099,165.57351166232735,162.762925532602,165.29592895507812,607800,0.0,0.0
2015-10-16,166.4149471606002,166.50169919745375,164.6539893517929,165.51278686523438,627400,0.0,0.0
2015-10-19,165.49540815965298,166.57974226974426,164.63661077932053,166.03323364257812,726400,0.0,0.0
2015-10-20,166.3628848944969,168.55757619902525,166.11999509896418,167.93299865722656,774300,0.0,0.0
2015-10-21,168.7223604676408,170.1016300576861,166.3368258080726,166.68380737304688,561200,0.0,0.0
2015-10-22,167.32575350858812,168.2018906459753,165.92913073846634,166.44093322753906,705200,0.0,0.0
2015-10-23,168.0370685207167,168.10645424504014,163.95129239413689,166.50164794921875,571700,0.0,0.0
2015-10-26,167.2651095872203,168.45353596781376,166.45835783333553,166.9441375732422,500100,0.0,0.0
2015-10-27,166.7705904038822,168.19323626330316,166.0158980796073,167.65541076660156,416600,0.0,0.0
2015-10-28,168.29736576095388,168.8698974906101,166.8140037408944,168.53158569335938,384600,0.0,0.0
2015-10-29,168.84384523252092,172.2529988163061,168.6356483024458,171.3074493408203,727700,0.0,0.0
2015-10-30,171.46362086714453,172.96433586275697,170.4660253488796,172.13156127929688,732000,0.0,0.0
