date,open,high,low,close,volume,dividends,stock_splits
1990-01-02,2.463617634498206,2.526949644088745,2.4319517515557205,2.526949644088745,1315404,0.0,0.0
1990-01-03,2.52695025171528,2.52695025171528,2.4889506956358476,2.5142838954925537,1127778,0.0,0.0
1990-01-04,2.514282360191196,2.5206152907298427,2.4952825937533456,2.501615524291992,725288,0.0,0.0
1990-01-05,2.4826173782348633,2.501616420361667,2.476283958016654,2.4826173782348633,1312378,0.0,0.0
1990-01-08,2.4699504849827196,2.5016163668688205,2.4699504849827196,2.48895001411438,1353737,0.0,0.0
1990-01-09,2.488949496850574,2.5016158469726406,2.44461727142334,2.44461727142334,1061200,0.0,0.0
1990-01-10,2.4319521400051705,2.4446182514997226,2.3686196328875577,2.419285297393799,1217556,0.0,0.0
1990-01-11,2.4192856831829417,2.4826182003998154,2.4192856831829417,2.45095157623291,1147953,0.0,0.0
1990-01-12,2.419285017323462,2.4699506759643555,2.400285243017141,2.4699506759643555,1964028,0.0,0.0
1990-01-15,2.450949669039597,2.450949669039597,2.4192838006302537,2.425617218017578,1724955,0.0,0.0
1990-01-16,2.387618889283312,2.482617517109341,2.3812861998275547,2.4699506759643555,2218232,0.0,0.0
1990-01-17,2.4699486400719297,2.482615470776089,2.4192830231929356,2.4319498538970947,2197048,0.0,0.0
1990-01-18,2.4319498538970947,2.4446159534851213,2.393950336606127,2.4319498538970947,1131813,0.0,0.0
1990-01-19,2.431951321973852,2.4826169694377755,2.419284483623203,2.476283550262451,2263625,0.0,0.0
1990-01-22,2.4826182003998154,2.4826182003998154,2.4382852190129225,2.45095157623291,1672500,0.0,0.0
1990-01-23,2.4382834434509277,2.457283209150894,2.4192839214564295,2.4382834434509277,1946879,0.0,0.0
1990-01-24,2.4319511650067818,2.4572836215454066,2.4129513961181726,2.44461727142334,1642238,0.0,0.0
1990-01-25,2.46995145207327,2.4826182971984356,2.450951671796832,2.463618516921997,2132488,0.0,0.0
1990-01-26,2.476283390434016,2.4952829156171163,2.4319511650067818,2.44461727142334,2828523,0.0,0.0
1990-01-29,2.4446182514997226,2.463618028005567,2.387619165687796,2.419285297393799,2455287,0.0,0.0
1990-01-30,2.4319521400051705,2.4446182514997226,2.3939525869934815,2.419285297393799,1917626,0.0,0.0
1990-01-31,2.3939520143025264,2.4066183664725886,2.3686190662568536,2.3812859058380127,2777077,0.0,0.0
1990-02-01,2.3939512254637654,2.444616861154562,2.374951703469267,2.4382834434509277,1805655,0.0,0.0
1990-02-02,2.431950756863698,2.444616861154562,2.4192839214564295,2.4382834434509277,1999334,0.0,0.0
1990-02-05,2.4319498538970947,2.4382825381330417,2.425616438545015,2.4319498538970947,978483,0.0,0.0
1990-02-06,2.438285314082976,2.4636185169219975,2.4256192000747756,2.463618516921997,1585748,0.0,0.0
1990-02-07,2.463617634498206,2.53328306438281,2.4509507939100765,2.526949644088745,3689992,0.0,0.0
1990-02-08,2.533282126629046,2.539614813462215,2.5016155242919926,2.501615524291992,3499339,0.0,0.0
1990-02-09,2.5206159177552285,2.539615445213901,2.5079495661161135,2.53328275680542,965370,0.0,0.0
1990-02-12,2.533282126629046,2.533282126629046,2.4952825937533456,2.501615524291992,1028921,0.0,0.0
1990-02-13,2.5016155242919926,2.5079489422415944,2.4699496530713714,2.501615524291992,2914266,0.0,0.0
1990-02-14,2.4826169694377755,2.501616008436126,2.4699501310871264,2.476283550262451,1288168,0.0,0.0
1990-02-15,2.482617453608126,2.5459492206573486,2.476284033197632,2.5459492206573486,4163094,0.0,0.0
1990-02-16,2.5522824318614066,2.5712822077527653,2.545949498171752,2.5649492740631104,2743788,0.0,0.0
1990-02-20,2.55861496925354,2.571281319669272,2.545948618837808,2.55861496925354,4344668,0.0,0.0
1990-02-21,2.5396170243187557,2.5459504477819013,2.5206174850463867,2.5206174850463867,4329537,0.0,0.0
1990-02-22,2.5206168298982905,2.552282720455107,2.507950473675564,2.5142838954925537,2819444,0.0,0.0
1990-02-23,2.495284117452837,2.52695025171528,2.4699511613017577,2.5142838954925537,1974115,0.0,0.0
1990-02-26,2.5269502339312937,2.5522827024928376,2.5142838777977095,2.539616346359253,1152996,0.0,0.0
1990-02-27,2.539615199924428,2.6029471957086012,2.5332825121275913,2.55861496925354,2005386,0.0,0.0
1990-02-28,2.5459492206573486,2.5839487682980264,2.539615800246854,2.5459492206573486,1610967,0.0,0.0
1990-03-01,2.5396170243187557,2.56495023075996,2.51428454899462,2.5206174850463867,2252529,0.0,0.0
1990-03-02,2.514283319987019,2.5839487506772367,2.5079498996197143,2.571281909942627,3347018,0.0,0.0
1990-03-05,2.609282016754151,2.640947909809566,2.5966156595319845,2.6092820167541504,2583398,0.0,0.0
1990-03-06,2.5966154774667243,2.6726138591766357,2.5966154774667243,2.6726138591766357,2456296,0.0,0.0
1990-03-07,2.697944879531861,2.7106112267766624,2.672611941336803,2.6979448795318604,3590126,0.0,0.0
1990-03-08,2.6979464391770303,2.7106127937440747,2.6599471317703016,2.6852800846099854,3222943,0.0,0.0
1990-03-09,2.6599466957653726,2.672613048256213,2.621947394587296,2.6346139907836914,2952599,0.0,0.0
1990-03-12,2.6346139907836914,2.640946923323557,2.621947394587296,2.6346139907836914,1715876,0.0,0.0
1990-03-13,2.6295332171780053,2.654939459194786,2.5914244651794434,2.5914244651794434,1945870,0.01487,0.0
1990-03-14,2.59142506671287,2.6231825710922383,2.5787215761397215,2.616830825805664,1448559,0.0,0.0
1990-03-15,2.6168309674151526,2.635885715484619,2.591425206947529,2.635885715484619,1953940,0.0,0.0
1990-03-16,2.6803458650075864,2.7184551116313314,2.667642864269898,2.7121033668518066,3325835,0.0,0.0
1990-03-19,2.6930491101559553,2.7184551116313314,2.6803458650075864,2.7121033668518066,1533293,0.0,0.0
1990-03-20,2.705749988555908,2.7375077099006697,2.6739925116216363,2.705749988555908,3351053,0.0,0.0
1990-03-21,2.718452424478208,2.724804162979126,2.686694954025814,2.724804162979126,3664773,0.0,0.0
1990-03-22,2.718454406270851,2.7311574037124777,2.642236177210473,2.6549391746520996,2082051,0.0,0.0
1990-03-23,2.6676423549652104,2.686697096844503,2.642236358340332,2.66764235496521,1181241,0.0,0.0
1990-03-26,2.6676419874638713,2.6739937301556926,2.6422359943389893,2.6422359943389893,1305317,0.0,0.0
1990-03-27,2.629532753365947,2.6422359943389893,2.591424008089225,2.6422359943389893,1958984,0.0,0.0
1990-03-28,2.635885715484619,2.6485884735130742,2.6231827130454506,2.635885715484619,1388034,0.0,0.0
1990-03-29,2.648587613085917,2.686697096844503,2.635884859184112,2.66764235496521,1103568,0.0,0.0
1990-03-30,2.6612911194903734,2.7184551116313314,2.6358853624256784,2.7121033668518066,2233363,0.0,0.0
1990-04-02,2.699397697796332,2.7311554126591653,2.6739919658448565,2.724804162979126,1258915,0.0,0.0
1990-04-03,2.7248061039874796,2.7692665942921426,2.699399620706445,2.718454360961914,2329194,0.0,0.0
1990-04-04,2.756563000814629,2.7692659952968612,2.724805514609049,2.7438600063323975,2993957,0.0,0.0
1990-04-05,2.7502117646286197,2.756563507447693,2.7311572694032167,2.73750901222229,1696710,0.0,0.0
1990-04-06,2.743860510630758,2.743860510630758,2.705751275769346,2.73750901222229,1155014,0.0,0.0
1990-04-09,2.7248071564703906,2.756564661811791,2.6994006633758545,2.6994006633758545,951247,0.0,0.0
1990-04-10,2.7184544726767172,2.7311574704286503,2.6930484771728516,2.6930484771728516,761603,0.0,0.0
1990-04-11,2.7057521108936435,2.7311581123690196,2.6994003661141184,2.7121033668518066,1327509,0.0,0.0
1990-04-12,2.775617736948538,2.7819689897790933,2.724805514609049,2.7438600063323975,2595503,0.0,0.0
1990-04-16,2.756563000814629,2.756563000814629,2.737508509091281,2.7438600063323975,4557513,0.0,0.0
1990-04-17,2.7375098571485443,2.7438613575173885,2.712103366851806,2.7121033668518066,817084,0.0,0.0
1990-04-18,2.7311574704286503,2.7375092137152404,2.6739939805449517,2.6930484771728516,2209153,0.0,0.0
1990-04-19,2.693049470871592,2.7121037301196314,2.6231827130454506,2.635885715484619,1219574,0.0,0.0
1990-04-20,2.6422374703626885,2.6485887277812887,2.5660189595891656,2.585073709487915,1271020,0.0,0.0
1990-04-23,2.56601686108477,2.5977743442599914,2.5596651200391882,2.5787198543548584,958308,0.0,0.0
1990-04-24,2.604126085305573,2.6168290785756616,2.5596651200391882,2.5787198543548584,890722,0.0,0.0
1990-04-25,2.5787198543548584,2.58507159540044,2.56601686108477,2.5787198543548584,688973,0.0,0.0
1990-04-26,2.5787209775550872,2.6168302183749366,2.5533149799489507,2.5914244651794434,1100542,0.0,0.0
1990-04-27,2.5787200047115677,2.5914234875434294,2.527907784257982,2.5406112670898438,1942844,0.0,0.0
1990-04-30,2.5406114380359703,2.5660171833563723,2.5406114380359703,2.5596654415130615,1080367,0.0,0.0
1990-05-01,2.566017978752019,2.5977754757596903,2.5406122255565258,2.5914244651794434,1192337,0.0,0.0
1990-05-02,2.5914250077231404,2.642237013573474,2.5914250077231404,2.6295337677001953,1189311,0.0,0.0
1990-05-03,2.6295320220675156,2.6549382525372787,2.604126036008285,2.6485865116119385,1068262,0.0,0.0
1990-05-04,2.66129102882882,2.6803457736968994,2.6422367727820855,2.6803457736968994,663755,0.0,0.0
1990-05-07,2.6803445451001155,2.7438600063323975,2.6739932922695604,2.7438600063323975,1793550,0.0,0.0
1990-05-08,2.7375095236994387,2.7438610232946226,2.7184547805032357,2.7311577796936035,1116682,0.0,0.0
1990-05-09,2.7311554126591653,2.7375071511600835,2.7057494362972503,2.724804162979126,738402,0.0,0.0
1990-05-10,2.7375095236994387,2.7438610232946226,2.724806524509071,2.7311577796936035,788839,0.0,0.0
1990-05-11,2.743861319509482,2.794673566167065,2.731158074537078,2.7692673206329346,1645264,0.0,0.0
1990-05-14,2.7819699433549085,2.8962976661147914,2.7756186883473335,2.851836681365967,2987905,0.0,0.0
1990-05-15,2.807375324964037,2.858187549146239,2.794672330021129,2.8327813148498535,1426366,0.0,0.0
1990-05-16,2.807375324964037,2.8391328123213073,2.788320588139105,2.8327813148498535,1722938,0.0,0.0
1990-05-17,2.8327816433987656,2.877242619676713,2.8327816433987656,2.864539623260498,1256897,0.0,0.0
1990-05-18,2.8645391688241215,2.915351390838623,2.8518356856020177,2.915351390838623,1156023,0.0,0.0
1990-05-21,2.889944316907391,2.9725142522975196,2.883592821017459,2.947108268737793,1724955,0.0,0.0
1990-05-22,2.95981317608758,2.972516176088734,2.883594687259322,2.8962979316711426,1382990,0.0,0.0
1990-05-23,2.8962966548265854,2.915351390838623,2.877242163225107,2.915351390838623,2294896,0.0,0.0
1990-05-24,2.9089999198913574,2.915351662093398,2.8962969243084395,2.9089999198913574,1464699,0.0,0.0
1990-05-25,2.883594388098353,2.8962976311922652,2.858188390731812,2.8581883907318115,475119,0.0,0.0
1990-05-29,2.832780609487497,2.9598112605176565,2.8264293580080744,2.947108268737793,1349702,0.0,0.0
1990-05-30,2.9089999198913574,2.9725151422165283,2.9026481776893167,2.9089999198913574,1803637,0.0,0.0
1990-05-31,2.9153515759441917,2.947109063963046,2.908999833929846,2.9280545711517334,1162075,0.0,0.0
1990-06-01,2.9407573219487007,2.966163801184934,2.921702829137388,2.9280545711517334,697043,0.0,0.0
1990-06-04,2.915352853686961,2.985219113538897,2.915352853686961,2.959813356399536,1089445,0.0,0.0
1990-06-05,2.959812011542955,2.9788667484582243,2.9344055327155485,2.9407572746276855,1506057,0.0,0.0
1990-06-06,2.928054931305347,2.934405940869149,2.902648448944092,2.902648448944092,1087428,0.0,0.0
1990-06-07,2.9153503304445683,2.9153503304445683,2.832780163639552,2.883592367172241,1190320,0.0,0.0
1990-06-08,2.870890965616249,2.8772427084308863,2.8200787339733897,2.845484972000122,936116,0.0,0.0
1990-06-11,2.794672740357263,2.845484972000122,2.794672740357263,2.845484972000122,911906,0.0,0.0
1990-06-12,2.858187960249012,2.909000191739708,2.845484963478989,2.902648448944092,1136856,0.0,0.0
1990-06-13,2.9089985911438205,2.9089985911438205,2.8708893773916864,2.883592367172241,1163084,0.0,0.0
1990-06-14,2.886143018377009,2.886143018377009,2.816059924329232,2.8351736068725586,1009754,0.017348,0.0
1990-06-15,2.7778324830387193,2.8160595985361834,2.7778324830387193,2.8033173084259033,2143585,0.0,0.0
1990-06-18,2.80331814316682,2.8288027309758976,2.796946751047854,2.8096890449523926,1571626,0.0,0.0
1990-06-19,2.7969460487365723,2.8160597299606445,2.7969460487365723,2.7969460487365723,1554477,0.0,0.0
1990-06-20,2.8096867719100107,2.8224295458390127,2.796944488314006,2.8160581588745117,1302291,0.0,0.0
1990-06-21,2.8096885333703545,2.835173606872558,2.803317632744782,2.8351736068725586,1707806,0.0,0.0
1990-06-22,2.841544503630509,2.867029331931373,2.841544503630509,2.8479156494140625,1100542,0.0,0.0
1990-06-25,2.854286714033647,2.854286714033647,2.8033173084259033,2.8033173084259033,1261941,0.0,0.0
1990-06-26,2.828802020665602,2.8479154567230394,2.7778326126791355,2.7969460487365723,1819777,0.0,0.0
1990-06-27,2.7842040031982496,2.8033174392556863,2.771461222160021,2.7969460487365723,1353737,0.0,0.0
1990-06-28,2.8033174392556863,2.8033174392556863,2.7778326126791355,2.7969460487365723,2123410,0.0,0.0
1990-06-29,2.8096867719100107,2.835171829435018,2.803315875278507,2.8160581588745117,1421323,0.0,0.0
1990-07-02,2.8160590987711727,2.8479148183934493,2.803316810922262,2.841543674468994,646606,0.0,0.0
1990-07-03,2.854287005884966,2.89251388012451,2.8415444693051355,2.8734006881713867,1474786,0.0,0.0
1990-07-05,2.9052555832473757,2.9052555832473757,2.828801366368103,2.8670284748077393,1022868,0.0,0.0
1990-07-06,2.841543674468994,2.8670284953333955,2.8288013866200834,2.841543674468994,1149970,0.0,0.0
1990-07-09,2.841543681388852,2.8542862144353744,2.8160591056289697,2.828801393508911,702087,0.0,0.0
1990-07-10,2.828800938024119,2.828800938024119,2.765089263716489,2.790573835372925,1247818,0.0,0.0
1990-07-11,2.8160598864787727,2.8734006881713867,2.8033175950655917,2.8734006881713867,1810699,0.0,0.0
1990-07-12,2.873400171931022,2.9307404729884743,2.867028782202478,2.9243695735931396,2702430,0.0,0.0
1990-07-13,2.9243695640963345,2.9625961861772248,2.9179981743884817,2.9498538970947266,1274046,0.0,0.0
1990-07-16,2.937111581417578,3.007194410053388,2.937111581417578,3.0008230209350586,969405,0.0,0.0
1990-07-17,3.0326790525443377,3.070906162261963,3.0199367643606583,3.070906162261963,1539346,0.0,0.0
1990-07-18,3.045421138972321,3.0581639176708157,2.9817096971457504,3.0071945190429688,2268669,0.0,0.0
1990-07-19,2.9817098649675757,2.9817098649675757,2.9179981743884817,2.9498538970947266,1520180,0.0,0.0
1990-07-20,2.9371110641290583,2.9371110641290583,2.854285717010498,2.854285717010498,2476471,0.0,0.0
1990-07-23,2.8415442402083597,2.8415442402083597,2.7268631364024833,2.73960542678833,2974791,0.0,0.0
1990-07-24,2.739604921969822,2.7778320312499996,2.7141203458940932,2.77783203125,2347351,0.0,0.0
1990-07-25,2.7778324830387193,2.8033173084259033,2.7523479028181597,2.8033173084259033,823136,0.0,0.0
1990-07-26,2.7778320455366323,2.7905743336400315,2.7396049360598496,2.752347469329834,1627107,0.0,0.0
1990-07-27,2.7523479718546606,2.7523479718546606,2.707749465016779,2.726863145828247,909889,0.0,0.0
1990-07-30,2.7013779645198426,2.7332339286804195,2.6822645331234414,2.73323392868042,782787,0.0,0.0
1990-07-31,2.726863906910862,2.752348740050232,2.6695230936389542,2.6886367797851562,1852057,0.0,0.0
1990-08-01,2.6886367797851562,2.7077502207646598,2.682265877958687,2.6886367797851562,1373912,0.0,0.0
1990-08-02,2.6758944857988207,2.7013793189381907,2.6567807996526187,2.6886367797851562,1865171,0.0,0.0
1990-08-03,2.675893928712307,2.675893928712307,2.586697399044124,2.644038200378418,2058850,0.0,0.0
1990-08-06,2.573956276717445,2.5866985738381354,2.5229868430679234,2.5484719276428223,2240424,0.0,0.0
1990-08-07,2.5612126733751768,2.599440035574765,2.5229855563422223,2.5420992374420166,2680237,0.0,0.0
1990-08-08,2.5548408031463623,2.561212192427622,2.5357273708023453,2.5548408031463623,2349369,0.0,0.0
1990-08-09,2.5484704531894624,2.6121819019317623,2.5484704531894624,2.6121819019317627,1051113,0.0,0.0
1990-08-10,2.624924193740565,2.637666483499027,2.5866970792985633,2.599439859390259,1199399,0.0,0.0
1990-08-13,2.5675836582808205,2.5930687306996165,2.5612127579260844,2.5866973400115967,1603906,0.0,0.0
1990-08-14,2.5866973400115967,2.5994401213876364,2.5866973400115967,2.5866973400115967,1399130,0.0,0.0
1990-08-15,2.599440180710974,2.663151637378751,2.599440180710974,2.644038200378418,1108612,0.0,0.0
1990-08-16,2.6312959935766913,2.6312959935766913,2.561212898657384,2.5675837993621826,4270021,0.0,0.0
1990-08-17,2.5357287285363217,2.5484715139218554,2.465645615416356,2.497502088546753,3945204,0.0,0.0
1990-08-20,2.497500651265316,2.522984981536865,2.497500651265316,2.5229849815368652,1920652,0.0,0.0
1990-08-21,2.5102424908004037,2.5102424908004037,2.4274173821584455,2.446531057357788,2872908,0.0,0.0
1990-08-22,2.446530707367433,2.491128704397263,2.4401593197680773,2.4656436443328857,1847013,0.0,0.0
1990-08-23,2.39556216194521,2.4401601745984967,2.3828193822824817,2.421046495437622,3385351,0.0,0.0
1990-08-24,2.4465305840054854,2.459272623062134,2.414674137948057,2.459272623062134,1894424,0.0,0.0
1990-08-27,2.4975001558111285,2.586696152149867,2.4847573802868217,2.573953866958618,1578687,0.0,0.0
1990-08-28,2.5803260803222656,2.5930683695905383,2.567583300720777,2.5803260803222656,1780436,0.0,0.0
1990-08-29,2.5803265814384018,2.6058109197575634,2.5548415076192743,2.5675837993621826,1923678,0.0,0.0
1990-08-30,2.5739557016969083,2.5739557016969083,2.5166148871301948,2.529357671737671,1415270,0.0,0.0
1990-08-31,2.5229857782620027,2.5675837993621826,2.5229857782620027,2.5675837993621826,1259923,0.0,0.0
1990-09-04,2.554841011452504,2.5803260803222656,2.548470357151583,2.5803260803222656,820110,0.0,0.0
1990-09-05,2.5803260803222656,2.5994397593912826,2.5739546905215214,2.5803260803222656,1825830,0.0,0.0
1990-09-06,2.5803267001705326,2.5803267001705326,2.554841625178725,2.5612130165100098,480163,0.0,0.0
1990-09-07,2.5484704551897956,2.624924193740565,2.5484704551897956,2.599439859390259,1033964,0.0,0.0
1990-09-10,2.6121809676988925,2.6249232528901407,2.5739538669586186,2.573953866958618,1053131,0.0,0.0
1990-09-11,2.563725120261278,2.5956918633542765,2.563725120261278,2.5701186656951904,599195,0.017348,0.0
1990-09-12,2.570118802491637,2.570118802491637,2.5061858049410417,2.518972158432007,1490926,0.0,0.0
1990-09-13,2.5061843198414953,2.512577123770038,2.4870041859228107,2.4933972358703613,1713859,0.0,0.0
1990-09-14,2.480613415895311,2.4870069650253406,2.435860294120084,2.442253351211548,1005719,0.0,0.0
1990-09-17,2.435859317287514,2.435859317287514,2.416679169627647,2.4294657707214355,2021526,0.0,0.0
1990-09-18,2.4166801387685606,2.4422533512115474,2.410286589638531,2.442253351211548,1468734,0.0,0.0
1990-09-19,2.455038659366824,2.467825010245797,2.44225157043054,2.4486451148986816,2029596,0.0,0.0
1990-09-20,2.442250823301332,2.442250823301332,2.4230706878026678,2.4358577728271484,1750174,0.0,0.0
1990-09-21,2.435857572171331,2.5061843198414953,2.429464030185764,2.4933972358703613,1874250,0.0,0.0
1990-09-24,2.4933987644686706,2.506185856279035,2.474218618791442,2.4870057106018066,2229328,0.0,0.0
1990-09-25,2.499791610141763,2.557331785036355,2.4870050139514492,2.5445446968078613,786822,0.0,0.0
1990-09-26,2.5253652638987867,2.5253652638987867,2.480612164696624,2.4870057106018066,1435445,0.0,0.0
1990-09-27,2.499792310373853,2.5189722100319223,2.474218618791442,2.4870057106018066,1677544,0.0,0.0
1990-09-28,2.480611563950198,2.544544793346448,2.4614314229179537,2.538151741027832,2124418,0.0,0.0
1990-10-01,2.550938767450876,2.5829052645247335,2.5445452220169638,2.5701186656951904,2120383,0.0,0.0
1990-10-02,2.5701195883730183,2.5829061917929765,2.5573332309722896,2.55733323097229,1676535,0.0,0.0
1990-10-03,2.550937565940668,2.5573311083631753,2.4678242206573486,2.4678242206573486,2836593,0.0,0.0
1990-10-04,2.4422516991372554,2.4422516991372554,2.391105062830416,2.397498607635498,8717580,0.0,0.0
1990-10-05,2.378318860379226,2.4294655051832863,2.365532260683,2.4166789054870605,3647624,0.0,0.0
1990-10-08,2.42946564592332,2.448645792597931,2.4102854992487095,2.423072099685669,2900144,0.0,0.0
1990-10-09,2.41028535961979,2.4294655051832863,2.4038925518099923,2.4166789054870605,3161409,0.0,0.0
1990-10-10,2.403891801834107,2.4166781515220377,2.384711662254508,2.4038918018341064,5337274,0.0,0.0
1990-10-11,2.4038933799943707,2.4038933799943707,2.3399596214294434,2.3399596214294434,5480515,0.0,0.0
1990-10-12,2.346352373443985,2.39110547261548,2.3143856280166153,2.3591387271881104,6293564,0.0,0.0
1990-10-15,2.3847126668931766,2.4678258200219845,2.378319120327098,2.4294657707214355,3578021,0.0,0.0
1990-10-16,2.435858518000605,2.506185292978235,2.435858518000605,2.4486451148986816,2594494,0.0,0.0
1990-10-17,2.448645458216484,2.5061856443635873,2.448645458216484,2.4997920989990234,3658721,0.0,0.0
1990-10-18,2.4997920442155044,2.5892987251281743,2.4997920442155044,2.589298725128174,1679562,0.0,0.0
1990-10-19,2.646838511469554,2.653232056919839,2.614871768294696,2.6276583671569824,1922669,0.0,0.0
1990-10-22,2.621264810160725,2.672411441802979,2.595691371330051,2.6724114418029785,1538337,0.0,0.0
1990-10-23,2.6724138985599484,2.6788069566209036,2.6404473781585693,2.6404473781585693,1310361,0.0,0.0
1990-10-24,2.627659536988955,2.6468396898405153,2.6084801221951475,2.614872932434082,1348693,0.0,0.0
1990-10-25,2.6084788687632505,2.6148716759302997,2.582905179903727,2.589298725128174,946203,0.0,0.0
1990-10-26,2.5956927952129347,2.5956927952129347,2.5573332309722896,2.55733323097229,1311369,0.0,0.0
1990-10-29,2.5573332309722896,2.5829061917929765,2.5381530798231235,2.55733323097229,1008746,0.0,0.0
1990-10-30,2.5445452220169638,2.576511719090821,2.5317586231874207,2.5701186656951904,1030938,0.0,0.0
1990-10-31,2.5701185683218006,2.5829051666669014,2.5573322159958316,2.5765116214752197,578011,0.0,0.0
1990-11-01,2.5956917783143556,2.5956917783143556,2.5573322291016014,2.589298725128174,853399,0.0,0.0
1990-11-02,2.595692933543662,2.640446539937001,2.5892998775122114,2.6340529918670654,1012781,0.0,0.0
1990-11-05,2.6340519126072675,2.646838511469554,2.6084789609018357,2.6276583671569824,1596844,0.0,0.0
1990-11-06,2.621265411376953,2.6276584650270713,2.6148718656885332,2.621265411376953,2015474,0.0,0.0
1990-11-07,2.621266094888986,2.621266094888986,2.608479738235474,2.6084797382354736,918967,0.0,0.0
1990-11-08,2.608479058057566,2.6340520107154908,2.5956919666807265,2.621265411376953,958308,0.0,0.0
1990-11-09,2.6340518487010773,2.659625291824341,2.6340518487010773,2.659625291824341,1533293,0.0,0.0
1990-11-12,2.6660197564927737,2.7299530291189993,2.659626699851344,2.7171664237976074,1896442,0.0,0.0
1990-11-13,2.736346577798961,2.736346577798961,2.710773367156177,2.7171664237976074,2011439,0.0,0.0
1990-11-14,2.7363455743227236,2.781098676535679,2.7363455743227236,2.7619190216064453,1972098,0.0,0.0
1990-11-15,2.749132129979359,2.7619189764216157,2.7363455295562744,2.7363455295562744,1367859,0.0,0.0
1990-11-16,2.7555251121521,2.7747050088605887,2.7491315672301493,2.7555251121520996,1689649,0.0,0.0
1990-11-19,2.75552419932422,2.7683105468749996,2.75552419932422,2.768310546875,1213521,0.0,0.0
1990-11-20,2.768312075903406,2.768312075903406,2.7363455743227236,2.7619190216064453,1071288,0.0,0.0
1990-11-21,2.749131104881109,2.813064575195312,2.7363445092259,2.8130645751953125,1815742,0.0,0.0
1990-11-23,2.800278425216675,2.8322454142890097,2.7874918264030537,2.800278425216675,556828,0.0,0.0
1990-11-26,2.787491606666248,2.787491606666248,2.7491315672301493,2.7555251121520996,640554,0.0,0.0
1990-11-27,2.755523996038235,2.7938840199367614,2.755523996038235,2.781096935272217,835241,0.0,0.0
1990-11-28,2.7938840199367614,2.7938840199367614,2.7747038849779875,2.781096935272217,1413253,0.0,0.0
1990-11-29,2.7874922228709913,2.7874922228709913,2.755525721290309,2.7619190216064453,1083393,0.0,0.0
1990-11-30,2.7619184110549293,2.781098061744297,2.7555251121521,2.7555251121520996,2860803,0.0,0.0
1990-12-03,2.793885371829005,2.800278425216675,2.7874918264030537,2.800278425216675,1192337,0.0,0.0
1990-12-04,2.7874900208034847,2.8002766113345787,2.7683098889878623,2.7938835620880127,1086419,0.0,0.0
1990-12-05,2.7938855044325153,2.8066718578338623,2.787491958703113,2.8066718578338623,1106594,0.0,0.0
1990-12-06,2.8386377978073147,2.8386377978073147,2.813064606214902,2.8258512020111084,2190996,0.0,0.0
1990-12-07,2.8194580242654443,2.825851569012979,2.7619183357096637,2.774704933166504,799935,0.0,0.0
1990-12-10,2.7491315672301493,2.7619184110549293,2.7235583716188305,2.7555251121520996,3652668,0.0,0.0
1990-12-11,2.7452623515920016,2.7580906192092267,2.713191682548939,2.7388479709625244,1177206,0.017348,0.0
1990-12-12,2.7452634216078415,2.75167780473744,2.6939500843177795,2.719606876373291,4579706,0.0,0.0
1990-12-13,2.713192257517172,2.8094045318561234,2.706777875528386,2.7965762615203857,3254214,0.0,0.0
1990-12-14,2.7837469577789307,2.7837469577789307,2.745261914237538,2.7837469577789307,1933766,0.0,0.0
1990-12-17,2.770918573498929,2.809403368570803,2.770918573498929,2.8029894828796387,944186,0.0,0.0
1990-12-18,2.8029899998446077,2.809403886718707,2.7452623029482517,2.77091908454895,1533293,0.0,0.0
1990-12-19,2.77091808722742,2.783746350000132,2.745261314861225,2.7645039558410645,1405183,0.0,0.0
1990-12-20,2.74526317825742,2.7837482395187463,2.7388487956964163,2.758091449737549,1379964,0.0,0.0
1990-12-21,2.7580901798110604,2.8029896029600394,2.7516762938451245,2.7837469577789307,1549433,0.0,0.0
1990-12-24,2.7837469577789307,2.7837469577789307,2.764504559418647,2.7837469577789307,392402,0.0,0.0
1990-12-26,2.783745818958985,2.790159702301026,2.758089051487202,2.7901597023010254,440822,0.0,0.0
1990-12-27,2.7837473507053323,2.7837473507053323,2.732434034347534,2.732434034347534,395428,0.0,0.0
1990-12-28,2.7324340839747765,2.751676732221479,2.7260197033452993,2.7388479709625244,729323,0.0,0.0
1990-12-31,2.751676082611084,2.7709184794942137,2.738847324380718,2.751676082611084,384332,0.0,0.0
1991-01-02,2.745262933356517,2.8094045318561234,2.7324346630207788,2.7965762615203857,1361807,0.0,0.0
1991-01-03,2.7965747308179405,2.809402994132141,2.7452614307403564,2.7452614307403564,1026903,0.0,0.0
1991-01-04,2.7452615716008717,2.7645042143803025,2.693948268890381,2.693948268890381,1223609,0.0,0.0
1991-01-07,2.6682915687561035,2.6875337166522164,2.6618774371838065,2.6682915687561035,605247,0.0,0.0
1991-01-08,2.674707047569992,2.6811214297858887,2.5913230406144474,2.6169800758361816,1550442,0.0,0.0
1991-01-09,2.6426363705951386,2.6682931589959473,2.604151311404389,2.6169800758361816,1327509,0.0,0.0
1991-01-10,2.629806592111945,2.6426348555473207,2.5784932915496594,2.60414981842041,964361,0.0,0.0
1991-01-11,2.616981000540755,2.616981000540755,2.59132395625316,2.6105666160583496,849364,0.0,0.0
1991-01-14,2.6041522315759447,2.616981000540755,2.59132395625316,2.6105666160583496,767655,0.0,0.0
1991-01-15,2.610565379511507,2.6233934019370277,2.565666437149048,2.565666437149048,921994,0.0,0.0
1991-01-16,2.5720810142137984,2.6618796720827334,2.5656673708982005,2.642637014389038,1798594,0.0,0.0
1991-01-17,2.7324346630207788,2.7965762615203857,2.719606392685041,2.7965762615203857,5054825,0.0,0.0
1991-01-18,2.7709187193318714,2.912030135663707,2.7645045864823174,2.8992018699645996,2630809,0.0,0.0
1991-01-21,2.873545408248902,2.8799592944331622,2.8222320973873143,2.8735454082489014,1184267,0.0,0.0
1991-01-22,2.8607179239248235,2.8992029826126617,2.854304035434593,2.8863747119903564,1280098,0.0,0.0
1991-01-23,2.873545338566385,2.9184442685132606,2.847888560347343,2.8992018699645996,1544390,0.0,0.0
1991-01-24,2.9120302200317387,2.950515265064886,2.8992019539609677,2.9120302200317383,1628116,0.0,0.0
1991-01-25,2.9120300816190303,2.989000168026833,2.9120300816190303,2.9633431434631348,1355754,0.0,0.0
1991-01-28,2.9505169227099834,3.001830262642513,2.9376886494320944,2.989001989364624,1101550,0.0,0.0
1991-01-29,2.976173716086735,3.0082446461024315,2.963344949166899,2.989001989364624,816075,0.0,0.0
1991-01-30,3.014657323082736,3.0338999736544285,3.001829300736431,3.0274860858917236,960326,0.0,0.0
1991-01-31,3.008242758867405,3.065969705581665,2.995414493637387,3.065969705581665,1159049,0.0,0.0
1991-02-01,3.065970646572426,3.065970646572426,3.014657323082736,3.0274860858917236,1690658,0.0,0.0
1991-02-04,3.014656464456062,3.091626797999447,2.995414559827482,3.078798532485962,1815742,0.0,0.0
1991-02-05,3.1557688215411757,3.1750112225501317,3.1172835258815454,3.149354934692383,1900477,0.0,0.0
1991-02-06,3.1301119248926694,3.2455668112367815,3.1172831653951802,3.239152431488037,1767322,0.0,0.0
1991-02-07,3.232738607343483,3.2712231588277763,3.207081828319228,3.213496208190918,2599538,0.0,0.0
1991-02-08,3.194254628987309,3.2327396869659424,3.1814263586014038,3.2327396869659424,2068937,0.0,0.0
1991-02-11,3.2455670859148094,3.316122800913947,3.232738818973303,3.2840521335601807,1094489,0.0,0.0
1991-02-12,3.284053015330481,3.348194614080925,3.2327396869659424,3.2327396869659424,2166786,0.0,0.0
1991-02-13,3.2263253049520717,3.251982339365718,3.207082899373214,3.2327396869659424,1353737,0.0,0.0
1991-02-14,3.2327378147938215,3.2904649980989107,3.117282460900543,3.1301112174987793,2290862,0.0,0.0
1991-02-15,3.14294130062277,3.258396227737753,3.1365269186088995,3.2327396869659424,2332220,0.0,0.0
1991-02-19,3.226324438681698,3.2840521335601807,3.207082038269438,3.2840521335601807,1016816,0.0,0.0
1991-02-20,3.27122336776264,3.27122336776264,3.168596738752471,3.2070820331573486,1342641,0.0,0.0
1991-02-21,3.187838351216552,3.2199090081094046,3.181424466658753,3.1942527294158936,850373,0.0,0.0
1991-02-22,3.168597738887828,3.232739834201467,3.130113172798246,3.1365270614624023,1071288,0.0,0.0
1991-02-25,3.1814263586014038,3.2455679573518474,3.175011976587533,3.2327396869659424,813049,0.0,0.0
1991-02-26,3.2391531938287046,3.245567575087086,3.1429409304454317,3.1685972213745117,898792,0.0,0.0
1991-02-27,3.1814252961158083,3.219909847600102,3.1814252961158083,3.213496208190918,1519171,0.0,0.0
1991-02-28,3.2263243831630257,3.2455670300650095,3.2006680965423584,3.2006680965423584,1144926,0.0,0.0
1991-03-01,3.1878393859549097,3.2134964134387287,3.168596738752471,3.2070820331573486,1045061,0.0,0.0
1991-03-04,3.2199109229382015,3.258396227737753,3.207082899373214,3.2327396869659424,1003702,0.0,0.0
1991-03-05,3.2455687762700585,3.3738522529602046,3.2327405026473377,3.373852252960205,1566582,0.0,0.0
1991-03-06,3.386678578344862,3.437991890137966,3.3417791528524528,3.367435932159424,1221591,0.0,0.0
1991-03-07,3.361022630148261,3.361022630148261,3.3225373282607773,3.3481943607330322,767655,0.0,0.0
1991-03-08,3.361020905567755,3.4251627133737568,3.3481926427348636,3.4123342037200928,2158716,0.0,0.0
1991-03-11,3.3738501791874116,3.3866784449251024,3.3097083568572994,3.3097083568573,1527241,0.0,0.0
1991-03-12,3.292985446700004,3.31871177175622,3.292985446700004,3.2994167804718018,1013789,0.017348,0.0
1991-03-13,3.2929873628994777,3.2929873628994777,3.2608294378664127,3.2736926078796387,649632,0.0,0.0
1991-03-14,3.2865555951628083,3.299418765429506,3.19008157067017,3.209376573562622,1096507,0.0,0.0
1991-03-15,3.209376388225932,3.2158077254954756,3.138628460859871,3.177217721939087,1636186,0.0,0.0
1991-03-18,3.164354801177979,3.177217723214621,3.1514916316489456,3.1643548011779785,1007737,0.0,0.0
1991-03-19,3.1514902160582685,3.1772162960682677,3.1257633935714293,3.138627052307129,711166,0.0,0.0
1991-03-20,3.15149143702205,3.157923268881747,3.0807435139967714,3.1064703464508057,1503031,0.0,0.0
1991-03-21,3.112900500195183,3.1257634165485966,3.0871741725037922,3.1000373363494873,1104577,0.0,0.0
1991-03-22,3.1000389765995604,3.1514919066986917,3.1000389765995604,3.1321969032287598,741428,0.0,0.0
1991-03-25,3.1321947548125784,3.1514897450478068,3.125762926406007,3.1450579166412354,816075,0.0,0.0
1991-03-26,3.1900815219571625,3.2801237124490896,3.1900815219571625,3.267260789871216,1300273,0.0,0.0
1991-03-27,3.2736942162757434,3.3380100979408582,3.2736942162757434,3.312283992767334,1337597,0.0,0.0
1991-03-28,3.312283992767334,3.3315782622818246,3.305852157108301,3.312283992767334,722262,0.0,0.0
1991-04-01,3.2994177412402066,3.3058495718694227,3.273691656184983,3.2865545749664307,595160,0.0,0.0
1991-04-02,3.2801217752549885,3.3187117576599126,3.267258860273772,3.318711757659912,1272028,0.0,0.0
1991-04-03,3.3444401970014703,3.4087562927630155,3.3315765323628534,3.3637351989746094,1097515,0.0,0.0
1991-04-04,3.376600312558881,3.402326668563017,3.3444423675537105,3.344442367553711,711166,0.0,0.0
1991-04-05,3.3444423675537105,3.421621683058673,3.3315786945665344,3.344442367553711,753533,0.0,0.0
1991-04-08,3.3315778565708163,3.44734741943999,3.3315778565708163,3.440915584564209,742437,0.0,0.0
1991-04-09,3.43448287956307,3.4602092188707307,3.3573033666553007,3.3637351989746094,783795,0.0,0.0
1991-04-10,3.3508700969515486,3.3958916664123535,3.3508700969515486,3.3958916664123535,772699,0.0,0.0
1991-04-11,3.434482729467735,3.575977836968579,3.434482729467735,3.530956745147705,1609958,0.0,0.0
1991-04-12,3.5373866708408865,3.5373866708408865,3.4859337747104453,3.511660099029541,1397113,0.0,0.0
1991-04-15,3.5309565203494424,3.5309565203494424,3.5052299363115855,3.524524688720703,722262,0.0,0.0
1991-04-16,3.524525572064237,3.5759785055431115,3.466641547821915,3.569547414779663,780769,0.0,0.0
1991-04-17,3.588839531460743,3.653155589114342,3.575975874443979,3.6274287700653076,1307334,0.0,0.0
1991-04-18,3.6145658346737752,3.666018729998285,3.582407682286364,3.6402924060821533,842303,0.0,0.0
1991-04-19,3.6274285265512014,3.6274285265512014,3.6017024517059326,3.6017024517059326,451918,0.0,0.0
1991-04-22,3.5888407214349156,3.6402936341168055,3.5759770601528675,3.608135223388672,1867188,0.0,0.0
1991-04-23,3.621000511614976,3.6660216138841806,3.621000511614976,3.646726608276367,747481,0.0,0.0
1991-04-24,3.646724969773172,3.646724969773172,3.601703887732306,3.608135223388672,784804,0.0,0.0
1991-04-25,3.601702466909667,3.601702466909667,3.537386413302195,3.563112735748291,813049,0.0,0.0
1991-04-26,3.563114915369283,3.563114915369283,3.498798822418509,3.530956745147705,1040017,0.0,0.0
1991-04-29,3.5245251892433602,3.556683361984416,3.4795040938952453,3.485935926437378,852390,0.0,0.0
1991-04-30,3.492366777134417,3.524524697900032,3.492366777134417,3.4987986087799072,1187294,0.0,0.0
1991-05-01,3.498796936869993,3.5502498330004344,3.498796936869993,3.511660099029541,490755,0.0,2.0
1991-05-02,3.524524688720703,3.5502515202509266,3.511661767940325,3.524524688720703,666781,0.0,0.0
1991-05-03,3.4987964557464997,3.5888390734659708,3.4987964557464997,3.5759754180908203,595664,0.0,0.0
1991-05-06,3.550250768661499,3.5759768522684006,3.511661024520361,3.550250768661499,291528,0.0,0.0
1991-05-07,3.601703838435444,3.7046096623907423,3.5759770112081313,3.666019916534424,899801,0.0,0.0
1991-05-08,3.6788823016997956,3.7946517699736937,3.65315622067992,3.7817881107330322,1104072,0.0,0.0
1991-05-09,3.781789513250064,3.7946531772613525,3.7560634226893934,3.7946531772613525,966378,0.0,0.0
1991-05-10,3.8075132435315275,3.8075132435315275,3.7431972033178913,3.7560603618621826,731341,0.0,0.0
1991-05-13,3.7689271774703412,3.7689271774703412,3.6917479038238525,3.6917479038238525,562376,0.0,0.0
1991-05-14,3.7046110748495304,3.743200835418985,3.678884237813335,3.6917479038238525,1024886,0.0,0.0
1991-05-15,3.4730743950669454,3.4988012460561895,3.228672775564882,3.344442367553711,2872403,0.0,0.0
1991-05-16,3.3444401109518096,3.370166449597553,3.1000386563553115,3.228670597076416,3469581,0.0,0.0
1991-05-17,3.2029445059230595,3.3058503554908074,3.1386284118163137,3.228670597076416,1609454,0.0,0.0
1991-05-20,3.254397809223825,3.2672609800428036,3.0357229153315224,3.0871758460998535,2715543,0.0,0.0
1991-05-21,3.112900648652497,3.2543962001800537,3.112900648652497,3.2543962001800537,3023715,0.0,0.0
1991-05-22,3.2801229692529477,3.3058497985492266,3.2672600495894986,3.2929866313934326,2090625,0.0,0.0
1991-05-23,3.292986631393432,3.3444395475089546,3.24153371527791,3.2929866313934326,2114331,0.0,0.0
1991-05-24,3.3187157640570204,3.3444423675537105,3.3058525860549524,3.344442367553711,865504,0.0,0.0
1991-05-28,3.3315772432213837,3.3958938476909473,3.2929879735184944,3.3701672554016113,1573643,0.0,0.0
1991-05-29,3.383030100880737,3.460209369659424,3.370166683173952,3.460209369659424,987562,0.0,0.0
1991-05-30,3.4473440676258322,3.4987969641575614,3.383028008834234,3.4730701446533203,2058346,0.0,0.0
1991-05-31,3.460208856368802,3.4987986087799077,3.4216191039576964,3.4987986087799072,846842,0.0,0.0
1991-06-03,3.49879859966758,3.57597760930405,3.485935431394835,3.524524688720703,945699,0.0,0.0
1991-06-04,3.524524688720703,3.57597760930405,3.485935431394835,3.524524688720703,1112142,0.0,0.0
1991-06-05,3.5116622980093495,3.5502520561448954,3.447346199445043,3.460209369659424,552793,0.0,0.0
1991-06-06,3.46020773458497,3.46020773458497,3.3958916664123535,3.3958916664123535,890722,0.0,0.0
1991-06-07,3.3444395475089546,3.357302714664749,3.24153371527791,3.2929866313934326,2566249,0.0,0.0
1991-06-10,3.2929859410498046,3.2929859410498046,3.2543962001800537,3.2543962001800537,859956,0.0,0.0
1991-06-11,3.2776229752805515,3.3034311553201543,3.2001989317163995,3.264719009399414,1901990,0.019827,0.0
1991-06-12,3.2518162112082205,3.2647201817230256,3.187295613801941,3.200200080871582,2754380,0.0,0.0
1991-06-13,3.213104171076357,3.3034324645996094,3.213104171076357,3.3034324645996094,1198894,0.0,0.0
1991-06-14,3.38085611840797,3.406664305466872,3.3034320537860578,3.355048179626465,1629629,0.0,0.0
1991-06-17,3.329241955451799,3.329241955451799,3.2389133716276075,3.277625799179077,781274,0.0,0.0
1991-06-18,3.238910675048828,3.2905267883481772,3.2260069570706604,3.238910675048828,1222095,0.0,0.0
1991-06-19,3.2260080829402527,3.277624214253516,3.174391951626989,3.2518162727355957,1827343,0.0,0.0
1991-06-20,3.2389105810824823,3.2776229752805515,3.226006863478674,3.264719009399414,1727477,0.0,0.0
1991-06-21,3.2776242743312114,3.3292404065905803,3.2776242743312114,3.3034324645996094,1928722,0.0,0.0
1991-06-24,3.277623825152113,3.3163359811107225,3.2260076999664307,3.2260076999664307,1142909,0.0,0.0
1991-06-25,3.238912569204844,3.264721013363619,3.1614887263934057,3.1743927001953125,897279,0.0,0.0
1991-06-26,3.1743918915645537,3.2776241522378307,3.1485839505349436,3.200200080871582,1534302,0.0,0.0
1991-06-27,3.187295072075451,3.3679518699645996,3.174391352031236,3.3679518699645996,946708,0.0,0.0
1991-06-28,3.329239992567563,3.3679521490172175,3.3034320537860578,3.355048179626465,735376,0.0,0.0
1991-07-01,3.3421432724548334,3.4324717910972193,3.3421432724548334,3.419567823410034,764629,0.0,0.0
1991-07-02,3.406664364757321,3.5357043091880884,3.406664364757321,3.484088182449341,1810699,0.0,0.0
1991-07-03,3.458278929454576,3.4711828932414277,3.4195667898167326,3.4453749656677246,516982,0.0,0.0
1991-07-05,3.4453749656677246,3.4711828932414277,3.4195667898167326,3.4453749656677246,192670,0.0,0.0
1991-07-08,3.4195669909284345,3.458279132843018,3.4066630263826743,3.4582791328430176,461501,0.0,0.0
1991-07-09,3.445377643189257,3.5098977605416075,3.419569447281828,3.4324734210968018,637527,0.0,0.0
1991-07-10,3.458280144770486,3.471184113092077,3.329239716722452,3.3679518699645996,1295229,0.0,0.0
1991-07-11,3.3679532556022664,3.393761451140788,3.316337112802701,3.380857229232788,745967,0.0,0.0
1991-07-12,3.380855000372729,3.380855000372729,3.303430961354637,3.3292388916015625,1042034,0.0,0.0
1991-07-15,3.3292400971974905,3.4066644125300574,3.3292400971974905,3.3937604427337646,1233696,0.0,0.0
1991-07-16,3.40666542477131,3.40666542477131,3.3679532556022664,3.380857229232788,1072801,0.0,0.0
1991-07-17,3.3679518699645996,3.4066640232067478,3.3679518699645996,3.3679518699645996,664763,0.0,0.0
1991-07-18,3.380856902999324,3.380856902999324,3.329240765180422,3.34214448928833,660224,0.0,0.0
1991-07-19,3.355048179626465,3.3937603360761193,3.3163360231768104,3.355048179626465,979996,0.0,0.0
1991-07-22,3.3550489582286,3.3550489582286,3.3421444892883305,3.34214448928833,415099,0.0,0.0
1991-07-23,3.316334335440499,3.3421420128106627,3.2776221986920784,3.2905259132385254,899297,0.0,0.0
1991-07-24,3.290530084207602,3.342146249206714,3.2647223741244233,3.316338539123535,1045061,0.0,0.0
1991-07-25,3.316338539123535,3.329242518303917,3.290530084207602,3.316338539123535,593647,0.0,0.0
1991-07-26,3.3034324645996094,3.3421441293086387,3.3034324645996094,3.3034324645996094,664259,0.0,0.0
1991-07-29,3.303432157604904,3.393760442733764,3.290527691253803,3.3937604427337646,1137865,0.0,0.0
1991-07-30,3.38085611840797,3.3937603360761193,3.34214371368092,3.355048179626465,603734,0.0,0.0
1991-07-31,3.329240219821622,3.496992826461792,3.329240219821622,3.496992826461792,945699,0.0,0.0
1991-08-01,3.4969912747576015,3.4969912747576015,3.432470955474195,3.4582791328430176,681408,0.0,0.0
1991-08-02,3.4840868136572354,3.4840868136572354,3.4066630263826743,3.4582791328430176,880131,0.0,0.0
1991-08-05,3.4453758053067456,3.4453758053067456,3.393759689303189,3.406663656234741,486720,0.0,0.0
1991-08-06,3.3937593905931513,3.5873193740844727,3.380855176520046,3.5873193740844727,800944,0.0,0.0
1991-08-07,3.5486080646514893,3.5873197174670213,3.522799882312216,3.5486080646514893,812040,0.0,0.0
1991-08-08,3.5357036010658263,3.56151203168245,3.509895915281255,3.5486080646514893,903332,0.0,0.0
1991-08-09,3.54860993026401,3.54860993026401,3.4066654734668544,3.4324734210968018,768664,0.0,0.0
1991-08-12,3.4195693984018316,3.4195693984018316,3.3679532556022664,3.380857229232788,481172,0.0,0.0
1991-08-13,3.419568508277496,3.50989679673337,3.4066645380059177,3.496992826461792,753533,0.0,0.0
1991-08-14,3.600226073801387,3.600226073801387,3.4066654734668544,3.4324734210968018,1236722,0.0,0.0
1991-08-15,3.4324733720323537,3.458281567570875,3.380857229232788,3.380857229232788,721253,0.0,0.0
1991-08-16,3.3808551988843063,3.393759413042772,3.2001989317163995,3.264719009399414,3871062,0.0,0.0
1991-08-19,3.122774730471962,3.27762307037001,3.122774730471962,3.238910675048828,2057841,0.0,0.0
1991-08-20,3.277625799179077,3.2905295279003295,3.2518178451814874,3.277625799179077,1799098,0.0,0.0
1991-08-21,3.3034320537860578,3.355048179626465,3.2905275878405122,3.355048179626465,2876943,0.0,0.0
1991-08-22,3.393759689303189,3.432471590097845,3.3679515071627364,3.406663656234741,1357267,0.0,0.0
1991-08-23,3.4195683343726575,3.5098966182348152,3.4195683343726575,3.484088182449341,1275559,0.0,0.0
1991-08-26,3.4582805858606056,3.5357044056652542,3.4195684276808738,3.5228006839752197,773204,0.0,0.0
1991-08-27,3.522799806869115,3.6002241039514904,3.496991873359887,3.574415922164917,851381,0.0,0.0
1991-08-28,3.5744161995829007,3.587319919061654,3.548608264070664,3.5615122318267822,928046,0.0,0.0
1991-08-29,3.5744156565660217,3.6002238364349046,3.5357032626240343,3.5873193740844727,1074819,0.0,0.0
1991-08-30,3.5873207012522155,3.613129138946533,3.5744169789598943,3.613129138946533,817588,0.0,0.0
1991-09-03,3.6131278022306823,3.6647439136911206,3.5873193740844727,3.5873193740844727,1732521,0.0,0.0
1991-09-04,3.58732071435919,3.600225181530917,3.458280759912898,3.471184730529785,1242775,0.0,0.0
1991-09-05,3.4840884528692526,3.4969929200409795,3.4453767892960108,3.471184730529785,824145,0.0,0.0
1991-09-06,3.4582805399926344,3.4711845097889276,3.367952254863774,3.3937604427337646,892236,0.0,0.0
1991-09-09,3.4066654734668544,3.471185590819205,3.4066654734668544,3.4324734210968018,762107,0.0,0.0
1991-09-10,3.4557697086708474,3.4557697086708474,3.352225550800503,3.3781118392944336,729323,0.019827,0.0
1991-09-11,3.3910547345150546,3.4169407739826405,3.3651689440738126,3.3781118392944336,746472,0.0,0.0
1991-09-12,3.352225804638552,3.4428268251224434,3.352225804638552,3.4039981365203857,515469,0.0,0.0
1991-09-13,3.4039977941878665,3.429883583985962,3.378111755363433,3.416940689086914,1171658,0.0,0.0
1991-09-16,3.416942110382895,3.4298850106656134,3.352226861889976,3.3910560607910156,792370,0.0,0.0
1991-09-17,3.455769970349493,3.4687128665501787,3.4039981365203853,3.4039981365203857,1993786,0.0,0.0
1991-09-18,3.3910549912933363,3.4169410327210716,3.3781120950926504,3.4039981365203857,595664,0.0,0.0
1991-09-19,3.3910549912933363,3.4298839289217575,3.3910549912933363,3.4039981365203857,1141900,0.0,0.0
1991-09-20,3.4298839289217575,3.4298839289217575,3.3910549912933363,3.4039981365203857,1635177,0.0,0.0
1991-09-23,3.4039981365203853,3.4169410327210716,3.3651691988919645,3.4039981365203857,701078,0.0,0.0
1991-09-24,3.3910562238108333,3.5204859799394823,3.3910562238108333,3.481657028198242,700070,0.0,0.0
1991-09-25,3.481654963015716,3.5593128204345708,3.4557691765603016,3.5593128204345703,1558512,0.0,0.0
1991-09-26,3.546372157791771,3.572258462217149,3.4946002960205083,3.494600296020508,858947,0.0,0.0
1991-09-27,3.507542610168457,3.5204855093432608,3.4428276162415963,3.507542610168457,625927,0.0,0.0
1991-09-30,3.5204845350876357,3.6110853022913316,3.5075416394946366,3.59814190864563,1065740,0.0,0.0
1991-10-01,3.5981405455449362,3.6499123573303223,3.5722550131916293,3.6499123573303223,1289177,0.0,0.0
1991-10-02,3.636972124403491,3.7922876626238513,3.636972124403491,3.7016866207122803,1228652,0.0,0.0
1991-10-03,3.7016879149993547,3.7275742206268045,3.6628594526642164,3.6887452602386475,590621,0.0,0.0
1991-10-04,3.688742447653459,3.688742447653459,3.6240277290344243,3.624027729034424,730332,0.0,0.0
1991-10-07,3.6110844612121578,3.6240273537905505,3.5851984270290784,3.611084461212158,892236,0.0,0.0
1991-10-08,3.636970567470052,3.6499132121648326,3.559312956117161,3.572255849838257,730332,0.0,0.0
1991-10-09,3.7016866207122803,3.72757291728864,3.6240292251417334,3.7016866207122803,1655352,0.0,0.0
1991-10-10,3.714630758663573,3.7534592151641846,3.6758018041100184,3.7534592151641846,1180232,0.0,0.0
1991-10-11,3.7534589475883164,3.7664023465609144,3.7275733947753906,3.7275733947753906,797918,0.0,0.0
1991-10-14,3.7664003905963024,3.844058004811794,3.7534569983454587,3.8181722164154053,917454,0.0,0.0
1991-10-15,3.83111657154535,4.012317657470703,3.83111657154535,4.012317657470703,1615002,0.0,0.0
1991-10-16,4.038202249177928,4.1158596111995704,3.986430425470519,4.102916717529297,838772,0.0,0.0
1991-10-17,4.1158615925201065,4.1158615925201065,3.9993749953599296,4.038204193115234,1305317,0.0,0.0
1991-10-18,4.025261293214423,4.077033141844105,4.025261293214423,4.038204193115234,1110629,0.0,0.0
1991-10-21,4.064091298167217,4.064091298167217,3.999376524887113,4.025262832641602,1141396,0.0,0.0
1991-10-22,3.999375446640516,4.012318348001776,3.960546493530273,3.9605464935302734,926533,0.0,0.0
1991-10-23,3.9864327943057183,4.025261747415961,3.960546493530273,3.9605464935302734,1324483,0.0,0.0
1991-10-24,3.9864307816823326,3.9864307816823326,3.844058191508522,3.882887125015259,1501518,0.0,0.0
1991-10-25,3.8828898586704814,3.895832762609422,3.818175089949268,3.8440608978271484,743446,0.0,0.0
1991-10-28,3.8440622072827972,3.8699482730051153,3.818176390587076,3.8311192989349365,800440,0.0,0.0
1991-10-29,3.8311149274286915,3.895829644351652,3.79228599766439,3.869943857192993,1257906,0.0,0.0
1991-10-30,3.8828898586704814,3.8828898586704814,3.818175089949268,3.8440608978271484,1351215,0.0,0.0
1991-10-31,3.8440601331461552,3.8440601331461552,3.740516424179077,3.740516424179077,1223609,0.0,0.0
1991-11-01,3.753458099450113,3.8828880755065964,3.7016862584433587,3.857001781463623,1449063,0.0,0.0
1991-11-04,3.805231094360352,3.8181744943332108,3.779345539547,3.8052310943603516,684434,0.0,0.0
1991-11-05,3.831116234499842,3.8570017814636226,3.831116234499842,3.857001781463623,612813,0.0,0.0
1991-11-06,3.844057821008021,3.895829644351652,3.844057821008021,3.869943857192993,818597,0.0,0.0
1991-11-07,3.9087736635705777,3.934659957885742,3.869945218203432,3.934659957885742,1847013,0.0,0.0
1991-11-08,3.960546362367006,4.025261614109489,3.9346608095282125,3.973489761352539,848860,0.0,0.0
1991-11-11,3.9476013721984096,4.025259483773591,3.9476013721984096,3.999373197555542,390889,0.0,0.0
1991-11-12,3.9993747583369523,4.025261054657293,3.9864321082296206,4.012317657470703,836250,0.0,0.0
1991-11-13,4.012314744928294,4.012314744928294,3.986429214477539,3.986429214477539,469571,0.0,0.0
1991-11-14,3.999376524887113,4.025262832641602,3.986433869062928,4.025262832641602,334904,0.0,0.0
1991-11-15,4.012319147086396,4.02526254907836,3.8440608978271484,3.8440608978271484,914428,0.0,0.0
1991-11-18,3.869944230188459,3.908772665642522,3.844058191508522,3.882887125015259,1145431,0.0,0.0
1991-11-19,3.8440622072827972,3.8958340897008368,3.7405184424467177,3.8311192989349365,1106090,0.0,0.0
1991-11-20,3.895829644351652,3.895829644351652,3.857000465561038,3.869943857192993,985545,0.0,0.0
1991-11-21,3.869944507170932,3.9087729454040527,3.844058466638261,3.9087729454040527,920480,0.0,0.0
1991-11-22,3.8828869364327026,3.8828869364327026,3.8052288241645615,3.8181722164154053,833728,0.0,0.0
1991-11-25,3.844057821008021,3.895829644351652,3.8311149274286915,3.869943857192993,743446,0.0,0.0
1991-11-26,3.8570009705445627,3.9087728006664966,3.831115429023114,3.8958301544189453,1292203,0.0,0.0
1991-11-27,3.895830298677249,3.92171633920992,3.857001113365065,3.9087729454040527,874583,0.0,0.0
1991-11-29,3.8440622072827972,3.857004866604061,3.8052329841860213,3.8311192989349365,435778,0.0,0.0
1991-12-02,3.7793434683481855,3.882887125015259,3.7793434683481855,3.882887125015259,946203,0.0,0.0
1991-12-03,3.908772665642522,3.9346589533487957,3.8570008373089855,3.882887125015259,1599871,0.0,0.0
1991-12-04,3.895830019842059,3.895830019842059,3.7922863631749855,3.882887125015259,928046,0.0,0.0
1991-12-05,3.8570017814636226,3.8828880755065964,3.831116234499842,3.857001781463623,1018833,0.0,0.0
1991-12-06,3.857003552739577,3.895832762609422,3.8440608978271484,3.8440608978271484,846338,0.0,0.0
1991-12-09,3.882886750772322,3.921715680536624,3.857000465561038,3.869943857192993,865504,0.0,0.0
1991-12-10,3.8413942070558775,3.9841487839308973,3.8413942070558775,3.971170663833618,1641734,0.019827,0.0
1991-12-11,3.9711711739502675,3.997126918090017,3.919260434754293,3.945216178894043,958308,0.0,0.0
1991-12-12,3.9452156721114418,3.9841487839308973,3.906282560291986,3.971170663833618,1108107,0.0,0.0
1991-12-13,4.023081259920505,4.087970110344891,3.997126269078579,4.036059379577637,791865,0.0,0.0
1991-12-16,4.049036999845834,4.087970110344891,3.997126269078579,4.036059379577637,743446,0.0,0.0
1991-12-17,4.06201585791048,4.06201585791048,4.023082733154297,4.023082733154297,698556,0.0,0.0
1991-12-18,4.036060310089428,4.074992930175448,4.023082187440196,4.049037933349609,978483,0.0,0.0
1991-12-19,4.023081259920505,4.062014370419562,3.997126269078579,4.036059379577637,1524719,0.0,0.0
1991-12-20,4.126903488800113,4.152859233551581,4.074992748380718,4.139881610870361,3116520,0.0,0.0
1991-12-23,4.152859478462033,4.269658588870145,4.126903732179851,4.256680965423584,1824317,0.0,0.0
1991-12-24,4.308589838877386,4.43836652392691,4.2956122203113205,4.360500812530518,1303299,0.0,0.0
1991-12-26,4.334547129930138,4.542190124156341,4.334547129930138,4.516234874725342,753029,0.0,0.0
1991-12-27,4.5292119294645925,4.568145298100648,4.477301437135243,4.5551676750183105,680399,0.0,0.0
1991-12-30,4.529212420559688,4.7757887840271,4.516234796070208,4.7757887840271,1369877,0.0,0.0
1991-12-31,4.749832217455838,4.814720321903429,4.620055009782735,4.723876476287842,1706293,0.0,0.0
1992-01-02,4.671968594713325,4.684946222830541,4.529213686645478,4.620057582855225,1968063,0.0,0.0
1992-01-03,4.646013338478894,4.697923850947756,4.594102326620794,4.620057582855225,1263454,0.0,0.0
1992-01-06,4.542190925322301,4.581124305725098,4.386458402489502,4.581124305725098,2069946,0.0,0.0
1992-01-07,4.490275859832764,4.568142550266416,4.47729874394548,4.490275859832764,1995803,0.0,0.0
1992-01-08,4.451346190970568,4.620055790429997,4.438368068499187,4.5551676750183105,2279261,0.0,0.0
1992-01-09,4.5421870422939765,4.671964200173711,4.529209426383757,4.6460089683532715,1203434,0.0,0.0
1992-01-10,4.658987011284025,4.684942245483398,4.620053660596152,4.684942245483398,1175693,0.0,0.0
1992-01-13,4.6589905671414975,4.671968194146031,4.568146678720564,4.581124305725098,1139378,0.0,0.0
1992-01-14,4.594098322361597,4.749830722808838,4.581120705555794,4.749830722808838,1836926,0.0,0.0
1992-01-15,4.801742966521915,5.087252140045166,4.788764845525824,5.087252140045166,2369544,0.0,0.0
1992-01-16,5.035341509623362,5.04831913214643,4.879609539957527,4.905564785003662,2155185,0.0,0.0
1992-01-17,4.827695434418859,4.866628776247388,4.749829749539204,4.788762092590332,1561034,0.0,0.0
1992-01-20,4.723876476287842,4.749832217455838,4.671965992729768,4.723876476287842,697548,0.0,0.0
1992-01-21,4.710899226700044,4.710899226700044,4.334546193684936,4.529211521148682,1527745,0.0,0.0
1992-01-22,4.5551680794448055,4.620056200617525,4.5292123315866295,4.5941009521484375,1329527,0.0,0.0
1992-01-23,4.620056035103981,4.749833271578326,4.620056035103981,4.671967029571533,1424853,0.0,0.0
1992-01-24,4.6719673194471225,4.6719673194471225,4.516234825771001,4.542190074920654,721758,0.0,0.0
1992-01-27,4.555168248260947,4.568145872976446,4.490279125905237,4.516234874725342,330364,0.0,0.0
1992-01-28,4.5032563873487685,4.555167375655604,4.451345898430944,4.4643235206604,1196877,0.0,0.0
1992-01-29,4.464321563980357,4.516232030146197,4.438365831508644,4.503254413604736,1662413,0.0,0.0
1992-01-30,4.5292119294645925,4.568145298100648,4.4902785608285365,4.5551676750183105,601212,0.0,0.0
1992-01-31,4.52921024019973,4.54218785844179,4.438366413116455,4.438366413116455,723271,0.0,0.0
1992-02-03,4.464322393590754,4.581121463557599,4.412411418389442,4.568143844604492,869034,0.0,0.0
1992-02-04,4.555165608344031,4.710897514065706,4.529209874566404,4.658987045288086,1515136,0.0,0.0
1992-02-05,4.6460092889736115,4.775785956420444,4.633031172779006,4.749830722808838,1121725,0.0,0.0
1992-02-06,4.749831128380948,4.827696835864458,4.684942539422512,4.801741600036621,710661,0.0,0.0
1992-02-07,4.77578833034895,4.80174357686228,4.684944468163247,4.762810707092285,1366346,0.0,0.0
1992-02-10,4.80174196037138,4.87960817308701,4.7757867225957975,4.866630554199219,1741095,0.0,0.0
1992-02-11,4.87960817308701,4.905563410862593,4.8276971981469625,4.866630554199219,1132317,0.0,0.0
1992-02-12,4.8536510831422985,4.8666286970777906,4.775784900140659,4.840672969818115,866008,0.0,0.0
1992-02-13,4.853652156644065,4.866629773449868,4.723874989808429,4.749830722808838,1553973,0.0,0.0
1992-02-14,4.697919862583085,4.723875096782457,4.646009394184339,4.684942245483398,610796,0.0,0.0
1992-02-18,4.736855148419635,4.775788519117567,4.658989405801912,4.671967029571533,883157,0.0,0.0
1992-02-19,4.6979202680519,4.749831240319799,4.68494264983214,4.736853122711182,1060696,0.0,0.0
1992-02-20,4.74983437734705,4.827700138092041,4.7238786243762,4.827700138092041,780265,0.0,0.0
1992-02-21,4.827696949638363,4.827696949638363,4.736853122711182,4.736853122711182,1053635,0.0,0.0
1992-02-24,4.7628087462948665,4.866630188995058,4.7108977752503485,4.801741600036621,1796576,0.0,0.0
1992-02-25,4.788763217232134,4.801741333815356,4.594098459927245,4.658987045288086,1293716,0.0,0.0
1992-02-26,4.67196271466477,4.775784108323987,4.67196271466477,4.697917938232422,1432923,0.0,0.0
1992-02-27,4.72387466381459,4.72387466381459,4.633030853054284,4.6460089683532715,863991,0.0,0.0
1992-02-28,4.594100952148437,4.646011948475701,4.581123327913893,4.5941009521484375,744959,0.0,0.0
1992-03-02,4.633031939370026,4.646010057712018,4.555166225651385,4.568143844604492,2389719,0.0,0.0
1992-03-03,4.581124305725098,4.633034813743234,4.529213298317767,4.581124305725098,1298256,0.0,0.0
1992-03-04,4.581122921182985,4.646011535983715,4.5551676750183105,4.5551676750183105,1073810,0.0,0.0
1992-03-05,4.542189276620604,4.542189276620604,4.39943493199781,4.451345920562744,1151483,0.0,0.0
1992-03-06,4.464321128669452,4.516231589773563,4.464321128669452,4.490275859832764,1029425,0.0,0.0
1992-03-09,4.503255507406541,4.503255507406541,4.412411670162346,4.425389289855957,698052,0.0,0.0
1992-03-10,4.461813059481551,4.461813059481551,4.39677136542113,4.422788143157959,981005,0.019827,0.0
1992-03-11,4.487828736092715,4.513845009784736,4.448803824991447,4.500836372375488,1896442,0.0,0.0
1992-03-12,4.604904728305281,4.617912871535542,4.552871654820759,4.565880298614502,1868197,0.0,0.0
1992-03-13,4.630918424248236,4.6959596045792384,4.591894016387557,4.669943332672119,1829360,0.0,0.0
1992-03-16,4.656937549482701,4.682953834533691,4.6309207638682555,4.682953834533691,1364833,0.0,0.0
1992-03-17,4.695961291761191,4.813035057969119,4.695961291761191,4.8000264167785645,1634168,0.0,0.0
1992-03-18,4.917097667094824,4.930105799741994,4.826040238001558,4.852056503295898,2750345,0.0,0.0
1992-03-19,4.839051339223462,4.839051339223462,4.761002495460432,4.8000264167785645,956795,0.0,0.0
1992-03-20,4.774011110856287,4.80002689413448,4.761002968935474,4.7870192527771,2366013,0.0,0.0
1992-03-23,4.761003468652324,4.774011611938477,4.747994824802685,4.774011611938477,1088941,0.0,0.0
1992-03-24,4.774011110856287,4.7870192527771,4.761002968935474,4.7870192527771,619370,0.0,0.0
1992-03-25,4.787016358991109,4.826040761163015,4.787016358991109,4.813032627105713,1102055,0.0,0.0
1992-03-26,4.826040238001558,4.891081401800484,4.800023472144143,4.852056503295898,1250340,0.0,0.0
1992-03-27,4.839052328369242,4.839052328369242,4.747994824802685,4.774011611938477,663250,0.0,0.0
1992-03-30,4.774009790256029,4.774009790256029,4.734984874725342,4.734984874725342,575994,0.0,0.0
1992-03-31,4.734984874725342,4.747993013047806,4.682952321435483,4.734984874725342,1828352,0.0,0.0
1992-04-01,4.734983546195224,4.734983546195224,4.65693473815918,4.65693473815918,1135343,0.0,0.0
1992-04-02,4.669945945020064,4.669945945020064,4.552871654820759,4.565880298614502,924011,0.0,0.0
1992-04-03,4.57888659357902,4.57888659357902,4.513845403118088,4.539861679077148,957804,0.0,0.0
1992-04-06,4.539863932494561,4.604905155239505,4.539863932494561,4.591897010803223,851886,0.0,0.0
1992-04-07,4.591894711080768,4.604902849002288,4.55286979675293,4.55286979675293,667790,0.0,0.0
1992-04-08,4.552870383196507,4.552870383196507,4.448804765856644,4.487829685211182,1130804,0.0,0.0
1992-04-09,4.513846948508973,4.526855090942058,4.43579759334701,4.474822521209717,1333057,0.0,0.0
1992-04-10,4.578888441844762,4.578888441844762,4.539863511590498,4.565880298614502,1604914,0.0,0.0
1992-04-13,4.565879437973986,4.565879437973986,4.526854515075684,4.526854515075684,841294,0.0,0.0
1992-04-14,4.5398623196294725,4.695960998535156,4.5398623196294725,4.695960998535156,1951419,0.0,0.0
1992-04-15,4.7610000908765056,4.891081932012655,4.747991456256074,4.813032627105713,2068433,0.0,0.0
1992-04-16,4.813036388707054,4.839052677154541,4.721978878577329,4.839052677154541,1308848,0.0,0.0
1992-04-20,4.800027397947297,4.800027397947297,4.695962251658073,4.774011611938477,1154509,0.0,0.0
1992-04-21,4.774011956035824,4.839052677154541,4.76100381181208,4.839052677154541,793883,0.0,0.0
1992-04-22,4.839048370648729,4.865065136506144,4.787015840060048,4.852056503295898,869539,0.0,0.0
1992-04-23,4.865069466165549,4.878077610389293,4.747995167024816,4.839052677154541,1456629,0.0,0.0
1992-04-24,4.852057624514836,4.8650662607311315,4.721975767420598,4.747992038726807,1088437,0.0,0.0
1992-04-27,4.761004076640848,4.761004076640848,4.669946561446088,4.721979141235352,918463,0.0,0.0
1992-04-28,4.7479930546833815,4.7479930546833815,4.656936085627643,4.708968639373779,1031947,0.0,0.0
1992-04-29,4.708967740532798,4.708967740532798,4.604902152341117,4.669943332672119,895766,0.0,0.0
1992-04-30,4.708970996288036,4.734987286182667,4.669946561446088,4.721979141235352,1524215,0.0,0.0
1992-05-01,4.774011611938477,4.813036041796935,4.747994824802685,4.774011611938477,1587261,0.0,0.0
1992-05-04,4.8000268217914925,4.826043605804443,4.761002897180631,4.826043605804443,656693,0.0,0.0
1992-05-05,4.800023472144143,4.8780732691533135,4.774007707412878,4.852056503295898,981510,0.0,0.0
1992-05-06,4.878077377385928,4.956126239000353,4.865069233783524,4.943118095397949,1448054,0.0,0.0
1992-05-07,4.930109095106585,4.9431172364486065,4.90409231185913,4.904092311859131,825154,0.0,0.0
1992-05-08,4.917101237399971,4.99515059051767,4.891084953215218,4.982142448425293,1137865,0.0,0.0
1992-05-11,4.995150566101073,5.021166850158657,4.956125639451261,4.995150566101074,987058,0.0,0.0
1992-05-12,4.99515059051767,5.047183158887176,4.969134306332917,4.982142448425293,2082556,0.0,0.0
1992-05-13,5.021164937227345,5.03417307430038,4.98214052600824,5.0081562995910645,1076836,0.0,0.0
1992-05-14,4.9431172364486065,4.956125377790628,4.865068388396475,4.904092311859131,781778,0.0,0.0
1992-05-15,4.839052328369242,4.839052328369242,4.761003468652324,4.774011611938477,1112142,0.0,0.0
1992-05-18,4.826040761163015,4.8390488952203174,4.747991456256074,4.813032627105713,635005,0.0,0.0
1992-05-19,4.800023992485281,4.813032627105713,4.734983322198771,4.813032627105713,681408,0.0,0.0
1992-05-20,4.813035536618726,4.86506860486541,4.7870192527771,4.7870192527771,540688,0.0,0.0
1992-05-21,4.787016946249312,4.787016946249312,4.708967631767493,4.747992038726807,1114664,0.0,0.0
1992-05-22,4.761001651933564,4.761001651933564,4.708968598080412,4.734984874725342,563889,0.0,0.0
1992-05-26,4.708970119584682,4.721978262110176,4.643928906393751,4.682953834533691,721758,0.0,0.0
1992-05-27,4.65693473815918,4.682951007504528,4.630917968250678,4.65693473815918,653667,0.0,0.0
1992-05-28,4.669944224064177,4.708968639373779,4.64392744662781,4.708968639373779,575489,0.0,0.0
1992-05-29,4.721976736402877,4.761001651933564,4.695960459757948,4.734984874725342,1769844,0.0,0.0
1992-06-01,4.774008810596207,4.774008810596207,4.721975767420598,4.747992038726807,729828,0.0,0.0
1992-06-02,4.759992570622325,4.786075099784091,4.6817464886221165,4.694787502288818,1223609,0.022801,0.0
1992-06-03,4.6947865401689635,4.759991595139759,4.668704518180645,4.681745529174805,1048087,0.0,0.0
1992-06-04,4.707827100909812,4.720868110656738,4.6817450814159605,4.720868110656738,664763,0.0,0.0
1992-06-05,4.707826137542724,4.707826137542724,4.655661607401287,4.707826137542725,979996,0.0,0.0
1992-06-08,4.7339091204036645,4.78607366121958,4.707827100909812,4.720868110656738,754037,0.0,0.0
1992-06-09,4.720867144621056,4.759990165856052,4.707826137542724,4.707826137542725,1276568,0.0,0.0
1992-06-10,4.707828515955519,4.733910543288922,4.694787502288818,4.694787502288818,467554,0.0,0.0
1992-06-11,4.694786091162887,4.720868110656738,4.655662560093896,4.720868110656738,470076,0.0,0.0
1992-06-12,4.773032124342439,4.773032124342439,4.668703556060791,4.668703556060791,764125,0.0,0.0
1992-06-15,4.64262294579365,4.720869529622221,4.64262294579365,4.694787502288818,825154,0.0,0.0
1992-06-16,4.707828976596364,4.720869991539073,4.4861307189134925,4.499171733856201,1358276,0.0,0.0
1992-06-17,4.433963730823594,4.433963730823594,4.316594158741408,4.355717182159424,3990598,0.0,0.0
1992-06-18,4.355719099869292,4.460047710078647,4.342678086321667,4.433965682983398,953769,0.0,0.0
1992-06-19,4.420922769690037,4.460045793521082,4.394840753802674,4.407881259918213,866513,0.0,0.0
1992-06-22,4.433962730341128,4.433962730341128,4.303552179878865,4.329634189605713,1078854,0.0,0.0
1992-06-23,4.3296352122561235,4.420922769690037,4.3296352122561235,4.407881259918213,890722,0.0,0.0
1992-06-24,4.420923683467828,4.447005704746185,4.35571812844369,4.381800651550293,811536,0.0,0.0
1992-06-25,4.381799699599572,4.407881213383446,4.303553150935403,4.355717182159424,516478,0.0,0.0
1992-06-26,4.368758737915311,4.407881259918213,4.355717228143487,4.407881259918213,369201,0.0,0.0
1992-06-29,4.381800695907238,4.4991702946762215,4.381800695907238,4.486129283905029,763621,0.0,0.0
1992-06-30,4.512208881706068,4.512208881706068,4.433962850406731,4.460044860839844,344487,0.0,0.0
1992-07-01,4.473088273133837,4.486129283905029,4.433964738992008,4.486129283905029,790857,0.0,0.0
1992-07-02,4.5252503887506625,4.564373404400332,4.447003855623287,4.460044860839844,1143413,0.0,0.0
1992-07-06,4.460048659963892,4.460048659963892,4.355720027534997,4.394843578338623,653667,0.0,0.0
1992-07-07,4.329638743278499,4.35572078043698,4.04273482904955,4.120981693267822,5176883,0.0,0.0
1992-07-08,4.094899379901931,4.225310325622559,4.094899379901931,4.225310325622559,3620388,0.0,0.0
1992-07-09,4.2383485308628375,4.381800651550293,4.2383485308628375,4.381800651550293,2839619,0.0,0.0
1992-07-10,4.381802079753411,4.381802079753411,4.303555488586426,4.303555488586426,1566078,0.0,0.0
1992-07-13,4.303555017726045,4.316596031188965,4.225308435120172,4.316596031188965,2011439,0.0,0.0
1992-07-14,4.251387658597146,4.407880218786256,4.238346653733721,4.329634189605713,3029263,0.0,0.0
1992-07-15,4.329635630353878,4.3557176487598905,4.277471593541853,4.342676639556885,1188807,0.0,0.0
1992-07-16,4.329634189605713,4.35571619933256,4.316593184742289,4.329634189605713,745463,0.0,0.0
1992-07-17,4.316595096526155,4.381800651550293,4.290513075247798,4.381800651550293,1483865,0.0,0.0
1992-07-20,4.329635166547414,4.381799699599572,4.316594158741408,4.355717182159424,1742608,0.0,0.0
1992-07-21,4.381800205100828,4.447005251653159,4.3687591957903615,4.420923233032227,1586757,0.0,0.0
1992-07-22,4.3948412144112945,4.420923233032227,4.3687591957903615,4.420923233032227,608274,0.0,0.0
1992-07-23,4.447007172256955,4.499171733856201,4.420925142371537,4.499171733856201,1064731,0.0,0.0
1992-07-24,4.486130725978405,4.499171740941651,4.447007179260254,4.447007179260254,459484,0.0,0.0
1992-07-27,4.433963777633719,4.433963777633719,4.394840753802674,4.407881259918213,563889,0.0,0.0
1992-07-28,4.381800729385603,4.564375383405478,4.381800729385603,4.538293361663818,1530772,0.0,0.0
1992-07-29,4.564377292245729,4.642623892021996,4.564377292245729,4.603500843048096,1188302,0.0,0.0
1992-07-30,4.590458414478238,4.642622463728609,4.55133487571215,4.629581451416016,633997,0.0,0.0
1992-07-31,4.655663005358226,4.681745529174805,4.642621994364068,4.681745529174805,755046,0.0,0.0
1992-08-03,4.681744564367477,4.681744564367477,4.629580029312575,4.668703556060791,468058,0.0,0.0
1992-08-04,4.6687054749554155,4.694787502288818,4.655663959460351,4.694787502288818,435778,0.0,0.0
1992-08-05,4.668704518180645,4.733909573151441,4.668704518180645,4.681745529174805,652154,0.0,0.0
1992-08-06,4.681745529174805,4.720868562157282,4.668704518180645,4.681745529174805,475119,0.0,0.0
1992-08-07,4.668705947424816,4.681746962411258,4.59045935567775,4.616541385650635,555819,0.0,0.0
1992-08-10,4.590459826723462,4.603500843048096,4.564377292245729,4.603500843048096,476632,0.0,0.0
1992-08-11,4.62957950602303,4.642620512855669,4.5513329631991,4.564373970031738,782787,0.0,0.0
1992-08-12,4.577418340691309,4.642623415623518,4.5643768238764535,4.616541385650635,466545,0.0,0.0
1992-08-13,4.642623415623518,4.681746962411258,4.59045935567775,4.616541385650635,492268,0.0,0.0
1992-08-14,4.629581451416016,4.642622463728609,4.6034994267908305,4.629581451416016,664763,0.0,0.0
1992-08-17,4.6295814585231,4.668704997349249,4.616540446190488,4.642622470855713,1471760,0.0,0.0
1992-08-18,4.65566443060996,4.668705947424816,4.59045935567775,4.616541385650635,844320,0.0,0.0
1992-08-19,4.616541859372729,4.629582875697363,4.564377292245729,4.603500843048096,885679,0.0,0.0
1992-08-20,4.603500370664193,4.65566443060996,4.603500370664193,4.616541385650635,372227,0.0,0.0
1992-08-21,4.655663447045461,4.681745973336513,4.577417373657227,4.577417373657227,1122734,0.0,0.0
1992-08-24,4.551333418512868,4.564374426650124,4.512209892272949,4.512209892272949,478650,0.0,0.0
1992-08-25,4.499171733856201,4.525253763741619,4.4861307189134925,4.499171733856201,569437,0.0,0.0
1992-08-26,4.512212246970498,4.525253763741619,4.4861307189134925,4.499171733856201,500842,0.0,0.0
1992-08-27,4.512210803619163,4.512210803619163,4.486129283905029,4.486129283905029,287493,0.0,0.0
1992-08-28,4.499171733856201,4.512212246970498,4.4861307189134925,4.499171733856201,484198,0.0,0.0
1992-08-31,4.512212246970498,4.512212246970498,4.4861307189134925,4.499171733856201,380297,0.0,0.0
1992-09-01,4.512211305012673,4.564375855722179,4.48612978240038,4.525252819061279,685443,0.0,0.0
1992-09-02,4.512211336946062,4.629581451416016,4.486129814149187,4.629581451416016,995632,0.0,0.0
1992-09-03,4.629580983369908,4.707827551163122,4.616539972375749,4.681745529174805,1119708,0.0,0.0
1992-09-04,4.707826137542724,4.733908151699388,4.668703116307729,4.707826137542725,716209,0.0,0.0
1992-09-08,4.719856565124369,4.811377393653324,4.70678223292173,4.785228729248047,1173171,0.022801,0.0
1992-09-09,4.7983017661449034,4.824449920380977,4.785227437471692,4.811376094818115,838772,0.0,0.0
1992-09-10,4.798301212954082,4.889822006225586,4.798301212954082,4.889822006225586,976466,0.0,0.0
1992-09-11,4.889823028042668,4.915971687838678,4.876748195034265,4.902897357940674,884670,0.0,0.0
1992-09-14,4.915970942556907,4.955193926304554,4.837524471951291,4.942119598388672,1745634,0.0,0.0
1992-09-15,4.902898139714169,4.942121135662343,4.863674640655518,4.863674640655518,875087,0.0,0.0
1992-09-16,4.837527934224919,4.876750946044922,4.811379259678251,4.876750946044922,843816,0.0,0.0
1992-09-17,4.889823028042668,4.902897357940674,4.8505995352382545,4.902897357940674,1187798,0.0,0.0
1992-09-18,4.968269651914703,4.968269651914703,4.915972325538672,4.929046154022217,1907034,0.0,0.0
1992-09-21,4.915972325538672,4.955195320320695,4.902897993944664,4.929046154022217,441831,0.0,0.0
1992-09-22,4.915974460975605,4.929048295138258,4.8506022714982535,4.876750946044922,896271,0.0,0.0
1992-09-23,4.902899043048813,4.96827071500684,4.902899043048813,4.955196380615234,587090,0.0,0.0
1992-09-24,4.955193642055022,4.96826796922091,4.863672848783519,4.889822006225586,719740,0.0,0.0
1992-09-25,4.889825786428936,4.942123135522273,4.8506022714982535,4.876750946044922,542705,0.0,0.0
1992-09-28,4.8505995352382545,4.902897357940674,4.837525205340249,4.902897357940674,638536,0.0,0.0
1992-09-29,4.88982404442458,4.929046539160851,4.876749208698487,4.915972709655762,414090,0.0,0.0
1992-09-30,4.915973377440418,4.99441988690062,4.902899043048813,4.955196380615234,918967,0.0,0.0
1992-10-01,4.955195968514574,4.968270301818848,4.8898243019932055,4.968270301818848,655685,0.0,0.0
1992-10-02,4.968268266753367,4.968268266753367,4.837524484154407,4.8505988121032715,847346,0.0,0.0
1992-10-05,4.837527934224919,4.876750946044922,4.6675605434502145,4.876750946044922,1017320,0.0,0.0
1992-10-06,4.889822299060185,4.902896627009049,4.824449653095222,4.8505988121032715,519000,0.0,0.0
1992-10-07,4.87674815231537,4.87674815231537,4.759078681153675,4.798302173614502,820615,0.0,0.0
1992-10-08,4.824450372331847,4.902897357940674,4.824450372331847,4.902897357940674,815571,0.0,0.0
1992-10-09,4.889823889979641,4.902898222182279,4.785228729248047,4.785228729248047,530096,0.0,0.0
1992-10-12,4.798302809772763,4.837525804323375,4.785228478255892,4.824450969696045,374749,0.0,0.0
1992-10-13,4.824450330071065,4.824450330071065,4.7852278438310245,4.798302173614502,755551,0.0,0.0
1992-10-14,4.798302173614502,4.798302173614502,4.772153010937154,4.798302173614502,493781,0.0,0.0
1992-10-15,4.732929619668494,4.824449920380977,4.719855290995281,4.811376094818115,903836,0.0,0.0
1992-10-16,4.811377141289634,4.824450969696045,4.798302809772763,4.824450969696045,506895,0.0,0.0
1992-10-19,4.81137582825668,4.8505988121032715,4.81137582825668,4.8505988121032715,718227,0.0,0.0
1992-10-20,4.86367386513626,4.902897357940674,4.86367386513626,4.902897357940674,1017824,0.0,0.0
1992-10-21,4.889822286725142,4.955193926304554,4.889822286725142,4.942119598388672,555819,0.0,0.0
1992-10-22,4.942118860941748,4.99441666791189,4.9159702090118005,4.98134183883667,489242,0.0,0.0
1992-10-23,4.994419471537924,5.020568138146471,4.942121635210301,4.968270301818848,671825,0.0,0.0
1992-10-26,4.929044767362468,4.955193926304554,4.876747455698938,4.942119598388672,534131,0.0,0.0
1992-10-27,4.929045514626287,4.942120347634689,4.889823028042668,4.902897357940674,555315,0.0,0.0
1992-10-28,4.915972856881492,5.046716690063477,4.902898523874345,5.046716690063477,555819,0.0,0.0
1992-10-29,5.020568024049183,5.046716690063477,5.007493691042036,5.046716690063477,1000171,0.0,0.0
1992-10-30,5.07286446514086,5.099013629673146,5.033640969897646,5.059790134429932,814058,0.0,0.0
1992-11-02,5.0597894310716045,5.1120872497558585,5.020566444391183,5.112087249755859,790352,0.0,0.0
1992-11-03,5.112084567022796,5.190530499216578,5.112084567022796,5.138232707977295,1044556,0.0,0.0
1992-11-04,5.138236862747414,5.229758197197688,5.112088700649553,5.216683864593506,1203938,0.0,0.0
1992-11-05,5.229759242066872,5.334353923797607,5.229759242066872,5.334353923797607,1488909,0.0,0.0
1992-11-06,5.308204650878906,5.3605019808517484,5.268981150288776,5.308204650878906,1668465,0.0,0.0
1992-11-09,5.28205770209175,5.334355054037852,5.255909026118699,5.268983364105225,1143413,0.0,0.0
1992-11-10,5.295129815275198,5.321278983372117,5.268981150288776,5.308204650878906,805988,0.0,0.0
1992-11-11,5.308204545538197,5.321278877771949,5.268981045726453,5.282055377960205,1426366,0.0,0.0
1992-11-12,5.255905151367188,5.268979479715075,5.229756494671415,5.2559051513671875,662746,0.0,0.0
1992-11-13,5.242831230163574,5.268980394509674,5.242831230163574,5.242831230163574,922498,0.0,0.0
1992-11-16,5.242831230163574,5.268980394509674,5.229757402656162,5.242831230163574,1016816,0.0,0.0
1992-11-17,5.255905151367188,5.308202967869071,5.242830319908964,5.2559051513671875,752020,0.0,0.0
1992-11-18,5.282055377960205,5.321278877771949,5.268981045726453,5.282055377960205,961839,0.0,0.0
1992-11-19,5.282056394924315,5.308205567536855,5.255907725422359,5.295130729675293,1202425,0.0,0.0
1992-11-20,5.321278983372117,5.321278983372117,5.255906817795566,5.308204650878906,1373407,0.0,0.0
1992-11-23,5.308205567536855,5.308205567536855,5.295130729675293,5.295130729675293,805483,0.0,0.0
1992-11-24,5.308204503593404,5.3735761642456055,5.308204503593404,5.3735761642456055,1507570,0.0,0.0
1992-11-25,5.347425642209594,5.412798292521893,5.347425642209594,5.386649131774902,666277,0.0,0.0
1992-11-27,5.412800851919759,5.452023353810389,5.386651678808349,5.425875186920166,322294,0.0,0.0
1992-11-30,5.438948257914957,5.465097427368164,5.412800094682796,5.465097427368164,612813,0.0,0.0
1992-12-01,5.478172465533288,5.530470308059463,5.465098130679391,5.517395973205566,1497483,0.0,0.0
1992-12-02,5.478170727775844,5.478170727775844,5.347426414489746,5.347426414489746,1576670,0.0,0.0
1992-12-03,5.373576592058247,5.491246093710847,5.360502258886904,5.465097427368164,1492439,0.0,0.0
1992-12-04,5.465095589286264,5.4912442468343405,5.425872602964151,5.478169918060303,914932,0.0,0.0
1992-12-07,5.490223707860244,5.516429901123047,5.450913913748674,5.516429901123047,1366850,0.022801,0.0
1992-12-08,5.5164323795569645,5.529535986292945,5.464019465265813,5.503329277038574,1208982,0.0,0.0
1992-12-09,5.450915209825242,5.529534816741943,5.450915209825242,5.529534816741943,1043043,0.0,0.0
1992-12-10,5.503329277038574,5.542639088811335,5.490226174520184,5.503329277038574,1154509,0.0,0.0
1992-12-11,5.477122214626731,5.595050623049613,5.464018609941956,5.490225315093994,515973,0.0,0.0
1992-12-14,5.490226841445294,5.529536657993213,5.464020129007464,5.477123737335205,1030938,0.0,0.0
1992-12-15,5.477123737335205,5.490226841445294,5.450917024897374,5.477123737335205,1139378,0.0,0.0
1992-12-16,5.503329277038574,5.542639088811335,5.490226174520184,5.503329277038574,1201416,0.0,0.0
1992-12-17,5.516431052326764,5.621256351470948,5.490224853595085,5.621256351470947,865504,0.0,0.0
1992-12-18,5.660567920864631,5.712980843576081,5.647465320458858,5.699877738952637,1684101,0.0,0.0
1992-12-21,5.686774724712351,5.830909886296406,5.673671115662972,5.75229024887085,667790,0.0,0.0
1992-12-22,5.7784939984455335,5.791597096555483,5.712978003678369,5.765390396118164,806997,0.0,0.0
1992-12-23,5.7522901574464145,5.778496870910975,5.699877738952637,5.699877738952637,692504,0.0,0.0
1992-12-24,5.7129828565115,5.726085965751747,5.647467310310265,5.686776638031006,467554,0.0,0.0
1992-12-28,5.726081101788318,5.765390396118164,5.699874905568421,5.765390396118164,413586,0.0,0.0
1992-12-29,5.7522901574464145,5.76539326206986,5.660567920864631,5.699877738952637,615335,0.0,0.0
1992-12-30,5.647462935668685,5.6867722329396315,5.6212562332705955,5.634359836578369,719740,0.0,0.0
1992-12-31,5.608153166430032,5.608153166430032,5.555740265549911,5.568843364715576,1011772,0.0,0.0
1993-01-04,5.581949105112239,5.608155313476448,5.41160774230957,5.41160774230957,1870215,0.0,0.0
1993-01-05,5.43781261429577,5.529534816741943,5.398502810837419,5.529534816741943,1173171,0.0,0.0
1993-01-06,5.529537034842604,5.568845845634197,5.529537034842604,5.5557427406311035,647110,0.0,0.0
1993-01-07,5.555739191017252,5.568842287648653,5.477120611228841,5.516429901123047,1312883,0.0,0.0
1993-01-08,5.503330334470591,5.503330334470591,5.398504989964316,5.42471170425415,1474282,0.0,0.0
1993-01-11,5.398504448103388,5.411607551824271,5.346091529002218,5.372298240661621,913924,0.0,0.0
1993-01-12,5.37229958929576,5.37229958929576,5.267474228996243,5.319887161254883,1245801,0.0,0.0
1993-01-13,5.319884208764088,5.332987308502197,5.254367701638574,5.332987308502197,1118195,0.0,0.0
1993-01-14,5.39850265381674,5.621256351470948,5.385399554450901,5.621256351470947,2289853,0.0,0.0
1993-01-15,5.5950518605369775,5.647464778215986,5.5295363437102445,5.581948757171631,1726468,0.0,0.0
1993-01-18,5.542640139845696,5.568845845634197,5.490227215615639,5.5557427406311035,1285142,0.0,0.0
1993-01-19,5.555741687112135,5.568844789630525,5.477123072001794,5.503329277038574,1065740,0.0,0.0
1993-01-20,5.503330236538934,5.503330236538934,5.424711607721511,5.437814712524414,928046,0.0,0.0
1993-01-21,5.464018609941956,5.503328415561258,5.43781291322494,5.490225315093994,994119,0.0,0.0
1993-01-22,5.49022713173603,5.49022713173603,5.437814712524414,5.437814712524414,715705,0.0,0.0
1993-01-25,5.450915509474693,5.516431516028521,5.43781291322494,5.490225315093994,2326672,0.0,0.0
1993-01-26,5.490225013283593,5.542637916488899,5.477121913536637,5.529534816741943,1998325,0.0,0.0
1993-01-27,5.52953668838382,5.52953668838382,5.398504638127466,5.41160774230957,1456124,0.0,0.0
1993-01-28,5.411605906930855,5.411605906930855,5.319884208764088,5.332987308502197,949230,0.0,0.0
1993-01-29,5.34609190760489,5.424711543933195,5.293679489009584,5.385401725769043,1359789,0.0,0.0
1993-02-01,5.477123072001794,5.5164323795569645,5.450916362747423,5.503329277038574,1478821,0.0,0.0
1993-02-02,5.5164315963159085,5.542638301849365,5.503328495657939,5.542638301849365,1069775,0.0,0.0
1993-02-03,5.5557425796594035,5.739187557040641,5.5426399792536305,5.699877738952637,3627450,0.0,0.0
1993-02-04,5.739184704115687,5.7784939984455335,5.712978003678369,5.765390396118164,1771862,0.0,0.0
1993-02-05,5.778497876857327,5.817807197570801,5.765394265735077,5.817807197570801,1273541,0.0,0.0
1993-02-08,5.791601805841536,5.857117349663491,5.765395084094923,5.830911636352539,714696,0.0,0.0
1993-02-09,5.804702950911924,5.804702950911924,5.765393133699181,5.778496742248535,870548,0.0,0.0
1993-02-10,5.765395411469887,5.817808353721433,5.765395411469887,5.79160213470459,815571,0.0,0.0
1993-02-11,5.804705244213011,5.8309119674477135,5.765395411469887,5.79160213470459,1216043,0.0,0.0
1993-02-12,5.791597096555483,5.791597096555483,5.739184704115687,5.765390396118164,627440,0.0,0.0
1993-02-16,5.739185133518351,5.765390827481523,5.6212562332705955,5.634359836578369,1087932,0.0,0.0
1993-02-17,5.621258769864255,5.660568084873534,5.542640139845696,5.5557427406311035,1037495,0.0,0.0
1993-02-18,5.634359683032715,5.699875176698885,5.634359683032715,5.660565376281738,1199903,0.0,0.0
1993-02-19,5.673671115662972,5.791600067583627,5.673671115662972,5.75229024887085,1027408,0.0,0.0
1993-02-22,5.765395411469887,5.79160213470459,5.752292301961465,5.79160213470459,820615,0.0,0.0
1993-02-23,5.804703172415327,5.804703172415327,5.739187648256829,5.75229024887085,991597,0.0,0.0
1993-02-24,5.739185065122886,5.739185065122886,5.555740167392259,5.712978363037109,1684605,0.0,0.0
1993-02-25,5.739185065122886,5.765390758773758,5.686772165168785,5.712978363037109,1145935,0.0,0.0
1993-02-26,5.726082405076675,5.726082405076675,5.60815399102855,5.647463798522949,761603,0.0,0.0
1993-03-01,5.634359836578369,5.660565530541542,5.6212562332705955,5.634359836578369,653667,0.0,0.0
1993-03-02,5.608153067346359,5.712978363037109,5.608153067346359,5.712978363037109,1110629,0.0,0.0
1993-03-03,5.686773101799812,5.686773101799812,5.621257092120838,5.647463798522949,1517154,0.0,0.0
1993-03-04,5.647466027231206,5.647466027231206,5.568846381216059,5.608156204223633,948221,0.0,0.0
1993-03-05,5.581949991697073,5.634362920967926,5.581949991697073,5.608156204223633,1196877,0.0,0.0
1993-03-08,5.65963197588485,5.8040771484375,5.6333688038084215,5.8040771484375,1002189,0.022801,0.0
1993-03-09,5.817206279418513,5.895994755210464,5.751549637345008,5.790943622589111,1023373,0.0,0.0
1993-03-10,5.764682642974824,5.8040771484375,5.738419976202331,5.8040771484375,744959,0.0,0.0
1993-03-11,5.804075997568408,5.869732651480823,5.751550674438477,5.751550674438477,1122734,0.0,0.0
1993-03-12,5.751552429083241,5.751552429083241,5.659632580259739,5.699026584625244,781274,0.0,0.0
1993-03-15,5.699021549406964,5.699021549406964,5.659627579846948,5.685889720916748,587594,0.0,0.0
1993-03-16,5.699023141060416,5.712154467914474,5.593972020924262,5.60710334777832,1528250,0.0,0.0
1993-03-17,5.607104114465664,5.620235443115234,5.580840951862768,5.620235443115234,2033631,0.0,0.0
1993-03-18,5.633366187982057,5.659629347863316,5.567709046234465,5.593972206115723,1177711,0.0,0.0
1993-03-19,5.607104518297073,5.607104518297073,5.449528057849596,5.462658882141113,2141567,0.0,0.0
1993-03-22,5.462662585202763,5.488925767500606,5.436400413513184,5.436400413513184,1794054,0.0,0.0
1993-03-23,5.4495268652307916,5.462657686648653,5.344475746154785,5.344475746154785,1529258,0.0,0.0
1993-03-24,5.397003364511057,5.410134696856585,5.3050835327884585,5.383872032165527,1565573,0.0,0.0
1993-03-25,5.383868458646829,5.528313523876774,5.370736629713597,5.502050876617432,816075,0.0,0.0
1993-03-26,5.528316035421439,5.528316035421439,5.462658882141113,5.462658882141113,913924,0.0,0.0
1993-03-29,5.502053549294633,5.580841529344705,5.502053549294633,5.5151848793029785,901819,0.0,0.0
1993-03-30,5.488922219286287,5.528316209311323,5.46265905396579,5.5151848793029785,565906,0.0,0.0
1993-03-31,5.515184778678153,5.541447943519477,5.488922119140625,5.488922119140625,785309,0.0,0.0
1993-04-01,5.515183739995538,5.52831506729126,5.44952710351693,5.52831506729126,1052122,0.0,0.0
1993-04-02,5.475787724054528,5.515182200247103,5.462656400424857,5.502050876617432,841294,0.0,0.0
1993-04-05,5.515184705826132,5.554579199915844,5.410133563759884,5.462658882141113,1515136,0.0,0.0
1993-04-06,5.436394556456514,5.4495258808059575,5.239423680607673,5.278817653656006,1841465,0.0,0.0
1993-04-07,5.305083342786483,5.33134651184082,5.278820679036025,5.33134651184082,1735043,0.0,0.0
1993-04-08,5.305082788533457,5.331345954843926,5.160637142389262,5.239426136016846,1458646,0.0,0.0
1993-04-12,5.252558015285567,5.383871839341737,5.252558015285567,5.33134651184082,1599871,0.0,0.0
1993-04-13,5.410133563759884,5.488922046635518,5.410133563759884,5.462658882141113,2101217,0.0,0.0
1993-04-14,5.436396728254289,5.462658882141113,5.410133563759884,5.462658882141113,1965541,0.0,0.0
1993-04-15,5.449528161006436,5.462658985546513,5.318213851960069,5.357607841491699,1010763,0.0,0.0
1993-04-16,5.357606343406331,5.357606343406331,5.016190852323993,5.0949788093566895,5159734,0.0,0.0
1993-04-19,5.108111849268595,5.160637171578979,5.042455196380615,5.042455196380615,2491602,0.0,0.0
1993-04-20,5.0424548205082775,5.094980138903344,4.950534502709331,5.0687174797058105,3292042,0.0,0.0
1993-04-21,5.068719861853574,5.239428237472985,5.003062677699025,5.226296901702881,2441669,0.0,0.0
1993-04-22,5.200033003333826,5.213164337281906,5.121244999645342,5.147507667541504,1097515,0.0,0.0
1993-04-23,5.121243685150019,5.134375015727615,4.989929368766403,5.042455196380615,1426871,0.0,0.0
1993-04-26,5.042452741465916,5.081846714019775,5.016190093096677,5.081846714019775,2525899,0.0,0.0
1993-04-27,5.081850492497144,5.147507667541504,5.042456490652902,5.147507667541504,2335751,0.0,0.0
1993-04-28,5.134372639505599,5.173766613006592,5.08184683620068,5.173766613006592,1402157,0.0,0.0
1993-04-29,5.173768607215527,5.173768607215527,5.108111454102983,5.134374618530273,1252862,0.0,0.0
1993-04-30,5.14750396400593,5.213160586507586,5.14750396400593,5.173766613006592,811032,0.0,0.0
1993-05-03,5.200029262007255,5.200029262007255,5.134372639505599,5.173766613006592,1195868,0.0,0.0
1993-05-04,5.200033724858644,5.252559573243089,5.18690238908854,5.226296901702881,2131984,0.0,0.0
1993-05-05,5.239428237472985,5.239428237472985,5.213165060628748,5.226296901702881,1539346,0.0,0.0
1993-05-06,5.213165060628748,5.22629690170288,5.200033724858644,5.226296901702881,750507,0.0,0.0
1993-05-07,5.226294634378802,5.226294634378802,5.1869001388549805,5.1869001388549805,692504,0.0,0.0
1993-05-10,5.1737688087816425,5.239425964452139,5.1737688087816425,5.1869001388549805,1489413,0.0,0.0
1993-05-11,5.173769095751369,5.200031757354735,5.160637259645848,5.200031757354736,755551,0.0,0.0
1993-05-12,5.173765868747398,5.186897191358756,5.147503223524684,5.1606340408325195,604239,0.0,0.0
1993-05-13,5.121243953704834,5.1343752849710285,5.09498078586859,5.121243953704834,1190320,0.0,0.0
1993-05-14,5.12124226008373,5.160635735550835,5.108110427856445,5.108110427856445,858443,0.0,0.0
1993-05-17,5.09498078586859,5.1343752849710285,5.081849454602395,5.121243953704834,790352,0.0,0.0
1993-05-18,5.081847483184573,5.108110135528806,5.0687161570124575,5.0949788093566895,1456629,0.0,0.0
1993-05-19,5.081851197623678,5.22629690170288,5.0555880207794415,5.226296901702881,1207469,0.0,0.0
1993-05-20,5.226294805513524,5.239426136016846,5.213162969706376,5.239426136016846,832720,0.0,0.0
1993-05-21,5.239428237472985,5.239428237472985,5.200033724858644,5.226296901702881,1445533,0.0,0.0
1993-05-24,5.213161207732916,5.265686511993408,5.213161207732916,5.265686511993408,1206460,0.0,0.0
1993-05-25,5.291953086853028,5.318215755943122,5.265689912458953,5.291953086853027,963857,0.0,0.0
1993-05-26,5.291953086853028,5.305084421398075,5.213164574278764,5.291953086853027,598691,0.0,0.0
1993-05-27,5.305082909072042,5.305082909072042,5.173769095751369,5.200031757354736,1212512,0.0,0.0
1993-05-28,5.213161250209394,5.213161250209394,5.055584325536683,5.0949788093566895,1003702,0.0,0.0
1993-06-01,5.134375103346318,5.21316308815642,5.121243772544633,5.200031757354736,1085410,0.0,0.0
1993-06-02,5.1737688087816425,5.226294634378802,5.160636973404497,5.1869001388549805,2130975,0.0,0.0
1993-06-03,5.160635656314264,5.213161468505859,5.160635656314264,5.213161468505859,839276,0.0,0.0
1993-06-04,5.186898815061902,5.226293300531517,5.173767488339923,5.213161468505859,1241262,0.0,0.0
1993-06-07,5.239424627253496,5.278818607419432,5.200030141783881,5.213161468505859,1519675,0.0,0.0
1993-06-08,5.200524330139159,5.226855973203549,5.187358508606965,5.20052433013916,1039008,0.025775,0.0
1993-06-09,5.200522288378586,5.200522288378586,5.1741901490213085,5.187356472015381,943682,0.0,0.0
1993-06-10,5.187357801282512,5.200523621019475,5.161026161808585,5.174191474914551,793883,0.0,0.0
1993-06-11,5.213688104741792,5.24002024409907,5.1741901490213085,5.187356472015381,1849031,0.0,0.0
1993-06-14,5.187356472015381,5.200522288378586,5.161024839288971,5.187356472015381,980501,0.0,0.0
1993-06-15,5.213688104741792,5.24002024409907,5.1741901490213085,5.187356472015381,562880,0.0,0.0
1993-06-16,5.187357160359932,5.200522978470197,5.108361745067412,5.161025524139404,1111638,0.0,0.0
1993-06-17,5.187356560322058,5.187356560322058,4.989868298250314,5.0030341148376465,1987229,0.0,0.0
1993-06-18,5.016203252960488,5.029369584896933,4.950374126434326,4.950374126434326,1973611,0.0,0.0
1993-06-21,4.950372607613628,5.003035892676968,4.950372607613628,4.989870071411133,1022364,0.0,0.0
1993-06-22,5.016203252960488,5.029369584896933,4.937208301129094,4.950374126434326,2470923,0.0,0.0
1993-06-23,4.9503708484883155,5.016199931424979,4.9503708484883155,5.0030341148376465,4197895,0.0,0.0
1993-06-24,5.003032576585828,5.1478575277797995,5.003032576585828,5.1346917152404785,2033631,0.0,0.0
1993-06-25,5.12152909403842,5.12152909403842,5.0688652992248535,5.0688652992248535,1351215,0.0,0.0
1993-06-28,5.0688652992248535,5.08203162790156,5.055699983810319,5.0688652992248535,1058679,0.0,0.0
1993-06-29,5.0688646622097275,5.082030989231793,5.055699348449707,5.055699348449707,735376,0.0,0.0
1993-06-30,5.055699348449707,5.082030989231793,5.02936770766762,5.055699348449707,645093,0.0,0.0
1993-07-01,5.0425335721819,5.134694822356655,5.0425335721819,5.108362674713135,1131308,0.0,0.0
1993-07-02,5.121529803181689,5.1741930986560964,5.121529803181689,5.147861957550049,1615002,0.0,0.0
1993-07-06,5.147860939863266,5.147860939863266,4.963537922248406,4.989870071411133,1112142,0.0,0.0
1993-07-07,5.0030352831223315,5.016201102784082,4.950372004475325,4.976703643798828,1204947,0.0,0.0
1993-07-08,4.9635361584447715,5.016199931424979,4.9503708484883155,5.0030341148376465,1562547,0.0,0.0
1993-07-09,5.0030341148376465,5.016199931424979,4.976702481662981,5.0030341148376465,987562,0.0,0.0
1993-07-12,5.00303487811898,5.082030296325684,4.976703240927064,5.082030296325684,1369372,0.0,0.0
1993-07-13,5.08203162790156,5.12152909403842,5.055699983810319,5.0688652992248535,997650,0.0,0.0
1993-07-14,5.082030108846883,5.187357160359932,5.0556984726263545,5.161025524139404,821119,0.0,0.0
1993-07-15,5.147861957550049,5.161027781418651,5.134696133681447,5.147861957550049,412073,0.0,0.0
1993-07-16,5.161027781418651,5.161027781418651,5.121529803181689,5.147861957550049,690486,0.0,0.0
1993-07-19,5.1478575277797995,5.1478575277797995,5.108359583531117,5.1346917152404785,542705,0.0,0.0
1993-07-20,5.121529803181689,5.147861957550049,5.095198155444485,5.147861957550049,567924,0.0,0.0
1993-07-21,5.161023340319121,5.174188646227721,5.121525396070437,5.1346917152404785,858443,0.0,0.0
1993-07-22,5.147861957550049,5.147861957550049,5.121529803181689,5.147861957550049,800440,0.0,0.0
1993-07-23,5.13469320656256,5.187356472015381,5.13469320656256,5.187356472015381,600204,0.0,0.0
1993-07-26,5.174192908357933,5.240023038542134,5.174192908357933,5.226856708526611,676868,0.0,0.0
1993-07-27,5.240020884755385,5.2531867027282715,5.2136887421786815,5.2531867027282715,456962,0.0,0.0
1993-07-28,5.253188122899005,5.2663539444311995,5.200524330139159,5.20052433013916,757064,0.0,0.0
1993-07-29,5.213688135602822,5.253186091557104,5.200522319161685,5.240020275115967,557836,0.0,0.0
1993-07-30,5.253186091557104,5.30584935732165,5.213688135602822,5.240020275115967,663755,0.0,0.0
1993-08-02,5.240020275115967,5.279517217808506,5.200522319161685,5.240020275115967,956795,0.0,0.0
1993-08-03,5.187358508606965,5.200524330139159,5.174192180443703,5.20052433013916,918967,0.0,0.0
1993-08-04,5.1741901490213085,5.200522288378586,5.161024839288971,5.187356472015381,785813,0.0,0.0
1993-08-05,5.18735817641231,5.266353607177735,5.16102653503418,5.266353607177734,824650,0.0,0.0
1993-08-06,5.279516802505931,5.292683124542236,5.266351493731288,5.292683124542236,807501,0.0,0.0
1993-08-09,5.305849302088926,5.424342155456543,5.292683485784843,5.424342155456543,1073305,0.0,0.0
1993-08-10,5.398011104321486,5.41117692204379,5.371678962245958,5.384844779968262,677877,0.0,0.0
1993-08-11,5.34534944092214,5.371680577654307,5.3321831126094485,5.35851526260376,796909,0.0,0.0
1993-08-12,5.332180023193359,5.358512157931074,5.305848395086424,5.332180023193359,756055,0.0,0.0
1993-08-13,5.371680577654307,5.371680577654307,5.3321831126094485,5.35851526260376,667790,0.0,0.0
1993-08-16,5.358512468577348,5.424341542660962,5.345346653760625,5.411175727844238,781778,0.0,0.0
1993-08-17,5.437508660979614,5.437508660979614,5.2531867027282715,5.2531867027282715,1682083,0.0,0.0
1993-08-18,5.253188122899005,5.2663539444311995,5.200524330139159,5.20052433013916,1921156,0.0,0.0
1993-08-19,5.200522331843322,5.200522331843322,5.095195293426514,5.095195293426514,1801115,0.0,0.0
1993-08-20,5.134694822356655,5.134694822356655,5.0688647065633665,5.108362674713135,1399130,0.0,0.0
1993-08-23,5.121528495219382,5.134694822356655,5.095196854206888,5.108362674713135,1371390,0.0,0.0
1993-08-24,5.134693887918876,5.174190835618733,5.121527563177676,5.161025524139404,1043547,0.0,0.0
1993-08-25,5.147860597818032,5.161026418209076,5.055699348449707,5.055699348449707,828180,0.0,0.0
1993-08-26,5.108362674713135,5.134694822356655,5.0688647065633665,5.108362674713135,1480334,0.0,0.0
1993-08-27,5.08203024390285,5.121527699283296,5.016200644971159,5.029366970062256,1664430,0.0,0.0
1993-08-30,5.0425335721819,5.108362674713135,5.0425335721819,5.108362674713135,899801,0.0,0.0
1993-08-31,5.134691715240479,5.1478575277797995,5.095193770991796,5.1346917152404785,2189483,0.0,0.0
1993-09-01,5.134694822356655,5.16102646336915,5.095196854206888,5.108362674713135,2514299,0.0,0.0
1993-09-02,5.082029476953272,5.1083611098997554,5.029366211060304,5.095195293426514,1229661,0.0,0.0
1993-09-03,5.095195926957148,5.187357160359932,5.095195926957148,5.161025524139404,3554820,0.0,0.0
1993-09-07,5.148353212928034,5.187955230502995,5.1351518630981445,5.1351518630981445,1539850,0.025775,0.0
1993-09-08,5.121951580047607,5.148353774609166,5.0823485421946355,5.121951580047607,1739078,0.0,0.0
1993-09-09,5.121950229458969,5.14835241705863,5.095548549837906,5.1087493896484375,1199399,0.0,0.0
1993-09-10,5.121950747041734,5.187954952764242,5.108749905897232,5.174754619598389,1425358,0.0,0.0
1993-09-13,5.174754457909715,5.253960010280542,5.174754457909715,5.201156139373779,1239748,0.0,0.0
1993-09-14,5.161551073025329,5.174751907250609,5.108747228145825,5.148350238800049,1410227,0.0,0.0
1993-09-15,5.135149395271596,5.240756587307753,5.09554688874995,5.227555751800537,1316413,0.0,0.0
1993-09-16,5.2539626353663955,5.280364330021783,5.214359585404428,5.2407612800598145,1542372,0.0,0.0
1993-09-17,5.161553617177683,5.201156139373779,5.161553617177683,5.201156139373779,2030605,0.0,0.0
1993-09-20,5.174757043421347,5.267163482694089,5.174757043421347,5.2407612800598145,1127778,0.0,0.0
1993-09-21,5.240758661569877,5.240758661569877,5.187954790663114,5.201156139373779,1150474,0.0,0.0
1993-09-22,5.187957305784521,5.333167640192105,5.187957305784521,5.319966793060303,1778419,0.0,0.0
1993-09-23,5.346365809912865,5.438772201538086,5.333164969391923,5.438772201538086,1418801,0.0,0.0
1993-09-24,5.425574390677989,5.451976086462678,5.3859713390220465,5.4123735427856445,1065740,0.0,0.0
1993-09-27,5.4123682487667715,5.504774093627929,5.3859660708280295,5.50477409362793,1422836,0.0,0.0
1993-09-28,5.4915732586477635,5.557577941527002,5.4915732586477635,5.50477409362793,1185276,0.0,0.0
1993-09-29,5.504775841273189,5.517977188422903,5.438771645417482,5.451972484588623,840285,0.0,0.0
1993-09-30,5.451972432794116,5.465173779818415,5.306762695312501,5.3067626953125,1163084,0.0,0.0
1993-10-01,5.30676184983438,5.346364360662067,5.240757157143081,5.29356050491333,1741095,0.0,0.0
1993-10-04,5.306762695312501,5.319963534358232,5.267160178175306,5.3067626953125,966883,0.0,0.0
1993-10-05,5.319963534358232,5.399168568632621,5.267160178175306,5.3067626953125,935612,0.0,0.0
1993-10-06,5.333164136516207,5.412369675251024,5.3199632980568285,5.346364974975586,1857101,0.0,0.0
1993-10-07,5.372767159872889,5.372767159872889,5.333164136516207,5.346364974975586,849868,0.0,0.0
1993-10-08,5.35956632141351,5.385967490353721,5.293561113159527,5.346364974975586,913924,0.0,0.0
1993-10-11,5.385967490353721,5.385967490353721,5.333164136516207,5.346364974975586,388871,0.0,0.0
1993-10-12,5.372767398519726,5.372767398519726,5.306762695312501,5.3067626953125,956795,0.0,0.0
1993-10-13,5.30676557048012,5.385970647667254,5.280363878084409,5.372770309448242,1099028,0.0,0.0
1993-10-14,5.412370250744656,5.491575289922745,5.399168902903042,5.47837495803833,1067757,0.0,0.0
1993-10-15,5.517979641818794,5.610385557102164,5.504778288799514,5.583984375,1477812,0.0,0.0
1993-10-18,5.557581176384592,5.62358589768268,5.544380333720716,5.597183704376221,1111638,0.0,0.0
1993-10-19,5.583984375,5.597184712061683,5.544381331899757,5.583984375,866008,0.0,0.0
1993-10-20,5.557579275309094,5.557579275309094,5.478374246419421,5.517976760864258,1528250,0.0,0.0
1993-10-21,5.544378757476807,5.570780943277234,5.517977079654942,5.544378757476807,592134,0.0,0.0
1993-10-22,5.5575821769402385,5.610385557102164,5.544381331899757,5.583984375,1190320,0.0,0.0
1993-10-25,5.597184712061683,5.597184712061683,5.544381331899757,5.583984375,614326,0.0,0.0
1993-10-26,5.570782661437988,5.583983504420372,5.557581310476885,5.570782661437988,644084,0.0,0.0
1993-10-27,5.583981388931308,5.610382556915284,5.557579204990278,5.610382556915283,619874,0.0,0.0
1993-10-28,5.6103818958605345,5.702788258819853,5.6103818958605345,5.636784076690674,791865,0.0,0.0
1993-10-29,5.636784076690674,5.663185749542345,5.623583240264837,5.636784076690674,920985,0.0,0.0
1993-11-01,5.610386253679063,5.636788455016881,5.583985068298968,5.623587608337402,507903,0.0,0.0
1993-11-02,5.636786876349906,5.636786876349906,5.544380467494502,5.570782661437988,1033964,0.0,0.0
1993-11-03,5.570782661437988,5.583983504420372,5.531179624512118,5.570782661437988,915437,0.0,0.0
1993-11-04,5.544382529687999,5.583985581343941,5.399172186914391,5.4123735427856445,1157536,0.0,0.0
1993-11-05,5.385968603849321,5.4387724765820575,5.372768270639449,5.399169445037842,839276,0.0,0.0
1993-11-08,5.3991682015726825,5.544378437160815,5.385967363424403,5.517976760864258,1255888,0.0,0.0
1993-11-09,5.570782527027175,5.597183704376221,5.53117949105684,5.597183704376221,1093985,0.0,0.0
1993-11-10,5.597182134896919,5.702789354573815,5.5575796180100445,5.689589023590088,1205955,0.0,0.0
1993-11-11,5.676388852308351,5.742393054883498,5.663187503814697,5.663187503814697,875591,0.0,0.0
1993-11-12,5.676388264970913,5.755593299865723,5.676388264970913,5.755593299865723,1797585,0.0,0.0
1993-11-15,5.7291937960475625,5.834801057301798,5.7291937960475625,5.7819976806640625,1458142,0.0,0.0
1993-11-16,5.795196147618985,5.966808082296161,5.78199581569605,5.927205562591553,3031785,0.0,0.0
1993-11-17,5.914005612072762,5.940407806092747,5.808398359928985,5.861202239990234,2043214,0.0,0.0
1993-11-18,5.834801656328643,5.834801656328643,5.768796920776367,5.768796920776367,1814229,0.0,0.0
1993-11-19,5.768796920776367,5.768796920776367,5.715993030738783,5.768796920776367,1304308,0.0,0.0
1993-11-22,5.742395532545806,5.834801964000093,5.7291946863350285,5.795198917388916,1884841,0.0,0.0
1993-11-23,5.795197624833303,5.795197624833303,5.649987840923364,5.702791213989258,1332553,0.0,0.0
1993-11-24,5.729192652128655,5.781996526202073,5.702790461102615,5.742393493652344,972431,0.0,0.0
1993-11-26,5.768791679464362,5.861198022089016,5.768791679464362,5.847997188568115,442839,0.0,0.0
1993-11-29,5.834798336029053,5.8479991740317905,5.768793638036837,5.834798336029053,1556495,0.0,0.0
1993-11-30,5.821598052978516,5.874401918001598,5.808396705738813,5.821598052978516,673842,0.0,0.0
1993-12-01,5.834798336029053,5.900802526042741,5.821597498026315,5.834798336029053,1234705,0.0,0.0
1993-12-02,5.848000727260322,5.887603759765625,5.834799885751442,5.887603759765625,642067,0.0,0.0
1993-12-03,5.8876021960185305,5.8876021960185305,5.8083961520450496,5.834798336029053,1176702,0.0,0.0
1993-12-06,5.848560327309386,5.848560327309386,5.795632432987271,5.82209587097168,1959993,0.025775,0.0
1993-12-07,5.835325505107902,5.8617894393501055,5.8220930288104,5.848557472229004,648119,0.0,0.0
1993-12-08,5.861793772304552,5.875025749206543,5.782401401715831,5.875025749206543,1148961,0.0,0.0
1993-12-09,5.888254147979722,5.980877921999272,5.861789703369141,5.861789703369141,1263454,0.0,0.0
1993-12-10,5.848560553040204,5.875024501222663,5.835328578948975,5.835328578948975,606761,0.0,0.0
1993-12-13,5.782405834008028,5.888262748718261,5.782405834008028,5.888262748718262,801448,0.0,0.0
1993-12-14,5.88825823528531,5.9014902121873005,5.848561795402562,5.875025749206543,841294,0.0,0.0
1993-12-15,5.888256757227621,5.91472019521203,5.82209587097168,5.82209587097168,658711,0.0,0.0
1993-12-16,5.8220960956810766,5.861792527131434,5.782400173407388,5.835328578948975,885174,0.0,0.0
1993-12-17,5.861794718868196,5.901491165161133,5.83533076079081,5.901491165161133,1200407,0.0,0.0
1993-12-20,5.9014912246000275,5.967651120459844,5.875026757079237,5.92795467376709,754542,0.0,0.0
1993-12-21,5.901490497425063,5.980882362674267,5.875026033165193,5.914721965789795,993615,0.0,0.0
1993-12-22,5.967647552490234,5.980879523750995,5.941183609968714,5.967647552490234,1011268,0.0,0.0
1993-12-23,5.954419141287881,5.954419141287881,5.9014912246000275,5.92795467376709,1033460,0.0,0.0
1993-12-27,5.954417960137941,6.020577842873932,5.927953497866781,5.994114398956299,996641,0.0,0.0
1993-12-28,5.967648763359087,5.994113220426951,5.941184815467885,5.9808807373046875,660224,0.0,0.0
1993-12-29,5.980879523750995,5.980879523750995,5.927951129531394,5.967647552490234,632988,0.0,0.0
1993-12-30,5.967651120459844,5.967651120459844,5.92795467376709,5.92795467376709,819606,0.0,0.0
1993-12-31,5.941181751253117,5.9544137183742185,5.848557472229004,5.848557472229004,773204,0.0,0.0
1994-01-03,5.861796351443535,5.861796351443535,5.769171963198905,5.782403945922852,1264967,0.0,0.0
1994-01-04,5.782399950230094,5.848560327309386,5.782399950230094,5.82209587097168,1064227,0.0,0.0
1994-01-05,5.79563424201057,5.808865710544461,5.70300988885887,5.742705821990967,1169136,0.0,0.0
1994-01-06,5.742704317570497,5.742704317570497,5.663311962927969,5.689776420593262,1149466,0.0,0.0
1994-01-07,5.689777691590156,5.769169554790764,5.623616787236073,5.729473114013672,1657874,0.0,0.0
1994-01-10,5.755936003069036,5.848560327309386,5.729471546731329,5.82209587097168,1639716,0.0,0.0
1994-01-11,5.808867454528808,5.848563908755698,5.79563598202246,5.808867454528809,1363320,0.0,0.0
1994-01-12,5.78240001730028,5.795632500210942,5.676543718251572,5.70300817489624,1820282,0.0,0.0
1994-01-13,5.7162412060999745,5.742705669997741,5.544224991236865,5.583921432495117,2994966,0.0,0.0
1994-01-14,5.6103833404048835,5.716239639453592,5.6103833404048835,5.70300817489624,1131308,0.0,0.0
1994-01-17,5.716239639453592,5.755936069832267,5.663311744517565,5.70300817489624,745967,0.0,0.0
1994-01-18,5.676544189453125,5.729472088782619,5.676544189453125,5.676544189453125,901819,0.0,0.0
1994-01-19,5.623615962686753,5.650080422383455,5.583920546083482,5.610383987426758,1165606,0.0,0.0
1994-01-20,5.610379852671015,5.610379852671015,5.530988059621466,5.57068395614624,1109116,0.0,0.0
1994-01-21,5.5177603074455535,5.636849117297593,5.5177603074455535,5.597153186798096,1104072,0.0,0.0
1994-01-24,5.597153409855602,5.663313296658031,5.570688945957836,5.583921432495117,784804,0.0,0.0
1994-01-25,5.557451990637983,5.610379852671015,5.557451990637983,5.57068395614624,853399,0.0,0.0
1994-01-26,5.570688061646774,5.610383987426758,5.530992135866791,5.610383987426758,1215539,0.0,0.0
1994-01-27,5.57068762950163,5.703008390190241,5.544223681034577,5.663311958312988,723271,0.0,0.0
1994-01-28,5.689776857340152,5.808864634680102,5.610383987426758,5.610383987426758,1504544,0.0,0.0
1994-01-31,5.623617083292068,5.676545504055685,5.5309932380151645,5.544225215911865,900306,0.0,0.0
1994-02-01,5.557454586029053,5.583919038581091,5.544222614341321,5.557454586029053,1257906,0.0,0.0
1994-02-02,5.557456747121824,5.6236166312876525,5.557456747121824,5.597153186798096,1059183,0.0,0.0
1994-02-03,5.57068872395499,5.610384654454487,5.557456747121824,5.597153186798096,666781,0.0,0.0
1994-02-04,5.610382430108485,5.63684688245924,5.5309906005859375,5.5309906005859375,1346171,0.0,0.0
1994-02-07,5.517760527339099,5.6103848780392935,5.5045285499786125,5.583921432495117,1318431,0.0,0.0
1994-02-08,5.583918996110875,5.583918996110875,5.5309906005859375,5.5309906005859375,1482352,0.0,0.0
1994-02-09,5.5309932380151645,5.570689171705266,5.517760750941649,5.544225215911865,1833395,0.0,0.0
1994-02-10,5.557451990637983,5.597148396339095,5.544220025129724,5.57068395614624,1144422,0.0,0.0
1994-02-11,5.583918996110875,5.583918996110875,5.5309906005859375,5.5309906005859375,428717,0.0,0.0
1994-02-14,5.544222614341321,5.570686557716784,5.530990642653591,5.557454586029053,667285,0.0,0.0
1994-02-15,5.570685804542904,5.570685804542904,5.517757415771484,5.517757415771484,1481847,0.0,0.0
1994-02-16,5.517757415771484,5.544221864745448,5.504525445872757,5.517757415771484,954273,0.0,0.0
1994-02-17,5.544222476100616,5.544222476100616,5.372206339272618,5.451598167419434,1327509,0.0,0.0
1994-02-18,5.4251369844686534,5.438368962557558,5.319280650580597,5.372209072113037,1590792,0.0,0.0
1994-02-22,5.398671259624949,5.530992027997714,5.385439793799717,5.504527568817139,1108107,0.0,0.0
1994-02-23,5.491294851709783,5.51775828650682,5.438366454585945,5.46483039855957,1050104,0.0,0.0
1994-02-24,5.438369985302194,5.451601965879517,5.345745612084022,5.3986735343933105,1861136,0.0,0.0
1994-02-25,5.3722100824155845,5.438369985302194,5.358977592661344,5.3986735343933105,953265,0.0,0.0
1994-02-28,5.425138473510742,5.438370455231439,5.411905982613083,5.425138473510742,830702,0.0,0.0
1994-03-01,5.438369985302194,5.464833946456839,5.3722100824155845,5.3986735343933105,1054139,0.0,0.0
1994-03-02,5.3986722219179315,5.63684934193706,5.372208776373755,5.583921432495117,2711004,0.0,0.0
1994-03-03,5.636848264956005,5.729472088782619,5.6103838061145614,5.676544189453125,2696377,0.0,0.0
1994-03-04,5.676544515437361,5.795633314120972,5.636848588660642,5.769168853759766,2414433,0.0,0.0
1994-03-07,5.76917150947888,5.848563908755698,5.76917150947888,5.808867454528809,1632655,0.0,0.0
1994-03-08,5.8093951771479615,5.888975548462073,5.7696044811051275,5.822658061981201,2173343,0.025775,0.0
1994-03-09,5.7961346492862615,5.822661455183003,5.756344440441148,5.782871246337891,1771862,0.0,0.0
1994-03-10,5.8093957584772635,5.8226586446376825,5.743077754974365,5.743077754974365,1659387,0.0,0.0
1994-03-11,5.756339258153003,5.769602649160675,5.6767584017213535,5.7032856941223145,1163084,0.0,0.0
1994-03-14,5.663497375696877,5.743077754974365,5.623706675672303,5.743077754974365,1139378,0.0,0.0
1994-03-15,5.7430791023239,5.7430791023239,5.610445105744948,5.676762104034424,1254375,0.0,0.0
1994-03-16,5.663500372618069,5.729817390441895,5.663500372618069,5.7298173904418945,500842,0.0,0.0
1994-03-17,5.729819850507852,5.756347179412842,5.6767662134705095,5.756347179412842,1528754,0.0,0.0
1994-03-18,5.809396266937256,5.822659154258492,5.769605563430052,5.809396266937256,2388710,0.0,0.0
1994-03-21,5.7828689611371615,5.822659154258492,5.756342165722942,5.809396266937256,1046069,0.0,0.0
1994-03-22,5.8093950082555414,5.849185192755805,5.8093950082555414,5.835921287536621,1405687,0.0,0.0
1994-03-23,5.862448587589227,5.888975377256069,5.83592128753662,5.835921287536621,1545398,0.0,0.0
1994-03-24,5.8491835055923245,5.862446896599996,5.7032856941223145,5.7032856941223145,1594323,0.0,0.0
1994-03-25,5.729814431545027,5.756341735361861,5.65023405125203,5.663497447967529,704609,0.0,0.0
1994-03-28,5.690026064780149,5.703289976131934,5.636971950531006,5.636971950531006,1025390,0.0,0.0
1994-03-29,5.690025322059877,5.690025322059877,5.583917617797852,5.583917617797852,732349,0.0,0.0
1994-03-30,5.570651642159991,5.597178938746181,5.4380172007718235,5.45128059387207,1883833,0.0,0.0
1994-03-31,5.438021183013916,5.5043387074649175,5.358440255749929,5.438021183013916,2393249,0.0,0.0
1994-04-04,5.331910271497827,5.438017941131544,5.30538348168584,5.3584370613098145,2333229,0.0,0.0
1994-04-05,5.411489904185633,5.464543986972317,5.398227021471082,5.45128059387207,2736727,0.0,0.0
1994-04-06,5.4778075218200675,5.4778075218200675,5.411490044217059,5.477807521820068,2076503,0.0,0.0
1994-04-07,5.504340353036746,5.517603249428722,5.451286215537721,5.491076946258545,1019338,0.0,0.0
1994-04-08,5.4778075218200675,5.544124999423077,5.464544128376608,5.477807521820068,1602897,0.0,0.0
1994-04-11,5.504334425784285,5.544124603271484,5.464543737911412,5.544124603271484,944690,0.0,0.0
1994-04-12,5.570655129180157,5.5839185305827925,5.504338122166974,5.517601013183594,1151483,0.0,0.0
1994-04-13,5.491074730723794,5.517601023191163,5.305386089978057,5.411493301391602,1824821,0.0,0.0
1994-04-14,5.384963512420654,5.464543869308595,5.3584362164056545,5.384963512420654,905349,0.0,0.0
1994-04-15,5.384963944295447,5.45128091368736,5.31864595413208,5.31864595413208,1168128,0.0,0.0
1994-04-18,5.331911297813315,5.331911297813315,5.239067005214415,5.278857707977295,1619541,0.0,0.0
1994-04-19,5.25233040267342,5.318647389968446,5.239067005214415,5.278857707977295,2095165,0.0,0.0
1994-04-20,5.29212121871963,5.29212121871963,5.053378528189408,5.199276924133301,1847518,0.0,0.0
1994-04-21,5.225804850591225,5.345175966497773,5.225804850591225,5.2921223640441895,1808177,0.0,0.0
1994-04-22,5.331909858396189,5.331909858396189,5.265592378618549,5.31864595413208,1469238,0.0,0.0
1994-04-25,5.345173771756745,5.451281443481835,5.31864647103614,5.4247541427612305,1439480,0.0,0.0
1994-04-26,5.398227021471082,5.464543986972317,5.398227021471082,5.45128059387207,1405183,0.0,0.0
1994-04-28,5.438020614631005,5.451284016057698,5.411493301391602,5.411493301391602,1834404,0.0,0.0
1994-04-29,5.411493988136301,5.491075427567762,5.384967692302617,5.464548110961914,1438471,0.0,0.0
1994-05-02,5.4910714256492374,5.4910714256492374,5.438017341489688,5.477807521820068,1009250,0.0,0.0
1994-05-03,5.477811514071797,5.477811514071797,5.384967692302617,5.464548110961914,823641,0.0,0.0
1994-05-04,5.451280734933149,5.4910714256492374,5.411490044217059,5.477807521820068,828685,0.0,0.0
1994-05-05,5.464543986972317,5.504334676658755,5.45128059387207,5.45128059387207,628953,0.0,0.0
1994-05-06,5.45128213198091,5.45128213198091,5.318647142783364,5.371701240539551,593647,0.0,0.0
1994-05-09,5.384967894826729,5.384967894826729,5.3186498560109845,5.345177173614502,1199903,0.0,0.0
1994-05-10,5.371703980831919,5.411494191658044,5.345177173614503,5.345177173614502,750002,0.0,0.0
1994-05-11,5.345175387873467,5.371702186228688,5.212540375325503,5.265594482421875,1325996,0.0,0.0
1994-05-12,5.2921223640441895,5.318648654884996,5.278858963430793,5.2921223640441895,938134,0.0,0.0
1994-05-13,5.318644325809865,5.331908226013184,5.252327376721126,5.331908226013184,755551,0.0,0.0
1994-05-16,5.33191143150845,5.345174829300029,5.278857840342136,5.305384635925293,621387,0.0,0.0
1994-05-17,5.305382645147027,5.398226905235311,5.278855859517713,5.384963512420654,1329022,0.0,0.0
1994-05-18,5.424753297285879,5.477807380072564,5.411489904185633,5.45128059387207,994623,0.0,0.0
1994-05-19,5.464543986972317,5.464543986972317,5.411489904185633,5.45128059387207,1049096,0.0,0.0
1994-05-20,5.451284585826902,5.4778113914528745,5.438021183013916,5.438021183013916,2219241,0.0,0.0
1994-05-23,5.384965147767978,5.384965147767978,5.318647142783364,5.371701240539551,1041530,0.0,0.0
1994-05-24,5.3982309745749575,5.530865002704819,5.3717036585629145,5.438021183013916,1560025,0.0,0.0
1994-05-25,5.358436331784644,5.45128059387207,5.345172938684397,5.45128059387207,1495466,0.0,0.0
1994-05-26,5.451280345415679,5.557387995767218,5.4247530500385395,5.544124603271484,1000171,0.0,0.0
1994-05-27,5.517600111239362,5.663498523590854,5.517600111239362,5.583917617797852,1040521,0.0,0.0
1994-05-31,5.583916557288697,5.676760844683029,5.557389763857699,5.663497447967529,1286151,0.0,0.0
1994-06-01,5.636971311119658,5.636971311119658,5.557390914351883,5.610445022583008,1102055,0.0,0.0
1994-06-02,5.62370854956522,5.6634992628485765,5.597182258019647,5.636971950531006,759586,0.0,0.0
1994-06-03,5.63697079062676,5.6634980974858795,5.623707392390148,5.650234699249268,1318431,0.0,0.0
1994-06-06,5.663497447967529,5.703288148499864,5.65023405125203,5.663497447967529,1035477,0.0,0.0
1994-06-07,5.679458141326905,5.706059691746787,5.6528560790828335,5.679458141326904,719740,0.02974,0.0
1994-06-08,5.69276159032654,5.69276159032654,5.639557952673775,5.652858734130859,767151,0.0,0.0
1994-06-09,5.639555183957561,5.67945802056311,5.599652859176191,5.666157245635986,1144422,0.0,0.0
1994-06-10,5.6794568514865995,5.785863540824691,5.6794568514865995,5.745960712432861,821623,0.0,0.0
1994-06-13,5.772564888000488,5.799166442145605,5.759263599103669,5.772564888000488,801448,0.0,0.0
1994-06-14,5.785865154406929,5.825767993927002,5.77256437850831,5.825767993927002,1062209,0.0,0.0
1994-06-15,5.8257671871742565,5.852368223463564,5.785864353179931,5.785864353179932,855921,0.0,0.0
1994-06-16,5.81246603173173,5.878970415331943,5.799165257376519,5.852368354797363,847346,0.0,0.0
1994-06-17,5.86567032162286,5.878971097521478,5.7991659303055485,5.825767993927002,1880302,0.0,0.0
1994-06-20,5.799166442145605,5.825768508114983,5.732662556782812,5.772564888000488,936620,0.0,0.0
1994-06-21,5.772565652356055,5.772565652356055,5.626256573360608,5.692760467529297,889209,0.0,0.0
1994-06-22,5.719361900411635,5.7326626777648935,5.679459056527589,5.732662677764893,959317,0.0,0.0
1994-06-23,5.732663315854841,5.759264361697987,5.692760467529298,5.692760467529297,635510,0.0,0.0
1994-06-24,5.69276169088461,5.706062472576641,5.5863549255239215,5.612957000732422,571454,0.0,0.0
1994-06-27,5.599652859176191,5.692758795490232,5.546449247643519,5.666157245635986,778247,0.0,0.0
1994-06-28,5.67946130656735,5.732664948882412,5.612957393454116,5.719364166259766,723775,0.0,0.0
1994-06-29,5.692762089189997,5.745965219680585,5.692762089189997,5.719364166259766,1181241,0.0,0.0
1994-06-30,5.719363665065137,5.719363665065137,5.626257683041121,5.652858734130859,932585,0.0,0.0
1994-07-01,5.67946130656735,5.719364166259766,5.652859229497582,5.719364166259766,837763,0.0,0.0
1994-07-05,5.692758916536846,5.719360978780918,5.6661573661169635,5.679458141326904,559349,0.0,0.0
1994-07-06,5.6661600274123725,5.679460808869456,5.612956901584038,5.652858734130859,857938,0.0,0.0
1994-07-07,5.652855958884684,5.666157245635986,5.626254920854616,5.666157245635986,544723,0.0,0.0
1994-07-08,5.639556051777288,5.652856828751146,5.573052166907996,5.599653720855713,873069,0.0,0.0
1994-07-11,5.599655707215953,5.612957000732423,5.559753362139859,5.612957000732422,929055,0.0,0.0
1994-07-12,5.599652859176191,5.67945802056311,5.5730513093219445,5.666157245635986,1124247,0.0,0.0
1994-07-13,5.652858734130859,5.706062371783623,5.652858734130859,5.652858734130859,906358,0.0,0.0
1994-07-14,5.666158279174331,5.7326626777648935,5.666158279174331,5.732662677764893,960326,0.0,0.0
1994-07-15,5.7193625370211025,5.732663315854841,5.67945968869556,5.692760467529297,1072297,0.0,0.0
1994-07-18,5.7193625370211025,5.7193625370211025,5.67945968869556,5.692760467529297,418629,0.0,0.0
1994-07-19,5.69276169088461,5.69276169088461,5.612957000732423,5.612957000732422,544218,0.0,0.0
1994-07-20,5.6129551314947035,5.6129551314947035,5.519849178832379,5.559751510620117,628449,0.0,0.0
1994-07-21,5.559750828650332,5.559750828650332,5.506547726126009,5.533148765563965,800944,0.0,0.0
1994-07-22,5.55974999303671,5.55974999303671,5.479944839420495,5.546448707580566,889209,0.0,0.0
1994-07-25,5.533150804272399,5.546451584804197,5.479947682145204,5.493248462677002,1493952,0.0,0.0
1994-07-26,5.426741573114306,5.49324595726575,5.400140536007554,5.479945182800293,1651821,0.0,0.0
1994-07-27,5.453343782379388,5.453343782379388,5.426741720899865,5.440042495727539,1168632,0.0,0.0
1994-07-28,5.42674431155869,5.440045092735988,5.400143261028512,5.4134440422058105,2180908,0.0,0.0
1994-07-29,5.426741573114306,5.49324595726575,5.413441310473011,5.479945182800293,1213017,0.0,0.0
1994-08-01,5.5065489897319235,5.5730528831481925,5.5065489897319235,5.573052883148193,1932757,0.0,0.0
1994-08-02,5.59964977807616,5.612951057508687,5.573048242858898,5.586349010467529,736889,0.0,0.0
1994-08-03,5.559747475250268,5.59964977807616,5.559747475250268,5.586349010467529,822128,0.0,0.0
1994-08-04,5.59964977807616,5.626251825117318,5.573048242858898,5.586349010467529,919472,0.0,0.0
1994-08-05,5.573048242858898,5.59964977807616,5.573048242858898,5.586349010467529,478650,0.0,0.0
1994-08-08,5.586353618348376,5.652857511246992,5.586353618348376,5.626256465911865,881644,0.0,0.0
1994-08-09,5.61295678788903,5.652858619627607,5.58635471368928,5.639557838439941,590621,0.0,0.0
1994-08-10,5.6528560790828335,5.679458141326905,5.62625504048714,5.679458141326904,702591,0.0,0.0
1994-08-11,5.706061137390204,5.706061137390204,5.586353618348376,5.626256465911865,766142,0.0,0.0
1994-08-12,5.652858619627607,5.679460693827357,5.639557838439941,5.639557838439941,593647,0.0,0.0
1994-08-15,5.666158078896525,5.732662475136402,5.626255748247151,5.706060409545898,1271524,0.0,0.0
1994-08-16,5.692757623675852,5.772562768635439,5.692757623675852,5.745960712432861,1401148,0.0,0.0
1994-08-17,5.785863540824691,5.785863540824691,5.71935967987843,5.745960712432861,1282620,0.0,0.0
1994-08-18,5.745962943293879,5.745962943293879,5.692759833880847,5.732662677764893,1162075,0.0,0.0
1994-08-19,5.745962017376611,5.745962017376611,5.679458141326905,5.679458141326904,918463,0.0,0.0
1994-08-22,5.6528588339840775,5.6528588339840775,5.612957000732423,5.612957000732422,1074819,0.0,0.0
1994-08-23,5.626256465911864,5.666158801651035,5.612955687332142,5.626256465911865,1694188,0.0,0.0
1994-08-24,5.639556732667269,5.652857511246992,5.612955687332142,5.626256465911865,984031,0.0,0.0
1994-08-25,5.626257683041121,5.652858734130859,5.612956901584038,5.652858734130859,1811203,0.0,0.0
1994-08-26,5.666156874845246,5.799165127236658,5.666156874845246,5.785864353179932,1124247,0.0,0.0
1994-08-29,5.785865787177925,5.799166564531183,5.7326626777648935,5.732662677764893,994119,0.0,0.0
1994-08-30,5.74596282203111,5.772564888000488,5.6794589366683175,5.772564888000488,1892911,0.0,0.0
1994-08-31,5.74596321432892,5.799166838075819,5.732662948172565,5.75926399230957,1256897,0.0,0.0
1994-09-01,5.7326626777648935,5.745962943293879,5.706060611234105,5.732662677764893,612813,0.0,0.0
1994-09-02,5.759266002303232,5.759266002303232,5.706062871812644,5.719364166259766,506895,0.0,0.0
1994-09-06,5.719364166259766,5.732664948882412,5.706062871812644,5.719364166259766,365670,0.0,0.0
1994-09-07,5.719361779710254,5.772564888000488,5.6794589366683175,5.772564888000488,777743,0.0,0.0
1994-09-08,5.772564888000488,5.799166442145605,5.74596282203111,5.772564888000488,1143918,0.0,0.0
1994-09-09,5.745962943293879,5.745962943293879,5.706060611234105,5.732662677764893,712679,0.0,0.0
1994-09-12,5.735329486512488,5.762004795449231,5.708653151069331,5.721991062164307,1319944,0.02974,0.0
1994-09-13,5.721993319422696,5.788683414459229,5.708655403066071,5.7886834144592285,1155014,0.0,0.0
1994-09-14,5.775347236369795,5.895389556884766,5.775347236369795,5.895389556884766,2984374,0.0,0.0
1994-09-15,6.028767148563087,6.068780899047852,6.002091314906578,6.068780899047852,2566249,0.0,0.0
1994-09-16,5.988752237765559,6.028765980497714,5.962075896024127,6.015428066253662,4395609,0.0,0.0
1994-09-19,6.015424362478497,6.028762268510226,5.988748550415039,5.988748550415039,1057670,0.0,0.0
1994-09-20,5.9620745016606715,5.9754124127853565,5.868708610534668,5.868708610534668,3028759,0.0,0.0
1994-09-21,5.882047120184603,5.895385031502648,5.828694961659208,5.842033386230469,2230337,0.0,0.0
1994-09-22,5.868709227418293,5.908723478251615,5.868709227418293,5.882047653198242,1019338,0.0,0.0
1994-09-23,5.855370784295298,5.868708695613343,5.828694961659208,5.842033386230469,703096,0.0,0.0
1994-09-26,5.815354745496537,5.988748550415039,5.815354745496537,5.988748550415039,1107098,0.0,0.0
1994-09-27,5.975412668317381,6.0154269166558105,5.962074756622315,5.9620747566223145,893749,0.0,0.0
1994-09-28,5.962075976151661,6.015428147098224,5.935400660558383,5.9487385749816895,572968,0.0,0.0
1994-09-29,5.975412368774414,5.9887507930540655,5.948737059974725,5.975412368774414,721758,0.0,0.0
1994-09-30,5.988749684521048,6.015425501636178,5.962073354152808,6.002087593078613,754037,0.0,0.0
1994-10-03,5.988748550415039,6.002086456446769,5.962072225098569,5.988748550415039,974953,0.0,0.0
1994-10-04,5.988751519807341,6.015427345097427,5.908723530683814,5.922061443328857,1170649,0.0,0.0
1994-10-05,5.882047653198242,5.895385565724928,5.828695489838233,5.882047653198242,783795,0.0,0.0
1994-10-06,5.895390025578008,5.908727948194811,5.815361976623535,5.815361976623535,846842,0.0,0.0
1994-10-07,5.828696250915527,5.855372079452076,5.8020204223789795,5.828696250915527,427204,0.0,0.0
1994-10-10,5.8953838113649795,6.015425501636178,5.868707480996739,6.002087593078613,574481,0.0,0.0
1994-10-11,6.002091314906578,6.122133079614298,5.988753398078323,6.068780899047852,1044556,0.0,0.0
1994-10-12,6.055439768665855,6.095453494524259,5.9887497123154025,6.042101860046387,643075,0.0,0.0
1994-10-13,6.108791025344933,6.135466840934101,6.068776788708102,6.0821146965026855,874583,0.0,0.0
1994-10-14,6.10879451560441,6.122132431019612,6.055442853943606,6.095456600189209,1360798,0.0,0.0
1994-10-17,6.108795162786043,6.108795162786043,6.028767148563087,6.068780899047852,575489,0.0,0.0
1994-10-18,6.082114696502686,6.082114696502686,6.042101486372015,6.0821146965026855,472093,0.0,0.0
1994-10-19,6.068778467966629,6.175482273101807,6.042103158249363,6.175482273101807,1359789,0.0,0.0
1994-10-20,6.175481879979605,6.20215821450514,6.095454416162571,6.148806571960449,1141900,0.0,0.0
1994-10-21,6.135467827083151,6.148806250274689,6.082115674076485,6.122129917144775,715705,0.0,0.0
1994-10-24,6.1354681261697985,6.162144460600109,6.082115970562366,6.108792304992676,1091967,0.0,0.0
1994-10-25,6.028763438173807,6.082115072651679,6.002087620934871,6.042101860046387,1409722,0.0,0.0
1994-10-26,6.068778259212746,6.068778259212746,5.975412368774414,5.975412368774414,1106090,0.0,0.0
1994-10-27,5.988752237765559,6.015428066253662,5.962075896024127,6.015428066253662,915437,0.0,0.0
1994-10-28,6.015426822025652,6.202158609325518,6.015426822025652,6.175482273101807,1247314,0.0,0.0
1994-10-31,6.202158805245686,6.282186276685142,6.202158805245686,6.228834629058838,1416783,0.0,0.0
1994-11-01,6.215497430523252,6.22883534396066,6.108793609770693,6.135469436645508,1244792,0.0,0.0
1994-11-02,6.108791025344933,6.175480564317852,6.082114696502686,6.0821146965026855,959317,0.0,0.0
1994-11-03,6.1087944713327476,6.122132386651287,6.055442810058594,6.055442810058594,479154,0.0,0.0
1994-11-04,6.0821181715206345,6.1488087751033875,6.068780256105433,6.095456600189209,922498,0.0,0.0
1994-11-07,6.122132431019612,6.122132431019612,6.055442853943606,6.095456600189209,866008,0.0,0.0
1994-11-08,6.108797230694419,6.175486837411004,6.082120874754184,6.162149429321289,782787,0.0,0.0
1994-11-09,6.2154995724350135,6.228837490468776,6.17548530508025,6.188823223114014,1302291,0.0,0.0
1994-11-10,6.20216319335124,6.268853313321425,6.162149429321288,6.162149429321289,1241262,0.0,0.0
1994-11-11,6.122130215581238,6.1354681261697985,6.0687780599738055,6.108792304992676,616344,0.0,0.0
1994-11-14,6.122128933139518,6.1488052619817655,6.068776788708102,6.0821146965026855,1201921,0.0,0.0
1994-11-15,6.122132431019612,6.162146690518588,6.0821181715206345,6.095456600189209,751516,0.0,0.0
1994-11-16,6.095456600189209,6.135470346434813,6.0821181715206345,6.095456600189209,713688,0.0,0.0
1994-11-17,6.095454394404115,6.1354681261697985,6.095454394404115,6.108792304992676,600204,0.0,0.0
1994-11-18,6.108792304992677,6.1354681261697985,6.0687780599738055,6.108792304992676,744959,0.0,0.0
1994-11-21,6.1354681261697985,6.1354681261697985,6.055440662638432,6.108792304992676,960830,0.0,0.0
1994-11-22,6.095456600189209,6.1888220080956176,6.0821181715206345,6.095456600189209,1176702,0.0,0.0
1994-11-23,5.975414674935657,5.975414674935657,5.85537291611532,5.935401439666748,2168803,0.0,0.0
1994-11-25,5.935399148948279,5.975412368774414,5.935399148948279,5.975412368774414,395428,0.0,0.0
1994-11-28,5.962073354152808,6.015425501636178,5.935398050290786,6.002087593078613,881139,0.0,0.0
1994-11-29,5.988752237765559,6.015428066253662,5.962075896024127,6.015428066253662,934603,0.0,0.0
1994-11-30,6.0020890049607445,6.0154269166558105,5.9487373581804786,5.9620747566223145,1225122,0.0,0.0
1994-12-01,5.948738505836652,5.962075906851597,5.828696250915527,5.828696250915527,999667,0.0,0.0
1994-12-02,5.842033301538506,5.908722857161932,5.842033301538506,5.868708610534668,1320953,0.0,0.0
1994-12-05,5.8820484212419535,5.8820484212419535,5.828696250915527,5.828696250915527,636014,0.0,0.0
1994-12-06,5.868709279495418,5.988751519807341,5.855371366850375,5.922061443328857,764629,0.0,0.0
1994-12-07,5.8953864040351265,5.9487385749816895,5.8953864040351265,5.9487385749816895,519504,0.0,0.0
1994-12-08,5.922065870811616,5.935404306682069,5.802024054006732,5.815361976623535,622900,0.0,0.0
1994-12-09,5.815357743362935,5.815357743362935,5.695316013941828,5.708653926849365,986049,0.0,0.0
1994-12-12,5.697954233413538,5.711329648799698,5.617701226400174,5.6444525718688965,2492611,0.02974,0.0
1994-12-13,5.72470610708,5.938713821638066,5.72470610708,5.911962985992432,1917626,0.0,0.0
1994-12-14,5.8852110046864965,6.018966197967529,5.8852110046864965,6.018966197967529,1525224,0.0,0.0
1994-12-15,5.978834102504982,6.045711639507742,5.978834102504982,6.032336235046387,1397113,0.0,0.0
1994-12-16,6.0590922151424484,6.085842529927083,6.018965456224556,6.045716285705566,2436625,0.0,0.0
1994-12-19,5.992209506966338,6.0590875586650785,5.978834102504982,6.032336235046387,1270515,0.0,0.0
1994-12-20,6.032339531809178,6.085841178894043,6.018964120037962,6.085841178894043,1963524,0.0,0.0
1994-12-21,6.059092322052785,6.246348646420304,6.059092322052785,6.219597816467285,1689649,0.0,0.0
1994-12-22,6.219597816467285,6.299850306326342,6.19284647181788,6.219597816467285,1355754,0.0,0.0
1994-12-23,6.219600063132648,6.259726322556722,6.206224128628052,6.232975482940674,574985,0.0,0.0
1994-12-27,6.273101939258073,6.353354454040528,6.273101939258073,6.353354454040527,659215,0.0,0.0
1994-12-28,6.3399745307216975,6.393476169233487,6.299847787141676,6.32659912109375,1091967,0.0,0.0
1994-12-29,6.313225495881069,6.313225495881069,6.2597238378853755,6.28647518157959,483189,0.0,0.0
1994-12-30,6.299846546451364,6.3132219534451615,6.246344918476172,6.259720325469971,475119,0.0,0.0
1995-01-03,6.232969511482374,6.25972032546997,6.152716554823509,6.259720325469971,1184267,0.0,0.0
1995-01-04,6.246350902748698,6.286477676869344,6.219600063132648,6.232975482940674,1073810,0.0,0.0
1995-01-05,6.27310037612915,6.286475791926678,6.23297361404015,6.27310037612915,1010763,0.0,0.0
1995-01-06,6.27310037612915,6.299850693027789,6.23297361404015,6.27310037612915,1788506,0.0,0.0
1995-01-09,6.2597244456352055,6.286475791926678,6.246349029837678,6.27310037612915,542705,0.0,0.0
1995-01-10,6.299847880961814,6.3934762644479814,6.273097576003722,6.366725444793701,1352728,0.0,0.0
1995-01-11,6.42022723405548,6.460353979170303,6.393476413776398,6.446978569030762,1730503,0.0,0.0
1995-01-12,6.393480934605254,6.540611579568648,6.393480934605254,6.51386022567749,2113322,0.0,0.0
1995-01-13,6.527234444139406,6.527234444139406,6.446981941323612,6.4871087074279785,2497654,0.0,0.0
1995-01-16,6.48710990117946,6.5941137726544,6.48710990117946,6.51386022567749,1801115,0.0,0.0
1995-01-17,6.460356673655087,6.460356673655087,6.38010417934614,6.420229911804199,1795567,0.0,0.0
1995-01-18,6.393477916717529,6.420228743285039,6.366727090150021,6.393477916717529,841798,0.0,0.0
1995-01-19,6.366727433825013,6.420229089848043,6.326601191807742,6.406853675842285,898792,0.0,0.0
1995-01-20,6.420229326568822,6.420229326568822,6.2597238378853755,6.28647518157959,1442002,0.0,0.0
1995-01-23,6.259724691734212,6.32660228804754,6.246349275410835,6.299850940704346,1424349,0.0,0.0
1995-01-24,6.326605020812418,6.35335586501415,6.313229084014893,6.313229084014893,634501,0.0,0.0
1995-01-25,6.286471654153645,6.3132219534451615,6.25972032546997,6.259720325469971,988066,0.0,0.0
1995-01-26,6.25972739561143,6.339980442913284,6.25972739561143,6.313229084014893,641058,0.0,0.0
1995-01-27,6.339977704370917,6.393479369664429,6.259724691734212,6.299850940704346,939647,0.0,0.0
1995-01-30,6.299850693027789,6.299850693027789,6.2597244456352055,6.27310037612915,690991,0.0,0.0
1995-01-31,6.286475130010331,6.366727616345542,6.273099715621129,6.339976787567139,1649299,0.0,0.0
1995-02-01,6.339980442913284,6.35335586501415,6.25972739561143,6.313229084014893,1124751,0.0,0.0
1995-02-02,6.299849509034928,6.393477916717529,6.2864746104474944,6.393477916717529,802962,0.0,0.0
1995-02-03,6.40685723378731,6.4737348556518555,6.393481812353728,6.4737348556518555,2058346,0.0,0.0
1995-02-06,6.487108816902195,6.59411267049215,6.487108816902195,6.5272345542907715,1265976,0.0,0.0
1995-02-07,6.500483719567402,6.5272345542907715,6.460357467482348,6.5272345542907715,1315404,0.0,0.0
1995-02-08,6.527235197322181,6.580737386736173,6.527235197322181,6.553986549377441,1259923,0.0,0.0
1995-02-09,6.553984033933417,6.594110789267241,6.513857278599592,6.567359447479248,640049,0.0,0.0
1995-02-10,6.553982863549883,6.567358274707187,6.487105807763359,6.540607452392578,546740,0.0,0.0
1995-02-13,6.540607212790306,6.660986423492432,6.527231287426763,6.660986423492432,796405,0.0,0.0
1995-02-14,6.660984095145775,6.660984095145775,6.580731144498032,6.607481956481934,722766,0.0,0.0
1995-02-15,6.5941111355485855,6.620861449348675,6.553984378107556,6.580735206604004,1176197,0.0,0.0
1995-02-16,6.580735206604004,6.5941111355485855,6.540608963859332,6.580735206604004,1053131,0.0,0.0
1995-02-17,6.580734861025078,6.594110789267241,6.567359447479247,6.567359447479248,855921,0.0,0.0
1995-02-21,6.553986999165946,6.5941137726544,6.473733966885599,6.51386022567749,1090454,0.0,0.0
1995-02-22,6.500482206418302,6.607486035100451,6.500482206418302,6.580735206604004,1138370,0.0,0.0
1995-02-23,6.5807334447922745,6.70111317019062,6.567358034124951,6.660986423492432,1934774,0.0,0.0
1995-02-24,6.674362260576176,6.727863906663619,6.6074846882706195,6.6208600997924805,1238235,0.0,0.0
1995-02-27,6.620864630240738,6.620864630240738,6.567362947543786,6.594114303588867,642067,0.0,0.0
1995-02-28,6.594114303588866,6.607489209566499,6.527236170824467,6.594114303588867,983023,0.0,0.0
1995-03-01,6.580734861025078,6.580734861025078,6.527232692145423,6.567359447479248,1437463,0.0,0.0
1995-03-02,6.56735979235578,6.5941111355485855,6.553984378107556,6.580735206604004,1286151,0.0,0.0
1995-03-03,6.553983220150325,6.674362441812107,6.527231881683944,6.647611618041992,1276063,0.0,0.0
1995-03-06,6.674362260576176,6.674362260576176,6.594109791445012,6.6208600997924805,838772,0.0,0.0
1995-03-07,6.6208599193364055,6.6208599193364055,6.51385611538173,6.540607452392578,1267993,0.0,0.0
1995-03-08,6.553985903710618,6.553985903710618,6.487108816902195,6.5272345542907715,1247818,0.0,0.0
1995-03-09,6.540607452392577,6.567358274707187,6.527231526539034,6.540607452392578,954273,0.0,0.0
1995-03-10,6.567361365497415,6.794744491577149,6.553985948045251,6.794744491577148,2039684,0.0,0.0
1995-03-13,6.784019277157773,6.918090677944517,6.784019277157773,6.81083345413208,2487063,0.02974,0.0
1995-03-14,6.837645163824546,6.837645163824546,6.7035738114158345,6.716981410980225,1363824,0.0,0.0
1995-03-15,6.71698211307958,6.71698211307958,6.676760342012231,6.690167427062988,995632,0.0,0.0
1995-03-16,6.703576846105772,6.784019900333347,6.703576846105772,6.730391025543213,1168128,0.0,0.0
1995-03-17,6.757204584268259,6.851054719593542,6.743797495781106,6.81083345413208,1954949,0.0,0.0
1995-03-20,6.851050376892091,6.904679212761997,6.837643296903334,6.85105037689209,1224113,0.0,0.0
1995-03-21,6.864459292310172,6.958309393240127,6.851052208736609,6.8912739753723145,1152996,0.0,0.0
1995-03-22,6.86445951461792,6.8778671145407095,6.784017010571388,6.86445951461792,1228652,0.0,0.0
1995-03-23,6.864463590950034,6.864463590950034,6.770613947164907,6.797428131103516,885174,0.0,0.0
1995-03-24,6.797422056937064,6.93149337273951,6.743793221067158,6.85105037689209,1391565,0.0,0.0
1995-03-27,6.864459872722986,6.971717066295456,6.85105278801581,6.9449028968811035,1580200,0.0,0.0
1995-03-28,6.931495812173928,6.95830998158828,6.904681642759576,6.9449028968811035,568428,0.0,0.0
1995-03-29,6.944903042270452,7.0253460681126185,6.9314959572826025,6.958310127258301,2852228,0.0,0.0
1995-03-30,6.971720842619805,6.971720842619805,6.7437992473109585,6.797428131103516,1431410,0.0,0.0
1995-03-31,6.784018746578465,6.784018746578465,6.649946840362302,6.757204055786133,1917121,0.0,0.0
1995-04-03,6.770611659139882,6.770611659139882,6.716983309385551,6.757204055786133,606256,0.0,0.0
1995-04-04,6.770613947164907,6.797428131103515,6.730392155341655,6.797428131103516,649632,0.0,0.0
1995-04-05,6.7974281553353215,6.7974281553353215,6.690170903283194,6.703577995300293,702591,0.0,0.0
1995-04-06,6.649942186797996,6.703571014938566,6.6231280306851135,6.676756858825684,1283629,0.0,0.0
1995-04-07,6.703573667972849,6.757202001422787,6.663352417885396,6.743794918060303,819102,0.0,0.0
1995-04-10,6.716984358543999,6.810833985272909,6.716984358543999,6.770612716674805,706626,0.0,0.0
1995-04-11,6.797428131103515,6.837649407011426,6.7437992473109585,6.797428131103516,1123743,0.0,0.0
1995-04-12,6.78401927762736,6.944904855399547,6.78401927762736,6.904683589935303,1194355,0.0,0.0
1995-04-13,6.904679504228728,7.0119366645813,6.891272423674019,7.011936664581299,1408713,0.0,0.0
1995-04-17,7.011938470533297,7.011938470533297,6.797424094579143,6.86445951461792,1045061,0.0,0.0
1995-04-18,6.877866707608533,6.8912737908230515,6.7840166091918945,6.7840166091918945,839276,0.0,0.0
1995-04-19,6.797425834017048,6.797425834017048,6.743796968347549,6.757204055786133,844825,0.0,0.0
1995-04-20,6.770612810614627,6.770612810614627,6.703576846105772,6.730391025543213,926533,0.0,0.0
1995-04-21,6.757202001422787,6.784016684062766,6.716981267250343,6.743794918060303,935107,0.0,0.0
1995-04-24,6.770609926563632,6.86445951461792,6.7437952426330865,6.86445951461792,1221591,0.0,0.0
1995-04-25,6.837645346602409,6.86445951461792,6.7437952426330865,6.86445951461792,1242270,0.0,0.0
1995-04-26,6.837643296903334,6.864457456880847,6.810829136925821,6.85105037689209,559349,0.0,0.0
1995-04-27,6.810834984443026,6.824242591857911,6.7572061025294525,6.82424259185791,1222600,0.0,0.0
1995-04-28,6.797423874442359,6.904681058945877,6.770609707295233,6.8912739753723145,685947,0.0,0.0
1995-05-01,6.8912743840906545,6.8912743840906545,6.797424277594492,6.837645530700684,834737,0.0,0.0
1995-05-02,6.864459699438145,6.864459699438145,6.784017193225761,6.837645530700684,908880,0.0,0.0
1995-05-03,6.837645703308635,6.944902896881104,6.82423913451652,6.9449028968811035,792370,0.0,0.0
1995-05-04,6.971717834472656,7.078975555778356,6.958310748288223,6.971717834472656,1825830,0.0,0.0
1995-05-05,6.97171647681369,6.97171647681369,6.8912739753723145,6.8912739753723145,1047078,0.0,0.0
1995-05-08,6.9314969535530455,6.944904040467907,6.891275692808459,6.918089866638184,916950,0.0,0.0
1995-05-09,6.918088872294754,6.99853189813692,6.918088872294754,6.958310127258301,1629124,0.0,0.0
1995-05-10,6.971717834472656,7.0119396089410735,6.931496575919358,6.971717834472656,1022868,0.0,0.0
1995-05-11,6.971717066295456,6.971717066295456,6.904681642759576,6.9449028968811035,1318431,0.0,0.0
1995-05-12,6.931494597589536,6.971715844663219,6.877866268157959,6.877866268157959,1284638,0.0,0.0
1995-05-15,6.8912743840906545,6.904681468459385,6.824238962247001,6.837645530700684,2073981,0.0,0.0
1995-05-16,6.851056258941712,6.864463350441275,6.810834984443026,6.82424259185791,1496474,0.0,0.0
1995-05-17,6.810832921455631,6.810832921455631,6.743796968347549,6.757204055786133,1642238,0.0,0.0
1995-05-18,6.730388657183788,6.757202827185578,6.596317291259766,6.596317291259766,2271695,0.0,0.0
1995-05-19,6.596314084141715,6.690164149433291,6.5829070056593215,6.649942398071289,1605923,0.0,0.0
1995-05-22,6.6499416142841055,6.730384591611976,6.623127460479736,6.623127460479736,2990427,0.0,0.0
1995-05-23,6.649944521020819,6.649944521020819,6.529280260243212,6.582909107208252,4255394,0.0,0.0
1995-05-24,6.582911106980111,6.623132367486158,6.489060983217525,6.502468585968018,3494800,0.0,0.0
1995-05-25,6.5158768146277675,6.58291278177464,6.489062634135129,6.56950569152832,2437130,0.0,0.0
1995-05-26,6.569505928147646,6.58291301887686,6.515877049315497,6.542691230773926,1191833,0.0,0.0
1995-05-30,6.59631987202096,6.623134052513598,6.542690995120407,6.56950569152832,1466212,0.0,0.0
1995-05-31,6.596313874572231,6.703571014938566,6.54268504643166,6.676756858825684,1942340,0.0,0.0
1995-06-01,6.690163936882125,6.716978608909813,6.6231280306851135,6.676756858825684,1323474,0.0,0.0
1995-06-02,6.64994565599564,6.770610453282613,6.623131485894123,6.690167427062988,2814905,0.0,0.0
1995-06-05,6.690169663563348,6.797426895740207,6.690169663563348,6.770612716674805,1938809,0.0,0.0
1995-06-06,6.757201926847853,6.7840166091918945,6.7169811931193,6.7840166091918945,1746643,0.0,0.0
1995-06-07,6.784018746578465,6.784018746578465,6.730389880908967,6.757204055786133,1372399,0.0,0.0
1995-06-08,6.784019900333347,6.797426990052067,6.716984451739747,6.730391025543213,1055148,0.0,0.0
1995-06-09,6.703573667972849,6.743794918060303,6.663352417885396,6.743794918060303,1176702,0.0,0.0
1995-06-12,6.757201926847853,6.810830775620933,6.757201926847853,6.7840166091918945,918967,0.0,0.0
1995-06-13,6.810829136925821,6.864457456880847,6.797422056937064,6.85105037689209,1004711,0.0,0.0
1995-06-14,6.842987417136637,6.856430817894298,6.695103283480667,6.7488789558410645,1783462,0.034697,0.0
1995-06-15,6.748881291837009,6.77576913732392,6.695105600863187,6.721993446350098,690991,0.0,0.0
1995-06-16,6.735431601719996,6.735431601719996,6.62787980279432,6.695099353790283,3580039,0.0,0.0
1995-06-19,6.695102418204212,6.802654266357422,6.681658501851608,6.802654266357422,1078349,0.0,0.0
1995-06-20,6.842988082158283,6.869875403619032,6.829543645429175,6.856431484222412,2113827,0.0,0.0
1995-06-21,6.869875403619032,6.88331932301565,6.829543645429175,6.856431484222412,2425529,0.0,0.0
1995-06-22,6.869874954223634,6.9102072271076285,6.8564310357064535,6.869874954223633,2356934,0.0,0.0
1995-06-23,6.896763691273783,6.896763691273783,6.842988014221191,6.842988014221191,1224113,0.0,0.0
1995-06-26,6.842988014221191,6.896763691273783,6.842988014221191,6.842988014221191,1137361,0.0,0.0
1995-06-27,6.82954534563036,6.82954534563036,6.721993446350098,6.721993446350098,1431410,0.0,0.0
1995-06-28,6.614439285727222,6.762322902679443,6.60099536757997,6.762322902679443,2834575,0.0,0.0
1995-06-29,6.762322902679443,6.7757668208266955,6.721991148237685,6.762322902679443,1032956,0.0,0.0
1995-06-30,6.735435583717378,6.789211256306389,6.735435583717378,6.762322902679443,896775,0.0,0.0
1995-07-03,6.762324358986814,6.775768280029296,6.735437034234402,6.775768280029297,454440,0.0,0.0
1995-07-05,6.762322873931164,6.802655145533901,6.721991119660866,6.7488789558410645,1452089,0.0,0.0
1995-07-06,6.762321999967236,6.8429865327476085,6.735434684594399,6.802654266357422,1910564,0.0,0.0
1995-07-07,6.802655460788923,6.937095165252686,6.789211542075794,6.9370951652526855,2287835,0.0,0.0
1995-07-10,6.923651529800078,6.923651529800078,6.816099658362412,6.842988014221191,1450576,0.0,0.0
1995-07-11,6.8564310357064535,6.896763308590448,6.829543198672093,6.869874954223633,1161571,0.0,0.0
1995-07-12,6.869875445285897,6.923651640531023,6.802655847895107,6.896763801574707,2776068,0.0,0.0
1995-07-13,6.896763409113296,6.950539083965816,6.883318973067703,6.9370951652526855,1577174,0.0,0.0
1995-07-14,6.9102044105529785,6.923648323590506,6.86987215410815,6.9102044105529785,2680237,0.0,0.0
1995-07-17,6.9102044105529785,6.923648323590506,6.883316067145678,6.9102044105529785,1197886,0.0,0.0
1995-07-18,6.910205819439967,6.91356692771769,6.8698735547719965,6.883317470550537,1291195,0.0,0.0
1995-07-19,6.883318505994837,6.883318505994837,6.654770868714977,6.68165922164917,2383162,0.0,0.0
1995-07-20,6.695102266688097,6.762321846929881,6.681658350639739,6.735434532165527,1548929,0.0,0.0
1995-07-21,6.721994043003111,6.8295459518298225,6.6951061951296,6.816102027893066,2246981,0.0,0.0
1995-07-24,6.816101098952594,6.8698767873707345,6.80265717684806,6.829545021057129,1303804,0.0,0.0
1995-07-25,6.802658712683785,6.923654556274415,6.802658712683785,6.923654556274414,1913086,0.0,0.0
1995-07-26,6.937095165252686,6.977426921392076,6.937095165252686,6.9370951652526855,1535815,0.0,0.0
1995-07-27,6.963984966278077,7.017761173626061,6.937097121270389,6.963984966278076,2632826,0.0,0.0
1995-07-28,6.9505410437742325,6.963984966278077,6.923653198766545,6.963984966278076,1865675,0.0,0.0
1995-07-31,6.950537566775587,7.031201578779177,6.8698735547719965,6.883317470550537,2126940,0.0,0.0
1995-08-01,6.896760497515451,6.9102044105529785,6.842984845365339,6.9102044105529785,1832891,0.0,0.0
1995-08-02,6.95053947948734,6.977427318443656,6.869875445285897,6.896763801574707,1924687,0.0,0.0
1995-08-03,6.883316067145678,6.9102044105529785,6.816096501958039,6.9102044105529785,1596844,0.0,0.0
1995-08-04,6.937097121270389,6.990872811285764,6.923653198766545,6.963984966278076,941664,0.0,0.0
1995-08-07,6.990874181973259,6.990874181973259,6.910210631134646,6.923654556274414,556828,0.0,0.0
1995-08-08,6.923651145624809,6.923651145624809,6.8564310357064535,6.869874954223633,577507,0.0,0.0
1995-08-09,6.896762078539758,6.9774255752563485,6.8833176450879625,6.977425575256348,753029,0.0,0.0
1995-08-10,7.031198062532788,7.084973698754179,7.031198062532788,7.044641971588135,1569608,0.0,0.0
1995-08-11,7.071536912872074,7.071536912872074,6.96398501475996,6.990872859954834,2063389,0.0,0.0
1995-08-14,6.990872467599585,7.0580925941467285,6.9639846239137615,7.0580925941467285,1982690,0.0,0.0
1995-08-15,7.098421096801758,7.152197272867925,6.99759096067731,7.098421096801758,3118537,0.0,0.0
1995-08-16,7.1387570549507995,7.192532745429129,7.058093001900691,7.1858110427856445,1457638,0.0,0.0
1995-08-17,7.19252853210563,7.19252853210563,7.071532782075081,7.111865043640137,3632493,0.0,0.0
1995-08-18,7.111867064087875,7.179086656905887,7.098423145524272,7.165642738342285,2089617,0.0,0.0
1995-08-21,7.165642738342284,7.1925305754694895,7.152199337111139,7.165642738342285,2212179,0.0,0.0
1995-08-22,7.165640670219082,7.179084584902546,7.07153275010252,7.098421096801758,1931244,0.0,0.0
1995-08-23,7.138753810168558,7.152198244009846,7.071533710291626,7.084977626800537,1743113,0.0,0.0
1995-08-24,7.098422060641826,7.098422060641826,7.004314127747072,7.084977626800537,996641,0.0,0.0
1995-08-25,7.098420594246274,7.098420594246274,7.044644421987364,7.071532249450684,609282,0.0,0.0
1995-08-28,7.0446490186337485,7.071536863641437,6.963984966278077,6.963984966278076,1066244,0.0,0.0
1995-08-29,6.963986331693722,6.963986331693722,6.8564344132428605,6.923654556274414,1191833,0.0,0.0
1995-08-30,6.896763409113296,6.963983002678946,6.869875054354574,6.9370951652526855,1333562,0.0,0.0
1995-08-31,6.937097169565083,7.044649067677198,6.910209324370208,6.990872859954834,1761774,0.0,0.0
1995-09-01,7.017757091368661,7.138752840852153,7.017757091368661,7.098421096801758,1350711,0.0,0.0
1995-09-05,7.111869484277256,7.21942138671875,7.098425561138648,7.21942138671875,1406192,0.0,0.0
1995-09-06,7.21942298398818,7.367306688564196,7.2059790578751555,7.353862762451172,2117357,0.0,0.0
1995-09-07,7.42107343673706,7.461405163589359,7.367297283601907,7.4210734367370605,987562,0.0,0.0
1995-09-08,7.447967529296874,7.461411449573684,7.340415649749871,7.447967529296875,1126769,0.0,0.0
1995-09-11,7.421082407318799,7.447970257722284,7.259754787565182,7.340418338775635,2040188,0.0,0.0
1995-09-12,7.3941878615071985,7.474851862653066,7.326968291662543,7.367300033569336,1737564,0.0,0.0
1995-09-13,7.372690987561767,7.372690987561767,7.157036400883647,7.224428653717041,2095669,0.034697,0.0
1995-09-14,7.237910616998608,7.440086957859594,7.224432263428881,7.426608085632324,2749841,0.0,0.0
1995-09-15,7.426603995194894,7.440082859998252,7.359212264464391,7.386168956756592,2883500,0.0,0.0
1995-09-18,7.359218120574952,7.3861748343180045,7.332261406831899,7.359218120574951,1160058,0.0,0.0
1995-09-19,7.440082324444626,7.642258020740336,7.426603460611506,7.57486629486084,2863829,0.0,0.0
1995-09-20,7.547913555013146,7.561391907243483,7.42660734762513,7.467042922973633,1195868,0.0,0.0
1995-09-21,7.4805205815168705,7.52095563445824,7.440085528575501,7.507477283477783,869034,0.0,0.0
1995-09-22,7.5074814545431,7.601830482482909,7.480524737605363,7.60183048248291,1402157,0.0,0.0
1995-09-25,7.601826479982488,7.601826479982488,7.480520798974599,7.547913074493408,1656865,0.0,0.0
1995-09-26,7.574876148951721,7.60183287437129,7.440092003195978,7.453570365905762,2947051,0.0,0.0
1995-09-27,7.453564906853295,7.520956671043934,7.345737565490756,7.4131293296813965,2074990,0.0,0.0
1995-09-28,7.386178033698943,7.480527091325332,7.386178033698943,7.453570365905762,1138370,0.0,0.0
1995-09-29,7.4400874103332315,7.494000827890917,7.345738410949708,7.345738410949707,1867693,0.0,0.0
1995-10-02,7.372691721022495,7.49399737326468,7.3592133728463995,7.440083980560303,2010430,0.0,0.0
1995-10-03,7.453564906853295,7.4670432596914225,7.332259212652628,7.4131293296813965,1392069,0.0,0.0
1995-10-04,7.399652155986242,7.399652155986242,7.3322603810566465,7.372695446014404,1520180,0.0,0.0
1995-10-05,7.372694671353417,7.426608085632324,7.332259610644237,7.426608085632324,1540355,0.0,0.0
1995-10-06,7.453564022771376,7.507477427729113,7.440085671531942,7.480520725250244,798927,0.0,0.0
1995-10-09,7.493998932497327,7.5479128550765955,7.399649956976689,7.507477283477783,1561034,0.0,0.0
1995-10-10,7.480520725250245,7.480520725250245,7.399650099156187,7.480520725250244,1857605,0.0,0.0
1995-10-11,7.507477501719139,7.601826479982488,7.493999150346869,7.547913074493408,1330536,0.0,0.0
1995-10-12,7.588346227522168,7.750086922126406,7.588346227522168,7.723130226135254,1592305,0.0,0.0
1995-10-13,7.750090346735762,7.804003762541321,7.6826985769788125,7.709655284881592,1389547,0.0,0.0
1995-10-16,7.7231309132150905,7.7231309132150905,7.642260299389742,7.6826958656311035,785309,0.0,0.0
1995-10-17,7.696176233848554,7.696176233848554,7.588349404737236,7.6557416915893555,1132317,0.0,0.0
1995-10-18,7.669214402453436,7.830955045774111,7.6557360587314776,7.736606121063232,1081880,0.0,0.0
1995-10-19,7.736609582567219,7.830958549491592,7.709652883062368,7.804001331329346,1031947,0.0,0.0
1995-10-20,7.803998641352391,7.85791254043579,7.790520814903062,7.857912540435791,1001180,0.0,0.0
1995-10-23,7.83095645904541,7.857913151354267,7.723129171152726,7.83095645904541,1155518,0.0,0.0
1995-10-24,7.857915340901577,7.9522643089294425,7.844436990991511,7.952264308929443,1279594,0.0,0.0
1995-10-25,7.952261474838828,7.965739819945373,7.85791254043579,7.857912540435791,1123743,0.0,0.0
1995-10-26,7.830957528757189,7.857914224748341,7.723130226135254,7.723130226135254,880635,0.0,0.0
1995-10-27,7.750088543500844,7.763567412973625,7.655740087793436,7.696174621582031,1136856,0.0,0.0
1995-10-30,7.709653638492124,7.790524263588173,7.696174768761577,7.750088691711426,1065235,0.0,0.0
1995-10-31,7.750090346735762,7.763569219344709,7.709655284881592,7.709655284881592,1012276,0.0,0.0
1995-11-01,7.7231316498283835,7.7231316498283835,7.615304327329406,7.642261028289795,1131813,0.0,0.0
1995-11-02,7.6557416915893555,7.709655106145014,7.6422628192928945,7.6557416915893555,1631646,0.0,0.0
1995-11-03,7.655742361656618,7.709655780931038,7.615306778543212,7.628785133361816,1526737,0.0,0.0
1995-11-06,7.628784642515695,7.736611992784372,7.601827934612916,7.709655284881592,1155518,0.0,0.0
1995-11-07,7.709652564020428,7.750087611604415,7.6826958656311035,7.6826958656311035,1746139,0.0,0.0
1995-11-08,7.6826958656311035,7.696173696168391,7.5344329871750695,7.6826958656311035,1702763,0.0,0.0
1995-11-09,7.669218585272824,7.763567561441973,7.628783013396076,7.750088691711426,1050104,0.0,0.0
1995-11-10,7.723131989565225,7.817480965734374,7.682696936345923,7.750088691711426,1142405,0.0,0.0
1995-11-13,7.763570308685303,7.817483732055691,7.7366130783424785,7.763570308685303,629457,0.0,0.0
1995-11-14,7.777045249938965,7.8713942180699235,7.750088031431974,7.777045249938965,1063218,0.0,0.0
1995-11-15,7.763566891531113,7.9522643089294425,7.750088022963645,7.952264308929443,1405687,0.0,0.0
1995-11-16,7.938787378675419,8.114006996154785,7.911830155377251,8.114006996154785,2487063,0.0,0.0
1995-11-17,8.140963125340921,8.464445114135742,8.140963125340921,8.464445114135742,2381649,0.0,0.0
1995-11-20,8.424007639842202,8.424007639842202,8.1813958289546,8.208353042602539,1668970,0.0,0.0
1995-11-21,8.181401147755643,8.289229035132644,8.140966078982503,8.275750160217285,1861640,0.0,0.0
1995-11-22,8.248786557137334,8.302700455789248,8.208351522141308,8.235307693481445,1739582,0.0,0.0
1995-11-24,8.24879045044291,8.262268801803165,8.208355396362144,8.221833229064941,295562,0.0,0.0
1995-11-27,8.248789654738815,8.370095323937043,8.19487625449845,8.356616973876953,1659891,0.0,0.0
1995-11-28,8.343140454304862,8.397054385031371,8.316183748270369,8.370097160339355,1194355,0.0,0.0
1995-11-29,8.370097160339355,8.397054385031371,8.289227042235876,8.370097160339355,1172667,0.0,0.0
1995-11-30,8.410530632669413,8.585749696689156,8.410530632669413,8.572271347045898,2212684,0.0,0.0
1995-12-01,8.680103693708675,8.680103693708675,8.599233030320299,8.612711906433105,1961506,0.0,0.0
1995-12-04,8.558797957954958,8.626190263888219,8.504884528134504,8.612711906433105,1509084,0.0,0.0
1995-12-05,8.612713125314835,8.814888515753651,8.599234247294481,8.801410675048828,1814229,0.0,0.0
1995-12-06,8.801407662754215,8.86879995515981,8.70705866084942,8.828364372253418,1827847,0.0,0.0
1995-12-07,8.801405629189821,8.88227677631733,8.760970055626068,8.824993133544922,1014294,0.0,0.0
1995-12-08,8.787928813040944,8.841842225820843,8.74749323479849,8.760971069335938,735880,0.0,0.0
1995-12-11,8.760973838439357,8.78793159066497,8.612711906433105,8.612711906433105,898792,0.0,0.0
1995-12-12,8.531838433861358,8.558795139895851,8.316183748270369,8.370097160339355,1740086,0.0,0.0
1995-12-13,8.43225649427213,8.43225649427213,8.080912083679577,8.243070602416992,4713364,0.039653,0.0
1995-12-14,8.107941587683355,8.107941587683355,7.95929566691082,7.972808837890625,3230004,0.0,0.0
1995-12-15,7.999838266885273,7.999838266885273,7.918758694991788,7.945785045623779,2837097,0.0,0.0
1995-12-18,7.945778699191104,7.945778699191104,7.770106520400585,7.8106465339660645,1368364,0.0,0.0
1995-12-19,7.810646897416142,7.824159542570619,7.567408884693142,7.594435214996338,2787669,0.0,0.0
1995-12-20,7.621462944121486,7.716055117543853,7.526870250701904,7.526870250701904,2476975,0.0,0.0
1995-12-21,7.540384394138772,7.932267866165498,7.540384394138772,7.89172887802124,2916788,0.0,0.0
1995-12-22,7.864696383199806,7.878209542896408,7.729564266236877,7.797130584716797,2217223,0.0,0.0
1995-12-26,7.797137973581206,7.905243873596192,7.783624801079008,7.905243873596191,1860631,0.0,0.0
1995-12-27,7.891728207525277,7.905241375757686,7.837675014598402,7.8511881828308105,660224,0.0,0.0
1995-12-28,7.8511897790750425,8.01334887082738,7.837676608095238,7.972808837890625,1706293,0.0,0.0
1995-12-29,7.999831049848405,8.040370019226703,7.972804203601135,8.026857376098633,1081375,0.0,0.0
1996-01-02,7.999836034250747,8.026862377340091,7.891730141896008,7.918756484985352,1313135,0.0,2.0
1996-01-03,7.972805303345044,8.026858483298469,7.891726313410579,7.9998321533203125,2311541,0.0,0.0
1996-01-04,7.972805303345044,8.134964323208202,7.891726313410579,7.9998321533203125,2644175,0.0,0.0
1996-01-05,7.945781600352919,8.107940673828125,7.810649385788438,8.107940673828125,2591468,0.0,0.0
1996-01-08,8.107940673828125,8.134967012741564,8.026861137090522,8.107940673828125,346000,0.0,0.0
1996-01-09,8.107937455117336,8.405228105140495,8.053884278751347,8.256582260131836,2235128,0.0,0.0
1996-01-10,8.243073108329414,8.48631174037638,8.189020425650531,8.216047286987305,2676959,0.0,0.0
1996-01-11,8.324149599407887,8.540361277314584,8.297122749671718,8.486308097839355,2536995,0.0,0.0
1996-01-12,8.513338317858123,8.648471068298294,8.134967968618746,8.405232429504395,2246477,0.0,0.0
1996-01-15,8.378205055708841,8.432258253228175,7.837675680501906,7.89172887802124,1501014,0.0,0.0
1996-01-16,7.999832153320313,8.026858483298469,7.702540963569266,7.9998321533203125,3179062,0.0,0.0
1996-01-17,8.053887315162372,8.216046385399151,8.026860976788667,8.134966850280762,3384846,0.0,0.0
1996-01-18,8.161998188323274,8.486316007461898,8.134971833394452,8.378210067749023,3267832,0.0,0.0
1996-01-19,8.378204607027248,8.567389488220215,8.35117774971632,8.567389488220215,1762783,0.0,0.0
1996-01-22,8.513334427578416,8.540361277314584,8.405228588625066,8.486308097839355,1288168,0.0,0.0
1996-01-23,8.459285009952914,8.513338213465639,8.324153301164452,8.351179122924805,903332,0.0,0.0
1996-01-24,8.378205984679838,8.459285009952914,8.216047414136343,8.351179122924805,833224,0.0,0.0
1996-01-25,8.35118319282261,8.432263297604258,8.270104128036149,8.378210067749023,1232183,0.0,0.0
1996-01-26,8.378205984679838,8.378205984679838,8.243073235896695,8.351179122924805,1381225,0.0,0.0
1996-01-29,8.378203511054624,8.513335699943282,8.297123989722554,8.432256698608398,1264715,0.0,0.0
1996-01-30,8.459282512389507,8.459282512389507,8.378203511054624,8.432256698608398,1003954,0.0,0.0
1996-01-31,8.513335982428016,8.675494510475621,8.486309647752948,8.621441841125488,1760261,0.0,0.0
1996-02-01,8.648468695797758,8.702521365147893,8.567388651778149,8.621441841125488,963352,0.0,0.0
1996-02-02,8.702521324157715,8.91873304053427,8.675494469612746,8.702521324157715,1143918,0.0,0.0
1996-02-05,8.621445826538581,8.675498520875513,8.567392612204207,8.594419479370117,1207469,0.0,0.0
1996-02-06,8.540363109111787,8.70252164232416,8.48630991804285,8.648468971252441,1138370,0.0,0.0
1996-02-07,8.675494469612746,8.729547658705485,8.567388611424468,8.702521324157715,1494709,0.0,0.0
1996-02-08,8.729548352399744,9.053865432739258,8.702522015704325,9.053865432739258,1735799,0.0,0.0
1996-02-09,9.05386754129401,9.216026639226236,9.026842238299157,9.16197395324707,1213773,0.0,0.0
1996-02-12,9.053863132318943,9.188995821455789,8.945757813004843,9.107916831970215,1434689,0.0,0.0
1996-02-13,9.026842238299157,9.378185737158459,8.999814855314847,9.16197395324707,1480839,0.0,0.0
1996-02-14,9.080890400456171,9.080890400456171,8.864678724254833,8.972784042358398,1382990,0.0,0.0
1996-02-15,8.89170929009141,8.918735632493563,8.729550195683784,8.756576538085938,1326248,0.0,0.0
1996-02-16,8.783602463551594,8.945761550261917,8.70252344019376,8.810629844665527,1287412,0.0,0.0
1996-02-20,8.70252385328163,8.810630262884949,8.648471168477323,8.756576538085938,1431662,0.0,0.0
1996-02-21,8.756572910562296,9.026838302612306,8.72954657935615,9.026838302612305,858947,0.0,0.0
1996-02-22,8.999810931411885,9.080890965024597,8.972784600205738,9.026838302612305,1258662,0.0,0.0
1996-02-23,9.053866914739029,9.053866914739029,8.70252344019376,8.810629844665527,1769592,0.0,0.0
1996-02-26,8.810629139816003,8.86468181773035,8.72954908294991,8.783601760864258,1382738,0.0,0.0
1996-02-27,8.864680695533753,8.864680695533753,8.540363109111787,8.648468971252441,1324987,0.0,0.0
1996-02-28,8.75657467768291,8.810628390997786,8.648469331042126,8.675495147705078,1070531,0.0,0.0
1996-02-29,8.621448302103595,8.70252788688765,8.35118319282261,8.378210067749023,1350206,0.0,0.0
1996-03-01,8.432255438361237,8.567387087056536,8.297122749671718,8.486308097839355,1219069,0.0,0.0
1996-03-04,8.540369237317133,8.540369237317133,8.324157357891382,8.378210067749023,1175693,0.0,0.0
1996-03-05,8.432259291590837,8.513338317858123,8.351179225328856,8.405232429504395,1744374,0.0,0.0
1996-03-06,8.432263297604258,8.486316007461898,8.324157357891382,8.378210067749023,1739330,0.0,0.0
1996-03-07,8.405233047928807,8.459285736083984,8.243073943468502,8.459285736083984,1330788,0.0,0.0
1996-03-08,8.297126311005627,8.3241531723424,8.161994084311091,8.216047286987305,1709572,0.0,0.0
1996-03-11,8.053892248610397,8.405236422677843,8.053892248610397,8.378210067749023,1371642,0.0,0.0
1996-03-12,8.324148178100586,8.378200828349483,8.161989187359858,8.324148178100586,953517,0.0,0.0
1996-03-13,8.291635601087876,8.508410394859473,8.264538360852859,8.454216957092285,964109,0.039653,0.0
1996-03-14,8.427118932597729,8.725184376632432,8.427118932597729,8.670990943908691,1673761,0.0,0.0
1996-03-15,8.698087202700847,8.806474590294494,8.616797053019146,8.725184440612793,2228067,0.0,0.0
1996-03-18,8.725180795556406,8.887762069702148,8.725180795556406,8.887762069702148,989580,0.0,0.0
1996-03-19,8.996155622340348,8.996155622340348,8.616799901053211,8.752284049987793,1209234,0.0,0.0
1996-03-20,8.860668023415627,8.860668023415627,8.481312427513556,8.725184440612793,1057670,0.0,0.0
1996-03-21,8.752281649783487,8.806475085954824,8.508410144309657,8.698087692260742,982014,0.0,0.0
1996-03-22,8.725180890364408,8.725180890364408,8.535502908917051,8.562600135803223,709905,0.0,0.0
1996-03-25,8.61680120094886,8.670995181509106,8.372929070455195,8.400026321411133,692252,0.0,0.0
1996-03-26,8.48131093814231,8.670989484811674,8.400020802735664,8.616795539855957,1266985,0.0,0.0
1996-03-27,8.508407120554212,8.562601058817275,8.42711647383523,8.48130989074707,752272,0.0,0.0
1996-03-28,8.372928650987298,8.589703519665013,8.345832444092087,8.535510063171387,1038504,0.0,0.0
1996-03-29,8.616800769263431,8.670994747108661,8.535510063171387,8.535510063171387,1109620,0.0,0.0
1996-04-01,8.643891184185035,8.643891184185035,8.318729118660329,8.48130989074707,1110125,0.0,0.0
1996-04-02,8.535506319396587,8.670990943908691,8.454216170310973,8.670990943908691,1117438,0.0,0.0
1996-04-03,8.670990943908691,8.698087138919187,8.535506319396587,8.670990943908691,1103316,0.0,0.0
1996-04-04,8.616796989833574,8.670990943908691,8.589699752120328,8.670990943908691,703096,0.0,0.0
1996-04-08,8.508410394859473,8.535507113743067,8.345829560206486,8.454216957092285,1299517,0.0,0.0
1996-04-09,8.400021587059323,8.454215537075218,8.345828158394765,8.427118301391602,965117,0.0,0.0
1996-04-10,8.40002299859885,8.670991751509225,8.372925758361816,8.372925758361816,1398626,0.0,0.0
1996-04-11,8.400023292758878,8.400023292758878,7.9122802503319445,8.15615177154541,2678220,0.0,0.0
1996-04-12,8.18324849137992,8.21034521121443,7.939376970166453,8.15615177154541,2713022,0.0,0.0
1996-04-15,8.1832471110481,8.345828445334183,8.156150395784204,8.237441062927246,1728234,0.0,0.0
1996-04-16,8.237442163320688,8.508410394859473,8.237442163320688,8.454216957092285,1542372,0.0,0.0
1996-04-17,8.372924739157861,8.454215928622276,8.210343924283114,8.318731307983398,1162579,0.0,0.0
1996-04-18,8.291634592396168,8.427118691683685,8.291634592396168,8.318731307983398,967135,0.0,0.0
1996-04-19,8.372927082296343,8.372927082296343,8.18324949875366,8.210346221923828,1795063,0.0,0.0
1996-04-22,8.237438796402573,8.372922335443866,8.237438796402573,8.345826148986816,998406,0.0,0.0
1996-04-23,8.291634493455037,8.291634493455037,8.210343826311997,8.237441062927246,1419810,0.0,0.0
1996-04-24,8.237443466445503,8.264539668264165,8.129056052413326,8.210346221923828,1701502,0.0,0.0
1996-04-25,8.237441062927246,8.264537256839787,8.156150395784204,8.237441062927246,1390052,0.0,0.0
1996-04-26,8.237441062927246,8.345828445334183,8.1832471110481,8.237441062927246,1240001,0.0,0.0
1996-04-29,8.210345324536597,8.345829968282034,8.183248604328089,8.264538764953613,836755,0.0,0.0
1996-04-30,8.291634208378872,8.427118301391602,8.237440779714314,8.427118301391602,1088941,0.0,0.0
1996-05-01,8.400021942903335,8.427118658383494,8.264537322799834,8.291634559631348,1035225,0.0,0.0
1996-05-02,8.26453571318418,8.26453571318418,8.1019549306164,8.12905216217041,1098776,0.0,0.0
1996-05-03,8.12905456071627,8.210344715309875,8.074860602969123,8.101957321166992,1475038,0.0,0.0
1996-05-06,8.156148872373164,8.26453571318418,8.074858220413645,8.12905216217041,1505049,0.0,0.0
1996-05-07,8.156148948419116,8.237439601136568,8.074858295701663,8.183245658874512,1423592,0.0,0.0
1996-05-08,8.129050646569107,8.15614735171988,7.939372667811371,8.047760009765625,1591549,0.0,0.0
1996-05-09,8.10195821063811,8.1832488955076,7.885183398553783,7.993570804595947,1697467,0.0,0.0
1996-05-10,8.074860511895345,8.074860511895345,7.966473118974929,8.02066707611084,2319863,0.0,0.0
1996-05-13,8.07486400210454,8.42712305101544,8.047767272500232,8.400026321411133,1534554,0.0,0.0
1996-05-14,8.345832862202515,8.562607741740242,8.318735611246577,8.400026321411133,2176873,0.0,0.0
1996-05-15,8.454212792312042,8.616793546873229,8.454212792312042,8.562600135803223,1945366,0.0,0.0
1996-05-16,8.508410394859473,8.508410394859473,8.372925757738656,8.454216957092285,891983,0.0,0.0
1996-05-17,8.454215928622276,8.481312122858148,8.237441161221705,8.318731307983398,2042710,0.0,0.0
1996-05-20,8.372924639246724,8.372924639246724,8.210343826311997,8.237441062927246,1901486,0.0,0.0
1996-05-21,8.291634493455037,8.345828445334183,8.237441062927246,8.237441062927246,1484621,0.0,0.0
1996-05-22,8.237440779714314,8.427118301391602,8.237440779714314,8.427118301391602,1946627,0.0,0.0
1996-05-23,8.427118691683685,8.427118691683685,8.264537355457577,8.318731307983398,1237731,0.0,0.0
1996-05-24,8.318731208718933,8.400021875861976,8.237441062927246,8.237441062927246,1128282,0.0,0.0
1996-05-28,8.34583088047768,8.400024326818016,8.18324949875366,8.210346221923828,1522449,0.0,0.0
1996-05-29,8.264535790240704,8.291633022047362,8.156148948419116,8.183245658874512,998658,0.0,0.0
1996-05-30,8.129051650135171,8.15614835863115,7.993567064952834,8.074857711791992,1831378,0.0,0.0
1996-05-31,8.074859824995597,8.318731307983398,8.020666393821134,8.318731307983398,3053473,0.0,0.0
1996-06-03,8.291635391254891,8.345829349002038,8.101957321166992,8.101957321166992,1502022,0.0,0.0
1996-06-04,8.129055051710901,8.23744245240038,8.10195781052495,8.15615177154541,1750930,0.0,0.0
1996-06-05,8.183244859434845,8.427116272411592,8.156148151626587,8.345826148986816,1765053,0.0,0.0
1996-06-06,8.400019564603333,8.427116272411592,8.29163221201909,8.345826148986816,1307587,0.0,0.0
1996-06-07,8.29163221201909,8.345826148986816,8.0748575068506,8.345826148986816,1673509,0.0,0.0
1996-06-10,8.291636912785838,8.34583088047768,8.18324949875366,8.210346221923828,989580,0.0,0.0
1996-06-11,8.210345324536597,8.345829968282034,8.210345324536597,8.264538764953613,1037747,0.0,0.0
1996-06-12,8.204767227172852,8.313439644239526,8.177599253586779,8.204767227172852,775725,0.039653,0.0
1996-06-13,8.204766622488922,8.259103088378907,8.150430679321289,8.150430679321289,853399,0.0,0.0
1996-06-14,8.150431254443292,8.177599227944171,8.014590341494111,8.068926811218262,1510345,0.0,0.0
1996-06-17,8.09609603881836,8.231936450087064,8.068928061109112,8.09609603881836,1586757,0.0,0.0
1996-06-18,8.123264313016255,8.177600793140432,7.987423896789552,7.987423896789551,1056661,0.0,0.0
1996-06-19,7.987423600557023,8.09609603405251,7.9602556228637695,7.9602556228637695,1507318,0.0,0.0
1996-06-20,8.014591582968148,8.123264016527607,7.960255627549655,8.09609603881836,2093652,0.0,0.0
1996-06-21,8.123263432685738,8.204767882677993,8.041759505415914,8.177599906921387,2343064,0.0,0.0
1996-06-24,8.25910878250734,8.394948734079398,8.231940269470215,8.231940269470215,1565069,0.0,0.0
1996-06-25,8.204766622488922,8.204766622488922,8.12326218501512,8.150430679321289,1310361,0.0,0.0
1996-06-26,8.150432516959324,8.231936450087064,8.09609603881836,8.09609603881836,1680823,0.0,0.0
1996-06-27,8.28627458979606,8.422115559595383,8.28627458979606,8.394947052001953,1649047,0.0,0.0
1996-06-28,8.394947052001953,8.503619514207845,8.31344309738949,8.394947052001953,1281611,0.0,0.0
1996-07-01,8.4492826461792,8.476451150884204,8.394946159491742,8.4492826461792,1044052,0.0,0.0
1996-07-02,8.449278872928518,8.449278872928518,8.313438500956844,8.367774963378906,1080114,0.0,0.0
1996-07-03,8.42211491571292,8.42211491571292,8.286273956298828,8.286273956298828,1198138,0.0,0.0
1996-07-05,8.259104356913642,8.286271809947817,8.177599906921387,8.177599906921387,401481,0.0,0.0
1996-07-08,8.150430679321289,8.204766622488922,8.041758270263673,8.150430679321289,1821543,0.0,0.0
1996-07-09,8.204767201445051,8.286271121947692,8.068926811218262,8.068926811218262,2127949,0.0,0.0
1996-07-10,8.068927692701106,8.068927692701106,7.960255264103372,8.014591217041016,2390980,0.0,0.0
1996-07-11,7.987423896789552,8.041760376913727,7.742911043036987,7.987423896789551,3274641,0.0,0.0
1996-07-12,7.905920275149165,8.01459272418272,7.878752293571413,7.933088779449463,1720164,0.0,0.0
1996-07-15,7.933082790430287,7.933082790430287,7.851578384505603,7.905914306640625,1802629,0.0,0.0
1996-07-16,7.933088006200018,8.123264381430065,7.878751525618223,8.041760444641113,2920319,0.0,0.0
1996-07-17,8.177602025123665,8.340610444608979,8.177602025123665,8.286273956298828,1911825,0.0,0.0
1996-07-18,8.340610540762444,8.585123956893103,8.313442557655453,8.530787467956543,1462681,0.0,0.0
1996-07-19,8.50361698017363,8.50361698017363,8.286272120529498,8.340608596801758,1227644,0.0,0.0
1996-07-22,8.313441276550293,8.340609255470689,8.231936817066616,8.313441276550293,1024633,0.0,0.0
1996-07-23,8.340612753450575,8.394948734079398,8.204772279155803,8.231940269470215,965370,0.0,0.0
1996-07-24,8.15043629852698,8.286276250099037,8.096099795175444,8.231940269470215,1032703,0.0,0.0
1996-07-25,8.231936817066616,8.422113714954365,8.20476883814622,8.313441276550293,1225122,0.0,0.0
1996-07-26,8.286273421604829,8.449282353294123,8.286273421604829,8.422114372253418,622144,0.0,0.0
1996-07-29,8.367778950125338,8.394946410196559,8.259106496227606,8.286273956298828,621892,0.0,0.0
1996-07-30,8.28627370883938,8.503618610144104,8.259106249579482,8.4492826461792,976718,0.0,0.0
1996-07-31,8.422115865996803,8.66662878417493,8.394947357414967,8.612292289733887,1395852,0.0,0.0
1996-08-01,8.639459230883265,8.856804646492453,8.612290727230533,8.829635620117188,1585244,0.0,0.0
1996-08-02,8.883970465260104,8.965475443250568,8.802466532714574,8.911139488220215,740924,0.0,0.0
1996-08-05,8.938306716781495,9.019810642497692,8.748129844665527,8.748129844665527,1082889,0.0,0.0
1996-08-06,8.775300353563988,9.019813246754717,8.693796404315462,8.992645263671875,1171658,0.0,0.0
1996-08-07,9.019813246754717,9.019813246754717,8.911141314423348,8.992645263671875,1180989,0.0,0.0
1996-08-08,8.938311679710889,8.965479670034439,8.829638672971257,8.856807708740234,1345415,0.0,0.0
1996-08-09,8.883968766985088,9.101313591003418,8.802464850019991,9.101313591003418,1056913,0.0,0.0
1996-08-12,9.019812126910217,9.101316066039715,8.93830818778072,9.074149131774902,982771,0.0,0.0
1996-08-13,9.046979904174805,9.074148928721693,8.911140008665345,9.046979904174805,694774,0.0,0.0
1996-08-14,9.101317196003244,9.101317196003244,8.992645263671875,8.992645263671875,1052878,0.0,0.0
1996-08-15,8.99264371897823,9.074148699671547,8.856803826897647,8.938307762145996,1359537,0.0,0.0
1996-08-16,8.93830929750619,9.019813246754717,8.72096386467573,8.992645263671875,720749,0.0,0.0
1996-08-19,8.992644602836968,9.046980565009711,8.965476621750597,9.01981258392334,958056,0.0,0.0
1996-08-20,9.01980967403832,9.182818553413252,8.938305757073222,9.101313591003418,1194355,0.0,0.0
1996-08-21,9.101314099405881,9.20998704020792,9.019810177887946,9.155651092529297,1309352,0.0,0.0
1996-08-22,9.264326212654764,9.400167174580245,9.237158229358698,9.37299919128418,1282620,0.0,0.0
1996-08-23,9.31866455078125,9.373001576646926,9.237160580150869,9.31866455078125,1015050,0.0,0.0
1996-08-26,9.237160580150869,9.373001576646926,9.15565660952049,9.31866455078125,1044052,0.0,0.0
1996-08-27,9.3730010025595,9.400168991105613,9.209992025837462,9.264328002929688,962343,0.0,0.0
1996-08-28,9.291494195950827,9.400167174580245,9.264326212654764,9.37299919128418,1589783,0.0,0.0
1996-08-29,9.345832725276294,9.345832725276294,9.182823753590375,9.237159729003906,1167119,0.0,0.0
1996-08-30,9.237157478059386,9.237157478059386,9.01981258392334,9.01981258392334,833981,0.0,0.0
1996-09-03,8.992645263671875,9.04698122983756,8.856805348257662,8.992645263671875,906106,0.0,0.0
1996-09-04,9.019809881373952,9.155650791549718,8.938305962535347,9.128482818603516,988319,0.0,0.0
1996-09-05,9.128487083281263,9.318662982751697,8.883973121643066,8.883973121643066,1407705,0.0,0.0
1996-09-06,8.938310818784162,9.264327716710671,8.856806855663866,9.237159729003906,1522954,0.0,0.0
1996-09-09,9.264328570360997,9.3458335864368,9.237160580150869,9.31866455078125,573724,0.0,0.0
1996-09-10,9.291493491437777,9.291493491437777,9.182821566493397,9.209989547729492,971170,0.0,0.0
1996-09-11,9.177308015288677,9.286236964876156,9.150075777891807,9.204540252685547,777743,0.039653,0.0
1996-09-12,9.259011268615723,9.259011268615723,9.177314498709478,9.259011268615723,1071288,0.0,0.0
1996-09-13,9.31347234760411,9.449634628490672,9.28624010101041,9.422402381896973,1329275,0.0,0.0
1996-09-16,9.395170376531185,9.72195943988226,9.340704834027282,9.64026165008545,1792037,0.0,0.0
1996-09-17,9.749192402077975,9.858122458864115,9.613031140993145,9.694727897644043,1729999,0.0,0.0
1996-09-18,9.64026339321011,9.83089020664715,9.558566636559213,9.694727897644043,1339866,0.0,0.0
1996-09-19,9.72195943988226,9.749190639257083,9.61302940279254,9.64026165008545,620631,0.0,0.0
1996-09-20,9.640256019132616,9.96704384368615,9.613023787746277,9.939812660217285,2957895,0.0,0.0
1996-09-23,9.885353166235138,9.885353166235138,9.749190878510964,9.858120918273926,1024129,0.0,0.0
1996-09-24,9.858120918273926,9.91258541419635,9.776424174390288,9.858120918273926,1122986,0.0,0.0
1996-09-25,9.694727897644043,9.885354711081082,9.613031140993145,9.694727897644043,1455872,0.0,0.0
1996-09-26,9.694728580090807,9.694728580090807,9.476869499100921,9.504101753234863,1467977,0.0,0.0
1996-09-27,9.558561622800173,9.558561622800173,9.422399385218341,9.476863861083984,769421,0.0,0.0
1996-09-30,9.531334007368805,9.640264071822923,9.476869499100921,9.504101753234863,809014,0.0,0.0
1996-10-01,9.558562443156084,9.558562443156084,9.47686467442825,9.531329154968262,940908,0.0,0.0
1996-10-02,9.55856316021396,9.667492129465545,9.53132986998317,9.585795402526855,1672248,0.0,0.0
1996-10-03,9.640264071822923,9.640264071822923,9.286242672244976,9.504101753234863,1537328,0.0,0.0
1996-10-04,9.531329656410469,9.72195744416505,9.504097414707777,9.667491912841797,1611976,0.0,0.0
1996-10-07,9.749188856404235,9.749188856404235,9.53132986998317,9.585795402526855,1182502,0.0,0.0
1996-10-08,9.585796909377235,9.694725895752038,9.422402381896973,9.422402381896973,810527,0.0,0.0
1996-10-09,9.449634628490672,9.476866875084374,9.259007854416708,9.422402381896973,1240001,0.0,0.0
1996-10-10,9.395171955610728,9.504100963090442,9.340706403952607,9.449636459350586,677625,0.0,0.0
1996-10-11,9.28624111922947,9.422403415045974,9.095615372171807,9.395171165466309,2585920,0.0,0.0
1996-10-14,9.44963566462564,9.476867914205307,9.367938915886642,9.395171165466309,1172415,0.0,0.0
1996-10-15,9.395169332278801,9.476866065077115,9.313471551562516,9.367937088012695,552793,0.0,0.0
1996-10-16,9.340704039103777,9.367937331997132,9.231775059202343,9.313471794128418,687208,0.0,0.0
1996-10-17,9.340706361427852,9.340706361427852,9.12284729954199,9.177312850952148,1263202,0.0,0.0
1996-10-18,9.204546755344893,9.286243525251137,9.150082242074063,9.259011268615723,1037747,0.0,0.0
1996-10-21,9.231775022479242,9.340704001947367,8.98668377075797,9.013916015625,1548677,0.0,0.0
1996-10-22,8.959454971623474,8.959454971623474,8.85052490234375,8.85052490234375,1455116,0.0,0.0
1996-10-23,8.741589546012694,8.986681253027474,8.714357832733961,8.877752304077148,1806916,0.0,0.0
1996-10-24,8.98668377075797,9.122844995093125,8.95945152589094,9.013916015625,1496474,0.0,0.0
1996-10-25,9.013911429978013,9.06837589200437,8.932214736938477,8.932214736938477,1308343,0.0,0.0
1996-10-28,9.013913490265054,9.068377964740217,8.850519018921867,8.877752304077148,1652325,0.0,0.0
1996-10-29,8.932214736938477,8.986679198964834,8.823284764968301,8.932214736938477,2147872,0.0,0.0
1996-10-30,8.986684877309557,8.986684877309557,8.87775588442875,8.959452629089355,886687,0.0,0.0
1996-10-31,9.013915866998937,9.150078137006972,8.959451378162912,9.068380355834961,897027,0.0,0.0
1996-11-01,9.122844844670984,9.177310381424984,9.041148111416948,9.068380355834961,856173,0.0,0.0
1996-11-04,9.068380355834961,9.068380355834961,8.986683622580925,9.068380355834961,796909,0.0,0.0
1996-11-05,9.068377335326224,9.177307324633682,9.013912864631308,9.095610618591309,1077845,0.0,0.0
1996-11-06,9.150077819824219,9.2590067937203,9.122844528432259,9.150077819824219,1337345,0.0,0.0
1996-11-07,9.150077819824219,9.177310063298238,9.095613332876178,9.150077819824219,1150727,0.0,0.0
1996-11-08,9.231772490082417,9.259004727479287,9.150075777891807,9.204540252685547,1846257,0.0,0.0
1996-11-11,9.286236763000488,9.340701236610212,9.259004526195627,9.286236763000488,673590,0.0,0.0
1996-11-12,9.259004659988896,9.313469134385636,9.122842426079353,9.231772422790527,1211251,0.0,0.0
1996-11-13,9.177312392931038,9.177312392931038,9.041150093078613,9.041150093078613,801701,0.0,0.0
1996-11-14,8.986686040812238,9.204545102698098,8.959453789066286,9.177312850952148,1083645,0.0,0.0
1996-11-15,9.259011268615723,9.340708038521967,9.122848937520203,9.259011268615723,1606175,0.0,0.0
1996-11-18,9.286236964876156,9.286236964876156,9.177308015288677,9.204540252685547,943682,0.0,0.0
1996-11-19,9.204545102698098,9.28624185793595,9.12284729954199,9.177312850952148,808005,0.0,0.0
1996-11-20,9.204546755344893,9.313475781886552,9.150082242074063,9.259011268615723,1001684,0.0,0.0
1996-11-21,9.2590073041777,9.313471794128418,9.204542814226985,9.313471794128418,2012448,0.0,0.0
1996-11-22,9.313474109681902,9.340706361427852,9.177312850952148,9.177312850952148,1139378,0.0,0.0
1996-11-25,9.204540252685547,9.204540252685547,9.068378017783493,9.204540252685547,1775645,0.0,0.0
1996-11-26,9.313471551562516,9.449633820811009,9.286239307296412,9.367937088012695,1846761,0.0,0.0
1996-11-27,9.422399822391505,9.422399822391505,9.313469817688445,9.340702056884766,800440,0.0,0.0
1996-11-29,9.395167583195184,9.422399822391505,9.313469817688445,9.340702056884766,376514,0.0,0.0
1996-12-02,9.340704039103777,9.340704039103777,9.122845031382912,9.313471794128418,1462933,0.0,0.0
1996-12-03,9.313474109681902,9.340706361427852,9.177312850952148,9.177312850952148,1208225,0.0,0.0
1996-12-04,9.204546324744953,9.204546324744953,8.959454978573447,9.122848510742188,1055905,0.0,0.0
1996-12-05,9.12284180602114,9.150075089286224,9.041145099978765,9.095610618591309,600960,0.0,0.0
1996-12-06,8.932219355332856,9.068380580800765,8.877754865145693,8.98668384552002,847599,0.0,0.0
1996-12-09,9.041147798010199,9.177310063298238,8.986683311062158,9.150077819824219,751768,0.0,0.0
1996-12-10,9.231776893704726,9.231776893704726,9.041150093078613,9.041150093078613,1044304,0.0,0.0
1996-12-11,8.929727617620241,9.011652389407926,8.820495989676031,8.984344482421875,1276568,0.045601,0.0
1996-12-12,9.03896087996546,9.06626878871456,8.765880216230068,8.820496559143066,1352728,0.0,0.0
1996-12-13,8.847807695273087,9.28473649629472,8.765883413727783,9.230120658874512,3571212,0.0,0.0
1996-12-16,9.230118144013867,9.230118144013867,9.12088649893497,9.148193359375,1374164,0.0,0.0
1996-12-17,9.066265364161902,9.202805907162258,9.038957465727671,9.175498008728027,1803637,0.0,0.0
1996-12-18,9.202810438143427,9.339349997539498,9.175502526264212,9.257426261901855,922750,0.0,0.0
1996-12-19,9.284737176639965,9.312045097351074,9.202813414506632,9.312045097351074,981762,0.0,0.0
1996-12-20,9.721666147722871,9.721666147722871,9.339353150678468,9.366661071777344,2340794,0.0,0.0
1996-12-23,9.312040708066833,9.503197113771986,9.312040708066833,9.475889205932617,1721929,0.0,0.0
1996-12-24,9.503198223006393,9.530506134033203,9.475890311979583,9.530506134033203,626683,0.0,0.0
1996-12-26,9.53050618893585,9.585123062133789,9.503198277751727,9.585123062133789,887696,0.0,0.0
1996-12-27,9.612430973317913,9.66704679568616,9.53050618893585,9.585123062133789,523539,0.0,0.0
1996-12-30,9.585127006414652,9.667050773678662,9.585127006414652,9.639742851257324,439813,0.0,0.0
1996-12-31,9.612434463327368,9.612434463327368,9.366661071777344,9.366661071777344,1174684,0.0,0.0
1997-01-02,9.339353018062186,9.393969910314464,9.230121335217744,9.312045097351074,1049348,0.0,0.0
1997-01-03,9.312041253089598,9.53050557942058,9.28473334365193,9.50319766998291,927037,0.0,0.0
1997-01-06,9.530507755217357,9.585124637391251,9.33935129468339,9.421276092529297,792118,0.0,0.0
1997-01-07,9.312041253089598,9.53050557942058,9.17550170590125,9.50319766998291,1559773,0.0,0.0
1997-01-08,9.475889760545241,9.557813488858251,9.421273941669902,9.50319766998291,904845,0.0,0.0
1997-01-09,9.585124226238316,9.585124226238316,9.421275688404627,9.448583602905273,1057670,0.0,0.0
1997-01-10,9.312040708066833,9.503197113771986,9.284732800227463,9.475889205932617,1158292,0.0,0.0
1997-01-13,9.475889760545241,9.585122449125544,9.393966032232232,9.50319766998291,984284,0.0,0.0
1997-01-14,9.503197113771986,9.530505021611356,9.393965482414506,9.475889205932617,957300,0.0,0.0
1997-01-15,9.421275542556904,9.475891370712704,9.230119093181804,9.393967628479004,1264967,0.0,0.0
1997-01-16,9.557813701589179,9.667046392600705,9.53050579154371,9.612430572509766,1703519,0.0,0.0
1997-01-17,9.612430572509766,9.74897117356676,9.585122662464297,9.612430572509766,1941331,0.0,0.0
1997-01-20,9.585124226238316,9.585124226238316,9.393967773903983,9.448583602905273,1011015,0.0,0.0
1997-01-21,9.339349162527268,9.612430358563214,9.28473334365193,9.50319766998291,1270263,0.0,0.0
1997-01-22,9.475891370712704,9.585124077854104,9.393967628479004,9.393967628479004,965622,0.0,0.0
1997-01-23,9.503198519644503,9.585123306111864,9.257426261901855,9.257426261901855,2054311,0.0,0.0
1997-01-24,9.284733966553315,9.312041877823038,9.12088649893497,9.148193359375,1605167,0.0,0.0
1997-01-27,9.148189059464595,9.393962247031075,9.066265364161902,9.175498008728027,1678048,0.0,0.0
1997-01-28,9.175500817112638,9.257424537490074,8.902420698358334,8.929727554321289,2502698,0.0,0.0
1997-01-29,8.875115507014286,8.902424476225224,8.629343716170563,8.711267471313477,5036163,0.0,0.0
1997-01-30,8.738572268717876,9.038960296393979,8.683955929331006,8.984344482421875,4310370,0.0,0.0
1997-01-31,9.12088619240807,9.20280992346402,9.038961410522461,9.038961410522461,2304984,0.0,0.0
1997-02-03,9.038963905522884,9.202812463691112,9.038963905522884,9.120888710021973,1500005,0.0,0.0
1997-02-04,9.17550332688789,9.284734983935937,9.148194361796069,9.202811241149902,1360041,0.0,0.0
1997-02-05,9.202810232744143,9.366657700362486,9.066269625565829,9.148193359375,1825578,0.0,0.0
1997-02-06,9.175504545801399,9.257428299470536,9.066271823412597,9.120888710021973,1316161,0.0,0.0
1997-02-07,9.17550332688789,9.284734983935937,9.011654790486011,9.202811241149902,2199822,0.0,0.0
1997-02-10,9.257425781797446,9.257425781797446,8.84780502319336,8.84780502319336,2913762,0.0,0.0
1997-02-11,8.957038961961988,9.230119155411913,8.929729996870167,9.202811241149902,1926956,0.0,0.0
1997-02-12,9.120887498363867,9.202811241149902,9.093578533272046,9.202811241149902,2542796,0.0,0.0
1997-02-13,9.202811179103904,9.503199284790602,9.202811179103904,9.393967628479004,2941755,0.0,0.0
1997-02-14,9.421275542556904,9.503199284790602,9.339350749493402,9.393967628479004,1522197,0.0,0.0
1997-02-18,9.393967773903983,9.503199431906562,9.284735065071585,9.448583602905273,1451837,0.0,0.0
1997-02-19,9.448584008201312,9.475891923873327,9.366659210355404,9.421276092529297,1091967,0.0,0.0
1997-02-20,9.421277279696085,9.448585198809146,9.230120795074658,9.284736633300781,1423340,0.0,0.0
1997-02-21,9.28473649629472,9.33935233371493,9.175504821454302,9.230120658874512,1848779,0.0,0.0
1997-02-24,9.120889781887465,9.393970043706291,9.120889781887465,9.366661071777344,1432923,0.0,0.0
1997-02-25,9.393970456831115,9.448586301430742,9.312045639101553,9.339353561401367,2120888,0.0,0.0
1997-02-26,9.393969360583023,9.421277279696085,9.25742871418772,9.284736633300781,1367607,0.0,0.0
1997-02-27,9.230121335217744,9.503201593158906,9.202813414506632,9.312045097351074,1683344,0.0,0.0
1997-02-28,9.312045097351074,9.475893672447794,9.312045097351074,9.312045097351074,1094993,0.0,0.0
1997-03-03,9.284735065071585,9.503199431906562,9.230119236070296,9.448583602905273,1465203,0.0,0.0
1997-03-04,9.475890311979583,9.69435465102375,9.475890311979583,9.530506134033203,2008665,0.0,0.0
1997-03-05,9.557815551757812,9.667048263914227,9.44858389043125,9.557815551757812,1582218,0.0,0.0
1997-03-06,9.585127006414652,9.694358696099998,9.55781803316319,9.639742851257324,1768079,0.0,0.0
1997-03-07,9.667048097348047,9.830896637344582,9.667048097348047,9.74897289276123,1784976,0.0,0.0
1997-03-10,9.74897289276123,9.776279756792515,9.63974018248693,9.74897289276123,1291195,0.0,0.0
1997-03-11,9.776273727416992,9.858198472304272,9.74896688022681,9.776273727416992,1555738,0.0,0.0
1997-03-12,9.7193302410866,9.828844352487893,9.7193302410866,9.801465034484863,1597853,0.045601,0.0
1997-03-13,9.719332305349491,9.774089899448425,9.60981922422595,9.637197494506836,1228652,0.0,0.0
1997-03-14,9.609818724231705,9.664575261944519,9.445548057556152,9.445548057556152,1551451,0.0,0.0
1997-03-17,9.36341113317615,9.418168718202162,9.226519804453599,9.33603286743164,2115088,0.0,0.0
1997-03-18,9.390793505050583,9.44555111401939,9.308658671903547,9.418172836303711,1252862,0.0,0.0
1997-03-19,9.36341246547549,9.50030486721315,9.199142847634864,9.281277656555176,1375677,0.0,0.0
1997-03-20,9.2812773908806,9.500304595268966,9.226520853167786,9.445548057556152,1271524,0.0,0.0
1997-03-21,9.472929391735068,9.637200111566589,9.418172836303711,9.418172836303711,2157203,0.0,0.0
1997-03-24,9.418174693194166,9.418174693194166,9.22652565786138,9.308660507202148,1702258,0.0,0.0
1997-03-25,9.308660507202148,9.390795356542919,9.25390394097497,9.308660507202148,1733530,0.0,0.0
1997-03-26,9.36341295567495,9.527683635652718,9.308656413528091,9.47292709350586,1842222,0.0,0.0
1997-03-27,9.418168718202162,9.555060046924714,9.30865460168713,9.33603286743164,1609202,0.0,0.0
1997-03-31,9.308655820285134,9.363412358942345,9.17176342010498,9.17176342010498,1640473,0.0,0.0
1997-04-01,9.062246922863835,9.30865230736951,9.034868663867284,9.117003440856934,1888624,0.0,0.0
1997-04-02,9.117007919196023,9.28127860740298,9.08962964675107,9.144387245178223,1238740,0.0,0.0
1997-04-03,9.08962626613252,9.226518630981444,9.034869741607691,9.226518630981445,1050609,0.0,0.0
1997-04-04,9.144386046598564,9.472926326412558,9.117006724205048,9.445548057556152,1438471,0.0,0.0
1997-04-07,9.472923873499496,9.527680397033691,9.418167349965303,9.527680397033691,686199,0.0,0.0
1997-04-08,9.555058658800787,9.555058658800787,9.363409772894274,9.527680397033691,621640,0.0,0.0
1997-04-09,9.527687825648526,9.527687825648526,9.28128222408856,9.308660507202148,1237983,0.0,0.0
1997-04-10,9.390786441207794,9.390786441207794,9.171759330699283,9.199138641357422,1334571,0.0,0.0
1997-04-11,9.14438580943425,9.226520613873264,9.034871683311817,9.089628219604492,1175189,0.0,0.0
1997-04-14,9.00749380413335,9.17176342010498,8.897979673281801,9.17176342010498,1275811,0.0,0.0
1997-04-15,9.226523838756513,9.527685947166425,9.226523838756513,9.418172836303711,1649804,0.0,0.0
1997-04-16,9.418170746438628,9.609819701459474,9.363413149620374,9.582440376281738,1049852,0.0,0.0
1997-04-17,9.582442803927808,9.664578693195143,9.363415521777387,9.390793800354004,1084402,0.0,0.0
1997-04-18,9.390788960419664,9.85622261695398,9.336032431487489,9.801465034484863,2128453,0.0,0.0
1997-04-21,9.801464068241497,9.801464068241497,9.472923873499496,9.527680397033691,904593,0.0,0.0
1997-04-22,9.500303967290789,9.719331157201271,9.445547433197428,9.66457462310791,923759,0.0,0.0
1997-04-23,9.582440471543928,9.746711156557323,9.582440471543928,9.691954612731934,1296743,0.0,0.0
1997-04-24,9.746710575630376,9.774089899448425,9.637197494506836,9.637197494506836,872817,0.0,0.0
1997-04-25,9.637195897695236,9.664574163439745,9.33603286743164,9.33603286743164,1268246,0.0,0.0
1997-04-28,9.363412197449822,9.500304595268966,9.336033928593414,9.445548057556152,1139883,0.0,0.0
1997-04-29,9.719328076079213,9.828842163085938,9.719328076079213,9.828842163085938,1669474,0.0,0.0
1997-04-30,9.746711442131556,10.020495222817472,9.71933316941669,9.910982131958008,2366770,0.0,0.0
1997-05-01,9.856225586528277,9.96573867738774,9.856225586528277,9.910982131958008,975709,0.0,0.0
1997-05-02,9.91098536180082,10.294283411794593,9.91098536180082,10.23952579498291,1986725,0.0,0.0
1997-05-05,10.23952364474541,10.677578166024487,10.18476709296987,10.650199890136719,1750678,0.0,0.0
1997-05-06,10.568063546277484,10.677576634116765,10.513307002357845,10.595441818237305,2459574,0.0,0.0
1997-05-07,10.568063250910804,10.568063250910804,10.349036027816606,10.37641429901123,1727729,0.0,0.0
1997-05-08,10.294274900547142,10.62281506209411,10.266896641546289,10.485923767089844,1077845,0.0,0.0
1997-05-09,10.48592688347439,10.48592688347439,10.239520372162008,10.321656227111816,1662413,0.0,0.0
1997-05-12,10.37641590128996,10.568064882783094,10.349037625867707,10.54068660736084,983779,0.0,0.0
1997-05-13,10.568065062473408,10.732335771337407,10.485930234810098,10.650199890136719,1748409,0.0,0.0
1997-05-14,10.59544360785347,10.759714320895652,10.59544360785347,10.732336044311523,1581965,0.0,0.0
1997-05-15,10.732336044311523,10.759714320895652,10.65020016102173,10.732336044311523,793379,0.0,0.0
1997-05-16,10.732332701037056,10.732332701037056,10.595440307222933,10.67757511138916,1270767,0.0,0.0
1997-05-19,10.677579582652797,10.732337195230581,10.650201303132663,10.70495891571045,619118,0.0,0.0
1997-05-20,10.568064306329298,10.677577402044724,10.431171883147709,10.622820854187012,1594323,0.0,0.0
1997-05-21,10.6228214336276,10.704957313431722,10.45855072755672,10.54068660736084,1185276,0.0,0.0
1997-05-22,10.513305366524332,10.568061901924047,10.37641297448798,10.431169509887695,852894,0.0,0.0
1997-05-23,10.458550157076566,10.650199128115867,10.458550157076566,10.622820854187012,766647,0.0,0.0
1997-05-27,10.568065331269342,10.84184915064804,10.513308778101084,10.732336044311523,1037243,0.0,0.0
1997-05-28,10.704957574407501,10.787092402676622,10.650199968690698,10.759714126586914,1168380,0.0,0.0
1997-05-29,10.787089237147873,10.787089237147873,10.568062039167526,10.67757511138916,919724,0.0,0.0
1997-05-30,10.622821692600992,10.759714126586914,10.485930312152455,10.759714126586914,1419557,0.0,0.0
1997-06-02,10.759714320895652,10.759714320895652,10.704957767727393,10.732336044311523,571707,0.0,0.0
1997-06-03,10.622820090197123,10.732334231573633,10.568063546277484,10.595441818237305,779508,0.0,0.0
1997-06-04,10.48593073759831,10.56806556919989,10.431173129659825,10.458551406860352,775221,0.0,0.0
1997-06-05,10.51331288345759,10.650204319833142,10.485934596182481,10.568069458007812,1248071,0.0,0.0
1997-06-06,10.540687054685213,10.759714320895652,10.540687054685213,10.732336044311523,851634,0.0,0.0
1997-06-09,10.650201303132663,10.732337195230581,10.622823023612531,10.70495891571045,1238488,0.0,0.0
1997-06-10,10.759712503533452,10.814469047453093,10.568063546277484,10.595441818237305,1216295,0.0,0.0
1997-06-11,10.593255043029783,10.675585646807228,10.565811508437303,10.593255043029785,839781,0.045601,0.0
1997-06-12,10.648131383584472,10.70301839746748,10.456025778946424,10.510913848876953,1249079,0.0,0.0
1997-06-13,10.565807857659413,10.785357114587526,10.538364332549426,10.757913589477539,1429393,0.0,0.0
1997-06-16,10.785348515161768,10.950010590580753,10.730461508704565,10.895122528076172,1078601,0.0,0.0
1997-06-17,10.84023666381836,11.004898756587238,10.785349651577897,10.84023666381836,1993534,0.0,0.0
1997-06-18,10.785360841225737,10.812804375818217,10.565811508437303,10.593255043029785,1285394,0.0,0.0
1997-06-19,10.620698577622266,10.730473772040774,10.565811508437303,10.593255043029785,1457385,0.0,0.0
1997-06-20,10.59325182245267,10.67558240119984,10.538364769954557,10.565808296203613,1910312,0.0,0.0
1997-06-23,10.565802333631956,10.75790796501315,10.373696702250763,10.401140213012695,1758244,0.0,0.0
1997-06-24,10.483469081184005,10.703018188476562,10.346251549155845,10.703018188476562,1488909,0.0,0.0
1997-06-25,10.648135620826153,10.853963588864397,10.401142904018611,10.538361549377441,1605167,0.0,0.0
1997-06-26,10.593242539841516,10.593242539841516,10.318806461784611,10.373693466186523,1472769,0.0,0.0
1997-06-27,10.387417891927228,10.40114017528225,10.154147523273167,10.181591033935547,1531780,0.0,0.0
1997-06-30,10.099261304165456,10.31881046295166,9.934599171063864,10.31881046295166,1978150,0.0,0.0
1997-07-01,10.346255905380026,10.51091806919126,10.236481833537834,10.387420654296875,1225878,0.0,0.0
1997-07-02,10.401146651166908,10.456033706665039,10.291372540170647,10.456033706665039,1627107,0.0,0.0
1997-07-03,10.538361549377441,10.593248585101797,10.497195744560203,10.538361549377441,1145935,0.0,0.0
1997-07-07,10.648136195904446,10.853964175058927,10.593249157215782,10.799076080322266,1923426,0.0,0.0
1997-07-08,10.744185007974806,10.785350799560547,10.593245180223896,10.785350799560547,1723190,0.0,0.0
1997-07-09,10.757910786884135,10.771632017840437,10.387420654296875,10.387420654296875,2001856,0.0,0.0
1997-07-10,10.401142904018611,10.593248585101797,10.318812350432077,10.538361549377441,3431753,0.0,0.0
1997-07-11,10.565802033369902,10.67557607329804,10.538358523387867,10.661853790283203,1206460,0.0,0.0
1997-07-14,10.757915140088556,10.785358669154164,10.606974146155155,10.73047161102295,1329527,0.0,0.0
1997-07-15,10.812802198219773,10.812802198219773,10.716749318465958,10.73047161102295,1208225,0.0,0.0
1997-07-16,10.730469636557547,11.018627166748047,10.703025056493521,11.018627166748047,2212179,0.0,0.0
1997-07-17,10.991176662042452,11.032342449945197,10.867680354381722,10.922567367553711,2496393,0.0,0.0
1997-07-18,11.032343436979783,11.073509228565523,10.757907290519254,10.785350799560547,2340038,0.0,0.0
1997-07-21,10.730473772040774,10.757917306633257,10.579532747709251,10.593255043029785,1021103,0.0,0.0
1997-07-22,10.565809380580928,10.771636376597174,10.538365851515321,10.73047161102295,1709320,0.0,0.0
1997-07-23,10.744185007974806,10.785350799560547,10.593245180223896,10.785350799560547,2014970,0.0,0.0
1997-07-24,10.757905337650824,10.86767935388886,10.620686761305866,10.853958129882812,1152492,0.0,0.0
1997-07-25,10.853965089077711,11.00490498620627,10.620693570934966,10.648137092590332,1647030,0.0,0.0
1997-07-28,10.6755806142457,10.74418994640816,10.579527760427874,10.648137092590332,1354745,0.0,0.0
1997-07-29,10.634410782450088,10.634410782450088,10.442305166534128,10.552079200744629,1852561,0.0,0.0
1997-07-30,10.42858206837274,10.757906257335327,10.42858206837274,10.703018188476562,1370129,0.0,0.0
1997-07-31,10.812801126325958,10.867688179016115,10.648138912207221,10.867688179016113,1611219,0.0,0.0
1997-08-01,10.867681390527265,10.895124899729776,10.661853487437018,10.716741561889648,1093733,0.0,0.0
1997-08-04,10.675575770062077,10.840237881324754,10.579522959829484,10.716741561889648,1390052,0.0,0.0
1997-08-05,10.730470547290723,10.908853996557866,10.703025964897376,10.867688179016113,1209990,0.0,0.0
1997-08-06,10.895128555391096,10.895128555391096,10.744188676108362,10.771632194519043,1189563,0.0,0.0
1997-08-07,10.826526671138751,10.8402479104107,10.538367973844823,10.593255043029785,1438219,0.0,0.0
1997-08-08,10.53835514471474,10.552076367282815,10.154144016051859,10.3462495803833,1696206,0.0,0.0
1997-08-11,10.346258395258218,10.593251172391128,10.181596191820212,10.359979629516602,2226050,0.0,0.0
1997-08-12,10.456028695239901,10.456028695239901,10.126705464042713,10.222758293151855,1783210,0.0,0.0
1997-08-13,10.222759330631606,10.346255686869833,10.099262974393378,10.154150009155273,2474958,0.0,0.0
1997-08-14,10.181595703829862,10.442310758773628,10.112986367681696,10.250205039978027,2736223,0.0,0.0
1997-08-15,10.25020193888592,10.263923168335449,10.003209248316118,10.016931533813477,1731260,0.0,0.0
1997-08-18,9.962043682868362,10.03065299987793,9.769938017660715,10.03065299987793,1988742,0.0,0.0
1997-08-19,10.0306484683092,10.112978977897328,9.852265169511234,9.90715217590332,3427466,0.0,0.0
1997-08-20,9.87971305847168,10.195315069398072,9.852269543093017,10.099262237548828,3960336,0.0,0.0
1997-08-21,10.140428765566709,10.195316862022759,10.016933452672685,10.085541725158691,1390556,0.0,0.0
1997-08-22,10.0306559932839,10.11298656463623,9.83855027074696,10.11298656463623,1625089,0.0,0.0
1997-08-25,9.989487198462617,10.15414934807601,9.975765968689418,10.03065299987793,1121725,0.0,0.0
1997-08-26,9.989485740661621,10.044372763840276,9.90715520589364,9.989485740661621,1042287,0.0,0.0
1997-08-27,9.90716346723317,10.126712799072266,9.742501204341702,10.126712799072266,2505977,0.0,0.0
1997-08-28,10.071815213109831,10.195311517311135,9.975762414725764,10.044370651245117,1645264,0.0,0.0
1997-08-29,9.934601693870945,10.071820348975733,9.78366180688449,10.00321102142334,2246477,0.0,0.0
1997-09-02,9.989483848872432,10.305085756453163,9.989483848872432,10.277642250061035,1738825,0.0,0.0
1997-09-03,10.291369710760806,10.305090942838794,10.071820493080704,10.085541725158691,1919391,0.0,0.0
1997-09-04,10.12670465357101,10.236479759216309,10.09926114117162,10.236479759216309,1046574,0.0,0.0
1997-09-05,10.318810296414481,10.359975036989702,10.112982369347451,10.236479759216309,1138370,0.0,0.0
1997-09-08,10.263919396872012,10.359972191915556,10.154145377420784,10.305085182189941,1481091,0.0,0.0
1997-09-09,10.277645692887873,10.524638389202654,10.167870574499164,10.469751358032227,1869458,0.0,0.0
1997-09-10,10.37126444434438,10.37126444434438,9.986124381091125,9.999879837036133,2244459,0.045601,0.0
1997-09-11,9.972367791471724,10.041144004777596,9.821064144880555,9.958613395690918,2495637,0.0,0.0
1997-09-12,10.013632352787726,10.261223103070728,9.862327658826166,10.233712196350098,1329779,0.0,0.0
1997-09-15,10.247471809387207,10.536326919803107,10.247471809387207,10.247471809387207,1926956,0.0,0.0
1997-09-16,10.261229070450373,10.508817847516946,10.261229070450373,10.481307983398438,1430401,0.0,0.0
1997-09-17,10.481305458697435,10.508815316189462,10.330000713190913,10.426285743713379,943177,0.0,0.0
1997-09-18,10.426290358215825,10.4813100975507,10.316250879546073,10.385025024414062,1565573,0.0,0.0
1997-09-19,10.37126856711788,10.893958104597193,10.357513105704818,10.825182914733887,3519514,0.0,0.0
1997-09-22,10.893952670589368,10.921462521092312,10.728892508971224,10.770157814025879,1774384,0.0,0.0
1997-09-23,10.77016084184501,10.783916300263796,10.618856092242218,10.67387580871582,1436958,0.0,0.0
1997-09-24,10.715135195217329,11.01774452694766,10.522565235534323,10.536320686340332,2354665,0.0,0.0
1997-09-25,10.591347184336025,10.838936989283516,10.536327462925664,10.605101585388184,1776906,0.0,0.0
1997-09-26,10.605093203503179,10.893948100508329,10.605093203503179,10.880193710327148,1600627,0.0,0.0
1997-09-29,10.78391236812876,10.935217062561362,10.715137218313837,10.907707214355469,1503788,0.0,0.0
1997-09-30,10.935219774838108,11.072770108584745,10.811424897906395,11.003994941711426,1273794,0.0,0.0
1997-10-01,10.962734172596468,11.031509367968797,10.701388853622051,10.756409645080566,2254547,0.0,0.0
1997-10-02,10.756405799148398,11.127790451049805,10.742650341551736,11.127790451049805,1204695,0.0,0.0
1997-10-03,11.169054082103322,11.292850017748922,10.990239494949646,11.072770118713379,2147115,0.0,0.0
1997-10-06,11.114034993453142,11.155300307642424,11.031505423675288,11.127790451049805,1308595,0.0,0.0
1997-10-07,11.141547186656936,11.334117281791874,11.141547186656936,11.279097557067871,1727729,0.0,0.0
1997-10-08,11.292849183032091,11.292849183032091,11.08652369747406,11.210318565368652,1388791,0.0,0.0
1997-10-09,11.114030039337338,11.155295335132477,10.94896991475702,11.086520195007324,1718146,0.0,0.0
1997-10-10,11.00399617394521,11.169055322603812,10.962730857480176,11.114035606384277,1098020,0.0,0.0
1997-10-13,11.114036892916786,11.22407633809374,11.017751849086507,11.19656753540039,654172,0.0,0.0
1997-10-14,11.086528918758995,11.086528918758995,10.618859079948932,10.783919334411621,6055500,0.0,0.0
1997-10-15,10.756405000622435,11.444153481582747,10.756405000622435,11.265338897705078,2626522,0.0,0.0
1997-10-16,11.36162584126298,11.40289115937436,11.265340804736967,11.334115982055664,2722100,0.0,0.0
1997-10-17,11.334109852577685,11.34786530404281,11.05901035067731,11.086520195007324,1832134,0.0,0.0
1997-10-20,11.059014194725195,11.402888956279552,11.045258738478756,11.29284954071045,1775140,0.0,0.0
1997-10-21,11.32036158112728,11.47166633605957,11.265340804114876,11.47166633605957,1233948,0.0,0.0
1997-10-22,11.361626107707991,11.691746543139162,11.279096528150614,11.650481224060059,1419053,0.0,0.0
1997-10-23,11.499176195900372,11.499176195900372,11.292851722545093,11.334115982055664,1873241,0.0,0.0
1997-10-24,11.38913656446006,11.416647484355186,11.10028249157011,11.19656753540039,1392069,0.0,0.0
1997-10-27,11.05901364389155,11.224072759023848,10.756404207548451,10.79766845703125,2196039,0.0,0.0
1997-10-28,10.453796411337375,11.237831115722658,10.426286551713432,11.237831115722656,2468905,0.0,0.0
1997-10-29,11.210319693728643,11.444153997243344,11.169054380743416,11.251585006713867,2152663,0.0,0.0
1997-10-30,11.00399617394521,11.265340355288382,11.00399617394521,11.114035606384277,2065911,0.0,0.0
1997-10-31,11.306604718293718,11.334114574083644,11.224074092323267,11.251585006713867,1255888,0.0,0.0
1997-11-03,11.306605514216523,11.44415480284886,11.237830340599977,11.416646003723145,1314648,0.0,0.0
1997-11-04,11.402883705884868,11.829287832780633,11.361618414746527,11.77426815032959,1156779,0.0,0.0
1997-11-05,11.774273743514138,11.774273743514138,11.54043945271782,11.636724472045898,1249836,0.0,0.0
1997-11-06,11.66423293506292,12.049373001390636,11.66423293506292,11.994353294372559,1901233,0.0,0.0
1997-11-07,11.77426815032959,11.856798732606272,11.664227726827384,11.77426815032959,2175108,0.0,0.0
1997-11-10,11.69173802892012,11.89806235686339,11.69173802892012,11.884306907653809,1887111,0.0,0.0
1997-11-11,11.856806517992984,12.2144357473505,11.829295600103196,12.186925888061523,1305065,0.0,0.0
1997-11-12,12.131901901307396,12.530796308562039,12.090636597591248,12.104392051696777,2485045,0.0,0.0
1997-11-13,12.14565478751776,12.53079475140742,12.131900393721876,12.51703929901123,2768755,0.0,0.0
1997-11-14,12.530792889863704,12.627077866532261,12.489528656005858,12.48952865600586,2850211,0.0,0.0
1997-11-17,12.55831095007267,12.737125570072571,12.55831095007267,12.640840530395508,2117862,0.0,0.0
1997-11-18,12.599576353446134,12.599576353446134,12.173171931037077,12.20068073272705,2243198,0.0,0.0
1997-11-19,12.186924464213263,12.668349592025525,12.173170065476164,12.544554710388184,2953607,0.0,0.0
1997-11-20,12.544554710388184,12.59957442253796,12.434514227487945,12.544554710388184,2461844,0.0,0.0
1997-11-21,12.572063427946484,12.819653168799624,12.47577841110353,12.80589771270752,2279261,0.0,0.0
1997-11-24,12.76463717823513,12.792147039828627,12.530801766789049,12.599576950073242,1426619,0.0,0.0
1997-11-25,12.654591864125033,12.709612625003341,12.434511996413288,12.530797004699707,1302795,0.0,0.0
1997-11-26,12.475783538162837,12.530803267941028,12.324478751972299,12.379498481750488,1253114,0.0,0.0
1997-11-28,12.420762749783618,12.43451821152868,12.324478751972299,12.379498481750488,539427,0.0,0.0
1997-12-01,12.296963370948525,12.489534472569034,12.255699117873299,12.420758247375488,1794559,0.0,0.0
1997-12-02,12.420753981446921,12.434509433481425,12.351979897075237,12.406999588012695,1446037,0.0,0.0
1997-12-03,12.406998594802774,12.406998594802774,12.214428633337073,12.338223457336426,998658,0.0,0.0
1997-12-04,12.310718836508592,12.324474293277262,12.021863771772285,12.049373626708984,1147953,0.0,0.0
1997-12-05,11.994355160779032,12.544555492376627,11.994355160779032,12.503290176391602,1548172,0.0,0.0
1997-12-08,12.489535776797094,12.599575207956162,12.351985429247506,12.503290176391602,1564817,0.0,0.0
1997-12-09,12.503283047758423,12.54454834021642,12.379488228984586,12.48952865600586,1250088,0.0,0.0
1997-12-10,12.42214103155699,12.42214103155699,12.008528045426303,12.366991996765137,1511858,0.052342,0.0
1997-12-11,12.35321590804982,12.35321590804982,11.967177645655918,12.311854362487793,1577678,0.0,0.0
1997-12-12,12.311854362487793,12.35321590804982,12.04989967571059,12.311854362487793,1555486,0.0,0.0
1997-12-15,12.339417000766316,12.353204523603837,12.03610210902491,12.242907524108887,1661152,0.0,0.0
1997-12-16,12.160186214460891,12.339417654432811,11.925805741285837,12.132612228393555,1875006,0.0,0.0
1997-12-17,12.132614278981528,12.270484232620236,12.118826753083336,12.187762260437012,1435697,0.0,0.0
1997-12-18,12.187760455948531,12.187760455948531,11.980955025575229,12.11882495880127,1655100,0.0,0.0
1997-12-19,12.07746549073144,12.229122973461275,11.939595534190074,12.173974990844727,2037919,0.0,0.0
1997-12-22,12.187762173734491,12.532438646982229,12.187762173734491,12.449715614318848,1218817,0.0,0.0
1997-12-23,12.3669887319205,12.863322486537248,12.353202272663486,12.780600547790527,1832387,0.0,0.0
1997-12-24,12.835748672485352,12.987406092677558,12.835748672485352,12.835748672485352,1189816,0.0,0.0
1997-12-26,12.849532513912978,12.87710648595584,12.766809536716472,12.821958541870117,367183,0.0,0.0
1997-12-29,12.932261016007878,13.235576985083839,12.932261016007878,13.152853965759277,1070531,0.0,0.0
1997-12-30,13.26315425027909,13.828423757454416,13.249366723293424,13.81463623046875,1555486,0.0,0.0
1997-12-31,13.787065524372277,13.787065524372277,13.387240940364036,13.538898468017578,1262445,0.0,0.0
1998-01-02,13.525113751652716,13.538901284793806,13.070141074034764,13.235586166381836,1374920,0.0,0.0
1998-01-05,13.318302579828297,13.428598554285466,13.166645084415313,13.414812088012695,2134254,0.0,0.0
1998-01-06,13.332084027318306,13.456167472531027,13.20799952103732,13.44237995147705,1181998,0.0,0.0
1998-01-07,13.401023992067852,13.401023992067852,13.152856999000155,13.263154029846191,1560277,0.0,0.0
1998-01-08,13.235581916253128,13.27694238025658,13.083923344677615,13.208006858825684,1001937,0.0,0.0
1998-01-09,13.19421956400756,13.19421956400756,12.918478556639615,12.946052551269531,1828099,0.0,0.0
1998-01-12,12.697883338078567,13.22179126739502,12.697883338078567,13.22179126739502,1749669,0.0,0.0
1998-01-13,13.235580037401858,13.276940495534005,13.083921487354973,13.263154029846191,2032118,0.0,0.0
1998-01-14,13.249372638453728,13.249372638453728,12.959845053182848,13.235586166381836,990588,0.0,0.0
1998-01-15,13.24936298927681,13.304510959539893,12.987408538924532,13.056344032287598,1327005,0.0,0.0
1998-01-16,13.0287756287806,13.221794668460609,12.987414102829492,13.125285148620605,1966045,0.0,0.0
1998-01-20,13.290727128349573,13.511320114135742,13.27693960252041,13.511320114135742,2081799,0.0,0.0
1998-01-21,13.511318864277298,13.511318864277298,13.345873874974925,13.46995735168457,1213269,0.0,0.0
1998-01-22,13.456172943115236,13.718126400023118,13.442385416455965,13.456172943115234,1626350,0.0,0.0
1998-01-23,13.456170588818393,13.566466538520354,13.304512066375429,13.359661102294922,1139883,0.0,0.0
1998-01-26,13.4010215528989,13.428595540324391,13.249364091524448,13.359661102294922,853651,0.0,0.0
1998-01-27,13.414813712549174,13.511323232420894,13.235582201816928,13.373452186584473,1127021,0.0,0.0
1998-01-28,13.373451357266411,13.387238885422608,13.180432329492518,13.304515838623047,1383747,0.0,0.0
1998-01-29,13.304513236949637,13.469958237127477,13.208003741934947,13.22179126739502,1527493,0.0,0.0
1998-01-30,13.249363747957078,13.332086769156982,13.180428250646655,13.194215774536133,1742104,0.0,0.0
1998-02-02,13.208002378284073,13.566466331481935,13.208002378284073,13.566466331481934,1737312,0.0,0.0
1998-02-03,13.594043747318429,13.759488772145293,13.51132176543938,13.718127250671387,1125760,0.0,0.0
1998-02-04,13.731914091358163,13.787062076519199,13.594043067386862,13.635404586791992,973944,0.0,0.0
1998-02-05,13.635404413718819,13.649190879299733,13.401023888156322,13.525107383728027,2363239,0.0,0.0
1998-02-06,13.5251073932055,13.538894919864772,13.332089447456582,13.456172943115234,1045061,0.0,0.0
1998-02-09,13.456170037382622,13.456170037382622,13.304511521154646,13.401021003723145,1025390,0.0,0.0
1998-02-10,13.414809481554913,13.456170994474308,13.276938479202629,13.332087516784668,1165353,0.0,0.0
1998-02-11,13.401021003723145,13.442382513700636,13.249363548563638,13.401021003723145,1673761,0.0,0.0
1998-02-12,13.34587222664663,13.401020195913334,13.208001242411465,13.38723373413086,970161,0.0,0.0
1998-02-13,13.332091590765446,13.387239584130901,13.125285024041684,13.318304061889648,1104072,0.0,0.0
1998-02-17,13.37344756547341,13.456170588818393,13.180428592426468,13.359661102294922,1322466,0.0,0.0
1998-02-18,13.35966263535812,13.566468095315127,13.345875109528956,13.511320114135742,1060696,0.0,0.0
1998-02-19,13.456173038025222,13.580256534559071,13.263154029846191,13.263154029846191,1285394,0.0,0.0
1998-02-20,13.373446211279981,13.456169226248441,13.208001242411465,13.38723373413086,1793550,0.0,0.0
1998-02-23,13.401023897546846,13.58025643877389,13.387237431956272,13.456172943115234,864495,0.0,0.0
1998-02-24,13.442384247275939,13.442384247275939,13.166643287691942,13.22179126739502,1327509,0.0,0.0
1998-02-25,13.276937138600209,13.566465577664538,13.249363153127668,13.428594589233398,1360041,0.0,0.0
1998-02-26,13.442385577659655,13.635404586791994,13.304514553688353,13.635404586791992,1172163,0.0,0.0
1998-02-27,13.635402340986943,13.635402340986943,13.456170888199352,13.46995735168457,1131813,0.0,0.0
1998-03-02,13.37345272208765,13.649193763732908,13.359666253593295,13.64919376373291,1439480,0.0,0.0
1998-03-03,13.635404469685497,13.731913973422802,13.594042950635593,13.704339981079102,1164093,0.0,0.0
1998-03-04,13.649190128178512,13.8008486687036,13.456172193186713,13.75948715209961,1558260,0.0,0.0
1998-03-05,13.635403602323674,13.759487090511604,13.48374612354605,13.511320114135742,1250592,0.0,0.0
1998-03-06,13.621611101176269,14.035222931086443,13.621611101176269,13.911139488220215,1223609,0.0,0.0
1998-03-09,13.911139488220215,14.076584432397933,13.842204006390478,13.911139488220215,1323474,0.0,0.0
1998-03-10,13.883570876484937,14.173099375489683,13.800848902941578,14.117951393127441,1349450,0.0,0.0
1998-03-11,14.10569213560662,14.271479188507916,14.064245106565712,14.202401161193848,1015807,0.052342,0.0
1998-03-12,14.147129220393523,14.340546072349703,13.967526262970406,13.995157241821289,1654343,0.0,0.0
1998-03-13,14.147127683845826,14.8102742940261,14.133311664290176,14.78264331817627,2543048,0.0,0.0
1998-03-16,14.81028043718243,14.879357373828686,14.616862462744322,14.8655424118042,1316161,0.0,0.0
1998-03-17,14.755011628063246,14.796458624449063,14.520147796153774,14.589225769042969,1417288,0.0,0.0
1998-03-18,14.589227699939764,14.94843150528612,14.589227699939764,14.879353523254395,1469490,0.0,0.0
1998-03-19,15.045140015729245,15.362897872924805,14.97606203577167,15.362897872924805,1889381,0.0,0.0
1998-03-20,15.501055116220002,15.528686097838364,15.266190177571378,15.321452140808105,1876267,0.0,0.0
1998-03-23,15.279996272703178,15.625384913428633,15.266180259239318,15.54249095916748,857686,0.0,0.0
1998-03-24,15.542501803537494,15.542501803537494,15.307637916869833,15.487239837646484,1482100,0.0,0.0
1998-03-25,15.473423071339946,15.528686097838364,15.155665187836235,15.321452140808105,1640221,0.0,0.0
1998-03-26,15.266179939823685,15.445782794790997,15.197102000471718,15.431966781616211,1250592,0.0,0.0
1998-03-27,15.37670542743177,15.390521442075835,14.948423859121034,15.031316757202148,1850292,0.0,0.0
1998-03-30,15.058958815640436,15.114220784498556,14.741200899813538,14.81027889251709,1200660,0.0,0.0
1998-03-31,14.727384270993126,15.128036186910931,14.727384270993126,15.04514217376709,1343397,0.0,0.0
1998-04-01,14.989878507157483,15.03132444576721,14.699751620581216,14.879353523254395,1291951,0.0,0.0
1998-04-02,14.879350384282299,14.920797377409937,14.699748519498224,14.906982421875,1482604,0.0,0.0
1998-04-03,14.8655424118042,15.003698411620537,14.81028043718243,14.8655424118042,1444776,0.0,0.0
1998-04-06,14.824100217134424,14.837916246911119,14.340555123883904,14.464896202087402,1757235,0.0,0.0
1998-04-07,14.409628971969193,14.478706974317204,14.105687037552292,14.257658004760742,2540526,0.0,0.0
1998-04-08,14.147126013675152,14.492513702653213,14.147126013675152,14.326727867126465,1469238,0.0,0.0
1998-04-09,14.423448461938833,14.561604499816895,14.409632432846143,14.561604499816895,1456881,0.0,0.0
1998-04-13,14.533975664954898,14.685947765629795,14.43726662964471,14.644500732421875,1728234,0.0,0.0
1998-04-14,14.630682179834215,14.72739119848432,14.395817116466176,14.464896202087402,1052374,0.0,0.0
1998-04-15,14.451073840371592,14.727384745475739,14.409626832464344,14.699753761291504,1644003,0.0,0.0
1998-04-16,14.644493248301625,14.672124235231845,14.575415249345127,14.630677223205566,1629881,0.0,0.0
1998-04-17,14.630670552039298,14.948428351741224,14.575408603376722,14.906982421875,1694945,0.0,0.0
1998-04-20,14.920805672834696,15.15566961685715,14.906990709619143,15.086592674255371,1354998,0.0,0.0
1998-04-21,15.031326150489196,15.08658918033901,14.796462260859075,15.04514217376709,1040017,0.0,0.0
1998-04-22,14.976062632633194,15.003694676326766,14.796460728194864,14.98987865447998,772447,0.0,0.0
1998-04-23,14.893174351113236,14.934620303097907,14.478707388432674,14.603047370910645,1314648,0.0,0.0
1998-04-24,14.603046236275347,14.796464208048782,14.492521225292572,14.630677223205566,1340119,0.0,0.0
1998-04-27,14.644487077212023,14.658302033224654,14.340544222535312,14.409622192382812,1139883,0.0,0.0
1998-04-28,14.423433101347674,14.561588992093212,14.022782506751122,14.147122383117676,1595836,0.0,0.0
1998-04-29,14.147127395528342,14.409622192382812,14.147127395528342,14.409622192382812,1485126,0.0,0.0
1998-04-30,14.464891997664363,14.796464920043945,14.451075971903489,14.796464920043945,1197886,0.0,0.0
1998-05-01,14.810287801991116,14.824102770885462,14.464898693958284,14.644500732421875,965370,0.0,0.0
1998-05-04,14.672125375234403,14.768834368635266,14.464892425525111,14.603047370910645,641058,0.0,0.0
1998-05-05,14.561598432078483,14.561598432078483,14.381995445024144,14.49251937866211,928046,0.0,0.0
1998-05-06,14.478706974317204,14.478706974317204,14.230027016473928,14.257658004760742,843311,0.0,0.0
1998-05-07,14.340542349237225,14.354358366706526,14.091862540880308,14.10567855834961,1302543,0.0,0.0
1998-05-08,14.11950146154287,14.561600447055957,14.11950146154287,14.340550422668457,1269506,0.0,0.0
1998-05-11,14.395806833148596,14.464885869424782,14.174757957458496,14.174757957458496,958561,0.0,0.0
1998-05-12,14.230022861346024,14.340546782220596,14.064235916772526,14.312915802001953,1418549,0.0,0.0
1998-05-13,14.257651587245135,14.920798197425409,14.216204591839658,14.78264331817627,1742104,0.0,0.0
1998-05-14,14.76882823446757,14.76882823446757,14.561595370831535,14.658303260803223,2006143,0.0,0.0
1998-05-15,14.755019997055097,14.755019997055097,14.354369015616125,14.368185043334961,1158292,0.0,0.0
1998-05-18,14.423443301212945,14.437258262100418,13.884636434841353,14.091869354248047,1536320,0.0,0.0
1998-05-19,14.119498110721795,14.174760072073017,14.00897418801935,14.13331413269043,1074819,0.0,0.0
1998-05-20,14.18858573848221,14.271479800116476,13.870827649829746,14.24384880065918,983527,0.0,0.0
1998-05-21,14.299097985713294,14.50633082756649,14.147127093252761,14.451068878173828,971926,0.0,0.0
1998-05-22,14.423444997743575,14.423444997743575,14.24384304224831,14.257658004760742,536401,0.0,0.0
1998-05-26,14.257654140591299,14.299101143419353,13.967527247318241,13.981343269348145,884418,0.0,0.0
1998-05-27,13.926082297374402,14.036606228421109,13.622139360472486,13.843188285827637,1165101,0.0,0.0
1998-05-28,13.843182398739918,13.995153270931382,13.74647346857057,13.870813369750977,1054644,0.0,0.0
1998-05-29,14.008972777793316,14.18857466573583,13.939894801427256,14.064234733581543,1180232,0.0,0.0
1998-06-01,14.06423769365367,14.285286626591859,13.953712695553689,14.188577651977539,1158040,0.0,0.0
1998-06-02,14.18858573848221,14.340556767128524,14.119507708207783,14.24384880065918,1309352,0.0,0.0
1998-06-03,14.326725167515516,14.54777396982656,14.285278184813086,14.299094200134277,1123238,0.0,0.0
1998-06-04,14.188569267348182,14.299094200134277,14.0435064227814,14.299094200134277,832972,0.0,0.0
1998-06-05,14.35435565159108,14.45106456579983,14.299093718689253,14.381986618041992,794639,0.0,0.0
1998-06-08,14.561590053953237,14.962240677766026,14.533958023180288,14.893162727355957,1961506,0.0,0.0
1998-06-09,14.879351915566712,15.141847793620402,14.727381009474085,14.97606086730957,1285394,0.0,0.0
1998-06-10,14.936086165386877,15.074510764600229,14.673077828875593,14.700762748718262,1373407,0.052342,0.0
1998-06-11,14.700767224936559,14.71461022174157,14.423915811537158,14.49312973022461,770430,0.0,0.0
1998-06-12,14.368533237098239,14.603856517130573,14.327006414114685,14.548486709594727,946960,0.0,0.0
1998-06-15,14.396226424771363,14.825344246347795,14.396226424771363,14.4515962600708,1392573,0.0,0.0
1998-06-16,14.423912758508708,15.06066917000852,14.410070829971144,14.977614402770996,1549181,0.0,0.0
1998-06-17,15.060673100510973,15.475950241088867,15.00530324123565,15.475950241088867,2190996,0.0,0.0
1998-06-18,15.462101060650463,15.475944052602618,15.282147491958613,15.351360321044922,1133830,0.0,0.0
1998-06-19,15.379049704255632,15.475947473326807,15.102198326716584,15.254467010498047,1503283,0.0,0.0
1998-06-22,15.240618770097717,15.351358430729917,15.088351204059894,15.129878044128418,927794,0.0,0.0
1998-06-23,15.212940172587333,15.614373207092285,15.185254180594713,15.614373207092285,966126,0.0,0.0
1998-06-24,15.600527764158263,15.932748962585503,15.420575236456976,15.891221046447754,1444019,0.0,0.0
1998-06-25,15.83584604703431,15.988113602857684,15.572837772670376,15.683578491210938,1430401,0.0,0.0
1998-06-26,15.683581018149198,15.725107862122815,15.558998355553951,15.58668327331543,814562,0.0,0.0
1998-06-29,15.6697376947793,15.835848263167822,15.628209786347876,15.822005271911621,1505553,0.0,0.0
1998-06-30,15.863521293000215,16.140371322631836,15.600513178915167,16.140371322631836,1811707,0.0,0.0
1998-07-01,16.14038368357481,16.36186408996582,15.988116103931716,16.36186408996582,1274802,0.0,0.0
1998-07-02,16.36186408996582,16.431076916713735,16.112698765943083,16.36186408996582,1089698,0.0,0.0
1998-07-06,16.361865530984144,16.59718894958496,16.361865530984144,16.59718894958496,873574,0.0,0.0
1998-07-07,16.597188674635145,16.597188674635145,16.209597669401607,16.278810501098633,1564565,0.0,0.0
1998-07-08,16.278806492440356,16.721767227817466,16.278806492440356,16.583341598510742,1192590,0.0,0.0
1998-07-09,16.51413273494611,16.51413273494611,16.30649425470237,16.36186408996582,1070279,0.0,0.0
1998-07-10,16.25111891419728,16.33417363895678,15.725102461376627,16.015796661376953,1844996,0.0,0.0
1998-07-13,16.057333232909656,16.237286843736516,15.94659246737486,16.085018157958984,690486,0.0,0.0
1998-07-14,16.112702284501733,16.334182739257812,16.112702284501733,16.334182739257812,1089193,0.0,0.0
1998-07-15,16.38955307006836,16.444923984393768,16.16807260877909,16.38955307006836,780769,0.0,0.0
1998-07-16,16.30649907302691,16.431081771850586,16.209601300015436,16.431081771850586,668798,0.0,0.0
1998-07-17,16.486448179358856,16.486448179358856,16.237283899100895,16.306495666503906,645093,0.0,0.0
1998-07-20,16.292639850998782,16.32032474742831,16.04347365246031,16.140371322631836,897279,0.0,0.0
1998-07-21,16.168068512708,16.195754495525378,15.9465881075293,15.960431098937988,1475795,0.0,0.0
1998-07-22,15.974272025795138,16.098854671023236,15.83584639094745,16.001956939697266,1381477,0.0,0.0
1998-07-23,15.89121838365514,16.001959119687207,15.628210067749025,15.628210067749023,834233,0.0,0.0
1998-07-24,15.655901786265892,15.780484494106828,15.503633085271337,15.517476081848145,701835,0.0,0.0
1998-07-27,15.503621393151358,15.55899227236283,15.282141072315811,15.489779472351074,1003450,0.0,0.0
1998-07-28,15.43441699213761,15.462101912229443,15.005298067371001,15.171408653259277,1842978,0.0,0.0
1998-07-29,15.28215097324559,15.39289173807797,15.143726348876953,15.143726348876953,891731,0.0,0.0
1998-07-30,15.129881842252411,15.392890200283732,15.060669004313919,15.309835433959961,1001180,0.0,0.0
1998-07-31,15.226770634396306,15.226770634396306,14.88070771385715,14.991448402404785,1036991,0.0,0.0
1998-08-03,14.936086299810066,15.365204159239388,14.74228972849267,15.171408653259277,1350963,0.0,0.0
1998-08-04,15.171406013486312,15.29598866489124,14.866870880126951,14.866870880126953,1449063,0.0,0.0
1998-08-05,14.866874206953531,14.908401056489753,14.20243183032588,14.811504364013672,1946879,0.0,0.0
1998-08-06,14.700762419749443,14.756132258195736,14.576179750576658,14.603864669799805,1292708,0.0,0.0
1998-08-07,14.603867461265798,14.714608224663253,14.396229994734572,14.53465461730957,1416279,0.0,0.0
1998-08-10,14.479287028459257,14.603869740892527,14.216278606505632,14.590027809143066,1806664,0.0,0.0
1998-08-11,14.50696357750445,14.811499749469666,14.257798296565554,14.76997184753418,1287916,0.0,0.0
1998-08-12,14.83918962745053,15.32367736234524,14.590024263141851,15.309835433959961,1960497,0.0,0.0
1998-08-13,15.309828599284256,15.323670521490168,14.756127208299306,14.79765510559082,1764044,0.0,0.0
1998-08-14,14.8391899375945,15.116040229797363,14.8391899375945,15.116040229797363,1721677,0.0,0.0
1998-08-17,15.102194137303313,15.600524774094607,15.01913938628382,15.420572280883789,1824064,0.0,0.0
1998-08-18,15.448258484132108,15.752794727233997,15.40673057249611,15.69742488861084,1540103,0.0,0.0
1998-08-19,15.71127267567782,15.752800602803141,15.448264246113549,15.475950241088867,927794,0.0,0.0
1998-08-20,15.475938031441467,15.738945188170183,15.282141546197085,15.655890464782715,1322970,0.0,0.0
1998-08-21,15.655886949210279,15.669728867331543,14.991446115302125,15.531304359436035,1799098,0.0,0.0
1998-08-24,15.55900059327192,15.711268195527989,15.199094479936104,15.503629684448242,818849,0.0,0.0
1998-08-25,15.545146277557299,15.766626555526685,15.448248589362159,15.531304359436035,1100289,0.0,0.0
1998-08-26,15.434415272055622,15.655895673444771,15.309832612857798,15.420572280883789,1084402,0.0,0.0
1998-08-27,15.40673351706137,15.42057651203149,14.894560813903809,14.894560813903809,2173090,0.0,0.0
1998-08-28,14.894551535209702,15.060660979346999,14.617701396310743,14.922236442565918,1913591,0.0,0.0
1998-08-31,14.936080055813362,14.963763898994733,14.064000643473827,14.119370460510254,2026318,0.0,0.0
1998-09-01,14.39622349055607,14.866869125349433,14.299325765862996,14.82534122467041,4075333,0.0,0.0
1998-09-02,14.839181495981503,15.65588997931193,14.82533850984444,15.489779472351074,3546498,0.0,0.0
1998-09-03,15.28215176278517,15.39289253333888,15.129884135444154,15.295994758605957,2170569,0.0,0.0
1998-09-04,15.475945898641282,15.503629755173383,14.991457102582398,15.282149314880371,1757992,0.0,0.0
1998-09-08,15.614368837650687,16.112699508666992,15.420573339958292,16.112699508666992,2159977,0.0,0.0
1998-09-09,16.10038924511185,16.336139392660748,16.04491874772081,16.19746208190918,2295401,0.052342,0.0
1998-09-10,15.947838630207928,16.003310176972967,15.504073727003021,15.531807899475098,2668132,0.0,0.0
1998-09-11,15.407009652850409,15.989452192480947,15.39314149052083,15.975584030151367,2229832,0.0,0.0
1998-09-14,16.114243520721722,16.197449200637678,16.044905987761652,16.169713973999023,1298508,0.0,0.0
1998-09-15,16.058784606805396,16.18359375,15.920107306689665,16.18359375,1369624,0.0,0.0
1998-09-16,16.100382818908223,16.44707489013672,16.00330895358236,16.44707489013672,1594827,0.0,0.0
1998-09-17,16.225200058415325,16.294537653613357,16.04492038980709,16.12812614440918,1559773,0.0,0.0
1998-09-18,16.18360127476519,16.322278639360675,16.05879207353901,16.29454231262207,1726973,0.0,0.0
1998-09-21,16.16972067669568,16.405471801757812,16.11425020042467,16.405471801757812,1347432,0.0,0.0
1998-09-22,16.53028743954461,16.91858199416386,16.377743035879124,16.86311149597168,2108783,0.0,0.0
1998-09-23,16.779895286370948,17.279131593373283,16.668954359158572,17.2652645111084,1996560,0.0,0.0
1998-09-24,17.209803869293697,17.27914145473636,17.09886181149236,17.223670959472656,2056833,0.0,0.0
1998-09-25,17.16819847031638,17.639699759846167,17.08499273708423,17.625831604003906,2011943,0.0,0.0
1998-09-28,17.722912421284168,17.847721603559453,17.417823546227744,17.58423614501953,1556495,0.0,0.0
1998-09-29,17.501018361786866,17.514886514373288,16.849237602969755,16.97404670715332,3807006,0.0,0.0
1998-09-30,16.863109832759328,16.960183728658215,16.447080070077103,16.585756301879883,2526404,0.0,0.0
1998-10-01,16.41934507594765,16.41934507594765,15.074179649353027,15.074179649353027,3837269,0.0,0.0
1998-10-02,15.07417947589973,15.420871680189405,14.672016775069453,15.185121536254883,3656955,0.0,0.0
1998-10-05,15.060303721220258,15.074170803740708,14.519464022909197,14.713610649108887,2934946,0.0,0.0
1998-10-06,14.866165941940368,15.060313764889889,14.796827281276387,14.85229778289795,2292627,0.0,0.0
1998-10-07,14.8661631553438,15.115781433125044,14.74135401645318,15.088045120239258,3069613,0.0,0.0
1998-10-08,14.893894207378656,15.309923841692731,14.713613560750769,15.240586280822754,3434023,0.0,0.0
1998-10-09,15.365400925237019,15.961711421204733,15.323797519894269,15.933976173400879,2063894,0.0,0.0
1998-10-12,15.989444379556392,16.44707857097838,15.989444379556392,16.14198875427246,1150474,0.0,0.0
1998-10-13,16.141984120004608,16.141984120004608,15.434731869863565,15.920101165771484,2678976,0.0,0.0
1998-10-14,15.920102466202575,16.405471801757812,15.684352408414007,16.405471801757812,2865594,0.0,0.0
1998-10-15,16.3500058756819,17.223669855547833,16.21132857913702,17.15433120727539,2846428,0.0,0.0
1998-10-16,17.306872347745845,17.306872347745845,16.724429128122953,17.071121215820312,2927632,0.0,0.0
1998-10-19,17.02951420073275,17.33460389874451,17.001778967690473,17.195926666259766,1359789,0.0,0.0
1998-10-20,17.750644929241073,17.792247269543108,17.362349304595423,17.40395164489746,1915608,0.0,0.0
1998-10-21,17.195930156234866,17.528755154836915,17.195930156234866,17.348474502563477,1209990,0.0,0.0
1998-10-22,17.362344067564973,17.73677142098818,17.237533882483564,17.66743278503418,1345919,0.0,0.0
1998-10-23,17.653570262455165,17.6813044432789,17.320745150735053,17.362348556518555,1199146,0.0,0.0
1998-10-26,17.376211539834614,17.528756969226684,17.098858057139957,17.11272621154785,1735547,0.0,0.0
1998-10-27,17.279133891431165,17.403942984780873,16.4054702379832,16.655088424682617,3259257,0.0,0.0
1998-10-28,16.571889212336547,16.710565444139327,16.53028580915877,16.585756301879883,1581461,0.0,0.0
1998-10-29,16.64122649078797,17.182066453129597,16.64122649078797,17.15433120727539,1949149,0.0,0.0
1998-10-30,17.3068678924497,17.542617896412658,17.237528212031982,17.2652645111084,1423845,0.0,0.0
1998-11-02,17.27913157908089,17.833839416503906,17.26526449682747,17.833839416503906,1843735,0.0,0.0
1998-11-03,17.736765199892933,17.833839042725565,17.5842208946626,17.695161819458008,1389799,0.0,0.0
1998-11-04,17.750647765179583,18.02800030241781,17.750647765179583,17.944795608520508,2666619,0.0,0.0
1998-11-05,17.93092623570047,18.707517556558336,17.819984161031876,18.333087921142578,4218575,0.0,0.0
1998-11-06,18.222138571852994,18.430154466401426,18.16666809354952,18.29147720336914,2048006,0.0,0.0
1998-11-09,18.333080856238702,18.360817164672852,17.972521653878914,18.263744354248047,1470247,0.0,0.0
1998-11-10,18.360823563544713,18.402428040695384,18.083471055280782,18.180543899536133,2566501,0.0,0.0
1998-11-11,18.16666326513906,18.180531414665797,17.653559876296253,17.833839416503906,2148628,0.0,0.0
1998-11-12,17.833856272316854,17.833856272316854,17.390090009858508,17.570369720458984,1810446,0.0,0.0
1998-11-13,17.625840236447694,17.736782335699445,17.51489920447027,17.570369720458984,949734,0.0,0.0
1998-11-16,17.750646915037898,17.88932317701531,17.625836678347056,17.709043502807617,1866432,0.0,0.0
1998-11-17,17.75063334912901,17.84770612468834,17.65355950629638,17.695161819458008,2796495,0.0,0.0
1998-11-18,17.695163430961788,17.764502048910252,17.52875202861354,17.736766815185547,1954949,0.0,0.0
1998-11-19,17.77836913213591,17.83384066685872,17.66742819723708,17.736766815185547,1582722,0.0,0.0
1998-11-20,17.819979382152727,17.833847537994988,17.55649402661402,17.625831604003906,2060615,0.0,0.0
1998-11-23,17.625832268534634,17.70903907217766,17.47328788488755,17.61196517944336,1909556,0.0,0.0
1998-11-24,17.459414972737907,17.47328312532547,16.960178555962564,17.376209259033203,2856768,0.0,0.0
1998-11-25,17.362342173719195,17.431680802109895,17.19592967903623,17.376209259033203,1192842,0.0,0.0
1998-11-27,17.32073574858669,17.348470981628964,17.14045620017522,17.195926666259766,678634,0.0,0.0
1998-11-30,17.19593434413027,17.306876393107625,16.876977420821905,17.084993362426758,2415189,0.0,0.0
1998-12-01,17.02951941964787,17.209800090582036,16.863106903121597,17.11272621154785,1867945,0.0,0.0
1998-12-02,16.946316086668393,17.667435670356145,16.890845595755607,17.61196517944336,2891822,0.0,0.0
1998-12-03,17.501028957712244,17.69517680782681,16.779909133911133,16.779909133911133,2019761,0.0,0.0
1998-12-04,16.863110916537433,17.19593602880226,16.863110916537433,17.18206787109375,2066163,0.0,0.0
1998-12-07,17.195932528566484,17.348476895939946,17.140462043571357,17.320741653442383,1540355,0.0,0.0
1998-12-08,17.26527182990474,17.52875824463673,17.182065031950543,17.306875228881836,1530015,0.0,0.0
1998-12-09,17.298978743846178,17.521294940832785,17.11834716796875,17.11834716796875,1182754,0.060273,0.0
1998-12-10,17.132245728526645,17.160035126616936,16.868244842632365,16.896034240722656,2172334,0.0,0.0
1998-12-11,16.993297668717513,17.06277169862208,16.82656128017577,16.896034240722656,1834404,0.0,0.0
1998-12-14,16.840452704847443,16.840452704847443,16.45139905616134,16.6042423248291,1828352,0.0,0.0
1998-12-15,16.659821156328473,16.784873962402344,16.340241525393573,16.784873962402344,2554144,0.0,0.0
1998-12-16,16.923828554934456,17.034986172561595,16.229089167333125,16.71540641784668,2154176,0.0,0.0
1998-12-17,16.770983463096357,17.2573006624709,16.757089297032977,17.229511260986328,2073477,0.0,0.0
1998-12-18,17.24339812221584,17.43792383813716,17.160028888892263,17.29897689819336,2225545,0.0,0.0
1998-12-21,17.257298078705496,17.67414117727989,17.1183510920858,17.201719284057617,1879041,0.0,0.0
1998-12-22,17.201714314766047,17.521293895706556,17.0071875203364,17.41013526916504,1410227,0.0,0.0
1998-12-23,17.52129602815945,17.75750640060279,17.437926780767413,17.56298065185547,1659891,0.0,0.0
1998-12-24,17.72972134020124,17.785301208496094,17.674142541264125,17.785301208496094,487981,0.0,0.0
1998-12-28,17.785297866181384,17.882560211364375,17.57687580529846,17.66024398803711,974448,0.0,0.0
1998-12-29,17.840882122641766,17.840882122641766,17.507407150766923,17.771408081054688,1106846,0.0,0.0
1998-12-30,17.771399771850117,17.826978551390194,17.590768203666183,17.743610382080078,1115421,0.0,0.0
1998-12-31,17.78529703607528,17.854769983769497,17.632453770818554,17.826980590820312,1494961,0.0,0.0
1999-01-04,18.22993104218602,18.285509832902072,17.813086903742906,18.035404205322266,1678301,0.0,2.0
1999-01-05,18.17435504451912,18.2021433747901,17.535194575627546,17.868669509887695,1872863,0.0,0.0
1999-01-06,18.00760363638825,18.313287883162097,17.757498149144745,18.285499572753906,2191374,0.0,0.0
1999-01-07,18.396667316997515,18.646772943254014,18.090982900319034,18.59119415283203,2068811,0.0,0.0
1999-01-08,18.56339829338779,18.59118660796387,18.14655432631814,18.39665985107422,1907412,0.0,0.0
1999-01-11,18.368873332725407,18.480033030984945,17.95203141507503,18.202136993408203,1609832,0.0,0.0
1999-01-12,18.007618186009,18.14656626645775,17.31287992248094,17.451828002929688,1877024,0.0,0.0
1999-01-13,16.896030950149054,17.78529686263845,16.896030950149054,17.56298065185547,1765053,0.0,0.0
1999-01-14,17.11835054887708,17.146139945319188,16.117926930172985,16.451400756835938,5953995,0.0,0.0
1999-01-15,17.118352517006187,17.257299515191736,16.840456381919598,16.97940444946289,4757749,0.0,0.0
1999-01-19,16.95160973550543,17.59077004453366,16.81266277211449,17.56298065185547,3072135,0.0,0.0
1999-01-20,17.47960963158208,17.81308337925501,17.146135883909146,17.368452072143555,1792793,0.0,0.0
1999-01-21,17.340675227883462,17.340675227883462,16.896041460374466,16.923831939697266,1553847,0.0,0.0
1999-01-22,16.812673568725586,17.229516865298027,16.562567804653753,16.812673568725586,1940575,0.0,0.0
1999-01-25,17.03498230053179,17.201719758431214,16.67371798664265,16.896034240722656,1646399,0.0,0.0
1999-01-26,17.0071929024415,17.340667818240348,16.896034240722656,16.896034240722656,1488530,0.0,0.0
1999-01-27,17.11835511114291,17.312880938081367,16.896037741640292,17.0071964263916,1432923,0.0,0.0
1999-01-28,17.34066942737192,17.924248980136788,17.173931954000054,17.896459579467773,2648588,0.0,0.0
1999-01-29,17.896447264971638,18.952448041194078,17.729709906331287,18.924659729003906,3077557,0.0,0.0
1999-02-01,18.67456380178929,18.813509711417943,18.39666770510161,18.73014259338379,2364878,0.0,0.0
1999-02-02,18.6745548248291,18.702343137910763,18.341080096850042,18.6745548248291,1549560,0.0,0.0
1999-02-03,18.452237626605008,18.6745548248291,18.396658861727527,18.6745548248291,1142657,0.0,0.0
1999-02-04,18.646773724221337,18.869091033935543,18.424458553222358,18.869091033935547,1844113,0.0,0.0
1999-02-05,18.869084593702357,18.869084593702357,18.2855042609398,18.563400268554688,1736430,0.0,0.0
1999-02-08,18.452242177325914,18.480032635975462,17.81308301553318,18.22992706298828,1983698,0.0,0.0
1999-02-09,18.229925507144728,18.257713824707977,17.84087195154318,17.924240112304688,1036108,0.0,0.0
1999-02-10,18.035400268585505,18.452242177325914,18.007609809935957,18.22992706298828,1593944,0.0,0.0
1999-02-11,18.202143824310916,18.646776368066618,18.0631957533781,18.618988037109375,1348945,0.0,0.0
1999-02-12,18.618974268649897,18.618974268649897,18.06318239591859,18.285499572753906,1089824,0.0,0.0
1999-02-16,18.341081083207786,18.56339829338779,18.229923547474925,18.39665985107422,964613,0.0,0.0
1999-02-17,18.2299339563824,18.424460824342784,18.146564687623524,18.31330108642578,1043547,0.0,0.0
1999-02-18,18.063188974619834,18.202136993408203,17.674136446855655,18.202136993408203,2113827,0.0,0.0
1999-02-19,18.146564679148835,18.202143478723634,17.8964590117045,17.952037811279297,1217808,0.0,0.0
1999-02-22,18.063188199312386,18.674559027997034,18.007609421925533,18.64676856994629,1577174,0.0,0.0
1999-02-23,18.368871352252665,18.785715363674992,18.2855042609398,18.563400268554688,1182754,0.0,0.0
1999-02-24,18.56340559143183,18.59119391693265,18.22993071441617,18.257719039916992,1365968,0.0,0.0
1999-02-25,18.20213505086697,18.229925507144728,17.729713334503913,17.924240112304688,1673887,0.0,0.0
1999-02-26,18.174355244416407,18.174355244416407,17.562985237786915,17.674142837524414,1737312,0.0,0.0
1999-03-01,17.674138222568224,17.674138222568224,17.173927015645884,17.56298065185547,2180404,0.0,0.0
1999-03-02,17.674148484618943,17.896464824484326,17.39625332712674,17.59078025817871,1273163,0.0,0.0
1999-03-03,17.562986681160254,17.590776083378437,17.062774233159463,17.451828002929688,1520684,0.0,0.0
1999-03-04,17.451828002929688,17.590776083378437,17.257301118044573,17.451828002929688,2066037,0.0,0.0
1999-03-05,17.785295064599634,17.785295064599634,17.285082838889743,17.646347045898438,1400643,0.0,0.0
1999-03-08,17.64635343759004,17.89645910635716,17.45182656869167,17.674142837524414,1742230,0.0,0.0
1999-03-09,17.67414429003298,17.840881772699912,17.396249198493322,17.451828002929688,1916365,0.0,0.0
1999-03-10,17.513073715068774,17.59660256141222,17.01190492262654,17.262489318847656,1397491,0.05948,0.0
1999-03-11,17.373871227616753,17.54092687817451,17.17897189722745,17.290342330932617,1567717,0.0,0.0
1999-03-12,17.45739905289563,17.45739905289563,17.17897189722745,17.290342330932617,1264715,0.0,0.0
1999-03-15,17.03975486755371,17.318181975572642,16.928383381503096,17.03975486755371,2515181,0.0,0.0
1999-03-16,17.31817905325853,17.45739311947919,17.095437190148402,17.34602165222168,2394132,0.0,0.0
1999-03-17,17.59661069157753,17.84719413217115,17.513081806641217,17.70798110961914,1994164,0.0,0.0
1999-03-18,17.596605998713795,18.29267306864895,17.596605998713795,18.26483154296875,2419350,0.0,0.0
1999-03-19,18.87736757228139,18.87736757228139,17.76365852355957,17.76365852355957,3440706,0.0,0.0
1999-03-22,17.79149183945641,18.236975226672307,17.79149183945641,18.042076110839844,1703519,0.0,0.0
1999-03-23,18.09778094665105,18.09778094665105,17.540926642787284,17.59661293029785,1798341,0.0,0.0
1999-03-24,17.70798110961914,17.819352599065855,17.457396597620416,17.70798110961914,1354619,0.0,0.0
1999-03-25,17.81934644192841,17.902874226598172,17.485233160439883,17.540918350219727,1622315,0.0,0.0
1999-03-26,17.457388531776218,17.54091630671505,17.23464672720138,17.262489318847656,1662287,0.0,0.0
1999-03-29,17.819345047976757,18.069929453788347,17.596603234877048,17.986400604248047,1800611,0.0,0.0
1999-03-30,17.986405656506918,18.404045735902056,17.90287785490888,18.181304931640625,1458898,0.0,0.0
1999-03-31,18.04209004755523,18.571102648140464,18.04209004755523,18.431888580322266,2110926,0.0,0.0
1999-04-01,18.431888580322266,18.571102648140464,18.153462587495678,18.431888580322266,1326501,0.0,0.0
1999-04-05,18.543258278399982,18.62678714450395,18.348359019363876,18.59894561767578,1307839,0.0,0.0
1999-04-06,18.571088302786272,18.62677345833724,17.930705799737908,18.042076110839844,1343019,0.0,0.0
1999-04-07,18.236991137904266,18.236991137904266,17.485237667871438,17.875036239624023,2035397,0.0,0.0
1999-04-08,17.87503318903628,18.29267322017592,17.79150432568449,18.20914649963379,1589153,0.0,0.0
1999-04-09,18.181304115373432,18.571102648140464,18.01424851967748,18.431888580322266,1511984,0.0,0.0
1999-04-12,18.153461903137497,18.71031601060792,18.153461903137497,18.59894561767578,2037288,0.0,0.0
1999-04-13,18.62677734544091,18.793832846955564,18.48756335610773,18.71030616760254,2144089,0.0,0.0
1999-04-14,18.487570288483198,18.543255476535297,18.264829536274792,18.348356246948242,1242270,0.0,0.0
1999-04-15,18.264826089339333,18.48756679951214,17.986398058814324,18.15345573425293,1415270,0.0,0.0
1999-04-16,18.153465671147,18.34836282782705,17.902880092227363,18.0977783203125,1297121,0.0,0.0
1999-04-19,18.153456516140015,18.37619723590648,17.930713653564453,17.930713653564453,1727855,0.0,0.0
1999-04-20,18.376209169988176,18.376209169988176,17.485241426681956,17.59661293029785,3091806,0.0,0.0
1999-04-21,18.487575891125303,18.487575891125303,18.12562098769186,18.4040470123291,2496772,0.0,0.0
1999-04-22,18.487578936073383,19.127962112426758,18.376208507875514,19.127962112426758,2662332,0.0,0.0
1999-04-23,19.100111922376147,20.158134796478507,19.044424590699155,20.07460594177246,3029642,0.0,0.0
1999-04-26,19.93539594499573,20.82636343335788,19.684813615629363,20.57577896118164,2694990,0.0,0.0
1999-04-27,20.88205106653523,20.88205106653523,20.158141237153096,20.40872573852539,1834152,0.0,0.0
1999-04-28,20.40871708798029,20.40871708798029,19.90754829766371,20.102447509765625,1625215,0.0,0.0
1999-04-29,20.2694948930881,20.35302370542653,19.601270822805716,20.325180053710938,2353782,0.0,0.0
1999-04-30,20.130295788835834,20.185983133399002,19.71265570428162,19.824026107788086,1717894,0.0,0.0
1999-05-03,19.824026107788086,20.046769057610952,19.656970502528388,19.824026107788086,1134713,0.0,0.0
1999-05-04,19.87971130954132,20.213824662870653,19.796184578316435,19.824026107788086,1082384,0.0,0.0
1999-05-05,19.740502475359502,20.01892852783203,19.517759490571205,20.01892852783203,1367607,0.0,0.0
1999-05-06,19.851865475743647,20.018921044781983,19.656966240460854,19.96323585510254,1465203,0.0,0.0
1999-05-07,19.85186756520354,20.102452016540436,19.573439444691573,19.935394287109375,1633916,0.0,0.0
1999-05-10,19.545600928453318,19.71265654080214,19.37854317329447,19.573442459106445,1075323,0.0,0.0
1999-05-11,19.60128561582167,19.824026426414658,19.489913067715207,19.712656021118164,1100542,0.0,0.0
1999-05-12,19.768336619819745,20.102449900705885,19.434223338933602,19.96323585510254,1626224,0.0,0.0
1999-05-13,20.018928326801046,20.269512842915077,19.87971423055764,20.046772003173828,1118825,0.0,0.0
1999-05-14,19.93538878945572,20.04676129263273,19.684806550032484,19.79617691040039,1073936,0.0,0.0
1999-05-17,19.656970502528388,19.935396511294552,19.629126830246804,19.824026107788086,859830,0.0,0.0
1999-05-18,19.824019173087905,19.963233200177076,19.378535572088076,19.54559326171875,1675905,0.0,0.0
1999-05-19,19.545595025104646,19.601280212402344,19.406380985455712,19.601280212402344,1257654,0.0,0.0
1999-05-20,19.6012793168696,19.991077752953963,19.57343565308817,19.907548904418945,1857101,0.0,0.0
1999-05-21,19.935391898198862,20.102449607610957,19.851865186302252,20.07460594177246,965874,0.0,0.0
1999-05-24,19.879705714569464,20.07460493725804,19.656964970244992,19.768335342407227,1238488,0.0,0.0
1999-05-25,19.768338859087187,20.046766981832953,19.239326282994114,19.267169952392578,1864162,0.0,0.0
1999-05-26,19.350701779243753,19.434228514602793,18.821689122189653,18.988744735717773,2633835,0.0,0.0
1999-05-27,18.710309429731137,19.1836345046175,18.097768198430757,18.292667388916016,2213440,0.0,0.0
1999-05-28,18.18130068279194,18.710313183501007,18.15345916017059,18.348356246948242,1189942,0.0,0.0
1999-06-01,18.153465671147,18.26483608719565,17.763666000761464,18.0977783203125,2615552,0.0,0.0
1999-06-02,18.153463610226815,18.84952970291321,17.902878059755572,18.654632568359375,1858992,0.0,0.0
1999-06-03,18.54326095683275,19.01658840937748,18.45973422147371,18.988744735717773,1464699,0.0,0.0
1999-06-04,18.877374129832937,19.2671727001435,18.793845252534954,19.01658821105957,1061327,0.0,0.0
1999-06-07,18.849527153159,18.960899684308725,18.26483154296875,18.26483154296875,1177711,0.0,0.0
1999-06-08,18.320511048760615,18.710309429731137,18.209140695000176,18.292667388916016,1248449,0.0,0.0
1999-06-09,18.38192460695649,18.49350088214993,18.18667095550975,18.32613754272461,786822,0.05948,0.0
1999-06-10,18.21456658164339,18.21456658164339,17.796161380416944,18.186674118041992,862856,0.0,0.0
1999-06-11,18.242470283921573,18.326149863161266,17.433553015275198,17.74038314819336,1846131,0.0,0.0
1999-06-14,17.90773535596509,18.298246993060673,17.74037307244342,17.93562889099121,914680,0.0,0.0
1999-06-15,18.102997768191706,18.549296637895555,17.96352896889725,18.27035903930664,1256141,0.0,0.0
1999-06-16,18.326145520133466,18.688764815584133,18.270358431617353,18.57718849182129,982644,0.0,0.0
1999-06-17,18.18667793610791,18.549295066163413,18.075101618088095,18.409826278686523,1231048,0.0,0.0
1999-06-18,18.43771852066127,18.856124877929688,18.326144350748553,18.856124877929688,1750552,0.0,0.0
1999-06-21,18.911921935757977,18.911921935757977,18.381941129100714,18.52140998840332,894757,0.0,0.0
1999-06-22,18.4377187481436,18.549295066163413,18.298252107397218,18.409826278686523,1140639,0.0,0.0
1999-06-23,18.409826278686523,18.409826278686523,18.019314532443442,18.409826278686523,903458,0.0,0.0
1999-06-24,18.214570641460796,18.270357727827946,17.879845976527367,17.96352767944336,962848,0.0,0.0
1999-06-25,18.1866845501211,18.632983544315906,18.075108191523935,18.354045867919922,1015176,0.0,0.0
1999-06-28,18.63297807756687,19.10716941223901,18.549296369853284,18.716657638549805,1142783,0.0,0.0
1999-06-29,18.605081148760206,19.66504001232453,18.577186534076496,19.6092529296875,1401022,0.0,0.0
1999-06-30,19.553464305370838,19.63714599609375,19.05137845449381,19.63714599609375,1437715,0.0,0.0
1999-07-01,19.525575366586324,19.86030008001134,19.469788272137293,19.74872589111328,1002819,0.0,0.0
1999-07-02,19.776615753003814,19.91608238220215,19.665039444222685,19.91608238220215,980501,0.0,0.0
1999-07-06,19.69294134646704,19.74872844813927,19.469790793046993,19.5534725189209,1000424,0.0,0.0
1999-07-07,19.525567256170337,19.83239936828613,19.302418971064252,19.832399368286133,826919,0.0,0.0
1999-07-08,19.637155256965038,19.83241119624761,18.967705708930158,19.386112213134766,1274676,0.0,0.0
1999-07-09,19.38610173480971,19.46978127303626,19.079269605545438,19.4418888092041,925524,0.0,0.0
1999-07-12,19.441894182417908,19.469786653958792,19.16295658662506,19.302425384521484,600078,0.0,0.0
1999-07-13,19.274534604261003,19.414003429928933,18.96770447583021,19.190855026245117,729071,0.0,0.0
1999-07-14,19.21874651354617,19.38610995442066,18.80034220482191,19.35821533203125,954778,0.0,0.0
1999-07-15,19.302429228087025,19.52557763177084,18.96770447583021,19.190855026245117,1292077,0.0,0.0
1999-07-16,19.302424538486324,20.027660967721836,19.190850363751803,19.943979263305664,1334066,0.0,0.0
1999-07-19,19.971865973112457,19.999760582115695,19.469780184893814,19.832399368286133,1110629,0.0,0.0
1999-07-20,19.860282895477244,19.860282895477244,19.13504914843302,19.525558471679688,965370,0.0,0.0
1999-07-21,19.553461865173574,19.83239936828613,19.413993113617295,19.832399368286133,1227644,0.0,0.0
1999-07-22,19.692937079290225,19.692937079290225,18.605083465576172,18.605083465576172,1541237,0.0,0.0
1999-07-23,18.632977727068017,18.74455190410025,18.409827226272945,18.57718849182129,1663043,0.0,0.0
1999-07-26,18.6887638536403,18.96769928186357,18.270357491209637,18.409826278686523,1182754,0.0,0.0
1999-07-27,18.326144575167397,18.465613362631444,18.10299623260932,18.29825210571289,2184187,0.0,0.0
1999-07-28,18.32615124158781,18.381938347520748,18.130895297456874,18.354045867919922,1285016,0.0,0.0
1999-07-29,18.130887979085824,18.242464292646204,17.62880315498578,18.01931381225586,1031821,0.0,0.0
1999-07-30,18.01930575567788,18.10298741675081,17.40564596575494,17.879837036132812,1171028,0.0,0.0
1999-08-02,17.6288105355647,17.991427802942717,17.43355458850008,17.600915908813477,1280603,0.0,0.0
1999-08-03,17.824060449585758,17.879847540833715,17.349868027247403,17.712486267089844,1473399,0.0,0.0
1999-08-04,17.87984621988746,18.047209627997404,17.405654905947276,17.517229080200195,1109494,0.0,0.0
1999-08-05,17.51723366788045,18.186683182184737,17.433553015275198,17.74038314819336,1476804,0.0,0.0
1999-08-06,17.768276699061776,17.90774552676943,17.461446566143614,17.74038314819336,1218565,0.0,0.0
1999-08-09,17.740379464182524,17.907741808003717,17.4893364851334,17.573017120361328,643201,0.0,0.0
1999-08-10,17.740379881965037,17.740379881965037,16.680419777289398,16.9593563079834,1428384,0.0,0.0
1999-08-11,16.93145773574995,17.43354462998131,16.847777123393914,17.405651092529297,1269506,0.0,0.0
1999-08-12,17.573014050360964,18.01931284033899,17.545120510157982,17.851951599121094,1424475,0.0,0.0
1999-08-13,17.85194220413806,18.27034616035353,17.796154079726687,18.075090408325195,2438138,0.0,0.0
1999-08-16,17.991409831755018,18.242453708194724,17.991409831755018,18.075090408325195,1173676,0.0,0.0
1999-08-17,17.907741535367634,18.158784510594757,17.740379194094444,18.130889892578125,1440993,0.0,0.0
1999-08-18,17.85194220413806,18.15877205825996,17.796154079726687,18.075090408325195,1208603,0.0,0.0
1999-08-19,17.851953626928736,17.99142134378582,17.517228959741185,17.68459129333496,1133956,0.0,0.0
1999-08-20,17.68458892716965,17.879843704644838,17.656695387530334,17.82405662536621,871808,0.0,0.0
1999-08-23,17.851951238370656,18.047207089210975,17.768269546087588,17.82405662536621,1600753,0.0,0.0
1999-08-24,17.656704436502977,17.824065760110695,17.40566137772572,17.62881088256836,2238659,0.0,0.0
1999-08-25,17.628804682803796,17.65669822692871,17.266186462449326,17.65669822692871,1555738,0.0,0.0
1999-08-26,17.405656191860718,17.712486267089844,17.377761572871382,17.712486267089844,1494331,0.0,0.0
1999-08-27,17.628805630217908,17.851955068575098,17.628805630217908,17.712486267089844,1270641,0.0,0.0
1999-08-30,17.545124190510116,17.74038008625399,17.26618765660403,17.377761840820312,881139,0.0,0.0
1999-08-31,17.433553661045757,17.62880959772288,17.210404172466987,17.545127868652344,1583605,0.0,0.0
1999-09-01,17.54511725389563,17.96352242601733,17.43354311379115,17.93562889099121,2176999,0.0,0.0
1999-09-02,17.851953626928736,17.851953626928736,17.461441872998353,17.68459129333496,1051239,0.0,0.0
1999-09-03,17.851956818753777,18.047212730629578,17.82406219702969,17.991424560546875,966883,0.0,0.0
1999-09-07,18.019324145695165,19.02349651648269,17.879855283812088,18.549304962158203,1577678,0.0,0.0
1999-09-08,18.52739271194837,19.11423145341509,18.331779081238178,19.002452850341797,2198687,0.060273,0.0
1999-09-09,18.890666819197058,19.28189392678153,18.778888260076638,19.253948211669922,2291240,0.0,0.0
1999-09-10,19.253956666452037,19.253956666452037,18.723007202148438,18.723007202148438,1503535,0.0,0.0
1999-09-13,18.83477020263672,18.918603013988832,18.722991687059118,18.83477020263672,1294095,0.0,0.0
1999-09-14,18.611220569177135,19.08628273010254,18.611220569177135,19.08628273010254,827676,0.0,0.0
1999-09-15,19.086284099247848,19.086284099247848,18.639167624811602,18.695056915283203,1321835,0.0,0.0
1999-09-16,18.750945885044853,18.946559473681468,18.667113026103014,18.806835174560547,1027912,0.0,0.0
1999-09-17,18.7788901431634,19.086282286900353,18.7788901431634,18.946557998657227,1159301,0.0,0.0
1999-09-20,18.862723279055288,19.25395043175028,18.862723279055288,19.14217185974121,1224617,0.0,0.0
1999-09-21,19.198057434375468,19.198057434375468,18.611216818781063,18.778886795043945,1448307,0.0,0.0
1999-09-22,18.806840082969877,19.00245372265982,18.443558530973107,18.723007202148438,1412118,0.0,0.0
1999-09-23,18.639158248901367,19.05832879191801,18.583268986543303,18.639158248901367,1286025,0.0,0.0
1999-09-24,18.527391745879314,19.19806548001216,18.47150029659315,18.97450828552246,1497483,0.0,0.0
1999-09-27,19.22600464722132,19.365726770790342,19.058334657877687,19.253948211669922,2219367,0.0,0.0
1999-09-28,19.226012207152237,19.253955782588633,18.750949918094957,19.002452850341797,1402030,0.0,0.0
1999-09-29,18.974509895666024,19.561348656331468,18.946564168651516,19.337791442871094,1316035,0.0,0.0
1999-09-30,19.337783809207675,19.98051377018205,19.253948811922257,19.95256805419922,3416370,0.0,0.0
1999-10-01,19.84079234103237,19.86873806102863,19.42162159573215,19.61723518371582,1886102,0.0,0.0
1999-10-04,19.67312337394625,20.008459091186523,19.617234087739536,20.008459091186523,1349450,0.0,0.0
1999-10-05,20.008460209019777,20.008460209019777,19.226008007748483,19.61723518371582,1338606,0.0,0.0
1999-10-06,19.673121948450788,19.980514075646,19.533397667726664,19.840789794921875,1120086,0.0,0.0
1999-10-07,20.120245263930244,20.120245263930244,19.7569637298584,19.7569637298584,1186789,0.0,0.0
1999-10-08,19.812843218602467,20.28790312008315,19.812843218602467,20.176124572753906,1617776,0.0,0.0
1999-10-11,20.120235766497398,20.39968214131226,20.008455065908624,20.31584930419922,1245549,0.0,0.0
1999-10-12,20.232018987994334,20.3158539951277,20.036405405125358,20.092294692993164,892362,0.0,0.0
1999-10-13,20.120243238589776,20.259967553218303,20.00846249648878,20.064353942871094,943177,0.0,0.0
1999-10-14,20.06435312387757,20.679137502352255,19.784904506027146,20.343799591064453,1549686,0.0,0.0
1999-10-15,20.343796989146878,20.343796989146878,19.64517768453591,19.701066970825195,2029218,0.0,0.0
1999-10-18,19.812855932122297,19.86874524164999,19.44957219419605,19.784910202026367,1205073,0.0,0.0
1999-10-19,19.896677923868562,20.120237190202303,19.729010087115498,19.86873435974121,1040269,0.0,0.0
1999-10-20,20.064348525939167,20.59529776725389,20.036402810292735,20.567354202270508,1482478,0.0,0.0
1999-10-21,20.315859070290593,20.53941627760927,20.259969768460923,20.511472702026367,1254880,0.0,0.0
1999-10-22,20.623247930687672,21.29392159355171,20.567358638004293,21.2100887298584,1856596,0.0,0.0
1999-10-25,21.014471897736822,21.433642603718027,20.958580462987026,21.098304748535156,1643121,0.0,0.0
1999-10-26,21.154195181206052,21.377752306962563,21.014470902276692,21.07036018371582,1051491,0.0,0.0
1999-10-27,21.070365156239937,21.126254450868718,20.846805827061214,21.04241943359375,1236470,0.0,0.0
1999-10-28,21.32185950230654,21.573362302555918,21.098300262827806,21.26597023010254,1794433,0.0,0.0
1999-10-29,21.377748067231153,21.74102939986943,21.26596952652132,21.5454158782959,1781067,0.0,0.0
1999-11-01,21.685144120933113,21.76897911722768,21.433641282712465,21.489530563354492,1184520,0.0,0.0
1999-11-02,21.46158375814791,21.62925157475992,21.12624597426117,21.26597023010254,1229031,0.0,0.0
1999-11-03,21.238028028033202,21.377752306962563,20.84680090729623,21.07036018371582,1644760,0.0,0.0
1999-11-04,21.182138441450377,21.182138441450377,20.790911326349306,20.874746322631836,2105252,0.0,0.0
1999-11-05,21.1262487141003,21.4056951113614,21.07035943464808,21.34980583190918,1532537,0.0,0.0
1999-11-08,21.405691961351064,21.76897545032507,21.210080587385498,21.741029739379883,1331797,0.0,0.0
1999-11-09,21.796923448557425,21.796923448557425,21.377752753673413,21.51747703552246,880761,0.0,0.0
1999-11-10,21.62924639629764,21.852803431589745,21.40568721034332,21.71308135986328,1433806,0.0,0.0
1999-11-11,21.824870438318214,22.104319018317582,21.71309186658377,22.04842758178711,1001937,0.0,0.0
1999-11-12,21.9925320656019,22.327869836469834,21.9925320656019,22.160202026367188,1361555,0.0,0.0
1999-11-15,22.188148498535156,22.271983489922228,21.992534952407265,22.188148498535156,1131813,0.0,0.0
1999-11-16,22.327873693611362,22.802935796963162,22.10431657485499,22.77499008178711,1780688,0.0,0.0
1999-11-17,22.774998050392014,22.914722373833538,22.57938442770663,22.663219451904297,950112,0.0,0.0
1999-11-18,22.8308872795558,22.8308872795558,22.216102839096703,22.41171646118164,1438597,0.0,0.0
1999-11-19,22.299934494760503,22.579380947913243,22.216099483482964,22.551437377929688,1164093,0.0,0.0
1999-11-22,22.579383604567898,22.802942944057165,22.216102097394486,22.383769989013672,1443515,0.0,0.0
1999-11-23,22.271975574119157,22.327864831625664,21.908694324995793,21.93663787841797,1393078,0.0,0.0
1999-11-24,21.796923719956954,22.38376442063199,21.657201587031313,22.3278751373291,1527998,0.0,0.0
1999-11-26,22.104316864915706,22.38376326702816,22.048425433830175,22.355819702148438,339065,0.0,0.0
1999-11-29,22.076376288894117,22.299935613293158,21.5733704973257,21.964597702026367,1011520,0.0,0.0
1999-11-30,21.964587887638547,22.18814496148254,21.93664217807676,22.076366424560547,1063722,0.0,0.0
1999-12-01,21.908694841074983,22.16019758110971,21.62924639629764,21.71308135986328,1165984,0.0,0.0
1999-12-02,21.90871158604307,22.551441779743985,21.880765859941352,22.439661026000977,1068136,0.0,0.0
1999-12-03,22.355821715362794,23.194165298521803,22.355821715362794,22.914716720581055,1684605,0.0,0.0
1999-12-06,22.747038653806698,22.802927914175324,22.327865975048596,22.523479461669922,1011646,0.0,0.0
1999-12-07,22.551427916711273,23.11032273920165,22.523482207788618,22.85881996154785,1531906,0.0,0.0
1999-12-08,23.12217875950443,23.178164398454996,22.730277132479475,22.81425666809082,1237605,0.06979,0.0
1999-12-09,22.898243697585464,23.178171983950122,22.674298914122044,22.9542293548584,1642112,0.0,0.0
1999-12-10,22.954225455986432,22.954225455986432,22.310387275148805,22.506338119506836,1188555,0.0,0.0
1999-12-13,22.53432947362815,22.898239409308367,22.422358180051756,22.618309020996094,1044934,0.0,0.0
1999-12-14,22.730287485797557,22.954232297974446,22.56233049244387,22.59032440185547,1263454,0.0,0.0
1999-12-15,22.422364366474373,22.674300923717237,22.142436055300017,22.31739044189453,1323979,0.0,0.0
1999-12-16,22.198415209986265,22.786267722679078,22.08644176397007,22.73027992248535,1297247,0.0,0.0
1999-12-17,22.618316090791236,22.926238321559055,22.338387769353204,22.422365188598633,2287835,0.0,0.0
1999-12-20,22.506334576677208,23.43010085091804,22.506334576677208,22.81425666809082,1431158,0.0,0.0
1999-12-21,23.010220739190064,23.710044860839844,22.84226372556812,23.710044860839844,1413757,0.0,0.0
1999-12-22,23.6540383846409,23.6540383846409,22.81424974642573,23.01020050048828,1248197,0.0,0.0
1999-12-23,23.178164064374783,23.626051323894647,23.094186684344844,23.514080047607422,629710,0.0,0.0
1999-12-27,23.48609979838154,23.682050704956055,23.206169316311666,23.682050704956055,1264337,0.0,0.0
1999-12-28,23.654057166278484,23.822014165533485,23.290149257373294,23.40212059020996,1014042,0.0,0.0
1999-12-29,23.51407672099552,24.101929069894535,23.45809109077237,23.989957809448242,1010889,0.0,0.0
1999-12-30,23.878005821531147,24.493852615356445,23.878005821531147,24.493852615356445,1099785,0.0,0.0
1999-12-31,24.49383441124617,24.549820050098802,23.90598197173703,24.129926681518555,512443,0.0,0.0
2000-01-03,23.961975927819015,24.157926809003502,23.26215196769491,23.290145874023438,2698899,0.0,0.0
2000-01-04,23.12218674479574,23.738033294677734,23.06620108651042,23.290145874023438,3141234,0.0,0.0
2000-01-05,23.262147283376088,23.262147283376088,22.618309111187557,23.06619644165039,3008836,0.0,0.0
2000-01-06,23.234161451008813,23.71004064892056,22.98222274377266,23.37412452697754,2121771,0.0,0.0
2000-01-07,23.905994415283203,24.101945330449272,23.514092584951072,23.905994415283203,1892407,0.0,0.0
2000-01-10,23.738042697562868,24.521844378401067,23.682057017101037,24.493852615356445,1722181,0.0,0.0
2000-01-11,24.24190628880472,24.35387760498362,23.87799627966571,24.017961502075195,1087932,0.0,0.0
2000-01-12,24.0179604139603,24.129933879438056,23.62605867071723,23.794017791748047,1108990,0.0,0.0
2000-01-13,23.794006439573984,23.794006439573984,23.48608440375662,23.654041290283203,1314648,0.0,0.0
2000-01-14,23.23416359095496,23.682051076673677,22.842261771654574,23.40212059020996,2138541,0.0,0.0
2000-01-18,23.17817397109785,23.318139203465744,21.974476850603324,22.058456420898438,2826379,0.0,0.0
2000-01-19,22.114444524382165,24.409867694637903,22.086450613069335,24.213916778564453,4264472,0.0,0.0
2000-01-20,23.905983213020185,24.185913576189318,22.562321347676335,22.758272171020508,3220295,0.0,0.0
2000-01-21,23.094186620463574,23.094186620463574,22.394362914047765,22.646299362182617,2826253,0.0,0.0
2000-01-24,22.842252616882327,22.842252616882327,22.2823940227084,22.394365310668945,2919562,0.0,0.0
2000-01-25,22.618308497951855,22.982216270845477,22.478343307032386,22.8702449798584,2439778,0.0,0.0
2000-01-26,23.234154395519795,23.234154395519795,22.422357167810706,22.842252731323242,1759379,0.0,0.0
2000-01-27,22.954229091232342,23.150179966622982,21.30264468034814,22.478347778320312,2568393,0.0,0.0
2000-01-28,22.366367140112434,22.394361033942076,21.61055785916141,21.918479919433594,1732142,0.0,0.0
2000-01-31,21.918490304698626,21.918490304698626,20.96672977909595,21.246660232543945,2152285,0.0,0.0
2000-02-01,21.274648868602906,21.7785218874962,20.910741055929186,21.582571029663086,1747526,0.0,0.0
2000-02-02,21.610562853415544,21.610562853415544,19.81901355666874,20.4068660736084,2998371,0.0,0.0
2000-02-03,20.602814053079438,21.946475839149837,20.51883451820911,21.77851676940918,3202389,0.0,0.0
2000-02-04,21.750530801175696,22.058452971612066,21.442606476367782,21.498594284057617,1296743,0.0,0.0
2000-02-07,21.498603209968437,21.610574563093913,20.826770782470703,20.826770782470703,1554603,0.0,0.0
2000-02-08,21.050700483608907,21.050700483608907,20.602813239276802,20.85474967956543,2684903,0.0,0.0
2000-02-09,20.85475591599146,21.022712874952926,20.070952465428228,20.154932022094727,2266904,0.0,0.0
2000-02-10,20.23890073978136,21.44259714842218,20.182915110817905,21.21865463256836,2229958,0.0,0.0
2000-02-11,21.050711662831585,21.050711662831585,20.378879362363712,20.518844604492188,1208351,0.0,0.0
2000-02-14,20.574825387678917,21.38662058324908,20.434860178766797,20.74278450012207,1729999,0.0,0.0
2000-02-15,20.85475260737816,21.050703438931308,20.350879656061842,20.630807876586914,2317089,0.0,0.0
2000-02-16,20.714799120591156,20.742793035641498,20.37888291184912,20.490854263305664,2399302,0.0,0.0
2000-02-17,20.57482031741673,20.630805956310706,20.182918690787897,20.35087776184082,1387656,0.0,0.0
2000-02-18,20.35088201544399,20.406867666039705,19.539084695877477,19.930986404418945,1585874,0.0,0.0
2000-02-22,19.930986322110584,19.95898022447856,17.91549429150229,18.75528335571289,4049736,0.0,0.0
2000-02-23,18.78327648022641,19.902996032688744,18.727290825759027,19.455108642578125,2999758,0.0,0.0
2000-02-24,19.87499771009686,20.182919818402766,19.735032527856603,19.986968994140625,2610886,0.0,0.0
2000-02-25,19.986974540852557,20.18292541949427,19.231164932250977,19.231164932250977,2241685,0.0,0.0
2000-02-28,19.20317079230317,20.154931161173256,19.147182987336013,19.930986404418945,2535735,0.0,0.0
2000-02-29,20.09894570824191,20.294896564439732,19.343134031838037,19.511093139648438,2114205,0.0,0.0
2000-03-01,19.51109521897219,20.126939601584453,19.51109521897219,19.81901741027832,1471634,0.0,0.0
2000-03-02,19.791027598017088,19.8470132606153,19.371131896972656,19.371131896972656,1323474,0.0,0.0
2000-03-03,19.03521740053675,19.930992387723705,19.03521740053675,19.3431396484375,2809483,0.0,0.0
2000-03-06,19.343143752244288,19.875010936967808,19.343143752244288,19.679059982299805,2528925,0.0,0.0
2000-03-07,19.70705145690101,20.09895331767001,19.455114854174123,19.48310661315918,2734710,0.0,0.0
2000-03-08,19.46649571971433,19.80309274117264,19.410396575927734,19.410396575927734,2231598,0.06979,0.0
2000-03-09,19.41038949056953,19.803085512468932,19.35429036726075,19.746986389160156,3092814,0.0,0.0
2000-03-10,19.775038495681404,20.083584809796953,19.578690448746354,19.803089141845703,2254168,0.0,0.0
2000-03-13,19.74700055854703,20.36409351647431,19.66285073383349,20.223844528198242,1792919,0.0,0.0
2000-03-14,21.542165184287573,21.542165184287573,20.756773205592644,21.205568313598633,2700412,0.0,0.0
2000-03-15,21.205574396139088,22.21536313911276,21.177523749394975,22.04706573486328,4394475,0.0,0.0
2000-03-16,22.4397543447315,24.880077764642156,22.4397543447315,24.571529388427734,6838287,0.0,0.0
2000-03-17,24.571544008327844,24.571544008327844,23.78615375801369,24.234949111938477,3553685,0.0,0.0
2000-03-20,24.010546089046084,24.094695877559886,23.000757261834753,23.449552536010742,2472310,0.0,0.0
2000-03-21,22.944646585708004,23.786137571523916,22.944646585708004,23.561738967895508,2277117,0.0,0.0
2000-03-22,23.225149729348246,23.561746665386444,22.580006501415944,23.056852340698242,2591846,0.0,0.0
2000-03-23,22.60805973058439,23.309302168247335,22.60805973058439,23.08490562438965,2529052,0.0,0.0
2000-03-24,22.888557507441597,23.75809735065369,22.888557507441597,23.337352752685547,2204488,0.0,0.0
2000-03-27,23.22515919773717,24.010551649100876,23.22515919773717,23.309309005737305,2425529,0.0,0.0
2000-03-28,23.309318297516942,23.421516647083294,21.738534927368164,21.738534927368164,2987527,0.0,0.0
2000-03-29,22.04707065640635,22.327568551509117,21.093380835291388,21.373876571655273,2327302,0.0,0.0
2000-03-30,21.654367868153244,22.187312842951837,21.121422893354648,21.289722442626953,2316206,0.0,0.0
2000-03-31,21.289735155077647,22.075125605277798,21.261684493870014,21.654380798339844,3128751,0.0,0.0
2000-04-03,22.32755815114992,23.25319688808896,22.159258628988006,22.439756393432617,2632574,0.0,0.0
2000-04-04,22.860512501929474,23.842253017790892,22.215369042754684,22.88856315612793,3094075,0.0,0.0
2000-04-05,23.309298815783315,23.309298815783315,21.738516758482163,22.523906707763672,3224330,0.0,0.0
2000-04-06,22.63611595113707,23.73005476862631,22.60806529687933,23.533706665039062,1799350,0.0,0.0
2000-04-07,23.61785015767345,23.730050596237536,23.225154019545624,23.39345359802246,1736051,0.0,0.0
2000-04-10,23.730050266442266,23.730050266442266,22.720259285830895,23.253204345703125,1938809,0.0,0.0
2000-04-11,23.25320870827404,23.449556811446325,22.83246400646999,22.88856315612793,1954571,0.0,0.0
2000-04-12,22.88856558371449,22.88856558371449,21.7104768397314,22.327571868896484,2969621,0.0,0.0
2000-04-13,22.327555193912517,22.523901012532708,21.4580135345459,21.4580135345459,1902116,0.0,0.0
2000-04-14,20.64458656311035,21.233630877962657,20.532386104039205,20.64458656311035,3484964,0.0,0.0
2000-04-17,20.700680889975036,21.23362593048397,20.055537575276375,20.925077438354492,3125094,0.0,0.0
2000-04-18,21.82267669613858,22.58001858857864,21.57022939865856,21.990976333618164,3127616,0.0,0.0
2000-04-19,21.990966600113453,22.523909459606003,21.794618549119864,22.04706573486328,1431032,0.0,0.0
2000-04-20,22.4397630241779,23.16905397325211,22.299514100513317,22.720258712768555,2597142,0.0,0.0
2000-04-24,22.720259184891198,24.291043708593506,22.299514563892966,24.206893920898438,3467689,0.0,0.0
2000-04-25,24.01054585543565,24.206893920898438,23.58980123443742,24.206893920898438,1818012,0.0,0.0
2000-04-26,23.9264078025352,24.29105562223099,23.73006179951235,23.898359298706055,1673635,0.0,0.0
2000-04-27,23.4495562956533,24.627642730035006,23.4495562956533,24.34714698791504,2810113,0.0,0.0
2000-04-28,24.627644581783265,24.767893542758006,24.010551743981313,24.150800704956055,1769088,0.0,0.0
2000-05-01,24.12274413320337,25.132535109328522,24.06664499431951,24.206893920898438,2003873,0.0,0.0
2000-05-02,24.206895398203773,24.206895398203773,23.42150308842147,23.870298385620117,1740339,0.0,0.0
2000-05-03,23.786149736150286,23.898348015975778,22.551962181854066,23.39345359802246,1819273,0.0,0.0
2000-05-04,23.393448860064385,23.814193403564403,23.253199959318327,23.421497344970703,1623955,0.0,0.0
2000-05-05,23.309303484836217,23.701999617506434,22.776358424963988,23.253204345703125,1669979,0.0,0.0
2000-05-08,23.365401241222923,23.477599512849302,22.97270513179216,23.337352752685547,684056,0.0,0.0
2000-05-09,23.337369462828615,23.67396451871827,21.99098276305004,22.664175033569336,1400643,0.0,0.0
2000-05-10,22.692202796252783,23.28124678761025,22.383656560419194,22.91659927368164,2438012,0.0,0.0
2000-05-11,23.33735061356099,24.122740601694456,23.084903446171975,23.645896911621094,1954445,0.0,0.0
2000-05-12,23.56175382233815,23.673952115518713,22.88856190451593,23.225156784057617,862099,0.0,0.0
2000-05-15,23.225156325173852,23.449555065840144,22.748312509208546,23.28125762939453,994371,0.0,0.0
2000-05-16,23.730054015317247,24.150798704653994,23.28125867261323,23.954450607299805,1363320,0.0,0.0
2000-05-17,23.758086936543805,23.758086936543805,22.916595950727896,23.561738967895508,1067127,0.0,0.0
2000-05-18,24.150793525190558,24.150793525190558,23.056854977038213,23.08490562438965,1144422,0.0,0.0
2000-05-19,23.70200187531514,23.70200187531514,22.83246189781359,22.944660186767578,1218187,0.0,0.0
2000-05-22,23.169051062809487,23.786145817667933,22.32756194400493,23.645896911621094,2136776,0.0,0.0
2000-05-23,23.673950218418902,24.15079616433276,23.449553650039682,24.122745513916016,2137532,0.0,0.0
2000-05-24,24.122734870771314,24.908126831054688,24.01053663608447,24.908126831054688,2674941,0.0,0.0
2000-05-25,25.02032220242342,25.24472080485473,24.40322982352791,25.132522583007812,2684651,0.0,0.0
2000-05-26,24.908129114172045,24.936179754783783,23.70199258388781,24.038589477539062,1703393,0.0,0.0
2000-05-30,24.038601589560326,25.104489771317088,23.898352633312037,25.020339965820312,2466762,0.0,0.0
2000-05-31,25.10449300951649,25.10449300951649,24.57154777052461,24.683748245239258,2438769,0.0,0.0
2000-06-01,24.655674557292674,24.880073138383636,24.48737724052741,24.739824295043945,3427844,0.0,0.0
2000-06-02,25.132535967910496,25.581331253051754,25.104485318141016,25.581331253051758,3064822,0.0,0.0
2000-06-05,25.132533899306573,26.002073748249686,25.132533899306573,25.637428283691406,1777536,0.0,0.0
2000-06-06,25.469126777194504,25.945972636550238,25.413027645282938,25.889873504638672,1694819,0.0,0.0
2000-06-07,25.76087362900487,25.957521667839483,25.479949403552997,25.78896713256836,1281107,0.06979,0.0
2000-06-08,25.704694238473902,25.704694238473902,24.890010568731952,25.058565139770508,1264211,0.0,0.0
2000-06-09,25.030473359646546,25.508045717019783,24.946194994565438,25.255212783813477,1364076,0.0,0.0
2000-06-12,25.14282961783265,25.227107937816534,24.791671752929688,24.791671752929688,540436,0.0,0.0
2000-06-13,24.833817503356308,25.002372018682266,24.1595951179798,24.356243133544922,1892533,0.0,0.0
2000-06-14,24.300067284721326,24.580993742894123,23.9348646187264,24.524808883666992,2257573,0.0,0.0
2000-06-15,24.4686141777495,24.974282076057076,24.412429336167875,24.58098602294922,1494583,0.0,0.0
2000-06-16,24.60908118667523,24.890007600272394,24.384341785426937,24.665266036987305,3170109,0.0,0.0
2000-06-19,24.440519203784852,24.72144553195701,24.04722320915829,24.552888870239258,1224996,0.0,0.0
2000-06-20,24.524815281420917,24.524815281420917,23.373019961704657,23.485389709472656,1647156,0.0,0.0
2000-06-21,23.822495043173515,24.271976081723956,23.401105353386573,23.56966209411621,1686623,0.0,0.0
2000-06-22,23.569662085161386,23.906771242418277,23.40110534449579,23.65393829345703,1582218,0.0,0.0
2000-06-23,23.822498321533207,24.04723779071762,23.513478308348454,23.822498321533203,5689074,0.0,0.0
2000-06-26,23.82249077295485,23.87867562244779,23.42919466446751,23.766305923461914,2077134,0.0,0.0
2000-06-27,23.766297098493848,23.87866675575431,23.26062931674984,23.457277297973633,1136352,0.0,0.0
2000-06-28,23.457295925795048,24.32816686622636,23.401111052547492,24.208772659301758,1752065,0.0,0.0
2000-06-29,24.075320992364734,24.075320992364734,23.14826567400323,23.176359176635742,1838817,0.0,0.0
2000-06-30,23.28873828669265,24.13151560021618,22.979720442876083,24.07533073425293,2611895,0.0,0.0
2000-07-03,24.187694142764617,24.2438789940394,23.344917049569208,23.513471603393555,682795,0.0,0.0
2000-07-05,23.82250111481436,23.87868598869836,23.20446317801495,23.485389709472656,1189059,0.0,0.0
2000-07-06,23.51347497346899,23.822494942825923,23.485383624823818,23.71012306213379,1534176,0.0,0.0
2000-07-07,23.794392678941765,23.991040695266,22.86733959801581,23.26063346862793,1753326,0.0,0.0
2000-07-10,23.37301643639975,23.569664546352566,23.260644543542874,23.401107788085938,1893920,0.0,0.0
2000-07-11,23.597752582837632,23.625846092614395,22.979716988119588,23.148271560668945,2703312,0.0,0.0
2000-07-12,23.37301570768054,23.906772993450478,23.28873733117484,23.68203353881836,1264084,0.0,0.0
2000-07-13,23.766303639034927,24.271969397903344,23.45728375347173,24.04722785949707,1589027,0.0,0.0
2000-07-14,23.906749725341797,24.21576941775234,23.569640871497004,23.906749725341797,1294977,0.0,0.0
2000-07-17,23.90676459344733,24.215784478043652,23.850579749530695,24.103412628173828,1093733,0.0,0.0
2000-07-18,24.271978846143,24.60908804192249,24.01914370625228,24.07533073425293,1187168,0.0,0.0
2000-07-19,24.38433259639781,24.637165408542636,24.07531495511369,24.44051742553711,904341,0.0,0.0
2000-07-20,24.468622669661606,24.552901042301354,24.13151350317705,24.187698364257812,1073684,0.0,0.0
2000-07-21,24.019142529009788,24.27197765650838,23.653939837129535,23.794403076171875,1194355,0.0,0.0
2000-07-24,23.401105254814002,24.047234380135897,23.401105254814002,23.71012306213379,818975,0.0,0.0
2000-07-25,23.597749194417386,23.71011889331503,22.867343989545926,22.895435333251953,1624837,0.0,0.0
2000-07-26,23.03590160103839,23.148271314878137,22.249309280086035,22.333587646484375,2379379,0.0,0.0
2000-07-27,22.55832448203112,23.035898954028493,22.55832448203112,22.698787689208984,1259671,0.0,0.0
2000-07-28,22.867343044088546,23.007804080884814,22.24930540163092,22.389768600463867,1261815,0.0,0.0
2000-07-31,22.389770675122964,22.811158148631318,22.24930746327455,22.277400970458984,1631646,0.0,0.0
2000-08-01,22.754972539672767,22.923529253100927,22.586417988281415,22.698787689208984,1070531,0.0,0.0
2000-08-02,22.81115035065671,23.37300300598144,22.614502353700278,23.373003005981445,1539220,0.0,0.0
2000-08-03,23.20444448811961,23.738203603160752,23.120168326192246,23.457277297973633,1671618,0.0,0.0
2000-08-04,23.401098836161058,24.243875818983692,23.373007495221017,24.103412628173828,1122734,0.0,0.0
2000-08-07,24.019134356432577,24.075321362561564,23.51346859756416,24.04722785949707,1042917,0.0,0.0
2000-08-08,24.047225303968307,24.524799671056364,24.047225303968307,24.468612670898438,1321709,0.0,0.0
2000-08-09,24.13151270703993,24.552900232261987,24.019140826548526,24.524808883666992,1736430,0.0,0.0
2000-08-10,24.637165567568225,24.693350397070176,24.27196309478753,24.412424087524414,980627,0.0,0.0
2000-08-11,24.665257281309835,25.255201243223386,24.60907245094226,25.227109909057617,1622946,0.0,0.0
2000-08-14,25.114751403852825,26.069900512695312,24.35625254862836,26.069900512695312,2050906,0.0,0.0
2000-08-15,26.069898518161335,26.37891630642139,25.873250441625476,26.126083374023438,2342560,0.0,0.0
2000-08-16,26.069896532187553,26.35082079009758,25.704691753849247,26.182266235351562,1292203,0.0,0.0
2000-08-17,26.182267429324412,26.23845228346858,25.311398947034416,25.648508071899414,1679940,0.0,0.0
2000-08-18,25.732781148165127,26.463186264038086,25.648502803242668,26.463186264038086,1290438,0.0,0.0
2000-08-21,26.3508105060404,26.659828150158056,26.06988635776799,26.575551986694336,1169893,0.0,0.0
2000-08-22,26.294631265794887,26.744112160612204,26.266539926014314,26.631742477416992,1017068,0.0,0.0
2000-08-23,26.631758417089937,26.71603681094699,26.378925397556543,26.40701675415039,1274172,0.0,0.0
2000-08-24,26.378925397556543,26.828406561397884,26.09799885939155,26.40701675415039,1471256,0.0,0.0
2000-08-25,26.35082062393279,26.547468684248194,26.126081219021945,26.294635772705078,1122230,0.0,0.0
2000-08-28,26.126089251358426,27.165514723729366,26.126089251358426,26.96886444091797,1925696,0.0,0.0
2000-08-29,27.081229277043782,27.081229277043782,26.603654776278763,26.659839630126953,1714111,0.0,0.0
2000-08-30,26.687933309313667,26.828396525853897,26.43510038435603,26.547470092773438,1201038,0.0,0.0
2000-08-31,26.54747177835052,27.27787925351327,26.54747177835052,26.807329177856445,1634294,0.0,0.0
2000-09-01,27.39024418135344,27.39024418135344,26.828393539765298,27.109317779541016,1162201,0.0,0.0
2000-09-05,27.30596107619808,27.699257105473357,27.27786973812775,27.530702590942383,1471886,0.0,0.0
2000-09-06,27.867823083323493,27.98019279718247,27.418342065850535,27.671175003051758,1769466,0.0,0.0
2000-09-07,27.67116912835691,27.895908508361835,27.50261243131662,27.783538818359375,911528,0.0,0.0
2000-09-08,27.586884467293018,28.289198112157017,27.362145138713867,28.120643615722656,1656234,0.0,0.0
2000-09-11,28.23301483324248,28.513939009421374,27.89590365979159,28.317293167114258,1208099,0.0,0.0
2000-09-12,28.42966890735318,28.5139450971818,28.092557661928645,28.176836013793945,2048636,0.0,0.0
2000-09-13,28.328975744011494,28.75095558166504,27.963259740373342,28.75095558166504,2537752,0.06979,0.0
2000-09-14,28.638424508450115,29.004140468603673,28.357105371822723,28.779085159301758,2087473,0.0,0.0
2000-09-15,28.554035186767578,28.807225723865425,28.357112821930027,28.554035186767578,1951419,0.0,0.0
2000-09-18,28.919759427911064,29.00415412610117,28.1601941537386,28.24458885192871,2049897,0.0,0.0
2000-09-19,28.469647339498675,28.72283577229096,28.21645890670639,28.41338348388672,1773501,0.0,0.0
2000-09-20,28.300822107585564,28.300822107585564,27.344331204739547,27.625652313232422,2475336,0.0,0.0
2000-09-21,27.681941194484008,28.38524243815612,27.288092151615405,27.9632625579834,1825578,0.0,0.0
2000-09-22,27.991380433182314,28.357098469391964,27.79445600293877,28.30083465576172,1573895,0.0,0.0
2000-09-25,28.41337603522787,29.032280449788544,28.30084835350346,28.94788360595703,2583902,0.0,0.0
2000-09-26,29.032284281959146,30.270095439544107,29.032284281959146,30.241962432861328,3764387,0.0,0.0
2000-09-27,30.241953463213303,30.55140561955804,29.426124657381536,29.84810447692871,1911069,0.0,0.0
2000-09-28,29.735583602026733,30.129432678222656,29.25733984170065,30.129432678222656,1458520,0.0,0.0
2000-09-29,30.12942274463122,30.2419503964224,29.876234445563153,30.101289749145508,2287583,0.0,0.0
2000-10-02,29.707447060445666,30.0168992280402,28.582163892284655,29.172937393188477,1749291,0.0,0.0
2000-10-03,29.172940798161882,29.285468478589017,28.469639547877705,28.722827911376953,1748282,0.0,0.0
2000-10-04,28.75094970687314,29.03227098454282,28.132045494090704,28.328969955444336,1555738,0.0,0.0
2000-10-05,28.525900245603456,28.891616249241608,28.35710874355727,28.75095558166504,1997064,0.0,0.0
2000-10-06,28.75094899763306,29.03227026836299,28.525893713109642,28.61029052734375,1851174,0.0,0.0
2000-10-09,28.61029880555655,29.032278668673047,28.46963812949229,28.638429641723633,1086924,0.0,0.0
2000-10-10,28.9760128928872,29.369861893489748,28.66656072529267,29.172937393188477,2434103,0.0,0.0
2000-10-11,29.229187406915276,29.53863942819708,28.835338592529297,28.835338592529297,1976637,0.0,0.0
2000-10-12,28.722809116813,29.454240726058742,28.525884722383385,29.2573184967041,2001604,0.0,0.0
2000-10-13,29.144802745861213,29.144802745861213,28.07578563686955,28.44150161743164,2937720,0.0,0.0
2000-10-16,27.456882844742864,27.625674345409454,26.612921011257644,27.147428512573242,4173055,0.0,0.0
2000-10-17,27.14743303881868,27.20369904683148,26.725453134258142,26.978641510009766,2541787,0.0,0.0
2000-10-18,26.97863654571508,27.400618537703895,26.725448216552227,27.23182487487793,3222438,0.0,0.0
2000-10-19,27.40063651452076,27.653822844716217,27.17557887145727,27.597558975219727,2092643,0.0,0.0
2000-10-20,27.34435816732889,28.357113857474676,27.34435816732889,28.18832015991211,2039179,0.0,0.0
2000-10-23,28.103909852476782,28.328967286423826,27.40061105471548,27.653797149658203,1817129,0.0,0.0
2000-10-24,27.738195887126363,28.80721498383957,27.738195887126363,28.61029052734375,2130093,0.0,0.0
2000-10-25,28.6946952395389,29.144808131512956,28.469639876090078,28.94788360595703,3266823,0.0,0.0
2000-10-26,28.947873049789887,29.201061323880072,28.41336567397485,28.582157135009766,1819273,0.0,0.0
2000-10-27,28.469624000137177,28.722812225366074,28.01951135916633,28.38522720336914,1524341,0.0,0.0
2000-10-30,28.66655887662565,29.707445144653324,28.582162049060273,29.70744514465332,1941331,0.0,0.0
2000-10-31,29.70745127908086,29.848109800633715,28.8916201626615,29.39799690246582,2155942,0.0,0.0
2000-11-01,29.3979942553068,29.566787930093415,28.8072228887824,29.144805908203125,1142909,0.0,0.0
2000-11-02,29.53865710548578,29.594920946201054,29.285468739728838,29.482393264770508,1697341,0.0,0.0
2000-11-03,29.482386445062236,29.623047096851757,28.750952354802276,28.891613006591797,1043674,0.0,0.0
2000-11-06,28.891622264274982,29.369868200587533,28.61030303562931,29.3136043548584,1320953,0.0,0.0
2000-11-07,29.426124460802654,29.426124460802654,28.91974781469843,29.201066970825195,1161066,0.0,0.0
2000-11-08,29.707447060445666,29.707447060445666,29.03227672653383,29.172937393188477,1241009,0.0,0.0
2000-11-09,29.172921709069985,29.848089514917977,29.088524921435873,29.2573184967041,2135010,0.0,0.0
2000-11-10,29.932486822457616,30.60765464003278,29.538638026757514,29.904356002807617,2770646,0.0,0.0
2000-11-13,29.651185106302563,29.651185106302563,28.863489162727685,29.28546905517578,2952347,0.0,0.0
2000-11-14,29.369867530591897,30.129432678222656,29.229206836939557,30.129432678222656,2885769,0.0,0.0
2000-11-15,30.129428950440428,30.3544864654541,29.904373600503046,30.3544864654541,2468022,0.0,0.0
2000-11-16,30.29822524828364,30.29822524828364,29.84811231224043,30.185697555541992,1808555,0.0,0.0
2000-11-17,30.495136659712685,30.776457935486178,30.241948377546823,30.523269653320312,2770898,0.0,0.0
2000-11-20,30.551411073321688,31.029656974918307,30.523280235037447,31.001523971557617,2468275,0.0,0.0
2000-11-21,30.860867033662768,31.198450100856043,30.607676485652973,30.776470184326172,2620091,0.0,0.0
2000-11-22,30.973394722727193,31.001525562455022,30.438884952056338,30.776470184326172,2027201,0.0,0.0
2000-11-24,31.0577880391992,31.0577880391992,30.60767513768796,30.917129516601562,492772,0.0,0.0
2000-11-27,30.917118573372925,31.02964621765204,30.382609015433566,30.523269653320312,1951292,0.0,0.0
2000-11-28,30.52327967120542,30.832731877074522,30.045033778443052,30.43888282775879,2293005,0.0,0.0
2000-11-29,30.438863226907742,30.495127031282756,29.707431604957566,29.904356002807617,2317089,0.0,0.0
2000-11-30,29.48238765950431,29.81997280468983,29.28546317190243,29.70744514465332,2148376,0.0,0.0
2000-12-01,29.707451998307896,29.707451998307896,29.03228155217174,29.229206085205078,2205370,0.0,0.0
2000-12-04,29.454269277764695,29.67932687459186,29.2573468575219,29.34174156188965,1410353,0.0,0.0
2000-12-05,29.25733838091297,29.397996902465824,28.49777110613004,29.39799690246582,2538509,0.0,0.0
2000-12-06,28.582160020051685,29.932498339859066,28.582160020051685,29.791837692260742,2706843,0.0,0.0
2000-12-07,29.30294484859915,29.612879435605468,29.162064899473172,29.331119537353516,1307334,0.081686,0.0
2000-12-08,29.133884039677298,29.246587116113695,27.950497400192987,28.40131187438965,2450748,0.0,0.0
2000-12-11,28.739409922174783,28.739409922174783,27.49967222681192,27.612375259399414,2128832,0.0,0.0
2000-12-12,27.95047796350938,28.0913556268634,27.668718299902185,27.865949630737305,1367355,0.0,0.0
2000-12-13,27.950487423995096,28.344950219180348,27.894135905890103,28.063190460205078,2009295,0.0,0.0
2000-12-14,28.288594304592163,28.964816805492845,27.92230838153354,28.542177200317383,2195535,0.0,0.0
2000-12-15,27.386963030131785,27.443316706654002,26.654391256742,26.99250030517578,5235138,0.0,0.0
2000-12-18,27.048862606876654,27.217919367004193,26.62622504345938,26.964336395263672,2457557,0.0,0.0
2000-12-19,26.82344860128115,27.04885465727041,26.6543940592892,26.851625442504883,2506859,0.0,0.0
2000-12-20,26.626223429609198,26.964334760920117,26.400817321035685,26.56987190246582,3688100,0.0,0.0
2000-12-21,26.4571657247707,26.682571806733833,26.372637359809328,26.59804344177246,2269930,0.0,0.0
2000-12-22,26.59804941684552,26.879809251045284,26.400820135046747,26.823457717895508,1552964,0.0,0.0
2000-12-26,26.851633555680735,27.640557158465242,26.823456705943414,27.584205627441406,1300778,0.0,0.0
2000-12-27,27.69690144491111,28.373123977221677,27.69690144491111,28.3167724609375,1352350,0.0,0.0
2000-12-28,28.683063235279242,28.795766286842667,28.34495408058897,28.57036018371582,1207595,0.0,0.0
2000-12-29,28.852113778159442,28.852113778159442,28.4012995003757,28.542177200317383,1114538,0.0,0.0
2001-01-02,28.5140148922374,28.654894821718965,27.837792098106323,27.97867202758789,2220123,0.0,0.0
2001-01-03,27.950493984944927,28.20407696016726,27.274271272051497,27.386974334716797,1927587,0.0,0.0
2001-01-04,27.41514506266185,27.499673425010602,24.625730789656316,25.5555362701416,5021032,0.0,0.0
2001-01-05,24.794787525114472,25.16107348136748,24.456676244023058,24.738433837890625,3097984,0.0,0.0
2001-01-08,24.76660685502912,26.710743710370142,24.76660685502912,26.54168701171875,3641698,0.0,0.0
2001-01-09,26.59804234236055,27.640550849474646,26.48533930603749,27.358793258666992,3301751,0.0,0.0
2001-01-10,27.161565248327015,27.64055429666223,26.87980545392942,27.44332504272461,3194445,0.0,0.0
2001-01-11,27.47150286763653,28.006845670929046,27.24609674106126,27.302448272705078,1839700,0.0,0.0
2001-01-12,27.499663802807614,28.260412292407544,27.44331230377609,27.865949630737305,2391106,0.0,0.0
2001-01-16,27.837791431626425,28.14772596799491,27.640559968764478,27.950496673583984,1919265,0.0,0.0
2001-01-17,28.063191297768203,28.063191297768203,27.189737319946293,27.18973731994629,2330581,0.0,0.0
2001-01-18,27.274259634268233,27.640545515863604,26.76709390022852,27.077028274536133,2928137,0.0,0.0
2001-01-19,27.105227623907872,27.978679964964822,26.936170793189195,27.048873901367188,3110089,0.0,0.0
2001-01-22,27.04884899228547,27.105202662930484,26.14722278871066,26.457157135009766,2838989,0.0,0.0
2001-01-23,26.710754651595956,27.21792061839482,26.59804941684552,26.823457717895508,2231850,0.0,0.0
2001-01-24,27.161568511940825,27.330623107821886,26.93616021564857,27.10521697998047,1692927,0.0,0.0
2001-01-25,27.1615689268987,27.52785497446231,27.020689010620117,27.020689010620117,1733656,0.0,0.0
2001-01-26,27.133397348563182,27.302454148327318,26.59805443006224,26.7952880859375,1782454,0.0,0.0
2001-01-29,26.79641483706266,27.454604890800805,26.79641483706266,27.27427864074707,1038378,0.0,0.0
2001-01-30,27.495178953368207,27.495178953368207,26.73330222277463,27.10747718811035,2011817,0.0,0.0
2001-01-31,26.823451146488434,27.06689005700815,26.4177189061388,26.98574447631836,2837980,0.0,0.0
2001-02-01,26.65214818489266,26.940669251716464,26.507887651480758,26.913619995117188,1972224,0.0,0.0
2001-02-02,26.891081510975358,26.891081510975358,25.493556082231635,26.011991500854492,4774267,0.0,0.0
2001-02-05,26.011996338346233,26.59805500844977,26.011996338346233,26.589040756225586,1480965,0.0,0.0
2001-02-06,26.59352941311882,27.184095859333876,26.350088402326136,26.886558532714844,1540733,0.0,0.0
2001-02-07,26.823458095316408,27.0488642310871,26.67468935180346,26.904605865478516,1435571,0.0,0.0
2001-02-08,26.936161037182895,27.197635015808817,26.891081111310207,27.026325225830078,1505679,0.0,0.0
2001-02-09,27.02632535453408,27.048864233352305,26.75583712420623,26.85952377319336,1269380,0.0,0.0
2001-02-12,26.643110746940497,26.87753528407618,26.32303246659799,26.6025390625,1364581,0.0,0.0
2001-02-13,26.643137774346034,27.37345919341837,26.643137774346034,27.03985595703125,1556999,0.0,0.0
2001-02-14,26.688211821531834,26.86402980754474,26.561984135495855,26.656654357910156,1755344,0.0,0.0
2001-02-15,26.476325237946945,26.836977588308812,26.395179651763296,26.561981201171875,1517910,0.0,0.0
2001-02-16,26.530418789299087,26.598039737089348,25.876737339442705,26.566484451293945,1818138,0.0,0.0
2001-02-20,26.124694021107214,26.39518222603355,25.61527290601707,25.673879623413086,2209153,0.0,0.0
2001-02-21,25.493548338231168,26.34107845595715,25.493548338231168,25.966903686523438,1217178,0.0,0.0
2001-02-22,25.962396811279135,25.962396811279135,25.35830556465556,25.6964168548584,2148376,0.0,0.0
2001-02-23,25.876745194895264,25.876745194895264,25.416914370219423,25.52060317993164,2152663,0.0,0.0
2001-02-26,25.520597587010776,25.966903686523438,25.38084530343309,25.966903686523438,2107774,0.0,0.0
2001-02-27,25.966901328607022,26.12017822265625,25.606249047861752,26.12017822265625,1974115,0.0,0.0
2001-02-28,26.1472312778462,26.80992706705415,26.1472312778462,26.59804344177246,2377992,0.0,0.0
2001-03-01,26.530421742087317,26.683698654174805,26.142722337842656,26.683698654174805,1909556,0.0,0.0
2001-03-02,26.30501916026538,26.936157556997255,26.057069841971902,26.570999145507812,1718272,0.0,0.0
2001-03-05,26.327559808311292,26.922636911203057,26.07510443262444,26.67017936706543,1614750,0.0,0.0
2001-03-06,26.958697429061857,26.958697429061857,26.372638977860557,26.485342025756836,1335327,0.0,0.0
2001-03-07,26.75765969689582,26.825399414153402,26.41895459383163,26.577016830444336,1285268,0.081686,0.0
2001-03-08,26.554441832234744,26.866050245577878,26.441540831355713,26.861534118652344,1549560,0.0,0.0
2001-03-09,26.85702092304587,26.861537050464314,26.102838505462945,26.12090301513672,2590837,0.0,0.0
2001-03-12,25.402844251063858,25.709936506132127,25.16800784716865,25.177040100097656,2511651,0.0,0.0
2001-03-13,25.18156114018806,25.475105073141435,25.18156114018806,25.384784698486328,1774510,0.0,0.0
2001-03-14,24.793171898612567,25.04155446988232,24.251245498657227,24.251245498657227,4330798,0.0,0.0
2001-03-15,23.980286243057947,24.544793415709705,23.19449319714268,23.506101608276367,5437518,0.0,0.0
2001-03-16,23.370610703158306,23.438352585985818,21.88934325458218,22.530624389648438,6759227,0.0,0.0
2001-03-19,22.530617504580473,23.894467445072397,22.39965207672719,23.370603561401367,3316378,0.0,0.0
2001-03-20,23.370618936721723,23.731904761233814,23.031915920033363,23.049978256225586,2750723,0.0,0.0
2001-03-21,22.85126725898235,24.048023264748863,22.85126725898235,23.709318161010742,4300913,0.0,0.0
2001-03-22,23.664169578510712,24.32351563530203,22.99127730879102,23.5964298248291,3085879,0.0,0.0
2001-03-23,23.709323311572202,24.070609123678974,23.25771713256836,23.25771713256836,2408002,0.0,0.0
2001-03-26,23.822224036194896,24.468021494614653,23.72287141653771,24.147380828857422,1900729,0.0,0.0
2001-03-27,24.147379314761682,24.544791940730967,23.528678656567614,24.472536087036133,1994416,0.0,0.0
2001-03-28,24.273833102345108,24.296413739562205,23.948678443197323,24.12028694152832,1551955,0.0,0.0
2001-03-29,24.09770830853442,24.273832933080694,23.619005319648426,23.95770835876465,1653839,0.0,0.0
2001-03-30,24.27382090182219,24.83833003173728,23.736410695206615,24.558332443237305,1848653,0.0,0.0
2001-04-02,24.544802611667926,25.122860553834663,24.35512955559605,24.608028411865234,2652623,0.0,0.0
2001-04-03,24.589958564913207,24.589958564913207,23.713842842877668,23.754487991333008,1605545,0.0,0.0
2001-04-04,22.851274920475365,23.704809982697174,22.851274920475365,23.533199310302734,3292672,0.0,0.0
2001-04-05,23.573841400922323,24.260281829230482,23.573841400922323,24.147380828857422,1729116,0.0,0.0
2001-04-06,24.138354794755116,24.138354794755116,23.393204524675973,23.686748504638672,1303299,0.0,0.0
2001-04-09,23.573837000996114,24.228666591006135,23.573837000996114,23.980281829833984,1171028,0.0,0.0
2001-04-10,23.935125833550686,24.729951089657146,23.75448293997773,23.92157745361328,2419224,0.0,0.0
2001-04-11,22.806105601981105,23.189971958800513,22.39966078793002,22.851266860961914,5112323,0.0,0.0
2001-04-12,22.806110953564513,23.271265513441804,22.607403539679865,23.25771713256836,3036703,0.0,0.0
2001-04-16,23.031912159259793,23.280294765392547,22.562241532988125,22.76546287536621,2374713,0.0,0.0
2001-04-17,22.765458097472116,23.935119377422964,22.765458097472116,23.167388916015625,4111648,0.0,0.0
2001-04-18,23.483518175827864,24.85188491119191,23.483518175827864,24.513179779052734,3261023,0.0,0.0
2001-04-19,24.206082367041983,24.76155710121344,24.16543723851476,24.409303665161133,2347225,0.0,0.0
2001-04-20,24.29640387703317,24.3099522538638,23.754477492842444,24.066085815429688,2074233,0.0,0.0
2001-04-23,23.95769954911064,23.96221784712057,23.40222477073886,23.555770874023438,1392700,0.0,0.0
2001-04-24,23.257718228885683,23.935128615452694,23.212556957178727,23.483522415161133,2016357,0.0,0.0
2001-04-25,23.14481154184634,24.278341805433516,23.14481154184634,23.980281829833984,1643499,0.0,0.0
2001-04-26,24.341573138528936,24.770598695819842,23.664162763246964,23.926095962524414,2699530,0.0,0.0
2001-04-27,23.9802847522014,24.720918655395508,23.935125658333067,24.720918655395508,1658504,0.0,0.0
2001-04-30,24.72544348404621,24.9557638500974,24.08868026883843,24.49964141845703,1794054,0.0,0.0
2001-05-01,24.115758188014432,24.52220510060349,23.903504653820335,24.35962677001953,1817886,0.0,0.0
2001-05-02,24.386733441914807,24.63511607779173,23.88996599790174,23.917062759399414,2568267,0.0,0.0
2001-05-03,24.070596148160035,24.138335843752206,23.302865840481022,23.691246032714844,1861388,0.0,0.0
2001-05-04,23.691266348887332,23.85836092728321,23.357079364355503,23.5964298248291,2003243,0.0,0.0
2001-05-07,23.61899921609034,23.935123708714343,23.30739084971122,23.777061462402344,1652578,0.0,0.0
2001-05-08,23.70933253160217,23.980295909924234,23.59643148601132,23.935136795043945,2205875,0.0,0.0
2001-05-09,23.84480473748282,24.32802380092425,23.573841466925142,23.898998260498047,1548803,0.0,0.0
2001-05-10,24.038986200497412,24.328013860631724,23.984792699625352,24.111244201660156,1144422,0.0,0.0
2001-05-11,24.115773938509225,24.151902962737434,23.492559131871385,23.614492416381836,1610967,0.0,0.0
2001-05-14,23.370623561920286,23.844810485839844,23.262238662020305,23.844810485839844,1771736,0.0,0.0
2001-05-15,23.840288170668494,24.106735309391812,23.5964216661182,23.822223663330078,1370129,0.0,0.0
2001-05-16,23.844797135542763,25.158972271617106,23.709315543456693,25.109294891357422,2248116,0.0,0.0
2001-05-17,25.06412887615216,25.177029819404215,24.635103553987868,25.08219337463379,2519595,0.0,0.0
2001-05-18,25.01897860124937,25.2041354312885,24.79317446307302,25.163490295410156,1888750,0.0,0.0
2001-05-21,25.06413551767418,25.74154570120362,25.06413551767418,25.64219093322754,1451459,0.0,0.0
2001-05-22,25.628648619339742,25.809291522503717,25.154463985390713,25.253816604614258,1566078,0.0,0.0
2001-05-23,25.28994593626581,25.5383285735634,24.951240760126012,25.041561126708984,1352224,0.0,0.0
2001-05-24,25.041555125798585,25.40284085007111,24.915105773980812,25.30800437927246,1701880,0.0,0.0
2001-05-25,25.470572886391377,25.741538184029714,25.267351628485198,25.289932250976562,1093859,0.0,0.0
2001-05-29,25.28994519768858,25.348652673962267,25.01898193359375,25.01898193359375,1009124,0.0,0.0
2001-05-30,25.0234880324504,25.31251571305083,24.72994422645751,24.748008728027344,1099911,0.0,0.0
2001-05-31,24.748001182335088,24.811226918551924,24.269298553466797,24.269298553466797,1826712,0.0,0.0
2001-06-01,24.431886402925546,25.109296581203864,24.278340298593267,24.68027114868164,1243910,0.0,0.0
2001-06-04,24.738986158508396,25.24478588362624,24.738986158508396,24.96479034423828,914176,0.0,0.0
2001-06-05,24.79317046021884,25.764122232518126,24.79317046021884,25.696382522583008,1442128,0.0,0.0
2001-06-06,25.69774943611303,25.810855189342536,25.34485704869438,25.40367317199707,1613237,0.081686,0.0
2001-06-07,25.358419707039598,25.47605190589712,25.02815121576397,25.109586715698242,2238281,0.0,0.0
2001-06-08,25.109591243760086,25.11411555991664,24.697885002108535,24.72503089904785,876096,0.0,0.0
2001-06-11,24.86980683985929,24.88337978832895,24.54406042898399,24.72503089904785,1260806,0.0,0.0
2001-06-12,24.72502756867001,24.72502756867001,24.295224120285326,24.480716705322266,1536698,0.0,0.0
2001-06-13,24.54405719361491,24.54405719361491,24.127826690673828,24.127826690673828,1238740,0.0,0.0
2001-06-14,24.14593069798322,24.154979331631246,23.137021103419865,23.299894332885742,2482145,0.0,0.0
2001-06-15,23.254648662511393,23.983052711810338,23.254648662511393,23.562297821044922,3266697,0.0,0.0
2001-06-18,23.652777138336678,23.91065874073822,23.61658261836518,23.630155563354492,1249962,0.0,0.0
2001-06-19,23.842804863535484,24.204743666293293,23.589445307786686,23.679931640625,1335579,0.0,0.0
2001-06-20,23.77494524905627,24.498825187121167,23.52158781478329,23.612071990966797,2433347,0.0,0.0
2001-06-21,23.6120733767497,24.150458500227117,23.548735102563633,23.639219284057617,1481343,0.0,0.0
2001-06-22,23.684450234163855,23.869942819263066,23.29988776492354,23.345130920410156,1953688,0.0,0.0
2001-06-25,23.349660103599863,23.910666643793594,23.349660103599863,23.390378952026367,1478191,0.0,0.0
2001-06-26,23.394908294485425,23.761373690744175,23.385861834915197,23.639219284057617,1834278,0.0,0.0
2001-06-27,23.593963923190625,23.820177524425745,23.345130920410153,23.345130920410156,1531402,0.0,0.0
2001-06-28,23.34513190964138,23.79755695508481,23.304413067978,23.408470153808594,1976889,0.0,0.0
2001-06-29,23.52157849076733,23.752314245480427,22.426709294341308,22.485523223876953,2585667,0.0,0.0
2001-07-02,22.75699110963856,23.639220069255487,22.75699110963856,23.372289657592773,1839574,0.0,0.0
2001-07-03,23.797556352551933,23.797556352551933,23.417518192378694,23.440139770507812,1170902,0.0,0.0
2001-07-05,23.440140519418517,23.544197605939093,23.331559117127565,23.38585090637207,1126391,0.0,0.0
2001-07-06,22.933421094848676,23.20939994712696,22.80221596475799,23.118913650512695,1808681,0.0,0.0
2001-07-09,23.164166387334973,23.978532512971913,23.164166387334973,23.89257049560547,1967685,0.0,0.0
2001-07-10,24.114266578088092,24.114266578088092,23.575879268482126,23.729703903198242,1796324,0.0,0.0
2001-07-11,23.616589617091428,23.8247059924047,23.476337986836292,23.562297821044922,1682210,0.0,0.0
2001-07-12,23.458246246060973,24.41738847824363,23.444673293852826,24.34047508239746,1776023,0.0,0.0
2001-07-13,23.978532938028142,24.27260917657139,23.84280561071576,24.200220108032227,1157788,0.0,0.0
2001-07-16,24.136883458482966,24.15950286771096,23.906145463329462,24.00115394592285,952634,0.0,0.0
2001-07-17,23.933293375824586,24.331426784174504,23.847331343983853,24.308807373046875,1154888,0.0,0.0
2001-07-18,24.308799105841175,24.308799105841175,23.643733369420254,24.02376937866211,1446163,0.0,0.0
2001-07-19,24.02378532683772,24.408348083496094,24.02378532683772,24.408348083496094,1368111,0.0,0.0
2001-07-20,24.340473126760376,24.344997443799585,24.046396871609126,24.114261627197266,1006602,0.0,0.0
2001-07-23,24.069014154256855,24.123305949022228,23.4356185867873,23.476337432861328,1329401,0.0,0.0
2001-07-24,23.43562548720202,23.72970177637275,23.1370248804687,23.186792373657227,3593657,0.0,0.0
2001-07-25,23.186782052404958,23.36775249815346,23.16868479021031,23.345130920410156,2522873,0.0,0.0
2001-07-26,23.299898047092512,23.31799531727342,22.842948503621226,23.091781616210938,1573769,0.0,0.0
2001-07-27,23.164176519226096,23.2501385741919,22.983205948129125,23.073692321777344,1675653,0.0,0.0
2001-07-30,23.08273079707028,23.254650478916073,22.847468505357583,23.005817413330078,2220501,0.0,0.0
2001-07-31,23.073683214732473,23.349662193033353,22.983196876798672,23.051061630249023,1769970,0.0,0.0
2001-08-01,23.07367524170347,23.07367524170347,22.50361803829765,22.61672592163086,3906242,0.0,0.0
2001-08-02,22.62126521957852,22.630313856238313,21.671171427496436,21.8702392578125,5521496,0.0,0.0
2001-08-03,21.580681130461674,21.580681130461674,21.19159421658837,21.23683738708496,4217818,0.0,0.0
2001-08-06,21.241355847421627,22.024051600212633,21.236831531619423,21.69378089904785,3361771,0.0,0.0
2001-08-07,21.77070322350605,21.892857636428744,21.720937900433363,21.824995040893555,2008287,0.0,0.0
2001-08-08,21.739021064784158,22.02404856869404,21.634961815656773,21.766164779663086,2022031,0.0,0.0
2001-08-09,21.766171441779434,22.096442198571992,21.62591980448647,22.033103942871094,2483406,0.0,0.0
2001-08-10,22.03309617036286,22.214064416696242,21.76616376343565,21.938085556030273,1991642,0.0,0.0
2001-08-13,21.965238961747126,22.263839499427174,21.49019225612916,21.829511642456055,2393754,0.0,0.0
2001-08-14,21.553526276128583,22.03762147078209,21.553526276128583,21.98785400390625,3568060,0.0,0.0
2001-08-15,22.349793039266757,22.621249777555672,22.100960053382877,22.422182083129883,2534221,0.0,0.0
2001-08-16,22.440279298122903,22.71173385965789,22.304552017355412,22.643871307373047,1829486,0.0,0.0
2001-08-17,22.616727044871645,22.616727044871645,22.34527028758812,22.44028091430664,2114205,0.0,0.0
2001-08-20,22.444812820501724,22.73436476174329,22.34980216165144,22.671024322509766,1686371,0.0,0.0
2001-08-21,22.734354975348186,23.521574928813223,22.6664902482401,23.01938247680664,2287709,0.0,0.0
2001-08-22,23.11893636205974,23.33157719179944,22.942492262722244,23.12798500061035,1297499,0.0,0.0
2001-08-23,23.127972094837013,23.63468904231615,23.11892346133568,23.53515625,1632277,0.0,0.0
2001-08-24,23.50347217771017,24.168535467018188,23.489899235459266,24.03733253479004,1819525,0.0,0.0
2001-08-27,24.05090637483578,24.06900363184587,23.96947089448771,23.973995208740234,1389043,0.0,0.0
2001-08-28,23.992094710156294,24.059957254095185,23.747783893862696,23.83827018737793,2208144,0.0,0.0
2001-08-29,23.910685833945703,24.372159957885742,23.883539913208025,24.372159957885742,2413802,0.0,0.0
2001-08-30,23.97852346568478,24.16401602814333,23.61205830336874,23.630155563354492,2559566,0.0,0.0
2001-08-31,23.571362372359424,23.720662736117212,23.417537689208984,23.417537689208984,1772366,0.0,0.0
2001-09-04,23.526104825958534,23.72517038697874,23.367755934666206,23.48086166381836,2476471,0.0,0.0
2001-09-05,23.34512728320133,23.503476126535517,23.032953911376715,23.100818634033203,2330833,0.0,0.0
2001-09-06,23.028433944155974,23.028433944155974,22.48552258899868,22.621252059936523,3896154,0.0,0.0
2001-09-07,22.625778198242188,23.11891994424902,22.607680933992658,22.625778198242188,3481434,0.0,0.0
2001-09-10,22.304365819404243,23.197446972388633,22.236365900773464,23.115846633911133,3554694,0.08169,0.0
2001-09-17,22.258673389752705,22.79469758056102,21.668137375465125,21.804414749145508,4352612,0.081686,0.0
2001-09-18,21.804403039416474,22.71746248224254,21.66812573892178,22.703834533691406,2557927,0.0,0.0
2001-09-19,22.63115890252019,22.63570155339436,21.14573391683958,22.213241577148438,3682552,0.0,0.0
2001-09-20,21.80440959818326,21.80895224906673,20.305356656809884,20.31443977355957,4344163,0.0,0.0
2001-09-21,18.62459728664413,20.8958896386739,18.62459728664413,19.982830047607422,5684156,0.0,0.0
2001-09-24,19.982829607804824,21.350147639183916,19.982829607804824,20.450716018676758,3619506,0.0,0.0
2001-09-25,20.646047585623016,20.80503817126682,20.078225001902485,20.214502334594727,2656532,0.0,0.0
2001-09-26,20.895895712217893,20.895895712217893,19.941951991589626,20.100942611694336,2152285,0.0,0.0
2001-09-27,20.105487823486328,20.618798776746868,19.87381474868178,20.105487823486328,2901279,0.0,0.0
2001-09-28,20.25993081547222,21.445545254982537,20.25993081547222,21.368322372436523,2249125,0.0,0.0
2001-10-01,21.304721288860758,21.554562679102727,21.21387047014102,21.327434539794922,2742149,0.0,0.0
2001-10-02,21.57727738479421,22.0042799760946,21.422829453045807,21.886173248291016,2270813,0.0,0.0
2001-10-03,21.80440921397304,23.16718478984636,21.63633331926344,22.72201156616211,2225671,0.0,0.0
2001-10-04,22.94004735849542,23.053611408533378,22.39493817029997,22.39948081970215,4136488,0.0,0.0
2001-10-05,22.39948918310487,22.40403183420316,21.768069420511825,22.167816162109375,2448478,0.0,0.0
2001-10-08,22.08604455295823,22.24957776250227,21.66358467205979,21.904340744018555,1647912,0.0,0.0
2001-10-09,22.145100617913275,22.56756275635802,21.69084211008402,21.890716552734375,1859118,0.0,0.0
2001-10-10,21.886175691310147,22.91279952222744,21.781696903323542,22.74018096923828,1636564,0.0,0.0
2001-10-11,22.75379851933424,23.121748712088717,22.46307335827582,22.91733169555664,2483028,0.0,0.0
2001-10-12,22.53121511738318,22.712918905631536,21.804402149406275,22.317712783813477,1899846,0.0,0.0
2001-10-15,22.213241577148434,22.39040277622376,22.03153772719894,22.213241577148438,1305569,0.0,0.0
2001-10-16,22.213246425283508,22.53122768584156,22.076969054332586,22.41766357421875,1304813,0.0,0.0
2001-10-17,22.417656751082593,22.894626311729397,22.12238883972168,22.12238883972168,2104748,0.0,0.0
2001-10-18,22.12239404853073,22.326808998361972,21.917976913681905,21.986114501953125,1499248,0.0,0.0
2001-10-19,22.09968647263388,22.394954529430766,21.927067854272632,22.249591827392578,1532915,0.0,0.0
2001-10-22,22.031533304603297,22.794687573182273,22.031533304603297,22.626611709594727,1589027,0.0,0.0
2001-10-23,22.712926264555254,23.462452722034715,22.612987946879844,22.72201156616211,2110926,0.0,0.0
2001-10-24,22.712929616799222,23.030908664918623,22.712929616799222,22.862834930419922,1939692,0.0,0.0
2001-10-25,22.70838434165409,23.44882552126105,22.63570192646946,23.276206970214844,1681579,0.0,0.0
2001-10-26,23.167180117489576,23.62143855116584,23.10358301906785,23.344341278076172,2021400,0.0,0.0
2001-10-29,23.289836422971305,23.348888704094602,23.076333999633786,23.07633399963379,1852057,0.0,0.0
2001-10-30,23.05362425342705,23.217157538005583,22.890093153866278,23.167190551757812,2245216,0.0,0.0
2001-10-31,23.16718465797263,23.56693137134714,23.16718465797263,23.466995239257812,2088482,0.0,0.0
2001-11-01,23.462454596473766,24.071161112694366,23.167186640696155,24.030277252197266,2825749,0.0,0.0
2001-11-02,23.794059675361794,24.470905904995913,23.794059675361794,24.370969772338867,2687929,0.0,0.0
2001-11-05,24.366428989686607,24.711666107177734,24.366428989686607,24.711666107177734,3142747,0.0,0.0
2001-11-06,24.552664803008213,24.552664803008213,24.189259391942006,24.402759552001953,2215079,0.0,0.0
2001-11-07,24.38005692158696,24.525419573294066,24.298289200929432,24.44819450378418,2054437,0.0,0.0
2001-11-08,24.452731864233137,24.734371804415236,24.34825309546027,24.39822006225586,1790398,0.0,0.0
2001-11-09,24.43909967711482,24.757080763491707,24.32553562769923,24.68440055847168,938764,0.0,0.0
2001-11-12,24.688934092929266,24.934234905432973,24.370955280821956,24.857009887695312,2038675,0.0,0.0
2001-11-13,24.916086439080765,25.2113544578977,24.66624494162578,25.179555892944336,1901864,0.0,0.0
2001-11-14,25.62017150587297,25.62017150587297,25.03872111496189,25.365787506103516,2219745,0.0,0.0
2001-11-15,25.365782740690708,25.84729693802063,25.261304007737973,25.438465118408203,2555027,0.0,0.0
2001-11-16,25.438466112181917,25.45663670732114,25.002378383889322,25.06597328186035,1777032,0.0,0.0
2001-11-19,25.09778155281109,25.879106521606445,25.09778155281109,25.879106521606445,1918004,0.0,0.0
2001-11-20,25.665599146395078,25.84730294792162,25.515693892513596,25.570205688476562,2380009,0.0,0.0
2001-11-21,25.45664776551052,25.542955944897248,25.147751883994026,25.429391860961914,1172036,0.0,0.0
2001-11-23,25.302203408515187,25.824599579619388,25.302203408515187,25.729206085205078,470958,0.0,0.0
2001-11-26,25.642906511215593,25.751928005762153,25.52025705672341,25.73830223083496,1238992,0.0,0.0
2001-11-27,25.483908904831676,25.620186282235476,24.97059795978152,25.46573829650879,2702051,0.0,0.0
2001-11-28,25.465725766338036,25.465725766338036,25.125033582971835,25.184085845947266,1512740,0.0,0.0
2001-11-29,25.14320672640003,25.279486247398772,24.984218321935842,25.165922164916992,1294725,0.0,0.0
2001-11-30,25.211346872609074,25.370337464522837,25.061441582234224,25.19317626953125,1499122,0.0,0.0
2001-12-03,25.165919381767722,25.379419571019994,24.93878905690579,25.10686492919922,1851553,0.0,0.0
2001-12-04,25.106871627268447,25.661066359154507,24.92516775590691,25.47936248779297,1839070,0.0,0.0
2001-12-05,25.66560238871418,26.56049137539024,25.48844121447056,26.337905883789062,2454783,0.0,0.0
2001-12-06,26.278855949814698,27.205543647513196,26.13349330223556,26.982955932617188,2510768,0.0,0.0
2001-12-07,27.028366442337937,27.20098489384088,26.9148024191178,27.18735694885254,3194698,0.0,0.0
2001-12-10,27.0738115458892,27.141949132677105,26.437849082441904,26.542327880859375,1745887,0.0,0.0
2001-12-11,26.67860423024832,26.855765445223234,26.565040133219387,26.705860137939453,1786363,0.0,0.0
2001-12-12,26.74000327312834,27.085917141204483,26.557945416636173,27.08136558532715,1701880,0.091202,0.0
2001-12-13,27.063149130538616,27.06770068469522,26.516971388944597,26.562484741210938,1706293,0.0,0.0
2001-12-14,26.512429419983963,26.803724612721087,26.207479559840365,26.23478889465332,2305614,0.0,0.0
2001-12-17,26.39863741496755,26.958469909050212,26.353121866082752,26.812822341918945,1644760,0.0,0.0
2001-12-18,26.762746956180344,26.922049138679597,26.621650987600933,26.8037109375,1727729,0.0,0.0
2001-12-19,26.375865238879058,27.01307381813976,26.134635150805217,26.808256149291992,2674311,0.0,0.0
2001-12-20,27.12233844126578,27.295295431758998,26.876558722265635,27.058616638183594,2117609,0.0,0.0
2001-12-21,27.195145895257674,27.195145895257674,26.749100092113785,27.18604278564453,3597692,0.0,0.0
2001-12-24,27.18603443084207,27.19513753765765,26.80826206589363,26.86288070678711,611678,0.0,0.0
2001-12-26,26.908400823339868,27.236108372572954,26.853782168701045,26.8992977142334,1017320,0.0,0.0
2001-12-27,27.12685701703582,27.236092071635813,27.031274428624535,27.190576553344727,1101046,0.0,0.0
2001-12-28,27.26340891879638,27.468226618423625,27.172377857051284,27.431814193725586,1416405,0.0,0.0
2001-12-31,27.47732340607661,27.47732340607661,26.808256149291992,26.808256149291992,1531780,0.0,0.0
2002-01-02,27.063151488331826,27.095012370203865,26.453251935409686,26.685379028320312,3455837,0.0,0.0
2002-01-03,26.685384708069627,26.899303438998455,26.421398866399826,26.671730041503906,1700871,0.0,0.0
2002-01-04,26.603445768736282,26.84922747654785,26.421388001327077,26.626203536987305,1528124,0.0,0.0
2002-01-07,26.466916902846325,26.689940973475668,25.989010056612692,26.057283401489258,2238785,0.0,0.0
2002-01-08,26.307608129073618,26.398639233112775,25.966245867527274,26.03451919555664,1643373,0.0,0.0
2002-01-09,26.125534529605524,26.280285136728704,25.652179602564082,25.793277740478516,2685785,0.0,0.0
2002-01-10,25.793274089569223,26.171046353583947,25.48832447132291,26.02084732055664,2276235,0.0,0.0
2002-01-11,26.03450826752927,26.102781566900806,25.743213235476023,25.902515411376953,2041954,0.0,0.0
2002-01-14,25.902505517394005,26.171042680416903,25.729548747683086,26.06180763244629,1550947,0.0,0.0
2002-01-15,26.066384236969025,26.626216858846547,25.966250006564493,26.498775482177734,1998956,0.0,0.0
2002-01-16,26.398642714230515,26.62621612573741,26.1255515554015,26.23478889465332,2048132,0.0,0.0
2002-01-17,26.234776588575674,26.46234989333362,26.00264954085108,26.27118682861328,1458268,0.0,0.0
2002-01-18,26.11189261052033,26.15740596796972,25.970794415597258,26.084583282470703,1784345,0.0,0.0
2002-01-22,26.171065957732345,26.330368214472742,25.60213026478827,25.720468521118164,2505094,0.0,0.0
2002-01-23,25.442826025037437,25.65219318777218,25.4337229145446,25.46558380126953,2673554,0.0,0.0
2002-01-24,25.51109716443346,25.715914961222047,25.306281556945134,25.46558380126953,1788632,0.0,0.0
2002-01-25,25.53384694184903,25.988995756008723,25.146971434998104,25.7523193359375,1806664,0.0,0.0
2002-01-28,25.670401946769953,25.80239487266587,25.488344097513806,25.688608169555664,1420692,0.0,0.0
2002-01-29,24.805616147284585,24.810167702365778,23.21259595116823,23.758773803710938,8851113,0.0,0.0
2002-01-30,23.66774621012805,24.57804414128682,23.62223065678002,24.5416316986084,3423809,0.0,0.0
2002-01-31,24.54162863852199,24.796511326889117,24.418738849105694,24.578041076660156,3078692,0.0,0.0
2002-02-01,24.57348279466342,24.62809924761886,24.24122376621181,24.37321662902832,2539139,0.0,0.0
2002-02-04,24.3732201476298,24.3732201476298,23.904416635162363,24.077373504638672,2152033,0.0,0.0
2002-02-05,23.895315642811802,24.710032966377668,23.895315642811802,24.359567642211914,1827091,0.0,0.0
2002-02-06,24.355018833615905,24.76010285843063,24.350467278521354,24.42329216003418,2189230,0.0,0.0
2002-02-07,24.464252207478374,24.83292376502729,24.459700652711103,24.578041076660156,1671239,0.0,0.0
2002-02-08,24.487000503213064,24.828362600028463,24.405074738412942,24.778295516967773,1356763,0.0,0.0
2002-02-11,24.796508880877365,24.88753996724318,24.655412886310174,24.82381820678711,1080114,0.0,0.0
2002-02-12,24.823820655492746,24.828372210260017,24.50976775515109,24.578041076660156,1308091,0.0,0.0
2002-02-13,24.64631653076764,24.964921041746027,24.49156583084386,24.532529830932617,1662287,0.0,0.0
2002-02-14,24.63720140685188,24.9375995490983,24.46424456899798,24.66451072692871,1705159,0.0,0.0
2002-02-15,24.71003229068363,24.846576735091045,24.3504638671875,24.3504638671875,1186159,0.0,0.0
2002-02-19,24.16839587015907,24.195705187851754,23.7360049079224,23.94082260131836,1436580,0.0,0.0
2002-02-20,23.963593729223117,24.395984932580266,23.78153369904632,24.16840934753418,1653965,0.0,0.0
2002-02-21,24.30494037803071,24.67361178993255,23.663182355878096,23.69959259033203,1805529,0.0,0.0
2002-02-22,23.713252289838064,24.054614456486597,23.676842047644598,23.972688674926758,1631646,0.0,0.0
2002-02-25,23.968129027750273,24.791946876307946,23.804275330658903,24.55982208251953,2282792,0.0,0.0
2002-02-26,24.122890934006158,24.191162062723294,23.667742048458873,23.96358871459961,2702304,0.0,0.0
2002-02-27,23.87254764660488,23.931717830823377,23.508430003926524,23.740554809570312,2641653,0.0,0.0
2002-02-28,23.872552300720862,24.33225263829695,23.858897640162215,23.990890502929688,4143801,0.0,0.0
2002-03-01,23.990911871072516,24.810181287798123,23.86802200588902,24.80562973022461,3207559,0.0,0.0
2002-03-04,24.805611037679668,25.64763760775433,24.728236806537527,25.624879837036133,3154222,0.0,0.0
2002-03-05,25.51108558920887,26.04361074351479,25.442814480789714,25.806934356689453,2736979,0.0,0.0
2002-03-06,25.6021156082709,26.19380874049253,25.593012502279848,26.15739631652832,2063642,0.0,0.0
2002-03-07,26.157404402901708,26.48511194128963,25.943485724578938,25.99810218811035,2036405,0.0,0.0
2002-03-08,26.239330408789165,26.785508138826533,26.21202108442736,26.480558395385742,2290988,0.0,0.0
2002-03-11,26.198358901676716,26.284836214698338,25.6248720119042,26.125534057617188,2472184,0.0,0.0
2002-03-12,25.943489325982494,26.35312271118164,25.843355115224806,26.35312271118164,2205749,0.0,0.0
2002-03-13,25.881109558999853,26.017925786528775,25.12405859672246,25.479782104492188,3337940,0.091202,0.0
2002-03-14,25.479773304390378,25.65307438438166,24.968991289345375,25.192459106445312,5447605,0.0,0.0
2002-03-15,25.12861331438243,25.78989342031877,24.96899405411011,25.68044090270996,2945790,0.0,0.0
2002-03-18,25.794443760857597,26.177528516756517,25.630263952999158,26.163848876953125,1431032,0.0,0.0
2002-03-19,26.163853181475073,26.241381390178102,25.794448004604373,25.82181167602539,2377109,0.0,0.0
2002-03-20,25.812697475546766,26.21402485128188,25.593790238273087,25.97231674194336,1870719,0.0,0.0
2002-03-21,25.995113444754004,26.259624555069212,25.908461816220573,26.063520431518555,1707050,0.0,0.0
2002-03-22,26.200339546849627,26.200339546849627,25.584665628408196,25.767087936401367,1668718,0.0,0.0
2002-03-25,25.767092665655852,25.87198457969948,25.037405493414283,25.083011627197266,2903675,0.0,0.0
2002-03-26,25.425054866979753,26.131941272120763,25.40681460438515,26.11825942993164,2308893,0.0,0.0
2002-03-27,26.086319469636596,26.26874172897693,25.99510943679455,26.131925582885742,1756226,0.0,0.0
2002-03-28,26.15929699447799,26.70656398039279,26.131935509790765,26.574308395385742,2036027,0.0,0.0
2002-04-01,26.451191753956433,26.451191753956433,25.93128809814553,26.109149932861328,1739834,0.0,0.0
2002-04-02,25.972312371136823,26.086325486902552,25.85829925537109,25.858299255371094,1377442,0.0,0.0
2002-04-03,25.92671194023906,25.92671194023906,25.083011627197266,25.083011627197266,2897118,0.0,0.0
2002-04-04,25.219827834888985,25.402250176363683,24.91883173923576,25.083011627197266,2461718,0.0,0.0
2002-04-05,25.1970145597283,25.475207475783495,25.128605386768985,25.174211502075195,1270894,0.0,0.0
2002-04-08,25.0829994125183,25.62114275446868,25.037393300944146,25.507129669189453,1489161,0.0,0.0
2002-04-09,25.511690059401097,25.881092978984025,25.43872028151441,25.452402114868164,1495844,0.0,0.0
2002-04-10,25.498017930425576,25.940390796259397,25.356641125619177,25.771650314331055,1684984,0.0,0.0
2002-04-11,25.771651027277393,25.780772253237036,25.37944489198382,25.425048828125,1591044,0.0,0.0
2002-04-12,25.356641769195907,25.74428729062467,25.342959930287677,25.68044090270996,1345667,0.0,0.0
2002-04-15,25.675872320207404,25.7898854153971,25.03739547729492,25.037395477294922,2023166,0.0,0.0
2002-04-16,25.08300246884275,25.219818626579887,23.988471013289235,24.2849063873291,4943358,0.0,0.0
2002-04-17,24.17090012515377,24.17090012515377,23.277030944824222,23.27703094482422,4154771,0.0,0.0
2002-04-18,23.03076373096369,23.5552276795344,23.03076373096369,23.158458709716797,3587730,0.0,0.0
2002-04-19,23.14476898046013,23.71483886771484,23.14476898046013,23.555219650268555,3000892,0.0,0.0
2002-04-22,23.304391838312647,23.32263428814549,22.711520993372375,22.848337173461914,3415613,0.0,0.0
2002-04-23,22.93955289905953,23.527863220698592,22.830098183474878,23.121973037719727,2304606,0.0,0.0
2002-04-24,23.395599431459264,23.714837852688007,23.258783278597853,23.331750869750977,1737691,0.0,0.0
2002-04-25,23.23598037323724,23.646428834513383,23.23598037323724,23.45944595336914,2261608,0.0,0.0
2002-04-26,23.509620276004075,23.536983954327468,23.06724739074707,23.06724739074707,1761522,0.0,0.0
2002-04-29,22.953235469118614,23.213186039592273,22.725206998049455,22.766252517700195,2008287,0.0,0.0
2002-04-30,22.9167516309472,23.714848026403963,22.9167516309472,23.185823440551758,2225924,0.0,0.0
2002-05-01,23.053557609537425,23.57802134908464,22.66135160298994,23.404720306396484,2340794,0.0,0.0
2002-05-02,23.372805773553154,23.386487613707356,23.099173357783517,23.144777297973633,1368111,0.0,0.0
2002-05-03,23.213181638691314,23.213181638691314,22.68415717779354,22.85289764404297,1738699,0.0,0.0
2002-05-06,22.802737657696447,23.194943824072798,22.68872451782227,22.688724517822266,1798594,0.0,0.0
2002-05-07,22.893931132449143,23.17668456729244,22.734311974888495,22.87112808227539,2282161,0.0,0.0
2002-05-08,23.007941712967906,23.71026680809509,23.007941712967906,23.687463760375977,1976889,0.0,0.0
2002-05-09,23.62363025299416,24.034080985701966,23.477692848421125,23.50049591064453,2241307,0.0,0.0
2002-05-10,23.76044097937781,23.851653207337172,23.2359794432366,23.295265197753906,1897072,0.0,0.0
2002-05-13,23.409290238119098,23.737650008298484,23.34088103864123,23.67380142211914,1647534,0.0,0.0
2002-05-14,24.05688044061454,24.4445280883196,23.965670390737458,24.398921966552734,1720038,0.0,0.0
2002-05-15,24.17089483652033,24.626949456077316,24.102485656441324,24.2347412109375,2142702,0.0,0.0
2002-05-16,24.23474051839776,25.14684973144701,24.221058682772934,24.78656578063965,2770268,0.0,0.0
2002-05-17,24.83217302763758,25.078443886417215,24.626949871253924,24.873218536376953,1743113,0.0,0.0
2002-05-20,24.581342831216883,24.608706502686537,24.170894340141622,24.180015563964844,1335327,0.0,0.0
2002-05-21,24.125290922269773,24.471893079047142,23.87446162635963,23.961111068725586,1523206,0.0,0.0
2002-05-22,23.851661682128906,24.08424855875373,23.6053907727918,23.851661682128906,1709824,0.0,0.0
2002-05-23,23.860778504330312,24.490134210086467,23.85165727997694,24.398921966552734,1236596,0.0,0.0
2002-05-24,24.39436501867641,24.53574182373339,24.05688405422157,24.079687118530273,1013663,0.0,0.0
2002-05-28,23.98847705495244,24.14809631145638,23.897264797717632,24.079687118530273,1479830,0.0,0.0
2002-05-29,23.965663654421597,24.084237344029873,23.7148344425207,23.7786808013916,1060696,0.0,0.0
2002-05-30,23.778678754121895,24.180008090997372,23.55521322682937,23.783239364624023,1899973,0.0,0.0
2002-05-31,23.81061748390307,24.166340931729536,23.64187698653191,23.678361892700195,1865423,0.0,0.0
2002-06-03,23.673800029056657,24.12529413807127,23.541544444839094,23.596269607543945,1563556,0.0,0.0
2002-06-04,23.59627473965756,23.94287701802044,23.546110179072237,23.806060791015625,1881689,0.0,0.0
2002-06-05,23.705715480240865,23.99302960668535,23.632745698969252,23.82884979248047,1537076,0.0,0.0
2002-06-06,23.82885163586588,24.143529454630503,23.74676062558481,23.901819229125977,1854075,0.0,0.0
2002-06-07,23.350006781850677,23.796940390585274,23.25879669189453,23.25879669189453,2189356,0.0,0.0
2002-06-10,23.3271836490225,23.441196711828184,23.194928145182992,23.226852416992188,2276613,0.0,0.0
2002-06-11,23.596260630534022,23.596260630534022,23.039874827155362,23.10828399658203,1732016,0.0,0.0
2002-06-12,23.028298130067427,23.106002702388803,21.98612639366973,22.3518009185791,4073693,0.091202,0.0
2002-06-13,22.39751724197517,22.621491249111823,21.917570114135742,21.917570114135742,2888039,0.0,0.0
2002-06-14,21.519893094742706,21.611312828398557,20.660560790258465,21.3964786529541,4601394,0.0,0.0
2002-06-17,21.64331291613413,22.072979131525052,21.60217402994274,22.04555320739746,3507913,0.0,0.0
2002-06-18,21.940412570196717,22.30608479384567,21.940412570196717,21.986120223999023,2334490,0.0,0.0
2002-06-19,21.68901422430061,22.12782448423667,21.44675636291504,21.44675636291504,1399130,0.0,0.0
2002-06-20,21.44676010045746,21.56560355885478,20.655990375667038,20.747407913208008,3030524,0.0,0.0
2002-06-21,20.386306071988805,20.496007554188605,19.828652290292315,20.066341400146484,5167930,0.0,0.0
2002-06-24,19.79209162555069,20.29946248382904,19.366996350171107,20.221757888793945,4246189,0.0,0.0
2002-06-25,20.180613110966263,20.240035935859293,19.654958454576313,19.755517959594727,3440706,0.0,0.0
2002-06-26,19.42640974803034,19.750945368010182,19.35784715429528,19.700664520263672,4141658,0.0,0.0
2002-06-27,19.79209030883752,19.883507861381876,19.540688191707908,19.860652923583984,3086384,0.0,0.0
2002-06-28,19.677813785033585,20.04348611890451,19.659529838543026,19.90635871887207,2962938,0.0,0.0
2002-07-01,19.915499096037365,19.997774650004345,19.197865247029714,19.293853759765625,3479542,0.0,0.0
2002-07-02,19.129304126590576,19.421842905877508,17.94086506090654,18.557939529418945,7030453,0.0,0.0
2002-07-03,18.539657221213872,18.809341088691205,18.251689403582517,18.60365104675293,3452810,0.0,0.0
2002-07-05,18.71791961654086,19.83779593841222,18.704206656797204,19.664100646972656,1650812,0.0,0.0
2002-07-08,19.664096358365647,19.901783211457627,19.10187172743339,19.28927993774414,3123581,0.0,0.0
2002-07-09,19.083600747497414,19.106453489662407,18.35225143608751,18.4482421875,4143549,0.0,0.0
2002-07-10,18.53508696594214,18.996750129628396,18.03228601210771,18.21512222290039,3614336,0.0,0.0
2002-07-11,18.100838389337735,18.681344671416095,17.84943752024825,18.50307846069336,3600213,0.0,0.0
2002-07-12,18.53507809777316,18.736199262538765,18.237968435479956,18.525936126708984,2358952,0.0,0.0
2002-07-15,18.192259296837978,18.375095416306458,17.726025378310247,18.36595344543457,3899811,0.0,0.0
2002-07-16,18.169411955761465,18.85047917616886,18.032284534075814,18.333965301513672,3171875,0.0,0.0
2002-07-17,18.375094413387128,18.992168618974695,18.375094413387128,18.9007511138916,3100254,0.0,0.0
2002-07-18,14.71836084976147,15.093176184733641,14.284123799348516,14.444106101989746,22883270,0.0,0.0
2002-07-19,14.352689607968866,15.015472745941489,14.238416046622781,14.626945495605469,12793922,0.0,0.0
2002-07-22,14.39839684961563,15.16174045061346,14.316119108920269,15.13431453704834,9163068,0.0,0.0
2002-07-23,15.244015538655718,16.158200537711743,15.244015538655718,15.819952011108398,9363178,0.0,0.0
2002-07-24,15.705682647637275,16.478168402098618,15.541129326064949,15.998221397399902,7473797,0.0,0.0
2002-07-25,16.057642523003278,16.181056951446333,15.472563986137699,15.9068021774292,7735314,0.0,0.0
2002-07-26,16.089635048754804,16.455308372713223,15.998216442934437,16.322751998901367,4261825,0.0,0.0
2002-07-29,16.386751007585666,17.076959007846675,16.31818620690735,16.96268653869629,4708195,0.0,0.0
2002-07-30,17.00382295084487,17.369496361739422,16.79356087699592,17.06324577331543,3752534,0.0,0.0
2002-07-31,17.273502151135666,17.273502151135666,16.624431098924546,17.04495620727539,4358538,0.0,0.0
2002-08-01,17.095241376498546,17.387780101759205,16.45531209049838,16.59701156616211,3638672,0.0,0.0
2002-08-02,16.601579961072172,16.91240148365228,16.318182153304257,16.546728134155273,3214116,0.0,0.0
2002-08-05,16.40960900442821,16.569591381280016,15.842814203639778,15.883953094482422,5094292,0.0,0.0
2002-08-06,16.11248861187774,17.02667239409273,16.11248861187774,16.432453155517578,3821129,0.0,0.0
2002-08-07,17.136386638257623,17.136386638257623,16.409609441269787,16.72957420349121,3629467,0.0,0.0
2002-08-08,16.894121418344618,17.442632082435974,16.68842923223329,17.351213455200195,3470085,0.0,0.0
2002-08-09,17.072378856388386,17.41519827845499,16.871258847000217,17.12265968322754,2401824,0.0,0.0
2002-08-12,16.82098413293816,16.994678288546833,16.69299873421111,16.7752742767334,2771151,0.0,0.0
2002-08-13,16.775280060582787,17.10438674143525,16.455315354123286,16.4964542388916,3948231,0.0,0.0
2002-08-14,16.505591937380114,17.259793636182145,16.2039112578593,17.16837501525879,4478074,0.0,0.0
2002-08-15,17.282654051745368,18.00943121070437,17.163810568790982,17.428924560546875,2890687,0.0,0.0
2002-08-16,17.378640564329434,17.867729569942064,17.21408833280521,17.748886108398438,2028840,0.0,0.0
2002-08-19,17.748890968052642,17.91801423281329,17.45635212170326,17.758031845092773,2161994,0.0,0.0
2002-08-20,17.666607424995252,17.68946125771333,17.186660448065677,17.296361923217773,2674059,0.0,0.0
2002-08-21,17.575186198996267,17.575186198996267,17.044959549252678,17.470054626464844,2711508,0.0,0.0
2002-08-22,17.598043227937954,18.288251162734735,17.392351044059122,18.192262649536133,3701088,0.0,0.0
2002-08-23,18.192263152549504,18.192263152549504,17.748884067230673,17.799163818359375,2099956,0.0,0.0
2002-08-26,17.79916088337903,17.95000121121575,17.424345556612735,17.81287384033203,2319863,0.0,0.0
2002-08-27,17.895146265021125,17.904288234730057,17.50204816347469,17.620891571044922,2202344,0.0,0.0
2002-08-28,17.62090068639079,17.62090068639079,17.145524611550446,17.209518432617188,2496393,0.0,0.0
2002-08-29,17.209512459918294,17.49290917185037,17.07695497589442,17.31007194519043,2597520,0.0,0.0
2002-08-30,17.186656682612288,17.53404717623799,17.186656682612288,17.264362335205078,2026066,0.0,0.0
2002-09-03,16.770702514521467,16.912399754937027,16.43702499884332,16.47816276550293,3068604,0.0,0.0
2002-09-04,16.47816646551256,17.11352474376802,16.363892911447053,17.031248092651367,2261356,0.0,0.0
2002-09-05,16.638149210964666,16.807273503697843,16.45531195947097,16.64729118347168,4217314,0.0,0.0
2002-09-06,16.92154392630928,17.529475091508086,16.775273492614236,17.264362335205078,2780355,0.0,0.0
2002-09-09,17.026681740339235,17.69403600384122,16.91240815517409,17.561479568481445,2753498,0.0,0.0
2002-09-10,17.620899443260935,17.63918339084724,17.41063734398878,17.552335739135742,1692423,0.0,0.0
2002-09-11,17.765515964210024,18.06351806646595,17.536283493041992,17.536283493041992,1156527,0.091202,0.0
2002-09-12,17.30705585017512,17.449179867581357,16.98613008048336,17.036561965942383,2237524,0.0,0.0
2002-09-13,17.009052038195264,17.256622314453125,16.894436332909276,17.256622314453125,1773501,0.0,0.0
2002-09-16,17.25662363783224,17.274962504924503,16.77982081181186,17.229116439819336,2156572,0.0,0.0
2002-09-17,17.297885455688867,17.42167059878013,16.63769618815971,16.683542251586914,3090419,0.0,0.0
2002-09-18,16.509330651015105,16.752317403066375,16.26634500158965,16.39929962158203,5066804,0.0,0.0
2002-09-19,15.81703941368607,16.325936227595673,15.81703941368607,16.160888671875,4335085,0.0,0.0
2002-09-20,16.165476206917063,16.458893644873807,15.9820897568814,16.23883056640625,5287593,0.0,0.0
2002-09-23,16.046282661948027,16.188407837835417,15.913328026010014,16.101299285888672,2896109,0.0,0.0
2002-09-24,16.101293052552368,16.252586504566622,15.789536714750199,15.885814666748047,3044521,0.0,0.0
2002-09-25,15.963749040010285,16.09670358523997,15.7391001841047,15.940825462341309,3299985,0.0,0.0
2002-09-26,16.183811207421726,16.50015327591856,16.000425891313316,16.40387535095215,2853616,0.0,0.0
2002-09-27,16.312182080848082,16.500153214481404,16.119626231632232,16.160888671875,2119627,0.0,0.0
2002-09-30,15.794116770510243,16.092118869706173,15.587806776739837,15.940825462341309,3286115,0.0,0.0
2002-10-01,15.940830140254178,16.848590850830078,15.780367254733124,16.848590850830078,2874673,0.0,0.0
2002-10-02,16.848593927091873,16.848593927091873,15.968340254446582,16.050865173339844,2929650,0.0,0.0
2002-10-03,16.055441316102016,16.413043618413337,15.954579778536761,16.160888671875,3865261,0.0,0.0
2002-10-04,16.206735712801137,16.257166481226232,15.734516626899612,15.784947395324707,3694027,0.0,0.0
2002-10-07,15.771193633147531,16.018764971008693,15.477776241293656,15.569469451904297,3397203,0.0,0.0
2002-10-08,15.569476356031837,16.408467565304747,15.569476356031837,16.26175880432129,3331509,0.0,0.0
2002-10-09,16.06920003434458,16.09212361877871,15.77119784720289,15.885814666748047,3141865,0.0,0.0
2002-10-10,15.862887771476716,16.775233010028114,15.70700963510988,16.678955078125,3330626,0.0,0.0
2002-10-11,17.009052935464076,17.84804395597278,16.95862215479294,17.57754898071289,3125725,0.0,0.0
2002-10-14,17.577546775639473,18.003919858713765,17.362068427370897,17.99016571044922,2072720,0.0,0.0
2002-10-15,18.223983268848148,19.017127038273976,18.182721925896953,18.9162654876709,4445416,0.0,0.0
2002-10-16,18.72829912122422,19.062979077135513,17.893892692745684,18.022262573242188,3711175,0.0,0.0
2002-10-17,18.797064277750952,19.48017593272055,18.517401013389208,19.34722137451172,4511489,0.0,0.0
2002-10-18,19.25553754076194,19.25553754076194,18.45322292525064,18.567838668823242,5860939,0.0,0.0
2002-10-21,18.572410508010222,19.228015899658203,18.36610165106593,19.228015899658203,4126022,0.0,0.0
2002-10-22,18.91168357508771,19.29679538039221,18.72829710614514,19.237194061279297,2402580,0.0,0.0
2002-10-23,19.237185398978873,20.204546988251295,19.21426182502692,20.1495304107666,4226645,0.0,0.0
2002-10-24,20.167872746582308,20.222887128300677,19.260112293099994,19.301372528076172,3343488,0.0,0.0
2002-10-25,18.934607298589246,19.91113655909347,18.934607298589246,19.865291595458984,2871899,0.0,0.0
2002-10-28,19.979908824711085,20.044094866009075,19.33347251550038,19.452672958374023,2101091,0.0,0.0
2002-10-29,19.347222520236883,19.47100765381344,18.68703220082761,19.168420791625977,2877825,0.0,0.0
2002-10-30,19.20968864941508,19.920308842542156,19.035471587978787,19.700246810913086,2162877,0.0,0.0
2002-10-31,19.677319737418873,19.791935450474025,19.255532413805273,19.498517990112305,2679607,0.0,0.0
2002-11-01,19.23260681285829,20.163290980379752,19.23260681285829,20.062429428100586,2348612,0.0,0.0
2002-11-04,20.287080961627936,21.071056601692035,20.144956929125204,20.493391036987305,3549272,0.0,0.0
2002-11-05,20.497963367722562,20.497963367722562,18.861242316436787,19.393062591552734,6420919,0.0,0.0
2002-11-06,19.429753354699475,19.85154076319957,19.25553628906323,19.608552932739258,2934063,0.0,0.0
2002-11-07,19.50768800311061,19.645227303912993,19.296795437664095,19.53519630432129,3736268,0.0,0.0
2002-11-08,19.50768280029297,19.874455641446126,19.420575408275567,19.50768280029297,2386945,0.0,0.0
2002-11-11,19.438913488888314,19.49393008066463,19.25552926013512,19.34722137451172,2035018,0.0,0.0
2002-11-12,19.342640371327928,19.640642556816285,19.250948239351132,19.503103256225586,3057887,0.0,0.0
2002-11-13,19.480176881629976,19.668148040771484,19.25553019810166,19.668148040771484,2414307,0.0,0.0
2002-11-14,19.814848436605015,20.195373106113276,19.66813978488801,19.943218231201172,2478362,0.0,0.0
2002-11-15,19.828608443437478,20.28707339129297,19.727746904694413,20.273319244384766,2892326,0.0,0.0
2002-11-18,20.355844704587586,20.59424551394042,19.970732990709326,20.089933395385742,2348234,0.0,0.0
2002-11-19,19.87445399420984,20.14494778438473,19.70023701936408,19.713991165161133,2357439,0.0,0.0
2002-11-20,19.278452070473058,20.117441830066987,19.278452070473058,19.998241424560547,5206641,0.0,0.0
2002-11-21,19.998247215183163,20.32834243774414,19.87904677516146,20.32834243774414,5702061,0.0,0.0
2002-11-22,20.05784097108903,20.35126058346279,19.87445674557494,20.126611709594727,4299274,0.0,0.0
2002-11-25,19.78276591974967,19.96156766617718,19.34722444808063,19.654396057128906,3459367,0.0,0.0
2002-11-26,19.484764781863355,19.617719368274877,19.255533344671367,19.365564346313477,4015817,0.0,0.0
2002-11-27,19.393065421034166,19.943222429474755,19.370141844807435,19.83777618408203,1736682,0.0,0.0
2002-11-29,19.837777954416516,20.117441198839465,19.82860852310754,19.92947006225586,1141648,0.0,0.0
2002-12-02,19.966150136014026,20.167875443289077,19.897381598358216,20.057842254638672,2634592,0.0,0.0
2002-12-03,19.984494187076425,20.002833056610715,19.34722729176492,19.553537368774414,2847185,0.0,0.0
2002-12-04,19.484759180691626,19.989071284893775,19.415990651402947,19.883625030517578,3559107,0.0,0.0
2002-12-05,19.828610459678213,19.846949324087245,19.443498717589904,19.539777755737305,1772366,0.0,0.0
2002-12-06,19.2509480514725,19.443501747269657,19.1225781858574,19.328886032104492,3976854,0.0,0.0
2002-12-09,19.214267661082538,19.250945390545997,19.00337292191834,19.150081634521484,3351684,0.0,0.0
2002-12-10,19.150082368959666,19.296793292440114,18.96211340875189,19.095067977905273,2491980,0.0,0.0
2002-12-11,20.91584904014933,20.91584904014933,18.851392805115843,19.076688766479492,2359834,0.095168,0.0
2002-12-12,19.035298097196335,19.219214480260078,18.897361362804354,19.05368995666504,1701754,0.0,0.0
2002-12-13,18.938735525508044,19.06747627903912,18.60308864674554,18.750221252441406,1629881,0.0,0.0
2002-12-16,18.621477956432255,18.796198316519906,18.524922957372663,18.667457580566406,3271236,0.0,0.0
2002-12-17,18.52952761109351,18.754823427464505,18.400785722838197,18.51573371887207,2223906,0.0,0.0
2002-12-18,18.40078435499509,18.414578246191144,17.954788507857586,18.11571502685547,4261825,0.0,0.0
2002-12-19,18.023754925041903,18.373195707953485,17.724891737758256,17.784664154052734,2901783,0.0,0.0
2002-12-20,17.830650688452806,18.23986404605999,17.830650688452806,18.111122131347656,4930371,0.0,0.0
2002-12-23,18.161696407339168,18.239860692474327,17.9409963386422,18.028356552124023,2124418,0.0,0.0
2002-12-24,17.885822513916374,18.106521484693374,17.885822513916374,17.986976623535156,847977,0.0,0.0
2002-12-26,17.973184483663708,18.405386538700117,17.908814082468037,17.94559669494629,1443893,0.0,0.0
2002-12-27,18.014567998138563,18.11112416858103,17.609953665848668,17.780075073242188,1555864,0.0,0.0
2002-12-30,17.81685071719203,17.931798697646702,17.66052217149291,17.830644607543945,2123536,0.0,0.0
2002-12-31,17.83064245429482,18.203071919765037,17.784662825340977,18.046743392944336,2784769,0.0,0.0
2003-01-02,18.07434235879124,18.69046206518311,18.069745498580225,18.676668167114258,2104496,0.0,0.0
2003-01-03,18.5709171295166,18.67666813624582,18.382401628699128,18.5709171295166,1666952,0.0,0.0
2003-01-06,18.299634673436984,18.764021353661164,18.299634673436984,18.62148666381836,2938728,0.0,0.0
2003-01-07,18.506534501485458,18.6628630405873,18.391587631693014,18.446762084960938,2448478,0.0,0.0
2003-01-08,18.3364124112709,18.49733891660151,18.092723671604226,18.290433883666992,1632024,0.0,0.0
2003-01-09,18.391596825787552,18.667470335849636,18.28584472383078,18.58470916748047,1763288,0.0,0.0
2003-01-10,18.39158755674372,18.649069074818925,18.299629397797748,18.38698959350586,2169938,0.0,0.0
2003-01-13,18.460554472463794,18.5203279935159,18.207670922026786,18.226062774658203,2166029,0.0,0.0
2003-01-14,18.18468781391367,18.345614372176087,18.111121482063275,18.152502059936523,2306623,0.0,0.0
2003-01-15,17.426028552143148,17.430626515382492,16.20758598669738,16.694963455200195,15386524,0.0,0.0
2003-01-16,16.690365380618545,16.94325003966163,16.529438879937604,16.667375564575195,6274020,0.0,0.0
2003-01-17,16.66277621175458,16.667374174579795,16.442077313577627,16.598405838012695,3266571,0.0,0.0
2003-01-21,16.598413764705256,16.773134223880216,16.331736216733507,16.41449737548828,4577688,0.0,0.0
2003-01-22,16.419090270996094,16.538635113008606,16.354719886388484,16.419090270996094,6803359,0.0,0.0
2003-01-23,16.419094785799352,16.55243355528045,16.147819281971483,16.391508102416992,5336013,0.0,0.0
2003-01-24,16.184601929490185,16.294951980689174,15.977696827530194,16.09264373779297,5181801,0.0,0.0
2003-01-27,15.97769615730981,16.138622709576595,15.770791064028918,15.862748146057129,4164102,0.0,0.0
2003-01-28,15.867346804281713,16.2305793698976,15.77998658339428,16.184600830078125,3305786,0.0,0.0
2003-01-29,16.083439529969688,16.23057100270504,15.848946775571852,16.166200637817383,2471931,0.0,0.0
2003-01-30,16.170803371788647,16.170803371788647,15.591468811035158,15.591468811035156,4682976,0.0,0.0
2003-01-31,15.494907042844634,15.982284366845859,15.494907042844634,15.940902709960938,5582651,0.0,0.0
2003-02-03,15.950101842303063,16.02366924711983,15.536291825075704,15.63284683227539,4089707,0.0,0.0
2003-02-04,15.471926479440418,15.494915195104927,15.191455080678944,15.41675090789795,4241271,0.0,0.0
2003-02-05,15.421345893908732,15.600664255167429,15.260419386278887,15.508706092834473,3335166,0.0,0.0
2003-02-06,15.333986813462289,15.481120547413909,15.21903993152021,15.265018463134766,2885139,0.0,0.0
2003-02-07,15.329383181675283,15.462721859667102,15.159260809996951,15.173054695129395,2281278,0.0,0.0
2003-02-10,15.26501321585046,15.347775428956602,15.122478600448497,15.301796913146973,2123536,0.0,0.0
2003-02-11,15.301797712441248,15.37996196746826,15.104087540767065,15.379961967468262,3187889,0.0,0.0
2003-02-12,15.269621654032152,15.458136020388686,15.076510428170797,15.122488975524902,2532330,0.0,0.0
2003-02-13,15.08109999131908,15.21903666234418,14.667288872432634,14.846607208251953,3272119,0.0,0.0
2003-02-14,14.759249990745193,15.094896916129244,14.621313291972237,15.085700988769531,2897496,0.0,0.0
2003-02-18,15.540895229273431,15.6880278788008,15.481122797742604,15.651244163513184,2469031,0.0,0.0
2003-02-19,15.563885384230764,15.743203801210857,15.389166037898304,15.522504806518555,1705159,0.0,0.0
2003-02-20,15.67423056387153,15.747796872575634,15.471923491388075,15.508706092834473,1549812,0.0,0.0
2003-02-21,15.65584695186436,15.743207196778677,15.499519431158395,15.619064331054688,2852859,0.0,0.0
2003-02-24,15.42594293404008,15.448932749700155,14.874195098876953,14.874195098876953,2893461,0.0,0.0
2003-02-25,14.828221346727624,15.140878517107303,14.432801919140879,15.053518295288086,2856516,0.0,0.0
2003-02-26,15.012134438530207,15.044319077969355,14.71786919091389,14.819022178649902,2085708,0.0,0.0
2003-02-27,14.837421750604904,15.136285117279018,14.64890735627807,14.93857479095459,2362356,0.0,0.0
2003-02-28,15.10410178797223,15.159277388844446,14.869609907513736,14.94317626953125,2313558,0.0,0.0
2003-03-03,14.993741090811742,15.173059442011336,14.883392186851411,14.887989044189453,1805907,0.0,0.0
2003-03-04,14.7362559531918,14.82821409464892,14.538546888998383,14.579927444458008,2575202,0.0,0.0
2003-03-05,14.506361622033266,14.644298285778506,14.391414770849263,14.616711616516113,2435869,0.0,0.0
2003-03-06,14.391419129811743,14.414407843524854,14.170720179810472,14.276471138000488,3242235,0.0,0.0
2003-03-07,13.977608368856734,14.216699182370514,13.97301040480004,14.147730827331543,5953869,0.0,0.0
2003-03-10,14.138536164619792,14.138536164619792,13.862662719773185,13.885652542114258,5185205,0.0,0.0
2003-03-11,13.839679280845491,14.064976326269308,13.839679280845491,13.950029373168945,4943863,0.0,0.0
2003-03-12,13.991567351516833,14.074658240440266,13.617658906462655,14.056193351745605,6880907,0.095168,0.0
2003-03-13,13.926948754735431,13.926948754735431,12.574413812298658,12.57903003692627,31330885,0.0,0.0
2003-03-14,12.583638673049695,13.433011280085502,12.579022451205875,13.174506187438965,12024123,0.0,0.0
2003-03-17,13.017555783273444,13.571494587077126,13.017555783273444,13.534565925598145,5585929,0.0,0.0
2003-03-18,13.603807370683755,13.728443122679984,13.571493822283536,13.594574928283691,4945250,0.0,0.0
2003-03-19,13.626897564952424,14.014655995147097,13.622281340297576,14.005423545837402,5620101,0.0,0.0
2003-03-20,14.01003135168854,14.282385133636597,13.986951350657563,14.217759132385254,4444155,0.0,0.0
2003-03-21,14.30546953140421,15.076366611481841,14.259307298331839,14.960963249206543,4729883,0.0,0.0
2003-03-24,14.471647516806339,14.522425963631248,14.194678611299082,14.231608390808105,3264175,0.0,0.0
2003-03-25,14.12543546338549,14.457797906270507,14.079274352213345,14.273152351379395,2739627,0.0,0.0
2003-03-26,13.733062280276064,14.402405615780776,13.733062280276064,14.291617393493652,3072766,0.0,0.0
2003-03-27,14.240838128129337,14.513191890851443,14.102353690909105,14.40240478515625,3565286,0.0,0.0
2003-03-28,14.310084060415635,14.393173849702547,14.273154278330177,14.314699172973633,2393375,0.0,0.0
2003-03-31,14.208522359481819,14.37470408933343,14.088501727832444,14.213138580322266,2276991,0.0,0.0
2003-04-01,14.250072668246933,14.42548690663843,14.21776022025017,14.37009334564209,3017789,0.0,0.0
2003-04-02,14.97480357616204,14.97480357616204,14.420864859331164,14.545501708984375,2581632,0.0,0.0
2003-04-03,14.531667146807017,14.587060739177666,14.296242991477666,14.41626262664795,3427087,0.0,0.0
2003-04-04,14.550118930508864,14.573200037534495,14.314694969454516,14.513190269470215,2331337,0.0,0.0
2003-04-07,14.910178886127877,15.016349751823467,14.651673833186498,14.656290054321289,3454450,0.0,0.0
2003-04-08,14.610125781956853,14.86863079843153,14.563964687323082,14.637823104858398,2725631,0.0,0.0
2003-04-09,14.637834239697144,15.007127718493331,14.471652396279456,14.517814636230469,2709239,0.0,0.0
2003-04-10,14.51780747385111,14.628594574670622,14.323929492315752,14.554736137390137,2100839,0.0,0.0
2003-04-11,14.817854854617911,15.020966354288387,14.40240163385985,14.591663360595703,2170947,0.0,0.0
2003-04-14,14.554741472414428,14.840943993210649,14.2731562852308,14.804014205932617,2119501,0.0,0.0
2003-04-15,14.804000991810652,14.924021583130461,14.633204208712302,14.730142593383789,2399806,0.0,0.0
2003-04-16,14.850168926431659,14.88248136374828,14.559350329368398,14.596280097961426,2700412,0.0,0.0
2003-04-17,14.596280050082308,15.18714746401435,14.448563196599299,15.131753921508789,3741312,0.0,0.0
2003-04-21,14.6332192197575,14.864025980180962,14.46242115124927,14.771703720092773,4169650,0.0,0.0
2003-04-22,14.771703766847931,15.417965140525734,14.771703766847931,15.30256175994873,4019599,0.0,0.0
2003-04-23,15.464118924246904,15.634915789691174,15.321017167487286,15.63029956817627,2499041,0.0,0.0
2003-04-24,15.362571581357534,15.694934161586811,15.348722909222356,15.547218322753906,3143630,0.0,0.0
2003-04-25,15.556444115258028,15.690312344438938,15.270242767298125,15.279475212097168,2778338,0.0,0.0
2003-04-28,15.302546501938867,15.787241771361861,15.274849185319656,15.768776893615723,2409137,0.0,0.0
2003-04-29,15.750320993033323,15.773402101744539,15.394876359690363,15.570290565490723,3332013,0.0,0.0
2003-04-30,15.385643376670872,15.54259380020085,15.33486604948927,15.524128913879395,3920364,0.0,0.0
2003-05-01,15.40872398870315,15.667229058277359,15.25639090185818,15.653380393981934,3046538,0.0,0.0
2003-05-02,15.713392204319018,15.833412866940147,15.514897987564373,15.76417064666748,2442804,0.0,0.0
2003-05-05,15.764169658260052,15.764169658260052,15.487199684332786,15.570290565490723,3355593,0.0,0.0
2003-05-06,15.602605529938597,15.925735530131162,15.579524419138222,15.759554862976074,3497195,0.0,0.0
2003-05-07,15.773397492148254,15.925729434517677,15.602599558003895,15.907265663146973,2818814,0.0,0.0
2003-05-08,15.791867229695288,15.981128993408046,15.65799790732985,15.731856346130371,2382531,0.0,0.0
2003-05-09,15.727249142558254,15.971905708312988,15.625693314647984,15.971905708312988,2449235,0.0,0.0
2003-05-12,15.810332611607338,16.211938399064646,15.731857943028382,16.156543731689453,2647957,0.0,0.0
2003-05-13,16.041140746512546,16.068838080806973,15.625686283109136,15.639534950256348,3882410,0.0,0.0
2003-05-14,15.694923400878906,15.791864039360984,15.5564389948804,15.694923400878906,2905188,0.0,0.0
2003-05-15,15.741091899353126,15.879576360685913,15.648768555063711,15.801101684570312,3415109,0.0,0.0
2003-05-16,15.65800113898067,15.828799160896098,15.422577108551947,15.584142684936523,4125013,0.0,0.0
2003-05-19,15.491813791714637,15.491813791714637,15.302552056720891,15.376410484313965,3100632,0.0,0.0
2003-05-20,15.441030830955013,15.584131412771736,15.233304287369627,15.334858894348145,2501185,0.0,0.0
2003-05-21,15.210230554519757,15.501048078383743,15.159453226445823,15.367179870605469,3417378,0.0,0.0
2003-05-22,15.477971680386963,15.487204126519586,15.233316298683459,15.316407203674316,2782247,0.0,0.0
2003-05-23,15.41334126079451,15.417957482540988,15.274856828805097,15.344099044799805,2771024,0.0,0.0
2003-05-27,15.279472826460358,15.533361688185668,15.233311719875038,15.468735694885254,3367950,0.0,0.0
2003-05-28,15.436426168072412,15.754941106148648,15.390265049450909,15.671850204467773,2573815,0.0,0.0
2003-05-29,15.630304029234903,15.658001366229444,15.45027466937849,15.61184024810791,2902161,0.0,0.0
2003-05-30,15.768786083503404,16.110382080078125,15.699544972006132,16.110382080078125,3418891,0.0,0.0
2003-06-02,16.156539026560413,16.65508422653474,16.138075253014964,16.44274139404297,5045998,0.0,0.0
2003-06-03,16.387340710817558,16.502745081559457,16.248856354088748,16.405805587768555,4902630,0.0,0.0
2003-06-04,16.39195592657562,16.396572145218123,16.156530996211234,16.295015335083008,3641950,0.0,0.0
2003-06-05,16.295034081849355,16.295034081849355,15.976520180087816,16.03191375732422,4719795,0.0,0.0
2003-06-06,16.128849862392578,16.438132359570414,16.115001193527412,16.21194076538086,4646787,0.0,0.0
2003-06-09,16.091915864458127,16.142694303665433,15.750321006257526,15.85649299621582,2572049,0.0,0.0
2003-06-10,15.86111244347118,16.07807159423828,15.681083076767967,16.07807159423828,1946375,0.0,0.0
2003-06-11,16.078077313230217,16.166087692363618,15.679715072224921,16.027124404907227,3366311,0.095168,0.0
2003-06-12,16.142913157481352,16.142913157481352,15.78623978254452,15.906675338745117,3686966,0.0,0.0
2003-06-13,15.934467549277128,15.934467549277128,15.656541223654283,15.80013656616211,3143882,0.0,0.0
2003-06-16,15.832571593071417,16.286517685131,15.763088854753043,16.221668243408203,3074279,0.0,0.0
2003-06-17,16.267988275058457,16.430112418508287,16.166081384136618,16.393054962158203,3120050,0.0,0.0
2003-06-18,16.217039566630532,16.67098683968059,16.170717734253273,16.430116653442383,2686794,0.0,0.0
2003-06-19,16.217034896698536,16.32820503430853,16.096599281240035,16.23093032836914,3937008,0.0,0.0
2003-06-20,16.337469101004213,16.508857600247033,16.212401305916366,16.36526107788086,3156996,0.0,0.0
2003-06-23,16.221667082701906,16.30041306645388,16.03175095367711,16.17534637451172,3709158,0.0,0.0
2003-06-24,16.207771207015593,16.332837895538912,16.08733558654785,16.08733558654785,2284935,0.0,0.0
2003-06-25,16.091968338439038,16.184610869608207,15.77235221862793,15.77235221862793,2233237,0.0,0.0
2003-06-26,15.841832977578797,15.966900777774764,15.661181221359335,15.892786979675293,1740969,0.0,0.0
2003-06-27,15.980790504111797,16.003951405886482,15.531475693925817,15.591692924499512,2717939,0.0,0.0
2003-06-30,15.65654754795107,16.050277410986666,15.554640667506332,15.68433952331543,2722226,0.0,0.0
2003-07-01,15.638022555146037,15.915949059387273,15.494427120351995,15.883524894714355,2024300,0.0,0.0
2003-07-02,15.88352448713054,16.295783164281136,15.88352448713054,16.221668243408203,3409813,0.0,0.0
2003-07-03,16.12901833767028,16.32356656052,15.985422982082067,16.06416893005371,1522323,0.0,0.0
2003-07-07,16.17997044594142,16.49032204315128,16.096592321762625,16.444000244140625,2975674,0.0,0.0
2003-07-08,16.328208274786682,16.59687042236328,16.295784109065927,16.59687042236328,1759126,0.0,0.0
2003-07-09,16.494961672200727,16.81920995554477,16.430112238340097,16.698774337768555,4779563,0.0,0.0
2003-07-10,16.54128135692001,16.629291695312187,16.2540905472493,16.323572158813477,2736853,0.0,0.0
2003-07-11,16.17071056144321,16.513487512825314,16.14291858838567,16.39768409729004,1921282,0.0,0.0
2003-07-14,16.513487895594974,16.86089592217207,16.397684477375464,16.837736129760742,3867531,0.0,0.0
2003-07-15,16.870161427417305,17.01838901066884,16.814576362208175,16.860897064208984,2673807,0.0,0.0
2003-07-16,16.99059412405377,17.069341202995897,16.782149316034864,17.009122848510742,2775438,0.0,0.0
2003-07-17,16.814574673303234,16.879424095207018,16.416212665562075,16.652450561523438,2987905,0.0,0.0
2003-07-18,16.786786265682036,16.847003523232114,16.508859776041064,16.782154083251953,2235254,0.0,0.0
2003-07-21,16.67561172506168,16.805311693580204,16.360628951907255,16.439374923706055,2234372,0.0,0.0
2003-07-22,16.32356760471176,16.78677896193578,16.258718192946876,16.7219295501709,2335246,0.0,0.0
2003-07-23,16.610763574872426,16.66171646146868,16.217034799648996,16.63392448425293,2314441,0.0,0.0
2003-07-24,16.745092945173987,16.879423969116985,16.453269991766554,16.504222869873047,2294392,0.0,0.0
2003-07-25,16.471793986404702,17.129554646502534,16.45789744614228,17.06007194519043,2696629,0.0,0.0
2003-07-28,17.023019449497724,17.240728620482336,16.953537846589473,17.055444717407227,2942890,0.0,0.0
2003-07-29,16.559810688276173,16.77288771245424,16.230930231236442,16.63392448425293,5905450,0.0,0.0
2003-07-30,16.809947951186384,16.972071001574882,16.587606526436428,16.758995056152344,3281324,0.0,0.0
2003-07-31,16.90721349439379,17.532548940630342,16.72192961916402,17.17587661743164,4693442,0.0,0.0
2003-08-01,17.17588003405588,17.27778690982989,17.041549002836096,17.161983489990234,3246396,0.0,0.0
2003-08-04,17.115658319365345,17.300942183050175,16.944269882075538,17.226829528808594,1869080,0.0,0.0
2003-08-05,17.161984948083855,17.421383783892423,17.023021723702445,17.04618263244629,3173388,0.0,0.0
2003-08-06,17.12956118822206,17.25926005212201,17.01838993770721,17.087871551513672,3615975,0.0,0.0
2003-08-07,17.032284781660806,17.36579738584482,17.004491693298558,17.333372116088867,2981726,0.0,0.0
2003-08-08,17.370427165141464,17.6761477723341,17.365796098131902,17.620561599731445,2648084,0.0,0.0
2003-08-11,17.6020354961818,17.694678016938504,17.333373411432262,17.551082611083984,1634294,0.0,0.0
2003-08-12,17.63446158869364,17.639093770648998,17.37506274131613,17.62982940673828,2451378,0.0,0.0
2003-08-13,17.745640218298742,17.81049079670284,17.444553817343902,17.754905700683594,2557549,0.0,0.0
2003-08-14,17.833640886704398,18.431183369621305,17.778054710402746,18.116199493408203,4320332,0.0,0.0
2003-08-15,18.116191789002286,18.20420208334372,17.963332097261972,18.069869995117188,1304308,0.0,0.0
2003-08-18,18.018925878558473,18.176417826101446,18.018925878558473,18.03745460510254,1913591,0.0,0.0
2003-08-19,18.060610261016144,18.24126195016248,17.92627814667803,18.125459671020508,1665565,0.0,0.0
2003-08-20,18.08840674809666,18.18104926298125,18.032821684782203,18.08377456665039,1181493,0.0,0.0
2003-08-21,18.125469697940208,18.435821492820814,18.10230878368312,18.38949966430664,2102478,0.0,0.0
2003-08-22,18.50066544173382,18.52845853058437,18.19494592054081,18.23200225830078,2181917,0.0,0.0
2003-08-25,18.22737193499305,18.264429390571564,18.00966272559192,18.15789031982422,1116051,0.0,0.0
2003-08-26,18.15789039285371,18.27832600992738,17.85217083926491,18.255165100097656,1647156,0.0,0.0
2003-08-27,18.25052837205573,18.333906512632947,18.000395064364675,18.301481246948242,2138541,0.0,0.0
2003-08-28,18.30611180650157,18.324640528108997,18.10229921094134,18.190309524536133,1796324,0.0,0.0
2003-08-29,18.194945748525345,18.500665266828076,18.157888297074955,18.48676872253418,1715246,0.0,0.0
2003-09-02,18.482129594154717,18.760055919404433,18.47286523477435,18.718368530273438,2961299,0.0,0.0
2003-09-03,18.718373333095855,18.85270435049763,18.54235157374495,18.597936630249023,2566501,0.0,0.0
2003-09-04,18.528450102185097,18.64425235830363,18.454335232297712,18.602563858032227,2171577,0.0,0.0
2003-09-05,18.36633427684591,18.528459523118098,18.250531961846832,18.505298614501953,3306668,0.0,0.0
2003-09-08,18.389491599633246,18.769324856668938,18.259792764754895,18.755428314208984,2920193,0.0,0.0
2003-09-09,18.597933141516318,18.597933141516318,18.176411444868144,18.18104362487793,2674311,0.0,0.0
2003-09-10,18.232162431876837,18.306503520950827,17.80005394370013,17.832578659057617,3121059,0.095168,0.0
2003-09-11,17.865095969487125,17.90691232587111,17.558438964481425,17.758230209350586,5095679,0.0,0.0
2003-09-12,17.795401792297255,17.995193042724832,17.609548582747482,17.958023071289062,3348784,0.0,0.0
2003-09-15,17.96266792820073,17.96266792820073,17.586315155029297,17.586315155029297,2968613,0.0,0.0
2003-09-16,17.656020072439865,17.711776733398438,17.52592343178493,17.711776733398438,3973449,0.0,0.0
2003-09-17,17.748941416208428,17.7954052864476,17.451577116506517,17.628137588500977,2852102,0.0,0.0
2003-09-18,17.69318101645186,17.95337414830194,17.632779119233582,17.869741439819336,3007323,0.0,0.0
2003-09-19,17.837224936838343,18.352967286721256,17.795408563380015,18.120651245117188,3254340,0.0,0.0
2003-09-22,17.84187586642868,17.88833975705148,17.665315316977424,17.800058364868164,2050402,0.0,0.0
2003-09-23,17.748942282816277,17.790759768073308,17.363297728287694,17.400468826293945,3468194,0.0,0.0
2003-09-24,17.437636855210037,17.493393495979088,17.103102597881364,17.17744255065918,3597818,0.0,0.0
2003-09-25,17.191388789594402,17.233206287390004,17.02876853942871,17.02876853942871,2463483,0.0,0.0
2003-09-26,17.02876175964109,17.02876175964109,16.80109215910381,16.92189598083496,2583019,0.0,0.0
2003-09-29,16.9033128585142,17.0427022474176,16.7453379197684,16.8336181640625,2746436,0.0,0.0
2003-09-30,16.726748461834013,16.810383416584074,16.559481904705017,16.657054901123047,3328356,0.0,0.0
2003-10-01,16.684940764110117,17.019476286960458,16.661708820173946,17.000890731811523,3498708,0.0,0.0
2003-10-02,17.14492579162668,17.27037604842281,17.005536369084847,17.219266891479492,2975043,0.0,0.0
2003-10-03,17.21925991545337,17.725709360957445,17.21925991545337,17.530563354492188,3568816,0.0,0.0
2003-10-06,17.530567428718953,17.65601766384705,17.400470805811494,17.51662826538086,1738699,0.0,0.0
2003-10-07,17.516630111934543,17.879042809642637,17.432997358004403,17.860458374023438,3191167,0.0,0.0
2003-10-08,17.97661428306089,18.02772454957859,17.707128256706245,17.781469345092773,2655649,0.0,0.0
2003-10-09,18.167115604449492,18.21357836987425,17.827933729239025,17.916213989257812,2299940,0.0,0.0
2003-10-10,17.874391562443936,18.02307370242994,17.8232824260291,17.93479347229004,1839448,0.0,0.0
2003-10-13,18.074177292451715,18.185689421950237,17.92084881280174,18.04629898071289,1257149,0.0,0.0
2003-10-14,18.046308431002615,18.16711339434254,17.865102662178774,18.050954818725586,1797837,0.0,0.0
2003-10-15,18.32973455424493,18.450538398970927,18.032369095193715,18.06024742126465,2149637,0.0,0.0
2003-10-16,17.888330414908665,17.9673167528016,17.363295429815587,17.665306091308594,3823272,0.0,0.0
2003-10-17,18.120643223554385,18.120643223554385,17.5212672746264,17.7303524017334,3265436,0.0,0.0
2003-10-20,17.730355504208593,17.77681825310863,17.563087820237087,17.665306091308594,2077890,0.0,0.0
2003-10-21,17.65601859318487,17.77217717632571,17.567738338187617,17.748945236206055,2904683,0.0,0.0
2003-10-22,17.748945502690415,17.748945502690415,17.14492399017004,17.154216766357422,3618119,0.0,0.0
2003-10-23,17.158852774762455,17.279657674664016,17.075218957125,17.20067024230957,2527917,0.0,0.0
2003-10-24,17.121685536596708,17.1913790920271,16.963709529273242,17.093807220458984,1811833,0.0,0.0
2003-10-27,17.135629057565414,17.20067848269102,16.986946892192933,17.04734992980957,2265643,0.0,0.0
2003-10-28,17.093813618127545,17.340068817138672,16.991594204822057,17.340068817138672,2230463,0.0,0.0
2003-10-29,17.168155930638502,17.312191726628058,17.12169316715903,17.154216766357422,2902161,0.0,0.0
2003-10-30,17.330770257610336,17.409757705744656,17.0194668512843,17.11703872680664,3334409,0.0,0.0
2003-10-31,17.284311887696695,17.683895641549814,17.237849128277322,17.535213470458984,2944150,0.0,0.0
2003-11-03,17.609552986642196,17.735003208114545,17.43299362261764,17.45622444152832,2053428,0.0,0.0
2003-11-04,17.330772737758263,17.349357167805834,17.168151432006184,17.251785278320312,2012952,0.0,0.0
2003-11-05,17.051995530786943,17.223909637040595,16.9590688962614,17.209970474243164,3578273,0.0,0.0
2003-11-06,17.28431276862952,17.37259302173735,17.098460604022296,17.307544708251953,4008755,0.0,0.0
2003-11-07,17.628143017089943,18.00449489463886,17.44693610226887,17.76288604736328,4542004,0.0,0.0
2003-11-10,17.84187030179797,18.09741826814845,17.823285868802763,18.013784408569336,3024472,0.0,0.0
2003-11-11,18.111352953482005,18.38548641942733,18.06489020342783,18.273975372314453,4425872,0.0,0.0
2003-11-12,18.283265567863584,18.529520693630875,18.283265567863584,18.371545791625977,5483794,0.0,0.0
2003-11-13,18.371547527875496,18.46912053361921,18.120647109473296,18.380840301513672,3863748,0.0,0.0
2003-11-14,18.306500307902557,18.352964178829616,17.735002517700195,17.735002517700195,3852652,0.0,0.0
2003-11-17,17.660665175878055,17.679250728178644,17.46087384101908,17.61884880065918,2390097,0.0,0.0
2003-11-18,17.618842180300504,17.77217069425158,17.42834257571545,17.502683639526367,1870341,0.0,0.0
2003-11-19,17.521275423602855,17.67460399214928,17.42834878138678,17.637434005737305,1577930,0.0,0.0
2003-11-20,17.521267201316164,17.53985274452914,17.19137827911345,17.26107406616211,3167083,0.0,0.0
2003-11-21,17.27037604842281,17.35400992543942,17.1913885599881,17.219266891479492,2085960,0.0,0.0
2003-11-24,17.312190555460937,17.586322964613956,17.2610814073453,17.51662826538086,2460331,0.0,0.0
2003-11-25,17.377234644170983,17.586318691061937,17.330771895125363,17.419052124023438,3074279,0.0,0.0
2003-11-26,17.474811536142326,17.683895629573957,17.446933210035166,17.656017303466797,1998830,0.0,0.0
2003-11-28,17.62349662863517,17.95803212754867,17.60955746327085,17.76288604736328,1075575,0.0,0.0
2003-12-01,17.981257536717113,18.120648030920727,17.786112632763576,18.088123321533203,3007954,0.0,0.0
2003-12-02,18.078834609192068,18.21822401725508,18.037018233756143,18.13459014892578,3789984,0.0,0.0
2003-12-03,18.120644937952825,18.143875751807215,17.781463210634403,17.865097045898438,2880852,0.0,0.0
2003-12-04,17.832576759077966,18.143880245930596,17.781467614990486,18.055601119995117,2129084,0.0,0.0
2003-12-05,17.999844471037182,18.116003038908918,17.84651592131745,18.055601119995117,2201840,0.0,0.0
2003-12-08,17.9487329803388,18.092768736401027,17.795404450665185,17.97661018371582,1828352,0.0,0.0
2003-12-09,18.004488155567408,18.111352815112717,17.841866855434507,17.93479347229004,2105378,0.0,0.0
2003-12-10,17.87884271939021,18.177289593401415,17.82288421089445,17.916149139404297,1892533,0.111029,0.0
2003-12-11,18.046712110792765,18.18661000807482,18.023396729183194,18.153966903686523,1865549,0.0,0.0
2003-12-12,18.139969371599094,18.15395926759523,17.860175937774216,18.079347610473633,1741221,0.0,0.0
2003-12-15,18.186600330166897,18.303180540751956,18.097997665405273,18.097997665405273,2684651,0.0,0.0
2003-12-16,18.16796173772055,18.30319524956334,18.139981926363326,18.261226654052734,2709365,0.0,0.0
2003-12-17,18.191271224517518,18.275209509834873,17.86484468400835,17.976762771606445,2993075,0.0,0.0
2003-12-18,18.070033980254777,18.16796220097686,17.911483954904842,18.14464569091797,2521234,0.0,0.0
2003-12-19,18.139977271494285,18.139977271494285,17.734275718547075,17.860183715820312,3806250,0.0,0.0
2003-12-22,17.83686619028487,17.95810975838967,17.73427470237128,17.906814575195312,2273082,0.0,0.0
2003-12-23,17.836874265821706,18.02340412438307,17.836874265821706,18.018739700317383,2208144,0.0,0.0
2003-12-24,18.004740650780608,18.088678927132417,18.000077350898575,18.051372528076172,888579,0.0,0.0
2003-12-26,18.088683053473147,18.186611251810163,18.070029849689906,18.13531494140625,678129,0.0,0.0
2003-12-29,18.1213236646367,18.247230529785156,18.009405578874308,18.247230529785156,2210666,0.0,0.0
2003-12-30,18.13531455190881,18.32650764353072,18.05137625821199,18.275211334228516,2419098,0.0,0.0
2003-12-31,18.256563491794886,18.592316765174434,18.256563491794886,18.471073150634766,2713022,0.0,0.0
2004-01-02,18.513038351978828,18.72754797145708,18.471069761270098,18.6342830657959,2375470,0.0,0.0
2004-01-05,18.746194420704036,19.203191087403784,18.736867820788763,19.184537887573242,3376146,0.0,0.0
2004-01-06,19.14258098848767,19.38040493139231,19.114601173310472,19.36641502380371,2701043,0.0,0.0
2004-01-07,19.249826931555877,19.399050309201666,19.12858335779052,19.263816833496094,2745806,0.0,0.0
2004-01-08,19.33375700465542,19.375726695073187,19.049300255699734,19.226503372192383,3644472,0.0,0.0
2004-01-09,19.05864265934006,19.09594908176159,18.778848977280358,18.788175582885742,3869170,0.0,0.0
2004-01-12,18.760183113676963,18.83945696480732,18.587643269393972,18.73220443725586,3288007,0.0,0.0
2004-01-13,18.81614728572027,18.951380765631455,18.65293400105851,18.699565887451172,2284052,0.0,0.0
2004-01-14,18.699565843863738,19.17987797362095,18.671586039178383,19.128583908081055,3335796,0.0,0.0
2004-01-15,19.22184693734049,19.282469845147805,18.94205338740639,19.161226272583008,1848274,0.0,0.0
2004-01-16,19.235821313047346,19.301107468759838,19.109914541506992,19.198514938354492,3051077,0.0,0.0
2004-01-20,19.095940710334755,19.151898076385134,18.88609441925858,19.07262420654297,2329572,0.0,0.0
2004-01-21,19.072617811647326,19.119250803595232,18.75551795249988,19.053964614868164,2506355,0.0,0.0
2004-01-22,18.956041693768857,19.77676907209222,18.914071991896183,19.566925048828125,3764135,0.0,0.0
2004-01-23,20.18247684490424,20.187140146300134,19.562266731451107,19.697500228881836,4889390,0.0,0.0
2004-01-26,19.571590868201334,19.744130755059007,19.520294559309882,19.734804153442383,2573058,0.0,0.0
2004-01-27,19.688168810762594,19.7394651135714,19.5296188451305,19.66951560974121,1935279,0.0,0.0
2004-01-28,19.744130662916007,19.921333849755015,19.562264175290448,19.678844451904297,2444065,0.0,0.0
2004-01-29,19.902675717246378,20.215112306463222,19.87003261982535,20.098529815673828,5355809,0.0,0.0
2004-01-30,20.145164248499306,20.168480748319833,19.88868723657253,19.935317993164062,4232067,0.0,0.0
2004-02-02,19.958630509542274,20.378322936448466,19.93531401437537,20.238426208496094,3643463,0.0,0.0
2004-02-03,20.289730224165524,20.336363237412453,20.042579740057157,20.089210510253906,2765476,0.0,0.0
2004-02-04,20.117188708378148,20.238434533117797,19.748794662357685,19.902681350708008,2857398,0.0,0.0
2004-02-05,19.88868180063263,19.958629037926833,19.683498901341725,19.846712112426758,2349999,0.0,0.0
2004-02-06,19.776765246610523,20.15915130360726,19.702154700763113,20.112518310546875,2565366,0.0,0.0
2004-02-09,20.16848978034091,20.401650396863086,20.056572774132288,20.27574348449707,1879419,0.0,0.0
2004-02-10,20.215107722258324,20.480911254882812,20.15914813936944,20.480911254882812,2115466,0.0,0.0
2004-02-11,20.401642373570752,20.835324807795928,20.355011614434975,20.770038604736328,2264382,0.0,0.0
2004-02-12,20.625483728650504,20.788697034300608,20.546209848046274,20.756053924560547,1734286,0.0,0.0
2004-02-13,20.756038076849862,20.756038076849862,20.294378320735973,20.443601608276367,2240298,0.0,0.0
2004-02-17,20.494907717452353,20.798017735790005,20.452938016838026,20.751384735107422,1688136,0.0,0.0
2004-02-18,20.75138544039905,20.79335514243983,20.462265312439648,20.62081527709961,1477560,0.0,0.0
2004-02-19,20.616148018755666,20.681434209395842,20.12184501877055,20.16847801208496,2468653,0.0,0.0
2004-02-20,20.280399601917377,20.280399601917377,19.888689097431186,20.084543228149414,1761774,0.0,0.0
2004-02-23,20.09853616597185,20.182475585861564,19.669519193463536,19.81407928466797,1693306,0.0,0.0
2004-02-24,19.580926730748228,19.92134336465759,19.53895700362354,19.576263427734375,2742653,0.0,0.0
2004-02-25,19.580911409426182,19.678838453041923,19.5156252183162,19.627544403076172,1706419,0.0,0.0
2004-02-26,19.627545364940556,19.655522919452377,19.47365647835414,19.548269271850586,1825325,0.0,0.0
2004-02-27,19.19853186585951,19.977291908971896,19.19853186585951,19.795425415039062,2654388,0.0,0.0
2004-03-01,19.800079125531344,19.89334509932217,19.54826548239394,19.846712112426758,1636690,0.0,0.0
2004-03-02,20.028592727137752,20.634813014652817,19.97263310316387,20.1171932220459,2931667,0.0,0.0
2004-03-03,20.12185396950142,20.45760718461863,20.019263581624024,20.401647567749023,2242568,0.0,0.0
2004-03-04,20.33169242492829,20.774699157963116,20.327029125326362,20.746719360351562,2792586,0.0,0.0
2004-03-05,20.58816719189702,20.58816719189702,20.10319081485804,20.1404972076416,3514218,0.0,0.0
2004-03-08,20.154497639555323,20.31304764870937,19.949314615047054,19.96330451965332,3059778,0.0,0.0
2004-03-09,20.0052542052182,20.396964412882216,19.958621236550567,20.28504753112793,3223195,0.0,0.0
2004-03-10,20.588173626388663,20.6581231347194,20.051903034718926,20.10319709777832,2301579,0.0,0.0
2004-03-11,20.00962781325308,20.06576973920886,19.60728409497665,19.668102264404297,2331716,0.111029,0.0
2004-03-12,19.635357656212552,19.719568305931656,19.424827656377666,19.682140350341797,2392114,0.0,0.0
2004-03-15,19.513719361784542,19.64003646355465,18.88681009709915,19.247047424316406,4034478,0.0,0.0
2004-03-16,19.415470355113843,19.52307572570348,19.279796268641476,19.420148849487305,2597016,0.0,0.0
2004-03-17,19.621324655391838,19.635360140513832,19.466936569408283,19.54646873474121,1617902,0.0,0.0
2004-03-18,19.52307683444287,19.579216519754617,19.321903815317164,19.48097038269043,1588144,0.0,0.0
2004-03-19,19.420141694653747,19.57452970173982,19.303181628766048,19.321895599365234,2468401,0.0,0.0
2004-03-22,19.06457927612857,19.102004959650873,18.868084873620187,19.031829833984375,1855588,0.0,0.0
2004-03-23,19.031842092370937,19.265762329069364,18.95230768164988,19.195587158203125,2274469,0.0,0.0
2004-03-24,19.144122791760914,19.275118388031014,19.069266879401933,19.17687225341797,3022707,0.0,0.0
2004-03-25,19.242370491464673,19.34061888442693,19.097339399831068,19.31722640991211,2923093,0.0,0.0
2004-03-26,19.321898527360837,19.340612500795896,19.125404056650282,19.265756607055664,2327302,0.0,0.0
2004-03-29,19.29850839834821,19.738280076272442,19.284472916571687,19.644712448120117,3627702,0.0,0.0
2004-03-30,19.649396896362305,19.71489358080891,19.466937828335137,19.649396896362305,1486639,0.0,0.0
2004-03-31,19.67746786842164,19.76635702958436,19.406117388873245,19.649396896362305,2572175,0.0,0.0
2004-04-01,19.57921165122888,19.883309226441668,19.56985466427725,19.714885711669922,2632574,0.0,0.0
2004-04-02,20.351151492311768,20.964025126255994,20.30436880867129,20.70203399658203,8148143,0.0,0.0
2004-04-05,20.814320046237132,21.095025209637225,20.80028456303132,21.085670471191406,3643968,0.0,0.0
2004-04-06,21.076305275836226,21.19326760283093,20.641212170488192,20.781564712524414,2278000,0.0,0.0
2004-04-07,20.697362556494763,20.795608701013737,20.47279929749187,20.5429744720459,2501689,0.0,0.0
2004-04-08,20.767526660310768,20.94530485533826,20.627171900515016,20.730098724365234,1597223,0.0,0.0
2004-04-12,20.730107295178613,21.052918875460726,20.70203633161359,20.81899642944336,1643625,0.0,0.0
2004-04-13,20.92659805861224,21.0435581355883,20.566358591139956,20.636533737182617,1640347,0.0,0.0
2004-04-14,20.561683751913925,20.748821258544922,20.37454624528293,20.748821258544922,3179945,0.0,0.0
2004-04-15,20.81898886499092,21.516075205475623,20.795596403852908,21.441219329833984,5138172,0.0,0.0
2004-04-16,21.441231294444073,21.441231294444073,21.1511691151866,21.342985153198242,3660990,0.0,0.0
2004-04-19,21.249408536635283,21.286836483505596,20.99677439597578,21.029523849487305,1813220,0.0,0.0
2004-04-20,21.099696519805004,21.282153219180096,20.865774154663086,20.865774154663086,2503707,0.0,0.0
2004-04-21,20.865781428174653,21.20262849119911,20.865781428174653,21.113737106323242,2846806,0.0,0.0
2004-04-22,20.996777871501145,21.310232477709985,20.59443412711935,21.09970474243164,5322773,0.0,0.0
2004-04-23,21.40379236796196,21.40379236796196,21.066947663286516,21.207300186157227,1526484,0.0,0.0
2004-04-26,21.193264628278765,21.25408277942254,20.72542213703562,20.837703704833984,2359961,0.0,0.0
2004-04-27,20.94063071502824,21.123089690322715,20.74881700416027,20.809635162353516,1841213,0.0,0.0
2004-04-28,20.758171626021753,20.818989777288653,20.53360623961329,20.58506965637207,1540229,0.0,0.0
2004-04-29,20.655254704843948,20.987423326251307,20.449403189378973,20.514902114868164,2279513,0.0,0.0
2004-04-30,20.60846115572915,20.758172922926377,20.383898005647808,20.496179580688477,2215836,0.0,0.0
2004-05-03,20.603788162436732,20.828351347930138,20.561681721272617,20.66928482055664,2208775,0.0,0.0
2004-05-04,20.7020282108577,21.052910617064683,20.66927876621175,20.88448715209961,2531321,0.0,0.0
2004-05-05,20.85642739697474,20.978066006322543,20.65525437935766,20.879819869995117,1414766,0.0,0.0
2004-05-06,20.762853553602312,21.1932704745501,20.748820322818847,21.169878005981445,2899261,0.0,0.0
2004-05-07,21.216662693039957,21.745323475029366,21.216662693039957,21.5347957611084,5403346,0.0,0.0
2004-05-10,21.534794664157808,22.133632820522074,21.520759183896995,21.913745880126953,8243974,0.0,0.0
2004-05-11,21.82953524891967,21.913745880126953,21.525437677317264,21.913745880126953,3659603,0.0,0.0
2004-05-12,21.796792870157095,21.80147136509599,21.268129693136675,21.647083282470703,2802043,0.0,0.0
2004-05-13,21.516075205475623,21.703210393865696,21.32893776672854,21.441219329833984,3072892,0.0,0.0
2004-05-14,21.352333150291216,21.520756643179467,21.16987417879917,21.277477264404297,2511399,0.0,0.0
2004-05-17,20.84238169311319,21.03887611977527,20.730100128030735,20.865774154663086,3782166,0.0,0.0
2004-05-18,20.903210950032705,21.085669977074478,20.772215360206253,20.851747512817383,2585667,0.0,0.0
2004-05-19,20.88449441159178,21.02952546650855,20.786248293860336,20.800281524658203,2240803,0.0,0.0
2004-05-20,20.748821307809877,20.879816887655256,20.49150639169711,20.711393356323242,3884049,0.0,0.0
2004-05-21,20.678634611100243,20.74413349678346,20.57571004109773,20.716062545776367,2908970,0.0,0.0
2004-05-24,20.776890021067015,20.926601827013545,20.641215947285808,20.711393356323242,1973737,0.0,0.0
2004-05-25,20.95934849935904,21.216663408905557,20.917244305368843,21.179235458374023,4476687,0.0,0.0
2004-05-26,21.193270133031312,21.193270133031312,20.93595523328034,20.97806167602539,2903044,0.0,0.0
2004-05-27,21.0061355216968,21.024849498819318,20.78157004658458,20.889175415039062,3532123,0.0,0.0
2004-05-28,20.9125720028959,20.945319218948303,20.7675409020063,20.7862548828125,2477732,0.0,0.0
2004-06-01,20.786249124565234,20.786249124565234,20.566362161364356,20.631858825683594,3072135,0.0,0.0
2004-06-02,20.6552447925042,20.673958762234665,20.566355686641604,20.58506965637207,3329617,0.0,0.0
2004-06-03,20.702033674922404,20.804958277761354,20.51957468552254,20.7722110748291,4790786,0.0,0.0
2004-06-04,21.052915060794707,21.080986019273436,20.72074655284459,20.781564712524414,3628963,0.0,0.0
2004-06-07,20.889170330458406,21.095019527984867,20.80027896076327,21.048236846923828,2000091,0.0,0.0
2004-06-08,20.94998927453463,21.104377303632756,20.870457138505913,20.987417221069336,2717183,0.0,0.0
2004-06-09,20.996803828503303,21.100052909574572,20.870091304591185,20.917022705078125,2575580,0.111029,0.0
2004-06-10,21.071895742388897,21.09536144449554,20.8935586637812,20.96864891052246,2145098,0.0,0.0
2004-06-14,20.95457738819389,20.95457738819389,20.640141376242184,20.644834518432617,1890642,0.0,0.0
2004-06-15,20.710521040186798,20.898244332521056,20.66359191015473,20.78091812133789,2448982,0.0,0.0
2004-06-16,20.860702583809022,20.860702583809022,20.52749419414209,20.579118728637695,1920778,0.0,0.0
2004-06-17,20.51342129043265,20.53219385439297,20.152056206405735,20.44771957397461,2137406,0.0,0.0
2004-06-18,20.452412089753647,20.649521747908462,20.250609290752212,20.433639526367188,2319359,0.0,0.0
2004-06-21,20.386710478380802,20.44772131645095,20.20837562036691,20.23653221130371,1732647,0.0,0.0
2004-06-22,20.23652838304824,20.508728274772068,20.222451218944524,20.457103729248047,1506814,0.0,0.0
2004-06-23,20.39140425291617,20.748078494825087,20.30692996267634,20.701147079467773,2215836,0.0,0.0
2004-06-24,20.630751168491063,20.827858588197834,20.358551230614133,20.527502059936523,2117609,0.0,0.0
2004-06-25,20.461797913933317,20.461797913933317,19.828232943418474,19.917400360107422,4830127,0.0,0.0
2004-06-28,20.076962445514265,20.147359548075485,19.804764830416243,19.842309951782227,2588568,0.0,0.0
2004-06-29,19.85169817057642,19.93617244449584,19.800073623657227,19.800073623657227,3229878,0.0,0.0
2004-06-30,19.847005209468097,19.88455033483984,19.537262439957036,19.65458869934082,3319530,0.0,0.0
2004-07-01,19.75784133229833,19.83762474711624,19.349544746323296,19.47625732421875,4485136,0.0,0.0
2004-07-02,19.405859232203337,19.410552373473035,18.715976495170565,18.72536277770996,7428277,0.0,0.0
2004-07-06,18.77228864199639,19.218130158633425,18.739436662818363,19.13365364074707,6674870,0.0,0.0
2004-07-07,19.05387734391653,19.31199558799954,19.030411638562963,19.17120361328125,3432509,0.0,0.0
2004-07-08,19.15712056817769,19.35892333866193,18.97878349861053,18.983476638793945,3262158,0.0,0.0
2004-07-09,19.053871175273414,19.24159449992388,18.99286036110624,19.011632919311523,1971341,0.0,0.0
2004-07-12,19.011638860771367,19.11019482214952,18.866153746616224,19.00225257873535,1771610,0.0,0.0
2004-07-13,19.072645319849414,19.14773330151363,18.941239658885113,18.969398498535156,2495385,0.0,0.0
2004-07-14,18.800453848245574,18.894315554618043,18.31706701982382,18.41092872619629,4986104,0.0,0.0
2004-07-15,18.654966349623802,18.91777886845513,18.598649784410508,18.7441349029541,3384342,0.0,0.0
2004-07-16,18.86615180256066,18.9083900673703,18.730052984465782,18.7769832611084,3135686,0.0,0.0
2004-07-19,18.814530886904528,18.87084745210363,18.75352118054704,18.833303451538086,2300697,0.0,0.0
2004-07-20,18.78637250770205,18.913086193431948,18.725362799825525,18.861461639404297,2054311,0.0,0.0
2004-07-21,18.899005044559026,19.171202698871145,18.753519935709235,18.805143356323242,1776023,0.0,0.0
2004-07-22,18.72536277770996,18.81453133313262,18.603343362101022,18.72536277770996,1848148,0.0,0.0
2004-07-23,18.67842948685781,18.711280341755753,18.518864966778008,18.59395408630371,1604410,0.0,0.0
2004-07-26,18.58926304069231,18.612728745907738,18.23258883622402,18.537639617919922,2031109,0.0,0.0
2004-07-27,18.94592989761607,19.42931420797705,18.72066147231389,19.307294845581055,4048223,0.0,0.0
2004-07-28,19.57011535181111,19.57011535181111,19.03041092123199,19.283838272094727,2328311,0.0,0.0
2004-07-29,19.326072966594158,19.710905978872706,19.30260726372316,19.631122589111328,2221384,0.0,0.0
2004-07-30,19.5231876044878,19.70152473449707,19.340157332704507,19.70152473449707,1966550,0.0,0.0
2004-08-02,19.499721228400247,19.64989950262679,19.438712644828968,19.593584060668945,1342514,0.0,0.0
2004-08-03,19.4762592787656,19.588892441820054,19.37301240074933,19.43402099609375,1475291,0.0,0.0
2004-08-04,19.279137820531822,19.43870229301134,19.19935445559098,19.368305206298828,1271146,0.0,0.0
2004-08-05,19.288528744821427,19.288528744821427,19.006944811995403,19.082035064697266,1476299,0.0,0.0
2004-08-06,18.725362322082237,18.87554058165521,18.349916673149806,18.429698944091797,3545615,0.0,0.0
2004-08-09,18.44377366814635,18.4672382392436,18.1293378056511,18.24666404724121,2788930,0.0,0.0
2004-08-10,18.30298614501953,18.349916427244082,18.115262758718192,18.30298614501953,2404471,0.0,0.0
2004-08-11,18.20912491305806,18.50948143578619,18.124649499953073,18.420312881469727,2498411,0.0,0.0
2004-08-12,18.3499094278972,18.42969166733808,18.20911750622532,18.27482032775879,1710328,0.0,0.0
2004-08-13,18.21850135093132,18.453154898602975,18.209115073580335,18.39683723449707,1603023,0.0,0.0
2004-08-16,18.387461949381223,18.76760189454416,18.368690512158455,18.730056762695312,1725207,0.0,0.0
2004-08-17,18.730055479475382,18.84738287976312,18.631500643825937,18.7441349029541,1327257,0.0,0.0
2004-08-18,18.744134058189164,18.833302607500794,18.65496550887753,18.828609466552734,1425736,0.0,0.0
2004-08-19,18.748822080245997,18.819218046545547,18.603337007980176,18.66434669494629,1642364,0.0,0.0
2004-08-20,18.60803766854272,18.767603362681033,18.56580052061033,18.748830795288086,1871854,0.0,0.0
2004-08-23,18.795753242470834,18.823912081810878,18.683119013811943,18.715970993041992,1254249,0.0,0.0
2004-08-24,18.83330282517931,18.988173092150756,18.772293120850883,18.90839195251465,2464744,0.0,0.0
2004-08-25,18.894314451609432,19.1242761267131,18.861462461251293,19.044492721557617,1702258,0.0,0.0
2004-08-26,18.941238836933834,19.03040623455367,18.77228806376773,18.791059494018555,1572887,0.0,0.0
2004-08-27,18.70189751108578,18.819224916885258,18.669046650127097,18.70659065246582,1267363,0.0,0.0
2004-08-30,18.57518598253008,18.74882996582925,18.561106557608248,18.65496826171875,1266480,0.0,0.0
2004-08-31,18.678426113946443,18.8332974655457,18.47193022601329,18.66434669494629,1501896,0.0,0.0
2004-09-01,18.66434738674908,18.83329816361073,18.589258277999598,18.814525604248047,1519549,0.0,0.0
2004-09-02,18.80044590423621,19.22751597985941,18.795752764465554,19.194664001464844,1665187,0.0,0.0
2004-09-03,19.199354900854082,19.471552460984125,19.171196065516032,19.307294845581055,1869332,0.0,0.0
2004-09-07,19.35892363887714,19.51848815018513,19.161814005519567,19.28852653503418,1870719,0.0,0.0
2004-09-08,19.23672751815399,19.575784050633402,19.208472429594284,19.410964965820312,2574067,0.111029,0.0
2004-09-09,19.415676060023454,19.509857432715755,19.147257222499455,19.175512313842773,2607986,0.0,0.0
2004-09-10,19.175508437425208,19.542817755278787,19.12841662803951,19.519271850585938,1466968,0.0,0.0
2004-09-13,19.542827242903353,19.966646937775167,19.495735410655577,19.514572143554688,2672167,0.0,0.0
2004-09-14,19.61345775311123,20.305696106092473,19.61345775311123,20.159713745117188,3156239,0.0,0.0
2004-09-15,20.15970990035838,20.15970990035838,19.773563887432235,20.041982650756836,1876645,0.0,0.0
2004-09-16,20.004309079853527,20.10320187159421,19.93367363658544,20.032564163208008,986175,0.0,0.0
2004-09-17,20.12203916410315,20.20209297075818,19.93838338221221,20.074947357177734,1984707,0.0,0.0
2004-09-20,20.060819787489795,20.107911594350398,19.834781379677082,19.95722007751465,1087680,0.0,0.0
2004-09-21,19.914849250289446,20.16914062776034,19.759448460697342,20.10792350769043,1572887,0.0,0.0
2004-09-22,19.924260847666844,19.990187128813393,19.731186655865795,19.787696838378906,2077386,0.0,0.0
2004-09-23,19.820665407272894,19.83949987374054,19.514570784105295,19.55695343017578,1603906,0.0,0.0
2004-09-24,19.514566915997836,19.76886047689635,19.46747736148379,19.5522403717041,1141774,0.0,0.0
2004-09-27,19.552235035674627,19.571071758387003,19.307362170650084,19.34974479675293,1305821,0.0,0.0
2004-09-28,19.354457064896657,19.453349886485995,19.260275690406562,19.321495056152344,1802502,0.0,0.0
2004-09-29,19.255564992864713,19.702930450439453,19.18963871544619,19.702930450439453,2178008,0.0,0.0
2004-09-30,19.56636631472858,19.679384407470216,19.382710498324293,19.458057403564453,2364878,0.0,0.0
2004-10-01,19.448636770889383,20.211512771830684,19.42980004677746,19.806529998779297,2185700,0.0,0.0
2004-10-04,19.96193739926036,20.296282568971804,19.839498651488707,20.235065460205078,2510894,0.0,0.0
2004-10-05,20.150299162299287,20.569411863020818,20.145589979928953,20.541156768798828,2532582,0.0,0.0
2004-10-06,20.512895354482417,20.61649506959129,20.230349029554006,20.611785888671875,1535689,0.0,0.0
2004-10-07,20.475224437749826,20.489351982254163,20.145586262885825,20.1644229888916,1678679,0.0,0.0
2004-10-08,20.060822212493175,20.060822212493175,19.542819069763542,19.618165969848633,2553640,0.0,0.0
2004-10-11,19.69821741951021,19.886582381974154,19.688799058131103,19.81594467163086,1232183,0.0,0.0
2004-10-12,19.820663766541703,19.844207413957154,19.556951811274356,19.698225021362305,1476425,0.0,0.0
2004-10-13,19.77827658685943,19.820659219698992,19.307365239553256,19.410964965820312,2270308,0.0,0.0
2004-10-14,19.378005141594873,19.44864287920006,19.15667809400338,19.19434928894043,1671492,0.0,0.0
2004-10-15,19.19904950370789,19.42979707365191,19.151959965752003,19.236722946166992,1460916,0.0,0.0
2004-10-18,19.14254423246345,19.54281781817526,18.987142393549643,19.52398109436035,1467095,0.0,0.0
2004-10-19,19.519271233647586,19.528689595227043,19.213179012551667,19.24143409729004,1449063,0.0,0.0
2004-10-20,19.166092519350702,19.18021779884918,18.85058075391413,19.06719970703125,1320574,0.0,0.0
2004-10-21,19.024814146440654,19.203760752276104,18.930632795267478,19.13312530517578,1396482,0.0,0.0
2004-10-22,19.05777893478218,19.15196255365648,18.73756029340531,18.855287551879883,1998830,0.0,0.0
2004-10-25,19.330911394134453,20.272734100802744,19.307365486699965,20.159713745117188,6486361,0.0,0.0
2004-10-26,19.68409332511935,20.06082331603167,19.68409332511935,20.05140495300293,3795658,0.0,0.0
2004-10-27,20.03728040040971,20.44226327576137,19.919553110090135,20.371627807617188,2789308,0.0,0.0
2004-10-28,20.249199333985786,20.508199928023902,20.155015652430247,20.404600143432617,1559269,0.0,0.0
2004-10-29,20.329240270808164,20.465804257102743,20.23505891426243,20.432842254638672,1566330,0.0,0.0
2004-11-01,20.366905854802866,20.870781240779458,20.253887817566174,20.640033721923828,4087942,0.0,0.0
2004-11-02,20.625918659871232,20.955556877553434,20.569410739632392,20.83782958984375,3074153,0.0,0.0
2004-11-03,20.955559978095256,21.026197720243797,20.65417680849987,20.781322479248047,2302840,0.0,0.0
2004-11-04,20.72010416169264,21.082704421590105,20.66359397126334,21.073286056518555,1921030,0.0,0.0
2004-11-05,21.1863052739362,21.454724133497077,20.734230570684588,21.012067794799805,4076468,0.0,0.0
2004-11-08,21.045028878866173,21.20042960532444,20.960263610733335,21.176883697509766,2449865,0.0,0.0
2004-11-09,21.181596325865232,21.191014690523716,21.073285132292693,21.148632049560547,1829360,0.0,0.0
2004-11-10,21.15333778969509,21.313447697716295,21.02619215261443,21.176883697509766,1597475,0.0,0.0
2004-11-11,21.17688022275862,21.39349800887331,21.101533330114744,21.318153381347656,1406570,0.0,0.0
2004-11-12,21.219261581092706,21.379371453269155,21.077986165832822,21.365243911743164,1637699,0.0,0.0
2004-11-15,21.360537856899402,21.365247038097152,21.05444560928234,21.313446044921875,1671366,0.0,0.0
2004-11-16,21.24751877295457,21.280483043301103,20.97909995894136,21.030900955200195,1465708,0.0,0.0
2004-11-17,21.13450546283228,21.365253142330285,21.077995272313814,21.341707229614258,1585496,0.0,0.0
2004-11-18,21.304027261190093,21.426463704791768,21.256935450143917,21.398208618164062,1978276,0.0,0.0
2004-11-19,21.46413936866627,21.473557731847453,21.158047095515045,21.186302185058594,1680696,0.0,0.0
2004-11-22,21.186301702130127,21.40291952012245,21.096827253948405,21.384082794189453,1814860,0.0,0.0
2004-11-23,21.14391856477164,21.32757437312196,21.073280844206707,21.228681564331055,1339110,0.0,0.0
2004-11-24,21.228683840951366,21.435885578377526,21.19101265106195,21.374666213989258,1138748,0.0,0.0
2004-11-26,21.214555323745326,21.41233868836142,21.11095559233625,21.32757568359375,620253,0.0,0.0
2004-11-29,21.346402285428493,21.365239003135457,21.17216491175664,21.28518295288086,1360546,0.0,0.0
2004-11-30,21.28520056433289,21.497111548754592,21.2475270977478,21.440601348876953,2049015,0.0,0.0
2004-12-01,21.44530601108968,21.80790852028826,21.426469281768302,21.770235061645508,1582722,0.0,0.0
2004-12-02,21.54419120641578,21.779647999141694,21.5018108411222,21.676048278808594,1734412,0.0,0.0
2004-12-03,21.454722560455362,21.7325597641998,21.261648366366316,21.657215118408203,2475714,0.0,0.0
2004-12-06,21.6572177690485,21.67605449908153,21.497107828886787,21.5677433013916,1530393,0.0,0.0
2004-12-07,21.558325096363575,21.652508747227685,21.341707229614258,21.341707229614258,1306578,0.0,0.0
2004-12-08,21.448015306513287,21.481092699518076,21.150323315253594,21.348785400390625,1489287,0.122925,0.0
2004-12-09,21.14560224713245,21.358240400819252,20.95659308040215,21.225933074951172,2383414,0.0,0.0
2004-12-10,21.14560172674787,21.287359734753075,21.027470432225552,21.16450309753418,1289429,0.0,0.0
2004-12-13,21.310993194580078,21.34879367119539,21.13615775099862,21.310993194580078,1043169,0.0,0.0
2004-12-14,21.244839242441383,21.306266439984288,21.036926384629005,21.12198257446289,1893668,0.0,0.0
2004-12-15,21.060556063294506,21.164511370361353,20.814840419918774,20.8998966217041,2124797,0.0,0.0
2004-12-16,20.758127571921623,21.01329149644454,20.753402229878912,20.876258850097656,1848653,0.0,0.0
2004-12-17,20.67307401966243,21.01329414381702,20.67307401966243,20.762855529785156,3639302,0.0,0.0
2004-12-20,20.88098583774257,21.065271919039922,20.847908440836797,21.008567810058594,2458692,0.0,0.0
2004-12-21,20.97549633232687,21.16923085924037,20.90461618377873,21.041648864746094,1675653,0.0,0.0
2004-12-22,21.046378357654238,21.31099535818224,20.994401844696537,21.136159896850586,1884841,0.0,0.0
2004-12-23,21.140870515295813,21.36295928749046,21.065267326030312,21.339332580566406,1881437,0.0,0.0
2004-12-27,21.287353134916486,21.315705182305805,21.013287889269204,21.027463912963867,1482478,0.0,0.0
2004-12-28,21.00384326762248,21.211756068914216,20.932965401588245,21.145601272583008,1674392,0.0,0.0
2004-12-29,21.04637701492975,21.21648712124043,21.02275029559595,21.07945442199707,917076,0.0,0.0
2004-12-30,21.05108793841087,21.074714641559936,20.84317522359018,20.93295669555664,1596340,0.0,0.0
2004-12-31,21.013290574249517,21.060543992602874,20.885708617587156,20.956588745117188,1268372,0.0,0.0
2005-01-03,20.932967449356124,21.12197889875756,20.668350511037193,20.72032928466797,1673761,0.0,0.0
2005-01-04,20.72978862523976,20.79121811063135,20.337589533526074,20.389568328857422,1978150,0.0,0.0
2005-01-05,20.41318116870767,20.536037783029016,20.209993743516264,20.304500579833984,2578858,0.0,0.0
2005-01-06,20.247805226739573,20.29033332145814,20.04934305761228,20.167476654052734,2444695,0.0,0.0
2005-01-07,20.210001573249556,20.30923378982758,19.85560761843432,20.12967300415039,1876771,0.0,0.0
2005-01-10,20.087136689246226,20.295049451699807,20.020984178164383,20.143840789794922,2100335,0.0,0.0
2005-01-11,20.143842069140412,20.214719926436135,20.058785912915408,20.181642532348633,2158211,0.0,0.0
2005-01-12,20.1296675428076,20.191096993546733,19.831975519624937,19.997360229492188,2926245,0.0,0.0
2005-01-13,19.89341376738008,20.002096702242508,19.60989761352539,19.60989761352539,1923552,0.0,0.0
2005-01-14,19.709129528341474,20.035171508789062,19.709129528341474,20.035171508789062,3305534,0.0,0.0
2005-01-18,20.176920995480938,20.890436329094545,20.176920995480938,20.857358932495117,4785742,0.0,0.0
2005-01-19,20.8384565958055,21.00856664038648,20.691973261984636,20.753402709960938,4153258,0.0,0.0
2005-01-20,20.75339942878657,20.75339942878657,20.408454052009482,20.5549373626709,4351981,0.0,0.0
2005-01-21,20.554943334884097,20.88571278355104,20.176922731330556,20.23834991455078,4764684,0.0,0.0
2005-01-24,20.389556117793216,20.687248130620226,20.323403599882695,20.436809539794922,3212729,0.0,0.0
2005-01-25,20.474613155591634,20.691974360338783,20.441535758771685,20.616371154785156,2568140,0.0,0.0
2005-01-26,20.59746444640267,20.734497067675097,20.55493637580011,20.59273910522461,2604960,0.0,0.0
2005-01-27,20.59746882832062,20.616370197053957,20.247798052537597,20.3942813873291,2119501,0.0,0.0
2005-01-28,20.47934565844524,20.531322170157818,20.176928184708782,20.413190841674805,1601510,0.0,0.0
2005-01-31,20.436811563765914,20.58802025625454,20.394283479752584,20.54549217224121,2118996,0.0,0.0
2005-02-01,20.50769013932683,20.829006597572448,20.38955658163514,20.781755447387695,2434608,0.0,0.0
2005-02-02,20.70615360181117,20.829010250464613,20.484067020186163,20.630550384521484,2160229,0.0,0.0
2005-02-03,20.53131357876309,20.843181610107422,20.46988640464485,20.843181610107422,2311667,0.0,0.0
2005-02-04,20.83845672415296,20.862083435058594,20.554940739069057,20.862083435058594,2552379,0.0,0.0
2005-02-07,20.602197100335726,20.81010991307779,20.578570386059106,20.65890121459961,1718903,0.0,0.0
2005-02-08,20.57856656942364,20.77702865964698,20.498235755781813,20.68252182006836,1969450,0.0,0.0
2005-02-09,20.60219699355445,20.682525548786426,20.205275014441053,20.247800827026367,3166831,0.0,0.0
2005-02-10,20.35175483333285,20.356480175870416,20.09186553955078,20.09186553955078,2171199,0.0,0.0
2005-02-11,20.0446194657638,20.332860887802873,20.0446194657638,20.290332794189453,2203857,0.0,0.0
2005-02-14,20.36592830845094,20.36592830845094,20.10603904724121,20.10603904724121,1961758,0.0,0.0
2005-02-15,20.058786392211914,20.22889643583485,20.006809901724235,20.058786392211914,2140180,0.0,0.0
2005-02-16,19.964281693398753,20.09186365706736,19.82252370344565,19.950105667114258,2512912,0.0,0.0
2005-02-17,19.950105586359058,20.1721943910253,19.950105586359058,20.025711059570312,2087221,0.0,0.0
2005-02-18,20.05879253832909,20.07296856904893,19.827255249023438,19.827255249023438,2415820,0.0,0.0
2005-02-22,19.798889452728066,19.935922048398606,19.709110260009766,19.709110260009766,1872106,0.0,0.0
2005-02-23,19.737468634251574,20.158019558101074,19.43505126928786,19.813074111938477,2670276,0.0,0.0
2005-02-24,19.813071415710798,20.186368865206443,19.808346073998408,20.143840789794922,2222267,0.0,0.0
2005-02-25,20.17691991158839,20.384830418974907,20.106039779825824,20.31867790222168,2769890,0.0,0.0
2005-02-28,20.224176305825015,20.347035232748528,20.176925145285317,20.299781799316406,3297085,0.0,0.0
2005-03-01,20.295051191634162,20.48878794556,20.200544349284076,20.31867790222168,2056833,0.0,0.0
2005-03-02,20.22418111572367,20.29506128272922,20.16275391054516,20.26198387145996,2248116,0.0,0.0
2005-03-03,20.25725591445481,20.266706602170046,20.091871152330842,20.167476654052734,1941331,0.0,0.0
2005-03-04,20.31867629931881,20.40845551957704,20.129664902421233,20.252521514892578,3839286,0.0,0.0
2005-03-07,20.22417924139387,20.554948777645542,20.22417924139387,20.48879623413086,2207640,0.0,0.0
2005-03-08,20.413185618875517,20.588021031286527,20.39900959033742,20.498239517211914,2750597,0.0,0.0
2005-03-09,20.36593617143746,20.498243524096903,20.290332944014622,20.44154167175293,3538806,0.0,0.0
2005-03-10,20.405977815578336,20.624120712280273,20.35855445496229,20.624120712280273,1898838,0.122925,0.0
2005-03-11,20.557721357331715,20.771121825261773,20.557721357331715,20.633596420288086,2962182,0.0,0.0
2005-03-14,20.61937932167706,20.82329750061035,20.5767005762316,20.82329750061035,1697719,0.0,0.0
2005-03-15,20.865974724362633,21.09834459755553,20.856490053533076,20.975046157836914,3670826,0.0,0.0
2005-03-16,20.842266641333268,21.07937889082863,20.714225844120495,21.060409545898438,3347144,0.0,0.0
2005-03-17,21.046161504129834,21.264306471751727,20.984513475782407,21.18368911743164,3582056,0.0,0.0
2005-03-18,21.197932054566483,21.330715155175625,21.13153936372919,21.235868453979492,5036163,0.0,0.0
2005-03-21,21.197927891586264,21.3401956343756,21.169473886815396,21.29277229309082,2870008,0.0,0.0
2005-03-22,21.23113060420601,21.56783190245288,21.21216354102525,21.325977325439453,3177423,0.0,0.0
2005-03-23,21.22163488232107,21.50617261680128,21.17421382746165,21.43503761291504,3532627,0.0,0.0
2005-03-24,21.458762170562405,21.57731830052145,21.316494358398327,21.411338806152344,2206883,0.0,0.0
2005-03-28,21.45401611850933,21.572572227935694,21.449273782889648,21.491954803466797,1810572,0.0,0.0
2005-03-29,21.468234944884113,21.468234944884113,21.269059205819175,21.316482543945312,3305029,0.0,0.0
2005-03-30,21.316489414128995,21.387624444244622,21.278550731400664,21.335458755493164,3369841,0.0,0.0
2005-03-31,21.34019421300838,21.37339054969668,21.269059205819175,21.316482543945312,2493367,0.0,0.0
2005-04-01,21.31649245910146,21.340204139193784,21.112574291373384,21.259584426879883,2630052,0.0,0.0
2005-04-04,21.26906385848707,21.33071421153724,21.174219442552154,21.28329086303711,2603068,0.0,0.0
2005-04-05,21.340200909809155,21.49195335836962,21.29277755680102,21.420818328857422,1871223,0.0,0.0
2005-04-06,21.49195374822055,21.591540510278513,21.43030338819168,21.458757400512695,1562547,0.0,0.0
2005-04-07,21.510912636446534,21.567818352369386,21.444519973294625,21.56307601928711,1538842,0.0,0.0
2005-04-08,21.472987650975707,21.605770780803407,21.43504896214895,21.449275970458984,1620424,0.0,0.0
2005-04-11,20.98927158625368,21.20741443680378,20.865973155803783,21.17896270751953,2445452,0.0,0.0
2005-04-12,21.1030856502183,21.321230784972517,20.941848536982263,21.288034439086914,2055950,0.0,0.0
2005-04-13,21.26906213217948,21.420814553997538,21.19792939626813,21.25483512878418,2513794,0.0,0.0
2005-04-14,21.269070347737937,21.316493710707064,21.088863849521296,21.11257553100586,2101974,0.0,0.0
2005-04-15,20.97979145120162,21.107832244387545,20.55773038297664,20.609893798828125,3019932,0.0,0.0
2005-04-18,20.45339766690348,20.66205816001809,20.40123425442417,20.562471389770508,2679859,0.0,0.0
2005-04-19,20.53401994852146,20.53876228489262,20.339586438370088,20.4628849029541,2068937,0.0,0.0
2005-04-20,20.415455583874476,20.562465671004365,20.273185550137338,20.301639556884766,1854453,0.0,0.0
2005-04-21,20.984532839160263,21.33071879547535,20.676285569798246,21.055667877197266,3117403,0.0,0.0
2005-04-22,21.174218420435697,21.174218420435697,20.851744228331892,21.02720832824707,2527034,0.0,0.0
2005-04-25,21.036694066072744,21.245352237869373,20.95133203855702,21.117311477661133,2470166,0.0,0.0
2005-04-26,21.12205672543478,21.126799060950773,20.695253372192383,20.695253372192383,2161742,0.0,0.0
2005-04-27,20.60988652788457,20.870712639389144,20.571947852601706,20.813804626464844,1942844,0.0,0.0
2005-04-28,20.69524701038482,20.79009141048344,20.472359590715346,20.53400993347168,1882950,0.0,0.0
2005-04-29,20.58143958574415,20.619375988778543,20.35380976220948,20.600406646728516,2429942,0.0,0.0
2005-05-02,20.600408369426006,20.86597689926875,20.600408369426006,20.780614852905273,1871475,0.0,0.0
2005-05-03,20.785355114326823,21.13154103900694,20.785355114326823,20.960819244384766,2348990,0.0,0.0
2005-05-04,21.093585501771642,21.126781823298224,20.89441213473974,20.998741149902344,1652704,0.0,0.0
2005-05-05,20.880198293323506,20.998754378110725,20.68576485439071,20.918134689331055,1541742,0.0,0.0
2005-05-06,21.008240863842392,21.10308528365978,20.85648842349531,20.875457763671875,1458646,0.0,0.0
2005-05-09,20.823293593197715,20.861232276311096,20.628860123307238,20.837520599365234,1451711,0.0,0.0
2005-05-10,20.647835946926566,20.685774641950204,20.44391774224084,20.515052795410156,2424899,0.0,0.0
2005-05-11,20.628863994235168,20.86597852712184,20.524534877162008,20.82329750061035,2177756,0.0,0.0
2005-05-12,20.856472095923476,20.861214427255064,20.70946210570789,20.84224510192871,1681201,0.0,0.0
2005-05-13,20.842251981888495,20.913384694279348,20.68575727735134,20.861221313476562,1968063,0.0,0.0
2005-05-16,20.908649340827456,20.94658801666777,20.79957792885171,20.865970611572266,1292960,0.0,0.0
2005-05-17,20.8707059792706,20.88493297796165,20.67153027866029,20.861221313476562,1572761,0.0,0.0
2005-05-18,20.865969605323464,20.984525680541992,20.742668914788535,20.984525680541992,2297797,0.0,0.0
2005-05-19,20.94659234917251,21.117314144700142,20.875459598324284,21.098344802856445,1512992,0.0,0.0
2005-05-20,21.103092187157156,21.226390657574267,20.998763063122087,21.197938919067383,1391943,0.0,0.0
2005-05-23,21.15999497769517,21.235870063336815,21.06040593389189,21.126798629760742,1904386,0.0,0.0
2005-05-24,21.031954202442282,21.15999497769517,20.894428756350987,21.126798629760742,1679309,0.0,0.0
2005-05-25,20.98453092156363,21.060406007470355,20.87545948760649,20.960819244384766,1597727,0.0,0.0
2005-05-26,21.04617214501765,21.169472826180453,20.937100746592364,21.03668975830078,1607436,0.0,0.0
2005-05-27,21.07463684063056,21.16948356656881,20.941853705383043,21.11257553100586,1175567,0.0,0.0
2005-05-31,21.036701994141772,21.036701994141772,20.752166357320885,20.771133422851562,2804061,0.0,0.0
2005-06-01,20.818549078766637,20.93710517002129,20.76638339494583,20.880199432373047,1902999,0.0,0.0
2005-06-02,20.771128108019504,21.031954275921347,20.771128108019504,20.960819244384766,1808933,0.0,0.0
2005-06-03,20.875455321234703,20.946588057508823,20.633598543346285,20.69999122619629,2003999,0.0,0.0
2005-06-06,20.633604814461872,20.790099619106183,20.562472056568566,20.766387939453125,2036531,0.0,0.0
2005-06-07,20.681025887451433,20.937107437262544,20.628860197981698,20.72844696044922,1555990,0.0,0.0
2005-06-08,20.797457242346606,20.806975666660275,20.440520908950745,20.497629165649414,2853489,0.122925,0.0
2005-06-09,20.407198513997397,20.626119899174213,20.407198513997397,20.549972534179688,2337138,0.0,0.0
2005-06-10,20.535696663704048,20.649917720987652,20.302499916781983,20.426237106323242,2405354,0.0,0.0
2005-06-13,20.43100317312138,20.597573315040307,20.326300502142765,20.41196632385254,1807798,0.0,0.0
2005-06-14,20.421478566038918,20.42623777691531,20.259667685424215,20.3453311920166,1721929,0.0,0.0
2005-06-15,20.464314823302054,20.569015190587393,20.197801259656405,20.250152587890625,2468905,0.0,0.0
2005-06-16,20.307263624377494,20.431000841319335,20.250153083089035,20.369131088256836,2509759,0.0,0.0
2005-06-17,20.464314543018478,20.464314543018478,20.245393098947787,20.3548526763916,2998875,0.0,0.0
2005-06-20,20.29299007296013,20.35961676202194,20.22160188198289,20.240638732910156,2203605,0.0,0.0
2005-06-21,20.240625959801484,20.307254895999854,20.03598223066009,20.107370376586914,2936333,0.0,0.0
2005-06-22,20.11213939146603,20.19304370711039,19.978883743286133,19.978883743286133,2780986,0.0,0.0
2005-06-23,20.026474415767307,20.026474415767307,19.598152180944563,19.6219482421875,4671880,0.0,0.0
2005-06-24,19.607659567687218,19.669529292090488,19.29355631446558,19.364944458007812,4932767,0.0,0.0
2005-06-27,19.36971075638728,19.602907532271676,19.21265907229963,19.574352264404297,2775690,0.0,0.0
2005-06-28,19.893210946102805,20.364365906049727,19.893210946102805,20.16924285888672,3540824,0.0,0.0
2005-06-29,20.364374674615913,20.364374674615913,19.988403760356693,20.059789657592773,1990255,0.0,0.0
2005-06-30,20.01219478358711,20.202558654406882,19.950325037601804,19.97412109375,2503833,0.0,0.0
2005-07-01,20.03599060692098,20.24539363333401,20.01219683751363,20.12165641784668,1510975,0.0,0.0
2005-07-05,20.040744060260547,20.154965108675274,19.988395035586265,20.074058532714844,2674311,0.0,0.0
2005-07-06,20.074056047114478,20.126407354489007,19.878930736082502,19.93128204345703,2322385,0.0,0.0
2005-07-07,19.84562494877823,19.98839899842008,19.612425884547356,19.869421005249023,1996560,0.0,0.0
2005-07-08,19.869420735880837,20.01219478358711,19.712369054485645,19.97412109375,3316882,0.0,0.0
2005-07-11,20.045503389039716,20.174002069265452,19.878933314966613,20.16924285888672,3123959,0.0,0.0
2005-07-12,20.250151384275696,20.250151384275696,19.983640125653864,20.19304084777832,1789515,0.0,0.0
2005-07-13,20.145448224894135,20.212074885703284,20.02170874633795,20.078819274902344,1988616,0.0,0.0
2005-07-14,20.19780046007467,20.245392574767177,20.083581673995663,20.212078094482422,1368364,0.0,0.0
2005-07-15,20.212076003302858,20.388164520263672,20.178761526464882,20.388164520263672,1825073,0.0,0.0
2005-07-18,20.38817133397657,20.38817133397657,20.216841970734453,20.321544647216797,1577300,0.0,0.0
2005-07-19,20.402451463862665,20.649928258412437,20.3263040534831,20.611854553222656,2254294,0.0,0.0
2005-07-20,20.450034905848238,20.67847246155304,20.35485068331887,20.626123428344727,1718777,0.0,0.0
2005-07-21,20.59280991097974,20.968783029141758,20.56901385423747,20.81648826599121,2863577,0.0,0.0
2005-07-22,20.816484567408647,20.925946408974397,20.659432909996852,20.91166877746582,2308262,0.0,0.0
2005-07-25,20.992582205047285,21.278132670338348,20.80697749300587,20.845048904418945,3092184,0.0,0.0
2005-07-26,20.83076404525567,21.106795989705077,20.407201140506295,20.864078521728516,3488999,0.0,0.0
2005-07-27,20.821257099107505,20.959274291992188,20.75938961217079,20.959274291992188,2841384,0.0,0.0
2005-07-28,20.96402207993676,21.44945707187954,20.95450594617254,21.354272842407227,3697557,0.0,0.0
2005-07-29,21.249572255193122,21.373309463019886,21.135351181030273,21.135351181030273,2029218,0.0,0.0
2005-08-01,20.683230696682536,21.154385708421596,20.683230696682536,21.111555099487305,2022661,0.0,0.0
2005-08-02,21.130591943094874,21.273365980968887,21.073481412272173,21.111555099487305,1664557,0.0,0.0
2005-08-03,21.011607507246996,21.14486538609586,20.93070322712818,21.12106704711914,1976637,0.0,0.0
2005-08-04,21.092528046580338,21.097287259691353,20.89264338510144,20.935476303100586,1783210,0.0,0.0
2005-08-05,20.935476303100586,21.106805685913386,20.89264338510144,20.935476303100586,1336210,0.0,0.0
2005-08-08,20.959264353709187,21.078242346802917,20.925949874671726,20.940227508544922,1286781,0.0,0.0
2005-08-09,20.973537451479263,21.068719367531962,20.93070455912346,20.978294372558594,1275685,0.0,0.0
2005-08-10,21.0592037795665,21.397103175235333,21.03540772505704,21.111555099487305,2124671,0.0,0.0
2005-08-11,21.13059811279057,21.29716596462566,21.016377017794987,21.182947158813477,1236596,0.0,0.0
2005-08-12,21.18295250220625,21.297171336830097,21.08301130805838,21.187711715698242,1200029,0.0,0.0
2005-08-15,21.14010286007671,21.259083103269457,20.992569647699874,21.20673179626465,1161697,0.0,0.0
2005-08-16,21.140109860351668,21.22101645251391,20.992576599121094,20.992576599121094,1391439,0.0,0.0
2005-08-17,20.935474435959517,21.030656400507198,20.897400734467006,20.987823486328125,2073729,0.0,0.0
2005-08-18,20.935469103882017,21.078243158932057,20.821248028495578,20.98305892944336,1390304,0.0,0.0
2005-08-19,21.097287259691353,21.12108103606264,20.916439450656522,20.935476303100586,1532789,0.0,0.0
2005-08-22,20.94022525290764,21.159144370349328,20.84980024811778,20.968780517578125,1179854,0.0,0.0
2005-08-23,20.94499472932262,21.011621423693057,20.883124958879407,20.935476303100586,1686875,0.0,0.0
2005-08-24,20.906916733945415,21.0354131723892,20.811734780441995,20.821250915527344,2251647,0.0,0.0
2005-08-25,20.845035887142206,20.90690561197539,20.76413161308092,20.811723709106445,1542624,0.0,0.0
2005-08-26,20.81173039920781,20.81173039920781,20.607086609695735,20.649919509887695,2062759,0.0,0.0
2005-08-29,20.578535213035227,20.773660616978987,20.578535213035227,20.7260684967041,1299769,0.0,0.0
2005-08-30,20.640404814264038,20.640404814264038,20.469075471745395,20.554738998413086,2436625,0.0,0.0
2005-08-31,20.578530235777222,20.578530235777222,20.102616015685907,20.3453311920166,3162418,0.0,0.0
2005-09-01,20.33582211045727,20.359615883906503,20.0407532229947,20.102622985839844,2285566,0.0,0.0
2005-09-02,20.174006691911423,20.312021535336683,20.083581673995663,20.212078094482422,1796702,0.0,0.0
2005-09-06,20.288232099918154,20.464320692571423,20.28347288689553,20.3738956451416,2040566,0.0,0.0
2005-09-07,20.228208825208462,20.347619164117248,20.175667265187972,20.26164436340332,1399635,0.122925,0.0
2005-09-08,20.347620797714328,20.347620797714328,20.113574309061455,20.22821044921875,1531402,0.0,0.0
2005-09-09,20.252089676005202,20.40493785529725,20.175667883860672,20.385831832885742,1274298,0.0,0.0
2005-09-12,20.328515736224908,20.443149584304646,20.14223429715676,20.147010803222656,1933766,0.0,0.0
2005-09-13,20.151788122085193,20.16134113460229,19.803107760214793,19.879531860351562,3474625,0.0,0.0
2005-09-14,19.92251514253689,20.01804294491671,19.82698504265587,19.951171875,1970333,0.0,0.0
2005-09-15,19.989388978419203,20.037154040458972,19.82221355878179,19.917743682861328,1970837,0.0,0.0
2005-09-16,19.998941990827156,20.10402512731465,19.831766571189743,19.917743682861328,4414397,0.0,0.0
2005-09-19,20.061025953494497,20.180436247890157,19.82220306720261,19.92728614807129,2455161,0.0,0.0
2005-09-20,19.93207168214895,20.318961762675002,19.93207168214895,20.22821044921875,3816968,0.0,0.0
2005-09-21,20.22820781392512,20.395383199040268,20.19954878261944,20.256864547729492,3015015,0.0,0.0
2005-09-22,20.228210561429403,20.29985585192354,20.065811659473976,20.209104537963867,1888372,0.0,0.0
2005-09-23,20.19000110737924,20.228213159217653,19.941627365433373,20.094470977783203,1668718,0.0,0.0
2005-09-26,20.209098883999847,20.361944731460337,20.008487991238898,20.04192352294922,2017618,0.0,0.0
2005-09-27,20.137452467439328,20.223429553896025,19.994159620845938,20.161334991455078,1758748,0.0,0.0
2005-09-28,20.538672967287827,20.920786434690278,20.352391589334935,20.600765228271484,3395690,0.0,0.0
2005-09-29,20.56732871229292,20.56732871229292,20.299846800543005,20.519563674926758,2546957,0.0,0.0
2005-09-30,20.476579122974247,20.60076594677384,20.299850747855153,20.557777404785156,1870719,0.0,0.0
2005-10-03,20.50046276486983,20.595990565889263,20.438368200831444,20.5434513092041,2597772,0.0,0.0
2005-10-04,20.586435714775032,20.830035146713723,20.500460931297294,20.600765228271484,2859542,0.0,0.0
2005-10-05,20.56255620695161,20.772717817227523,20.538673683624562,20.557777404785156,2578480,0.0,0.0
2005-10-06,20.58644322523105,20.77750117738554,20.4861388916633,20.6198787689209,2749841,0.0,0.0
2005-10-07,20.65809374349275,20.67242326424565,20.519577340383474,20.610328674316406,1792793,0.0,0.0
2005-10-10,20.572111355854513,20.662864964071378,20.500466067921685,20.54823112487793,1408587,0.0,0.0
2005-10-11,20.543454220279173,20.57211095639494,20.314184248842597,20.385831832885742,2466131,0.0,0.0
2005-10-12,20.323735510902278,20.471804874346486,20.1613366318827,20.275970458984375,2096678,0.0,0.0
2005-10-13,20.156555386975718,20.495682580846147,20.1517788829071,20.4335880279541,3042251,0.0,0.0
2005-10-14,20.419257570610633,20.600762419316155,20.385824341178566,20.591209411621094,2484919,0.0,0.0
2005-10-17,20.29986124750697,20.514801771122546,20.199556895154227,20.25209617614746,2307758,0.0,0.0
2005-10-18,20.19954573995698,20.428813360865156,20.18999273096073,20.37627410888672,1530267,0.0,0.0
2005-10-19,20.271197415320092,20.634207276881455,20.26642090931266,20.629430770874023,2375596,0.0,0.0
2005-10-20,20.629426029678815,20.77271887946751,20.467027160251472,20.471803665161133,3199615,0.0,0.0
2005-10-21,20.471806129600218,20.486135646054223,20.252089174806944,20.390607833862305,3541580,0.0,0.0
2005-10-24,20.586437715687595,21.016318567361733,20.586437715687595,20.820484161376953,4236858,0.0,0.0
2005-10-25,20.834813785038133,20.916012072333086,20.586437823162864,20.80137825012207,4550200,0.0,0.0
2005-10-26,21.23125672461645,22.071910111756296,21.11184639787818,21.966829299926758,8462242,0.0,0.0
2005-10-27,21.732786517707268,22.544781011918495,21.517846055342023,22.28207778930664,6106947,0.0,0.0
2005-10-28,22.44924587534375,22.52089114110769,22.325059063185645,22.372821807861328,4428015,0.0,0.0
2005-10-31,22.37283433890055,22.39671687336543,22.06236598586135,22.2868595123291,3097480,0.0,0.0
2005-11-01,22.258193564200674,22.401486429023716,22.091018172323558,22.095794677734375,2985509,0.0,0.0
2005-11-02,22.138778439134402,22.301174992982613,22.043248351575567,22.2534122467041,2695369,0.0,0.0
2005-11-03,22.234309359892826,22.31550764825005,22.162664081636596,22.205650329589844,2151276,0.0,0.0
2005-11-04,22.37760199470223,22.37760199470223,22.114898814500698,22.24386215209961,2498789,0.0,0.0
2005-11-07,22.291630912844646,22.329840661733574,22.172218267874285,22.262971878051758,1460286,0.0,0.0
2005-11-08,22.30594918819804,22.30594918819804,22.081455826298438,22.148326873779297,1919517,0.0,0.0
2005-11-09,22.162664081636596,22.329837163401542,22.148334566485104,22.205650329589844,2273335,0.0,0.0
2005-11-10,22.2390892380958,22.874355316162113,22.2390892380958,22.87435531616211,3727315,0.0,0.0
2005-11-11,22.788382370373384,22.802711888868327,22.57344189045099,22.654640197753906,1486261,0.0,0.0
2005-11-14,22.520900097544732,22.802711660960217,22.501794073075768,22.692852020263672,1610210,0.0,0.0
2005-11-15,22.61642466907171,22.71195247046911,22.439696283610512,22.597318649291992,2193518,0.0,0.0
2005-11-16,22.578218058404207,22.745393474172573,22.54478251575019,22.711957931518555,1583352,0.0,0.0
2005-11-17,22.711949630915182,22.917337020367462,22.6450808675476,22.90300750732422,1906277,0.0,0.0
2005-11-18,22.950780991716147,22.979437730841216,22.69762846568111,22.783605575561523,2947555,0.0,0.0
2005-11-21,22.83136862835645,22.83136862835645,22.262973584730734,22.654640197753906,1785606,0.0,0.0
2005-11-22,22.568662129477566,22.645086217095535,22.339392164125098,22.425369262695312,1762657,0.0,0.0
2005-11-23,22.3776009395084,22.525670290140077,22.329835891723633,22.329835891723633,1643877,0.0,0.0
2005-11-25,22.401490318779757,22.549559714724126,22.33939573765717,22.463584899902344,558467,0.0,0.0
2005-11-28,22.425360088435756,22.46834862013417,22.105338947459668,22.12444496154785,2997866,0.0,0.0
2005-11-29,22.210436410837037,22.434929947501256,22.210436410837037,22.277307510375977,2918806,0.0,0.0
2005-11-30,22.358499473005196,22.64030871731478,22.329840438498817,22.44925308227539,2368787,0.0,0.0
2005-12-01,22.530455391159343,22.76450191710141,22.48269262265233,22.707183837890625,1759253,0.0,0.0
2005-12-02,22.592542144347064,22.83136279659116,22.5161180652282,22.597318649291992,1412496,0.0,0.0
2005-12-05,22.592546805034978,22.68807462613912,22.36327681788273,22.38715934753418,1905268,0.0,0.0
2005-12-06,22.506568853786582,22.678520763323288,22.377605496009448,22.44925308227539,2026444,0.0,0.0
2005-12-07,22.50439981521836,22.643463570058877,22.370131441806166,22.451650619506836,1348063,0.146717,0.0
2005-12-08,22.4756292713661,22.4756292713661,22.115980249485112,22.26943016052246,2379631,0.0,0.0
2005-12-09,22.32218403195212,22.44206629547462,22.307797883539646,22.37493324279785,1685488,0.0,0.0
2005-12-12,22.350951057474376,22.466037911050357,22.183115005493164,22.183115005493164,1755974,0.0,0.0
2005-12-13,22.144749795055656,22.418081910642,21.98650452183503,22.312585830688477,2301327,0.0,0.0
2005-12-14,22.370129981301208,22.60030366167142,22.298199264572627,22.504398345947266,1397995,0.0,0.0
2005-12-15,22.470824433813025,22.5379597507704,22.274216169303546,22.422870635986328,1369120,0.0,0.0
2005-12-16,22.533168894415745,22.537964275161066,22.231064520621477,22.34615135192871,2479749,0.0,0.0
2005-12-19,22.173528480312424,22.389316083689614,21.96732933553345,22.235868453979492,1572256,0.0,0.0
2005-12-20,22.27422554232303,22.418084689759237,22.07282411986092,22.26943016052246,1682336,0.0,0.0
2005-12-21,22.25983831922687,22.45644665695071,22.115979178755506,22.2502498626709,1458772,0.0,0.0
2005-12-22,22.202285564508085,22.350940016362866,22.0296542161316,22.331758499145508,2483658,0.0,0.0
2005-12-23,22.3461525098893,22.442057823184996,22.187907243674037,22.298198699951172,1371138,0.0,0.0
2005-12-27,22.394096903279102,22.585907449215608,22.336552355550392,22.35573387145996,1808555,0.0,0.0
2005-12-28,22.442066914272672,22.494816126572864,22.35575232799931,22.36534309387207,1621054,0.0,0.0
2005-12-29,22.41808369720507,22.518786710558484,22.24545226660864,22.255043029785156,917580,0.0,0.0
2005-12-30,22.111181576981554,22.159135387850533,21.981708594215917,22.010480880737305,1337849,0.0,0.0
2006-01-03,22.39410347972473,22.39410347972473,21.967319238562858,22.216676712036133,2419855,0.0,0.0
2006-01-04,22.269423215108194,22.3797169621228,22.21188095802863,22.288604736328125,1427753,0.0,0.0
2006-01-05,22.240657163608365,22.279017906235687,22.096795729078497,22.101591110229492,2401571,0.0,0.0
2006-01-06,22.101594471554456,22.36054278650978,22.05364295933243,22.293407440185547,1773627,0.0,0.0
2006-01-09,22.22148230621017,22.31738765142433,22.173528480312424,22.235868453979492,1704528,0.0,0.0
2006-01-10,22.024869982562898,22.192706036568858,21.996097692176573,22.05364227294922,2004630,0.0,0.0
2006-01-11,22.044047620500642,22.168725216931634,22.020070716075352,22.120771408081055,2310532,0.0,0.0
2006-01-12,22.08241320355016,22.14475316872672,21.75633415160045,21.794694900512695,2731557,0.0,0.0
2006-01-13,21.79468802824213,21.962524036522343,21.78509726739296,21.938547134399414,1948771,0.0,0.0
2006-01-17,21.765916354335197,21.866619346067456,21.722760235887442,21.737146377563477,2745301,0.0,0.0
2006-01-18,21.674812658677254,21.87621639343589,21.463818160045307,21.794694900512695,2238028,0.0,0.0
2006-01-19,21.78031524917873,22.029672877657653,21.70838680526218,21.996105194091797,2824236,0.0,0.0
2006-01-20,22.02006983779821,22.02006983779821,21.641239376149425,21.727556228637695,3106685,0.0,0.0
2006-01-23,21.77072214265967,21.85224133591127,21.698791407513067,21.76592445373535,2644931,0.0,0.0
2006-01-24,21.746738852732005,22.120771646048702,21.67480813868233,22.087203979492188,3867405,0.0,0.0
2006-01-25,22.154337566427483,22.192700610896914,21.497379656209883,21.737146377563477,4707942,0.0,0.0
2006-01-26,21.976917979012637,22.058439475168537,21.506977450327824,21.530954360961914,2975674,0.0,0.0
2006-01-27,21.482989272990952,21.55971534678123,21.276792562839383,21.468603134155273,5837359,0.0,0.0
2006-01-30,21.459025223045103,21.578909785120626,21.319961437618783,21.535751342773438,1693810,0.0,0.0
2006-01-31,21.511762818145883,21.540535097512514,21.070594787597656,21.070594787597656,3640815,0.0,0.0
2006-02-01,21.041825096155282,21.214456487006885,20.989075910828863,21.185684204101562,3737655,0.0,0.0
2006-02-02,21.195270766481304,21.267201459495794,21.008253271223495,21.16170310974121,2164390,0.0,0.0
2006-02-03,21.046621767858294,21.12334555373253,20.979486436960435,21.0993709564209,3214873,0.0,0.0
2006-02-06,20.739723951662825,21.1760967235857,20.739723951662825,21.128145217895508,2643544,0.0,0.0
2006-02-07,21.219254594996812,21.526154372274902,21.176096165091284,21.262413024902344,3504257,0.0,0.0
2006-02-08,21.387088302592907,21.67480652419938,21.310362213321657,21.646034240722656,4214540,0.0,0.0
2006-02-09,21.67480717630492,21.962525406567643,21.612469533476908,21.881006240844727,5009557,0.0,0.0
2006-02-10,21.866625572238622,21.952940140291176,21.660426456083886,21.914579391479492,3186376,0.0,0.0
2006-02-13,21.53574821910088,21.904988003574193,21.53574821910088,21.7755126953125,2300571,0.0,0.0
2006-02-14,21.765914525182154,21.871412888607274,21.65562308818151,21.8618221282959,2534978,0.0,0.0
2006-02-15,21.77552013167514,21.861837033326914,21.492597122757793,21.588504791259766,3040612,0.0,0.0
2006-02-16,21.50696639990401,21.670007001863347,21.473398742263573,21.554920196533203,3523170,0.0,0.0
2006-02-17,21.55491782588618,21.574099342428237,21.411058758400387,21.502168655395508,2575958,0.0,0.0
2006-02-21,21.502176081964084,21.545334509090075,21.29118394028684,21.31995391845703,2793091,0.0,0.0
2006-02-22,21.401471786153856,21.497377079250604,21.35351798631544,21.406267166137695,2096930,0.0,0.0
2006-02-23,21.32954897013518,21.67481184342623,21.32954897013518,21.497385025024414,3171118,0.0,0.0
2006-02-24,21.463811710659666,21.660420004405335,21.339134124350338,21.526151657104492,1981555,0.0,0.0
2006-02-27,21.617266887797886,22.255043424010317,21.617266887797886,22.183115005493164,4745014,0.0,0.0
2006-02-28,22.053640349878425,22.264632514484497,21.97211886755916,22.149545669555664,3486477,0.0,0.0
2006-03-01,22.053647025338588,22.255048488281457,21.962534752814584,22.163938522338867,2112566,0.0,0.0
2006-03-02,22.130371254293788,22.144757402854427,21.95294439529403,22.092010498046875,1668339,0.0,0.0
2006-03-03,21.914571987900093,22.33655853491355,21.895390466683992,22.192699432373047,2308641,0.0,0.0
2006-03-06,22.125558599635426,22.23105694005861,21.97210877469045,22.063220977783203,1736430,0.0,0.0
2006-03-07,21.890592210833606,22.015269775780375,21.81866151572205,21.962520599365234,3481308,0.0,0.0
2006-03-08,22.0275257387744,22.3645591776468,21.979379758889305,22.32122802734375,1866306,0.146717,0.0
2006-03-09,22.62937531840762,22.749743757074818,22.513819393988904,22.64381980895996,3165444,0.0,0.0
2006-03-10,22.54751912421603,23.038624766299407,22.412706219397396,22.961589813232422,3716093,0.0,0.0
2006-03-13,22.961588449418535,23.024178910830017,22.83640289472541,22.903810501098633,1796450,0.0,0.0
2006-03-14,22.831592144422135,23.08677581248695,22.65344575454609,22.87492561340332,2159472,0.0,0.0
2006-03-15,22.778622176902175,22.870101592050382,22.50899412754015,22.610105514526367,3035568,0.0,0.0
2006-03-16,22.557142407057395,22.677510789915953,22.465662991909188,22.610105514526367,3150313,0.0,0.0
2006-03-17,22.73047978564339,22.821959224489056,22.658257347658527,22.706405639648438,3185241,0.0,0.0
2006-03-20,22.658255024344314,22.744921941039568,22.412703392244275,22.571590423583984,1812968,0.0,0.0
2006-03-21,22.691958683117722,22.740106969868993,22.489740510632195,22.518627166748047,2418216,0.0,0.0
2006-03-22,22.43677616633005,22.53307041862359,22.306778115156593,22.47047996520996,1551829,0.0,0.0
2006-03-23,22.354925447780776,22.600479395815736,22.22974221737811,22.571590423583984,1647786,0.0,0.0
2006-03-24,22.451215629376886,22.55232468746442,22.24418036993318,22.508991241455078,2398923,0.0,0.0
2006-03-27,22.581222672334185,22.62937096491243,22.489743232370714,22.499370574951172,2299436,0.0,0.0
2006-03-28,22.504179707912957,22.504179707912957,22.12862779138193,22.171958923339844,2415189,0.0,0.0
2006-03-29,22.147892285352064,22.427147716372126,22.013077082577645,22.297149658203125,2502824,0.0,0.0
2006-03-30,22.229745864868164,22.480112366754003,22.215301376382214,22.229745864868164,2632574,0.0,0.0
2006-03-31,22.15270337913659,22.167147862712834,21.911964302133704,21.993816375732422,2844789,0.0,0.0
2006-04-03,22.123820169136387,22.484927720642364,22.06604221979619,22.215299606323242,2383540,0.0,0.0
2006-04-04,22.157532357599468,22.38864195063571,22.066052876234096,22.287532806396484,1907790,0.0,0.0
2006-04-05,22.24418545266716,22.369368676030568,22.17196302614897,22.277889251708984,1913465,0.0,0.0
2006-04-06,22.152715845490707,22.595673309964557,22.123826862081057,22.52345085144043,2482523,0.0,0.0
2006-04-07,22.494556570893725,22.55714935354162,22.33566951549203,22.369373321533203,2877195,0.0,0.0
2006-04-10,22.32604067589195,22.34529767640356,22.181598118476582,22.215299606323242,2596259,0.0,0.0
2006-04-11,22.162331569882962,22.268255459839136,21.950481474036245,22.12862777709961,4252872,0.0,0.0
2006-04-12,22.13346085519953,22.15753269681645,21.931240247688986,22.147905349731445,2336507,0.0,0.0
2006-04-13,22.027519394477352,22.27788814469788,21.96492894387323,22.191221237182617,1373659,0.0,0.0
2006-04-17,21.772344298826773,22.196042352217326,21.772344298826773,21.979379653930664,2430951,0.0,0.0
2006-04-18,21.989008072307243,22.465669223951508,21.98419324301987,22.44159507751465,2621982,0.0,0.0
2006-04-19,22.340483657950536,22.451222404122674,22.066040733011384,22.23937225341797,2569401,0.0,0.0
2006-04-20,22.239377817081373,22.5041911506948,22.224933327105973,22.364561080932617,2110296,0.0,0.0
2006-04-21,22.33085730087876,22.340486959876554,21.801233003805958,22.008268356323242,3070118,0.0,0.0
2006-04-24,21.950487536896155,21.98900616785907,21.777156013498036,21.796415328979492,2289727,0.0,0.0
2006-04-25,21.729008266213665,21.979377057776023,21.71456609517772,21.738637924194336,2149889,0.0,0.0
2006-04-26,21.907150940239994,22.02270681658262,21.72900461347978,21.859004974365234,1821795,0.0,0.0
2006-04-27,21.859001821988485,22.258625555571342,21.724186652364338,22.200847625732422,2769259,0.0,0.0
2006-04-28,21.690482934377176,21.695300077814615,20.944196251069,21.223451614379883,9708043,0.0,0.0
2006-05-01,21.502718802520572,21.661605864451165,21.34383174058998,21.37272071838379,4207226,0.0,0.0
2006-05-02,21.343827255880896,21.526788427529674,21.218644027679588,21.420862197875977,3043890,0.0,0.0
2006-05-03,21.329384665051435,21.411234442939172,21.156053135244075,21.199386596679688,2958903,0.0,0.0
2006-05-04,21.199397479060785,21.52198655902959,21.194582647540766,21.23309898376465,3141360,0.0,0.0
2006-05-05,21.32938914682637,21.464202072573688,21.223462885504098,21.416053771972656,2292375,0.0,0.0
2006-05-08,21.363094393131263,21.38716622911415,20.992357085455975,21.11754035949707,3744716,0.0,0.0
2006-05-09,21.117534500140838,21.27642154278256,20.99716608988137,21.064571380615234,3020941,0.0,0.0
2006-05-10,20.96827685100006,21.343828880117872,20.96827685100006,21.2716064453125,3901324,0.0,0.0
2006-05-11,21.184947160606466,21.233093146634715,21.07902089628591,21.136798858642578,2870260,0.0,0.0
2006-05-12,21.088645663897413,21.32456997284798,21.088645663897413,21.1849422454834,2616686,0.0,0.0
2006-05-15,21.184945776521673,21.290869717986215,21.06939217529349,21.257165908813477,2907079,0.0,0.0
2006-05-16,21.184940196047457,21.228271337634183,21.098273281004246,21.131977081298828,2228067,0.0,0.0
2006-05-17,21.372729097845237,21.37754392936526,21.1319898377805,21.23309898376465,4627369,0.0,0.0
2006-05-18,20.852713722236555,21.54603719920164,20.852713722236555,21.411224365234375,3251061,0.0,0.0
2006-05-19,21.57974698768895,21.868632043086944,21.49308239744341,21.86381721496582,5855517,0.0,0.0
2006-05-22,21.834932723396356,22.04678054982512,21.709747179856333,21.724191665649414,4435959,0.0,0.0
2006-05-23,21.70011659273844,22.013073456972464,21.685672109105933,21.801225662231445,3008458,0.0,0.0
2006-05-24,21.64234926116105,22.200860304837125,21.61827510997921,22.162343978881836,5113962,0.0,0.0
2006-05-25,22.162336476568782,22.263445561369778,21.964930819638386,22.08048439025879,2303345,0.0,0.0
2006-05-26,22.056419212207768,22.147900992914092,21.9456804251833,22.13827133178711,1604284,0.0,0.0
2006-05-30,22.051599519231342,22.056414348733153,21.815677505513115,21.830121994018555,1987860,0.0,0.0
2006-05-31,21.849380079088725,22.09974890965761,21.733826481252926,21.89271354675293,3079448,0.0,0.0
2006-06-01,21.955297531239967,22.191219462068133,21.93122339218924,22.176774978637695,2288718,0.0,0.0
2006-06-02,22.128632533506153,22.162336333533922,21.984189992179154,22.02752113342285,2348108,0.0,0.0
2006-06-05,22.19603599922722,22.19603599922722,21.849373002068678,21.859004974365234,2373831,0.0,0.0
2006-06-06,21.902346582933056,22.0949374863082,21.825311611144464,22.00345802307129,3292168,0.0,0.0
2006-06-07,21.996196299299964,22.257251513092015,21.981693102681064,22.0058650970459,3197220,0.146717,0.0
2006-06-08,21.909181168329354,22.04454202207185,21.570777871298922,21.744813919067383,3945204,0.0,0.0
2006-06-09,21.633626304220137,21.725479905180972,21.512768628304634,21.556278228759766,2758163,0.0,0.0
2006-06-12,21.68196686520052,21.78348925015746,21.56594360774097,21.609453201293945,3077683,0.0,0.0
2006-06-13,21.561112852416063,21.730314530592022,21.333898373031623,21.358070373535156,3504383,0.0,0.0
2006-06-14,21.29522473230565,21.551445631064972,21.27105505538023,21.51760482788086,2414685,0.0,0.0
2006-06-15,21.503096725254252,21.793156035734697,21.406411063543576,21.735145568847656,2238281,0.0,0.0
2006-06-16,21.561112748563243,21.822165702046448,21.561112748563243,21.70614242553711,3953779,0.0,0.0
2006-06-19,21.754488405327386,21.822167687219334,21.430588221372357,21.532108306884766,2526656,0.0,0.0
2006-06-20,21.488595792435163,21.57561498996155,21.469258192984853,21.512767791748047,2185069,0.0,0.0
2006-06-21,21.57560694973857,21.72547096428247,21.42574293519467,21.633617401123047,3113998,0.0,0.0
2006-06-22,21.609444004856453,21.681957637903043,21.38706405779563,21.498252868652344,2173721,0.0,0.0
2006-06-23,21.44991289750642,21.54659852423788,21.295212174179966,21.411237716674805,2113953,0.0,0.0
2006-06-26,21.464428471086244,21.580451755156204,21.430587668339072,21.503101348876953,1179224,0.0,0.0
2006-06-27,21.464428225990204,21.565948307723577,21.353237018233443,21.478931427001953,1945240,0.0,0.0
2006-06-28,21.48376351415104,21.73998440682146,21.48376351415104,21.701309204101562,2171830,0.0,0.0
2006-06-29,21.75448511299922,21.9575252532959,21.686803516001245,21.9575252532959,2147115,0.0,0.0
2006-06-30,21.957525454661862,22.160567922169204,21.870508583072226,21.923686981201172,2917293,0.0,0.0
2006-07-03,21.923689239738067,22.034878121931694,21.875345236458717,21.986534118652344,686704,0.0,0.0
2006-07-05,21.899514982051652,22.01070385279081,21.802829310802206,21.923686981201172,1808303,0.0,0.0
2006-07-06,21.894679654359898,22.237917377039956,21.817329260359415,21.95269012451172,1371138,0.0,0.0
2006-07-07,21.8511688504969,21.86083764921278,21.164693443063317,21.2758846282959,4446677,0.0,0.0
2006-07-10,21.353230323095787,21.57077594471345,21.343561525452863,21.45958709716797,2059480,0.0,0.0
2006-07-11,21.3483990250626,21.401577419822686,21.21303816374906,21.280719757080078,1645516,0.0,0.0
2006-07-12,21.246882832160857,21.30972771207174,21.048674740921165,21.106687545776367,1426366,0.0,0.0
2006-07-13,21.111521333856803,21.121190134385568,20.73444276393271,20.753780364990234,3019806,0.0,0.0
2006-07-14,20.63292612600166,20.845635122423843,20.545906906725023,20.802127838134766,2141693,0.0,0.0
2006-07-17,20.850464642985205,21.07284471484553,20.806955043531264,20.95682144165039,2431960,0.0,0.0
2006-07-18,20.95681451423521,21.068003350736813,20.792447295979485,20.971315383911133,1633159,0.0,0.0
2006-07-19,20.98099645986803,21.237215042816935,20.95682445669379,21.126026153564453,2168551,0.0,0.0
2006-07-20,21.05350836511116,21.126024368506595,20.884306682537307,20.889141082763672,1657874,0.0,0.0
2006-07-21,20.97615967091851,20.97615967091851,20.628087515538468,20.647422790527344,1809312,0.0,0.0
2006-07-24,20.62325137344755,20.806953910440626,20.60391377474332,20.78761863708496,1323600,0.0,0.0
2006-07-25,20.715097995870327,21.02449485504802,20.642584342341706,20.918140411376953,2133623,0.0,0.0
2006-07-26,20.83596153712398,20.90847753654088,20.60874938964844,20.608749389648438,1752822,0.0,0.0
2006-07-27,20.589416516363343,20.96649514919695,20.579747714221494,20.802127838134766,2471553,0.0,0.0
2006-07-28,20.816627734835112,21.333899265863646,20.816627734835112,21.2275447845459,2097561,0.0,0.0
2006-07-31,21.053505000994903,21.251713053255486,21.029333003725508,21.155027389526367,1578813,0.0,0.0
2006-08-01,21.087347616561555,21.188867688503578,20.768281875773873,20.83112907409668,2291240,0.0,0.0
2006-08-02,21.59010427917867,22.165388190778852,20.628073278448394,21.65778350830078,7014565,0.0,0.0
2006-08-03,21.730315316461446,22.155735564662493,21.677136913430495,22.07355308532715,3402121,0.0,0.0
2006-08-04,22.16539796606873,22.324930803755638,22.1073875048587,22.29109001159668,3170236,0.0,0.0
2006-08-07,22.16540098536758,22.24275137798162,21.95752413056585,22.063880920410156,2183430,0.0,0.0
2006-08-08,22.1315652690196,22.189578076797282,21.827002678884828,21.996204376220703,2331968,0.0,0.0
2006-08-09,22.155730553631177,22.281422607018218,22.04937609697265,22.07838249206543,2277622,0.0,0.0
2006-08-10,22.078379737422214,22.28625422562135,21.996194961579917,22.208906173706055,2322637,0.0,0.0
2006-08-11,22.117053977270217,22.32976520263549,22.044540319420634,22.29109001159668,1558638,0.0,0.0
2006-08-14,22.40712015197892,22.523143423396306,22.266922555886612,22.295928955078125,1812716,0.0,0.0
2006-08-15,22.45546531677246,22.59082620869745,22.431295639036836,22.45546531677246,2429942,0.0,0.0
2006-08-16,22.542486556161457,22.72135706973288,22.50864574879809,22.70685386657715,1615632,0.0,0.0
2006-08-17,22.634322481626647,22.769683293818098,22.547305647127732,22.73101043701172,3379298,0.0,0.0
2006-08-18,22.76968934364407,22.890549319987482,22.634328495487722,22.856708526611328,1554855,0.0,0.0
2006-08-21,22.716524596581404,22.769700687316114,22.498978856132094,22.595666885375977,1128282,0.0,0.0
2006-08-22,22.57148132230292,22.793861353569515,22.57148132230292,22.68267250061035,1017698,0.0,0.0
2006-08-23,22.634327499775875,22.784191538500732,22.61015550557055,22.663333892822266,1446667,0.0,0.0
2006-08-24,22.72134729384507,22.755188086648396,22.561814453120494,22.629493713378906,1597853,0.0,0.0
2006-08-25,22.523140683120385,22.59081994765106,22.31526383955453,22.52797508239746,1743113,0.0,0.0
2006-08-28,22.47963236847759,22.963065347642143,22.47963236847759,22.847042083740234,1875258,0.0,0.0
2006-08-29,22.847053409036082,23.064599171369654,22.842219007087568,23.021089553833008,2141063,0.0,0.0
2006-08-30,22.98724066426072,23.11776714566412,22.861548583107403,22.9195613861084,1699232,0.0,0.0
2006-08-31,22.99207694567172,23.127437838400134,22.808372046487076,22.81804084777832,2814148,0.0,0.0
2006-09-01,22.919563221114657,23.301473895401564,22.866384814106127,23.204788208007812,2242442,0.0,0.0
2006-09-05,23.08875829916086,23.195115093399952,23.011410228699212,23.112930297851562,1597601,0.0,0.0
2006-09-06,23.011405833093495,23.146766674556396,22.702008959650243,22.798694610595703,2889300,0.0,0.0
2006-09-07,22.721348060386205,22.856708910817883,22.619825678551212,22.74551773071289,1895938,0.0,0.0
2006-09-08,22.755202814110266,23.03559348525667,22.706858793102356,22.924402236938477,1547290,0.0,0.0
2006-09-11,22.84703948346397,23.02590992118552,22.72134743476317,22.953393936157227,1607941,0.0,0.0
2006-09-12,22.847042386621546,23.108095315198728,22.847042386621546,22.972734451293945,2106639,0.0,0.0
2006-09-13,22.926633204679455,23.120762662746575,22.81015646361404,22.89266014099121,2325411,0.146717,0.0
2006-09-14,22.858678551311826,22.97030429036682,22.824707834731356,22.887798309326172,1522576,0.0,0.0
2006-09-15,22.994578407532515,23.18385222873992,22.926632282887876,22.98972511291504,4002829,0.0,0.0
2006-09-18,23.018841871321644,23.24694437721843,22.955751377581198,23.106201171875,2040314,0.0,0.0
2006-09-19,23.106197390912673,23.246940573225718,22.62087502612026,22.8052978515625,3329743,0.0,0.0
2006-09-20,22.795593562242644,23.24208962259851,22.742207326369492,23.057666778564453,2558431,0.0,0.0
2006-09-21,23.00427683396328,23.07707623478093,22.810149767322468,22.897506713867188,1389547,0.0,0.0
2006-09-22,22.844126843188704,22.882950862690713,22.64999740793118,22.72764778137207,1085915,0.0,0.0
2006-09-25,22.76161782055332,23.26150005787032,22.747057939758367,23.145023345947266,2733449,0.0,0.0
2006-09-26,23.077088183315954,23.441080706994285,22.931491640732155,23.33431053161621,2791704,0.0,0.0
2006-09-27,23.18869239984306,23.23722531855086,22.800436053487825,22.99941635131836,3332265,0.0,0.0
2006-09-28,23.081932249326343,23.22752873368973,22.975162116642984,23.062519073486328,1996812,0.0,0.0
2006-09-29,22.9703053981698,23.135315033772848,22.878092826677175,22.97515869140625,1523080,0.0,0.0
2006-10-02,23.013991313375733,23.013991313375733,22.771331229636335,22.829570770263672,1581209,0.0,0.0
2006-10-03,22.86353563841892,23.203261536089798,22.834415875572272,23.14017105102539,2489458,0.0,0.0
2006-10-04,23.101350320379424,23.1984138857107,23.072230550448875,23.149883270263672,2105252,0.0,0.0
2006-10-05,23.062523960472024,23.18870729573385,23.004284420610926,23.149883270263672,2852607,0.0,0.0
2006-10-06,23.101344696320535,23.149877634389362,22.96545480416447,23.038251876831055,1984707,0.0,0.0
2006-10-09,23.04310589764631,23.149878364766398,22.936335764962955,23.062519073486328,1196246,0.0,0.0
2006-10-10,22.975162900991485,23.028546801937267,22.742207117395154,22.785886764526367,2266526,0.0,0.0
2006-10-11,22.664550034201664,22.781026724289358,22.53351113161238,22.688814163208008,2648714,0.0,0.0
2006-10-12,22.7373493764519,22.834412905545864,22.6014595019458,22.751909255981445,1698602,0.0,0.0
2006-10-13,22.664554588692138,22.703378603565724,22.451012001922763,22.56263542175293,2093147,0.0,0.0
2006-10-16,22.606317216312632,22.80529994102913,22.57719745155849,22.785886764526367,1588901,0.0,0.0
2006-10-17,22.713081456804257,22.88779766553966,22.630577812520535,22.853824615478516,1430275,0.0,0.0
2006-10-18,22.93148557750535,23.101348554679902,22.815008841123014,22.98972511291504,2011565,0.0,0.0
2006-10-19,22.926629384433596,23.028546224078873,22.88294973839844,22.99457550048828,1145809,0.0,0.0
2006-10-20,23.08679556526989,23.09164886133671,22.90722594523526,23.013996124267578,1218187,0.0,0.0
2006-10-23,22.955740126481064,23.246932983398438,22.907207205516222,23.246932983398438,1817634,0.0,0.0
2006-10-24,23.149885136865482,23.212975642364842,23.0576725246502,23.198415756225586,1861388,0.0,0.0
2006-10-25,23.193566705657968,23.251806260873806,22.970319746206275,23.11106300354004,1590162,0.0,0.0
2006-10-26,23.091649818468095,23.198420001925957,23.028556966984272,23.11106300354004,1218313,0.0,0.0
2006-10-27,23.038263369593263,23.271219254098284,22.97031955683942,23.130475997924805,2282035,0.0,0.0
2006-10-30,23.072226268337918,24.008898020638128,23.052813091987225,23.790504455566406,4706681,0.0,0.0
2006-10-31,23.999194191252023,24.237003294448193,23.761387422492913,23.994340896606445,4435455,0.0,0.0
2006-11-01,23.97492717306132,24.067139769231225,23.518724490058073,23.659467697143555,3887706,0.0,0.0
2006-11-02,23.56239561492911,23.61092854272027,23.276056009833585,23.35370635986328,4305075,0.0,0.0
2006-11-03,23.37797584335569,23.41680219060359,23.17413985474067,23.290618896484375,2294392,0.0,0.0
2006-11-06,23.290625526013333,23.40224897168749,23.212972809414175,23.29547882080078,2294518,0.0,0.0
2006-11-07,23.35856949186776,23.576965424485763,23.33430535218767,23.567258834838867,2467770,0.0,0.0
2006-11-08,23.528439521852313,23.77110200125293,23.509026336745233,23.625505447387695,1870845,0.0,0.0
2006-11-09,23.586671013613472,23.640057254406813,23.513871594349823,23.572111129760742,1826208,0.0,0.0
2006-11-10,23.57210595678234,23.630345479412398,23.509013140599777,23.615785598754883,1291699,0.0,0.0
2006-11-13,23.542990871346046,23.79535751732583,23.538137576829627,23.669174194335938,2054311,0.0,0.0
2006-11-14,23.64005187498826,23.819621400539553,23.489599776079555,23.785648345947266,2425907,0.0,0.0
2006-11-15,23.703143309937285,24.00404285098859,23.678876841394985,23.97977638244629,3218151,0.0,0.0
2006-11-16,23.984629389848703,24.207878563336315,23.96521854968318,24.159345626831055,2334742,0.0,0.0
2006-11-17,24.071984070447304,24.18360746861861,23.97977150872811,24.096250534057617,2756650,0.0,0.0
2006-11-20,24.02346051332135,24.115673111007084,23.9361035446877,23.96522331237793,2502824,0.0,0.0
2006-11-21,23.911837901130305,23.97007510409401,23.80021445554917,23.877864837646484,1714237,0.0,0.0
2006-11-22,23.86815621180746,24.135082733247962,23.853596328699403,24.03801918029785,1974872,0.0,0.0
2006-11-24,23.863304125462122,24.12537970023716,23.8050669245187,23.96522331237793,1191959,0.0,0.0
2006-11-27,23.892425200673866,23.897278495554502,23.41195601080233,23.53813934326172,2453270,0.0,0.0
2006-11-28,23.450775762410597,23.83417894664259,23.426509294844674,23.785648345947266,3150691,0.0,0.0
2006-11-29,23.77593911580374,23.77593911580374,23.54298338750458,23.610929489135742,1297877,0.0,0.0
2006-11-30,23.57695596432238,23.712845830416484,23.402239755219618,23.407093048095703,2525395,0.0,0.0
2006-12-01,23.460478522103404,23.49930252943863,23.106192822312035,23.232376098632812,2649345,0.0,0.0
2006-12-04,23.295472071951057,23.620638059633073,23.295472071951057,23.499305725097656,2431455,0.0,0.0
2006-12-05,23.528421484405307,23.538128069517544,23.2323753073541,23.319734573364258,3585334,0.0,0.0
2006-12-06,23.309981934495934,23.402638017025797,23.173438474326677,23.285598754882812,2421872,0.182405,0.0
2006-12-07,23.285602017843278,23.490418409629747,23.192948267994275,23.40264129638672,3762621,0.0,0.0
2006-12-08,23.358753111100057,23.461160140930794,23.314863378744867,23.378259658813477,2517199,0.0,0.0
2006-12-11,23.524551391601566,23.61232849188106,23.46603176097243,23.524551391601562,2812257,0.0,0.0
2006-12-12,23.524556753712215,23.65622360697527,23.431902996427766,23.500173568725586,2357943,0.0,0.0
2006-12-13,23.60257702833327,23.763503679227977,23.578196192700823,23.641590118408203,2441291,0.0,0.0
2006-12-14,23.675736185204972,24.0073428941543,23.622093164571442,23.904935836791992,2435743,0.0,0.0
2006-12-15,24.134127740755574,24.27554787237901,23.968324423392776,24.207277297973633,4639852,0.0,0.0
2006-12-18,24.129246847755752,24.24628611866158,24.060976285391753,24.099987030029297,2208018,0.0,0.0
2006-12-19,23.904937133220646,24.11950453606065,23.76351461660798,24.01709747314453,2048132,0.0,0.0
2006-12-20,23.919560958319984,24.202401228197427,23.919560958319984,24.090238571166992,2213188,0.0,0.0
2006-12-21,24.065858840942383,24.187772432457542,23.96832609119827,24.065858840942383,1671366,0.0,0.0
2006-12-22,24.041469313766196,24.12924641972408,23.895172573393488,23.900049209594727,1632907,0.0,0.0
2006-12-26,23.84641249968311,24.099992957687842,23.84641249968311,24.065858840942383,1211504,0.0,0.0
2006-12-27,24.13900177608234,24.202398052171496,24.021964842813073,24.060977935791016,1144548,0.0,0.0
2006-12-28,23.997590919128992,24.153641005587847,23.948824534090143,24.01709747314453,1188807,0.0,0.0
2006-12-29,23.934196964243952,24.09999798204511,23.914690410228413,24.01709747314453,1513749,0.0,0.0
2007-01-03,23.748872476763715,24.031712645134895,23.500166411312897,23.607452392578125,3311964,0.0,0.0
2007-01-04,23.55381156305554,23.895171388891846,23.55381156305554,23.846405029296875,4334580,0.0,0.0
2007-01-05,23.8464120378786,23.88054849962796,23.709868536546097,23.778139114379883,1935531,0.0,0.0
2007-01-08,23.704983751763116,23.880540291899056,23.63183421601309,23.792760848999023,2745428,0.0,0.0
2007-01-09,23.77325859243445,23.934187600099897,23.53918472715926,23.700111389160156,1772114,0.0,0.0
2007-01-10,23.680605504866058,23.704988688527404,23.47578910777536,23.568445205688477,2414307,0.0,0.0
2007-01-11,23.553811847765534,23.74399830682058,23.48066230748887,23.592824935913086,2201588,0.0,0.0
2007-01-12,23.59770463512957,23.826904234867325,23.56844715797703,23.74888038635254,2505850,0.0,0.0
2007-01-16,23.656221659796852,23.714741298947924,23.568444546734796,23.700111389160156,3370219,0.0,0.0
2007-01-17,23.734252601405423,23.8951792956542,23.700116138393405,23.890302658081055,2523377,0.0,0.0
2007-01-18,23.870786925262117,23.895170103748214,23.495290667904484,23.51479721069336,2056328,0.0,0.0
2007-01-19,23.54406351970683,23.558693430834275,23.32949383550244,23.363630294799805,2919562,0.0,0.0
2007-01-22,23.402642453005104,23.43190227408706,23.03689938081,23.075912475585938,3274515,0.0,0.0
2007-01-23,23.075912742844334,23.24659268880117,23.041776284520026,23.119802474975586,4082898,0.0,0.0
2007-01-24,23.149055294713555,23.324611842263806,23.119797824842035,23.285598754882812,4156285,0.0,0.0
2007-01-25,23.197814652072857,23.28559172652185,23.06614786756761,23.1539249420166,4229040,0.0,0.0
2007-01-26,23.134430696332824,23.163690518583746,22.97838065665935,22.983257293701172,4183395,0.0,0.0
2007-01-29,22.944240029133606,23.14417976586082,22.924735830174377,23.061279296875,4832144,0.0,0.0
2007-01-30,23.06128628132101,23.1490634130473,22.846716571140565,23.095422744750977,2942890,0.0,0.0
2007-01-31,23.032022691932905,23.300233026582266,22.924739027206094,23.270973205566406,2871016,0.0,0.0
2007-02-01,23.553823413464325,23.7293800506681,23.480673837268828,23.65135383605957,4272795,0.0,0.0
2007-02-02,23.651342659378464,23.914678663574744,23.626959478835815,23.895172119140625,2692342,0.0,0.0
2007-02-05,23.797644798772314,23.987831304510888,23.709867674558662,23.94881820678711,2911114,0.0,0.0
2007-02-06,24.114626172288578,24.270676247582912,23.529438976351155,23.797649383544922,4935919,0.0,0.0
2007-02-07,23.836660221258523,23.93419297508023,23.66110361004453,23.773263931274414,2664602,0.0,0.0
2007-02-08,23.685496677923762,23.904943119890515,23.685496677923762,23.88055992126465,3086762,0.0,0.0
2007-02-09,23.875664568452237,24.012208028072045,23.724491201123428,23.802515029907227,1969072,0.0,0.0
2007-02-12,23.904926647373372,24.01708693809838,23.79276401098393,23.92443084716797,1705789,0.0,0.0
2007-02-13,24.10973947294803,24.612025956307814,24.080482001892772,24.573015213012695,6344002,0.0,0.0
2007-02-14,24.553503458847093,25.002146849695894,24.54375018867665,24.97288703918457,5128715,0.0,0.0
2007-02-15,24.919246498630553,24.992396032087193,24.768073141817556,24.860729217529297,2901783,0.0,0.0
2007-02-16,24.7339552183321,24.89975859029724,24.68518883079365,24.85099220275879,2381523,0.0,0.0
2007-02-20,24.77295523254481,24.894871148485873,24.63641175235539,24.719314575195312,2271191,0.0,0.0
2007-02-21,24.60228303214969,24.792469575157877,24.56814891061719,24.77783966064453,2179143,0.0,0.0
2007-02-22,24.748580537524887,24.890000702855666,24.553519696447143,24.82660675048828,2995975,0.0,0.0
2007-02-23,24.763194613195793,24.987517486316744,24.680294160613098,24.9582576751709,2606095,0.0,0.0
2007-02-26,24.94365043644271,25.11433047756366,24.85099662928151,24.99729347229004,2757785,0.0,0.0
2007-02-27,24.724181168142447,24.870480221720612,24.095104620411696,24.319427490234375,4209496,0.0,0.0
2007-02-28,24.32431924325567,24.568148805098893,24.046355560026548,24.26092529296875,4955715,0.0,0.0
2007-03-01,24.017092837018158,24.265796661376953,23.822029680182133,24.265796661376953,5700044,0.0,0.0
2007-03-02,24.26579556304745,24.26579556304745,23.73912811279297,23.73912811279297,4195878,0.0,0.0
2007-03-05,23.407510152935664,23.84152362961897,23.309977453233504,23.636707305908203,3052086,0.0,0.0
2007-03-06,23.758638623970313,23.865922317714762,23.592835272366003,23.797649383544922,3232652,0.0,0.0
2007-03-07,23.699648136622645,23.885833130542995,23.56245572059617,23.591854095458984,3101136,0.182405,0.0
2007-03-08,23.792737304364252,23.910328430589406,23.704544548888325,23.817235946655273,2042332,0.0,0.0
2007-03-09,23.910338611188934,23.949536455544315,23.645757875335605,23.895639419555664,2494880,0.0,0.0
2007-03-12,23.792750072471204,24.18472384593228,23.792750072471204,24.052431106567383,3066965,0.0,0.0
2007-03-13,23.96913391587441,24.023028591803342,23.57226047952648,23.621257781982422,3521910,0.0,0.0
2007-03-14,23.5575606706791,23.719249391592815,23.29787735722839,23.675151824951172,3652290,0.0,0.0
2007-03-15,23.631057680960794,23.871142110677205,23.616358489951256,23.733949661254883,2380640,0.0,0.0
2007-03-16,23.83193989001758,23.83193989001758,23.52816137850379,23.582056045532227,3224960,0.0,0.0
2007-03-19,23.61635498476111,23.812341812360135,23.572257418277562,23.635953903198242,2584659,0.0,0.0
2007-03-20,23.66536009038164,23.76335235813228,23.616362778119782,23.74375343322754,3614966,0.0,0.0
2007-03-21,24.101418693071984,24.875564108695976,24.008326196741503,24.76287269592285,7938577,0.0,0.0
2007-03-22,24.00342899853177,24.885366190808924,24.00342899853177,24.88046646118164,3738412,0.0,0.0
2007-03-23,24.841266221637188,24.929461346398483,24.650181498198535,24.870664596557617,2348234,0.0,0.0
2007-03-26,24.826573382799165,24.826573382799165,24.400301591457065,24.591388702392578,2685912,0.0,0.0
2007-03-27,24.503194645459796,24.552189585550707,24.17491747002071,24.17981719970703,2787921,0.0,0.0
2007-03-28,24.155319344731314,24.160219074578585,23.91033520914015,23.978931427001953,3407795,0.0,0.0
2007-03-29,24.179816148518558,24.184715877991874,23.851538987350928,23.905433654785156,2936711,0.0,0.0
2007-03-30,23.983836405199447,23.993635867038392,23.469371728973577,23.714353561401367,3405399,0.0,0.0
2007-04-02,23.92062795927216,25.092250610912586,23.812143332961817,24.71798324584961,8760619,0.0,1.1070519207350824
2007-04-03,24.896976147999908,25.31463871019657,24.772220379794195,24.989187240600586,5740218,0.0,0.0
2007-04-04,24.53897905397917,24.934945150462113,24.51728260441472,24.72882652282715,4433558,0.0,0.0
2007-04-05,24.62034074796097,24.934943965236943,24.57694785089466,24.669158935546875,2684509,0.0,0.0
2007-04-09,24.625752477869867,24.625752477869867,24.077909205383246,24.170120239257812,3289888,0.0,0.0
2007-04-10,24.191825921416253,24.3708251268141,24.11046307473945,24.262340545654297,2246450,0.0,0.0
2007-04-11,24.18640605398056,24.27319184448992,23.806713506957117,23.855531692504883,3313351,0.0,0.0
2007-04-12,24.13215620282692,24.414214661012196,23.94231115785534,24.381669998168945,3866905,0.0,0.0
2007-04-13,24.38167177451684,24.408793507248134,24.07791685230573,24.256916046142578,2361033,0.0,0.0
2007-04-16,24.305737296340478,24.533552338424965,24.180979195415787,24.213523864746094,2391672,0.0,0.0
2007-04-17,24.191821262952903,24.359972213532245,24.08333905945502,24.197246551513672,3231799,0.0,0.0
2007-04-18,24.143006780546546,24.4576075448032,24.13758149168673,24.381669998168945,3154347,0.0,0.0
2007-04-19,24.3816731557155,24.3816731557155,24.072495283506726,24.083343505859375,1654511,0.0,0.0
2007-04-20,24.452191801854735,24.473888250129164,24.126740364193132,24.27861785888672,4757261,0.0,0.0
2007-04-23,24.273196298053705,24.40880265576392,24.143017588404916,24.153865814208984,2587808,0.0,0.0
2007-04-24,24.300315098988087,24.3816779610547,24.208104012430766,24.273193359375,2331533,0.0,0.0
2007-04-25,24.19725202335147,24.501004618606288,24.19725202335147,24.35997772216797,2115693,0.0,0.0
2007-04-26,24.316581969272296,24.441337695210525,24.121309268255242,24.137582778930664,1958738,0.0,0.0
2007-04-27,24.137591802624936,24.614920798543878,24.067077157956632,24.50101089477539,2467985,0.0,0.0
2007-04-30,24.62576574482275,24.745096210332118,24.256921410612286,24.27861785888672,3631132,0.0,0.0
2007-05-01,24.761375364710908,25.29294553882551,24.56067963730201,25.282094955444336,5509457,0.0,0.0
2007-05-02,25.265823306303854,25.406852606260053,25.08682639233873,25.124794006347656,3957683,0.0,0.0
2007-05-03,25.1519081634033,25.292937420816592,25.097667047772166,25.195301055908203,2302147,0.0,0.0
2007-05-04,25.227844579048707,25.28751098191816,25.15190702061538,25.222421646118164,1829120,0.0,0.0
2007-05-07,25.222432726110473,25.363459682295698,25.222432726110473,25.244129180908203,1721826,0.0,0.0
2007-05-08,25.130207591963316,25.705170393588766,25.130207591963316,25.645503997802734,2859118,0.0,0.0
2007-05-09,25.531610133844854,26.42117418645082,25.52618484188804,26.3560848236084,7084808,0.0,0.0
2007-05-10,26.139110387235124,26.220473245715088,25.81908424370778,25.857051849365234,4058143,0.0,0.0
2007-05-11,26.046894144589498,26.12283169763295,25.90043961427616,26.10113525390625,2313651,0.0,0.0
2007-05-14,26.008924284240084,26.09028712689705,25.764835756269182,25.829927444458008,2097127,0.0,0.0
2007-05-15,25.840778706489974,26.095715486356596,25.743142341106005,25.819082260131836,2313081,0.0,0.0
2007-05-16,25.878735290885473,26.106550216674805,25.81906891585228,26.106550216674805,2553752,0.0,0.0
2007-05-17,26.849668054913927,26.849668054913927,26.074009699877966,26.11740493774414,2821303,0.0,0.0
2007-05-18,26.19335112263552,26.415743246784494,26.12283648920359,26.37777328491211,3541721,0.0,0.0
2007-05-21,26.312688584425032,26.746622328660912,26.307263293154943,26.52965545654297,2965045,0.0,0.0
2007-05-22,26.529639923986796,26.697788503318122,26.334369617730086,26.621850967407227,2907981,0.0,0.0
2007-05-23,26.583881941632267,26.611003669496835,26.32894524137452,26.38318634033203,2286884,0.0,0.0
2007-05-24,26.29640513431703,26.681522895514313,26.25843518008777,26.426586151123047,2435182,0.0,0.0
2007-05-25,26.469985729461683,26.71407431388949,26.442863990045495,26.70322608947754,1907483,0.0,0.0
2007-05-29,26.627275027159964,26.89848523759266,26.529641048279775,26.611003875732422,2435068,0.0,0.0
2007-05-30,26.4482794985341,26.795427264866415,26.4482794985341,26.70863914489746,2399304,0.0,0.0
2007-05-31,26.670683163601762,27.06122162479114,26.63271319728598,26.958162307739258,2622661,0.0,0.0
2007-06-01,26.958149376534152,27.22935958805349,26.925604716777027,27.006967544555664,2953997,0.0,0.0
2007-06-04,26.83340364886797,27.283610834876853,26.83340364886797,27.180551528930664,2177882,0.0,0.0
2007-06-05,27.023256966573175,27.09377161595821,26.822561244725524,26.838834762573242,3081906,0.0,0.0
2007-06-06,26.8008618104774,26.931042868457187,26.56219850149177,26.903921127319336,2401354,0.0,0.0
2007-06-07,26.70863739868311,26.795425512977847,26.18249285177009,26.220462799072266,2871875,0.0,0.0
2007-06-08,26.285556027300547,26.361493576429318,26.052315734104248,26.258434295654297,3605618,0.0,0.0
2007-06-11,26.204199346488704,26.50795432792279,26.05232185577166,26.37777328491211,1753149,0.0,0.0
2007-06-12,26.247591637399317,26.41574263840974,26.036050098747996,26.063169479370117,2448622,0.0,0.0
2007-06-13,26.19943191389534,26.831664748963767,26.161281688135343,26.771711349487305,3460624,0.201932,0.0
2007-06-14,26.766255647067098,26.826209036874047,26.629999449938193,26.662700653076172,2054300,0.0,0.0
2007-06-15,26.848008625080205,27.033317802591636,26.760805420655004,26.793506622314453,3443880,0.0,0.0
2007-06-18,26.793501603582005,26.820751415806736,26.62999325780388,26.63544464111328,2802510,0.0,0.0
2007-06-19,26.493746949064818,26.695405580603932,26.411992745760003,26.651803970336914,2030723,0.0,0.0
2007-06-20,26.662704369228695,26.700856962261234,26.346590326728073,26.379291534423828,2327433,0.0,0.0
2007-06-21,26.455590281900527,26.673600667770614,26.297533284969003,26.619098663330078,1863860,0.0,0.0
2007-06-22,26.461045737717377,26.63000316153294,26.319338136260786,26.379291534423828,3119379,0.0,0.0
2007-06-25,26.27027835838542,26.586394687381638,26.08496919450965,26.232128143310547,2491107,0.0,0.0
2007-06-26,26.308429194684,26.444685366578703,26.161272623762024,26.19942283630371,2783716,0.0,0.0
2007-06-27,26.090423530724784,26.43378971389873,25.997768938302485,26.352035522460938,4403944,0.0,0.0
2007-06-28,26.270279720049313,26.673599267959244,26.161275716888696,26.384735107421875,2406707,0.0,0.0
2007-06-29,26.373851675791304,26.739021241595562,26.264847602498502,26.417455673217773,2491790,0.0,0.0
2007-07-02,26.58640479694365,26.73356143359361,26.39564417660119,26.559152603149414,2248386,0.0,0.0
2007-07-03,26.624542616094033,26.755347390239653,26.624542616094033,26.640892028808594,1624897,0.0,0.0
2007-07-05,26.60819463059391,26.7553512065514,26.542792234192277,26.613643646240234,1607471,0.0,0.0
2007-07-06,26.55913787943623,26.809851766271425,26.510084905043765,26.66814422607422,2658996,0.0,0.0
2007-07-09,26.640899850984187,26.73355444392912,26.52644445594727,26.662700653076172,2245425,0.0,0.0
2007-07-10,26.43378447006877,26.542790826397564,26.09586737036776,26.144920349121094,2679725,0.0,0.0
2007-07-11,26.084967771270236,26.302978122504182,26.057717957433223,26.259376525878906,2067513,0.0,0.0
2007-07-12,26.297533997807747,26.42834118011873,26.259381409611212,26.406538009643555,2236996,0.0,0.0
2007-07-13,26.455585281024828,26.79350238089587,26.37383110576397,26.695396423339844,1924910,0.0,0.0
2007-07-16,26.646352013463414,26.913415399048745,26.553697417813563,26.777156829833984,1341173,0.0,0.0
2007-07-17,26.711751840740696,26.76625384229575,26.57549565279916,26.700851440429688,2252259,0.0,0.0
2007-07-18,26.50464473770633,26.619100137423654,25.975969345086664,26.24848175048828,3338181,0.0,0.0
2007-07-19,26.411986107890915,26.613644688749126,26.281178941856048,26.54279327392578,1758844,0.0,0.0
2007-07-20,26.537349026717695,26.608202828703657,26.09042777739279,26.134029388427734,2828251,0.0,0.0
2007-07-23,26.259378140397512,26.417437490043532,26.155823157991772,26.22667694091797,1690162,0.0,0.0
2007-07-24,25.807008164054874,26.161277113509094,25.698004155075076,25.741605758666992,2540995,0.0,0.0
2007-07-25,25.747050189206046,26.00866210820733,25.430933912327877,25.556289672851562,2785311,0.0,0.0
2007-07-26,25.294686478553768,25.343739470319516,25.011271297781104,25.1257266998291,6503576,0.0,0.0
2007-07-27,25.076673626503553,25.158427815424094,24.766008655848648,24.77145767211914,4650081,0.0,0.0
2007-07-30,24.929511048530497,25.125720599849952,24.58614492574834,25.109371185302734,3526230,0.0,0.0
2007-07-31,25.136626270406094,25.85606223215535,25.071223862286363,25.300134658813477,5032444,0.0,0.0
2007-08-01,24.847767931957513,25.730710037716783,24.831416143582477,25.621706008911133,5519822,0.0,0.0
2007-08-02,25.6107975743414,25.98686731082764,25.52904575486998,25.89421272277832,2997848,0.0,0.0
2007-08-03,25.807005722691486,26.155823254644325,25.736154307611194,25.92146110534668,4973330,0.0,0.0
2007-08-06,25.534494742890537,26.2103290437195,25.49634215723352,26.183076858520508,5249309,0.0,0.0
2007-08-07,26.079523606028125,26.570046395505276,26.008669814280847,26.406538009643555,5419362,0.0,0.0
2007-08-08,25.981419445219235,26.78260964475871,25.981419445219235,26.72265625,4074886,0.0,0.0
2007-08-09,26.433796445944676,26.679059082720485,25.89966955735075,25.9160213470459,4412828,0.0,0.0
2007-08-10,25.752504607340867,26.65179828370534,25.616248420274943,26.390186309814453,3609947,0.0,0.0
2007-08-13,26.53733421909733,26.70629155163508,26.01411044241595,26.48828125,2987597,0.0,0.0
2007-08-14,26.488283520412853,26.510084315634288,26.014112672185792,26.035913467407227,2582113,0.0,0.0
2007-08-15,25.997777990537184,26.29209128770458,25.616259087021408,25.725265502929688,2523682,0.0,0.0
2007-08-16,25.616243846842224,25.888756172320694,24.989462656512874,25.409133911132812,5020256,0.0,0.0
2007-08-17,25.97050812166064,25.97050812166064,25.294676380879448,25.638042449951172,4355422,0.0,0.0
2007-08-20,25.616254231756134,25.730709644306284,25.283788396819585,25.52359962463379,2053503,0.0,0.0
2007-08-21,25.42550123884615,25.64351170615114,25.321946207673555,25.441850662231445,1624784,0.0,0.0
2007-08-22,25.572637760097543,25.638040138374247,25.332826671642657,25.594438552856445,2312398,0.0,0.0
2007-08-23,25.75795981382734,25.839714011820245,25.354640208846163,25.512697219848633,2059084,0.0,0.0
2007-08-24,25.458181076336054,25.479981867949412,25.191117826912144,25.425479888916016,2791917,0.0,0.0
2007-08-27,25.34918414743657,25.70345069464516,25.34918414743657,25.38733673095703,1784130,0.0,0.0
2007-08-28,25.261983064119143,25.398239257678235,25.07122249865008,25.0930233001709,2705011,0.0,0.0
2007-08-29,25.26198186691863,25.28923168347429,25.071221310489975,25.251081466674805,2612752,0.0,0.0
2007-08-30,25.07667491351643,25.376439498907306,24.651554530175847,24.967668533325195,3347749,0.0,0.0
2007-08-31,25.152960294591214,25.23471443106378,24.89134847874283,24.92949867248535,3893330,0.0,0.0
2007-09-04,24.940417593395225,25.256531582336624,24.93496620898207,25.082122802734375,3218472,0.0,0.0
2007-09-05,24.973123065879278,25.20203388821657,24.853216269365305,25.136629104614258,3121999,0.0,0.0
2007-09-06,25.011265436629454,25.28922916735305,24.962214824466376,25.158424377441406,2738270,0.0,0.0
2007-09-07,24.907713194581362,25.043971751190565,24.313635454920885,24.379037857055664,5018776,0.0,0.0
2007-09-10,24.362700871652557,24.444452731981027,24.215541839599613,24.21554183959961,4598143,0.0,0.0
2007-09-11,24.329982167816382,24.417187729080172,24.17192519616695,24.26457977294922,3968504,0.0,0.0
2007-09-12,24.28102104304912,24.538511905611635,24.215276618636715,24.45633316040039,3412786,0.201932,0.0
2007-09-13,24.533036699487965,24.582342046525405,24.237192715233913,24.308414459228516,3278384,0.0,0.0
2007-09-14,24.182407409236124,24.417986655193353,24.05640062524217,24.36319923400879,2278114,0.0,0.0
2007-09-17,24.248156629241663,24.33033540491594,24.155020842171258,24.29746437072754,2311487,0.0,0.0
2007-09-18,24.352232313189912,24.724775199651926,24.24266227623337,24.697383880615234,3496958,0.0,0.0
2007-09-19,25.02609997276118,25.49725834068142,24.9877516445111,25.327421188354492,3969415,0.0,0.0
2007-09-20,25.261678214394145,25.420555975117086,25.20141349744247,25.283592224121094,2810710,0.0,0.0
2007-09-21,25.464391138213692,25.464391138213692,25.256203246054856,25.393169403076172,5402277,0.0,0.0
2007-09-24,25.25073164968297,25.431523494882942,25.124724851451756,25.146638870239258,2598856,0.0,0.0
2007-09-25,25.058980119983325,25.590403400752077,25.031588787024138,25.447959899902344,3166990,0.0,0.0
2007-09-26,25.584915414923493,25.76022988675588,25.43699464757925,25.53013038635254,2797840,0.0,0.0
2007-09-27,25.48630822453998,25.62874933158141,25.03706374573015,25.22333526611328,3123821,0.0,0.0
2007-09-28,25.168550373063102,25.35482189454246,25.048020901374382,25.163070678710938,2396912,0.0,0.0
2007-10-01,25.152118696622484,25.650671005249023,25.146641381581663,25.650671005249023,2317296,0.0,0.0
2007-10-02,25.683535292707905,25.79310536881696,25.486306775305874,25.782148361206055,2007032,0.0,0.0
2007-10-03,25.650658187891533,26.02867843144464,25.612307480143766,25.962936401367188,1812035,0.0,0.0
2007-10-04,25.968413713671055,26.083463456509183,25.891714678580694,25.962936401367188,1492773,0.0,0.0
2007-10-05,26.067032148923776,26.39026740473348,26.067032148923776,26.28069496154785,2363083,0.0,0.0
2007-10-08,26.225912660988104,26.330005421670887,26.039641154460426,26.297134399414062,1330352,0.0,0.0
2007-10-09,26.297129356236386,26.488878139497732,26.2259076314691,26.46148681640625,1461451,0.0,0.0
2007-10-10,26.401222821670792,26.505315565248353,26.236865356989313,26.406700134277344,1414866,0.0,0.0
2007-10-11,26.46150754181975,26.565600364068455,26.0780072945234,26.24236488342285,1413499,0.0,0.0
2007-10-12,26.330000733194392,26.55462291589365,26.1820799691755,26.434093475341797,1012343,0.0,0.0
2007-10-15,26.302616509400146,26.48341073539039,26.077996626147904,26.253311157226562,2568331,0.0,0.0
2007-10-16,26.258783865844894,26.368356321201944,26.127297395497575,26.149213790893555,2812191,0.0,0.0
2007-10-17,26.28069512892539,26.28069512892539,26.023201909143864,26.132774353027344,4364762,0.0,0.0
2007-10-18,26.105378909163072,26.450530537156297,26.072507892307836,26.406700134277344,2291440,0.0,0.0
2007-10-19,26.297129691098927,26.379308422230306,26.02319979385924,26.034156799316406,3532609,0.0,0.0
2007-10-22,25.782146281360607,26.01224580303323,25.721881554159314,25.93006706237793,1861354,0.0,0.0
2007-10-23,26.023202215395223,26.023202215395223,25.57396018903758,25.924589157104492,2032318,0.0,0.0
2007-10-24,25.84788517589524,25.941020911942424,25.316464463298473,25.67257308959961,2861965,0.0,0.0
2007-10-25,25.809542443973484,25.875284490590392,25.338386349074117,25.48630714416504,2230959,0.0,0.0
2007-10-26,25.56300248117883,25.639701524411645,25.404124701422436,25.513694763183594,1659751,0.0,0.0
2007-10-29,25.628736970401203,26.023193837382053,25.601345653230553,25.84787940979004,2762758,0.0,0.0
2007-10-30,26.63680731518379,27.201101598702753,26.253309627526736,26.653244018554688,4809541,0.0,0.0
2007-10-31,26.77924384184911,27.28875056849726,26.729936124972095,27.15178680419922,3802096,0.0,0.0
2007-11-01,26.9710024785861,26.998393810781177,26.242353051375705,26.291658401489258,3043750,0.0,0.0
2007-11-02,26.34644043915762,26.80663948215242,26.28617571200222,26.664196014404297,3020628,0.0,0.0
2007-11-05,26.669677488549116,27.09152584599025,26.40122723541074,26.970998764038086,2939303,0.0,0.0
2007-11-06,26.949081004335408,27.15178680419922,26.735415818138595,27.15178680419922,2779843,0.0,0.0
2007-11-07,26.981946373992642,27.10795310598609,26.571052786705422,26.603923797607422,3202299,0.0,0.0
2007-11-08,26.62584186458304,26.68062927151149,25.891715367956284,26.06155014038086,4513857,0.0,0.0
2007-11-09,25.836941059423612,25.984864276635868,25.601364135742188,25.601364135742188,2861738,0.0,0.0
2007-11-12,25.491772772290847,25.94101464571653,25.491772772290847,25.541080474853516,2786336,0.0,0.0
2007-11-13,25.70545284127955,25.836936950683594,25.458916565537862,25.836936950683594,2649884,0.0,0.0
2007-11-14,25.995801088862756,26.26425121694431,25.623258248292814,25.9793643951416,3174393,0.0,0.0
2007-11-15,25.93006137358557,26.0998985112019,25.590391859162956,25.68900489807129,2453406,0.0,0.0
2007-11-16,25.92459540402569,25.935552413142695,25.48083058377187,25.836936950683594,2621522,0.0,0.0
2007-11-19,25.623268985552556,25.743796061863573,25.163067552966446,25.239768981933594,2692254,0.0,0.0
2007-11-20,25.332907728858718,25.530136257475803,24.965844382412374,25.22333526611328,3518143,0.0,0.0
2007-11-21,25.064454553902895,25.14663329634371,24.680954549314293,24.75217628479004,3566779,0.0,0.0
2007-11-23,24.867212565196734,25.119225969157988,24.850775873458257,25.053483963012695,1154035,0.0,0.0
2007-11-26,25.102810062948766,25.17403181202738,24.60426019980452,24.615217208862305,2599654,0.0,0.0
2007-11-27,24.828865288288224,24.828865288288224,24.412494431259653,24.686424255371094,3652090,0.0,0.0
2007-11-28,24.686435334955483,25.020627632780815,24.675478327505754,24.982276916503906,3161864,0.0,0.0
2007-11-29,24.878193396208083,25.075421983966912,24.81245132709067,24.856279373168945,2327091,0.0,0.0
2007-11-30,24.861738676289118,24.938437694013725,24.57137215817723,24.686424255371094,3741843,0.0,0.0
2007-12-03,24.653564755066913,25.031585089475545,24.53303529055102,24.779571533203125,2399873,0.0,0.0
2007-12-04,24.582343801282907,24.894624510444842,24.527558755993994,24.615217208862305,3128947,0.0,0.0
2007-12-05,24.795999141357793,25.20689276786856,24.795999141357793,24.97679328918457,2630862,0.0,0.0
2007-12-06,24.965831639253242,25.1137523651123,24.861738923959138,25.113752365112305,2199751,0.0,0.0
2007-12-07,25.108285981475383,25.217858446368,24.911057448993407,24.954885482788086,1963408,0.0,0.0
2007-12-10,25.064452749151982,25.584916493531065,25.03705904350898,25.513694763183594,1841535,0.0,0.0
2007-12-11,25.502741716309018,25.595877473468047,24.911056149723265,24.93844985961914,2048378,0.0,0.0
2007-12-12,25.440195107031464,25.578037052923154,24.905364619729617,25.164508819580078,2707631,0.254609,0.0
2007-12-13,24.993581555624594,25.351971043336686,24.966012212082255,25.30234718322754,1657017,0.0,0.0
2007-12-14,24.982562858033013,25.181055970818903,24.662767466895772,24.778554916381836,2191094,0.0,0.0
2007-12-17,24.71790480953376,24.784068378256908,24.398109436035156,24.398109436035156,1954638,0.0,0.0
2007-12-18,24.524920273940964,24.71790091246031,24.40913284909655,24.63519287109375,2019105,0.0,0.0
2007-12-19,24.69033940847392,24.883317712626795,24.44222239256131,24.629688262939453,2199865,0.0,0.0
2007-12-20,24.762005133034883,24.861250451160853,24.45323712975239,24.530427932739258,2457393,0.0,0.0
2007-12-21,24.79507827758789,24.8447021172166,24.651721583401255,24.79507827758789,3551630,0.0,0.0
2007-12-24,24.899848201582866,25.362997832250027,24.877793685424205,25.236183166503906,840696,0.0,0.0
2007-12-26,25.02666282653809,25.136937802819286,24.861251559950098,25.026662826538086,987627,0.0,0.0
2007-12-27,24.960507324785528,25.004616371250563,24.5414665920309,24.558006286621094,1700755,0.0,0.0
2007-12-28,24.54145511181328,24.811626488531076,24.502858516377234,24.6517276763916,1185130,0.0,0.0
2007-12-31,24.541468693860217,24.657256148581634,24.425678843470205,24.5524959564209,1199025,0.0,0.0
2008-01-02,24.53594871159879,24.62416679355627,23.78057299999957,23.8301944732666,3027576,0.0,0.0
2008-01-03,23.951487776901764,23.951487776901764,23.477310972324258,23.653749465942383,3036005,0.0,0.0
2008-01-04,23.41114514183886,23.438714480097303,22.479331214976774,22.60614585876465,4917519,0.0,0.0
2008-01-07,22.705399138645777,23.262281701220857,22.584096895305475,23.09687042236328,3653001,0.0,0.0
2008-01-08,23.2567653673417,23.311901652486927,22.8156678991777,22.887346267700195,3741615,0.0,0.0
2008-01-09,22.854261201747793,23.085835961639347,22.688849974491813,22.925939559936523,2966184,0.0,0.0
2008-01-10,22.71090289032558,23.229191046571348,22.677821126331214,23.063779830932617,3519396,0.0,0.0
2008-01-11,22.89838121161707,22.92043573307877,22.49588260143878,22.650266647338867,3340915,0.0,0.0
2008-01-14,22.788106700053863,22.788106700053863,22.082352489582036,22.165058135986328,3879890,0.0,0.0
2008-01-15,22.005156545389823,22.363545999218957,22.005156545389823,22.10991668701172,2909120,0.0,0.0
2008-01-16,22.054780134809675,22.25327315841863,21.872826799028807,21.972074508666992,4017253,0.0,0.0
2008-01-17,21.977590954630514,22.126460150618353,21.646768389619446,21.690879821777344,3682615,0.0,0.0
2008-01-18,21.795647694250587,22.115440717638645,21.57510003808578,21.80667495727539,4256671,0.0,0.0
2008-01-22,20.957558131489602,21.740503090422894,20.957558131489602,21.536495208740234,6510410,0.0,0.0
2008-01-23,20.952043478755485,21.773585048237386,20.814201544516084,21.768070220947266,6180100,0.0,0.0
2008-01-24,21.773589041241326,21.773589041241326,21.167082502828,21.3710880279541,3936156,0.0,0.0
2008-01-25,21.547521024548015,21.630226657997657,21.27183717682762,21.365570068359375,3458118,0.0,0.0
2008-01-28,21.43724612823629,21.795638006414368,21.304919030756047,21.784610748291016,3505386,0.0,0.0
2008-01-29,21.878347275851787,21.911429055719278,21.67433937316687,21.79012680053711,2370715,0.0,0.0
2008-01-30,21.828733901842362,22.054796433112934,21.652295262062513,21.751543045043945,2542476,0.0,0.0
2008-01-31,21.60818290215416,22.545512284237688,21.393147668969533,22.37458610534668,5395329,0.0,0.0
2008-02-01,22.435238173095065,22.435238173095065,21.536505374488176,22.038251876831055,5503192,0.0,0.0
2008-02-04,21.972075752200393,22.05478138302389,21.83423383271708,21.91142463684082,2350554,0.0,0.0
2008-02-05,21.56958328722434,21.668831041274856,21.25530272551185,21.29941177368164,4470006,0.0,0.0
2008-02-06,21.44827188465417,21.44827188465417,20.869332553540655,20.902414321899414,3683640,0.0,0.0
2008-02-07,20.819721152784307,21.183623176127995,20.808691495671244,21.056808471679688,4377633,0.0,0.0
2008-02-08,20.98513162652469,21.00167371774939,20.819722692620367,20.896913528442383,2693621,0.0,0.0
2008-02-11,20.847282018395457,21.304919223831035,20.847282018395457,21.200159072875977,2638152,0.0,0.0
2008-02-12,21.288380406045473,21.812181241214777,21.288380406045473,21.674339294433594,3714393,0.0,0.0
2008-02-13,21.795636867347362,22.02169684489575,21.723958495457744,21.961048126220703,3457207,0.0,0.0
2008-02-14,21.9389990576573,21.950026317941962,21.746018409173587,21.850778579711914,3598329,0.0,0.0
2008-02-15,21.845261090449043,21.994130267664318,21.729473686429657,21.91142463684082,3754714,0.0,0.0
2008-02-19,22.0382449811084,22.06581433038078,21.74601898236018,21.795642852783203,2923585,0.0,0.0
2008-02-20,21.65227931903928,22.291867420005993,21.569573692675682,22.181594848632812,3911212,0.0,0.0
2008-02-21,22.214686949462234,22.429722157128452,22.054790448788502,22.08235740661621,2203509,0.0,0.0
2008-02-22,22.18711809704123,22.47383171373801,22.032734026179007,22.44626235961914,3722138,0.0,0.0
2008-02-25,22.495882831556283,22.60615543999279,22.319444262389652,22.578588485717773,3653343,0.0,0.0
2008-02-26,22.065817490016546,22.738487668436132,22.065817490016546,22.47934341430664,4676734,0.0,0.0
2008-02-27,22.33598486414952,22.65026780014494,22.33598486414952,22.50139617919922,3251617,0.0,0.0
2008-02-28,22.435223434618447,22.435223434618447,22.148512362631074,22.214675903320312,3506184,0.0,0.0
2008-02-29,22.054785304707544,22.115434035183853,21.894886445660255,22.0272159576416,7307482,0.0,0.0
2008-03-03,21.99964975714175,22.220197378209836,21.99964975714175,22.176088333129883,3526002,0.0,0.0
2008-03-04,22.02720514294451,22.275321957716134,21.922445029463177,22.209156036376953,3959620,0.0,0.0
2008-03-05,22.10440700920078,22.40766024746052,21.91694119677345,22.165058135986328,3100928,0.0,0.0
2008-03-06,22.115434993209078,22.352524680376398,22.03824417201576,22.131977081298828,3076781,0.0,0.0
2008-03-07,21.988618438030123,22.05478438910792,21.514441499589935,21.61920166015625,4701678,0.0,0.0
2008-03-10,21.50341424035495,21.790125376132483,21.50341424035495,21.61920166015625,4546660,0.0,0.0
2008-03-11,21.85629340658774,22.104407960814157,21.663312758113744,22.060298919677734,3555389,0.0,0.0
2008-03-12,22.054742553021455,22.415751126912905,22.004758792386337,22.24913215637207,2775743,0.254609,0.0
2008-03-13,22.02697212258399,22.36576270832879,21.80481190872121,22.154712677001953,3992423,0.0,0.0
2008-03-14,22.27134537530687,22.360207529978968,21.738165207798275,21.86590576171875,4607938,0.0,0.0
2008-03-17,21.393820368553172,21.86035147251552,21.393820368553172,21.53822135925293,4422054,0.0,0.0
2008-03-18,21.821479338408754,22.40464338571672,21.7381698440563,22.393535614013672,4793823,0.0,0.0
2008-03-19,22.46018148401803,22.7712014609189,22.360209139656394,22.37131690979004,4533562,0.0,0.0
2008-03-20,22.399091058824443,22.782312808347164,22.34355219943547,22.743436813354492,5116388,0.0,0.0
2008-03-24,22.82674243919932,23.27105806530468,22.4935045130409,23.198856353759766,3032018,0.0,0.0
2008-03-25,23.187752980359022,23.620960918609573,23.187752980359022,23.56542205810547,4761703,0.0,0.0
2008-03-26,23.39879992279405,23.78202162857439,23.32659820725016,23.543203353881836,3661429,0.0,0.0
2008-03-27,23.5543143646274,23.687607630282177,23.2155236946826,23.321048736572266,3737173,0.0,0.0
2008-03-28,23.426573742994517,23.459897059357758,23.182197930012194,23.20996856689453,2504205,0.0,0.0
2008-03-31,23.15442655621707,23.665388830590857,23.15442655621707,23.543203353881836,3056165,0.0,0.0
2008-04-01,23.659838884755846,24.104154586791992,23.60430002529113,24.104154586791992,3067897,0.0,0.0
2008-04-02,24.08192174408247,24.587331035055467,24.08192174408247,24.331850051879883,3839341,0.0,0.0
2008-04-03,24.215233458855565,24.29298785806026,24.00973606979023,24.081937789916992,3024273,0.0,0.0
2008-04-04,24.020843493812652,24.4651591663052,24.00418063050158,24.376296997070312,2584961,0.0,0.0
2008-04-07,24.548465785645337,24.548465785645337,23.97640960519901,24.05971908569336,2771757,0.0,0.0
2008-04-08,23.93753370485364,24.059721599185856,23.826455994696193,23.92642593383789,2183463,0.0,0.0
2008-04-09,23.893104247844065,23.987521514486957,23.648730855697515,23.798686981201172,1634237,0.0,0.0
2008-04-10,23.754247649618353,23.931974349447575,23.570965859251487,23.78757095336914,2125488,0.0,0.0
2008-04-11,23.532093946876817,23.65983450658733,23.28216550579515,23.315488815307617,1851786,0.0,0.0
2008-04-14,23.271060240792814,23.49321807461385,23.254397377663647,23.359922409057617,1445619,0.0,0.0
2008-04-15,23.515424481583945,23.54874778173806,23.315482267501164,23.498764038085938,1339122,0.0,0.0
2008-04-16,23.74314678851602,24.070829657124992,23.632066663875477,24.054166793823242,2230959,0.0,0.0
2008-04-17,24.070836715091165,24.204132421112504,23.97086433228522,24.12082290649414,1429787,0.0,0.0
2008-04-18,24.36517868825085,24.409609753652358,23.732028766805314,24.3374080657959,1828323,0.0,0.0
2008-04-21,24.21523243757188,24.30409460434375,24.087491866257828,24.254108428955078,1799392,0.0,0.0
2008-04-22,24.109707293918575,24.17635633851219,23.881996763271456,24.070831298828125,1957713,0.0,0.0
2008-04-23,24.215233380805145,24.392957721271607,23.96530490728555,24.181907653808594,2646239,0.0,0.0
2008-04-24,24.237445200954127,24.54846516216279,24.120812413856036,24.437387466430664,2324813,0.0,0.0
2008-04-25,24.504030874371438,24.509585965009805,24.209671399497964,24.481815338134766,2962995,0.0,0.0
2008-04-28,24.431828482769088,24.5762318773743,24.309643036929423,24.326303482055664,1641527,0.0,0.0
2008-04-29,24.34296190871437,24.415163592872688,24.204113629867393,24.248544692993164,2278570,0.0,0.0
2008-04-30,24.248549762109565,24.948346392105346,23.765355816711264,24.5484619140625,3183391,0.0,0.0
2008-05-01,24.442939251642624,25.12052282348869,24.331861559968598,25.10941505432129,2842716,0.0,0.0
2008-05-02,24.670649425440963,24.78728219544793,23.726477084281388,23.931974411010742,4362826,0.0,0.0
2008-05-05,23.820908171236066,24.176361778519794,23.820908171236066,24.12082290649414,2161708,0.0,0.0
2008-05-06,23.898653742823708,24.259662310214807,23.782020948177006,24.165245056152344,1943704,0.0,0.0
2008-05-07,24.093050012341738,24.32631566620996,23.859784358473515,23.948646545410156,3005593,0.0,0.0
2008-05-08,24.08193878112985,24.093046552902003,23.682054171013974,23.798686981201172,3572360,0.0,0.0
2008-05-09,23.676494313726486,24.037502856567567,23.548753757474532,23.937530517578125,1870580,0.0,0.0
2008-05-12,23.82646343869925,24.38185698932383,23.81535566421315,24.315210342407227,1619886,0.0,0.0
2008-05-13,24.315198655149118,24.431831437772757,24.14857970478431,24.298538208007812,1650297,0.0,0.0
2008-05-14,24.32630163578522,24.709523215662124,24.298533424962873,24.5040283203125,1522274,0.0,0.0
2008-05-15,24.437386477472224,24.653989181963514,24.270767527458236,24.60955810546875,2013183,0.0,0.0
2008-05-16,24.55401350589984,24.581781715622597,24.248546306843124,24.36517906188965,1990630,0.0,0.0
2008-05-19,24.32630351303444,24.44849137218804,24.19301029922142,24.25965690612793,2280050,0.0,0.0
2008-05-20,24.126359295292797,24.33740927963418,24.03194207002649,24.148574829101562,2630407,0.0,0.0
2008-05-21,24.220782219270056,24.309646788571467,23.754251073203445,23.793127059936523,3520877,0.0,0.0
2008-05-22,23.78201389546372,23.85977067760815,23.493209540356553,23.60984230041504,3328044,0.0,0.0
2008-05-23,23.54319752281046,23.54319752281046,23.14886573092756,23.221067428588867,2897160,0.0,0.0
2008-05-27,23.187752980359022,23.632068690710394,23.187752980359022,23.56542205810547,3583977,0.0,0.0
2008-05-28,23.582093022114638,23.793143199271558,23.443244602378822,23.604310989379883,3147627,0.0,0.0
2008-05-29,23.615397167899552,24.02638936926938,23.598734310980475,23.870878219604492,1684467,0.0,0.0
2008-05-30,23.89310428661404,24.093046591996416,23.770916383762902,23.909767150878906,2160911,0.0,0.0
2008-06-02,23.82645638693136,24.09859798787665,23.565420144025598,23.743146896362305,2770618,0.0,0.0
2008-06-03,23.787574422252675,24.154135643282775,23.754251113642432,23.937530517578125,2751482,0.0,0.0
2008-06-04,23.90977277963688,24.215240195517637,23.88200213704417,24.12082290649414,2485754,0.0,0.0
2008-06-05,24.220785066736784,24.531807476118374,24.143030670970884,24.49848175048828,3197515,0.0,0.0
2008-06-06,24.34297249043119,24.34297249043119,23.532095583271925,23.543203353881836,3743551,0.0,0.0
2008-06-09,24.015293745411306,24.015293745411306,23.576530698373972,23.88199806213379,2772782,0.0,0.0
2008-06-10,23.737599332518876,24.12637627408798,23.62096649136413,23.954204559326172,2380054,0.0,0.0
2008-06-11,24.066039086983466,24.066039086983466,23.579573847817024,23.624305725097656,3158561,0.254609,0.0
2008-06-12,23.629886879768186,24.11075918458922,23.629886879768186,23.81999969482422,2470719,0.0,0.0
2008-06-13,23.892679207473854,24.367961026951114,23.892679207473854,24.121931076049805,2823809,0.0,0.0
2008-06-16,23.98214941217756,24.250545353661064,23.84795144143581,24.17226219177246,2423564,0.0,0.0
2008-06-17,24.21140120416716,24.345596731178123,23.98773956298828,23.98773956298828,2299299,0.0,0.0
2008-06-18,23.85354444620815,23.959783799153083,23.680207321769856,23.736122131347656,2695899,0.0,0.0
2008-06-19,23.680211857534164,24.138718242883986,23.59633841235503,23.998929977416992,2132322,0.0,0.0
2008-06-20,23.808816730967667,23.954195261102843,23.652252807481293,23.81999969482422,3828976,0.0,0.0
2008-06-23,23.741716570932553,23.926239119216437,23.652252859881933,23.713760375976562,2437346,0.0,0.0
2008-06-24,23.518052704826403,23.764082746619064,23.389447417249926,23.523645401000977,3255832,0.0,0.0
2008-06-25,23.428592851362527,23.976565409760212,23.428592851362527,23.741718292236328,3158561,0.0,0.0
2008-06-26,23.43976471980962,23.69138495050873,23.37266696342066,23.411806106567383,3018806,0.0,0.0
2008-06-27,23.389448212525227,23.417406835359873,23.06513984921701,23.2832088470459,3212891,0.0,0.0
2008-06-30,23.277608179480776,23.6969727576566,23.098678418174792,23.428579330444336,3526800,0.0,0.0
2008-07-01,23.121050393375718,23.909457658998914,23.121050393375718,23.836767196655273,4614203,0.0,0.0
2008-07-02,23.87591570890367,24.116353088093458,23.484507095348214,23.540424346923828,5088938,0.0,0.0
2008-07-03,23.691388605678263,23.853542756715985,23.46213425840551,23.529232025146484,2049175,0.0,0.0
2008-07-07,23.579554128927963,23.831174372452637,23.294385005498764,23.546005249023438,3978413,0.0,0.0
2008-07-08,23.562794566493245,23.853554123755135,23.378271975783115,23.84796142578125,3888090,0.0,0.0
2008-07-09,23.84795361041128,24.043659103438042,23.445362091064453,23.445362091064453,2564003,0.0,0.0
2008-07-10,23.501285723654842,23.56838351862266,23.19375051914306,23.50687599182129,2597717,0.0,0.0
2008-07-11,23.27761653339125,23.534827094673393,22.908573920098355,23.18815040588379,3377591,0.0,0.0
2008-07-14,23.417406121253258,23.523645483492853,22.802335873603557,22.89739227294922,2836110,0.0,0.0
2008-07-15,22.774370346222966,23.19373740132565,22.511567153658195,22.958892822265625,2741231,0.0,0.0
2008-07-16,22.9980394193484,23.417406610366243,22.78556069043123,23.400630950927734,2057717,0.0,0.0
2008-07-17,23.445360958035124,23.836769495678876,23.210516321347736,23.70816421508789,3142273,0.0,0.0
2008-07-18,23.775267839398012,23.87591451410698,23.52923777556457,23.81999969482422,3391031,0.0,0.0
2008-07-21,23.730533554477155,23.82558996200517,23.4062251731425,23.81999969482422,3422126,0.0,0.0
2008-07-22,23.79204090814342,24.15549087524414,23.67461857370327,24.15549087524414,2465593,0.0,0.0
2008-07-23,24.189047976322495,24.233779842132755,23.713765828350475,23.84796142578125,4126597,0.0,0.0
2008-07-24,23.445366278133413,23.445366278133413,23.031591722103553,23.098691940307617,5313549,0.0,0.0
2008-07-25,23.294391771443728,23.31116743101545,22.897392933022935,22.97567367553711,3075300,0.0,0.0
2008-07-28,22.83029219184382,22.925348591713064,22.57867431059713,22.595447540283203,2815380,0.0,0.0
2008-07-29,22.53394016817228,22.807926406513246,22.517166938382825,22.673730850219727,3565640,0.0,0.0
2008-07-30,22.863844951795922,23.372675872091104,22.735239654951375,23.244068145751953,2746243,0.0,0.0
2008-07-31,23.573966519635718,24.127531660705305,23.48450282059096,23.88150405883789,5206369,0.0,0.0
2008-08-01,23.99892425191068,24.14430274997566,23.55719120328565,24.015697479248047,3167787,0.0,0.0
2008-08-04,24.038069506815084,24.412704882246068,23.926239864518315,24.284099578857422,2734511,0.0,0.0
2008-08-05,24.42948112799321,24.764974955266748,24.24496098068978,24.74260902404785,2741004,0.0,0.0
2008-08-06,24.602811399553236,24.86002194042428,24.356783820046406,24.854429244995117,2564003,0.0,0.0
2008-08-07,24.630770839333387,24.74260289723081,24.239362280934035,24.457433700561523,2107378,0.0,0.0
2008-08-08,24.435066149498077,25.178741632140373,24.4015172632088,25.167558670043945,3255945,0.0,0.0
2008-08-11,24.994228985675978,25.514242951747153,24.955087391935624,25.38004493713379,2505003,0.0,0.0
2008-08-12,25.212288579994468,25.42476727298451,25.139598117209335,25.27379608154297,1555646,0.0,0.0
2008-08-13,25.156373628519486,25.324120475594178,24.915936319079485,25.16196632385254,1621594,0.0,0.0
2008-08-14,25.022180239696894,25.441547434055373,24.938306800825195,25.352081298828125,1741987,0.0,0.0
2008-08-15,25.407998281074097,25.626067276284807,25.1843365895658,25.558969497680664,2102252,0.0,0.0
2008-08-18,25.553378996241133,25.642845138225663,25.223477912192816,25.335309982299805,1572845,0.0,0.0
2008-08-19,24.328829681781038,24.955082921977173,24.32323698532204,24.703462600708008,3098877,0.0,0.0
2008-08-20,24.826469784746898,25.010989837687795,24.552483623187854,24.714637756347656,1949399,0.0,0.0
2008-08-21,24.535711840668856,25.050135365298228,24.41828952854042,25.005403518676758,1940400,0.0,0.0
2008-08-22,25.14518978665745,25.340892815060876,24.994218601375493,25.23465347290039,1668179,0.0,0.0
2008-08-25,25.111645623681426,25.111645623681426,24.60840500550625,24.658729553222656,1522843,0.0,0.0
2008-08-26,24.669913005150033,24.832067184901323,24.47980020289218,24.731420516967773,1528082,0.0,0.0
2008-08-27,24.798522284664266,25.117240428631018,24.681099938439402,25.0445499420166,1846661,0.0,0.0
2008-08-28,25.044546264936365,25.16197102341561,24.96067282573377,25.12282943725586,2143940,0.0,0.0
2008-08-29,24.971842315484196,25.09485727447405,24.770546655905562,24.81528091430664,2037671,0.0,0.0
2008-09-02,25.117231169959542,25.486273734699637,25.111640904316346,25.23465347290039,2970740,0.0,0.0
2008-09-03,25.284981020212125,25.64843093306761,25.145192779074964,25.58133316040039,4575249,0.0,0.0
2008-09-04,25.51982322951625,25.687570074741664,24.84883827810861,24.882387161254883,3440691,0.0,0.0
2008-09-05,24.720232710656816,24.759371859104448,24.351190141547946,24.69227409362793,3320299,0.0,0.0
2008-09-08,25.05573177701997,25.63166046142578,25.0333634208975,25.63166046142578,4010989,0.0,0.0
2008-09-09,25.620474559831372,25.704347989814405,25.05572890350731,25.089275360107422,3869639,0.0,0.0
2008-09-10,25.455101180002664,25.455101180002664,24.858541070444872,25.094913482666016,2481653,0.254609,0.0
2008-09-11,24.80788051523772,25.43258091202181,24.565879108152213,25.39881134033203,2946137,0.0,0.0
2008-09-12,25.184950591134843,25.528253379619578,25.117416337914445,25.477603912353516,2425273,0.0,0.0
2008-09-15,25.049884514522788,25.601419193251626,24.881046419796093,24.926069259643555,3260501,0.0,0.0
2008-09-16,24.678447528400977,25.184959497268256,24.16630648045882,25.004865646362305,5135751,0.0,0.0
2008-09-17,24.700951889560397,24.796626644075335,23.83987909892598,23.862390518188477,4232866,0.0,0.0
2008-09-18,24.25071028570964,24.959827084854478,23.445916319607992,24.509593963623047,6166888,0.0,0.0
2008-09-19,25.173687770571366,25.74773609666863,24.717825576870858,25.111780166625977,5642264,0.0,0.0
2008-09-22,25.010485532476377,25.055508367329242,24.053738065360726,24.222576141357422,3037371,0.0,0.0
2008-09-23,24.239462904081915,24.543369509424274,23.85113480855723,23.862390518188477,2326749,0.0,0.0
2008-09-24,23.90742167506694,24.11002449820047,23.654164478201167,23.94118881225586,2507167,0.0,0.0
2008-09-25,24.110018632672972,24.49271765164221,23.924298200666673,24.267601013183594,2526758,0.0,0.0
2008-09-26,24.008718092417883,24.667185689176897,23.958066174521328,24.610904693603516,2267749,0.0,0.0
2008-09-29,24.290102846032894,24.453314239607927,23.11386820184879,23.440288543701172,4358497,0.0,0.0
2008-09-30,23.69355579569526,24.093137171101265,23.41215815336687,24.059370040893555,4264644,0.0,0.0
2008-10-01,23.845504902288674,24.16066717398899,23.569736386239455,23.710433959960938,4000738,0.0,0.0
2008-10-02,23.524725481105122,23.631655984783794,23.07448959350586,23.07448959350586,4191634,0.0,0.0
2008-10-03,23.344622834343898,24.03122845332807,23.192667087351833,23.23206329345703,4337426,0.0,0.0
2008-10-06,22.81559856776063,23.07448234900852,21.30731627600916,21.66750144958496,7898737,0.0,0.0
2008-10-07,21.903874038804602,22.106479248254285,21.09907983291637,21.17786979675293,6519408,0.0,0.0
2008-10-08,20.738892515950038,21.554942441403107,20.570056876996336,21.115964889526367,7093009,0.0,0.0
2008-10-09,21.386117569795186,21.667512920533255,19.585182189941406,19.585182189941406,7629592,0.0,0.0
2008-10-10,19.433221504703994,19.89471061605177,18.11628722421821,18.859172821044922,13436783,0.0,0.0
2008-10-13,19.337552765205864,19.872205398788232,18.86480657081985,19.585182189941406,6099687,0.0,0.0
2008-10-14,20.412477114295026,20.423732824999057,19.466986411311584,19.950986862182617,6358354,0.0,0.0
2008-10-15,19.720247170294407,19.737130740479547,18.41456851486354,18.560894012451172,6134882,0.0,0.0
2008-10-16,18.572143315619318,18.949214476871347,17.35088415528895,18.774749755859375,6349697,0.0,0.0
2008-10-17,18.560886548073118,19.41070357614691,18.138793795242638,19.0054931640625,7344158,0.0,0.0
2008-10-20,19.20810132395488,19.939731075474125,18.94921631080068,19.911590576171875,5631899,0.0,0.0
2008-10-21,19.88907729516338,19.88907729516338,19.078656471962844,19.18558692932129,3306175,0.0,0.0
2008-10-22,19.03364009088382,19.095547737545743,18.35828872493,18.560894012451172,5033697,0.0,0.0
2008-10-23,18.296371197168256,19.196838731078685,18.150044565733975,19.14618682861328,4828677,0.0,0.0
2008-10-24,18.043118075470677,18.92107438810443,18.00935094820951,18.363910675048828,3311529,0.0,0.0
2008-10-27,18.06000172884209,18.341396883665034,17.440929209343732,17.463441848754883,4827765,0.0,0.0
2008-10-28,17.818001991340868,19.697727473840736,17.474699185777517,19.52889060974121,4743821,0.0,0.0
2008-10-29,19.804657328093334,19.838425677996025,18.6059108614547,18.729724884033203,3841391,0.0,0.0
2008-10-30,19.286894280146978,19.585175549375908,18.45959086011519,18.532752990722656,3599923,0.0,0.0
2008-10-31,18.65093235627239,19.905959723360592,18.290746023528754,19.669586181640625,3987411,0.0,0.0
2008-11-03,19.838422882341696,19.838422882341696,18.679071560875904,18.72409439086914,3795148,0.0,0.0
2008-11-04,18.971728350734587,20.508151245818006,18.8591700178037,20.389965057373047,6169507,0.0,0.0
2008-11-05,20.176100185890824,20.28865971962077,19.421959134855282,19.506378173828125,4027390,0.0,0.0
2008-11-06,19.286892457990497,19.759638447423505,19.13493913228137,19.315032958984375,4667964,0.0,0.0
2008-11-07,19.416325638783885,20.142327206762964,19.140557184306942,19.939722061157227,3271322,0.0,0.0
2008-11-10,20.215498872711184,20.626338434046627,19.889080811123048,20.007266998291016,3671453,0.0,0.0
2008-11-11,19.91722101348502,19.967871714916956,19.24749762489393,19.69210433959961,4216122,0.0,0.0
2008-11-12,19.05614831918136,19.686475502856613,18.971729259775838,19.07866096496582,5037228,0.0,0.0
2008-11-13,19.12367956227959,20.592567935214806,18.589027268367964,20.586938858032227,4355764,0.0,0.0
2008-11-14,20.114198362561915,20.890852230595804,19.64145237036961,19.76526641845703,3818498,0.0,0.0
2008-11-17,19.466982961437445,20.09730876240606,19.29251703114438,19.602052688598633,2939190,0.0,0.0
2008-11-18,19.675210392049294,20.114189046719257,19.134930381665818,19.821537017822266,3810980,0.0,0.0
2008-11-19,19.821555145829755,20.615092939182023,19.151831456456193,19.196855545043945,4241864,0.0,0.0
2008-11-20,19.00549092945453,19.51763173880919,18.009348579762204,18.08251190185547,5345555,0.0,0.0
2008-11-21,17.99809779277906,19.85531206334056,17.823631831877094,19.838428497314453,7372975,0.0,0.0
2008-11-24,20.2042415362298,21.21726766280646,19.680846130589448,21.087825775146484,6577042,0.0,0.0
2008-11-25,21.121589169805638,21.481776716733602,20.570054586701623,21.12721824645996,4940640,0.0,0.0
2008-11-26,21.45927492477763,22.646766101577313,20.513782801381588,22.612998962402344,6987082,0.0,0.0
2008-11-28,22.455406898516266,23.226433916005597,22.370987864153943,23.108247756958008,2558422,0.0,0.0
2008-12-01,23.05197229366862,23.0576013717807,21.194757983313806,21.222898483276367,5530073,0.0,0.0
2008-12-02,21.206009011696803,22.072710788056657,21.183497594817116,21.61121940612793,5620509,0.0,0.0
2008-12-03,21.59433489301603,21.796940069842837,20.862704136858827,21.701265335083008,8010587,0.0,0.0
2008-12-04,21.526796973396642,21.864473063905702,20.322421688585393,20.55316734313965,5209672,0.0,0.0
2008-12-05,20.344935950393538,21.50991635497906,19.821539435456934,21.15535545349121,6204930,0.0,0.0
2008-12-08,21.29605229025527,21.7856816094873,21.155352298748912,21.729400634765625,6720442,0.0,0.0
2008-12-09,21.684384711265817,22.235921811013828,21.38610474245907,22.01643180847168,6022918,0.0,0.0
2008-12-10,21.454529569463656,22.056162196548367,21.227495318437168,21.85183334350586,6774658,0.289728,0.0
2008-12-11,21.743990607335583,22.15264826499438,21.142355585443386,21.182086944580078,4507365,0.0,0.0
2008-12-12,21.057216259139782,21.755339811474567,20.89261635910663,21.721282958984375,4013722,0.0,0.0
2008-12-15,21.959675978990465,21.959675978990465,21.108306073003465,21.267229080200195,4552355,0.0,0.0
2008-12-16,21.125335825872938,21.562373506425462,20.70532658026616,21.522642135620117,8422222,0.0,0.0
2008-12-17,21.244520609678208,21.53398664753651,20.994785929791032,21.14235496520996,6776139,0.0,0.0
2008-12-18,21.131004959404912,21.482905308048423,20.432882460742583,20.796133041381836,6799830,0.0,0.0
2008-12-19,20.745056667368683,21.414800632089435,20.745056667368683,21.341014862060547,14554598,0.0,0.0
2008-12-22,20.94938696834823,21.647510881668357,20.94938696834823,21.44318199157715,5336443,0.0,0.0
2008-12-23,21.743993118748403,22.35130517613331,21.28992955026164,21.4488525390625,4086163,0.0,0.0
2008-12-24,21.88021972000346,22.13563147845781,21.375073170797084,21.664539337158203,1178979,0.0,0.0
2008-12-26,21.636148969255174,22.005077708448596,21.511282867306107,21.647502899169922,1225336,0.0,0.0
2008-12-29,21.749663389688717,21.749663389688717,21.335328846367965,21.61344337463379,2409441,0.0,0.0
2008-12-30,21.971024586437533,22.277516593212948,21.70426147225438,22.209407806396484,3256743,0.0,0.0
2008-12-31,22.05049852990306,22.3910476076508,21.726977892483855,22.32861328125,3238633,0.0,0.0
2009-01-02,22.48752084882911,22.98131321866737,22.112917614726662,22.9359073638916,4021809,0.0,0.0
2009-01-05,22.686178582981285,23.07213338092264,22.476175217102497,22.70320701599121,4875034,0.0,0.0
2009-01-06,22.839416776967727,23.265102795098382,22.487518965820747,23.16293716430664,6802905,0.0,0.0
2009-01-07,22.822396237393225,23.00969665020359,22.612390427601355,22.765636444091797,6223268,0.0,0.0
2009-01-08,22.759960976904114,23.049427032470703,22.44779199142267,23.049427032470703,5588162,0.0,0.0
2009-01-09,23.05509439556122,23.13455709176825,21.851824685918135,21.91425895690918,5674840,0.0,0.0
2009-01-12,22.084539005229438,22.129944862642624,21.704261250242038,21.885887145996094,5384509,0.0,0.0
2009-01-13,21.89156136023395,22.209407290192555,21.84047853825823,22.0902156829834,4954081,0.0,0.0
2009-01-14,21.75535008252239,21.94265052914181,21.431829559933025,21.533992767333984,5236666,0.0,0.0
2009-01-15,21.431831312807063,22.339958650608917,21.420477378287455,22.23779296875,7756021,0.0,0.0
2009-01-16,22.5386056679351,22.5386056679351,21.902916176822774,22.374008178710938,6291722,0.0,0.0
2009-01-20,22.40806135864167,22.6861759582816,21.33533432177382,21.36371421813965,9068832,0.0,0.0
2009-01-21,21.37506471835562,21.687233699878817,20.858566904088125,21.27290153503418,10268313,0.0,0.0
2009-01-22,20.830197311285765,21.267232570167128,20.688300248584248,20.84722328186035,8828047,0.0,0.0
2009-01-23,20.688294259079864,21.20479211811825,20.43288381253544,21.051546096801758,7592802,0.0,0.0
2009-01-26,20.915325172507806,21.613448921413745,20.886947742243503,21.36371421813965,5492144,0.0,0.0
2009-01-27,20.728026912611476,21.34668800233475,20.495318150126494,21.085601806640625,9693346,0.0,0.0
2009-01-28,21.341014989082126,21.851835949558136,21.057225840606783,21.261554718017578,7721281,0.0,0.0
2009-01-29,21.051544947453355,21.52831141711987,20.8074847469805,20.818836212158203,6063125,0.0,0.0
2009-01-30,20.881266241906957,21.255869448519192,20.574773045510717,20.620180130004883,6205158,0.0,0.0
2009-02-02,20.46126235640949,21.02316480841271,20.30233937965744,20.796133041381836,6902568,0.0,0.0
2009-02-03,22.07886874428378,22.686178369015398,21.851834481434544,22.158329010009766,13145199,0.0,0.0
2009-02-04,22.10724522611866,22.181030988453823,21.477232695436765,21.54534149169922,6981728,0.0,0.0
2009-02-05,21.397773523309503,22.027788624800724,21.2274990382523,21.999408721923828,7249507,0.0,0.0
2009-02-06,21.857513233317764,22.521582711061207,21.590750048864226,22.459148406982422,7116928,0.0,0.0
2009-02-09,22.249145604435636,22.49888036114221,22.15265442936717,22.277523040771484,4320341,0.0,0.0
2009-02-10,22.164003753640234,22.27752088631155,21.3183108563411,21.329662322998047,6741285,0.0,0.0
2009-02-11,21.41479839914534,21.641830186121865,21.233172476343785,21.54534149169922,4223184,0.0,0.0
2009-02-12,21.284261327786005,21.68156768391602,20.915332411742323,21.488590240478516,6795616,0.0,0.0
2009-02-13,21.4885841825009,21.562369944908244,21.096952438354492,21.096952438354492,5142585,0.0,0.0
2009-02-17,21.136682889273274,21.136682889273274,20.54639928162259,20.705322265625,7450541,0.0,0.0
2009-02-18,20.620184735850597,21.011813991180325,20.461262987249572,20.909650802612305,5100898,0.0,0.0
2009-02-19,20.97209022266017,21.142362245235464,20.239910661177827,20.245586395263672,6763382,0.0,0.0
2009-02-20,20.421536556954138,20.455590961367353,19.88801138922509,20.359102249145508,6854160,0.0,0.0
2009-02-23,20.217208336731943,20.518025951539443,19.411244207740193,19.43962287902832,6909971,0.0,0.0
2009-02-24,19.343133405109455,20.149097502497526,19.33178193703932,20.035581588745117,6576017,0.0,0.0
2009-02-25,19.853950556552647,20.137740884889546,19.507727169795128,19.814220428466797,5513102,0.0,0.0
2009-02-26,19.592874091185962,19.927746178556784,19.29773215156967,19.3998966217041,5811748,0.0,0.0
2009-02-27,19.422596046322095,19.695034995032355,18.996911036684967,19.38286590576172,8067195,0.0,0.0
2009-03-02,19.042313211693493,19.399888083259423,18.73014297024037,18.74717140197754,7431519,0.0,0.0
2009-03-03,18.99123008154357,19.201234661448037,18.548517990512707,18.764198303222656,6863956,0.0,0.0
2009-03-04,19.21258464423082,19.55313351847941,18.61094961497906,19.29772186279297,7416485,0.0,0.0
2009-03-05,19.269349288305214,19.269349288305214,18.497439578076392,18.61663246154785,6459611,0.0,0.0
2009-03-06,18.179589589423735,19.00258067275541,18.179589589423735,18.88906478881836,8609929,0.0,0.0
2009-03-09,18.75285498660775,19.155835890063564,18.616636107031862,18.84366798400879,6426921,0.0,0.0
2009-03-10,19.013934487053188,19.660976708403684,18.673386793166692,19.643949508666992,6643673,0.0,0.0
2009-03-11,20.05654724814694,20.30295704007335,19.494964428147092,19.632495880126953,5350566,0.289728,0.0
2009-03-12,19.162598874006406,20.199808903962655,19.162598874006406,20.12531280517578,5067639,0.0,0.0
2009-03-13,20.60666246117128,20.60666246117128,19.724174096934743,20.262836456298828,3726466,0.0,0.0
2009-03-16,20.618123203508265,20.618123203508265,19.98777490544829,20.262836456298828,4129900,0.0,0.0
2009-03-17,20.61812151088,21.059365034314254,20.056537712944717,20.9906005859375,5575177,0.0,0.0
2009-03-18,20.732730530819016,21.3802711454229,20.629582611536726,21.265661239624023,5978155,0.0,0.0
2009-03-19,21.374539285285568,21.386000026750228,20.864530065503956,21.04217529296875,4384694,0.0,0.0
2009-03-20,21.328702717919015,21.403198804708566,20.555092477608905,20.801502227783203,6335460,0.0,0.0
2009-03-23,21.082285248986008,21.483416153405397,20.916103263817345,21.36880874633789,7677543,0.0,0.0
2009-03-24,21.196904060190434,21.202633188032397,20.801503359839824,20.875999450683594,5454899,0.0,0.0
2009-03-25,20.514969261059743,20.801491470217925,20.050804352855202,20.411821365356445,9479555,0.0,0.0
2009-03-26,20.870264864576093,21.082291116502613,20.3659859085268,20.916109085083008,7266251,0.0,0.0
2009-03-27,20.411829059187774,20.772846207767223,20.262838151421906,20.343063354492188,3866336,0.0,0.0
2009-03-30,20.16541961983567,20.24564606892613,19.924741517485373,20.194072723388672,4601332,0.0,0.0
2009-03-31,20.280024886229675,20.371712057713925,20.050807579979452,20.148223876953125,5457405,0.0,0.0
2009-04-01,19.718445205219005,20.325872064179556,19.63248963124246,20.113845825195312,4707715,0.0,0.0
2009-04-02,20.451945612606995,21.042182720835985,20.291493930541648,20.755659103393555,5790220,0.0,0.0
2009-04-03,20.910372036342707,21.03071355075776,20.629581393978274,21.013521194458008,3597304,0.0,0.0
2009-04-06,20.85880705790746,20.94476513907723,20.492059466814307,20.755659103393555,3852326,0.0,0.0
2009-04-07,20.3717218051325,20.61813034051441,20.18834737442339,20.19980812072754,3997434,0.0,0.0
2009-04-08,20.451940531065144,20.486324003974307,19.95339324555271,20.20553207397461,3012313,0.0,0.0
2009-04-09,19.91900324087432,20.77283824862858,19.87316028525609,20.744186401367188,4660674,0.0,0.0
2009-04-13,20.549362952580744,20.76711959136457,20.486327611913335,20.658241271972656,3298886,0.0,0.0
2009-04-14,20.595196902520108,20.623848751662162,20.274291212446453,20.417552947998047,3450601,0.0,0.0
2009-04-15,20.34305240036943,20.400357330912282,20.159679361457172,20.360244750976562,4178877,0.0,0.0
2009-04-16,20.486321111081285,21.007789808282066,20.463398384071784,20.92756462097168,3657557,0.0,0.0
2009-04-17,21.093746421667273,21.093746421667273,20.583737225168598,20.692615509033203,4173524,0.0,0.0
2009-04-20,20.709812119640574,20.812960054223424,20.28002926636554,20.343063354492188,3916679,0.0,0.0
2009-04-21,20.42328853312303,20.847340988394226,20.29148874849249,20.65250587463379,4728103,0.0,0.0
2009-04-22,20.726996517470088,20.8014925696712,20.297213803477145,20.365978240966797,4012811,0.0,0.0
2009-04-23,20.314413318660296,20.365986668117838,19.83305707737186,20.045082092285156,3854148,0.0,0.0
2009-04-24,20.646778981519628,20.646778981519628,19.98777870243009,20.257108688354492,6155384,0.0,0.0
2009-04-27,19.77001783707742,20.119574204735276,19.684061026690493,19.747095108032227,4925264,0.0,0.0
2009-04-28,19.770020493639628,20.073733933859913,19.52934114323117,19.86170768737793,3971124,0.0,0.0
2009-04-29,19.970583437189212,20.48059268673017,19.90754811053458,20.297218322753906,3585116,0.0,0.0
2009-04-30,19.93620501422421,20.45194476543034,19.930475886627686,20.171154022216797,6125656,0.0,0.0
2009-05-01,20.119569337751177,20.40036118511184,19.792934533231527,20.354516983032227,4170562,0.0,0.0
2009-05-04,20.526434452091145,20.526434452091145,19.810129396293895,19.9763126373291,7752604,0.0,0.0
2009-05-05,19.827323266660137,21.007793495551333,19.775749922908496,20.446210861206055,7984732,0.0,0.0
2009-05-06,20.64677601477699,21.23128137053691,20.50351548401435,21.0994815826416,5828946,0.0,0.0
2009-05-07,21.0421848974076,21.32870605464474,20.70408789019663,20.853078842163086,5598755,0.0,0.0
2009-05-08,21.030715738447135,21.259933070518723,20.704079608586053,21.11094093322754,4775030,0.0,0.0
2009-05-11,20.69261898624631,21.23701049704956,20.50351548401435,21.0994815826416,3755397,0.0,0.0
2009-05-12,21.110945007675383,21.277127045286274,20.870265642119858,21.208362579345703,3923172,0.0,0.0
2009-05-13,21.030720860603275,21.145328309631452,20.698354278736605,20.801502227783203,3543885,0.0,0.0
2009-05-14,20.961952752354847,21.065101940668757,20.63531780576469,20.727005004882812,4671495,0.0,0.0
2009-05-15,20.749922997887815,20.887453150936004,20.474861446870474,20.509244918823242,4418864,0.0,0.0
2009-05-18,20.62958253439918,20.8587998552981,20.42901706738241,20.835878372192383,3170065,0.0,0.0
2009-05-19,20.801498656966295,20.86453274311127,20.423289160412374,20.469133377075195,4365331,0.0,0.0
2009-05-20,20.45766915134653,20.54362470872899,20.22845059689753,20.245641708374023,5405352,0.0,0.0
2009-05-21,19.878893658979166,20.37171173095703,19.77574574832895,20.37171173095703,5894325,0.0,0.0
2009-05-22,20.348792867146873,20.784306047040957,20.194070358809228,20.61239242553711,3798793,0.0,0.0
2009-05-26,20.331596654651687,21.22554432918931,20.274291710040472,21.191162109375,5655705,0.0,0.0
2009-05-27,21.254197524123207,21.47768568873158,21.042172589348358,21.24846839904785,4965129,0.0,0.0
2009-05-28,21.368805318614655,21.821508238676557,21.191160131393357,21.775665283203125,5911524,0.0,0.0
2009-05-29,21.706910322514176,21.873092353544926,21.489153699148968,21.78140640258789,4052334,0.0,0.0
2009-06-01,21.821516745993666,22.39456138234175,21.81005600265723,22.245569229125977,3465294,0.0,0.0
2009-06-02,22.12523163451996,22.24557069238921,21.981971088470118,22.108041763305664,3286812,0.0,0.0
2009-06-03,22.062187619533752,22.062187619533752,21.51206713989008,21.76993751525879,3512448,0.0,0.0
2009-06-04,21.827241027133837,21.97050151561498,21.58083139344784,21.850162506103516,2567078,0.0,0.0
2009-06-05,21.959051019599777,22.314339089047362,21.95331940226302,22.090850830078125,3438413,0.0,0.0
2009-06-08,21.98196777107857,22.09084606842624,21.661064495136866,21.936124801635742,2080497,0.0,0.0
2009-06-09,22.09658588478842,22.113775759787853,21.832983732982974,21.947593688964844,2009196,0.0,0.0
2009-06-10,22.10943529970187,22.115216730694613,21.415806735033023,21.612335205078125,4593245,0.289728,0.0
2009-06-11,21.641227279715917,21.947582739948782,21.583425547351638,21.62388801574707,3387386,0.0,0.0
2009-06-12,21.542968841845855,21.6643537538715,21.155690897852427,21.554529190063477,2699772,0.0,0.0
2009-06-15,21.329102276565088,21.48516825990666,20.930265171955405,21.09789276123047,4238105,0.0,0.0
2009-06-16,21.207715761161637,21.24239680915148,20.941823959350586,20.941823959350586,4378544,0.0,0.0
2009-06-17,20.860899430996994,21.097889080078065,20.831997304817367,20.918701171875,4852254,0.0,0.0
2009-06-18,20.49095506323566,20.884011766815522,20.352229684923994,20.456274032592773,6942775,0.0,0.0
2009-06-19,20.34067481144311,20.71061095025006,20.1036864346145,20.6239070892334,7955459,0.0,0.0
2009-06-22,20.44472639740148,20.537210459010335,20.242417748083525,20.334901809692383,3767356,0.0,0.0
2009-06-23,20.352238315863172,20.433160755014008,20.14414953227971,20.27131462097168,2979738,0.0,0.0
2009-06-24,20.39269487810209,20.54298062937165,20.259749645547437,20.479398727416992,3509601,0.0,0.0
2009-06-25,20.155708366464573,20.173048887836988,19.84357521453943,20.005422592163086,6282724,0.0,0.0
2009-06-26,19.953398242418327,20.097903831849333,19.86669438646354,20.05166244506836,4683340,0.0,0.0
2009-06-29,20.086348168252268,20.43316241719011,20.01698607190915,20.398481369018555,2810369,0.0,0.0
2009-06-30,20.398479846123738,20.56610741125316,20.26553458231734,20.485183715820312,4494494,0.0,0.0
2009-07-01,20.485191254513865,20.554554626945464,20.271322216569317,20.433168411254883,3844808,0.0,0.0
2009-07-02,20.248195203347564,20.369580125483544,19.710632687750657,19.756874084472656,4555089,0.0,0.0
2009-07-06,19.693285933805434,19.82623116306332,19.56611962156885,19.808889389038086,4205188,0.0,0.0
2009-07-07,19.756877540264,19.826240903220484,19.253995984246632,19.26555633544922,4587095,0.0,0.0
2009-07-08,19.681729813782113,19.710631941379678,19.225091015480714,19.62392807006836,5508204,0.0,0.0
2009-07-09,19.68750930598498,19.68750930598498,19.415838608462305,19.462080001831055,4020214,0.0,0.0
2009-07-10,19.45630390903349,19.58347027895468,19.363819847154854,19.49676513671875,2852739,0.0,0.0
2009-07-13,19.410060467543676,19.7799954204672,19.25977341187102,19.716413497924805,3590470,0.0,0.0
2009-07-14,19.50254008110457,19.907155990600586,19.438956917292366,19.907155990600586,3116760,0.0,0.0
2009-07-15,19.98808437573902,20.479405514184464,19.878259798408955,20.294437408447266,4053587,0.0,0.0
2009-07-16,20.282879058933958,20.560331244899768,20.126813067650062,20.50830841064453,3252870,0.0,0.0
2009-07-17,20.57766361842973,20.583443791530172,20.225069292081617,20.410036087036133,3809955,0.0,0.0
2009-07-20,20.28865655429747,20.58922940212108,20.28865655429747,20.56610870361328,3476114,0.0,0.0
2009-07-21,20.675936476361336,20.681716651882628,20.427386417463975,20.647035598754883,4139923,0.0,0.0
2009-07-22,20.566109144297258,20.62969106655612,20.37536086603914,20.462064743041992,3759839,0.0,0.0
2009-07-23,20.149930522171434,20.941823213244927,20.149930522171434,20.80887794494629,4120902,0.0,0.0
2009-07-24,20.808877520744467,21.37534088488626,20.73373399856808,21.3464412689209,4243686,0.0,0.0
2009-07-27,21.38113229894706,21.398471574326628,21.173043414014526,21.36379051208496,3380552,0.0,0.0
2009-07-28,21.32910248425736,21.566093432736846,21.259740382426063,21.525630950927734,3313237,0.0,0.0
2009-07-29,21.386904325307253,21.912906545100643,21.31176079226795,21.860883712768555,5269925,0.0,0.0
2009-07-30,21.542975020279727,21.675920318651137,21.040092194144805,21.207719802856445,8230528,0.0,0.0
2009-07-31,21.30019503537237,21.751053607686856,21.242393298275914,21.531404495239258,5931456,0.0,0.0
2009-08-03,21.490952314682783,21.99961280822754,21.450489828327406,21.99961280822754,5648301,0.0,0.0
2009-08-04,21.808855993080844,22.086306818921596,21.727931056578342,21.92445945739746,4583792,0.0,0.0
2009-08-05,21.91868369016677,21.941804386353095,21.53718718012992,21.803077697753906,3883876,0.0,0.0
2009-08-06,21.774182158868967,21.803081778770583,21.444708409322345,21.514070510864258,4033085,0.0,0.0
2009-08-07,21.83197752426238,22.30595676912241,21.785736136760125,22.17879295349121,6056860,0.0,0.0
2009-08-10,22.011173159831646,22.178802025314205,21.82620753416591,21.99961280822754,2418894,0.0,0.0
2009-08-11,21.826205006085992,21.947589939610385,21.7048175610799,21.878225326538086,3077350,0.0,0.0
2009-08-12,21.85509584510976,22.25971296478535,21.398455914401993,22.08052635192871,4563290,0.0,0.0
2009-08-13,22.24816023755891,22.42734691177409,21.964927905651233,22.39266586303711,4455312,0.0,0.0
2009-08-14,22.334861625318165,22.39266336676957,21.988046153647204,22.24237632751465,5208419,0.0,0.0
2009-08-17,22.068974131644218,22.115215531150962,21.733718962257104,21.74527931213379,4075114,0.0,0.0
2009-08-18,21.774181352211613,21.918686980811348,21.629673212130275,21.733718872070312,5089735,0.0,0.0
2009-08-19,21.600762253992922,21.87243409957616,21.50827699243168,21.774169921875,4345627,0.0,0.0
2009-08-20,21.72793262401077,21.97070493955077,21.60076880408901,21.959144592285156,4559873,0.0,0.0
2009-08-21,22.265505072329308,22.606539198919293,21.849327407425957,22.583415985107422,4781750,0.0,0.0
2009-08-24,22.5660707799544,22.687455691007415,22.467806565151367,22.670116424560547,3598557,0.0,0.0
2009-08-25,22.548731362336323,22.83196114524037,22.49670854038202,22.537168502807617,3675667,0.0,0.0
2009-08-26,22.826186646132044,22.826186646132044,22.23081981623851,22.323305130004883,4181269,0.0,0.0
2009-08-27,22.253944577083654,22.386892396847006,22.051637154433717,22.317527770996094,3232824,0.0,0.0
2009-08-28,22.357983997405498,22.473587488971624,22.0574124078521,22.28862190246582,2283126,0.0,0.0
2009-08-31,22.230816990874253,22.334862641702816,22.0458514098126,22.167236328125,2979168,0.0,0.0
2009-09-01,22.161458985379134,22.421570648943494,21.7279395461052,21.837766647338867,5739421,0.0,0.0
2009-09-02,21.791509181775037,21.855092328195838,21.600762253992922,21.774169921875,4503492,0.0,0.0
2009-09-03,21.600770460882014,21.88400275783524,21.542968720120513,21.855100631713867,2903083,0.0,0.0
2009-09-04,21.89556160302673,22.44468438127108,21.756834923240397,22.294397354125977,4068280,0.0,0.0
2009-09-08,22.23081630947335,22.46202579019496,22.115212824853202,22.39844512939453,3782050,0.0,0.0
2009-09-09,22.357637618989866,22.462574417237242,22.258529376340707,22.410104751586914,3686943,0.289728,0.0
2009-09-10,22.363464721570406,22.480063689545002,22.147760050439107,22.334314346313477,3708926,0.0,0.0
2009-09-11,22.305167997293356,22.427595528683185,22.165249732967858,22.38678550720215,3213347,0.0,0.0
2009-09-14,22.264355778160667,22.4217622268314,22.223545760707868,22.38095474243164,2998076,0.0,0.0
2009-09-15,22.305165505708356,22.62580948696976,22.23520764788685,22.544189453125,3467002,0.0,0.0
2009-09-16,22.73075726614684,22.969783862208175,22.357645977611636,22.934804916381836,4834030,0.0,0.0
2009-09-17,22.824027561877745,23.028072594789077,22.80653682966103,22.899816513061523,2786222,0.0,0.0
2009-09-18,23.086376747884618,23.086376747884618,22.765730163695267,22.96394920349121,4676620,0.0,0.0
2009-09-21,22.853168808872308,22.99308447850202,22.649121324417397,22.84733772277832,2327433,0.0,0.0
2009-09-22,22.8998134390403,23.2904152532659,22.742407002432522,23.21462631225586,3327133,0.0,0.0
2009-09-23,23.144675717947745,23.576087681806033,23.06305566369797,23.23212432861328,4309407,0.0,0.0
2009-09-24,23.226295636835353,23.243786373995516,22.48589918100737,22.841522216796875,6338421,0.0,0.0
2009-09-25,22.928961852765223,23.045560811022934,22.684106826782227,22.684106826782227,3809386,0.0,0.0
2009-09-28,22.689933564348987,23.307902098613358,22.637463916540096,23.249601364135742,3040561,0.0,0.0
2009-09-29,23.17381577494563,23.2729239981755,22.85317435437858,22.952280044555664,2566850,0.0,0.0
2009-09-30,23.004751370399447,23.039730298834762,22.590830251002092,22.911474227905273,3848909,0.0,0.0
2009-10-01,22.835688507959407,22.969775685757067,22.579173796822438,22.707429885864258,4485724,0.0,0.0
2009-10-02,22.6724568678732,22.940631293436883,22.47424032731205,22.614158630371094,5084382,0.0,0.0
2009-10-05,22.46257342300904,22.67828063166103,22.450913779275407,22.608320236206055,3118354,0.0,0.0
2009-10-06,22.555857859815,22.759905490653356,22.450921032311207,22.614158630371094,4226373,0.0,0.0
2009-10-07,22.68994510084278,22.800713006395792,22.573346105656277,22.74824333190918,2126285,0.0,0.0
2009-10-08,22.99891986962187,23.290413435632146,22.928959488659395,23.156326293945312,3595367,0.0,0.0
2009-10-09,23.138843635695384,23.441999481809837,23.033906827231284,23.41868019104004,3093980,0.0,0.0
2009-10-12,23.34872024939668,23.500298175464337,23.08637695649937,23.342891693115234,2223442,0.0,0.0
2009-10-13,23.32539601219326,23.32539601219326,23.092200616257614,23.261266708374023,2448508,0.0,0.0
2009-10-14,23.284583234160568,23.832593996124437,23.284583234160568,23.78595542907715,4590626,0.0,0.0
2009-10-15,23.593577273493878,23.826772712946934,23.459487552733872,23.815113067626953,4539826,0.0,0.0
2009-10-16,23.634387871331647,23.809285107167693,23.360382370725436,23.681026458740234,4287538,0.0,0.0
2009-10-19,23.780130363830374,23.97251830120052,23.622723893657255,23.791790008544922,3816447,0.0,0.0
2009-10-20,23.710168044860925,23.750978060228014,23.307906578138162,23.430334091186523,3263691,0.0,0.0
2009-10-21,23.453653576906984,23.85008649228512,23.424503203816382,23.494461059570312,3296722,0.0,0.0
2009-10-22,23.49445725178871,23.984169761856577,23.37786084442911,23.902549743652344,3323146,0.0,0.0
2009-10-23,23.809283805943775,23.9666902963721,23.43034150437818,23.5352783203125,2853992,0.0,0.0
2009-10-26,23.471148999603564,24.036650706715353,23.401191122314017,23.5352783203125,3156055,0.0,0.0
2009-10-27,23.587738572659887,23.84425321997688,23.39535068738262,23.453651428222656,3194098,0.0,0.0
2009-10-28,23.46530231958155,23.535260142839125,23.30789595072613,23.32538414001465,4340843,0.0,0.0
2009-10-29,23.430334030276917,23.581909382719523,23.307906517546822,23.465312957763672,3713710,0.0,0.0
2009-10-30,23.5411071865131,23.686854016960865,23.202972412109375,23.202972412109375,6137957,0.0,0.0
2009-11-02,23.29041905614787,23.70434275546866,23.144672237970656,23.57608413696289,4942577,0.0,0.0
2009-11-03,23.511965642770356,23.704353659023866,23.31958015957127,23.698522567749023,5288149,0.0,0.0
2009-11-04,23.90255184669537,24.059960810059085,23.54692897338068,23.78595542907715,3864855,0.0,0.0
2009-11-05,23.95503625003749,24.62547492980957,23.867587616456163,24.62547492980957,3813828,0.0,0.0
2009-11-06,24.310644201637682,24.67209815979004,24.205707426527287,24.67209815979004,3250364,0.0,0.0
2009-11-09,24.666273713008344,25.039384841918945,24.61963260547302,25.039384841918945,3690132,0.0,0.0
2009-11-10,24.841160021217853,25.208445004497992,24.823671828189266,25.144315719604492,3295697,0.0,0.0
2009-11-11,25.202619392265824,25.4416458576768,25.074360794620354,25.295896530151367,3412102,0.0,0.0
2009-11-12,25.29589437662814,25.523261180446937,25.185126518292666,25.25508689880371,4326150,0.0,0.0
2009-11-13,25.278415193024134,25.389183090848274,25.179306940599723,25.365863800048828,3645597,0.0,0.0
2009-11-16,25.38334301725175,25.651519832631944,25.354195180596008,25.616540908813477,4049715,0.0,0.0
2009-11-17,25.680673642828307,25.680673642828307,25.459137874060954,25.6573543548584,2923130,0.0,0.0
2009-11-18,25.558244423879984,25.657352657723077,25.389178330754607,25.540756225585938,3945610,0.0,0.0
2009-11-19,25.371683196719783,25.476622500486393,25.02189142795385,25.325044631958008,4199151,0.0,0.0
2009-11-20,25.13266275080769,25.441647084532775,25.13266275080769,25.33087921142578,2721754,0.0,0.0
2009-11-23,25.476637470312582,25.867239479285345,25.45914673172322,25.79145050048828,3476456,0.0,0.0
2009-11-24,25.71564877153196,25.832247727190165,25.529094495363395,25.64569091796875,3124391,0.0,0.0
2009-11-25,25.72731253598918,25.791439305856734,25.534924627227515,25.65152359008789,3010035,0.0,0.0
2009-11-27,25.144322311940755,25.58156271502319,24.905295835779683,25.377517700195312,2121843,0.0,0.0
2009-11-30,25.453306727330727,25.464966370128675,25.10934346521179,25.33087921142578,3589217,0.0,0.0
2009-12-01,25.52910067371841,25.733145729185605,25.453311714156648,25.55824851989746,4521944,0.0,0.0
2009-12-02,25.529102626401084,25.943023858063576,25.464973307016482,25.534931182861328,5463669,0.0,0.0
2009-12-03,25.4183383282715,25.61655487099914,25.167652104691477,25.179311752319336,4594840,0.0,0.0
2009-12-04,25.49412732676797,25.791452170662236,25.29008220630063,25.470808029174805,7717181,0.0,0.0
2009-12-07,25.529093014285607,25.69232799646298,25.38334369490533,25.581560134887695,3455157,0.0,0.0
2009-12-08,25.424161621347288,25.575739542178454,25.068538642750198,25.080198287963867,3748677,0.0,0.0
2009-12-09,25.08607103263216,25.344629175670715,24.933285630878114,25.31524658203125,3977958,0.298507,0.0
2009-12-10,25.3740030150032,25.591428537688923,25.285857808858324,25.38575553894043,2510356,0.0,0.0
2009-12-11,25.468021261892883,25.56204143678604,25.25647331515237,25.291730880737305,2715490,0.0,0.0
2009-12-14,25.338752191373786,25.56205275888155,25.25060696175419,25.32699966430664,2853992,0.0,0.0
2009-12-15,25.274110274048578,25.41514314236664,25.150707471732222,25.20947265625,2520151,0.0,0.0
2009-12-16,25.33287646229548,25.403391622632505,25.19772112836687,25.203596115112305,3046483,0.0,0.0
2009-12-17,24.898028104526436,25.027305899710502,24.739367715639084,24.84514045715332,4678784,0.0,0.0
2009-12-18,24.956792966232403,24.956792966232403,24.662974662670646,24.892152786254883,5167415,0.0,0.0
2009-12-21,24.962670413212134,25.21535103838471,24.921535289156605,25.13308334350586,2346568,0.0,0.0
2009-12-22,25.185969156549273,25.303494426367003,25.027306212447314,25.215349197387695,2012955,0.0,0.0
2009-12-23,25.144830351510283,25.262355604109306,25.056685135445196,25.150705337524414,1539359,0.0,0.0
2009-12-24,25.080196615646678,25.327002262608566,25.003803905257083,25.27411460876465,700029,0.0,0.0
2009-12-28,25.23885320027426,25.397513584536757,25.227100673781923,25.368133544921875,1278414,0.0,0.0
2009-12-29,25.403393791089464,25.526796608829013,25.26823844562387,25.39751625061035,1565556,0.0,0.0
2009-12-30,25.374004042231736,25.43864420311902,25.227096210453382,25.421016693115234,1594144,0.0,0.0
2009-12-31,25.579683336790474,25.579683336790474,25.156587247462223,25.16246223449707,1945184,0.0,0.0
2010-01-04,25.5855573081334,25.5855573081334,25.091946074589778,25.168338775634766,3930120,0.0,0.0
2010-01-05,25.062560273528607,25.215345656066017,24.898024918891647,25.033180236816406,3252415,0.0,0.0
2010-01-06,25.150714210623654,25.20360186956765,24.70999052804382,24.97442626953125,3111406,0.0,0.0
2010-01-07,24.757009555522238,24.97443525763483,24.733504488250627,24.962682723999023,2513317,0.0,0.0
2010-01-08,24.927419662475586,24.950924727005706,24.70411899620625,24.927419662475586,2310462,0.0,0.0
2010-01-11,24.927402706070193,25.039052963256832,24.756989827530436,25.039052963256836,2446230,0.0,0.0
2010-01-12,24.892165397333866,25.05670342430023,24.67474224471298,24.86278533935547,2571293,0.0,0.0
2010-01-13,24.81575146039906,25.109569661923867,24.715853731462264,25.04492950439453,2546007,0.0,0.0
2010-01-14,24.851023434150292,25.138961681217495,24.827515822105426,24.97442626953125,2402721,0.0,0.0
2010-01-15,25.103707320899428,25.221235183305616,24.592465842913317,24.839271545410156,3384880,0.0,0.0
2010-01-19,24.780500592598067,25.22710172436947,24.68060283663699,25.215349197387695,2931786,0.0,0.0
2010-01-20,24.93916425394301,25.091949677974068,24.463183018913902,24.880401611328125,4057232,0.0,0.0
2010-01-21,24.94503970335686,25.203597862416455,24.692356531450002,24.768749237060547,4356106,0.0,0.0
2010-01-22,24.76874682465425,24.88627464181563,24.15173280594473,24.1928653717041,4463513,0.0,0.0
2010-01-25,24.4044136276143,24.422043693984094,24.128227978188246,24.251630783081055,2400670,0.0,0.0
2010-01-26,24.139975943471388,24.251626200765454,24.075335783305043,24.128223419189453,2786905,0.0,0.0
2010-01-27,23.951930639345292,24.22224122440037,23.934300578045534,24.104713439941406,4096983,0.0,0.0
2010-01-28,23.951940226052894,24.19874586364579,23.734514631410644,23.904930114746094,4972760,0.0,0.0
2010-01-29,23.89905308409885,24.1987463799219,23.887300556021412,23.969568252563477,4173866,0.0,0.0
2010-02-01,24.110596815739218,24.186989511148948,23.92255384701491,24.13410186767578,3638649,0.0,0.0
2010-02-02,24.339778613898417,24.339778613898417,23.904929980291946,24.198745727539062,4142999,0.0,0.0
2010-02-03,24.01069855615658,24.10471876189704,23.80502552625171,23.975440979003906,3141704,0.0,0.0
2010-02-04,23.834418100469136,24.02833868588221,23.72864532470703,23.72864532470703,4410778,0.0,0.0
2010-02-05,23.69337733743623,23.79915263142127,23.34079898169403,23.669872283935547,4745530,0.0,0.0
2010-02-08,23.652241746914854,23.840284704114392,23.51708642994711,23.740386962890625,3460738,0.0,0.0
2010-02-09,23.998948979806098,24.145856845945776,23.769770870301116,23.91668128967285,3358000,0.0,0.0
2010-02-10,23.846164922380392,23.975445281706293,23.681626979574396,23.904930114746094,2091774,0.0,0.0
2010-02-11,23.834414659803233,24.157613035602918,23.62286658558467,24.034210205078125,2630407,0.0,0.0
2010-02-12,23.67574888962794,23.92842948140491,23.67574888962794,23.852039337158203,3429871,0.0,0.0
2010-02-16,24.028319096729685,24.298629634316473,23.89316382793629,24.26924705505371,2762075,0.0,0.0
2010-02-17,24.298644881695964,24.386790121564587,24.23988223952766,24.363285064697266,2425842,0.0,0.0
2010-02-18,24.516068104174874,24.533698173563668,24.157612154616444,24.204622268676758,4233891,0.0,0.0
2010-02-19,24.24575618918656,24.533696953333237,24.081218244926717,24.422046661376953,4293802,0.0,0.0
2010-02-22,24.427930380508453,24.639478512108514,24.351540198270296,24.445560455322266,3410963,0.0,0.0
2010-02-23,24.4455480719091,24.53956828133313,24.104719706283316,24.210494995117188,3778519,0.0,0.0
2010-02-24,24.210504566779104,24.821643829345703,24.1928744939261,24.821643829345703,4643134,0.0,0.0
2010-02-25,24.574827316759045,24.62183741937383,24.09884364470503,24.51018714904785,4149605,0.0,0.0
2010-02-26,24.56896039644475,24.63947558084481,24.2868971056117,24.451435089111328,3740248,0.0,0.0
2010-03-01,24.49256237586507,24.680605380184897,24.433799734900212,24.662975311279297,3315971,0.0,0.0
2010-03-02,24.6277265010883,24.739376823741413,24.55133121868752,24.592466354370117,3260274,0.0,0.0
2010-03-03,24.680599244208675,24.851014690487286,24.62183661785311,24.627714157104492,3735692,0.0,0.0
2010-03-04,24.692352573296006,24.79225031796829,24.416164390586555,24.51018714904785,5117413,0.0,0.0
2010-03-05,24.68059961038392,25.41514138703733,24.615959443817935,25.374006271362305,5564812,0.0,0.0
2010-03-08,25.368136805346573,25.409271929972572,25.185971344686692,25.35638427734375,3948799,0.0,0.0
2010-03-09,25.35637149372072,25.90287015341081,25.326988911911013,25.66193962097168,5927926,0.0,0.0
2010-03-10,25.69156302478111,26.01137374202435,25.608649802268644,25.98768424987793,5221404,0.298507,0.0
2010-03-11,25.95214654871077,26.035062333425874,25.798164870305726,26.01729393005371,4325466,0.0,0.0
2010-03-12,25.96991942776044,26.023222073796916,25.857393049053826,25.946229934692383,3051267,0.0,0.0
2010-03-15,26.16537059089188,26.266052267541113,25.981775651877083,26.200904846191406,3343990,0.0,0.0
2010-03-16,26.325267011405042,26.325267011405042,26.02914574537989,26.206819534301758,2639860,0.0,0.0
2010-03-17,26.212750729431338,26.597711611629258,26.206829639926408,26.467416763305664,3099219,0.0,0.0
2010-03-18,26.402254571544812,26.574004670141548,26.348951929474623,26.485170364379883,1961130,0.0,0.0
2010-03-19,26.66876077401142,26.781287125633426,26.11797375958445,26.414094924926758,4858291,0.0,0.0
2010-03-22,26.378570777370484,26.585857730960623,26.141673239886792,26.550323486328125,4801796,0.0,0.0
2010-03-23,26.645071464672785,26.650995123186917,26.39632927240072,26.597692489624023,3250364,0.0,0.0
2010-03-24,26.467402826846367,26.585852860522092,26.230505332761496,26.26011848449707,4508390,0.0,0.0
2010-03-25,26.33117808530853,26.33117808530853,26.023212218784032,26.04690170288086,4693363,0.0,0.0
2010-03-26,26.07061257675981,26.319354937124313,26.07061257675981,26.200904846191406,2178793,0.0,0.0
2010-03-29,26.271960225073016,26.44963139536148,26.16535494963366,26.378562927246094,3528280,0.0,0.0
2010-03-30,26.289730198026596,26.47332762948747,26.218661718712724,26.408180236816406,2358300,0.0,0.0
2010-03-31,26.354871292230047,26.425939754559494,26.218655452798902,26.33710289001465,3141248,0.0,0.0
2010-04-01,26.449635992204268,26.449635992204268,25.999530469381032,26.165359497070312,3068352,0.0,0.0
2010-04-05,26.283810892326102,26.467405762960336,26.129826603445665,26.289731979370117,3700383,0.0,0.0
2010-04-06,26.271974349037613,26.313429691091745,26.1179900120718,26.23051643371582,4426040,0.0,0.0
2010-04-07,26.20681241520308,26.2364229898017,25.928457059725375,26.01729393005371,3085095,0.0,0.0
2010-04-08,26.03506580743735,26.070600045656978,25.845547296999417,25.98768424987793,2925522,0.0,0.0
2010-04-09,26.064681211844906,26.21274185180664,25.898852162850257,26.21274185180664,2444408,0.0,0.0
2010-04-12,26.236428431572723,26.236428431572723,26.07652306112179,26.183128356933594,2219114,0.0,0.0
2010-04-13,26.16535633011983,26.230503715962588,25.9817614911688,26.02914047241211,3100358,0.0,0.0
2010-04-14,25.975840975892098,26.17128315707591,25.90477249542529,26.165359497070312,3641839,0.0,0.0
2010-04-15,26.206808304338225,26.491084700836858,26.11797144794506,26.461471557617188,2900464,0.0,0.0
2010-04-16,26.34896394425286,26.579940449701578,26.183137429501002,26.23051643371582,5138712,0.0,0.0
2010-04-19,26.23642555914116,26.50293619622562,26.23642555914116,26.485170364379883,2975296,0.0,0.0
2010-04-20,26.585850898213323,26.6746877735964,26.50293510878038,26.668764114379883,2873355,0.0,0.0
2010-04-21,26.63323604406719,26.692459783609834,26.502941243806386,26.686538696289062,2786222,0.0,0.0
2010-04-22,26.56215292126061,26.71613714741299,26.372637040784834,26.692447662353516,2598629,0.0,0.0
2010-04-23,26.722064250507543,26.95896170491056,26.51477736961356,26.935272216796875,3341826,0.0,0.0
2010-04-26,26.917507836533545,27.089257937656566,26.79906037826475,26.846439361572266,2764353,0.0,0.0
2010-04-27,26.645070345431563,26.804975666137253,26.22457552637175,26.307491302490234,5438953,0.0,0.0
2010-04-28,26.39634192192262,26.40226301000815,26.035073204151338,26.14167594909668,5075270,0.0,0.0
2010-04-29,26.177205592865228,26.43779260793968,25.940308072500553,26.289731979370117,5104998,0.0,0.0
2010-04-30,26.408171637240763,26.408171637240763,25.661942554380897,25.68563461303711,4806694,0.0,0.0
2010-05-03,25.898842183988236,25.916610586174958,25.620489420347408,25.86330795288086,3576688,0.0,0.0
2010-05-04,25.792244009517894,25.792244009517894,25.051938391979956,25.383596420288086,4911140,0.0,0.0
2010-05-05,25.383594369618624,25.774473521970616,25.123004837028883,25.26514434814453,4094363,0.0,0.0
2010-05-06,25.105235726742826,25.502038486300997,15.670783199136524,24.52483558654785,7539952,0.0,0.0
2010-05-07,24.311633097274132,24.957180757162785,24.17541723238873,24.613677978515625,8539083,0.0,0.0
2010-05-10,24.868353825734093,25.51389917063599,24.868353825734093,25.158554077148438,5912207,0.0,0.0
2010-05-11,25.093404644982854,25.436904960188357,25.028257234878144,25.17039680480957,4056549,0.0,0.0
2010-05-12,25.18815715025407,25.49020206220263,25.123009754355337,25.478357315063477,3576004,0.0,0.0
2010-05-13,25.37175143846578,25.401364592271175,25.111164434085225,25.140777587890625,4465450,0.0,0.0
2010-05-14,25.022327410416906,25.040095817257264,24.607756125720368,24.75581932067871,4500759,0.0,0.0
2010-05-17,24.83873010416495,25.063782844574877,24.578143126837634,24.945335388183594,4996451,0.0,0.0
2010-05-18,24.945343386765824,25.158551449900575,24.62553000543004,24.714366912841797,3886154,0.0,0.0
2010-05-19,24.572226906949762,24.88611662132064,24.542616320520192,24.631450653076172,5140421,0.0,0.0
2010-05-20,24.305719780942123,24.4182461899298,23.837845733775527,23.879301071166992,6262222,0.0,0.0
2010-05-21,23.464729929807714,24.092509322568436,23.405503613808577,24.05697250366211,5221176,0.0,0.0
2010-05-24,23.950368543247727,24.122118675030332,23.70162626321306,23.855607986450195,3507664,0.0,0.0
2010-05-25,23.547640860454027,23.772693634033203,23.257440689624694,23.772693634033203,5252043,0.0,0.0
2010-05-26,23.82007522255145,24.128043834693575,23.55356709068033,23.6364803314209,4553039,0.0,0.0
2010-05-27,24.15764601473748,24.37677764892578,23.974051187483905,24.37677764892578,3650723,0.0,0.0
2010-05-28,24.32348680264762,24.453781629192278,24.039210222229947,24.210960388183594,3804146,0.0,0.0
2010-06-01,24.133959015084148,24.441927551844238,23.902985185780597,23.9799747467041,3194098,0.0,0.0
2010-06-02,23.974059445023023,24.57222568430487,23.766772483993705,24.560380935668945,3961214,0.0,0.0
2010-06-03,24.607751462677317,24.90387522321333,24.477459272515773,24.85057258605957,4182522,0.0,0.0
2010-06-04,24.47154282902948,24.47154282902948,23.87929770660042,23.96221351623535,4636527,0.0,0.0
2010-06-07,23.944434231768017,24.021426345772728,23.66607891906355,23.69569206237793,4598143,0.0,0.0
2010-06-08,23.666092385463877,24.341253395042326,23.630558137226547,24.329408645629883,6818965,0.0,0.0
2010-06-09,24.347320236992815,24.72952062221526,24.198023941286632,24.40106773376465,6334435,0.298507,0.0
2010-06-10,24.657848763158697,25.201288817834772,24.353283201168004,25.093793869018555,5515835,0.0,0.0
2010-06-11,24.771320970497953,25.01019552835631,24.693686285114108,24.980335235595703,4216009,0.0,0.0
2010-06-14,24.920617899256037,25.320732340096296,24.920617899256037,25.01616668701172,3253212,0.0,0.0
2010-06-15,25.249083085181276,25.476014161714577,25.034095612952697,25.458097457885742,3701978,0.0,0.0
2010-06-16,25.37448414932351,25.45211884995956,25.18935704416708,25.326709747314453,3572701,0.0,0.0
2010-06-17,25.290878945807663,25.42823164895503,25.099778743028768,25.326709747314453,4158717,0.0,0.0
2010-06-18,25.374474453897022,25.45807962546786,25.111712748504132,25.249065399169922,4119535,0.0,0.0
2010-06-21,25.416282926521706,25.5297484057988,24.813122141107986,24.902700424194336,5659463,0.0,0.0
2010-06-22,24.93256680401549,25.177411922119866,24.550366382166253,24.568283081054688,4483332,0.0,0.0
2010-06-23,24.520490646362305,24.71158812202448,24.389108537103688,24.520490646362305,4271250,0.0,0.0
2010-06-24,24.317453749561878,24.48466669987281,24.090522815119133,24.233848571777344,5695683,0.0,0.0
2010-06-25,24.257741940620598,24.532449927041906,24.132332844648005,24.40106773376465,6594810,0.0,0.0
2010-06-28,24.544392265852764,24.580223063612205,24.371206184568518,24.43689727783203,4604863,0.0,0.0
2010-06-29,24.180098379051103,24.407031882805406,23.96511106552633,24.120380401611328,9470899,0.0,0.0
2010-06-30,24.024841024093032,24.299546422383607,23.947206325719048,24.042755126953125,5441686,0.0,0.0
2010-07-01,23.96512218671961,24.036786387645225,23.54112045802368,23.714303970336914,8230984,0.0,0.0
2010-07-02,23.869572244996267,24.114419946608187,23.385849939375415,23.54709243774414,4416928,0.0,0.0
2010-07-06,23.702349421053487,23.78595718439066,23.338065865774606,23.535139083862305,4684479,0.0,0.0
2010-07-07,23.53515016385715,24.060673803349804,23.475429563431724,24.01289939880371,4937451,0.0,0.0
2010-07-08,24.168162892325295,24.168162892325295,23.887484442208564,24.108442306518555,4870136,0.0,0.0
2010-07-09,24.1323320174842,24.34134890010258,24.060670420739726,24.317459106445312,2945910,0.0,0.0
2010-07-12,24.39509092550577,24.61604876329904,24.138299702631876,24.47272300720215,2621181,0.0,0.0
2010-07-13,24.60410877550902,24.8788141364758,24.592165176977517,24.777292251586914,3554705,0.0,0.0
2010-07-14,24.7653477487265,24.98033510918532,24.71757335634502,24.902700424194336,3208221,0.0,0.0
2010-07-15,24.78923706060588,25.022141135456504,24.60410997695651,24.91464614868164,3025412,0.0,0.0
2010-07-16,24.88479073939317,24.88479073939317,24.21594134316111,24.263715744018555,4492672,0.0,0.0
2010-07-19,24.29357516719211,24.562307459710357,24.281631567407796,24.49661636352539,2764011,0.0,0.0
2010-07-20,24.245796856533747,24.759379403594206,24.036782574288527,24.74146270751953,3443311,0.0,0.0
2010-07-21,24.807152496396604,24.807152496396604,23.899428630822463,24.036781311035156,6490022,0.0,0.0
2010-07-22,24.2398254043327,24.854927222568076,24.2398254043327,24.75937843322754,3972376,0.0,0.0
2010-07-23,24.633968941246764,25.075887274101248,24.604108647702,25.01616668701172,4464083,0.0,0.0
2010-07-26,24.992286241812103,25.111724853515625,24.92062463163575,25.111724853515625,3340687,0.0,0.0
2010-07-27,25.129632512816695,25.25504419057101,24.992279831172173,25.105745315551758,3573385,0.0,0.0
2010-07-28,25.11171838040196,25.356563449428283,25.081858086487514,25.141578674316406,3305378,0.0,0.0
2010-07-29,24.83104301673206,25.099777911241333,24.49661702426595,24.67577362060547,4843825,0.0,0.0
2010-07-30,24.454813895579477,24.77132316688546,24.44287029636467,24.64591407775879,3338523,0.0,0.0
2010-08-02,24.80715495472842,25.08186034237648,24.699659962762013,25.052000045776367,2965387,0.0,0.0
2010-08-03,25.010200610729502,25.14158281188401,24.74743880316317,25.08783531188965,3783986,0.0,0.0
2010-08-04,25.046027725603967,25.207267607109216,24.860900646449217,25.16546630859375,3557553,0.0,0.0
2010-08-05,25.010185191519152,25.111707031255122,24.872832572124796,25.040042877197266,2669019,0.0,0.0
2010-08-06,24.81312010832743,24.884784285770806,24.42494930991502,24.825063705444336,4069191,0.0,0.0
2010-08-09,24.914637777009283,25.02810582258581,24.825059516377255,24.94449806213379,1926163,0.0,0.0
2010-08-10,24.693686938320788,24.82506652151,24.478699571087123,24.699657440185547,3243189,0.0,0.0
2010-08-11,24.424946708390557,24.472721091769692,24.060663143012157,24.126354217529297,3451626,0.0,0.0
2010-08-12,23.94719967363589,24.072608737790627,23.768043126345727,23.887481689453125,2776426,0.0,0.0
2010-08-13,23.851645370032273,23.965110823392227,23.720265820992175,23.762069702148438,2496005,0.0,0.0
2010-08-16,23.642637990342134,23.989007545634134,23.51125580856944,23.92928695678711,2693621,0.0,0.0
2010-08-17,24.04873171123056,24.401071858980963,23.971097001600302,24.096506118774414,3633068,0.0,0.0
2010-08-18,24.024836774370367,24.09052526622795,23.78596221879679,24.018863677978516,3525661,0.0,0.0
2010-08-19,23.965119328887518,23.97109242606186,23.42168165469162,23.55903434753418,3656190,0.0,0.0
2010-08-20,23.47542159839197,23.624717859314785,23.350012531637457,23.5291690826416,3127694,0.0,0.0
2010-08-23,23.57096915568211,23.732208987598128,23.308204872866078,23.320148468017578,2643277,0.0,0.0
2010-08-24,23.23057777881575,23.403761242987173,23.015590425286998,23.176830291748047,3297177,0.0,0.0
2010-08-25,23.03350393916584,23.355986258635244,22.937955159910903,23.248491287231445,2857751,0.0,0.0
2010-08-26,23.296273961331185,23.397793266712974,23.075313463225196,23.14100456237793,2947846,0.0,0.0
2010-08-27,23.33806471001503,23.535137918343167,23.02752864729692,23.505277633666992,3227129,0.0,0.0
2010-08-30,23.44555697404977,23.511248043239572,23.18876838684082,23.18876838684082,3135439,0.0,0.0
2010-08-31,23.20072364773151,23.367936654819385,22.991706740185982,23.057397842407227,4003699,0.0,0.0
2010-09-01,23.176830030076832,23.726240708035096,23.170856933918053,23.511253356933594,3810297,0.0,0.0
2010-09-02,23.553060053637903,23.774020527239433,23.42168046464503,23.702356338500977,2925180,0.0,0.0
2010-09-03,23.97108966004054,24.162189826431216,23.797906188362997,23.935258865356445,3781252,0.0,0.0
2010-09-07,23.863598647613376,23.893458945517622,23.67847154693784,23.696388244628906,2478236,0.0,0.0
2010-09-08,23.762646218564353,24.01563213226573,23.654222188596417,23.88913917541504,2599654,0.298507,0.0
2010-09-09,24.166220526844537,24.214407824992474,23.97346871708473,24.04574966430664,2500561,0.0,0.0
2010-09-10,24.06382040773857,24.244525386939163,23.99153946292552,24.154172897338867,1795861,0.0,0.0
2010-09-13,24.395099058142073,24.461357864327912,24.250534628024468,24.34088706970215,2515482,0.0,0.0
2010-09-14,24.292693375426413,24.53965699966734,24.274621845002585,24.42521095275879,2123324,0.0,0.0
2010-09-15,24.50955547952802,24.846871753110662,24.39510935405671,24.816753387451172,3434199,0.0,0.0
2010-09-16,24.696274370759397,24.8348167132196,24.69025226992063,24.774580001831055,2229593,0.0,0.0
2010-09-17,24.919155140950107,24.991436085040668,24.792662180207657,24.895061492919922,5632013,0.0,0.0
2010-09-20,24.997453406681576,25.376932176587705,24.913123046368774,25.31669807434082,3174165,0.0,0.0
2010-09-21,25.328745094764024,25.346814016997165,24.91312324306121,25.154062271118164,2839071,0.0,0.0
2010-09-22,25.184178568247436,25.497401111082702,25.14803810957421,25.244415283203125,2884518,0.0,0.0
2010-09-23,25.123940840078117,25.26248055355682,24.997447944416407,25.06972885131836,2203509,0.0,0.0
2010-09-24,25.039617528074736,25.684131622314453,25.039617528074736,25.684131622314453,2774148,0.0,0.0
2010-09-27,25.611847756540712,25.641963497499567,25.334765666416853,25.358861923217773,2830757,0.0,0.0
2010-09-28,25.515465958227985,25.732311292814437,25.027563301116835,25.587749481201172,3630449,0.0,0.0
2010-09-29,25.545590853552426,25.563659776048564,25.298627103045035,25.37091064453125,3269613,0.0,0.0
2010-09-30,25.53956556123788,25.68413002379757,25.111899509534243,25.31669807434082,5203863,0.0,0.0
2010-10-01,25.42511699762303,25.59979980298312,25.16610645727893,25.190202713012695,4019987,0.0,0.0
2010-10-04,25.23236660357018,25.401024699606108,25.003474407938224,25.148038864135742,3806766,0.0,0.0
2010-10-05,25.358872137666836,25.50343403369915,25.298635397151962,25.395009994506836,4896903,0.0,0.0
2010-10-06,25.401029611643903,25.485359984553153,25.2685119497394,25.36488914489746,2881328,0.0,0.0
2010-10-07,25.551614853149587,25.599804756775395,25.382959350545217,25.407052993774414,2730411,0.0,0.0
2010-10-08,25.41307130381053,25.473308020062294,25.166107571812553,25.358861923217773,2456367,0.0,0.0
2010-10-11,25.346813214300578,25.437165674106502,25.166108294688726,25.32271957397461,1417258,0.0,0.0
2010-10-12,25.28055440720804,25.33476640655158,24.997452824655664,25.298625946044922,2246336,0.0,0.0
2010-10-13,25.473313614282873,25.714252680701737,25.322724407749433,25.57571029663086,2046555,0.0,0.0
2010-10-14,25.569684975318516,25.702202622893232,25.419098404908237,25.58173179626465,2093710,0.0,0.0
2010-10-15,25.73833332185981,25.894941934749827,25.52751010952767,25.864826202392578,3481695,0.0,0.0
2010-10-18,25.744368702132387,25.900980012979275,25.65401622411823,25.87688636779785,2740434,0.0,0.0
2010-10-19,25.73833981446859,25.84676118920375,25.42511727534424,25.6600341796875,2988167,0.0,0.0
2010-10-20,25.73834516727912,26.13589290781977,25.660039516212784,26.075658798217773,3456409,0.0,0.0
2010-10-21,26.190100288727628,26.292499565546567,26.03348901425936,26.244312286376953,3022564,0.0,0.0
2010-10-22,26.32262796911529,26.431049388623784,26.16601663487944,26.382862091064453,2329483,0.0,0.0
2010-10-25,26.47321698745935,26.575616312659125,26.38888920906999,26.497310638427734,2818228,0.0,0.0
2010-10-26,26.376828335454817,26.65390779118878,26.172029794129664,26.617767333984375,4152338,0.0,0.0
2010-10-27,26.76232773720947,26.949057348569024,26.425014204103068,26.912914276123047,4087415,0.0,0.0
2010-10-28,26.955098151890375,26.961122873867176,26.587666009193182,26.726205825805664,3118468,0.0,0.0
2010-10-29,26.665964023671265,26.912925210331803,26.57561154018128,26.798479080200195,2911967,0.0,0.0
2010-11-01,26.8346181493176,27.105675559201465,26.744265679356314,26.9370174407959,2668221,0.0,0.0
2010-11-02,27.10567360628021,27.183976631915478,26.918943960469008,26.997249603271484,3414153,0.0,0.0
2010-11-03,26.979175360721655,27.262279543361643,26.89484762462689,27.189998626708984,4404057,0.0,0.0
2010-11-04,27.376727846835422,27.563457489013675,27.322515846385787,27.563457489013672,3253781,0.0,0.0
2010-11-05,27.509254964236014,27.623701106180466,27.42492457511817,27.61165428161621,3452765,0.0,0.0
2010-11-08,27.436960243140426,27.587549414712445,27.196021232658985,27.38877296447754,2427892,0.0,0.0
2010-11-09,27.400829404560156,27.497206612890917,27.196030781171192,27.292407989501953,2412858,0.0,0.0
2010-11-10,27.503233524605463,27.53335189819336,27.20808236181652,27.53335189819336,2985661,0.0,0.0
2010-11-11,27.400826550530446,27.60562515258789,27.190005845736533,27.60562515258789,2846703,0.0,0.0
2010-11-12,27.515268414344373,27.527315235119886,27.220119996760673,27.358659744262695,3220864,0.0,0.0
2010-11-15,27.479135018581744,27.708027289345917,27.33457313209989,27.352642059326172,3704825,0.0,0.0
2010-11-16,27.111708633319214,27.17194276528066,26.702111301644475,26.882816314697266,3656418,0.0,0.0
2010-11-17,26.804505718442204,26.88281138421454,26.6900595801214,26.786434173583984,2860371,0.0,0.0
2010-11-18,27.003281618513483,27.37071367334133,26.858717114496006,27.268314361572266,2821873,0.0,0.0
2010-11-19,27.256271281147782,27.35867060698076,27.105684653080058,27.340599060058594,2613436,0.0,0.0
2010-11-22,27.202050292803754,27.485154525885083,27.081579459751147,27.455036163330078,2299185,0.0,0.0
2010-11-23,27.226144871023482,27.226144871023482,26.846666052201343,27.105676651000977,2880417,0.0,0.0
2010-11-24,27.208077985524223,27.677911975516654,27.208077985524223,27.551416397094727,2607057,0.0,0.0
2010-11-26,27.37071035596642,27.45503811307467,27.159887037444403,27.394804000854492,925551,0.0,0.0
2010-11-29,27.17192329196578,27.232159997925812,26.75027943607845,27.141807556152344,3282826,0.0,0.0
2010-11-30,26.937013069312076,27.099646441982415,26.76835497827726,26.846660614013672,6109596,0.0,0.0
2010-12-01,27.177947011281706,27.822458280617557,27.177947011281706,27.77427101135254,5911296,0.0,0.0
2010-12-02,27.816445999371155,28.268205733945507,27.74416245279203,28.12364387512207,5643176,0.0,0.0
2010-12-03,28.033279992066824,28.159772875624167,27.94894965825104,28.14772605895996,2131639,0.0,0.0
2010-12-06,28.03931615988102,28.153762284194798,27.948963680984075,28.06340980529785,2236996,0.0,0.0
2010-12-07,28.304350839002154,28.41277486806269,28.009202353599207,28.01522445678711,4054271,0.0,0.0
2010-12-08,28.10020087168417,28.233752228376257,28.057709416213346,28.203401565551758,3708356,0.316067,0.0
2010-12-09,28.264096443556923,28.373363542250917,28.112332627887106,28.24588394165039,2389394,0.0,0.0
2010-12-10,28.31873131169479,28.379435255413675,28.142685918537417,28.24588394165039,2673575,0.0,0.0
2010-12-13,28.215542464038595,28.294456297744393,28.033427936078095,28.209470748901367,4879476,0.0,0.0
2010-12-14,28.26411459053247,28.50086144183031,28.221620483855038,28.428016662597656,3703231,0.0,0.0
2010-12-15,28.421942488853855,28.51299712778259,28.26410952455586,28.28839111328125,3373832,0.0,0.0
2010-12-16,28.29446094811789,28.56156370640404,28.209475385306956,28.440153121948242,3991739,0.0,0.0
2010-12-17,28.537277662682296,28.537277662682296,28.26410586848306,28.44622039794922,4829132,0.0,0.0
2010-12-20,28.49479393552288,28.52514460975373,28.288397745385325,28.3915958404541,3001948,0.0,0.0
2010-12-21,28.452293916635522,28.531210400894334,28.336955048314877,28.440153121948242,3464382,0.0,0.0
2010-12-22,28.452288544604542,28.537276728952026,28.40372537502457,28.47657012939453,2093368,0.0,0.0
2010-12-23,28.512993451778048,28.525134244575504,28.12448544467679,28.239824295043945,1639818,0.0,0.0
2010-12-27,28.209481484020845,28.32482037727704,27.98487277737268,28.270185470581055,1504619,0.0,0.0
2010-12-28,28.39157604415745,28.421929334807764,28.12447605421262,28.24588394165039,1766475,0.0,0.0
2010-12-29,28.32480959826534,28.34909118364906,28.197329956209508,28.209470748901367,2167403,0.0,0.0
2010-12-30,28.09413483466087,28.288390175607983,28.015218355127715,28.185192108154297,1877983,0.0,0.0
2010-12-31,28.130563396351906,28.17912658286148,27.93023893320819,28.094141006469727,1680595,0.0,0.0
2011-01-03,28.379439459362455,28.79830068944279,28.36729866882022,28.561553955078125,3674642,0.0,0.0
2011-01-04,28.50692957409116,28.61619672919959,28.39765978139963,28.45836639404297,3259818,0.0,0.0
2011-01-05,28.452302529154803,28.913658142089844,28.415880134067905,28.913658142089844,4345627,0.0,0.0
2011-01-06,28.859008760812426,29.144321335646993,28.8043765143665,29.13825225830078,3760522,0.0,0.0
2011-01-07,28.986481421032853,29.25965313783618,28.907567609032746,29.205020904541016,3759611,0.0,0.0
2011-01-10,28.913655050306485,29.308237548847455,28.82866947085803,29.217180252075195,3442400,0.0,0.0
2011-01-11,29.253600711201063,29.544982459077733,29.16254342044272,29.350727081298828,3201615,0.0,0.0
2011-01-12,29.538905423696963,29.751370619851905,29.344650098239004,29.733158111572266,2614688,0.0,0.0
2011-01-13,29.636040569134682,29.714957065812477,29.247529802836358,29.447856903076172,2438485,0.0,0.0
2011-01-14,29.459993356112925,29.708880968464904,29.39321766587835,29.593542098999023,1996325,0.0,0.0
2011-01-18,29.42357202708325,29.824220907695462,29.41750031067002,29.721025466918945,2887251,0.0,0.0
2011-01-19,29.727098361606608,29.727098361606608,29.502489664399306,29.569265365600586,2186311,0.0,0.0
2011-01-20,29.587476761806236,29.884930228586406,29.53284185947075,29.799942016601562,3014819,0.0,0.0
2011-01-21,29.866707177540306,29.89706047648024,29.62388869876821,29.769580841064453,2481312,0.0,0.0
2011-01-24,29.757445150803036,30.18844997496746,29.757445150803036,30.060970306396484,4189014,0.0,0.0
2011-01-25,29.903138249959486,30.17023839052692,29.769589498467386,30.164169311523438,2499194,0.0,0.0
2011-01-26,30.133813714973023,30.17023609897717,29.399286406015445,29.42357063293457,5101695,0.0,0.0
2011-01-27,28.96221182317258,29.605679141600856,28.937927599051637,29.53890609741211,3825901,0.0,0.0
2011-01-28,29.617811069359103,29.818138054709546,28.99255380920163,29.071470260620117,3262666,0.0,0.0
2011-01-31,29.19288591391395,29.223236574532887,28.852938469355692,29.077547073364258,3015161,0.0,0.0
2011-02-01,29.180746862735077,29.763512867592766,29.180746862735077,29.6906681060791,2395089,0.0,0.0
2011-02-02,29.53890686746757,29.787794454763986,29.417496294028673,29.6906681060791,2525277,0.0,0.0
2011-02-03,29.544971204221756,29.806002180797467,29.362856692079742,29.793861389160156,1938122,0.0,0.0
2011-02-04,29.787799328670392,29.98812641198485,29.575334087367057,29.951704025268555,2252031,0.0,0.0
2011-02-07,29.94561926792988,30.091311388932073,29.793858070576224,30.04274559020996,2682231,0.0,0.0
2011-02-08,30.006335409128024,30.09132361323077,29.806010969254526,30.060970306396484,1877072,0.0,0.0
2011-02-09,29.897062575428063,29.963838255234485,29.739229629991545,29.854568481445312,1813971,0.0,0.0
2011-02-10,29.866702037435598,30.103451398224262,29.526754643110642,30.097379684448242,2487690,0.0,0.0
2011-02-11,29.969909121881138,30.20058683855843,29.82421696065971,30.188446044921875,2093938,0.0,0.0
2011-02-14,30.127742837594628,30.261291570969384,29.957769084807527,30.2066593170166,2052136,0.0,0.0
2011-02-15,30.073121396755685,30.158106992369003,29.927429166691663,30.079193115234375,1790052,0.0,0.0
2011-02-16,30.158104848334997,30.19452988144947,29.84244144948584,30.048837661743164,2223328,0.0,0.0
2011-02-17,30.00026868544531,30.297722147989862,29.878858086160115,30.25522804260254,1587994,0.0,0.0
2011-02-18,30.22486262251651,30.32199159054251,30.060960621101607,30.315919876098633,3159358,0.0,0.0
2011-02-22,29.9092055565871,30.200587245372176,29.708878502511304,29.812076568603516,2692027,0.0,0.0
2011-02-23,29.78779027258123,29.866706738599284,29.5328310054967,29.65424156188965,2887251,0.0,0.0
2011-02-24,29.751375719389607,29.89099618152297,29.43571240990328,29.739234924316406,2305222,0.0,0.0
2011-02-25,29.8545695724202,30.1945170615396,29.739230716751607,30.1156005859375,1902813,0.0,0.0
2011-02-28,30.188440602255817,30.37055511155352,30.030607675853496,30.35234260559082,2990331,0.0,0.0
2011-03-01,30.364486966602197,30.41305277568455,29.86670918356482,29.98204803466797,3416089,0.0,0.0
2011-03-02,29.903136526454844,30.352351212567317,29.836363473348953,30.24915313720703,2903881,0.0,0.0
2011-03-03,30.431253840804228,30.777270293992466,30.382690683356447,30.674072265625,3121543,0.0,0.0
2011-03-04,30.583027821852962,30.686225893396124,30.346281011454696,30.552677154541016,2600451,0.0,0.0
2011-03-07,30.643730450566597,30.76513837920763,30.218797425157696,30.394840240478516,3811891,0.0,0.0
2011-03-08,30.47376617203802,30.95940331251071,30.27951078833225,30.886558532714844,3576232,0.0,0.0
2011-03-09,30.813200286669453,31.18613731330345,30.6114456399999,31.124998092651367,3527141,0.316067,0.0
2011-03-10,30.788740833704665,31.02717740212616,30.611443481624406,30.807083129882812,3588192,0.0,0.0
2011-03-11,30.660349631053805,30.978265023487207,30.489164624080328,30.819307327270508,2457393,0.0,0.0
2011-03-14,30.666456015612486,30.72147757040039,30.45247415280244,30.62977409362793,2751255,0.0,0.0
2011-03-15,29.993939990216102,30.562516305278795,29.95725541937946,30.15900993347168,2975524,0.0,0.0
2011-03-16,29.896128533595533,30.079540821400347,29.425373161699902,29.565988540649414,4288221,0.0,0.0
2011-03-17,30.036738845540775,30.036738845540775,29.700483926748714,29.8166446685791,2724260,0.0,0.0
2011-03-18,30.1223273123209,30.31185186076964,30.03062120013544,30.14678192138672,4708740,0.0,0.0
2011-03-21,30.281296957607953,30.75816733659434,30.27518197472354,30.507503509521484,3150930,0.0,0.0
2011-03-22,30.45859607015541,30.727599549006133,30.385229553102686,30.605323791503906,2669360,0.0,0.0
2011-03-23,30.648113726431276,30.67868332294067,30.22015265718905,30.62977409362793,2460468,0.0,0.0
2011-03-24,30.71537628773612,30.855991700753325,30.330211983856973,30.788740158081055,2212052,0.0,0.0
2011-03-25,30.87432058623213,31.118869370874023,30.78261445994421,30.794841766357422,1909306,0.0,0.0
2011-03-28,30.782623291015625,31.00271752597282,30.697029465189896,30.782623291015625,1897460,0.0,0.0
2011-03-29,30.727576619841596,31.02103449993644,30.568619050617663,30.959897994995117,1744948,0.0,0.0
2011-03-30,31.002709848807573,31.302282852257843,30.892661430390923,31.271713256835938,2825517,0.0,0.0
2011-03-31,31.265609601130585,31.485703861315,31.23504265101361,31.369543075561523,2833035,0.0,0.0
2011-04-01,31.406216684552263,31.75469891996397,31.400101702839763,31.595741271972656,2650225,0.0,0.0
2011-04-04,31.72413104204978,31.79749488830566,31.534606444366446,31.797494888305664,2230276,0.0,0.0
2011-04-05,31.730245160125325,31.913657442503755,31.63854167531421,31.662996292114258,1796203,0.0,0.0
2011-04-06,31.870865626322974,32.38441793111704,31.699680639265516,32.262142181396484,3441489,0.0,0.0
2011-04-07,32.18266894829235,32.39664820944056,32.02982358303957,32.35996627807617,2741345,0.0,0.0
2011-04-08,32.40276813488333,32.40276813488333,31.9014403606392,32.06651306152344,1880147,0.0,0.0
2011-04-11,32.219341692213035,32.29882051569486,32.017587142672,32.04815673828125,2200206,0.0,0.0
2011-04-12,31.944237412269217,31.99314666174751,31.71191582086837,31.81584930419922,1907825,0.0,0.0
2011-04-13,31.803618879241117,31.925891990970097,31.516273082109958,31.828073501586914,2902742,0.0,0.0
2011-04-14,31.705803492873066,31.96257970901306,31.41234268324539,31.81584930419922,2203168,0.0,0.0
2011-04-15,31.8219594645279,32.00536912226753,31.58963525196725,31.86475372314453,2967437,0.0,0.0
2011-04-18,31.436786922162863,31.71801767013135,31.436786922162863,31.62019920349121,2020700,0.0,0.0
2011-04-19,31.724141374191593,31.760823309266364,31.546844026474123,31.7119140625,2683142,0.0,0.0
2011-04-20,31.974796473572635,32.32327874571696,31.956454182879526,32.25602722167969,2316498,0.0,0.0
2011-04-21,32.29881088677939,32.40274429321289,32.12151100403125,32.40274429321289,1742784,0.0,0.0
2011-04-25,32.28047685214456,32.58004984467115,32.2621345642847,32.506683349609375,2050883,0.0,0.0
2011-04-26,32.55560474648686,32.989678236796735,32.55560474648686,32.90408706665039,2164100,0.0,0.0
2011-04-27,32.80014243005058,33.21587614190035,32.76957283722249,33.185306549072266,1998034,0.0,0.0
2011-04-28,33.12417745513226,33.17920167202301,32.91019557005852,33.14251708984375,2278000,0.0,0.0
2011-04-29,33.08139112164968,33.295373075124964,33.06305148107574,33.23423385620117,4196190,0.0,0.0
2011-05-02,33.35037533253692,33.55824218114587,33.2097599919563,33.442081451416016,3121999,0.0,0.0
2011-05-03,33.3809541578574,33.60104837277241,33.03247187227348,33.264793395996094,3417000,0.0,0.0
2011-05-04,33.313701016855546,33.558249837535,32.98967336458911,33.20365524291992,4031035,0.0,0.0
2011-05-05,33.09973100280668,33.09973100280668,32.54338168330689,32.732906341552734,3872600,0.0,0.0
2011-05-06,33.10584086690752,33.154750109734195,32.62285545304759,32.76347351074219,4333667,0.0,0.0
2011-05-09,32.65953223931372,33.08749332456613,32.65953223931372,32.96521759033203,3469622,0.0,0.0
2011-05-10,32.97745446899298,33.270912597394506,32.95299984632441,33.11195755004883,3437844,0.0,0.0
2011-05-11,33.105832566720075,33.13640216401174,32.628962255962165,32.885738372802734,3530900,0.0,0.0
2011-05-12,32.90407804218511,33.38706064011298,32.81848689551349,33.36872100830078,3530900,0.0,0.0
2011-05-13,33.30147151045239,33.46042916313376,32.92241966804984,33.020240783691406,3351394,0.0,0.0
2011-05-16,32.95909780963119,33.06914355481053,32.659524852076906,32.75734329223633,3321210,0.0,0.0
2011-05-17,32.62284684228268,32.87962561210345,32.51891605689771,32.81848907470703,2982699,0.0,0.0
2011-05-18,32.794029824599235,33.1975362598241,32.58616560999379,33.16085433959961,2451242,0.0,0.0
2011-05-19,33.295368836597866,33.53991771202479,33.11195651593302,33.1669807434082,3271208,0.0,0.0
2011-05-20,33.14863448228355,33.277022560110524,32.916312945608226,33.118064880371094,2794423,0.0,0.0
2011-05-23,32.66565441128647,32.781815198452634,32.54338129657407,32.659542083740234,3189200,0.0,0.0
2011-05-24,32.696222268506,32.757358822590646,32.46390070660571,32.54949188232422,3115279,0.0,0.0
2011-05-25,32.53115501922129,32.69011007340036,32.43944885208239,32.60451889038086,3670883,0.0,0.0
2011-05-26,32.543369295201664,32.89185152818658,32.37218434135527,32.78791809082031,2809230,0.0,0.0
2011-05-27,32.76957740657876,33.111947331033896,32.76957740657876,33.093605041503906,2234832,0.0,0.0
2011-05-31,33.4787811974161,33.69887279482351,33.252571959957166,33.6927604675293,4867630,0.0,0.0
2011-06-01,33.55213794636238,33.686638338470914,33.270904541015625,33.270904541015625,5077434,0.0,0.0
2011-06-02,33.258663919082345,33.362597326841254,32.983548262619244,33.1791877746582,3031790,0.0,0.0
2011-06-03,32.8246002414453,32.88573677668341,32.4394360848785,32.573936462402344,3668833,0.0,0.0
2011-06-06,32.55561172324741,32.702342131321494,32.353857080098166,32.49447250366211,2906728,0.0,0.0
2011-06-07,32.5555945999991,32.732891868233864,32.32938545054645,32.396636962890625,3755625,0.0,0.0
2011-06-08,32.43357714746988,32.48897774304852,32.17504460083409,32.29815673828125,3460396,0.316067,0.0
2011-06-09,32.37816566912259,32.661322687713366,32.18734472849298,32.45203399658203,2371284,0.0,0.0
2011-06-10,32.35356018074438,32.40896078577765,31.9719181060791,31.9719181060791,3984336,0.0,0.0
2011-06-13,31.996533915902596,32.5259099450995,31.867267645115582,32.40895462036133,3596051,0.0,0.0
2011-06-14,32.65516772035527,32.71672243458548,32.39048111189156,32.42741394042969,3745146,0.0,0.0
2011-06-15,32.1319626657491,32.26738578199836,31.70723090495669,31.799564361572266,3544226,0.0,0.0
2011-06-16,31.984226830626756,31.984226830626756,31.60873624444124,31.89189338684082,3162661,0.0,0.0
2011-06-17,32.33508271864612,32.40279424615253,31.75646034210675,31.80570411682129,4927542,0.0,0.0
2011-06-20,31.787240867471347,32.4520398880107,31.565641193958232,32.255062103271484,2821303,0.0,0.0
2011-06-21,32.32278388126905,32.51976172845191,32.05809448121884,32.43973922729492,2426867,0.0,0.0
2011-06-22,32.365857580377224,32.544370269140195,32.23043720476653,32.23659133911133,2555005,0.0,0.0
2011-06-23,31.910364278900506,31.9842326521033,31.60874199757442,31.95960807800293,4830385,0.0,0.0
2011-06-24,32.00885709896676,32.03347900047742,31.479478192839466,31.528724670410156,3216194,0.0,0.0
2011-06-27,31.491780330048588,31.91651198799084,31.28249156900645,31.774934768676758,2483476,0.0,0.0
2011-06-28,31.811861142997287,32.113483277003674,31.639505255772516,32.064239501953125,2724602,0.0,0.0
2011-06-29,32.07039748800384,32.439731194333206,31.947285361044663,32.335086822509766,3896519,0.0,0.0
2011-06-30,32.495122788809084,32.495122788809084,32.261212200186655,32.42741394042969,2725058,0.0,0.0
2011-07-01,32.35354761085328,33.23379211427947,32.3043038364219,33.172237396240234,3382602,0.0,0.0
2011-07-05,33.23993220550513,33.23993220550513,32.93831287726801,33.036800384521484,2673916,0.0,0.0
2011-07-06,33.049123505092766,33.412300333779804,32.9752578474252,33.23994445800781,2379599,0.0,0.0
2011-07-07,33.461554151508295,33.867820739746094,33.443089068821585,33.867820739746094,3195578,0.0,0.0
2011-07-08,33.51695841434002,33.79395875587185,33.0983808336827,33.54773712158203,3130314,0.0,0.0
2011-07-11,33.25226958645502,33.344603035202994,33.03682665574228,33.15993881225586,2290415,0.0,0.0
2011-07-12,33.19687328067102,33.36307242672749,32.93218386967628,33.12300491333008,2611727,0.0,0.0
2011-07-13,33.2584297451286,33.418474762339365,32.9691184215704,33.04914093017578,1987897,0.0,0.0
2011-07-14,33.13530806496963,33.313820792367395,32.72904150111544,32.80290985107422,2128335,0.0,0.0
2011-07-15,32.85831760138587,32.9875838987823,32.45205094904757,32.692115783691406,3044433,0.0,0.0
2011-07-18,32.46436513388956,32.56900954455153,32.002697829631096,32.218143463134766,2230276,0.0,0.0
2011-07-19,32.445882630578026,32.73519383149898,32.24890484855839,32.642860412597656,2613891,0.0,0.0
2011-07-20,32.415112065309266,32.61824401636642,32.224288385993596,32.29815673828125,2288479,0.0,0.0
2011-07-21,32.41511627925721,33.018358074979034,32.35971567647652,32.71673583984375,2702050,0.0,0.0
2011-07-22,32.78443721628184,32.88908157814865,32.56899435778729,32.76597213745117,1887779,0.0,0.0
2011-07-25,32.56284438172017,32.716732552159066,32.34124466741458,32.59977722167969,2776540,0.0,0.0
2011-07-26,32.642873149076244,32.882940666797964,32.58131840397414,32.735206604003906,3317338,0.0,0.0
2011-07-27,32.655176599192295,32.655176599192295,32.18120115892584,32.24275588989258,4268175,0.0,0.0
2011-07-28,32.05809141123826,32.24275829244723,31.67644670170964,31.873424530029297,2878936,0.0,0.0
2011-07-29,31.793395699344437,32.00884124266093,31.442529764802885,31.694908142089844,3313921,0.0,0.0
2011-08-01,31.861104093895943,31.97190525944143,30.900839807058013,31.177837371826172,3906087,0.0,0.0
2011-08-02,30.93778365625923,31.19016209857445,30.506895133150827,30.531517028808594,4827879,0.0,0.0
2011-08-03,30.543831046529647,30.68540829806579,30.24220878258351,30.574609756469727,4262024,0.0,0.0
2011-08-04,30.242198857160133,30.371467791753272,29.472755432128906,29.472755432128906,5298742,0.0,0.0
2011-08-05,29.71282419617931,30.13755850486921,28.906447900132523,29.7928466796875,8121184,0.0,0.0
2011-08-08,29.164973817473513,29.626640858186207,28.093908422658174,28.100065231323242,9775012,0.0,0.0
2011-08-09,28.746405776293447,28.906450759139155,27.71842968368544,28.807960510253906,12158142,0.0,0.0
2011-08-10,28.358599560151028,28.487865805100515,27.52760150703352,27.5830020904541,10187330,0.0,0.0
2011-08-11,27.810763121900386,29.13420461206712,27.72458649435574,28.807960510253906,6959290,0.0,0.0
2011-08-12,28.96184865614314,29.374269347040745,28.660226476041863,29.09726905822754,4912165,0.0,0.0
2011-08-15,29.14651137712289,29.47891224191587,28.93106850189725,29.472755432128906,3713254,0.0,0.0
2011-08-16,29.048035329220887,29.638968948302434,28.998791529601387,29.528167724609375,4477295,0.0,0.0
2011-08-17,29.602026210204947,29.82362323446951,29.214224731371228,29.448135375976562,4009052,0.0,0.0
2011-08-18,28.56789867390878,28.894142809563604,28.210875830806767,28.574052810668945,7277641,0.0,0.0
2011-08-19,28.235483394034397,28.967993793230402,28.1923964349387,28.512483596801758,7058383,0.0,0.0
2011-08-22,29.140362212293965,29.23269565301068,28.660229925296182,28.74640655517578,3961214,0.0,0.0
2011-08-23,27.80460682361912,29.737449576533038,27.80460682361912,29.712827682495117,3904492,0.0,0.0
2011-08-24,29.595874403781536,30.045228013001136,29.441986218083713,30.01445198059082,3915426,0.0,0.0
2011-08-25,30.162179527521484,30.162179527521484,29.46660437454353,29.51584815979004,6523623,0.0,0.0
2011-08-26,29.62048296773271,30.051371298478596,28.980305942780316,29.965194702148438,5433486,0.0,0.0
2011-08-29,30.229888769498572,30.414555624671195,30.18680179796031,30.408401489257812,8787499,0.0,0.0
2011-08-30,30.328387448753507,30.839298510393633,30.17449657690968,30.685407638549805,3246378,0.0,0.0
2011-08-31,30.88854279006204,31.177851428712458,30.60538828863449,30.79620933532715,4335831,0.0,0.0
2011-09-01,30.919320823277577,31.14092326860044,30.519210943270632,30.56845474243164,3306175,0.0,0.0
2011-09-02,30.16218283316348,30.223740246016444,29.774383970023575,29.860563278198242,3281459,0.0,0.0
2011-09-06,29.146521110147518,29.60818838915207,28.980321959525487,29.55278778076172,3844353,0.0,0.0
2011-09-07,29.918709807360194,30.402469635009766,29.763658960579065,30.402469635009766,2821189,0.316067,0.0
2011-09-08,30.340438419252806,30.53890439856918,30.104760574081094,30.210195541381836,3147968,0.0,0.0
2011-09-09,29.88768688151949,30.005525791773707,29.261277773532928,29.534170150756836,4583108,0.0,0.0
2011-09-12,29.26748474012434,29.999326200698494,29.14964581520554,29.962114334106445,4041400,0.0,0.0
2011-09-13,30.067555469084024,30.210202334315053,29.738846537984635,30.141979217529297,3466319,0.0,0.0
2011-09-14,30.371458198344445,30.979260262553613,29.90630300741798,30.638147354125977,4184800,0.0,0.0
2011-09-15,30.97304317264951,31.351367789288386,30.61952646253573,31.34516716003418,3421100,0.0,0.0
2011-09-16,31.55604913873995,31.754515161660283,31.146713134888962,31.48162269592285,6264272,0.0,0.0
2011-09-19,31.066086805393784,31.549846568907032,30.948247854092415,31.400999069213867,2977118,0.0,0.0
2011-09-20,31.587056714735418,31.878553761143984,31.345178193596986,31.45681381225586,2746129,0.0,0.0
2011-09-21,31.444418403300958,31.45682236430194,30.464494705200195,30.464494705200195,4247901,0.0,0.0
2011-09-22,29.68301570129852,30.12956340579847,29.044205374911183,29.391521453857422,8672232,0.0,0.0
2011-09-23,29.292296458872343,29.41013539910895,28.93257900696848,29.124841690063477,5469592,0.0,0.0
2011-09-26,29.372913441506984,29.639602470638742,28.93876970106754,29.614791870117188,4694047,0.0,0.0
2011-09-27,30.17298203826836,30.334236142979364,29.7202336527971,29.788454055786133,5171288,0.0,0.0
2011-09-28,29.86287626836214,30.055138885122258,29.540368104404983,29.565176010131836,4376949,0.0,0.0
2011-09-29,29.99312467756632,30.216398565227497,29.360514880067235,29.844274520874023,4002332,0.0,0.0
2011-09-30,29.51557703878847,29.6644272528301,29.22407993805325,29.242687225341797,4349385,0.0,0.0
2011-10-03,28.957376655915795,29.701621904930995,28.814729851961097,28.82093048095703,6441387,0.0,0.0
2011-10-04,28.504634349831328,29.4101339558592,28.43641124151491,29.35431480407715,5494878,0.0,0.0
2011-10-05,29.43493377247836,29.93730061082484,28.99458939449848,29.862876892089844,4883804,0.0,0.0
2011-10-06,29.85048382632056,30.266020449613922,29.527975537999072,30.259817123413086,3061176,0.0,0.0
2011-10-07,30.507891934264713,30.693951239613238,30.123363980369312,30.30322265625,3636485,0.0,0.0
2011-10-10,30.74358301090791,31.010269477657765,30.557520930544033,30.99166488647461,3099447,0.0,0.0
2011-10-11,30.9172364840073,31.351380412507012,30.793196901438936,31.18392562866211,2861054,0.0,0.0
2011-10-12,31.432011598185255,31.915771422962305,31.345183879034963,31.766923904418945,3484087,0.0,0.0
2011-10-13,31.568459186954488,31.673894197760397,31.369993125745978,31.562255859375,3523497,0.0,0.0
2011-10-14,31.940576312016713,32.114234428595196,31.72350568736009,32.077022552490234,2463771,0.0,0.0
2011-10-17,31.847538950080946,31.990188488955553,31.556044631099436,31.630468368530273,2643391,0.0,0.0
2011-10-18,31.630474649720018,32.20726546623527,31.3823927809316,32.077022552490234,4094249,0.0,0.0
2011-10-19,31.983981227102454,32.23206301609459,31.686283619262785,31.723495483398438,3651065,0.0,0.0
2011-10-20,31.859958287031365,32.05222103266002,31.40720696716421,31.72971534729004,3746285,0.0,0.0
2011-10-21,31.990187014804807,32.41812752744423,31.909559955592748,32.405723571777344,3292280,0.0,0.0
2011-10-24,32.405741278050186,32.83368202451347,32.39333731560586,32.66002655029297,2442586,0.0,0.0
2011-10-25,32.54217209675859,32.74063540156471,32.20725988038857,32.294090270996094,5563104,0.0,0.0
2011-10-26,32.635198759923746,32.635198759923746,30.7931885527711,31.518829345703125,6026905,0.0,0.0
2011-10-27,32.219669455341204,32.80886423111411,32.114234458899986,32.72823715209961,5498067,0.0,0.0
2011-10-28,32.58558704722884,32.78405306171132,32.40572831634834,32.622798919677734,3026437,0.0,0.0
2011-10-31,32.32509844942782,32.93910102861507,32.21966347256451,32.45534133911133,5305006,0.0,0.0
2011-11-01,31.946771376393837,31.97157928738111,31.295554281336763,31.438203811645508,4792001,0.0,0.0
2011-11-02,31.43200772405573,31.83514041255618,31.3017648140055,31.599462509155273,2948871,0.0,0.0
2011-11-03,31.735909789630682,32.48635872611935,31.642878751569754,32.343711853027344,3511993,0.0,0.0
2011-11-04,32.11421781813487,32.182440903084554,31.66767014633283,32.02118682861328,3053659,0.0,0.0
2011-11-07,31.928160845269165,32.20725385759432,31.66767511166742,32.120426177978516,2648403,0.0,0.0
2011-11-08,32.42431919441686,32.80264374836129,32.021184043304714,32.777835845947266,3080539,0.0,0.0
2011-11-09,32.232070463189615,32.232070463189615,31.369985979891812,31.500228881835938,3315060,0.0,0.0
2011-11-10,31.909566146167993,31.94677802038788,31.469218897678026,31.74831199645996,2303172,0.0,0.0
2011-11-11,32.02118670089742,32.39951398099474,31.99017816768318,32.34989547729492,1717043,0.0,0.0
2011-11-14,32.22587080716265,32.31269851283507,31.909565837223248,32.02740478515625,1717954,0.0,0.0
2011-11-15,31.872337742902687,32.59177502231809,31.8599337912621,32.52355194091797,2283012,0.0,0.0
2011-11-16,32.18864219739935,32.43672663775571,31.531227323143124,31.58704376220703,3194098,0.0,0.0
2011-11-17,31.432013839938033,31.506440299273425,30.80560708450339,31.028881072998047,4061560,0.0,0.0
2011-11-18,31.072279326772637,31.214926145085172,30.861409414113854,30.942033767700195,2837363,0.0,0.0
2011-11-21,30.74358054066966,30.74358054066966,30.27222205073553,30.545114517211914,2973018,0.0,0.0
2011-11-22,30.42106790315827,30.464483097497375,30.10476297601934,30.24740982055664,2106922,0.0,0.0
2011-11-23,30.030343481735997,30.048948071399643,29.62721080370995,29.683027267456055,2440535,0.0,0.0
2011-11-25,29.55279560789769,29.906312588354147,29.52178704840542,29.72645378112793,1783674,0.0,0.0
2011-11-28,30.073745190801727,30.433462506980902,30.073745190801727,30.321826934814453,3257540,0.0,0.0
2011-11-29,30.408659950533814,30.4396711845226,30.10475901960875,30.2412052154541,2555233,0.0,0.0
2011-11-30,30.99785420445241,31.72969829974547,30.88621861383412,31.686283111572266,3748563,0.0,0.0
2011-12-01,31.704894854927293,32.02119980856568,31.599459870381164,31.94057273864746,2393039,0.0,0.0
2011-12-02,32.24448235562811,32.31890611940925,31.686298737758065,31.81654167175293,2167631,0.0,0.0
2011-12-05,32.41193830354945,32.55458519129688,32.10183391323469,32.30650329589844,2898755,0.0,0.0
2011-12-06,32.33750915527344,32.53597519401347,32.30029727827632,32.33750915527344,2313423,0.0,0.0
2011-12-07,32.33436738213559,32.765577215916636,31.85941366951991,32.603092193603516,3547302,0.346795,0.0
2011-12-08,32.45934817130141,32.68432633097027,32.1906234286813,32.253116607666016,2989306,0.0,0.0
2011-12-09,32.44061763892804,32.96556607692569,32.42811899589597,32.79683303833008,2094507,0.0,0.0
2011-12-12,32.58435277526216,32.63434734644498,32.15314552582222,32.353126525878906,2500788,0.0,0.0
2011-12-13,32.503104057829105,32.790578218107896,31.971907767049004,32.146888732910156,2687926,0.0,0.0
2011-12-14,32.065658372359856,32.36563128681205,31.85942936958415,31.940671920776367,2884745,0.0,0.0
2011-12-15,32.140655510181084,32.27814061783743,31.8719305449545,31.97817039489746,2084256,0.0,0.0
2011-12-16,32.1656464468448,32.540611187924746,31.99691339948905,32.328128814697266,5249195,0.0,0.0
2011-12-19,32.346875153268144,32.72808782335167,32.053152980878664,32.15314483642578,2001793,0.0,0.0
2011-12-20,32.678101871656644,33.60301252394235,32.66560322583257,33.51552200317383,3346610,0.0,0.0
2011-12-21,33.59675521259343,33.671747066676296,33.00306291279083,33.528011322021484,3042383,0.0,0.0
2011-12-22,33.54676065501629,33.727992326776345,33.421771516175546,33.640499114990234,1791419,0.0,0.0
2011-12-23,33.74673693781437,33.96546723902484,33.627998484830876,33.95296859741211,1249141,0.0,0.0
2011-12-27,33.88423307921018,34.08421410972796,33.752995952202554,34.02172088623047,1380012,0.0,0.0
2011-12-28,34.04671684110165,34.05921548531124,33.490520385460684,33.62175750732422,1430470,0.0,0.0
2011-12-29,33.79048185647488,34.059206710738806,33.70299136954767,33.9654655456543,1539131,0.0,0.0
2011-12-30,33.93422623556232,34.13420725769734,33.73424521342729,33.752994537353516,1908964,0.0,0.0
2012-01-03,34.30293235014659,34.365428271845126,33.996711565928976,34.034210205078125,2898755,0.0,0.0
2012-01-04,34.04672047254563,34.1154616653675,33.827990102559355,33.99672317504883,2141434,0.0,0.0
2012-01-05,34.02171328842452,34.346680693364824,33.90922279592487,34.24668884277344,2999101,0.0,0.0
2012-01-06,34.252949092662874,34.37168758163307,33.9592268527561,34.296695709228516,2486551,0.0,0.0
2012-01-09,34.22169247840563,34.30293228888352,33.97171422270805,34.16544723510742,2132891,0.0,0.0
2012-01-10,34.24044511580151,34.34043697876416,34.00296817483784,34.159202575683594,3083843,0.0,0.0
2012-01-11,34.121712239989144,34.22795208443566,33.99672306962373,34.127960205078125,2243488,0.0,0.0
2012-01-12,34.1716921953207,34.371673153110905,34.046705793779836,34.346675872802734,2344632,0.0,0.0
2012-01-13,34.1092136423344,34.35294130299218,33.97172582627217,34.3404426574707,2039038,0.0,0.0
2012-01-17,34.371692200317895,34.90289148954478,34.30919896491659,34.78415298461914,2683598,0.0,0.0
2012-01-18,34.85914061932667,35.32159593559629,34.77789806554166,35.30909729003906,3069605,0.0,0.0
2012-01-19,35.40907545447428,35.60280574323492,35.2153424503887,35.559059143066406,2149635,0.0,0.0
2012-01-20,35.565321611588764,35.684060095417145,35.24035412991537,35.49032974243164,2924724,0.0,0.0
2012-01-23,35.57156498727544,35.66530616929124,35.16535500875729,35.42158126831055,2606032,0.0,0.0
2012-01-24,35.127852445832836,35.5528116666394,35.03411128151815,35.45281982421875,2738384,0.0,0.0
2012-01-25,35.16536507005445,35.61532178633894,35.04037588649708,35.57157516479492,3510512,0.0,0.0
2012-01-26,35.03410733021446,35.20909099822143,34.77163318586636,34.88412094116211,4397907,0.0,0.0
2012-01-27,34.871635195365926,35.04036824836044,34.5591663775742,34.584163665771484,3338523,0.0,0.0
2012-01-30,34.365437916654834,34.421680460513144,34.090462300788325,34.3091926574707,4139468,0.0,0.0
2012-01-31,34.41543011904732,34.540416558240665,34.04046537081601,34.234195709228516,3566095,0.0,0.0
2012-02-01,34.53417302071659,34.671658121452836,34.3404426574707,34.3404426574707,3673275,0.0,0.0
2012-02-02,34.42790729226867,34.53414705699022,34.25917434692383,34.25917434692383,3284193,0.0,0.0
2012-02-03,34.62166669970746,34.79665046830702,34.52167752640842,34.69041061401367,3307770,0.0,0.0
2012-02-06,34.46541764771144,34.57790813531059,34.31543123602094,34.452919006347656,2564231,0.0,0.0
2012-02-07,34.34044071499394,34.37168596936724,34.14670764738064,34.290443420410156,3391942,0.0,0.0
2012-02-08,34.240440947399996,34.32793144093145,34.05920928170795,34.11545181274414,2478920,0.0,0.0
2012-02-09,34.29670324254546,34.30920189069156,34.00922890453196,34.102970123291016,3005252,0.0,0.0
2012-02-10,33.96547420366412,34.03421810429268,33.69674928090055,33.752994537353516,3571221,0.0,0.0
2012-02-13,33.94673294070737,34.1529646915647,33.734253223941465,33.89048767089844,2339164,0.0,0.0
2012-02-14,33.89047181842657,34.02795958802072,33.67799491637435,33.90297317504883,2378118,0.0,0.0
2012-02-15,33.80923826746975,33.95922199080565,33.54676403630636,33.61550521850586,2680067,0.0,0.0
2012-02-16,33.72174326150619,33.859231049277206,33.646751403808594,33.646751403808594,2881556,0.0,0.0
2012-02-17,33.7404881228603,34.04045822931791,33.6967415206576,33.90297317504883,3323146,0.0,0.0
2012-02-21,33.952970519565895,33.99046644652681,33.53425921352243,33.65924835205078,2704897,0.0,0.0
2012-02-22,33.596756916957766,33.902977742985335,33.596756916957766,33.62800216674805,2501586,0.0,0.0
2012-02-23,33.584261574695454,33.80298920602611,33.584261574695454,33.62175750732422,2112959,0.0,0.0
2012-02-24,33.72174113600175,33.72174113600175,33.50926150392588,33.63425064086914,2002818,0.0,0.0
2012-02-27,33.559255779553496,33.97796432742751,33.31552820625891,33.81547927856445,2343606,0.0,0.0
2012-02-28,33.96545957186668,34.1091952756296,33.74672932003106,34.084197998046875,2263649,0.0,0.0
2012-02-29,34.065450927904315,34.22793595822809,33.896717935435234,33.946712493896484,2581202,0.0,0.0
2012-03-01,34.12171035775166,34.40293393906638,34.02796916398009,34.290443420410156,2810027,0.0,0.0
2012-03-02,34.29044310493258,34.29044310493258,33.90298240392234,34.02172088623047,2047808,0.0,0.0
2012-03-05,33.98422316614318,34.127958941780925,33.846738070689014,34.0529670715332,2711503,0.0,0.0
2012-03-06,33.784247273165626,34.07796681040505,33.6342608065665,33.671756744384766,2562864,0.0,0.0
2012-03-07,33.88893686704667,34.29185260391054,33.769321514106906,34.16594314575195,3278042,0.346795,0.0
2012-03-08,34.31704236607424,34.442954588488696,34.159654139590295,34.37370300292969,1889487,0.0,0.0
2012-03-09,34.16595736906818,34.67589498996522,34.16595736906818,34.59405517578125,2308867,0.0,0.0
2012-03-12,34.56886903634753,34.68848443388626,34.51850523430579,34.549983978271484,1566695,0.0,0.0
2012-03-13,34.675884102200705,34.776614414411924,34.367401795082706,34.66958999633789,3189314,0.0,0.0
2012-03-14,34.59404489320624,34.87734257548316,34.43665394870087,34.74513626098633,2405112,0.0,0.0
2012-03-15,34.75144279509754,34.877352303365896,34.51850610173215,34.86476135253906,1901788,0.0,0.0
2012-03-16,34.78291768775362,34.94030593572568,34.56257468766855,34.68848419189453,4021923,0.0,0.0
2012-03-19,34.63181573631523,35.01584371032588,34.52479132262552,34.82697677612305,1975596,0.0,0.0
2012-03-20,34.56256952464779,34.80809438890109,34.54997857610606,34.67588806152344,2049061,0.0,0.0
2012-03-21,34.600342370273005,34.78920933377787,34.56256952464779,34.67588806152344,1498810,0.0,0.0
2012-03-22,34.619228651383004,34.75772907930354,34.51849833206213,34.65700149536133,1998831,0.0,0.0
2012-03-23,34.68217545920812,34.808084910339204,34.46812665690724,34.61922073364258,1922518,0.0,0.0
2012-03-26,34.89623890466906,35.12287874718566,34.85846605347949,35.085105895996094,2343720,0.0,0.0
2012-03-27,35.015850637312546,35.15435107718258,34.90882620245079,35.09139633178711,1905889,0.0,0.0
2012-03-28,35.06620562813476,35.09768436061731,34.770314296009126,34.91511154174805,1949171,0.0,0.0
2012-03-29,34.75772387997415,34.86474828959254,34.436650651118995,34.644405364990234,2164442,0.0,0.0
2012-03-30,34.79550005024635,35.05361857327178,34.732545313671324,34.74513626098633,3396042,0.0,0.0
2012-04-02,34.688487499516526,35.37470393680751,34.493326381667636,35.217315673828125,3300366,0.0,0.0
2012-04-03,35.35580479753837,35.35580479753837,34.94659489801381,35.22359848022461,3532267,0.0,0.0
2012-04-04,35.103977239545685,35.103977239545685,34.82697370366221,34.933998107910156,2298160,0.0,0.0
2012-04-05,34.877345532261856,35.034733754731526,34.77661794520247,35.003257751464844,1487990,0.0,0.0
2012-04-09,34.493327272975385,34.60664857589161,34.31075710203204,34.35482406616211,2214444,0.0,0.0
2012-04-10,34.31703947552917,34.323336317039974,33.85746578349105,33.94560241699219,3036232,0.0,0.0
2012-04-11,34.140756343677424,34.424056709552836,33.97707405849925,34.38628387451172,2826542,0.0,0.0
2012-04-12,34.40518208915664,34.63182190348396,34.304451763134026,34.61293411254883,1559861,0.0,0.0
2012-04-13,34.5688636436196,34.58775143412837,34.30445098876953,34.30445098876953,1817047,0.0,0.0
2012-04-16,34.39257476088486,34.57514479966725,34.29814132194077,34.436641693115234,1868757,0.0,0.0
2012-04-17,34.62550102589391,35.04100751963099,34.55624948770824,34.97175598144531,2097469,0.0,0.0
2012-04-18,34.68848591581179,34.757737514267276,34.380003512058664,34.39259719848633,2551930,0.0,0.0
2012-04-19,34.342214199274736,34.745129910469366,34.23518979896923,34.38628387451172,2431082,0.0,0.0
2012-04-20,34.60034970496133,34.74514701157529,34.43037049592575,34.63812255859375,2381763,0.0,0.0
2012-04-23,34.354803475427836,34.49960070374062,34.09039090760642,34.33591842651367,1913292,0.0,0.0
2012-04-24,34.442948756797406,34.631815690751765,34.36110623639196,34.45553970336914,1628998,0.0,0.0
2012-04-25,34.625517677991034,34.8710452308983,34.493311375772734,34.8206787109375,2123096,0.0,0.0
2012-04-26,34.75143469049437,35.06621112313354,34.55627089512488,34.990665435791016,1858848,0.0,0.0
2012-04-27,34.95917646235206,35.24877091441733,34.94658551814826,35.141746520996094,1617380,0.0,0.0
2012-04-30,34.99694321294018,35.18581007855238,34.89621567681493,35.015830993652344,2091660,0.0,0.0
2012-05-01,34.80809618812768,35.160648236277304,34.310749591953034,34.75773239135742,2979738,0.0,0.0
2012-05-02,34.461823578783324,34.60032668533533,34.31073226477481,34.436641693115234,3360506,0.0,0.0
2012-05-03,34.54998105448242,34.54998105448242,34.18483804982161,34.29186248779297,2397709,0.0,0.0
2012-05-04,34.02115295969509,34.05892854339556,33.668603639982145,33.71896743774414,2577215,0.0,0.0
2012-05-07,33.649715848131905,33.825991875677865,33.410485073383455,33.71896743774414,2129702,0.0,0.0
2012-05-08,33.56787887592781,34.058934191680095,33.47344537177386,33.80081558227539,2334608,0.0,0.0
2012-05-09,33.47342346254069,33.75042968562012,33.27826247389621,33.54267501831055,2538945,0.0,0.0
2012-05-10,33.81340720928535,33.93302261888595,33.605655137224126,33.706382751464844,2006576,0.0,0.0
2012-05-11,33.65601569063022,34.04634062883709,33.56158219371921,33.80710983276367,1791761,0.0,0.0
2012-05-14,33.57416304564673,33.838575663314266,33.37270516185755,33.61823272705078,2024231,0.0,0.0
2012-05-15,33.618241826041874,33.77563007102512,33.30975944347756,33.4356689453125,3022564,0.0,0.0
2012-05-16,33.643413101369234,33.70636783240476,33.46713711909149,33.574161529541016,2803421,0.0,0.0
2012-05-17,33.561577372090305,33.61823800917259,33.06422805786133,33.06422805786133,3030423,0.0,0.0
2012-05-18,33.17754190721927,33.19013285315551,32.610941133953695,32.73055648803711,3923058,0.0,0.0
2012-05-21,32.69908971818141,33.23420917454342,32.54169874649718,33.17755126953125,2179590,0.0,0.0
2012-05-22,33.19012951965307,33.473427142454206,33.07051417758341,33.34122085571289,2009196,0.0,0.0
2012-05-23,33.17754558912425,33.34122790446018,32.938314854408596,33.265682220458984,2531541,0.0,0.0
2012-05-24,33.37272452748076,33.59306759160557,33.17756337151994,33.46086120605469,3180999,0.0,0.0
2012-05-25,33.36640535915776,33.51120259004443,33.08939910663237,33.164947509765625,1828778,0.0,0.0
2012-05-29,33.46084725179721,33.523804731331836,33.04534320499023,33.29716491699219,2166378,0.0,0.0
2012-05-30,33.12717774753106,33.29086004284466,32.93201398466678,33.057926177978516,1949626,0.0,0.0
2012-05-31,32.98238640250314,33.05793483241975,32.692791838063044,32.831295013427734,3156055,0.0,0.0
2012-06-01,32.352829542070715,32.604651228611964,32.03805038236023,32.05693817138672,3411419,0.0,0.0
2012-06-04,32.201726812293685,32.485027159551024,32.15136303554869,32.453548431396484,2721185,0.0,0.0
2012-06-05,32.33393293054148,32.673891157230074,32.25209042605553,32.61723327636719,2338481,0.0,0.0
2012-06-06,32.823430890490116,33.698892064540956,32.823430890490116,33.67985916137695,2664121,0.346795,0.0
2012-06-07,34.06050287978737,34.06050287978737,33.660836630467145,33.71792984008789,3337726,0.0,0.0
2012-06-08,33.62275538861414,34.09854749771527,33.59737727358005,34.054141998291016,2153052,0.0,0.0
2012-06-11,34.257156716397596,34.257156716397596,33.70523558408085,33.74330139160156,2441447,0.0,0.0
2012-06-12,33.882861784834105,34.08586745583868,33.65448074950322,34.066837310791016,2203851,0.0,0.0
2012-06-13,34.01607784944252,34.18102044497879,33.74329135266366,33.85113525390625,2061818,0.0,0.0
2012-06-14,34.003393462132465,34.59337752717928,33.90823447521583,34.52359390258789,3153094,0.0,0.0
2012-06-15,34.63142381216091,34.954963659834405,34.504547061931646,34.916900634765625,3106964,0.0,0.0
2012-06-18,34.75197329735344,35.00573242154584,34.656817071273515,34.954978942871094,1810668,0.0,0.0
2012-06-19,35.10088352157779,35.35463983239154,34.9993793434164,35.189697265625,2402721,0.0,0.0
2012-06-20,35.22775919302761,35.24679208720831,34.796372651267035,35.088191986083984,2439966,0.0,0.0
2012-06-21,35.2341122782084,35.25948763852067,34.56799942263353,34.5997200012207,2586669,0.0,0.0
2012-06-22,34.79002268576808,34.80905281945046,34.567984245928834,34.70120620727539,2899097,0.0,0.0
2012-06-25,34.33960854768497,34.52992645168703,34.11757283061117,34.20638656616211,2778363,0.0,0.0
2012-06-26,34.18101365068539,34.320580858611244,33.971662838796604,34.21273422241211,2095874,0.0,0.0
2012-06-27,34.40305301821072,34.77734643239289,34.34595984202117,34.56165313720703,2098608,0.0,0.0
2012-06-28,34.42208096894886,34.44111386253975,33.97800676362694,34.37133026123047,2749660,0.0,0.0
2012-06-29,34.91692183659096,35.310245513916016,34.79638747248747,35.310245513916016,3163231,0.0,0.0
2012-07-02,35.13894526324569,35.38635634790901,35.0881917978338,35.3736686706543,2184830,0.0,0.0
2012-07-03,35.47516635349069,35.525917053222656,35.22775255770852,35.525917053222656,1536169,0.0,0.0
2012-07-05,35.310231216923704,35.96365350378064,35.2404476119833,35.82408905029297,2826429,0.0,0.0
2012-07-06,35.51324487632186,35.73528066274224,34.96766634693429,35.164329528808594,2239160,0.0,0.0
2012-07-09,35.21508651261759,35.2468070976298,34.942297199416544,35.221431732177734,1580476,0.0,0.0
2012-07-10,35.44979741316578,35.5068933433233,34.99938070199557,35.15797805786133,2254195,0.0,0.0
2012-07-11,35.18334822779744,35.31657020759745,34.96131251359503,35.177005767822266,2054187,0.0,0.0
2012-07-12,35.05014282231638,35.23411835087939,34.84713714843614,35.13261413574219,2410010,0.0,0.0
2012-07-13,35.10088603452787,35.52592740320174,35.0628202422464,35.42442321777344,2179135,0.0,0.0
2012-07-16,35.234104197508316,35.53226599099292,35.177008271703436,35.32291793823242,1835385,0.0,0.0
2012-07-17,35.557646324840185,35.684525871463975,35.10722958493231,35.55130386352539,1867618,0.0,0.0
2012-07-18,35.51958042085893,36.14128491198794,35.45614203086409,36.06515884399414,2154077,0.0,0.0
2012-07-19,36.0017179291549,36.12225224911692,35.65914786458631,35.84312057495117,2545779,0.0,0.0
2012-07-20,35.87484382554847,35.919252080341096,35.52592851770479,35.5893669128418,4483901,0.0,0.0
2012-07-23,35.056489100345075,35.34196609627215,34.80907515259609,35.221431732177734,1884476,0.0,0.0
2012-07-24,35.31024198536199,35.322929666821096,34.79638399528329,35.050140380859375,1764881,0.0,0.0
2012-07-25,35.26582714283459,35.380019011056774,34.9676625495805,35.15163803100586,2252145,0.0,0.0
2012-07-26,35.75430302949933,36.11590595096515,35.51957687535857,35.855804443359375,2709795,0.0,0.0
2012-07-27,36.09686899728047,36.61707195397651,35.982679919532586,36.54094314575195,2566167,0.0,0.0
2012-07-30,36.34430175586355,36.788376135944105,36.23010986216571,36.37602233886719,2246564,0.0,0.0
2012-07-31,36.31257651690649,36.39504781702632,35.862159731813534,35.874847412109375,2739637,0.0,0.0
2012-08-01,35.99539500482253,35.99539500482253,35.341972338044805,35.4307861328125,3251503,0.0,0.0
2012-08-02,35.32926666361391,35.49420925345822,35.06916785574477,35.367332458496094,2404201,0.0,0.0
2012-08-03,35.85579668102716,36.17299404345641,35.78601585230153,36.11589813232422,2033343,0.0,0.0
2012-08-06,36.16032927821692,36.26817595361663,35.99538665551288,36.02710723876953,1500633,0.0,0.0
2012-08-07,36.2364349776327,36.35062405158525,36.09686779752036,36.29987335205078,1610660,0.0,0.0
2012-08-08,36.28721098516454,36.521937268806774,36.24280271390369,36.45849609375,1386960,0.0,0.0
2012-08-09,36.41409442034381,36.452157475556604,36.153992741797545,36.255496978759766,1187863,0.0,0.0
2012-08-10,36.160316319066354,36.56632751111101,36.11590806970091,36.54729461669922,1714765,0.0,0.0
2012-08-13,36.43310157550429,36.53460574840356,36.09687399873782,36.26816177368164,1756224,0.0,0.0
2012-08-14,36.50290783561926,36.6551628112793,36.2935596559321,36.6551628112793,2211255,0.0,0.0
2012-08-15,36.55998858717218,36.788369577458916,36.509237868529254,36.69321060180664,1620455,0.0,0.0
2012-08-16,36.69321038573733,37.18169294078297,36.686867924141104,37.067501068115234,1765792,0.0,0.0
2012-08-17,37.213410775665125,37.213410775665125,36.915246170690246,37.11825180053711,1821261,0.0,0.0
2012-08-20,37.137274574737376,37.21974584779342,36.946956676360784,37.0230827331543,1362700,0.0,0.0
2012-08-21,36.97234098687896,37.14997125216242,36.80105593939546,36.902557373046875,1643008,0.0,0.0
2012-08-22,36.80106597563398,37.04213470269287,36.64246856410486,36.84547424316406,1594942,0.0,0.0
2012-08-23,36.737632747409386,36.870854812408204,36.540969503729514,36.77569580078125,1223969,0.0,0.0
2012-08-24,36.762988848795494,37.105558905995444,36.667829887041464,37.061153411865234,1981518,0.0,0.0
2012-08-27,37.11190933893848,37.295882071202314,37.02943804340129,37.11825180053711,1202328,0.0,0.0
2012-08-28,36.97233827848691,37.16900142637028,36.87083685227093,37.04212188720703,1528310,0.0,0.0
2012-08-29,36.99770738785585,37.11189922946043,36.82642238184179,37.035770416259766,960519,0.0,0.0
2012-08-30,36.88986964687426,36.97234093980778,36.718584599608825,36.75030517578125,1576262,0.0,0.0
2012-08-31,37.035789483162475,37.080197750692555,36.6932192947711,36.84547424316406,2274925,0.0,0.0
2012-09-04,36.70588418423845,36.94061030240364,36.433095041709514,36.85813903808594,2025484,0.0,0.0
2012-09-05,36.870839557121904,37.01040402840734,36.724929868035844,36.915245056152344,1329441,0.0,0.0
2012-09-06,37.14364308596135,37.6828765907651,37.14364308596135,37.657501220703125,2142117,0.0,0.0
2012-09-07,37.70189175808402,37.74630001299613,37.44179020273231,37.58769989013672,2281075,0.0,0.0
2012-09-10,37.50522887211247,37.73360983649799,37.42275758547419,37.45447540283203,1298346,0.0,0.0
2012-09-11,37.35931257115502,37.52425512735946,37.26415361614423,37.32759475708008,2114098,0.0,0.0
2012-09-12,37.05615170508228,37.12001882836149,36.621849716740364,36.65378189086914,3341029,0.346795,0.0
2012-09-13,36.43026671510118,37.0944935077706,36.43026671510118,36.902889251708984,3659265,0.0,0.0
2012-09-14,36.91564335655669,37.34355726937582,36.909255256354946,37.33078384399414,3247745,0.0,0.0
2012-09-17,37.247762632589,37.407431869268514,37.16473396351029,37.30524444580078,1799164,0.0,0.0
2012-09-18,37.241379465139374,37.37550185372747,37.164736118072945,37.34356689453125,3408230,0.0,0.0
2012-09-19,37.43297402206942,37.50322647415778,37.31801041861245,37.33078384399414,2306247,0.0,0.0
2012-09-20,37.222216326882325,37.47130233780007,37.164734512820935,37.45214080810547,2433701,0.0,0.0
2012-09-21,37.611810047144964,37.797028917451385,37.44575548155554,37.45214080810547,3433402,0.0,0.0
2012-09-24,37.42660541978566,37.714011803134674,37.2924829958941,37.5926628112793,1490723,0.0,0.0
2012-09-25,36.95396525990831,37.43297567036842,36.947579934447205,37.29246520996094,2955819,0.0,0.0
2012-09-26,37.33079991004221,37.44576356297606,37.024234793923625,37.09449005126953,2904678,0.0,0.0
2012-09-27,37.145565801910124,37.477677619094436,37.08169867841731,37.31800842285156,1843130,0.0,0.0
2012-09-28,37.2860854510007,37.56710643468477,37.062549059458426,37.46491622924805,2136878,0.0,0.0
2012-10-01,37.38826781942206,37.643739116930284,37.266918883730106,37.36910629272461,2293604,0.0,0.0
2012-10-02,37.38189299169041,37.52240350396958,37.27970554641316,37.356346130371094,2540540,0.0,0.0
2012-10-03,37.51601230516003,37.67568433776341,37.30524932915722,37.59904098510742,1536397,0.0,0.0
2012-10-04,37.68206935697821,37.739551177244564,37.49685324170075,37.618202209472656,2673916,0.0,0.0
2012-10-05,38.07166256491669,38.29520174046513,37.91838141313536,38.02056884765625,2931103,0.0,0.0
2012-10-08,37.88644175413407,37.89282985551078,37.66290538132847,37.822574615478516,1190483,0.0,0.0
2012-10-09,37.73956182881948,37.88007236801196,37.29887422411788,37.34996795654297,1731166,0.0,0.0
2012-10-10,37.44575637837837,37.44575637837837,37.13918854605697,37.17112350463867,1686176,0.0,0.0
2012-10-11,37.432979804763065,37.477685412994234,37.20944066351827,37.27330780029297,1993592,0.0,0.0
2012-10-12,37.38188697525385,37.535170893522356,37.22221773019467,37.247764587402344,2298388,0.0,0.0
2012-10-15,37.3563545772568,37.66930786171669,37.177526507585654,37.62459945678711,2220367,0.0,0.0
2012-10-16,37.68206081054629,37.963078970857474,37.62457900331703,37.828956604003906,1413841,0.0,0.0
2012-10-17,37.49685563456461,37.93115781536281,37.49685563456461,37.89283752441406,1875705,0.0,0.0
2012-10-18,37.91198856992044,37.918376671290474,37.656517240543266,37.7523193359375,2564003,0.0,0.0
2012-10-19,37.80341522167998,37.899217322585805,37.234990717982555,37.3116340637207,2677106,0.0,0.0
2012-10-22,37.17112350463867,37.48407666366293,36.94758711963418,37.17112350463867,1846091,0.0,0.0
2012-10-23,36.896484024388364,36.99867420853863,36.60269244812255,36.84539031982422,1974457,0.0,0.0
2012-10-24,37.17111908055213,37.23498621509163,36.78152539732799,36.9539680480957,1877414,0.0,0.0
2012-10-25,37.241382262234616,37.27331444880665,36.985910894544666,37.19028854370117,1609635,0.0,0.0
2012-10-26,37.139190842979666,37.27970133940224,36.91565444415027,37.164737701416016,1776612,0.0,0.0
2012-10-31,37.260548603888004,37.41383256571337,36.85179322236922,36.90927505493164,2351921,0.0,0.0
2012-11-01,37.503235854884835,37.96947293549124,36.91565259031087,37.911991119384766,3808474,0.0,0.0
2012-11-02,38.12914030756557,38.16107526495018,36.63463258735486,36.64101791381836,3309478,0.0,0.0
2012-11-05,36.49413747581298,36.50052557998944,35.66385320930787,36.021514892578125,4423420,0.0,0.0
2012-11-06,36.24503017619266,36.84538951680285,36.06620221411559,36.602691650390625,2321510,0.0,0.0
2012-11-07,36.232273928299044,36.34723759058984,35.68939613419965,35.99596405029297,2932469,0.0,0.0
2012-11-08,35.82990136885123,36.07259931448581,35.36366701014179,35.370052337646484,2240641,0.0,0.0
2012-11-09,35.229532857973766,35.63828525770486,35.0507021221416,35.318946838378906,2263876,0.0,0.0
2012-11-12,35.29978583891097,35.59358018609814,35.2550802355523,35.39558792114258,1720573,0.0,0.0
2012-11-13,35.15289980485066,35.79796493247672,35.146514477608854,35.504173278808594,1836524,0.0,0.0
2012-11-14,35.555274941572534,35.60637144603792,34.89105090877913,34.980464935302734,2553296,0.0,0.0
2012-11-15,35.01877525937196,35.248699751404246,34.801624196062434,34.916587829589844,2960944,0.0,0.0
2012-11-16,34.859112447594974,34.9932348614534,34.50145082729046,34.961299896240234,3143071,0.0,0.0
2012-11-19,35.338111834055915,35.41475239621349,34.9293566191712,35.26785659790039,2456709,0.0,0.0
2012-11-20,35.26148205869486,35.32534921838994,34.903823189379196,35.165679931640625,1799734,0.0,0.0
2012-11-21,35.1337368959469,35.40836698538801,35.10819003995342,35.38282012939453,1423978,0.0,0.0
2012-11-23,35.52333195367532,35.85544386915287,35.44668860777859,35.84267044067383,866665,0.0,0.0
2012-11-26,35.68938590349677,35.75964114642145,35.40198238020318,35.55526351928711,1423750,0.0,0.0
2012-11-27,35.48501598295908,35.63191181584076,35.34450547758209,35.370052337646484,1374204,0.0,0.0
2012-11-28,35.24869853841226,35.70854750665234,35.15928454042986,35.69577407836914,1651664,0.0,0.0
2012-11-29,35.881000061082794,36.00234905071566,35.67662237722379,35.94486999511719,1966825,0.0,0.0
2012-11-30,36.021492638771164,36.315284198868675,35.98317236245694,36.238643646240234,2956502,0.0,0.0
2012-12-03,36.404697989913366,36.462177012197046,35.95123448620296,36.02787780761719,1679569,0.0,0.0
2012-12-04,36.08536369343266,36.25780911814806,35.938467897396016,36.193939208984375,1619430,0.0,0.0
2012-12-05,36.19394792769447,36.67295848669966,36.12369267570399,36.5579948425293,1649044,0.0,0.0
2012-12-06,36.5452180076248,36.883718031110256,36.538832680778484,36.749595642089844,1702463,0.0,0.0
2012-12-07,36.76874896162696,36.97951187587161,36.3599937839784,36.602691650390625,1751668,0.0,0.0
2012-12-10,36.545219452705055,36.98590969836019,36.50689916504431,36.615474700927734,2162619,0.0,0.0
2012-12-11,36.76236984738338,37.28608598581301,36.66656774248469,37.06254959106445,2390419,0.0,0.0
2012-12-12,37.31029124367557,37.48403910528109,36.85983910599605,36.93706130981445,1561000,0.381914,0.0
2012-12-13,36.96924643855721,37.25238994942779,36.866287195318485,37.05290222167969,1976621,0.0,0.0
2012-12-14,36.930624961170764,37.110806375438806,36.898451605895836,36.93706130981445,1549723,0.0,0.0
2012-12-17,36.885598894838715,37.40040361397413,36.71829008720282,37.29100799560547,2259320,0.0,0.0
2012-12-18,37.34890197855243,37.632042589889544,36.943493116612736,37.49047088623047,2735081,0.0,0.0
2012-12-19,37.58700946196756,37.68353514837889,37.29099884816323,37.400394439697266,3001037,0.0,0.0
2012-12-20,37.48404461889034,37.56769759169478,37.149421543746236,37.56126403808594,1975823,0.0,0.0
2012-12-21,36.98855269465549,37.464744786598665,36.82767747910397,37.05290222167969,4965129,0.0,0.0
2012-12-24,36.94993475648809,37.104376382962485,36.795493130013696,36.98854446411133,934208,0.0,0.0
2012-12-26,36.988545692372206,37.110811168563195,36.59600945786236,36.744014739990234,1128066,0.0,0.0
2012-12-27,36.750451850407494,36.808367817361706,36.20347393135506,36.608882904052734,2002248,0.0,0.0
2012-12-28,36.31929047985419,36.6860867885473,36.22276484114751,36.248504638671875,1728433,0.0,0.0
2012-12-31,36.02971931085798,36.686092640369644,36.02971931085798,36.634613037109375,2376865,0.0,0.0
2013-01-02,37.36177622773961,37.67709022953021,37.162288549730896,37.57413101196289,3217561,0.0,0.0
2013-01-03,37.71570008381907,37.857268998033604,37.162285940309694,37.72213363647461,2564459,0.0,0.0
2013-01-04,37.85083663875003,38.15328352262481,37.68352512069483,38.05675506591797,2113301,0.0,0.0
2013-01-07,37.850850704326845,38.02459583980503,37.59988333398324,37.90876388549805,1712828,0.0,0.0
2013-01-08,37.83152248578131,38.17257900350855,37.709257047199124,38.127532958984375,1924341,0.0,0.0
2013-01-09,38.22406965916508,38.23693956189849,37.883013042757725,38.03102111816406,2210457,0.0,0.0
2013-01-10,38.275558011625535,38.281991566000855,37.94737124697259,38.1725959777832,2071385,0.0,0.0
2013-01-11,38.565121333482324,38.61016738526735,38.088929401407135,38.236934661865234,1521704,0.0,0.0
2013-01-14,38.236944265837344,38.32060004188659,38.07606906388809,38.23051071166992,2016600,0.0,0.0
2013-01-15,38.15971707548319,38.16615342432281,37.908749798400386,38.05675506591797,2103619,0.0,0.0
2013-01-16,38.14686163787374,38.198341264185174,37.83154473274272,37.85728454589844,1891765,0.0,0.0
2013-01-17,38.06962006782693,38.19188550723257,37.90874213515157,38.076053619384766,1383999,0.0,0.0
2013-01-18,38.082494929522596,38.43642139476397,38.01814262967431,38.42998504638672,2865382,0.0,0.0
2013-01-22,38.384943017717475,38.590864247650394,38.14041208141863,38.58443069458008,2477895,0.0,0.0
2013-01-23,38.59086457561812,38.59086457561812,38.23050451715896,38.327030181884766,2019105,0.0,0.0
2013-01-24,38.475044531958325,38.590873679365046,38.249816995805546,38.42356491088867,2066488,0.0,0.0
2013-01-25,38.597306530408034,38.61017643450854,38.314165844215005,38.539390563964844,1653828,0.0,0.0
2013-01-28,38.61017439372794,38.61017439372794,38.36564343276138,38.37851333618164,1578312,0.0,0.0
2013-01-29,38.301298473123516,38.828970168104945,38.17903297809189,38.7839241027832,2663210,0.0,0.0
2013-01-30,38.71313514211189,38.77105110776936,38.18546348918602,38.26911926269531,2177768,0.0,0.0
2013-01-31,38.17902196800778,38.46216259127374,38.13397591567644,38.153282165527344,2961742,0.0,0.0
2013-02-01,38.53295077583141,39.07349225256464,38.46859846975835,39.028446197509766,2861282,0.0,0.0
2013-02-04,38.93192214877239,39.09280012464484,38.275551526656294,38.320594787597656,3206855,0.0,0.0
2013-02-05,38.50720546867072,39.414546079092084,38.32702685308082,39.401676177978516,3515182,0.0,0.0
2013-02-06,39.234366130191404,39.38237139650565,38.73243437608795,39.10566711425781,2229251,0.0,0.0
2013-02-07,39.01557485592364,39.086360712403405,38.50077320222187,38.93191909790039,2389508,0.0,0.0
2013-02-08,39.06705788279878,39.253675665491315,38.93835885609509,39.2086296081543,2065235,0.0,0.0
2013-02-11,39.11854508767018,39.24081057602626,38.7903583353488,38.8289680480957,1556330,0.0,0.0
2013-02-12,38.76461560230457,38.9769704043826,38.61017396698681,38.841835021972656,1528994,0.0,0.0
2013-02-13,38.97054708455971,39.11855240911447,38.642360270814756,38.89976119995117,2057148,0.0,0.0
2013-02-14,38.77106685138311,39.11212363788397,38.62949505472884,39.08638381958008,1941881,0.0,0.0
2013-02-15,39.42098440373171,39.42098440373171,39.092800487617225,39.39524459838867,2497599,0.0,0.0
2013-02-19,39.395229603839304,39.5689774177454,39.31157387032461,39.5496711730957,1892904,0.0,0.0
2013-02-20,39.53038961209515,39.742747251921045,39.337341024956345,39.38882064819336,2278911,0.0,0.0
2013-02-21,39.356641863086374,39.356641863086374,38.65522505326673,38.7839241027832,2625623,0.0,0.0
2013-02-22,39.06707279680784,39.266560558325985,38.8289781085217,39.26012420654297,1788344,0.0,0.0
2013-02-25,39.5625528147939,39.72986433148879,39.09923076547052,39.10566711425781,2936570,0.0,0.0
2013-02-26,39.33089651404192,39.49177170127173,39.07349565527791,39.30515670776367,2226517,0.0,0.0
2013-02-27,39.16357675758656,39.787773918781184,39.034877753206736,39.63333511352539,1890512,0.0,0.0
2013-02-28,39.70413127867472,39.71700118245618,39.4853401184082,39.4853401184082,2211938,0.0,0.0
2013-03-01,39.440297837089766,39.73630844841432,39.054195094678974,39.671958923339844,1940173,0.0,0.0
2013-03-04,39.459607246979076,39.82640376319802,39.31803548451611,39.794227600097656,2008968,0.0,0.0
2013-03-05,39.897193492373475,40.34764304332969,39.84571106725115,40.321903228759766,2061590,0.0,0.0
2013-03-06,40.526023816637625,40.538983694069735,40.19554271882608,40.37050247192383,1768070,0.381914,0.0
2013-03-07,40.487126769929944,41.19344682499728,40.370485107682654,41.04440689086914,4031491,0.0,0.0
2013-03-08,40.99256342136788,41.28416473313236,40.927764068373655,41.05088424682617,2384838,0.0,0.0
2013-03-11,41.070338171482305,41.40081921998071,41.04441842048573,41.38785934448242,2049061,0.0,0.0
2013-03-12,41.40730144948526,41.459140952585116,41.31010097340898,41.452659606933594,2228454,0.0,0.0
2013-03-13,41.47208339605698,41.60816344225851,41.37488296083776,41.588722229003906,1623531,0.0,0.0
2013-03-14,41.60168488246822,42.13952372392843,41.60168488246822,42.1330451965332,2849550,0.0,0.0
2013-03-15,41.906258495738044,42.15249893692116,41.71185755469286,41.783138275146484,4055865,0.0,0.0
2013-03-18,41.38785632773234,41.77665819539739,41.34249535903066,41.61465835571289,1867732,0.0,0.0
2013-03-19,41.67298126220703,41.770181740502814,41.25178106661074,41.67298126220703,1792330,0.0,0.0
2013-03-20,41.893275710504184,42.00343599581784,41.575754722510325,41.75071716308594,1871491,0.0,0.0
2013-03-21,41.45913805775099,41.72481971587901,41.10273727553257,41.29713821411133,2528580,0.0,0.0
2013-03-22,41.4721053459895,41.61466681057167,41.24530608745792,41.52394485473633,1819780,0.0,0.0
2013-03-25,41.76369343968693,41.8284928048817,41.18697205063474,41.42673110961914,1950082,0.0,0.0
2013-03-26,41.49801788434192,41.990498762856916,41.49801788434192,41.9840202331543,2185969,0.0,0.0
2013-03-27,41.731295281866835,41.945134609800235,41.53689435709409,41.899776458740234,1721485,0.0,0.0
2013-03-28,41.796089342551845,42.197851015014045,41.6859290202087,42.139530181884766,2521290,0.0,0.0
2013-04-01,41.89977892533622,42.2367384833918,41.79609711210753,41.91273880004883,1707247,0.0,0.0
2013-04-02,42.2172997819529,42.5607406827115,42.022898847104216,42.30154037475586,2197359,0.0,0.0
2013-04-03,42.288575538731685,42.437615487155846,41.83497153361749,41.958091735839844,1822514,0.0,0.0
2013-04-04,42.02289644125158,42.15897652474938,41.67945556015532,41.938655853271484,1374659,0.0,0.0
2013-04-05,41.53688692762462,41.543368271204024,41.01848643130582,41.32304763793945,1924568,0.0,0.0
2013-04-08,41.27121478477794,41.64057540893555,41.174014324154605,41.64057540893555,1238207,0.0,0.0
2013-04-09,41.698899025780456,41.93866094495028,41.36842079396867,41.770179748535156,1714195,0.0,0.0
2013-04-10,41.7572229889201,42.57370646548627,41.66002250800678,42.547786712646484,1586399,0.0,0.0
2013-04-11,42.53481990294577,42.904180543998365,42.42465956356897,42.839378356933594,1362814,0.0,0.0
2013-04-12,42.85233261603507,42.85233261603507,42.4505737496228,42.709774017333984,1722054,0.0,0.0
2013-04-15,42.63850266598844,42.703302043252705,41.757219873082306,41.770179748535156,2075258,0.0,0.0
2013-04-16,41.93217906831242,42.424662775866715,41.80905884530584,42.385780334472656,1753377,0.0,0.0
2013-04-17,42.0034562358635,42.392258092680144,41.45913588874239,42.34689712524414,3394562,0.0,0.0
2013-04-18,42.657952145391654,42.68387190131535,41.718348323279,41.880348205566406,1656789,0.0,0.0
2013-04-19,41.71185905773128,42.39874090589369,41.71185905773128,42.269142150878906,2442927,0.0,0.0
2013-04-22,42.25619122801217,42.56075259011503,41.93218864077416,42.44411087036133,1575123,0.0,0.0
2013-04-23,42.72922551056712,43.02082695691063,42.38578455790341,43.00138854980469,1444822,0.0,0.0
2013-04-24,43.22168601754487,43.38368862149714,43.05968622911952,43.202247619628906,1460312,0.0,0.0
2013-04-25,43.37073348725022,43.40313175915711,43.08561067509524,43.267051696777344,1738456,0.0,0.0
2013-04-26,43.26057000908416,43.26704853678149,42.89768799222293,43.15040969848633,982046,0.0,0.0
2013-04-29,43.12449261031006,43.578090936008245,43.02729216465268,43.506813049316406,1081481,0.0,0.0
2013-04-30,43.4096181968446,43.6428987333743,43.331856140982985,43.636417388916016,1869896,0.0,0.0
2013-05-01,43.66882200947597,43.66882200947597,43.22169930259974,43.299461364746094,1755427,0.0,0.0
2013-05-02,43.305937333670634,43.89561862448176,43.15689737870004,43.668819427490234,1912951,0.0,0.0
2013-05-03,44.401054882102386,44.8935384788311,44.07705525726802,44.86113739013672,2141092,0.0,0.0
2013-05-06,44.81578145605256,44.81578145605256,44.407541207242424,44.50474166870117,1525121,0.0,0.0
2013-05-07,44.59544701391249,44.77040666429768,44.40752749370346,44.485286712646484,2227542,0.0,0.0
2013-05-08,44.47883383291755,44.582512851291725,44.329793836240476,44.42699432373047,2788272,0.0,0.0
2013-05-09,44.64081326287072,45.522095777566484,44.58249243398006,45.3600959777832,3489554,0.0,0.0
2013-05-10,45.437860325207474,45.53506077913395,45.08793812796666,45.379539489746094,1882767,0.0,0.0
2013-05-13,45.217540616405884,45.47026236500014,45.191620870220966,45.41194152832031,1545965,0.0,0.0
2013-05-14,45.489698911557234,45.9497814263937,45.48322038303898,45.884979248046875,2074005,0.0,0.0
2013-05-15,45.910915983985134,46.49411891177522,45.846116597184604,46.487640380859375,2558536,0.0,0.0
2013-05-16,46.345073800946906,46.59779278934978,45.93035214012441,45.99515151977539,2192461,0.0,0.0
2013-05-17,46.30617823971404,46.656097584954075,46.00809556483025,46.64961624145508,2910145,0.0,0.0
2013-05-20,46.656093896490546,46.656093896490546,45.891453093578846,46.04049301147461,2452153,0.0,0.0
2013-05-21,46.02754211425781,46.28674238924247,45.88498069602888,46.02754211425781,2231643,0.0,0.0
2013-05-22,46.066413756582314,46.12473458262542,45.3730536337739,45.52857208251953,3174621,0.0,0.0
2013-05-23,45.301779354730144,45.4961802587292,45.17865915760106,45.31473922729492,2207610,0.0,0.0
2013-05-24,45.14626343836523,45.26290512084961,44.900023014817904,45.26290512084961,1788116,0.0,0.0
2013-05-28,45.68409846240839,46.04698051450367,45.50265743636076,45.67761993408203,2093824,0.0,0.0
2013-05-29,45.36009850787737,45.489697228721894,45.03609607471148,45.211055755615234,1695857,0.0,0.0
2013-05-30,45.366571513907004,45.48969169148614,45.23697280883789,45.23697280883789,1700755,0.0,0.0
2013-05-31,44.990741253727236,45.46378084304498,44.446418139388236,44.53065872192383,3552769,0.0,0.0
2013-06-03,44.491775363393515,45.107376319959315,44.491775363393515,45.06849670410156,2462290,0.0,0.0
2013-06-04,45.00369620605511,45.27585632570282,44.4658544948085,44.69265365600586,2023320,0.0,0.0
2013-06-05,44.47234040616286,44.64730010990791,43.92802007649929,43.97338104248047,1976165,0.0,0.0
2013-06-06,43.85672639472967,44.083528342043614,43.5975261803186,44.02520751953125,2544070,0.0,0.0
2013-06-07,44.39456642706423,44.74448853392799,44.18072717297233,44.65376663208008,2335633,0.0,0.0
2013-06-10,44.68617596409059,44.77689506716156,44.439935583084996,44.56953430175781,1297663,0.0,0.0
2013-06-11,44.27793839930775,44.51121893709568,44.051139206013076,44.135379791259766,1816705,0.0,0.0
2013-06-12,44.510369225073475,44.569064929912436,43.86472497271946,43.910377502441406,1646311,0.381914,0.0
2013-06-13,43.910383571091664,44.66689633330679,43.799515150462064,44.52994155883789,1762375,0.0,0.0
2013-06-14,44.3799453025896,44.69950739976478,44.24951069478582,44.353858947753906,1620455,0.0,0.0
2013-06-17,44.71254984087744,45.058195453571045,44.601681417838826,44.80385208129883,1931402,0.0,0.0
2013-06-18,44.78428662332698,45.4429770004279,44.745157091084664,45.390804290771484,1458148,0.0,0.0
2013-06-19,45.0516715267924,45.63862295288421,44.947326117864996,45.02558517456055,2168998,0.0,0.0
2013-06-20,44.63429372042307,44.777771521850276,44.39951366675851,44.47777557373047,2839413,0.0,0.0
2013-06-21,44.79081726074219,44.986467788915924,44.34082331284325,44.79081726074219,3641725,0.0,0.0
2013-06-24,44.62123252644939,44.953837704325835,44.419061918448314,44.59514617919922,2064210,0.0,0.0
2013-06-25,45.10384287616695,45.10384287616695,44.45167842271403,44.89514923095703,1499721,0.0,0.0
2013-06-26,45.325585562343164,45.48862669680432,45.09732854082262,45.227760314941406,1947121,0.0,0.0
2013-06-27,45.4429762619638,45.59949438838957,45.12341417007325,45.24080276489258,1571592,0.0,0.0
2013-06-28,44.94080485397107,45.24080074988406,44.67341548279854,44.90819549560547,3545479,0.0,0.0
2013-07-01,44.888632236088604,45.59949244741055,44.836459529500786,45.29297637939453,2221278,0.0,0.0
2013-07-02,45.514710879902516,45.97122770636481,45.12993010450393,45.70383834838867,2683484,0.0,0.0
2013-07-03,45.44950532779477,46.036456917628215,45.36472324257711,45.808197021484375,1200392,0.0,0.0
2013-07-05,46.069038720936035,46.4146870493315,45.6516543592103,46.140777587890625,1748023,0.0,0.0
2013-07-08,46.22556790612662,46.47991407080071,46.15382902632433,46.284263610839844,1546420,0.0,0.0
2013-07-09,46.30384680514366,46.5255837103318,46.232110728216,46.329933166503906,1692668,0.0,0.0
2013-07-10,46.212532645672184,46.871220184543,46.19948946834926,46.79296112060547,1924113,0.0,0.0
2013-07-11,47.099476382544815,47.3407765611032,46.7929574888084,46.85817337036133,2565939,0.0,0.0
2013-07-12,46.9494874882377,47.89513359505208,46.91036078302741,47.87556457519531,3199451,0.0,0.0
2013-07-15,47.77120909441351,47.81685879664487,47.099478401560475,47.19078063964844,2370942,0.0,0.0
2013-07-16,47.30815894365475,47.36685180647671,47.0016401217952,47.15163803100586,1484914,0.0,0.0
2013-07-17,47.39295659197333,47.510348030539134,47.12557001946327,47.16469955444336,2153052,0.0,0.0
2013-07-18,47.392950819663525,47.64077684493742,47.32121476441668,47.49077606201172,1459173,0.0,0.0
2013-07-19,47.69947135350423,47.71903470130513,47.125563090634174,47.5299072265625,2580291,0.0,0.0
2013-07-22,48.123384983352096,48.14947134103771,47.4712203739605,47.712520599365234,1826159,0.0,0.0
2013-07-23,47.71903981374154,47.82338523619247,47.26904309535832,47.27556610107422,1754971,0.0,0.0
2013-07-24,47.57555989435001,47.57555989435001,46.98861125208958,47.09947967529297,1464868,0.0,0.0
2013-07-25,47.07339846390021,47.21687342902257,46.73427015181435,47.06687545776367,1791191,0.0,0.0
2013-07-26,46.988601853653286,47.28207753289654,46.766865051597236,47.2690315246582,1624897,0.0,0.0
2013-07-29,47.06034971112439,47.27556355012942,46.85817621559666,47.021217346191406,1054828,0.0,0.0
2013-07-30,47.40598999038013,47.40598999038013,46.96251637801857,47.047298431396484,1426598,0.0,0.0
2013-07-31,47.360346478499814,47.464691897216,46.98208866840299,47.01469802856445,2489285,0.0,0.0
2013-08-01,45.98427205667679,46.96904178581386,45.72340286321488,46.85817337036133,2633368,0.0,0.0
2013-08-02,46.4473145390945,46.708180929669574,46.21253450421438,46.68209457397461,2377890,0.0,0.0
2013-08-05,46.64948829632626,46.76687973833924,46.408188073383876,46.69514083862305,2314562,0.0,0.0
2013-08-06,46.616883280321666,47.2038320085718,46.36906004316317,47.11252975463867,1926960,0.0,0.0
2013-08-07,47.027732403032566,47.13860080647831,46.740779721650874,46.94947052001953,1663965,0.0,0.0
2013-08-08,47.19078518251985,47.3799126821498,46.92339861413797,47.17774200439453,1566581,0.0,0.0
2013-08-09,47.00166471985716,47.34731324236608,46.916882632536456,47.25600814819336,1410993,0.0,0.0
2013-08-12,46.962535192486804,47.497311243087836,46.89079628522457,47.477745056152344,1452681,0.0,0.0
2013-08-13,47.60163879394531,47.62772514430483,47.373381811487064,47.60163879394531,2841919,0.0,0.0
2013-08-14,47.503824337457814,47.660345308739764,47.373392556077434,47.399478912353516,1584805,0.0,0.0
2013-08-15,47.09946879490786,47.112511969117215,46.53208363273933,46.70164489746094,1769323,0.0,0.0
2013-08-16,46.61036011983598,47.008181332525034,46.551664397117314,46.88426971435547,2041771,0.0,0.0
2013-08-19,46.7016511009925,47.112518227225586,46.7016511009925,46.89078140258789,1581843,0.0,0.0
2013-08-20,46.81905035550989,47.28861043527253,46.79296399925924,47.17774200439453,1400970,0.0,0.0
2013-08-21,47.05382074654891,47.203818681044346,46.701649342130345,46.84512710571289,1781852,0.0,0.0
2013-08-22,46.962509361040716,47.37337355805937,46.89077049323801,47.24293899536133,922021,0.0,0.0
2013-08-23,47.26904261658632,47.32121816090874,46.96252652442858,47.13861083984375,1501658,0.0,0.0
2013-08-26,45.579929935435,47.26903976076661,45.579929935435,46.97556686401367,1251989,0.0,0.0
2013-08-27,46.447312975301124,46.68209300227664,46.23861930314229,46.264705657958984,1858620,0.0,0.0
2013-08-28,46.38209708825941,46.564701571976215,46.20600994280877,46.264705657958984,1810099,0.0,0.0
2013-08-29,46.160355787630145,46.72121802935783,45.925575783293546,46.499481201171875,1614760,0.0,0.0
2013-08-30,46.49295083592711,46.50599400921792,46.14730249328393,46.40816879272461,1715334,0.0,0.0
2013-09-03,46.942947480870686,47.24946632268159,46.303823449046845,46.57121276855469,2068652,0.0,0.0
2013-09-04,45.71037212991137,47.034273304383504,45.4951582453899,46.98862075805664,1904180,0.0,0.0
2013-09-05,46.84513671176054,47.20382836064518,46.81905035550989,47.17774200439453,1329896,0.0,0.0
2013-09-06,47.24948506915274,47.790781259544,46.54514488737328,47.69295883178711,2637582,0.0,0.0
2013-09-09,47.69947786042831,48.221210655209546,47.69947786042831,48.123382568359375,1936642,0.0,0.0
2013-09-10,48.508154221340526,48.508154221340526,48.09076690673828,48.09076690673828,3594684,0.0,0.0
2013-09-11,48.126850201340936,48.61888179469353,48.00876786374637,48.55327606201172,3492516,0.381914,0.0
2013-09-12,48.48767239302686,48.88128965695002,48.38270208843396,48.664798736572266,1521818,0.0,0.0
2013-09-13,48.6976093750416,48.76321511327614,48.19246001292622,48.60576248168945,2144054,0.0,0.0
2013-09-16,49.10435739731747,49.15683971532017,48.56641078734896,48.61233139038086,2229934,0.0,0.0
2013-09-17,48.70416036283794,48.81568667274642,48.481107743020964,48.65167236328125,2614119,0.0,0.0
2013-09-18,48.658241043112795,49.11090806011779,48.382706085165545,49.03218460083008,1884020,0.0,0.0
2013-09-19,49.130580569893205,49.16994514442499,48.86160736337851,48.99281311035156,1887779,0.0,0.0
2013-09-20,49.04531407973899,49.12404325877323,48.782902485897885,48.82882308959961,2742598,0.0,0.0
2013-09-23,48.67792438849943,48.953459336285775,47.70042864474295,47.9759635925293,3461535,0.0,0.0
2013-09-24,47.52987751286242,48.087509347032956,47.4249100114908,47.85789489746094,2185399,0.0,0.0
2013-09-25,47.949715788092895,48.03500094589761,47.44456655360641,47.575775146484375,1334908,0.0,0.0
2013-09-26,47.77915559365401,48.02188769380307,47.608585241912266,47.838199615478516,1366003,0.0,0.0
2013-09-27,47.693871935150675,47.713554226531826,46.97879048809581,47.602027893066406,1590044,0.0,0.0
2013-09-30,47.43800809539566,47.569213838950404,47.16247033305112,47.48392868041992,2005437,0.0,0.0
2013-10-01,47.6151460159563,47.6151460159563,47.16247899148899,47.3396110534668,1691757,0.0,0.0
2013-10-02,47.23464401052099,47.30680860858863,47.011591353097536,47.247764587402344,1970128,0.0,0.0
2013-10-03,47.044392672806055,47.2346424565469,46.50644333748766,46.64421081542969,1552001,0.0,0.0
2013-10-04,46.749172251528314,46.978783749021616,46.539240192152704,46.919742584228516,1413499,0.0,0.0
2013-10-07,46.506445884076385,46.80822200938443,46.263710930804855,46.59172821044922,1003003,0.0,0.0
2013-10-08,46.67044384929159,46.73604672012749,46.03408887608396,46.08000946044922,1712031,0.0,0.0
2013-10-09,46.0865827660499,46.316194296955295,45.86353009865813,46.10626220703125,1612141,0.0,0.0
2013-10-10,46.47364169498515,47.18872310686596,46.322753636619915,47.1099967956543,1597448,0.0,0.0
2013-10-11,46.74918298868704,47.58234970454851,46.72294183154313,47.56922912597656,1225564,0.0,0.0
2013-10-14,47.47079953083529,47.81849896410586,47.32647323899649,47.7988166809082,1124535,0.0,0.0
2013-10-15,47.588893981181975,47.70042028339764,47.35272080298643,47.44456481933594,2040177,0.0,0.0
2013-10-16,47.85788012717833,48.40895007536944,47.70699206281365,48.36302947998047,2066374,0.0,0.0
2013-10-17,48.159653794384006,48.64512368161778,48.05468918121364,48.59919738769531,1608838,0.0,0.0
2013-10-18,48.64513030309646,48.8747447013217,48.461436504163714,48.67137145996094,1962155,0.0,0.0
2013-10-21,48.54015099976736,49.03873853032847,48.474545277001035,49.00593566894531,1410765,0.0,0.0
2013-10-22,49.15027008072273,49.69477825476808,48.966576317736646,49.49796676635742,1556671,0.0,0.0
2013-10-23,49.36020659819627,49.406127195297366,49.09123332795087,49.27492141723633,1266112,0.0,0.0
2013-10-24,49.39957134031723,49.62262401417613,49.29460101665102,49.47173309326172,1583096,0.0,0.0
2013-10-25,49.406119169813145,49.6685363841895,49.17651052072401,49.537330627441406,1330124,0.0,0.0
2013-10-28,49.41268528168957,49.9112729025978,49.30115895330535,49.64229965209961,1877186,0.0,0.0
2013-10-29,49.885032389793714,50.29177312758727,49.57669455436543,50.08840560913086,1917393,0.0,0.0
2013-10-30,49.799745703093734,49.799745703093734,48.39582975326712,48.743526458740234,2471061,0.0,0.0
2013-10-31,48.71728189253696,49.36676036593689,48.55327327114024,49.22243118286133,3106053,0.0,0.0
2013-11-01,49.43237478657093,49.51765426791743,49.13059294122313,49.4061279296875,2109770,0.0,0.0
2013-11-04,49.675098097246945,49.7997421409376,49.16994880766657,49.537330627441406,1800873,0.0,0.0
2013-11-05,49.36676029322879,49.642295232839885,49.032181337861026,49.537330627441406,1329099,0.0,0.0
2013-11-06,49.42580172024975,49.89158640796959,49.41267829482222,49.747257232666016,1427737,0.0,0.0
2013-11-07,49.957191159514515,50.127755780588565,49.34051559579841,49.41923904418945,1745745,0.0,0.0
2013-11-08,49.49141663426212,49.87847798850391,49.34053140173075,49.865360260009766,1570909,0.0,0.0
2013-11-11,49.74727176642393,49.88503926926276,49.53078079066025,49.701351165771484,1328871,0.0,0.0
2013-11-12,49.655420906260716,49.79318839811827,49.458609389195495,49.675106048583984,2064551,0.0,0.0
2013-11-13,49.629174388139525,50.18680600942382,49.36020114759549,50.15400314331055,2775629,0.0,0.0
2013-11-14,50.27865295500478,50.796919997402135,50.19336778335959,50.49514389038086,2494752,0.0,0.0
2013-11-15,50.4295489988069,50.77725147353918,50.219619731709436,50.73133087158203,2674030,0.0,0.0
2013-11-18,50.751007080078125,50.97405976259174,50.6066778677079,50.751007080078125,2006235,0.0,0.0
2013-11-19,51.6956827419392,52.77158120724596,51.35454211847143,52.29267883300781,7722648,0.0,0.0
2013-11-20,52.423884853886236,52.5682140185035,51.702244731679365,51.85969161987305,3275536,0.0,0.0
2013-11-21,52.0368430667333,52.397663262507535,51.9121932913967,52.338619232177734,2192575,0.0,0.0
2013-11-22,52.253339139053764,52.50919472846993,52.19429510296679,52.48950958251953,1765906,0.0,0.0
2013-11-25,52.48292207389796,52.74533352027977,52.443557506501335,52.5616455078125,1921721,0.0,0.0
2013-11-26,54.56913579566316,54.98899424120463,52.35172702530464,52.68630599975586,2641911,0.0,0.0
2013-11-27,52.67975293253196,52.82407643081574,52.456700270426936,52.699432373046875,1211213,0.0,0.0
2013-11-29,52.60101639086163,52.909354186458046,52.469810637697194,52.49605178833008,951065,0.0,0.0
2013-12-02,52.45013379010126,52.56822182422082,52.11555482734935,52.20083999633789,1557583,0.0,0.0
2013-12-03,52.71254585003571,53.020883664021326,52.286125701599694,52.705989837646484,3243075,0.0,0.0
2013-12-04,52.410766359894204,52.57477497574468,51.656323306454034,52.04338455200195,2120249,0.0,0.0
2013-12-05,51.79409728222797,52.17460256363948,51.433277141826494,51.51856231689453,2527327,0.0,0.0
2013-12-06,52.12210879883729,52.33203798308652,51.91217391370862,52.2598762512207,2130727,0.0,0.0
2013-12-09,52.28612494171288,52.33204553217175,51.538243563621265,51.833457946777344,2705581,0.0,0.0
2013-12-10,51.73505793986701,51.85970199273151,51.40703497253396,51.50544357299805,2278456,0.0,0.0
2013-12-11,51.68366780135757,51.84868534470262,50.97078673703302,51.10940170288086,3309251,0.421422,0.0
2013-12-12,50.964186351439956,51.32062398734973,50.89157496712072,50.92457962036133,3402421,0.0,0.0
2013-12-13,51.2612303182966,51.33383598587197,50.81238068177357,50.838783264160156,1884817,0.0,0.0
2013-12-16,51.17540624644782,51.46584030780654,50.95098149065683,51.16880416870117,1548129,0.0,0.0
2013-12-17,50.693545412426296,51.16879743651747,50.57473097241634,50.99058151245117,1950082,0.0,0.0
2013-12-18,51.30083394659717,52.244742089039214,50.90479519055128,52.205135345458984,3256287,0.0,0.0
2013-12-19,52.37672595922542,52.706760940866275,52.05988939415719,52.42953109741211,2828365,0.0,0.0
2013-12-20,52.42292536415124,52.964186596728794,52.1324971243846,52.78596496582031,4040375,0.0,0.0
2013-12-23,53.0104110400831,53.069818274351086,52.620968714059636,52.76618576049805,1624442,0.0,0.0
2013-12-24,52.66057187639887,52.99720902378002,52.54175741592326,52.95100021362305,682944,0.0,0.0
2013-12-26,53.10284289664295,53.380072936828164,52.89162219400741,53.300865173339844,996967,0.0,0.0
2013-12-27,53.43946329793671,53.55827777358073,53.17543176716671,53.28104782104492,823497,0.0,0.0
2013-12-30,53.34704949992834,53.5318732856634,53.142430950225446,53.51866912841797,818599,0.0,0.0
2013-12-31,53.62427538788598,53.82889965806676,53.23483308189494,53.33384704589844,1258139,0.0,0.0
2014-01-02,52.91801083937386,53.102828905485396,52.39654982921696,52.71338653564453,2239160,0.0,0.0
2014-01-03,52.94439474355732,53.71007505472544,52.80577980888388,53.287628173828125,2218886,0.0,0.0
2014-01-06,53.208439127305496,53.44606809065977,52.40315180828945,52.680381774902344,1748365,0.0,0.0
2014-01-07,52.79259087399832,53.47906366838261,52.73318363687704,53.320648193359375,1567492,0.0,0.0
2014-01-08,53.00380909698727,53.29423742322633,52.746379687676956,53.036808013916016,2130044,0.0,0.0
2014-01-09,54.78601697163562,54.78601697163562,53.155636032625935,53.22164535522461,1645513,0.0,0.0
2014-01-10,53.50546376007687,53.53846267700562,52.77938434055511,53.036808013916016,1679228,0.0,0.0
2014-01-13,52.990600085728744,53.02360473558256,52.040095996873085,52.1787109375,2377663,0.0,0.0
2014-01-14,52.35034579393052,52.825597976947236,52.106120491311664,52.77279281616211,1830487,0.0,0.0
2014-01-15,52.805796618515245,53.228237897939366,52.61437647978858,52.865203857421875,2306589,0.0,0.0
2014-01-16,52.832200916595426,52.97741224314454,52.6143781908211,52.680381774902344,1196178,0.0,0.0
2014-01-17,52.48893465025387,53.03019588283142,52.43612951575084,52.78596496582031,3122113,0.0,0.0
2014-01-21,53.08300758528558,53.33383487318361,52.680361214946025,53.016998291015625,1649386,0.0,0.0
2014-01-22,53.076410603224055,53.28103484634309,52.83218536850067,53.056610107421875,1485712,0.0,0.0
2014-01-23,54.079722874941616,54.45596673191411,52.053303770043755,52.35033416748047,1633098,0.0,0.0
2014-01-24,52.02030668691413,52.02690876549427,50.7991687954433,50.80577087402344,2400898,0.0,0.0
2014-01-27,50.39651714660935,51.17540164408366,50.39651714660935,50.49552536010742,1976279,0.0,0.0
2014-01-28,50.41632979659069,50.9575912705887,50.3041174017344,50.84537887573242,1775929,0.0,0.0
2014-01-29,50.45592404621231,50.983981232036975,50.28430445702824,50.51533126831055,1866138,0.0,0.0
2014-01-30,50.79257277437149,51.2480186881325,50.39652836035746,51.02359390258789,1592550,0.0,0.0
2014-01-31,50.165490553963984,50.917972482077275,50.12588956277054,50.5615348815918,2120362,0.0,0.0
2014-02-03,50.56815433641072,50.68036674326853,48.70674650408098,48.89816665649414,3623501,0.0,0.0
2014-02-04,51.432819436076485,51.432819436076485,47.46578359815266,49.47240447998047,4449504,0.0,0.0
2014-02-05,50.37672114146677,50.37672114146677,47.980657345016034,48.53511428833008,3263349,0.0,0.0
2014-02-06,48.48231285836982,49.0631810251944,48.25129174323941,48.97737121582031,2685079,0.0,0.0
2014-02-07,49.10939392837453,49.479035816882465,48.812357707273975,49.43282699584961,1928783,0.0,0.0
2014-02-10,49.82225029708594,49.90806009075243,48.733131287579276,49.14237976074219,2286998,0.0,0.0
2014-02-11,48.92456439875085,49.439417501545314,48.851953012390986,49.281002044677734,2872672,0.0,0.0
2014-02-12,49.881669253194524,50.09949195914884,49.3734124486677,49.88827133178711,4587436,0.0,0.0
2014-02-13,49.6704476893223,50.350318372786866,49.63744303293179,50.304115295410156,2309323,0.0,0.0
2014-02-14,50.00048025085154,50.488930785671116,49.70344983026935,50.343719482421875,1944843,0.0,0.0
2014-02-18,50.46252717249131,50.541740636572456,50.00708130174762,50.488929748535156,2041771,0.0,0.0
2014-02-19,50.191907340128004,50.7991724219504,50.106097520310655,50.26451873779297,1825931,0.0,0.0
2014-02-20,50.32392213447284,50.75297124969942,50.0730947446367,50.50214385986328,1418283,0.0,0.0
2014-02-21,50.68035034192816,50.81896528577873,50.244699278434226,50.29750442504883,2227428,0.0,0.0
2014-02-24,50.370120934612046,51.14240345245616,50.29750954865858,50.69355392456055,1967281,0.0,0.0
2014-02-25,50.81237189442088,50.97738943978713,50.35031817863537,50.83217239379883,1770006,0.0,0.0
2014-02-26,51.12261803925316,51.168821126893405,50.70017096270245,51.10281753540039,2613322,0.0,0.0
2014-02-27,50.90477696800075,51.419630034532396,50.89157281288365,51.30081558227539,2288137,0.0,0.0
2014-02-28,51.406440528511034,51.79588286870012,50.95759095189308,51.340431213378906,2678245,0.0,0.0
2014-03-03,50.858561973340805,50.95097384006955,50.38330995808347,50.60773468017578,1996325,0.0,0.0
2014-03-04,51.28760894748419,51.82887023754685,51.19519708431536,51.78266143798828,2941468,0.0,0.0
2014-03-05,51.48563933821945,51.604453790476455,51.142400136565534,51.30081558227539,1894840,0.0,0.0
2014-03-06,51.406435346231085,51.637456454003875,51.24801415307445,51.50544357299805,1529221,0.0,0.0
2014-03-07,51.78265901951926,52.09949558133739,51.578040545131834,51.85527038574219,1830373,0.0,0.0
2014-03-10,51.875087299920075,51.960897109744145,51.33382586379519,51.62425994873047,1932427,0.0,0.0
2014-03-11,51.71006602195616,51.78927374777404,51.2282118532939,51.41963195800781,1555760,0.0,0.0
2014-03-12,51.3199931638501,51.65207432743056,51.140672336702046,51.598941802978516,1903497,0.421422,0.0
2014-03-13,51.65874051968177,51.77829163910715,50.93480233474002,51.13405227661133,3153549,0.0,0.0
2014-03-14,51.4993403910329,51.67866129000956,51.01449869681233,51.505977630615234,2632115,0.0,0.0
2014-03-17,51.75170123861215,52.136914919939564,51.61222692147565,52.130271911621094,2947390,0.0,0.0
2014-03-18,52.05059552061356,52.4955849252392,51.99081996305001,52.46237564086914,1994275,0.0,0.0
2014-03-19,52.52214759987821,52.52214759987821,51.67202114441997,51.997459411621094,1577287,0.0,0.0
2014-03-20,51.70521474558242,52.15020980594767,51.57902642362156,52.03065872192383,1344020,0.0,0.0
2014-03-21,52.68818552659678,52.72803781736144,51.4727685736876,51.63880920410156,5281999,0.0,0.0
2014-03-24,51.71186073663256,51.80484555973589,50.582779925776364,50.775386810302734,2233010,0.0,0.0
2014-03-25,50.93480844800372,51.36651189761105,50.66913990311842,50.928165435791016,1823197,0.0,0.0
2014-03-26,51.207098005037004,51.306725842112556,50.60934829711914,50.60934829711914,1611913,0.0,0.0
2014-03-27,50.50972493098656,50.95471425253532,50.17764369230907,50.921504974365234,2465593,0.0,0.0
2014-03-28,51.14733325088322,51.58568543780128,50.85510423111756,51.107486724853516,1505986,0.0,0.0
2014-03-31,51.23366331631837,51.552464308884716,50.9945669005274,51.31336212158203,1653372,0.0,0.0
2014-04-01,51.17388154902803,51.49268250284238,50.90157588793284,51.47275924682617,2012841,0.0,0.0
2014-04-02,51.41299825691137,51.731793529432316,51.31337040561409,51.5856819152832,1898599,0.0,0.0
2014-04-03,51.79157359941591,51.804859622685115,51.15397722729642,51.386436462402344,1351537,0.0,0.0
2014-04-04,51.6520972862604,51.65874029764725,50.323772041511546,50.35697555541992,2304539,0.0,0.0
2014-04-07,50.456598553370526,50.60271593224732,49.82563950565761,49.99168014526367,1949854,0.0,0.0
2014-04-08,50.11786565716311,50.43666663164861,49.91861576954859,50.18428421020508,1896093,0.0,0.0
2014-04-09,50.124506770514834,50.44994497078382,49.85219533055366,50.396812438964844,1808276,0.0,0.0
2014-04-10,51.85797183805048,51.89118111168824,49.958457946777344,49.958457946777344,4243231,0.0,0.0
2014-04-11,49.59318813321222,50.004968243959055,48.942305797732466,48.9688720703125,3110040,0.0,0.0
2014-04-14,49.42049857247573,49.526763650102644,48.73640703510656,49.30759048461914,2255562,0.0,0.0
2014-04-15,49.34743147762838,49.89869160624028,49.01535026147084,49.865482330322266,2401923,0.0,0.0
2014-04-16,50.277274695974626,50.277274695974626,49.606469089395816,50.09795379638672,2195423,0.0,0.0
2014-04-17,49.971749620313915,50.77538643004581,49.94518335269929,50.68240737915039,2322877,0.0,0.0
2014-04-21,50.32376957517281,50.76875897207604,50.32376957517281,50.51637649536133,1054828,0.0,0.0
2014-04-22,50.56285500563071,50.881655980425265,50.31711559355542,50.69568634033203,1355068,0.0,0.0
2014-04-23,50.38352908630178,50.83516140217234,50.38352908630178,50.66912078857422,1582641,0.0,0.0
2014-04-24,51.03441922807441,51.15397033533759,50.68905769927643,50.888301849365234,1744948,0.0,0.0
2014-04-25,50.63591954191199,50.92815430023666,50.14444063288058,50.25070571899414,1637654,0.0,0.0
2014-04-28,50.50309258887579,50.82853665787251,49.80572068604407,50.26399612426758,2413655,0.0,0.0
2014-04-29,50.58279198787928,51.22703135037511,50.48981291411551,51.13405227661133,2152482,0.0,0.0
2014-04-30,50.50973437784556,52.03731528728017,50.503091366666766,51.778289794921875,2429487,0.0,0.0
2014-05-01,51.78492653720661,51.98417644786078,51.386426715898274,51.552467346191406,1468968,0.0,0.0
2014-05-02,51.60560132558548,51.937682595434396,51.339932846799016,51.49933624267578,2004640,0.0,0.0
2014-05-05,51.326649064482034,51.77163839717284,50.97463878718155,51.718505859375,1389466,0.0,0.0
2014-05-06,51.43292831674565,51.53919342163163,51.12077024250805,51.180545806884766,1924113,0.0,0.0
2014-05-07,51.30673077106477,51.486051660608915,50.782036809386376,51.446205139160156,2406365,0.0,0.0
2014-05-08,51.35321855562034,51.9177590195352,51.23366745231785,51.705223083496094,2093026,0.0,0.0
2014-05-09,51.55245787813202,51.97752389135968,51.479396320453716,51.8513298034668,1540384,0.0,0.0
2014-05-12,51.798204427341545,52.5487087346669,51.798204427341545,52.39595413208008,1502797,0.0,0.0
2014-05-13,52.40260186076753,52.54871346643897,52.203351941246474,52.4158821105957,1416005,0.0,0.0
2014-05-14,52.48231243975812,52.53544499400668,51.76501141437531,51.86463928222656,1144467,0.0,0.0
2014-05-15,51.70522482977947,51.80485267640041,50.788679807033624,50.97464370727539,2406593,0.0,0.0
2014-05-16,51.080917320510466,51.698590379742356,50.775396524932965,51.67866134643555,2084142,0.0,0.0
2014-05-19,51.48605955046108,51.88455945508999,51.379794448296906,51.838069915771484,1277502,0.0,0.0
2014-05-20,51.90446432848865,51.90446432848865,51.3864192532313,51.51260757446289,1880489,0.0,0.0
2014-05-21,51.851340421510656,51.851340421510656,51.419637082235816,51.61888122558594,1481611,0.0,0.0
2014-05-22,51.73179232911599,51.990817810663664,51.48605286937142,51.85798645019531,1132166,0.0,0.0
2014-05-23,52.01739345604893,52.38932710389353,51.89784809584215,52.36940383911133,1103122,0.0,0.0
2014-05-27,52.47565938123151,52.66826629638672,52.376037303966314,52.66826629638672,1335364,0.0,0.0
2014-05-28,52.947204105437045,52.99369940053746,52.3428172127335,52.38266372680664,1426142,0.0,0.0
2014-05-29,52.588556152360695,52.847581577571965,52.40259228815098,52.840938568115234,1210529,0.0,0.0
2014-05-30,52.967132380776896,53.05347419813079,52.71474993886055,52.9206428527832,2530402,0.0,0.0
2014-06-02,52.900716404549605,53.08004303859139,52.568635175445415,52.72138977050781,1116676,0.0,0.0
2014-06-03,52.41588351943223,52.721398531839554,52.163501050790316,52.27640914916992,2615827,0.0,0.0
2014-06-04,52.024020743354406,52.36274499983676,51.857980120158565,52.356101989746094,2659109,0.0,0.0
2014-06-05,52.329535679581134,52.36274495849645,51.81812779021603,52.26976013183594,1725813,0.0,0.0
2014-06-06,52.58191081974028,52.91399201976989,52.336171424299685,52.8741455078125,1608724,0.0,0.0
2014-06-09,52.85422620562754,53.21951670728811,52.82101692883814,53.133174896240234,1460084,0.0,0.0
2014-06-10,52.947217993342086,53.37892715244593,52.71475877140057,52.73468780517578,2255448,0.0,0.0
2014-06-11,52.52085334161299,52.761403969493635,52.18674653741223,52.48075866699219,1827412,0.421422,0.0
2014-06-12,52.17339248580608,52.540904793562696,52.08652551803703,52.2869873046875,1331947,0.0,0.0
2014-06-13,52.48076125410174,52.8349125097639,52.286982898213864,52.66117858886719,1233651,0.0,0.0
2014-06-16,52.433985852578175,52.874998235851535,52.42061902563551,52.554264068603516,1170095,0.0,0.0
2014-06-17,52.44067117274285,52.66786078611126,52.26025384214504,52.266937255859375,2226062,0.0,0.0
2014-06-18,52.266935609663356,52.58766977847115,52.066473850851146,52.527530670166016,2551360,0.0,0.0
2014-06-19,52.70795628877775,52.73468414038408,52.35381080334002,52.427310943603516,1875591,0.0,0.0
2014-06-20,52.694615426422956,53.22917846968061,52.45405886331721,53.0888557434082,3984792,0.0,0.0
2014-06-23,53.02869671642581,53.182380412672636,52.694595665507705,52.93514633178711,1049247,0.0,0.0
2014-06-24,52.888378564283116,53.20911281340905,52.68791675527134,52.82823944091797,1189572,0.0,0.0
2014-06-25,52.62776733627311,53.08214657359357,52.52753354806801,52.95518493652344,1182396,0.0,0.0
2014-06-26,52.97523574071223,52.97523574071223,52.5409009337743,52.86164093017578,1000156,0.0,0.0
2014-06-27,52.828237542842835,53.15565519538241,52.694598277175245,53.108882904052734,1553938,0.0,0.0
2014-06-30,52.87498977507265,53.11554616863075,52.66785044352398,52.975223541259766,1275452,0.0,0.0
2014-07-01,53.202434961440595,53.830542433079955,52.92178959143131,53.70358657836914,1871947,0.0,0.0
2014-07-02,53.46302510638553,53.69021474729095,53.19574659156479,53.60334777832031,1591069,0.0,0.0
2014-07-03,53.45633063872918,53.863931696930216,53.45633063872918,53.85057067871094,883295,0.0,0.0
2014-07-07,53.57660181415246,53.80379137825172,53.52314612926012,53.750335693359375,1255292,0.0,0.0
2014-07-08,53.69689124920462,53.99090338427368,53.53652416095686,53.7703971862793,1723763,0.0,0.0
2014-07-09,53.90403642648577,53.937447688191085,53.58329644337542,53.7703971862793,1074647,0.0,0.0
2014-07-10,53.99091831358076,53.99091831358076,53.30266587462927,53.556583404541016,1085695,0.0,0.0
2014-07-11,53.6367498220259,53.656800062151696,53.20242085846681,53.54320526123047,1217819,0.0,0.0
2014-07-14,53.716938171481424,53.790444111960525,53.56325448977983,53.68353271484375,913022,0.0,0.0
2014-07-15,53.690210322202226,53.93076677233007,53.38283715218395,53.68353271484375,1059612,0.0,0.0
2014-07-16,53.89065993684917,53.910710174246354,53.67015377839037,53.79043197631836,1121687,0.0,0.0
2014-07-17,53.4830707190876,53.8104883230472,53.36279249452486,53.42961502075195,1214857,0.0,0.0
2014-07-18,53.74366871922293,54.231459251328985,53.46970679870183,54.14459228515625,1583893,0.0,0.0
2014-07-21,53.85056908263484,54.17130318975623,53.73029088915754,54.11116409301758,1141848,0.0,0.0
2014-07-22,54.231462018701215,54.65243004242812,54.14459504809575,54.57892990112305,949129,0.0,0.0
2014-07-23,54.49874190782667,54.71256470629771,54.31832456665531,54.67915344238281,1188774,0.0,0.0
2014-07-24,54.52545954627762,55.13352237051495,54.518776133423245,55.0800666809082,1443796,0.0,0.0
2014-07-25,55.140216415727764,55.207038943928254,54.81947640962679,55.200355529785156,1364066,0.0,0.0
2014-07-28,55.10681902040055,55.20036942210207,54.73262902682785,55.12018585205078,1005168,0.0,0.0
2014-07-29,55.22040526009611,55.2538165273998,54.70588684082031,54.70588684082031,1505302,0.0,0.0
2014-07-30,55.01326071131184,55.10012186891832,54.59897032606499,54.892982482910156,1898941,0.0,0.0
2014-07-31,54.946438098089885,55.12685544041376,54.07777426382934,54.33169174194336,1865910,0.0,0.0
2014-08-01,54.03768618329651,54.67916046774361,54.03768618329651,54.485382080078125,1922290,0.0,0.0
2014-08-04,54.338366006512466,54.45864422732872,53.8505813227397,54.26486587524414,2411377,0.0,0.0
2014-08-05,54.27823790175472,54.27823790175472,53.563257728725354,53.77708053588867,1750871,0.0,0.0
2014-08-06,53.73699409552843,53.90404462284101,53.549893324175024,53.6968994140625,1184218,0.0,0.0
2014-08-07,53.91070051426195,54.10447879474947,53.32935986618665,53.50309371948242,1504277,0.0,0.0
2014-08-08,53.589988392765704,54.31164621143994,53.589988392765704,54.204734802246094,1463843,0.0,0.0
2014-08-11,54.26487862631348,54.61902995824257,54.23146735638972,54.35174560546875,1120320,0.0,0.0
2014-08-12,54.1980411478961,54.57892022945949,54.07776873858393,54.30495834350586,1165311,0.0,0.0
2014-08-13,54.61902698471681,54.83953322494624,54.238147818907485,54.792755126953125,1206315,0.0,0.0
2014-08-14,55.98215535254188,55.98215535254188,54.585612053724546,55.05335235595703,905619,0.0,0.0
2014-08-15,55.55449867197403,55.56118208583786,54.57224006551688,54.97316360473633,1885273,0.0,0.0
2014-08-18,55.20703042522166,55.681454043716606,55.133524494220396,55.62799835205078,1072369,0.0,0.0
2014-08-19,55.46763806732153,55.82846693354516,55.42754339035666,55.74828338623047,958127,0.0,0.0
2014-08-20,55.70150853964788,55.91533715155647,55.320635216065526,55.84183120727539,1227956,0.0,0.0
2014-08-21,55.84182783411333,56.175934657125104,55.64136606295229,56.05565643310547,923729,0.0,0.0
2014-08-22,56.16257157270848,56.26279956166199,55.64805318598801,55.78837585449219,1041616,0.0,0.0
2014-08-25,55.88190847937605,56.08905361243973,55.641352091739066,55.87522506713867,962797,0.0,0.0
2014-08-26,55.86186512407614,56.28283300392683,55.74158692794346,56.00886535644531,1217363,0.0,0.0
2014-08-27,55.96211277848825,56.10911886920862,55.74828996043369,55.90865707397461,983299,0.0,0.0
2014-08-28,55.481017775169136,55.942080585788325,55.481017775169136,55.795074462890625,947990,0.0,0.0
2014-08-29,56.095745271270985,56.095745271270985,55.40081538982803,55.78168869018555,1773309,0.0,0.0
2014-09-02,55.915330907446126,56.08906482065353,55.64136321048917,55.9220085144043,1374773,0.0,0.0
2014-09-03,56.18929238974988,56.236064671191166,55.86187480643147,55.982147216796875,1212693,0.0,0.0
2014-09-04,55.90864689644803,56.423165216999344,55.88191904905671,56.002197265625,1006534,0.0,0.0
2014-09-05,55.921999969626306,56.37637911732055,55.875227694992084,56.3563346862793,1367939,0.0,0.0
2014-09-08,56.06901468962598,56.44989377803579,55.95541988512311,56.189292907714844,980223,0.0,0.0
2014-09-09,56.0289413578708,56.16258063357436,55.76165699984731,55.868568420410156,1140936,0.0,0.0
2014-09-10,55.99626100025302,56.218040478731346,55.72743915971696,56.191158294677734,1457351,0.421422,0.0
2014-09-11,55.98281582419017,56.0567403610527,55.572855268483224,55.91560745239258,1534005,0.0,0.0
2014-09-12,55.95595382866279,56.03660039982567,55.33093560196846,55.794654846191406,1924796,0.0,0.0
2014-09-15,55.740873083830266,56.19115401252184,55.47876742917367,56.09034729003906,1412360,0.0,0.0
2014-09-16,55.48548239710172,56.15754854227149,55.48548239710172,56.05673599243164,1582641,0.0,0.0
2014-09-17,56.097076457434106,56.12395864287112,55.65351163750643,56.01642990112305,1625125,0.0,0.0
2014-09-18,56.110489636077126,56.66158295227243,55.98951693542465,56.580936431884766,1835840,0.0,0.0
2014-09-19,56.822889074076535,56.910257617978175,56.15755074760629,56.37260818481445,2696355,0.0,0.0
2014-09-22,56.06346954259628,56.29869303385381,55.62662675028148,55.84169006347656,1242193,0.0,0.0
2014-09-23,55.74086052734061,55.84167306725763,55.50564294781922,55.519081115722656,1246522,0.0,0.0
2014-09-24,55.45859813807025,56.49357657552323,55.3712296008771,56.40620803833008,1355068,0.0,0.0
2014-09-25,56.19114964123382,56.19114964123382,55.32419203883625,55.35107421875,1730255,0.0,0.0
2014-09-26,55.270426118937024,55.619894447951594,54.974716308089185,55.50564956665039,1662371,0.0,0.0
2014-09-29,55.149450575063035,55.72070415309954,55.04864386841796,55.65349578857422,1688112,0.0,0.0
2014-09-30,56.00970568541491,56.083630232414606,55.57958489524422,55.83496856689453,2356135,0.0,0.0
2014-10-01,55.902942710287114,55.94121900474802,54.662870195692584,54.6705207824707,3540300,0.0,1.139
2014-10-02,54.892539117255666,55.59677891813957,54.73944553972286,55.49726867675781,3008000,0.0,0.0
2014-10-03,56.30865452288971,57.441566438117945,56.30100393491758,57.29612350463867,4475400,0.0,0.0
2014-10-06,57.38032700892587,57.44156675390048,56.86745728508635,57.043514251708984,2919500,0.0,0.0
2014-10-07,56.90573855920643,57.028218072430064,56.2474316161356,56.278045654296875,2233300,0.0,0.0
2014-10-08,56.26272217882779,57.39563398420041,56.079008802871634,57.24253463745117,2078800,0.0,0.0
2014-10-09,57.257862540620195,57.372679780679555,56.00247676805258,56.02544021606445,1972800,0.0,0.0
2014-10-10,56.07134268411872,56.507665526689806,55.61205640353999,55.619712829589844,2395900,0.0,0.0
2014-10-13,55.74221358137794,55.971859753531625,55.060937334838684,55.07624435424805,2058700,0.0,0.0
2014-10-14,55.543160905926726,55.86466656225994,55.30586425685348,55.604400634765625,2088100,0.0,0.0
2014-10-15,55.114500866677126,55.374760984167956,53.96628209862135,54.94609451293945,2482900,0.0,0.0
2014-10-16,54.188268640732424,55.22932073103019,54.11172189529865,54.831268310546875,2179300,0.0,0.0
2014-10-17,55.50489497015341,55.86467110616783,54.73941581783078,55.63502502441406,1700400,0.0,0.0
2014-10-20,55.52787464595077,56.17853094764021,55.3824316956382,56.147911071777344,2125400,0.0,0.0
2014-10-21,56.36221837522812,57.326723579690544,56.07133844886582,57.26548385620117,1565300,0.0,0.0
2014-10-22,57.41861205980943,57.548742157603876,57.07414282193988,57.11241912841797,1416100,0.0,0.0
2014-10-23,57.98504982821727,58.32951313470399,57.57934678364402,57.74775314331055,1462300,0.0,0.0
2014-10-24,58.00799092074796,58.36776694321387,57.77069432726645,58.329490661621094,1131800,0.0,0.0
2014-10-27,58.367806512192466,58.635723144547384,58.138160347234205,58.53621292114258,1103400,0.0,0.0
2014-10-28,58.895984640200396,59.186864698563625,58.344838558969755,59.14093780517578,2314800,0.0,0.0
2014-10-29,59.01078810657009,59.783923725711176,58.888314472727316,59.64613723754883,1357100,0.0,0.0
2014-10-30,59.62316436617794,60.77138297254697,59.17153451760753,60.4345703125,2113800,0.0,0.0
2014-10-31,61.7052742867263,62.7616334033661,61.13116492852463,62.60088348388672,3712300,0.0,0.0
2014-11-03,62.38657237261202,63.12908834018156,62.37126535396329,62.57028579711914,2707500,0.0,0.0
2014-11-04,63.03721146690917,63.81034710046474,62.76929491274918,63.64959716796875,2508300,0.0,0.0
2014-11-05,64.13184713836318,64.59113349532473,63.787383830677754,64.52989959716797,2325900,0.0,0.0
2014-11-06,64.80548405197277,65.1422909919604,64.41508795137882,64.87437438964844,2126500,0.0,0.0
2014-11-07,64.96622213246086,65.05042531209483,64.05530001104403,64.59113311767578,2441300,0.0,0.0
2014-11-10,64.53753552544946,65.28005112328648,64.3461657668375,65.15757751464844,1611400,0.0,0.0
2014-11-11,65.1346171738372,65.31067994557687,64.79015389713474,65.02745056152344,1267100,0.0,0.0
2014-11-12,64.88966587713634,65.479088101303,64.78249926185921,65.22647857666016,1516200,0.0,0.0
2014-11-13,65.3948922813848,65.74701203406146,65.05042895641549,65.37958526611328,1451600,0.0,0.0
2014-11-14,65.37959355984576,65.47144734341333,64.65238467912027,64.87437438964844,1853100,0.0,0.0
2014-11-17,64.83608594262405,65.126971776489,64.71361230742525,64.94325256347656,1531800,0.0,0.0
2014-11-18,64.95092115600272,65.1576038493176,64.64472825044167,64.87437438964844,1807300,0.0,0.0
2014-11-19,64.90498760808036,64.90498760808036,64.34618517472697,64.5069351196289,2362400,0.0,0.0
2014-11-20,64.51459401158401,64.62176064561174,63.994067857673514,64.39212036132812,2507400,0.0,0.0
2014-11-21,65.23412848041806,65.23412848041806,64.15480016858558,64.40740966796875,2692000,0.0,0.0
2014-11-24,64.69064266993654,65.00448607519041,64.6294029381311,64.90497589111328,2295400,0.0,0.0
2014-11-25,64.82843148808445,65.11931146445369,64.67533215304078,64.69829559326172,1852600,0.0,0.0
2014-11-26,64.85141337215215,65.03512678631046,64.57584033084262,64.95858001708984,1997100,0.0,0.0
2014-11-28,65.26476876320437,66.0302480867789,64.92029956350959,65.55564880371094,1267300,0.0,0.0
2014-12-01,65.20352765541553,66.21396010784864,65.06574114644084,65.88480377197266,2055000,0.0,0.0
2014-12-02,66.17566495139478,66.24456110632379,65.54032174561598,65.67810821533203,1676100,0.0,0.0
2014-12-03,65.44080920762624,65.83120519928042,65.05806964251414,65.7852783203125,1875800,0.0,0.0
2014-12-04,65.87713623046875,66.15270920193014,65.62453254008136,65.87713623046875,1550900,0.0,0.0
2014-12-05,65.67045697008227,65.769967157117,65.14993091454977,65.69342041015625,1792000,0.0,0.0
2014-12-08,65.34129994061468,65.83886255027521,65.1040032757588,65.5173568725586,1674200,0.0,0.0
2014-12-09,65.20353075865502,65.51737425283525,64.57583793015066,65.2647705078125,1941400,0.0,0.0
2014-12-10,65.10309270915785,65.85760135679024,64.65655276862283,64.77203369140625,2024900,0.49,0.0
2014-12-11,65.84989160745656,65.8806884739276,65.00299833815869,65.13388061523438,1976800,0.0,0.0
2014-12-12,64.26389391976409,65.17238096095389,63.517086029052734,63.517086029052734,2415600,0.0,0.0
2014-12-15,63.7557316721772,64.22537345915974,63.16290833186634,63.732635498046875,1841700,0.0,0.0
2014-12-16,63.724925974687466,64.725803123413,63.463161538992516,63.83271789550781,1986400,0.0,0.0
2014-12-17,63.60948463825617,65.33406833431602,63.60948463825617,65.20318603515625,1906200,0.0,0.0
2014-12-18,66.11166909990497,66.16556215351265,65.46494658271052,65.96538543701172,3535500,0.0,0.0
2014-12-19,65.78829420773707,66.32723053008966,65.18007521901407,65.21856689453125,4230500,0.0,0.0
2014-12-22,65.22628633972673,65.99619055832804,65.14159640576835,65.98078918457031,1672100,0.0,0.0
2014-12-23,66.45042122524353,66.57360870115015,65.54963483480945,65.5727310180664,2340700,0.0,0.0
2014-12-24,65.54193513854636,65.91149169794309,65.46494590189353,65.62662506103516,1060300,0.0,0.0
2014-12-26,65.88066883162695,66.14243918163324,65.54190927534819,65.5958023071289,1006300,0.0,0.0
2014-12-29,65.45722435045491,65.6266041414398,65.30324592623249,65.34174346923828,1242600,0.0,0.0
2014-12-30,65.24164431983826,65.37253242589449,64.67961785286018,64.75660705566406,1427700,0.0,0.0
2014-12-31,64.96449607267087,65.34175325414056,64.17919659329763,64.18689727783203,1798200,0.0,0.0
2015-01-02,63.88662161227521,64.81050384735381,63.53246068579842,64.12528991699219,1866600,0.0,0.0
2015-01-05,64.0945123178096,65.0107000191782,63.863538752689216,64.07911682128906,3270900,0.0,0.0
2015-01-06,64.13299541350335,64.47174912571126,63.10132116212814,63.54786682128906,2569700,0.0,0.0
2015-01-07,63.30150257066903,64.14839572566177,62.97814432721922,64.10220336914062,2079000,0.0,0.0
2015-01-08,64.64114775865568,65.5804317037861,64.3947786807446,65.5727310180664,3358700,0.0,0.0
2015-01-09,65.4803456145809,65.58813171794448,64.75663388579503,65.10308837890625,1751600,0.0,0.0
2015-01-12,65.226259540119,65.4726285538893,64.52564416958121,64.78741455078125,1326100,0.0,0.0
2015-01-13,65.28785325240975,65.82678363435888,64.12529671546164,64.65653228759766,1924100,0.0,0.0
2015-01-14,63.96360728362277,64.66421666714916,63.878917398133915,64.47174072265625,1792200,0.0,0.0
2015-01-15,64.57185189191189,64.93370184510464,64.15610301869096,64.44096374511719,1434800,0.0,0.0
2015-01-16,64.33315153577611,65.16464894465811,64.02519475373013,65.11075592041016,2261500,0.0,0.0
2015-01-20,65.31094561935164,65.61120765376297,64.51024490295467,65.41873168945312,1572100,0.0,0.0
2015-01-21,65.10308837890625,65.55733484928315,64.74893320015417,65.10308837890625,1729500,0.0,0.0
2015-01-22,65.44182042760902,66.81994888030545,64.67191665787244,66.68136596679688,1980000,0.0,0.0
2015-01-23,66.71221714893247,67.12026553935937,66.51204036109695,66.86619567871094,2088000,0.0,0.0
2015-01-26,66.40423514680613,66.8969733492876,65.81910632864587,66.65060424804688,1527100,0.0,0.0
2015-01-27,65.98845070529599,66.550483035809,65.27243997201482,65.9268569946289,1697300,0.0,0.0
2015-01-28,66.10396033963929,66.44271999173922,65.02609352524078,65.07998657226562,2137000,0.0,0.0
2015-01-29,65.0183954811767,65.30326209782248,64.28698897414536,64.94140625,2968900,0.0,0.0
2015-01-30,64.64114323101566,64.85671542485083,63.493987843020356,63.54018020629883,4076700,0.0,0.0
2015-02-02,62.99354473238678,64.28698368092309,62.90885482289501,64.24079132080078,2810200,0.0,0.0
2015-02-03,64.81051449773017,65.71900139020669,64.29468026294207,65.54962158203125,3449000,0.0,0.0
2015-02-04,67.0894237126069,67.12022057271137,65.95766406784476,66.65827941894531,3659200,0.0,0.0
2015-02-05,66.5427910967669,67.12791967718705,66.12704230598682,67.11251831054688,2151300,0.0,0.0
2015-02-06,67.09712236705562,67.2511007890211,66.38881222777397,66.55049133300781,2391200,0.0,0.0
2015-02-09,66.21944427490234,66.58899490323066,66.01156690680399,66.21944427490234,1700900,0.0,0.0
2015-02-10,66.35800440937592,66.78914861879471,65.94225569005096,66.61206817626953,2552200,0.0,0.0
2015-02-11,66.75835820726577,67.15871147513326,66.44270070173552,66.84304809570312,1816000,0.0,0.0
2015-02-12,67.13560211758774,67.58984836737793,66.96622823305333,67.55905151367188,1873000,0.0,0.0
2015-02-13,67.71306906844896,68.32899475097656,67.5821867699302,68.32899475097656,1936600,0.0,0.0
2015-02-17,67.56679173045622,67.80546014395443,66.63520838787953,67.06635284423828,3990400,0.0,0.0
2015-02-18,66.67368686371526,67.54368216439214,66.67368686371526,67.4358901977539,1764200,0.0,0.0
2015-02-19,67.45129531108326,67.6206751444706,66.87386726484563,67.54368591308594,1568100,0.0,0.0
2015-02-20,67.60524916260874,68.32896059674611,67.01242583546833,68.28276824951172,2010900,0.0,0.0
2015-02-23,68.31357477371701,68.70622152857818,67.92862282855076,68.65232849121094,1801400,0.0,0.0
2015-02-24,68.65230900866125,68.81398807488078,68.14417563967112,68.72160339355469,1418900,0.0,0.0
2015-02-25,68.77551693007635,69.06037761433225,68.35976811840224,68.5753402709961,1617900,0.0,0.0
2015-02-26,68.66773309737319,68.71392545332381,68.22118741018122,68.39826202392578,1426300,0.0,0.0
2015-02-27,68.40596270788448,68.86020907903516,68.09799996244517,68.39826202392578,1815900,0.0,0.0
2015-03-02,68.42906177357973,69.46843681753685,68.19809411017897,69.42993927001953,1771400,0.0,0.0
2015-03-03,68.94493546806765,69.28368938081626,68.00565124064306,68.29051208496094,3012200,0.0,0.0
2015-03-04,67.94401749032932,67.98251503393502,66.61208119183839,66.65827941894531,3306000,0.0,0.0
2015-03-05,66.66598185700947,66.9123567660374,66.41191801140138,66.78916931152344,2728600,0.0,0.0
2015-03-06,66.4658006367187,66.95853862974272,66.08854352182513,66.21173095703125,2011000,0.0,0.0
2015-03-09,66.51971330305824,66.98165457361311,66.10396439738828,66.85846710205078,1481000,0.0,0.0
2015-03-10,66.25793686137693,66.4504128628324,65.55732727050781,65.55732727050781,1915300,0.0,0.0
2015-03-11,65.8128662109375,66.16133181638187,65.5418413453023,65.8128662109375,1721800,0.49,0.0
2015-03-12,66.13810302027825,66.9744074894044,65.91353786860115,66.89697265625,1190700,0.0,0.0
2015-03-13,66.66466724130083,66.95892790038295,66.06841248267044,66.5020523071289,1650600,0.0,0.0
2015-03-16,66.99762251451827,67.77972774437843,66.74982755854941,67.64034271240234,1663800,0.0,0.0
2015-03-17,67.29964910891532,67.61713372489844,67.0286183073961,67.09056854248047,1985500,0.0,0.0
2015-03-18,67.08280258449798,67.95783313830812,66.2542376466117,67.64034271240234,1927000,0.0,0.0
2015-03-19,67.66358498958331,67.98107547378098,67.57840490396437,67.65584564208984,2143900,0.0,0.0
2015-03-20,67.98878903903798,68.15140387908743,67.74099415307272,67.9655532836914,4119100,0.0,0.0
2015-03-23,68.15917762551072,68.15917762551072,67.59389802591058,67.60938262939453,1592900,0.0,0.0
2015-03-24,67.48547726473959,67.83393691233675,67.33834696967058,67.3460922241211,1167800,0.0,0.0
2015-03-25,67.47001394314242,67.49324971585689,65.61929321289062,65.61929321289062,1707100,0.0,0.0
2015-03-26,65.24759904852219,65.64251853885379,64.97657413126517,65.36375427246094,1598900,0.0,0.0
2015-03-27,65.30952301395601,65.75091390885297,65.20111308086146,65.53408813476562,1425000,0.0,0.0
2015-03-30,65.7896258371172,66.7266007416433,65.75865072772402,66.50978088378906,1139800,0.0,0.0
2015-03-31,66.09163511242309,66.8582499776146,65.95999530981524,66.31620025634766,1682200,0.0,0.0
2015-04-01,66.3858693075304,66.3858693075304,65.30176438873801,66.02191925048828,1502900,0.0,0.0
2015-04-02,66.47881504750666,67.04410053396215,66.18456032907298,66.53302001953125,1699900,0.0,0.0
2015-04-06,66.33166660284489,67.10602644135825,66.14581598791605,66.78853607177734,1449700,0.0,0.0
2015-04-07,66.77306470128883,67.0828039717318,66.45557426881753,66.4865493774414,1039600,0.0,0.0
2015-04-08,66.35492685110957,67.13702639261615,66.231026384396,67.03636169433594,1328500,0.0,0.0
2015-04-09,66.94343798726374,67.16800315776891,66.33943796695993,67.0595932006836,1155400,0.0,0.0
2015-04-10,67.1834969032038,67.20672676542566,66.71888193506737,66.85826110839844,1857500,0.0,0.0
2015-04-13,66.6878955881007,67.13701996720496,66.40912547257454,66.53302001953125,1331700,0.0,0.0
2015-04-14,66.39360909430633,66.70335420286729,65.9754540839335,66.30068969726562,1366700,0.0,0.0
2015-04-15,66.51752858525921,66.65691362870741,66.29296346482053,66.40911865234375,1481200,0.0,0.0
2015-04-16,66.25421500142521,66.40134523708358,66.01416538147376,66.11483001708984,1463400,0.0,0.0
2015-04-17,65.54183691722918,65.82835227462853,64.5041972423587,64.68229675292969,1965600,0.0,0.0
2015-04-20,64.92233496175781,65.7509057746011,64.73649022914407,65.66572570800781,1412600,0.0,0.0
2015-04-21,65.94451402782668,66.68789907210041,65.66574389773665,65.8980484008789,1552500,0.0,0.0
2015-04-22,65.92901389649383,66.20003873123076,65.5186040170496,66.06065368652344,993600,0.0,0.0
2015-04-23,65.91352558276255,66.67239507728611,65.8360848561435,66.41685485839844,1000100,0.0,0.0
2015-04-24,66.3239299293176,66.3239299293176,65.29402979298096,65.82059478759766,1187100,0.0,0.0
2015-04-27,66.14583517361865,66.17681028509118,65.44890993523303,65.58829498291016,1467000,0.0,0.0
2015-04-28,65.66575407284486,66.32395912892088,65.33277891630286,66.29298400878906,1639400,0.0,0.0
2015-04-29,65.88253944112174,66.54848940482043,65.63474451797084,66.12258911132812,1914600,0.0,0.0
2015-04-30,65.99097402155141,66.59497400329417,65.29404869342547,65.46440887451172,2194400,0.0,0.0
2015-05-01,65.45663950494792,66.81176929067925,65.44889425196114,66.61817932128906,2086000,0.0,0.0
2015-05-04,66.9511721045118,67.36158200346655,66.68789251193652,66.98214721679688,1992500,0.0,0.0
2015-05-05,67.0286239112446,67.0286239112446,65.93677898912321,66.29298400878906,1534400,0.0,0.0
2015-05-06,66.37814175631448,66.7266014016127,65.65798670251982,66.13809204101562,1610400,0.0,0.0
2015-05-07,66.30072060891432,67.05184501941145,65.80513056731449,66.82728576660156,1656300,0.0,0.0
2015-05-08,67.22993287044434,67.99654759236395,67.19121250849074,67.64034271240234,1465100,0.0,0.0
2015-05-11,67.58617215267338,67.9268926060235,67.41581192599833,67.53196716308594,1701300,0.0,0.0
2015-05-12,67.24541598638929,67.52418604418905,66.47880128138875,67.1834716796875,1549800,0.0,0.0
2015-05-13,67.09829217417342,67.57065222563365,66.74982664505319,66.83500671386719,1950000,0.0,0.0
2015-05-14,67.34609588392902,68.16691566334501,66.99763030949696,68.13594055175781,1892400,0.0,0.0
2015-05-15,68.33724856658735,68.45340371173585,67.7642240005232,67.9655532836914,1606300,0.0,0.0
2015-05-18,67.65584774376626,67.9965621889272,67.37707761997154,67.74102783203125,1593300,0.0,0.0
2015-05-19,67.98878835118104,68.23658323463933,67.69452786539583,68.06622314453125,1875700,0.0,0.0
2015-05-20,68.19013037296321,68.19013037296321,67.6945405134506,67.70228576660156,1767700,0.0,0.0
2015-05-21,67.648118047315,67.8494533847851,67.43129810291661,67.57842254638672,1517400,0.0,0.0
2015-05-22,67.51645767997876,67.71004770116653,67.22219706671822,67.22994232177734,1498400,0.0,0.0
2015-05-26,67.02085107749598,67.22992564905384,65.99095100229196,66.14582061767578,1867600,0.0,0.0
2015-05-27,66.17681060923319,66.6181956110563,66.03742556087333,66.52527618408203,2017400,0.0,0.0
2015-05-28,66.4943043678284,66.81953419415319,66.30071434150669,66.57173919677734,1297500,0.0,0.0
2015-05-29,66.563997728949,66.59497284387079,65.88256292436702,66.21553802490234,2188900,0.0,0.0
2015-06-01,66.3626721178668,66.57949795395301,65.44118742307515,66.05293273925781,1617500,0.0,0.0
2015-06-02,65.64249471617434,66.34716515320686,65.30951967927179,66.16905975341797,2033000,0.0,0.0
2015-06-03,66.4168671823739,66.50204727114205,65.91353781334277,66.18456268310547,1738400,0.0,0.0
2015-06-04,65.76641269781739,66.06841270628735,64.99205248986377,65.10820770263672,1689600,0.0,0.0
2015-06-05,65.12367341940971,65.48762355685489,64.44998401493685,65.24757385253906,1353900,0.0,0.0
2015-06-08,64.99979323435375,65.4256877744261,64.58938329788985,64.65907287597656,1531900,0.0,0.0
2015-06-09,64.5584203128758,64.73651987338279,64.16349490581648,64.39580535888672,1569500,0.0,0.0
2015-06-10,64.62166379088842,65.93029947179188,64.52818769121163,65.57198333740234,1625400,0.49,0.0
2015-06-11,65.82125777173542,66.12504771678712,65.58757045573472,65.91473388671875,1438400,0.0,0.0
2015-06-12,65.54861341670545,65.78229474303585,65.15913859657401,65.31492614746094,1144600,0.0,0.0
2015-06-15,64.84758531313918,65.00337293071878,64.2088465723961,64.59053039550781,1679700,0.0,0.0
2015-06-16,64.52820892283214,64.97221608520218,64.27894518459347,64.8709487915039,1499900,0.0,0.0
2015-06-17,65.12800369300773,65.23705620705488,64.47368266580855,64.8709487915039,1134600,0.0,0.0
2015-06-18,65.13579188820654,66.05495299537468,64.94105441586512,65.88358306884766,1556500,0.0,0.0
2015-06-19,65.78231243219196,65.96147351251184,65.37726112521737,65.75115966796875,2906400,0.0,0.0
2015-06-22,65.90693397224497,66.5690400224316,65.90693397224497,66.21072387695312,1400900,0.0,0.0
2015-06-23,66.43661997322714,66.43661997322714,65.84461654302912,66.03156280517578,957800,0.0,0.0
2015-06-24,65.93031863360521,66.02379476044966,65.1202100297015,65.1435775756836,1548300,0.0,0.0
2015-06-25,65.2058908646849,65.34610207461526,64.82420710434174,64.92546844482422,1200100,0.0,0.0
2015-06-26,65.26044039464665,65.30717550032202,64.67622780203344,64.89433288574219,2889800,0.0,0.0
2015-06-29,64.49703667294754,64.49703667294754,62.97808121255181,63.02482223510742,1774200,0.0,0.0
2015-06-30,63.39872255102565,63.60904232109213,62.160195244980535,62.49514389038086,2688800,0.0,0.0
2015-07-01,61.93429452647181,63.24293030699969,61.93429452647181,63.00924301147461,1821000,0.0,0.0
2015-07-02,63.27409407464268,63.29746161748291,62.58861445578126,62.9625129699707,1792000,0.0,0.0
2015-07-06,62.315983217786496,63.04819792232838,62.315983217786496,62.9625129699707,1503600,0.0,0.0
2015-07-07,63.07156604770857,63.28187987812838,62.199140135152184,63.14945983886719,1747600,0.0,0.0
2015-07-08,62.876828918741964,62.93914632915253,62.30040772973265,62.339351654052734,1615800,0.0,0.0
2015-07-09,63.21178609242393,63.41431473210279,62.82231113922713,62.85346984863281,1587000,0.0,0.0
2015-07-10,63.76485757636259,63.7726487416135,63.15727743098311,63.5000114440918,1371100,0.0,0.0
2015-07-13,63.75705585871132,64.10758692197251,63.59347707302283,63.6635856628418,1337700,0.0,0.0
2015-07-14,63.65578414190065,63.881680316692744,63.46883783766148,63.788204193115234,1387100,0.0,0.0
2015-07-15,63.83496461298571,64.3179158620628,63.484439410585345,64.26338958740234,2390600,0.0,0.0
2015-07-16,64.56713712304149,64.68398076113299,64.12313605262523,64.5749282836914,1545800,0.0,0.0
2015-07-17,64.66064741415981,64.66064741415981,64.0686436929196,64.17769622802734,1846400,0.0,0.0
2015-07-20,64.07639517476859,64.17765648239474,63.8115492228724,64.00628662109375,1522500,0.0,0.0
2015-07-21,64.0140876755784,64.09198145832408,63.19618809946199,63.41429901123047,1964300,0.0,0.0
2015-07-22,63.585667115053496,63.95956561676893,63.45324708143316,63.632408142089844,1529100,0.0,0.0
2015-07-23,63.422091275836856,63.50777622925135,62.87682879312218,63.04819869995117,1368600,0.0,0.0
2015-07-24,63.11831406366344,63.13389639083641,62.05894164672992,62.14462661743164,1935600,0.0,0.0
2015-07-27,62.01220397938486,62.284835264440375,61.70841398419209,62.0978889465332,1649800,0.0,0.0
2015-07-28,62.12904544090946,62.85346908274484,61.85641416557702,62.767784118652344,1540100,0.0,0.0
2015-07-29,62.66648823462057,64.27112833124329,62.61196200443376,64.13870239257812,2744700,0.0,0.0
2015-07-30,62.31597881669448,63.858301907290205,61.038501726385434,62.417240142822266,4688100,0.0,0.0
2015-07-31,62.47178573320045,62.74442297928727,61.77852072960353,62.136837005615234,2984000,0.0,0.0
2015-08-03,61.21766153223299,62.41724492960018,61.15535006525291,62.401668548583984,2291300,0.0,0.0
2015-08-04,62.73663153074062,63.398737819124655,62.425050352996166,62.84568405151367,2749300,0.0,0.0
2015-08-05,63.70251723047369,63.92841339816733,63.09493730360181,63.74925231933594,1963200,0.0,0.0
2015-08-06,63.70252908642899,63.78042289666844,62.3783164836079,62.549686431884766,1505400,0.0,0.0
2015-08-07,62.45620041539059,62.674305426730946,62.09009302796248,62.54188537597656,1161900,0.0,0.0
2015-08-10,63.10270517694998,63.84270487776616,63.0949140173765,63.56228256225586,2032100,0.0,0.0
2015-08-11,63.29746349687583,63.7959909019869,62.90019742805077,63.35198974609375,1938400,0.0,0.0
2015-08-12,62.89243423831247,63.64022567857122,62.432856496630585,63.52338790893555,1871300,0.0,0.0
2015-08-13,63.49999497554205,64.64505231082875,63.34420736843372,64.22441864013672,2000800,0.0,0.0
2015-08-14,63.99852615332648,64.78526126748599,63.82715622575397,64.64505004882812,2018400,0.0,0.0
2015-08-17,64.51261226342963,66.03156176234735,64.3256660042354,65.97703552246094,3366600,0.0,0.0
2015-08-18,65.68104760090092,66.3275773681168,65.49410131091739,65.9692611694336,2615300,0.0,0.0
2015-08-19,65.73559516648166,66.37433397872789,65.47075499836565,65.79791259765625,1874300,0.0,0.0
2015-08-20,65.20589848401559,65.43958584217785,64.42694854736328,64.42694854736328,2275400,0.0,0.0
2015-08-21,63.74925944766781,64.1309491924416,61.71620559692383,61.71620559692383,3103900,0.0,0.0
2015-08-24,58.5848281895734,60.586729431447196,50.07869570259409,59.418304443359375,6545600,0.0,0.0
2015-08-25,61.14757168979785,61.23325666059267,57.21387202558054,57.26839828491211,3565100,0.0,0.0
2015-08-26,58.90417675765096,60.672389910863274,58.390067117852716,60.60228729248047,4492900,0.0,0.0
2015-08-27,61.00734833498136,61.43577310380971,59.56629238797338,60.78145217895508,3004600,0.0,0.0
2015-08-28,60.57113508004267,61.38124354464139,60.56334391841637,61.07745361328125,2596700,0.0,0.0
2015-08-31,60.64903096804721,61.06966456670964,60.06481862705747,60.228397369384766,2364500,0.0,0.0
2015-09-01,58.77954116049349,59.28585963264206,58.156384992622755,58.49911880493164,2658300,0.0,0.0
2015-09-02,59.550724040887324,60.06483388414683,58.77177405503966,60.049251556396484,2689100,0.0,0.0
2015-09-03,60.05701609310188,60.82817457316982,59.99469869556339,60.40754699707031,1952100,0.0,0.0
2015-09-04,59.38712303615574,59.90123268705106,58.98986297091612,59.317020416259766,1858800,0.0,0.0
2015-09-08,60.24398955507889,60.95283690070958,59.99472579524634,60.91388702392578,1764400,0.0,0.0
2015-09-09,61.52529543089817,61.90155163101197,60.61601908290639,60.75711441040039,3022700,0.49,0.0
2015-09-10,60.43571364844117,61.75260105936605,60.42003905157725,61.0784797668457,2214600,0.0,0.0
2015-09-11,60.57681325105645,61.43122536042662,60.52194318754742,61.38418960571289,1508900,0.0,0.0
2015-09-14,61.51745282813499,61.721252511184325,60.80413599629648,60.95307159423828,1411300,0.0,0.0
2015-09-15,61.07849755167683,62.15239015138496,60.90604703401964,61.838844299316406,1706300,0.0,0.0
2015-09-16,61.87019717135336,62.55215892559802,61.73694213282873,62.387542724609375,1739600,0.0,0.0
2015-09-17,62.458088495259695,63.23410975465493,62.08967261018032,62.262123107910156,2013100,0.0,0.0
2015-09-18,61.58015441498917,62.701076542571045,61.56447981715211,61.93289566040039,3876400,0.0,0.0
2015-09-21,62.22295032528985,63.00681216049054,61.97211477724128,62.63056182861328,1671200,0.0,0.0
2015-09-22,61.48611267607463,62.16806851669286,61.290147254216045,62.07400894165039,1753100,0.0,0.0
2015-09-23,62.207251415523935,62.536471822387604,61.823160940849654,62.215091705322266,1157600,0.0,0.0
2015-09-24,61.619368166728556,62.60703557444291,61.23527761165801,62.37971496582031,1793900,0.0,0.0
2015-09-25,63.053824304846934,63.861200735638306,62.215092694752435,62.94408416748047,2231800,0.0,0.0
2015-09-28,62.69326109500651,63.04599646614923,61.55665804725417,61.6272087097168,1835800,0.0,0.0
2015-09-29,61.580167393438686,62.14454872073327,61.37636767666311,61.99561309814453,2046200,0.0,0.0
2015-09-30,62.818661265396315,63.04598182214591,62.1523801744482,62.991111755371094,2674400,0.0,0.0
2015-10-01,63.422235754531606,63.63387572455312,62.7089189311038,63.40655517578125,2209100,0.0,0.0
2015-10-02,62.55214152020236,63.790637975387256,61.721244377401675,63.77496337890625,2738100,0.0,0.0
2015-10-05,64.43340195820521,65.08400832793619,64.19040684822352,64.82533264160156,1904600,0.0,0.0
2015-10-06,64.63721848288465,64.98995974562958,64.45693368715183,64.62154388427734,1860700,0.0,0.0
2015-10-07,64.73911017332512,65.73461750061774,64.73911017332512,65.57000732421875,1717700,0.0,0.0
2015-10-08,65.49946957683704,66.97313312666823,65.23295951890786,66.72229766845703,2131300,0.0,0.0
2015-10-09,66.91042601767782,67.4042566680381,66.61256076545264,66.81636047363281,2190100,0.0,0.0
2015-10-12,66.65172855866345,67.23178427379968,66.65172855866345,67.16123962402344,1045300,0.0,0.0
2015-10-13,66.79285160430146,67.18478243590543,66.52634150939791,66.753662109375,1402300,0.0,0.0
2015-10-14,66.86338151320666,67.33369716909424,66.5811909235965,66.73796081542969,1227600,0.0,0.0
2015-10-15,67.11424516472768,67.38859558105469,66.57337864368978,67.38859558105469,1233900,0.0,0.0
2015-10-16,67.64724404356137,68.18027005708693,67.3493728716456,67.95294952392578,1844500,0.0,0.0
2015-10-19,67.85889264653596,68.6662690683537,67.8040225784626,68.43111419677734,1439200,0.0,0.0
2015-10-20,68.24299395634829,68.68196055100833,68.15676869563237,68.52518463134766,1309200,0.0,0.0
2015-10-21,68.74464853402438,69.3560655042145,68.4467833283331,68.5486831665039,1607900,0.0,0.0
2015-10-22,68.9249370944726,70.4064347470143,68.76032690867775,70.30453491210938,2104400,0.0,0.0
2015-10-23,70.54753653058314,71.01785224470929,70.29670108435663,70.96298217773438,1833000,0.0,0.0
2015-10-26,70.72783935470956,71.07273441425828,70.33590852946664,70.63377380371094,2297400,0.0,0.0
2015-10-27,70.63374766396744,70.84538759990458,69.83420572734362,70.80619812011719,2031600,0.0,0.0
2015-10-28,69.23066669359608,69.9596583305417,68.11758448934499,68.90928649902344,3400800,0.0,0.0
2015-10-29,68.90928853442333,69.39527898648176,67.85891069148934,69.26202392578125,2476200,0.0,0.0
2015-10-30,69.26198726262488,69.48930776487317,68.16458020984902,68.18809509277344,3040200,0.0,0.0
