date,open,high,low,close,volume,dividends,stock_splits
1990-01-02,4.1873705048343774,4.289779022615653,4.1759917806364575,4.244264125823975,849600,0.0,0.0
1990-01-03,4.255644869297109,4.301159787685314,4.255644869297109,4.278402328491211,1785200,0.0,0.0
1990-01-04,4.232886640921882,4.232886640921882,4.153235548216363,4.187371730804443,1471200,0.0,0.0
1990-01-05,4.164613000551859,4.1759917245970835,4.096340656280518,4.096340656280518,1050800,0.0,0.0
1990-01-08,4.096341686354157,4.1646140477933935,4.096341686354157,4.119099140167236,680000,0.0,0.0
1990-01-09,4.130477867073775,4.175992774699933,4.107720413260697,4.119099140167236,776000,0.0,0.0
1990-01-10,4.050826032396773,4.062204757206876,3.9825536835361532,4.03944730758667,702800,0.0,0.0
1990-01-11,4.050824945623225,4.062203667380593,3.9711738933216445,4.00531005859375,1208400,0.0,0.0
1990-01-12,3.9370384955266764,3.9939321154042298,3.891523599624634,3.891523599624634,707600,0.0,0.0
1990-01-15,3.8004941136003976,3.8573877380554933,3.7549792140363207,3.7777366638183594,1298800,0.0,0.0
1990-01-16,3.7094647718030354,3.9142818450927734,3.686707319215287,3.9142818450927734,1355600,0.0,0.0
1990-01-17,3.93703818321228,3.9825530755037515,3.8915232909208086,3.9370381832122803,2706800,0.0,0.0
1990-01-18,3.9142798035025947,4.005309566374748,3.823250040630441,3.880143642425537,3792800,0.0,0.0
1990-01-19,3.9597957255476612,4.05082551234186,3.925659555499837,4.0280680656433105,2429200,0.0,0.0
1990-01-22,4.050825499940192,4.062204223254631,3.9597957134246826,3.9597957134246826,1362800,0.0,0.0
1990-01-23,3.97117495872605,4.03944730758667,3.97117495872605,4.03944730758667,1023600,0.0,0.0
1990-01-24,4.005311688806257,4.005311688806257,3.937039330474332,3.9939329624176025,1580400,0.0,0.0
1990-01-25,3.9825563430786133,4.028071272713797,3.9825563430786133,3.9825563430786133,480800,0.0,0.0
1990-01-26,3.959796750268271,3.9711754765621454,3.8460094873295274,3.9142818450927734,824800,0.0,0.0
1990-01-29,3.914280240675982,3.914280240675982,3.811871746007134,3.868765354156494,899600,0.0,0.0
1990-01-30,3.846008558885767,3.846008558885767,3.709463876321775,3.7208425998687744,940800,0.0,0.0
1990-01-31,3.698088281920978,3.823254346847534,3.698088281920978,3.823254346847534,1434400,0.0,0.0
1990-02-01,3.8460121370874503,3.857390871220845,3.7549822640202914,3.7663609981536865,1309600,0.0,0.0
1990-02-02,3.7549805571664527,3.9029040336608887,3.732223099244232,3.9029040336608887,1500000,0.0,0.0
1990-02-05,3.9029054790735245,3.9029054790735245,3.823254346847534,3.823254346847534,490400,0.0,0.0
1990-02-06,3.8004941136003976,3.8004941136003976,3.7549792140363207,3.7777366638183594,979200,0.0,0.0
1990-02-07,3.7322206102179356,3.846007823944092,3.709463167472704,3.846007823944092,851200,0.0,0.0
1990-02-08,3.8232511646019485,3.8346298883061207,3.7777362697852586,3.8004937171936035,1348800,0.0,0.0
1990-02-09,3.789115116221261,3.8460087365849436,3.7777363921485247,3.834630012512207,1039200,0.0,0.0
1990-02-12,3.8232512884394705,3.8687661847304167,3.811872564366734,3.834630012512207,939600,0.0,0.0
1990-02-13,3.823254346847534,3.8573905463729585,3.8118756136723926,3.823254346847534,1687600,0.0,0.0
1990-02-14,3.823250040630441,3.880143642425537,3.8118713202714223,3.880143642425537,789600,0.0,0.0
1990-02-15,3.857390286581857,3.9939350754874092,3.857390286581857,3.9825563430786133,825200,0.0,0.0
1990-02-16,4.005310783173119,4.096340573699781,4.005310783173119,4.073583126068115,2972800,0.0,0.0
1990-02-20,4.028071371083895,4.028071371083895,3.982556440337184,4.016692638397217,2726400,0.0,0.0
1990-02-21,3.948418056862986,4.028069141583565,3.937039330474332,3.9939329624176025,863600,0.0,0.0
1990-02-22,4.00531113315636,4.10771965644729,4.00531113315636,4.03944730758667,1263200,0.0,0.0
1990-02-23,4.016688780351119,4.062203667380593,3.9711738933216445,4.00531005859375,942800,0.0,0.0
1990-02-26,4.0144874968312,4.048897389661182,4.0144874968312,4.0374274253845215,797200,0.0875,0.0
1990-02-27,4.014487120434434,4.1177167892456055,4.014487120434434,4.1177167892456055,948800,0.0,0.0
1990-02-28,4.094778186819526,4.140658054458961,4.06036828608995,4.083308219909668,795600,0.0,0.0
1990-03-01,4.048898194684368,4.117717994027445,4.048898194684368,4.094778060913086,1000800,0.0,0.0
1990-03-02,4.0947757959365845,4.220945358276367,4.0947757959365845,4.220945358276367,930800,0.0,0.0
1990-03-05,4.232414958912281,4.2668248366270145,4.198005081197547,4.209475040435791,1546000,0.0,0.0
1990-03-06,4.19800687622238,4.19800687622238,4.129187091366275,4.175066947937012,2353200,0.0,0.0
1990-03-07,4.152127142451683,4.175067071415504,4.140657177969772,4.163597106933594,800400,0.0,0.0
1990-03-08,4.106246122999655,4.106246122999655,3.957136626913076,4.003016471862793,6367600,0.0,0.0
1990-03-09,3.853905425014266,3.853905425014266,3.7392058587936035,3.808025598526001,9583200,0.0,0.0
1990-03-12,3.8309697182877187,3.8539096567205795,3.7850898414219976,3.7965598106384277,2523600,0.0,0.0
1990-03-13,3.79655816591703,3.79655816591703,3.7162684161846453,3.727738380432129,2272400,0.0,0.0
1990-03-14,3.716267588716116,3.7277375504096844,3.6130379334740015,3.6933276653289795,3680000,0.0,0.0
1990-03-15,3.704798099435406,3.7506779520599927,3.704798099435406,3.7162680625915527,867600,0.0,0.0
1990-03-16,3.8080277678407266,3.8080277678407266,3.704798099435406,3.7162680625915527,1942000,0.0,0.0
1990-03-19,3.6933276653289795,3.716267588716116,3.6589177802482746,3.6933276653289795,624800,0.0,0.0
1990-03-20,3.670389300977175,3.6933292341082824,3.6474493678460673,3.658919334411621,1190800,0.0,0.0
1990-03-21,3.6589165903487295,3.6933264642391563,3.475397262933119,3.647446632385254,862000,0.0,0.0
1990-03-22,3.5786280693945947,3.613037954677235,3.532748222351074,3.532748222351074,2560800,0.0,0.0
1990-03-23,3.4868688398791896,3.5786285461918,3.475398876590113,3.5556886196136475,2236000,0.0,0.0
1990-03-26,3.555691279823472,3.647451054786658,3.555691279823472,3.6359810829162598,669600,0.0,0.0
1990-03-27,3.6359766744217783,3.6589165903487295,3.601566800531351,3.647446632385254,834800,0.0,0.0
1990-03-28,3.647449267061451,3.658919233310072,3.6130393683155884,3.624509334564209,495200,0.0,0.0
1990-03-29,3.613038546741961,3.6245085103824115,3.578628655820609,3.5900986194610596,527600,0.0,0.0
1990-03-30,3.5900985094808764,3.5900985094808764,3.509808766457342,3.5556886196136475,697600,0.0,0.0
1990-04-02,3.5327496653288795,3.5442196317747525,3.4753998330995146,3.509809732437134,1032800,0.0,0.0
1990-04-03,3.509808298829314,3.5556881458728347,3.509808298829314,3.532748222351074,751600,0.0,0.0
1990-04-04,3.395110559779287,3.498340272745549,3.395110559779287,3.463930368423462,1815200,0.0,0.0
1990-04-05,3.452460383048932,3.452460383048932,3.3148207664489746,3.3148207664489746,1321200,0.0,0.0
1990-04-06,3.2804094641452965,3.3033493904679907,3.1083600167250887,3.245999574661255,3821200,0.0,0.0
1990-04-09,3.2460009581489957,3.326290734498971,3.2460009581489957,3.3148207664489746,1013200,0.0,0.0
1990-04-10,3.349228266465704,3.4639278646323373,3.3377583066490404,3.452457904815674,3070000,0.0,0.0
1990-04-11,3.486870304638187,3.498340272745549,3.4524604003160992,3.463930368423462,942000,0.0,0.0
1990-04-12,3.4753978244490007,3.486867784265664,3.452457904815674,3.452457904815674,842000,0.0,0.0
1990-04-16,3.4524594787004834,3.4753994087915165,3.395109653472901,3.3951096534729004,914400,0.0,0.0
1990-04-17,3.3836397917374317,3.5327493418817935,3.372169826341712,3.4295196533203125,2101600,0.0,0.0
1990-04-18,3.406579722528872,3.4639295495074727,3.406579722528872,3.4295196533203125,1252400,0.0,0.0
1990-04-19,3.4180471897125244,3.452457060749899,3.4065772327000663,3.4180471897125244,915200,0.0,0.0
1990-04-20,3.4180463492268265,3.440986257610899,3.40657639503479,3.40657639503479,359600,0.0,0.0
1990-04-23,3.406579618518417,3.406579618518417,3.3721697233818677,3.3951096534729004,754400,0.0,0.0
1990-04-24,3.395109653472901,3.4524594787004834,3.3721697233818677,3.3951096534729004,728000,0.0,0.0
1990-04-25,3.383638985352974,3.3951089480151873,3.303349246717479,3.349229097366333,1064800,0.0,0.0
1990-04-26,3.3492289720955544,3.39510882102837,3.3492289720955544,3.383638858795166,1223600,0.0,0.0
1990-04-27,3.4065772327000663,3.429517146724983,3.395107275687608,3.4180471897125244,581600,0.0,0.0
1990-04-30,3.429517634605107,3.498337386470092,3.4180476759609424,3.4868674278259277,1665200,0.0,0.0
1990-05-01,3.4868682542414526,3.601567867867816,3.4868682542414526,3.5671579837799072,1420000,0.0,0.0
1990-05-02,3.5556890782277297,3.6015689373016357,3.544219113459253,3.6015689373016357,1543600,0.0,0.0
1990-05-03,3.6015679746866227,3.6933276683092116,3.6015679746866227,3.6703877449035645,1844800,0.0,0.0
1990-05-04,3.670389199558693,3.693329132055935,3.6015694020669673,3.624509334564209,1494000,0.0,0.0
1990-05-07,3.6245067164583022,3.670386548312205,3.6245067164583022,3.647446632385254,950800,0.0,0.0
1990-05-08,3.624509600492624,3.624509600492624,3.555689797951625,3.578629732131958,891200,0.0,0.0
1990-05-09,3.5786285461918,3.5786285461918,3.5327486930354945,3.5556886196136475,1158800,0.0,0.0
1990-05-10,3.5327488149254065,3.5671587059798746,3.521278851240584,3.5442187786102295,2725600,0.0,0.0
1990-05-11,3.567159626975892,3.6359794268532406,3.5556896603296675,3.613039493560791,4104800,0.0,0.0
1990-05-14,3.6245093345642094,3.693329132055935,3.6130393683155884,3.624509334564209,1138400,0.0,0.0
1990-05-15,3.6245111110458614,3.647451054786658,3.613041139175463,3.6359810829162598,522400,0.0,0.0
1990-05-16,3.624509460207016,3.6359794268532406,3.5900995602683414,3.613039493560791,356800,0.0,0.0
1990-05-17,3.6245093345642094,3.670389199558693,3.5786294695697256,3.624509334564209,1471600,0.0,0.0
1990-05-18,3.6359788316070656,3.6359788316070656,3.5556890782277297,3.6015689373016357,592000,0.0,0.0
1990-05-21,3.5900995602683414,3.6474493934994654,3.5786295936221166,3.613039493560791,804000,0.0,0.0
1990-05-22,3.6130385607191657,3.6359784880888113,3.5442187786102295,3.5442187786102295,1893200,0.0,0.0
1990-05-23,3.5327486930354945,3.5671585829027235,3.5212787297464185,3.5556886196136475,622400,0.0,0.0
1990-05-24,3.5671589720760633,3.5671589720760633,3.463929291212126,3.4753992557525635,515600,0.0,0.0
1990-05-25,3.4730849233833516,3.4730849233833516,3.403623224915685,3.4267771244049072,2882000,0.0875,0.0
1990-05-29,3.449928760528565,3.4615057026779894,3.43835181837914,3.4499287605285645,852400,0.0,0.0
1990-05-30,3.461507624348268,3.519392367230346,3.4499306757718524,3.4962384700775146,2757200,0.0,0.0
1990-05-31,3.496237788661834,3.646738090822774,3.496237788661834,3.588853359222412,1388000,0.0,0.0
1990-06-01,3.6120079303609915,3.693046569824219,3.588854033371498,3.6930465698242188,3808000,0.0,0.0
1990-06-04,3.693044961917968,3.9130068875494457,3.6814680184636797,3.889853000640869,1788000,0.0,0.0
1990-06-05,3.959314042124255,4.051929575273361,3.9477371004806168,4.028775691986084,1918400,0.0,0.0
1990-06-06,4.051931124891159,4.09823890917563,4.0056233406066895,4.0056233406066895,2442400,0.0,0.0
1990-06-07,3.982467488544743,3.982467488544743,3.7972364425659175,3.797236442565918,1609600,0.0,0.0
1990-06-08,3.7740859380301393,3.831970691680908,3.7625089872999853,3.831970691680908,701200,0.0,0.0
1990-06-11,3.7972398394904467,3.831970691680908,3.7856628887602928,3.831970691680908,1185200,0.0,0.0
1990-06-12,3.8203896528267,3.855120467852397,3.8088127144848007,3.843543529510498,866800,0.0,0.0
1990-06-13,3.843544213026301,3.8551211534269827,3.6930439878174397,3.739351749420166,1222400,0.0,0.0
1990-06-14,3.6351618529945022,3.658315750147333,3.484661521501099,3.4962384700775146,2285200,0.0,0.0
1990-06-15,3.5078142911765227,3.6467376294409393,3.4267756771889464,3.6351606845855713,2229600,0.0,0.0
1990-06-18,3.6235846106314895,3.64673850590709,3.530969029529087,3.5541229248046875,1094000,0.0,0.0
1990-06-19,3.5656992095747806,3.6235839370029423,3.5309683731178834,3.5425453186035156,1215200,0.0,0.0
1990-06-20,3.542545353455401,3.5541222990549284,3.4267758974601263,3.4846606254577637,782800,0.0,0.0
1990-06-21,3.484661238977886,3.577276820080288,3.484661238977886,3.5541229248046875,1152800,0.0,0.0
1990-06-22,3.5309693158067614,3.5425462643831773,3.484661521501099,3.4962384700775146,1153600,0.0,0.0
1990-06-25,3.484661521501099,3.50781541865393,3.484661521501099,3.4962384700775146,626400,0.0,0.0
1990-06-26,3.4962378332059676,3.507814779673537,3.380468368530273,3.3804683685302734,1072800,0.0,0.0
1990-06-27,3.403623224915685,3.4615079736387404,3.403623224915685,3.4267771244049072,557600,0.0,0.0
1990-06-28,3.438353898931905,3.4730847463958634,3.438353898931905,3.461507797241211,1091600,0.0,0.0
1990-06-29,3.4615084520975747,3.484662354787191,3.438354549407959,3.473085403442383,916400,0.0,0.0
1990-07-02,3.473082696548616,3.4846596388704447,3.426774927261301,3.43835186958313,386800,0.0,0.0
1990-07-03,3.4383531008681203,3.4383531008681203,3.380468368530273,3.3804683685302734,922800,0.0,0.0
1990-07-05,3.334159529836554,3.334159529836554,3.2646978729649594,3.299428701400757,1280000,0.0,0.0
1990-07-06,3.3110076269587956,3.4267771244049072,3.2994306772141844,3.4267771244049072,626800,0.0,0.0
1990-07-09,3.4267758925755816,3.4267758925755816,3.322583382328351,3.334160327911377,1019200,0.0,0.0
1990-07-10,3.322583397656786,3.322583397656786,3.2068139412924377,3.2299678325653076,1042400,0.0,0.0
1990-07-11,3.218390278867866,3.241544165766196,3.148928618172876,3.206813335418701,2616400,0.0,0.0
1990-07-12,3.2299690220572734,3.2299690220572734,3.114199523058805,3.1836612224578857,2015600,0.0,0.0
1990-07-13,3.1952363398435306,3.2299671696244383,3.172082453322925,3.2183902263641357,1510400,0.0,0.0
1990-07-16,3.218391117984301,3.426776154400551,3.218391117984301,3.3804683685302734,1484400,0.0,0.0
1990-07-17,3.473083335574311,3.565698891189626,3.461506391122396,3.5078141689300537,1907200,0.0,0.0
1990-07-18,3.5078162574768066,3.5078162574768066,3.426777598063151,3.473085403442383,1720400,0.0,0.0
1990-07-19,3.461505754226787,3.473082696548616,3.426774927261301,3.43835186958313,1326400,0.0,0.0
1990-07-20,3.4383539520964335,3.4615078507637493,3.403623104095459,3.403623104095459,667200,0.0,0.0
1990-07-23,3.3920449454208903,3.4036218906271047,3.299429383771173,3.357314109802246,923600,0.0,0.0
1990-07-24,3.357314219077428,3.357314219077428,3.287852545579274,3.334160327911377,542400,0.0,0.0
1990-07-25,3.334160219389817,3.3573141098022465,3.311006328977388,3.357314109802246,1638400,0.0,0.0
1990-07-26,3.368891829850352,3.380468777719254,3.322584038374746,3.345737934112549,1413200,0.0,0.0
1990-07-27,3.311007090505844,3.345737934112549,3.299430142636943,3.345737934112549,911200,0.0,0.0
1990-07-30,3.334160918122405,3.334160918122405,3.287853127592927,3.311007022857666,347200,0.0,0.0
1990-07-31,3.2994290719048904,3.3457368483526784,3.2994290719048904,3.322582960128784,559600,0.0,0.0
1990-08-01,3.299429506383916,3.299429506383916,3.1026214305645246,3.2299678325653076,1346000,0.0,0.0
1990-08-02,3.253121109215361,3.287851939562856,3.1720825050712063,3.206813335418701,792000,0.0,0.0
1990-08-03,3.2068129263240914,3.2068129263240914,3.0678896226566215,3.1373512744903564,1576000,0.0,0.0
1990-08-06,3.010004997253418,3.056312766441932,2.9173894588763893,3.010004997253418,2488800,0.0,0.0
1990-08-07,3.0563142510021435,3.1720837302067704,3.0331603551612183,3.1489298343658447,2211600,0.0,0.0
1990-08-08,3.1605051584349346,3.172082100407224,3.1141973905457783,3.1373512744903564,815600,0.0,0.0
1990-08-09,3.1373511731842934,3.1605050563812256,3.079466465191963,3.1605050563812256,748000,0.0,0.0
1990-08-10,3.1489282164626458,3.1836590423795132,3.1373512744903564,3.1373512744903564,782400,0.0,0.0
1990-08-13,3.114199523058805,3.20681512225758,3.102622573158958,3.1836612224578857,431600,0.0,0.0
1990-08-14,3.1720819979796913,3.1836589395781574,3.1489281147827595,3.1605050563812256,576400,0.0,0.0
1990-08-15,3.172083740649016,3.2068145845247353,3.172083740649016,3.195237636566162,604400,0.0,0.0
1990-08-16,3.1836606781272327,3.1836606781272327,3.1489298343658447,3.1489298343658447,1036000,0.0,0.0
1990-08-17,3.1489282164626458,3.1489282164626458,3.0563126806843326,3.1373512744903564,572800,0.0,0.0
1990-08-20,3.14892984473187,3.218391532483308,3.137352896773297,3.195237636566162,679600,0.0,0.0
1990-08-21,3.183659822852523,3.183659822852523,3.0910442643695406,3.125775098800659,958400,0.0,0.0
1990-08-22,3.1489288330078122,3.160505777246812,2.940543836705825,2.952120780944824,1239200,0.0,0.0
1990-08-23,2.871082014826886,2.9173897892595773,2.778466465961502,2.8826589584350586,1237600,0.0,0.0
1990-08-24,2.8942364548879955,2.9405442381662033,2.8942364548879955,2.9173903465270996,894400,0.0,0.0
1990-08-27,3.010006023450496,3.0563138084266575,3.010006023450496,3.044736862182617,438400,0.0,0.0
1990-08-28,3.021582969694536,3.102621593402819,3.010006023450496,3.044736862182617,399200,0.0,0.0
1990-08-29,3.044737641076396,3.1257762855156916,3.044737641076396,3.0794684886932373,310400,0.0,0.0
1990-08-30,3.102621593402819,3.1257754858908995,3.0331599159385765,3.044736862182617,506800,0.0,0.0
1990-08-31,3.0423963663678517,3.065799415339912,3.018993317395791,3.054097890853882,502400,0.0875,0.0
1990-09-04,3.0774999150863063,3.10090295626567,3.0423953533172607,3.0423953533172607,887600,0.0,0.0
1990-09-05,3.0540980087033693,3.077501058578491,3.030694958828248,3.077501058578491,440000,0.0,0.0
1990-09-06,3.077501058578491,3.1009041084536126,3.0657995336409303,3.077501058578491,811200,0.0,0.0
1990-09-07,3.077501058578491,3.1009041084536126,3.0657995336409303,3.077501058578491,2466000,0.0,0.0
1990-09-10,3.089202464311972,3.1009039887980028,3.0423963663678517,3.054097890853882,526800,0.0,0.0
1990-09-11,3.04239576847857,3.04239576847857,3.018992724105658,3.0306942462921143,523200,0.0,0.0
1990-09-12,3.0072914338579366,3.018992956946878,2.94878381841323,2.9838883876800537,1052000,0.0,0.0
1990-09-13,2.9838874398684894,2.9838874398684894,2.8434692074040897,2.855170726776123,1995200,0.0,0.0
1990-09-14,2.820067164264148,2.8668732582768306,2.7381564997419527,2.773261070251465,1543600,0.0,0.0
1990-09-17,2.749858080831348,2.7849626520760036,2.73815655708313,2.73815655708313,537600,0.0,0.0
1990-09-18,2.7381566762924194,2.7498582005500793,2.5977383852005005,2.6211414337158203,1678000,0.0,0.0
1990-09-19,2.632842834936369,2.6445443586471975,2.5275291215389144,2.5509321689605713,1919200,0.0,0.0
1990-09-20,2.5275294872430654,2.5275294872430654,2.4105142332040344,2.433917284011841,1636000,0.0,0.0
1990-09-21,2.4807226036397205,2.492424125355002,2.4339165167785937,2.4690210819244385,1830400,0.0,0.0
1990-09-24,2.4456189994154305,2.4573205257284227,2.363708315224483,2.3754098415374756,2034800,0.0,0.0
1990-09-25,2.363708315224483,2.3754098415374756,2.340305262598498,2.3754098415374756,1468400,0.0,0.0
1990-09-26,2.3754095544097242,2.3754095544097242,2.176483631134033,2.176483631134033,1388400,0.0,0.0
1990-09-27,1.6850194397920406,1.8956468697660458,1.6850194397920406,1.883945345878601,6604800,0.0,0.0
1990-09-28,1.8722436023734466,2.012661872551455,1.8254375123141104,2.000960350036621,4052800,0.0,0.0
1990-10-01,2.0594679076096107,2.0594679076096107,2.024363341002629,2.036064863204956,1681600,0.0,0.0
1990-10-02,2.071170939036778,2.106275531223842,2.036066346849714,2.0477678775787354,1539200,0.0,0.0
1990-10-03,2.0477663725614548,2.0477663725614548,1.9307511512722288,1.9658557176589966,3240000,0.0,0.0
1990-10-04,1.9658562551715417,1.9658562551715417,1.9190501538579336,1.9541547298431396,1162000,0.0,0.0
1990-10-05,1.9307504360934338,2.0009595428604676,1.9073474005044224,1.9424519538879395,1584800,0.0,0.0
1990-10-08,1.9424519538879395,1.9658549894769508,1.8722428471209054,1.9424519538879395,1024800,0.0,0.0
1990-10-09,1.93075144142838,1.9424529653158247,1.883945345878601,1.883945345878601,970800,0.0,0.0
1990-10-10,1.8956475487122169,1.9307521329476283,1.825438380241394,1.825438380241394,1186800,0.0,0.0
1990-10-11,1.8254387760162354,1.837140306631724,1.7552295923233032,1.7552295923233032,1985600,0.0,0.0
1990-10-12,1.778630981197605,1.8020340204238894,1.7318249027450365,1.8020340204238892,1468400,0.0,0.0
1990-10-15,1.8371394185458911,2.0126622929292566,1.8137363686281092,1.9892592430114746,2034000,0.0,0.0
1990-10-16,1.9658558975310014,2.0126619903293586,1.9658558975310014,1.9775574207305908,1542400,0.0,0.0
1990-10-17,1.965856505317922,1.965856505317922,1.8722442907789731,1.907348871231079,3794400,0.0,0.0
1990-10-18,1.872244492555276,1.8956475487122169,1.7552292117705712,1.825438380241394,6161200,0.0,0.0
1990-10-19,1.848840894262775,1.8605424189100077,1.7669302217321456,1.7903332710266113,2868800,0.0,0.0
1990-10-22,1.802035324084453,1.825438380241394,1.7669307398490417,1.825438380241394,1798800,0.0,0.0
1990-10-23,1.8137368105894682,1.8137368105894682,1.7552291715381951,1.7669306993484497,1519600,0.0,0.0
1990-10-24,1.755228697084913,1.802034795673844,1.7318256477904475,1.7903332710266113,1552800,0.0,0.0
1990-10-25,1.790333754968959,1.8020352827792137,1.7669306993484497,1.7669306993484497,1388000,0.0,0.0
1990-10-26,1.7552290763054694,1.7669306034808392,1.661616858902511,1.6733183860778809,1885200,0.0,0.0
1990-10-29,1.6850198662799336,1.6967213931290999,1.6031091783357703,1.6148107051849365,2582000,0.0,0.0
1990-10-30,1.6031091835568931,1.638213764218723,1.57970612978234,1.5914076566696167,3441600,0.0,0.0
1990-10-31,1.6031091783357703,1.6850198662799336,1.6031091783357703,1.6148107051849365,2020400,0.0,0.0
1990-11-01,1.6265124316151078,1.7318261861801147,1.614810903330107,1.7318261861801147,1734000,0.0,0.0
1990-11-02,1.7435267233998522,1.8722434613689687,1.7435267233998522,1.8605419397354126,3064800,0.0,0.0
1990-11-05,1.8371397103268674,1.9424534516831848,1.8371397103268674,1.907348871231079,1321600,0.0,0.0
1990-11-06,1.8956468697660458,1.9073483936534905,1.8605422981037116,1.883945345878601,1480400,0.0,0.0
1990-11-07,1.8839445862828232,1.9541537012995744,1.8722430671133647,1.9190491437911987,1942800,0.0,0.0
1990-11-08,1.9190496924327827,2.036064917581123,1.8956466474031146,2.000960350036621,2367200,0.0,0.0
1990-11-09,2.0009602965979743,2.0477663854072836,1.9658557299909922,2.036064863204956,1703600,0.0,0.0
1990-11-12,2.0477668572497625,2.188185156032603,2.0477668572497625,2.176483631134033,2514800,0.0,0.0
1990-11-13,2.1530808653506934,2.24669307688768,2.1530808653506934,2.2349915504455566,2712400,0.0,0.0
1990-11-14,2.2232900154896273,2.3520068058600794,2.2232900154896273,2.2817976474761963,4362800,0.0,0.0
1990-11-15,2.199886680931173,2.2349912556268836,2.141379056438323,2.176483631134033,5232400,0.0,0.0
1990-11-16,2.1881848087116165,2.2934985160827637,2.1881848087116165,2.2934985160827637,3804800,0.0,0.0
1990-11-19,2.3169025111198427,2.3403055667877197,2.305200983285904,2.3403055667877197,2621200,0.0,0.0
1990-11-20,2.328604038953781,2.3403055667877197,2.2466933441162107,2.3403055667877197,4211600,0.0,0.0
1990-11-21,2.3403050998846693,2.3403050998846693,2.2466928958892822,2.2466928958892822,4176400,0.0,0.0
1990-11-23,2.246693214210304,2.246693214210304,2.1647825241088867,2.1647825241088867,706000,0.0,0.0
1990-11-26,2.1530806918938956,2.2583944213887057,2.071170013397932,2.2466928958892822,2443200,0.0,0.0
1990-11-27,2.246692990793765,2.433917406693246,2.211588412812613,2.4105143547058105,2877200,0.0,0.0
1990-11-28,2.4105147337913513,2.4105147337913513,2.3403055667877197,2.3403055667877197,2738400,0.0,0.0
1990-11-29,2.3403052884246667,2.3403052884246667,2.1998869711191866,2.2349915504455566,1826400,0.0,0.0
1990-11-30,2.199886793891589,2.270095946888129,2.1530806918938956,2.2466928958892822,5405600,0.0,0.0
1990-12-03,2.2699878215789795,2.31752683354922,2.2462183155938593,2.2699878215789795,1527200,0.0925,0.0
1990-12-04,2.281871566772461,2.4007190442085267,2.281871566772461,2.3769495487213135,4621200,0.0,0.0
1990-12-05,2.400719057838872,2.5908750228162085,2.400719057838872,2.519566535949707,4508400,0.0,0.0
1990-12-06,2.590874819919981,2.614644313680715,2.376949376073377,2.4126036167144775,4795200,0.0,0.0
1990-12-07,2.353179381443904,2.3769488701453576,2.3175251483917236,2.3175251483917236,4678800,0.0,0.0
1990-12-10,2.2818719112511836,2.388834657091083,2.269987161713417,2.353180408477783,1666000,0.0,0.0
1990-12-11,2.3412945060532326,2.376948737109881,2.281870787625486,2.293755531311035,958000,0.0,0.0
1990-12-12,2.2818726389031663,2.2818726389031663,2.186794612282201,2.258103132247925,1290000,0.0,0.0
1990-12-13,2.2699872889417283,2.2818720391456115,2.222448288126195,2.234333038330078,1032400,0.0,0.0
1990-12-14,2.2343324384381695,2.2343324384381695,2.1630239563603557,2.2105629444122314,1114000,0.0,0.0
1990-12-17,2.1867932015722924,2.1867932015722924,2.1392542189294166,2.1630237102508545,1016800,0.0,0.0
1990-12-18,2.151140905916691,2.2818732261657715,2.151140905916691,2.2818732261657715,1262800,0.0,0.0
1990-12-19,2.281872313226288,2.400719829540157,2.269987561594901,2.365065574645996,2169200,0.0,0.0
1990-12-20,2.317526439341103,2.4601434509928635,2.317526439341103,2.4363739490509033,1745200,0.0,0.0
1990-12-21,2.4482578573555784,2.4482578573555784,2.376949376073377,2.4126036167144775,2007600,0.0,0.0
1990-12-24,2.3769495487213135,2.4007190442085267,2.341295305490494,2.3769495487213135,369200,0.0,0.0
1990-12-26,2.3769495487213135,2.4007190442085267,2.3531800532341003,2.3769495487213135,350800,0.0,0.0
1990-12-27,2.3769505985120203,2.3769505985120203,2.2699878215789795,2.2699878215789795,894400,0.0,0.0
1990-12-28,2.2343324384381695,2.2462171854511386,2.1749087033733243,2.2105629444122314,1221200,0.0,0.0
1990-12-31,2.2105628779677096,2.2105628779677096,2.163023891344748,2.1749086380004883,773600,0.0,0.0
1991-01-02,2.1867934503862934,2.2462171854511386,2.1749087033733243,2.2105629444122314,628000,0.0,0.0
1991-01-03,2.234332312708316,2.234332312708316,2.1630238346431567,2.186793327331543,1118000,0.0,0.0
1991-01-04,2.2105632433815607,2.2462174892425537,2.1986784947612295,2.2462174892425537,1108800,0.0,0.0
1991-01-07,2.2224476914252005,2.2581019324641076,2.2105629444122314,2.2105629444122314,1163600,0.0,0.0
1991-01-08,2.198679288228353,2.2105640411376957,2.1273707707722984,2.1392555236816406,1020800,0.0,0.0
1991-01-09,2.163024059750817,2.210563050075011,2.0917155742645264,2.0917155742645264,1230000,0.0,0.0
1991-01-10,2.1154856764037033,2.127370427394735,2.044177170457511,2.067946672439575,799600,0.0,0.0
1991-01-11,2.079830826683478,2.1036003218455748,2.0679460791024296,2.0917155742645264,850400,0.0,0.0
1991-01-14,2.0441765839403323,2.1036003218455748,2.0441765839403323,2.0917155742645264,786000,0.0,0.0
1991-01-15,2.0917159305529647,2.139254928974623,2.0798311809475503,2.115485429763794,851200,0.0,0.0
1991-01-16,2.1154844214796356,2.1630233972432227,2.1154844214796356,2.1273691654205322,460400,0.0,0.0
1991-01-17,2.222448288126195,2.2818720391456115,2.198678787718428,2.234333038330078,1698000,0.0,0.0
1991-01-18,2.1867929605337286,2.3175251483917236,2.1867929605337286,2.3175251483917236,1739600,0.0,0.0
1991-01-21,2.2818711224724266,2.448257558486041,2.2818711224724266,2.424488067626953,1647600,0.0,0.0
1991-01-22,2.4720272447503926,2.5195662302263617,2.4482577520124083,2.4839119911193848,1608800,0.0,0.0
1991-01-23,2.4720277786254883,2.5076820254325867,2.4482582807540894,2.4720277786254883,886400,0.0,0.0
1991-01-24,2.495796313652625,2.6384132458613467,2.495796313652625,2.62652850151062,1513200,0.0,0.0
1991-01-25,2.6621839396158853,2.75726193745931,2.6621839396158853,2.6740686893463135,2222800,0.0,0.0
1991-01-28,2.7097229916473915,2.7691467414642204,2.6740687417572944,2.7572619915008545,1033600,0.0,0.0
1991-01-29,2.7453771877288817,2.75726193745931,2.6621839396158853,2.6740686893463135,739600,0.0,0.0
1991-01-30,2.662183470080513,2.721607208251953,2.6384139748119373,2.721607208251953,721200,0.0,0.0
1991-01-31,2.7097229385375976,2.721607688268026,2.626529690424601,2.6740686893463135,856400,0.0,0.0
1991-02-01,2.6859545707702637,2.745378344459871,2.626530797080656,2.6859545707702637,1544400,0.0,0.0
1991-02-04,2.6859547439886597,2.947419365084901,2.6740699884842853,2.9117650985717773,3479200,0.0,0.0
1991-02-05,2.935532639345785,3.054380114622942,2.923647891818069,3.018725872039795,3449200,0.0,0.0
1991-02-06,2.9711877598482017,3.030611515045166,2.959303008808809,3.030611515045166,1765200,0.0,0.0
1991-02-07,2.9711873550725176,3.042495851594258,2.887994109130487,2.9236483573913574,1718800,0.0,0.0
1991-02-08,2.8998788585507773,2.9355331068116475,2.8404551114493266,2.9236483573913574,979200,0.0,0.0
1991-02-11,2.9117630399190464,3.090034246444702,2.899878292817336,3.090034246444702,1005200,0.0,0.0
1991-02-12,3.0424963706297894,3.1375743822119704,2.994957364838699,3.1019201278686523,2099600,0.0,0.0
1991-02-13,3.090033368012751,3.173226574074633,3.090033368012751,3.125687599182129,1311200,0.0,0.0
1991-02-14,3.1019199660846164,3.1256894677404374,2.994957208633423,2.994957208633423,977200,0.0,0.0
1991-02-15,3.0068420047465443,3.0900352617948674,3.0068420047465443,3.078150510787964,1836000,0.0,0.0
1991-02-19,3.030610619567511,3.066264862150658,3.0068411245120794,3.018725872039795,953600,0.0,0.0
1991-02-20,2.947417066911611,2.971186559386705,2.887993335723877,2.887993335723877,1082000,0.0,0.0
1991-02-21,2.864223576606588,2.9236473022623266,2.757260870426259,2.792915105819702,1120800,0.0,0.0
1991-02-22,2.8047998110453287,2.89987777074178,2.792915066083272,2.8523387908935547,1033600,0.0,0.0
1991-02-25,2.9117628281989707,2.947417066911611,2.864223843248783,2.887993335723877,597200,0.0,0.0
1991-02-26,2.876108321737736,2.8879930668688836,2.769145615557407,2.792915105819702,639200,0.0,0.0
1991-02-27,2.816685018903118,2.816685018903118,2.792915525072712,2.804800271987915,1263200,0.0,0.0
1991-02-28,2.8166834452213383,2.828568185496534,2.781029224395752,2.781029224395752,893200,0.0,0.0
1991-03-01,2.7929153658235024,2.8998780819614236,2.7453763808733154,2.887993335723877,2846400,0.0,0.0
1991-03-04,2.935638404089557,2.94766970902435,2.8995444892851774,2.9115757942199707,2053200,0.0925,0.0
1991-03-05,2.911574977327628,3.0318879929196787,2.899543675768423,3.0198566913604736,4264800,0.0,0.0
1991-03-06,3.0439192944788838,3.067981897597294,2.9837627866828584,3.0198566913604736,1831600,0.0,0.0
1991-03-07,2.9957949287635235,3.01985753863311,2.8995444892851774,2.9115757942199707,5932000,0.0,0.0
1991-03-08,2.8995447049538297,2.911576010783514,2.875482093294462,2.8875133991241455,1204000,0.0,0.0
1991-03-11,2.9115755429406383,2.9115755429406383,2.8875129351477407,2.8995442390441895,1572400,0.0,0.0
1991-03-12,2.8875129351477407,2.923606846837087,2.8875129351477407,2.8995442390441895,738000,0.0,0.0
1991-03-13,2.875480998822344,2.959700107574463,2.875480998822344,2.959700107574463,795200,0.0,0.0
1991-03-14,3.031888961791992,3.104076794215611,3.019857656388056,3.031888961791992,2176400,0.0,0.0
1991-03-15,3.0078253898012686,3.0198566913604736,2.9476688820052432,3.0198566913604736,1673600,0.0,0.0
1991-03-18,3.007825824522203,3.019857127820292,2.959700611329848,2.9837632179260254,759200,0.0,0.0
1991-03-19,2.9356381507335363,2.971732062422883,2.8995442390441895,2.8995442390441895,445600,0.0,0.0
1991-03-20,2.851418035370963,2.887511934552874,2.8273554359163557,2.8634493350982666,1009200,0.0,0.0
1991-03-21,2.8634493350982666,2.8995432342801775,2.8634493350982666,2.8634493350982666,1405200,0.0,0.0
1991-03-22,2.827355164592549,2.8514177617380176,2.8032925674470808,2.839386463165283,2001200,0.0,0.0
1991-03-25,2.8514184695316027,3.055950596038089,2.8514184695316027,3.0198566913604736,1469600,0.0,0.0
1991-03-26,3.116107380831683,3.2965769202620896,3.0920447755742955,3.2484517097473145,2969600,0.0,0.0
1991-03-27,3.4048570600344976,3.416888357066422,3.3326692778429536,3.344700574874878,3051600,0.0,0.0
1991-03-28,3.3206396240619975,3.3447022300334615,3.3086083210762656,3.3326709270477295,1393200,0.0,0.0
1991-04-01,3.3086083210762656,3.3326709270477295,3.2965770180905336,3.3326709270477295,712400,0.0,0.0
1991-04-02,3.320639458108456,3.392827272415161,3.308608155724005,3.392827272415161,754800,0.0,0.0
1991-04-03,3.3928264400125787,3.561264632069941,3.38079514057991,3.4770455360412598,1403600,0.0,0.0
1991-04-04,3.489076920918056,3.5492334195545743,3.4770456211907526,3.5372021198272705,873200,0.0,0.0
1991-04-05,3.561264719281878,3.6093899181910922,3.5131395203726634,3.5372021198272705,1137200,0.0,0.0
1991-04-08,3.5251706805262533,3.537201979777196,3.4289202865187103,3.4409515857696533,813600,0.0,0.0
1991-04-09,3.404858800440072,3.416890103621839,3.356733587713004,3.380796194076538,600800,0.0,0.0
1991-04-10,3.392827441976389,3.392827441976389,3.3326709270477295,3.3326709270477295,451600,0.0,0.0
1991-04-11,3.344700515893278,3.452982187271118,3.344700515893278,3.452982187271118,587200,0.0,0.0
1991-04-12,3.5131395203726634,3.5492334195545743,3.489076920918056,3.5372021198272705,937600,0.0,0.0
1991-04-15,3.5131395203726634,3.561264719281878,3.428920422281538,3.5372021198272705,861200,0.0,0.0
1991-04-16,3.5612647869442933,3.597358686811972,3.5011082871648287,3.585327386856079,1023200,0.0,0.0
1991-04-17,3.6093922761770396,3.753767967224121,3.5973609685897827,3.753767967224121,1953600,0.0,0.0
1991-04-18,3.777828564153653,3.886110274591178,3.7657972629939285,3.8620476722717285,1605600,0.0,0.0
1991-04-19,3.8139221335214284,3.83798473373292,3.7898595333099365,3.7898595333099365,1030400,0.0,0.0
1991-04-22,3.777829668006382,3.789860972681561,3.5612661838531494,3.5612661838531494,2136000,0.0,0.0
1991-04-23,3.5612642579159495,3.5732955560845845,3.48907646890414,3.5492329597473145,1157600,0.0,0.0
1991-04-24,3.5251718380778128,3.621422263690859,3.5251718380778128,3.5973596572875977,1028800,0.0,0.0
1991-04-25,3.5612647869442933,3.657515186591436,3.5372021870325074,3.585327386856079,544000,0.0,0.0
1991-04-26,3.5612661838531494,3.5973600978786884,3.5612661838531494,3.5612661838531494,355600,0.0,0.0
1991-04-29,3.573297488528329,3.5853287932035087,3.54923487917797,3.5612661838531494,721200,0.0,0.0
1991-04-30,3.5492329597473145,3.633452046927759,3.51313906524141,3.5492329597473145,776800,0.0,0.0
1991-05-01,3.5372028784318403,3.597359389969797,3.5131402738166577,3.5732967853546143,497200,0.0,0.0
1991-05-02,3.585327386856079,3.597358686811972,3.5612647869442933,3.585327386856079,985200,0.0,0.0
1991-05-03,3.5853287932035087,3.5853287932035087,3.5372035745027905,3.5612661838531494,11040400,0.0,0.0
1991-05-06,3.5732960190091814,3.5732960190091814,3.5251708200999667,3.5372021198272705,858000,0.0,0.0
1991-05-07,3.5372035745027905,3.5853287932035087,3.5372035745027905,3.5612661838531494,1976000,0.0,0.0
1991-05-08,3.5612647869442933,3.585327386856079,3.5612647869442933,3.585327386856079,1347200,0.0,0.0
1991-05-09,3.5853287932035087,3.5853287932035087,3.5612661838531494,3.5612661838531494,1238000,0.0,0.0
1991-05-10,3.5853280876622056,3.597359389969797,3.561265483047023,3.5732967853546143,2017200,0.0,0.0
1991-05-13,3.573296086900186,3.585327386856079,3.5612647869442933,3.585327386856079,1193600,0.0,0.0
1991-05-14,3.5853287932035087,3.5853287932035087,3.5612661838531494,3.5612661838531494,1722000,0.0,0.0
1991-05-15,3.561264719281878,3.5732960190091814,3.5251708200999667,3.5372021198272705,1976800,0.0,0.0
1991-05-16,3.573297488528329,3.573297488528329,3.54923487917797,3.5612661838531494,640800,0.0,0.0
1991-05-17,3.537201265009438,3.5492325618291978,3.392825703172318,3.452982187271118,737600,0.0,0.0
1991-05-20,3.4650147428217624,3.5131399475831757,3.440952140441056,3.5011086463928223,692000,0.0,0.0
1991-05-21,3.525171576124249,3.5732967853546143,3.5131402738166577,3.5732967853546143,1110800,0.0,0.0
1991-05-22,3.5492344444810744,3.5973596572875977,3.5492344444810744,3.5973596572875977,1243600,0.0,0.0
1991-05-23,3.5853286043802894,3.633453820546468,3.5853286043802894,3.609391212463379,3052400,0.0,0.0
1991-05-24,3.609389145123331,3.6575143337249756,3.609389145123331,3.6575143337249756,613200,0.0,0.0
1991-05-28,3.6936101272702215,3.8500170707702637,3.6695475205779076,3.8500170707702637,2248400,0.0,0.0
1991-05-29,3.8500185879794033,3.9703316688537598,3.8139246637170965,3.9703316688537598,2734400,0.0,0.0
1991-05-30,3.9582979996038703,4.102673610531672,3.9582979996038703,3.982360601425171,1870800,0.0,0.0
1991-05-31,3.970328693220099,4.0545477867126465,3.958297394149735,4.0545477867126465,3217600,0.0,0.0
1991-06-03,4.041923377520877,4.151164549886307,4.017647561439671,4.139026641845703,1183200,0.0925,0.0
1991-06-04,4.114751794758965,4.1390276165569535,4.078338062061983,4.126889705657959,1048000,0.0,0.0
1991-06-05,4.102614976688773,4.102614976688773,4.0297874918954815,4.054063320159912,903200,0.0,0.0
1991-06-06,4.029785541115599,4.102612990653833,4.029785541115599,4.090475082397461,675200,0.0,0.0
1991-06-07,4.078339099884033,4.114752841847284,4.078339099884033,4.078339099884033,545600,0.0,0.0
1991-06-10,4.078339706374799,4.090477622167581,4.017650127410889,4.017650127410889,348800,0.0,0.0
1991-06-11,4.005511711878949,4.041925454714212,3.9933737976005275,4.029787540435791,498000,0.0,0.0
1991-06-12,3.993372873216867,3.993372873216867,3.8719937585294244,3.884131669998169,1014000,0.0,0.0
1991-06-13,3.847718430910738,3.8962700830357946,3.847718430910738,3.8719942569732666,757600,0.0,0.0
1991-06-14,3.8719955246265116,3.944823026657104,3.8719955246265116,3.9448230266571045,483200,0.0,0.0
1991-06-17,3.9448237713472345,3.9569616906436877,3.9205479327543284,3.9326858520507812,501600,0.0,0.0
1991-06-18,3.9448233904447236,4.005512981066951,3.9448233904447236,3.993375062942505,856000,0.0,0.0
1991-06-19,3.9690988606673017,3.9690988606673017,3.908409275641808,3.9448230266571045,527200,0.0,0.0
1991-06-20,3.9448217351608514,3.993373387285908,3.859856343942002,3.8719942569732666,746000,0.0,0.0
1991-06-21,3.8477186205973877,3.9084081887456117,3.8477186205973877,3.896270275115967,1119600,0.0,0.0
1991-06-24,3.8719942569732666,3.8841321700045306,3.847718430910738,3.8719942569732666,597600,0.0,0.0
1991-06-25,3.871994097506414,3.8962699225691497,3.689925409535893,3.7020633220672607,2595600,0.0,0.0
1991-06-26,3.7020640123903363,3.7263398419797813,3.5685469496483897,3.7142019271850586,2634400,0.0,0.0
1991-06-27,3.641373724550814,3.6656495493811527,3.5928220748901367,3.5928220748901367,1881200,0.0,0.0
1991-06-28,3.5199943455782807,3.5199943455782807,3.4471668763594194,3.471442699432373,3681200,0.0,0.0
1991-07-01,3.4957187755687817,3.5928220748901367,3.483580863153612,3.5928220748901367,1501200,0.0,0.0
1991-07-02,3.6049601569223566,3.641373895881168,3.5685464179635447,3.6292359828948975,1038000,0.0,0.0
1991-07-03,3.617097199973413,3.617097199973413,3.568545559705314,3.580683469772339,588400,0.0,0.0
1991-07-05,3.5806841624749675,3.604959987305306,3.5685462500597978,3.5928220748901367,443200,0.0,0.0
1991-07-08,3.532133053594075,3.5564088821411133,3.4835813964999987,3.5564088821411133,730800,0.0,0.0
1991-07-09,3.5442710818860355,3.629236484533988,3.532133167222042,3.617098569869995,552000,0.0,0.0
1991-07-10,3.617099704742432,3.689927215576172,3.617099704742432,3.6413755416870117,1350000,0.0,0.0
1991-07-11,3.6170978997204752,3.629235812135645,3.5685462500597978,3.5928220748901367,784800,0.0,0.0
1991-07-12,3.5928220748901367,3.604959987305306,3.5442704252294592,3.5928220748901367,678000,0.0,0.0
1991-07-15,3.5685475109428757,3.7020645946856363,3.5564095942389886,3.6656508445739746,1549600,0.0,0.0
1991-07-16,3.6777871955524795,3.7627525763078173,3.6656492840160024,3.7384767532348633,2192400,0.0,0.0
1991-07-17,3.738476863395263,3.738476863395263,3.6656493920304203,3.6777873039245605,1197600,0.0,0.0
1991-07-18,3.6656517386436462,3.689927577972412,3.6535138189792633,3.689927577972412,13365200,0.0,0.0
1991-07-19,3.6777874617963224,3.6777874617963224,3.5928220748901367,3.5928220748901367,908000,0.0,0.0
1991-07-22,3.495717920575823,3.507855830022267,3.374338826111385,3.3986146450042725,5094400,0.0,0.0
1991-07-23,3.3864779712484894,3.3864779712484894,3.3622021434976044,3.374340057373047,5891600,0.0,0.0
1991-07-24,3.3743417867715806,3.3743417867715806,3.3500659465789795,3.3500659465789795,2434800,0.0,0.0
1991-07-25,3.36220386667528,3.36220386667528,3.3500659465789795,3.3500659465789795,1402800,0.0,0.0
1991-07-26,3.362202456214211,3.362202456214211,3.325788711201061,3.3379266262054443,1160800,0.0,0.0
1991-07-29,3.3257877826690674,3.337925694284648,3.2893740478223257,3.3257877826690674,1807200,0.0,0.0
1991-07-30,3.325790106386378,3.3500659465789795,3.3136521862900774,3.3500659465789795,3061200,0.0,0.0
1991-07-31,3.3500642296221614,3.374340057373047,3.337926315746719,3.374340057373047,2548400,0.0,0.0
1991-08-01,3.3743402710097663,3.3864781856536865,3.3622023563658465,3.3864781856536865,2339600,0.0,0.0
1991-08-02,3.398615885123932,3.398615885123932,3.3500642296221614,3.374340057373047,1151200,0.0,0.0
1991-08-05,3.3743393636352317,3.386477275015215,3.362201452255249,3.362201452255249,1852800,0.0,0.0
1991-08-06,3.362200916664941,3.3986146450042725,3.362200916664941,3.3986146450042725,1936800,0.0,0.0
1991-08-07,3.3864781856536865,3.4107540149415265,3.3864781856536865,3.3864781856536865,1880400,0.0,0.0
1991-08-08,3.4107541034096163,3.483581593162135,3.4107541034096163,3.459305763244629,4344800,0.0,0.0
1991-08-09,3.471440762281418,3.519992381334305,3.459302857518196,3.4957165718078613,2870800,0.0,0.0
1991-08-12,3.507859779052994,3.592825240829364,3.507859779052994,3.568549394607544,2229200,0.0,0.0
1991-08-13,3.592823621138786,3.8113061386404685,3.592823621138786,3.7506165504455566,9769600,0.0,0.0
1991-08-14,3.8113043975216785,3.8113043975216785,3.762752749145606,3.774890661239624,4617600,0.0,0.0
1991-08-15,3.750617176294327,3.7627550959587097,3.689927577972412,3.689927577972412,1407600,0.0,0.0
1991-08-16,3.6899255478262503,3.702063460812521,3.6170980699086273,3.6292359828948975,2320000,0.0,0.0
1991-08-19,3.5442692310320405,3.617096680984754,3.4714417810793274,3.6049587726593018,2733600,0.0,0.0
1991-08-20,3.617098569869995,3.6535123138619747,3.5928227405420086,3.617098569869995,1775200,0.0,0.0
1991-08-21,3.6535116719417884,3.7020633220672607,3.6535116719417884,3.7020633220672607,1918400,0.0,0.0
1991-08-22,3.7384770596613652,3.7384770596613652,3.689925409535893,3.7020633220672607,1291200,0.0,0.0
1991-08-23,3.7020631277128415,3.7142010396069822,3.6656493920304203,3.6777873039245605,1468400,0.0,0.0
1991-08-26,3.6656517386436462,3.702065497636795,3.6656517386436462,3.689927577972412,1157200,0.0,0.0
1991-08-27,3.6777883935052333,3.7263400554656987,3.6777883935052333,3.7263400554656982,1267200,0.0,0.0
1991-08-28,3.7506140098210765,3.8598551945731465,3.7506140098210765,3.84771728515625,2507200,0.0,0.0
1991-08-29,3.8477206531959247,3.859858573237552,3.8355827331542973,3.835582733154297,2118800,0.0,0.0
1991-08-30,3.822839625830789,3.835092316939221,3.773828861397061,3.786081552505493,593200,0.0925,0.0
1991-09-03,3.7860786649047355,3.798331346668181,3.7370679378509526,3.737067937850952,844000,0.0,0.0
1991-09-04,3.7493228912353516,3.761575580422395,3.737070202048308,3.7493228912353516,1116000,0.0,0.0
1991-09-05,3.749320846973079,3.749320846973079,3.6880574344408394,3.7125627994537354,616400,0.0,0.0
1991-09-06,3.7003101169472874,3.7125627994537354,3.6635520694279435,3.7125627994537354,944400,0.0,0.0
1991-09-09,3.6880574344408394,3.7125627994537354,3.6880574344408394,3.7125627994537354,315600,0.0,0.0
1991-09-10,3.7003125052660804,3.7003125052660804,3.614543672362562,3.6390490531921387,624400,0.0,0.0
1991-09-11,3.6267963627773505,3.6390490531921387,3.6267963627773505,3.6390490531921387,741200,0.0,0.0
1991-09-12,3.6513009087244668,3.688058971563975,3.6513009087244668,3.6758062839508057,1420400,0.0,0.0
1991-09-13,3.6880584683911555,3.6880584683911555,3.541026237093169,3.553278923034668,1580400,0.0,0.0
1991-09-16,3.553280343814772,3.614543798018475,3.553280343814772,3.6022911071777344,674800,0.0,0.0
1991-09-17,3.6145410808831153,3.6758044890336765,3.6022883992530033,3.6635518074035645,876400,0.0,0.0
1991-09-18,3.6758070024067924,3.6758070024067924,3.651301622390747,3.651301622390747,1641200,0.0,0.0
1991-09-19,3.626793762513228,3.6635518074035645,3.6145410808831153,3.6635518074035645,1321200,0.0,0.0
1991-09-20,3.675805453050176,3.6880581378936768,3.6390473985196743,3.6880581378936768,2000400,0.0,0.0
1991-09-23,3.675807252222178,3.675807252222178,3.590038416336994,3.6022911071777344,942400,0.0,0.0
1991-09-24,3.602290872025163,3.602290872025163,3.5287747317797518,3.5777854919433594,950800,0.0,0.0
1991-09-25,3.577784177773597,3.577784177773597,3.528773435612315,3.5655314922332764,638400,0.0,0.0
1991-09-26,3.5410262321432433,3.5532789180676145,3.528773546218872,3.528773546218872,816800,0.0,0.0
1991-09-27,3.492016315460205,3.492016315460205,3.4675109378078526,3.492016315460205,1540800,0.0,0.0
1991-09-30,3.492016315460205,3.492016315460205,3.4552582489816768,3.492016315460205,689600,0.0,0.0
1991-10-01,3.492015843572913,3.5532792794250696,3.492015843572913,3.5410265922546387,1002000,0.0,0.0
1991-10-02,3.528773777921435,3.541026464650329,3.4675103442769655,3.4797630310058594,1211600,0.0,0.0
1991-10-03,3.4797620568956646,3.4797620568956646,3.406245957102094,3.430751323699951,1760800,0.0,0.0
1991-10-04,3.418498992919922,3.443004362044796,3.4062463083574848,3.418498992919922,1391600,0.0,0.0
1991-10-07,3.4062464237213135,3.4184991086987284,3.3939937387438985,3.4062464237213135,682400,0.0,0.0
1991-10-08,3.4062459365181303,3.4062459365181303,3.357235203618589,3.3817405700683594,1700400,0.0,0.0
1991-10-09,3.369489067526006,3.369489067526006,3.2837202548980713,3.2837202548980713,2410400,0.0,0.0
1991-10-10,3.283719416414754,3.283719416414754,3.234708678856325,3.2714667320251465,2188400,0.0,0.0
1991-10-11,3.2959728318994697,3.3817416416515003,3.2959728318994697,3.3694889545440674,1994400,0.0,0.0
1991-10-14,3.3817416590390317,3.5532792794250696,3.3817416590390317,3.5410265922546387,2852400,0.0,0.0
1991-10-15,3.5655316374949275,3.712563869968945,3.5655316374949275,3.7003111839294434,5891200,0.0,0.0
1991-10-16,3.6880594453001336,3.761575580422395,3.6513013777390024,3.7493228912353516,6030000,0.0,0.0
1991-10-17,3.7248152560875067,3.749320619614398,3.712562574324061,3.737067937850952,2610400,0.0,0.0
1991-10-18,3.7248175128612644,3.7493228912353516,3.712564823674221,3.7493228912353516,2180000,0.0,0.0
1991-10-21,3.749320972906916,3.749320972906916,3.6880575583169337,3.724815607070923,1308000,0.0,0.0
1991-10-22,3.6880596924148152,3.7003123824228377,3.6390489323827246,3.651301622390747,1253200,0.0,0.0
1991-10-23,3.6267955334981283,3.6758062839508057,3.6267955334981283,3.6758062839508057,2946000,0.0,0.0
1991-10-24,3.6758062807289327,3.6758062807289327,3.614542842716784,3.626795530319214,880400,0.0,0.0
1991-10-25,3.614543798018475,3.614543798018475,3.5777857254962533,3.6022911071777344,881600,0.0,0.0
1991-10-28,3.6022883992530033,3.688057170663789,3.6022883992530033,3.6635518074035645,1137600,0.0,0.0
1991-10-29,3.66355431239877,3.66355431239877,3.6390489323827246,3.651301622390747,889200,0.0,0.0
1991-10-30,3.651299125773452,3.6758044890336765,3.651299125773452,3.6635518074035645,1074400,0.0,0.0
1991-10-31,3.6635518074035645,3.6635518074035645,3.651299125773452,3.6635518074035645,488400,0.0,0.0
1991-11-01,3.66355431239877,3.66355431239877,3.6267962423747018,3.651301622390747,1202800,0.0,0.0
1991-11-04,3.651300083363175,3.6880581378936768,3.651300083363175,3.6880581378936768,1638000,0.0,0.0
1991-11-05,3.6880581378936768,3.6880581378936768,3.6635527682066753,3.6880581378936768,1547200,0.0,0.0
1991-11-06,3.6880575583169337,3.7370682899889194,3.675804875398937,3.724815607070923,1642000,0.0,0.0
1991-11-07,3.7248168083929243,3.798332929611206,3.712564121523211,3.798332929611206,1785600,0.0,0.0
1991-11-08,3.8105868078195133,3.8228394985198975,3.7860814264187446,3.8228394985198975,1335200,0.0,0.0
1991-11-11,3.822839381227156,3.822839381227156,3.786081310253818,3.81058669090271,1019200,0.0,0.0
1991-11-12,3.8105868078195133,3.8228394985198975,3.798334117119129,3.8228394985198975,1292800,0.0,0.0
1991-11-13,3.7738287357183604,3.8228394985198975,3.7615760450179763,3.8228394985198975,1115200,0.0,0.0
1991-11-14,3.8105868078195133,3.835092189220282,3.8105868078195133,3.8228394985198975,2561200,0.0,0.0
1991-11-15,3.8228367101950727,3.8228367101950727,3.7370679378509526,3.737067937850952,2009200,0.0,0.0
1991-11-18,3.6880596924148152,3.7003123824228377,3.6267962423747018,3.651301622390747,2290000,0.0,0.0
1991-11-19,3.6145428344086334,3.6145428344086334,3.4797632710917012,3.5042686462402344,2765600,0.0,0.0
1991-11-20,3.504268523239837,3.5287738975282275,3.443005087518861,3.467510461807251,1861600,0.0,0.0
1991-11-21,3.4430041313171387,3.479762182541165,3.4307514475757963,3.4430041313171387,1847200,0.0,0.0
1991-11-22,3.443004478653558,3.455257163630973,3.3939937387438985,3.4062464237213135,979600,0.0,0.0
1991-11-25,3.4062448649630217,3.4184975443333925,3.3939921855926514,3.3939921855926514,1321600,0.0,0.0
1991-11-26,3.393993253293245,3.4184986197430156,3.3204771539439326,3.3817405700683594,1462400,0.0,0.0
1991-11-27,3.3817395062222806,3.3939921855926514,3.3572341474815395,3.3939921855926514,802800,0.0,0.0
1991-11-29,3.3817416416515003,3.3817416416515003,3.3572362674366345,3.3694889545440674,188800,0.0,0.0
1991-12-02,3.368992505754743,3.468080520629883,3.3318345001765657,3.468080520629883,1569600,0.0925,0.0
1991-12-03,3.4680808494830955,3.5919408798217773,3.4680808494830955,3.5919408798217773,2317600,0.0,0.0
1991-12-04,3.6043268828556454,3.6662568980249866,3.5919408798217773,3.5919408798217773,1736800,0.0,0.0
1991-12-05,3.554784155906515,3.567170163418384,3.492854118347168,3.492854118347168,652800,0.0,0.0
1991-12-06,3.4928545351508706,3.4928545351508706,3.430924490201387,3.443310499191284,1174400,0.0,0.0
1991-12-09,3.4556963927262316,3.5671704699109488,3.4433103841501516,3.542398452758789,1101200,0.0,0.0
1991-12-10,3.5300124441827094,3.5795564784870284,3.5300124441827094,3.542398452758789,892000,0.0,0.0
1991-12-11,3.5176246224380123,3.579554633396428,3.5176246224380123,3.5547826290130615,115600,0.0,0.0
1991-12-12,3.5547822447576887,3.61671224902176,3.5547822447576887,3.6043262481689453,1752400,0.0,0.0
1991-12-13,3.6167143035579374,3.6662583351135254,3.60432829566904,3.6662583351135254,4362000,0.0,0.0
1991-12-16,3.641485373721595,3.6662573830666396,3.6290993690490723,3.6290993690490723,1058400,0.0,0.0
1991-12-17,3.604325756430626,3.616711755593618,3.554781759778659,3.5671677589416504,710400,0.0,0.0
1991-12-18,3.5671702084476,3.6167142391204834,3.5547842007793795,3.6167142391204834,1949200,0.0,0.0
1991-12-19,3.6043288537434166,3.641486883163452,3.6043288537434166,3.641486883163452,1582800,0.0,0.0
1991-12-20,3.7158018705860667,3.7529598892919274,3.691029858115493,3.7405738830566406,2546000,0.0,0.0
1991-12-23,3.740573708827679,3.8892057767281165,3.728187703169309,3.864433765411377,3107600,0.0,0.0
1991-12-24,3.8644335247221444,3.9139775442698643,3.8272755100613547,3.9015915393829346,1546800,0.0,0.0
1991-12-26,3.9015893165658158,4.062607288360596,3.9015893165658158,4.062607288360596,1737600,0.0,0.0
1991-12-27,4.037836871015916,4.062608876359572,4.01306486567226,4.050222873687744,984800,0.0,0.0
1991-12-30,4.025452298882567,4.037838305956051,3.9882942776621126,4.013066291809082,1844400,0.0,0.0
1991-12-31,4.013067081157978,4.037839100177472,3.988295062138484,4.025453090667725,1937200,0.0,0.0
1992-01-02,4.000679969787598,4.025451981984425,3.9263639331971163,4.000679969787598,1801200,0.0,0.0
1992-01-03,3.975909483756904,4.112155603137982,3.975909483756904,4.099769592285156,1771600,0.0,0.0
1992-01-06,4.149310465516715,4.335100486360747,4.112152461347908,4.310328483581543,2823600,0.0,0.0
1992-01-07,4.322716406117315,4.384646440588909,4.236014357857083,4.273172378540039,3163600,0.0,0.0
1992-01-08,4.248401249156279,4.421805381774902,4.23601523968352,4.421805381774902,3002800,0.0,0.0
1992-01-09,4.397031795179183,4.397031795179183,4.211241719326542,4.24839973449707,2390800,0.0,0.0
1992-01-10,4.248401363690694,4.248401363690694,4.112155255817232,4.161699295043945,3261200,0.0,0.0
1992-01-13,4.136923448967211,4.149309447317412,4.037835462165601,4.087379455566406,1856400,0.0,0.0
1992-01-14,4.099767217581922,4.359873294830322,4.037837199189446,4.359873294830322,4123600,0.0,0.0
1992-01-15,4.3351022096780625,4.520892304378552,4.285558184424599,4.5085062980651855,3737200,0.0,0.0
1992-01-16,4.6075951431108555,4.6075951431108555,4.496121067067851,4.558051109313965,5866800,0.0,0.0
1992-01-17,4.545663678214411,4.558049682787202,4.44657564163208,4.44657564163208,2545600,0.0,0.0
1992-01-20,4.421803639378658,4.508505671523338,4.2607855796813965,4.2607855796813965,2667600,0.0,0.0
1992-01-21,4.211241878264131,4.372259950080113,4.198855872739825,4.236013889312744,3086000,0.0,0.0
1992-01-22,4.211240472464725,4.310328483581543,4.211240472464725,4.310328483581543,1726800,0.0,0.0
1992-01-23,4.310329595293317,4.421803636550903,4.285557586124965,4.33510160446167,1202400,0.0,0.0
1992-01-24,4.310329280116341,4.446575320579789,4.273171269080856,4.359873294830322,1948000,0.0,0.0
1992-01-27,4.3351034942497275,4.397033544167581,4.322717484266157,4.3722615242004395,1014400,0.0,0.0
1992-01-28,4.359873294830322,4.409417309544303,4.322715283794836,4.359873294830322,1038400,0.0,0.0
1992-01-29,4.335101287473332,4.434189316901294,4.322715283794836,4.359873294830322,2743200,0.0,0.0
1992-01-30,4.359872031346553,4.409416031702764,4.335100031168448,4.384644031524658,2120800,0.0,0.0
1992-01-31,4.372259457906087,4.409417470296224,4.347487449645996,4.347487449645996,1164400,0.0,0.0
1992-02-03,4.2979424821919405,4.359872489139951,4.2979424821919405,4.310328483581543,1299200,0.0,0.0
1992-02-04,4.310329595293317,4.409417631966727,4.285557586124965,4.33510160446167,2388000,0.0,0.0
1992-02-05,4.322715283794836,4.384645302187312,4.297943276437846,4.359873294830322,1700800,0.0,0.0
1992-02-06,4.347486527498103,4.496118545532227,4.3351005259952595,4.496118545532227,1828000,0.0,0.0
1992-02-07,4.50850454703507,4.5580485530464445,4.421802536515165,4.496118545532227,2078800,0.0,0.0
1992-02-10,4.483732379374412,4.496118380422407,4.421802374134433,4.471346378326416,860000,0.0,0.0
1992-02-11,4.471345407336783,4.496117404053331,4.421801413903689,4.434187412261963,1192400,0.0,0.0
1992-02-12,4.409418247558258,4.5085062980651855,4.384646234931527,4.5085062980651855,1394000,0.0,0.0
1992-02-13,4.520889759063721,4.545661757743522,4.483731761044019,4.520889759063721,1358400,0.0,0.0
1992-02-14,4.471346542526539,4.520890548537913,4.458960541023695,4.496118545532227,1412800,0.0,0.0
1992-02-18,4.458963410193179,4.483735429138696,4.4094193723021435,4.421805381774902,1670400,0.0,0.0
1992-02-19,4.384645302187312,4.409417309544303,4.310329280116341,4.359873294830322,1816000,0.0,0.0
1992-02-20,4.359873453776041,4.483733495076497,4.359873453776041,4.458961486816406,1695600,0.0,0.0
1992-02-21,4.471348279125087,4.520892304378552,4.458962272811721,4.5085062980651855,10156400,0.0,0.0
1992-02-24,4.52089008086366,4.595206082192926,4.496118080420572,4.533276081085205,3476800,0.0,0.0
1992-02-25,4.545665100864742,4.570437117763188,4.533279092415519,4.558051109313965,3311600,0.0,0.0
1992-02-26,4.533278449889153,4.644752510132328,4.533278449889153,4.6075944900512695,3244400,0.0,0.0
1992-02-27,4.607594482421875,4.644752502441406,4.595208475748698,4.644752502441406,1936400,0.0,0.0
1992-02-28,4.644751705621418,4.768611751104656,4.61997969652477,4.706681728363037,2503200,0.0,0.0
1992-03-02,4.681216796655305,4.793565999775033,4.681216796655305,4.768599510192871,1977600,0.0925,0.0
1992-03-03,4.756114718185704,4.793564440376143,4.731148236725411,4.781081199645996,1422800,0.0,0.0
1992-03-04,4.768595911086874,4.768595911086874,4.69369649887085,4.69369649887085,3344000,0.0,0.0
1992-03-05,4.643764852508297,4.656248091359125,4.593831897104982,4.6063151359558105,1723600,0.0,0.0
1992-03-06,4.581353066014309,4.593836316875383,4.444037306542491,4.4565205574035645,3054800,0.0,0.0
1992-03-09,4.45651733080546,4.518933539920383,4.45651733080546,4.493967056274414,2982400,0.0,0.0
1992-03-10,4.518934952033745,4.556384689205295,4.506451706309895,4.543901443481445,2049600,0.0,0.0
1992-03-11,4.506448620524486,4.506448620524486,4.456515671820614,4.468998908996582,1255600,0.0,0.0
1992-03-12,4.456516267190019,4.531415700252037,4.44403302834635,4.506449222564697,1873600,0.0,0.0
1992-03-13,4.531416781743368,4.556383265389337,4.48148381445143,4.493967056274414,736400,0.0,0.0
1992-03-16,4.493967565623197,4.506450808861039,4.381618376482617,4.394101619720459,2453200,0.0,0.0
1992-03-17,4.4689993884682,4.518932342529297,4.456516149952925,4.518932342529297,1976000,0.0,0.0
1992-03-18,4.518933539920383,4.518933539920383,4.444034088982476,4.493967056274414,2189600,0.0,0.0
1992-03-19,4.481482747447523,4.6063151359558105,4.481482747447523,4.6063151359558105,1823200,0.0,0.0
1992-03-20,4.631283250521858,4.731149196624756,4.568867034207548,4.731149196624756,2959600,0.0,0.0
1992-03-23,4.643766060187317,4.68121578647915,4.56886660760365,4.581349849700928,1648000,0.0,0.0
1992-03-24,4.581347951349223,4.643764135972509,4.581347951349223,4.631280899047852,1669600,0.0,0.0
1992-03-25,4.618800617156819,4.668733596801758,4.606317372245584,4.668733596801758,1656800,0.0,0.0
1992-03-26,4.668733596801758,4.718666576446696,4.618800617156819,4.668733596801758,2054800,0.0,0.0
1992-03-27,4.681217146443797,4.693700392167647,4.531418197757596,4.543901443481445,2192400,0.0,0.0
1992-03-30,4.531417124238732,4.5563836097717285,4.506450638705737,4.5563836097717285,1181200,0.0,0.0
1992-03-31,4.556384689205295,4.618800917824546,4.543901443481445,4.543901443481445,1864000,0.0,0.0
1992-04-01,4.469000572628445,4.493967056274414,4.469000572628445,4.493967056274414,1778000,0.0,0.0
1992-04-02,4.4690017942654885,4.506451529971623,4.419068813323975,4.419068813323975,1492400,0.0,0.0
1992-04-03,4.406586170196533,4.406586170196533,4.306720194667999,4.406586170196533,1642400,0.0,0.0
1992-04-06,4.4315497895026805,4.518932461408367,4.394100072971672,4.506449222564697,1774000,0.0,0.0
1992-04-07,4.493967056274414,4.543900023566352,4.406584363513523,4.493967056274414,2454000,0.0,0.0
1992-04-08,4.469001667936084,4.469001667936084,4.319202729346047,4.431551933288574,2656800,0.0,0.0
1992-04-09,4.406583311815341,4.518932461408367,4.394100072971672,4.506449222564697,3268800,0.0,0.0
1992-04-10,4.531416781743368,4.568866507212321,4.469000572628445,4.493967056274414,1356400,0.0,0.0
1992-04-13,4.493965743976051,4.493965743976051,4.431549553087494,4.48148250579834,869200,0.0,0.0
1992-04-14,4.506448529801278,4.643764135972509,4.493965292876621,4.631280899047852,2375600,0.0,0.0
1992-04-15,4.618800268096515,4.65625,4.593833780160858,4.65625,1134800,0.0,0.0
1992-04-16,4.618800865706577,4.643767356872559,4.593834374540595,4.643767356872559,938000,0.0,0.0
1992-04-20,4.6562493881851275,4.793565053788442,4.631282903529979,4.718665599822998,3386000,0.0,0.0
1992-04-21,4.7436303038217105,4.893429155521344,4.7436303038217105,4.8559794425964355,4432400,0.0,0.0
1992-04-22,4.880948523026478,4.980814477461803,4.868465278722063,4.930881500244141,3497200,0.0,0.0
1992-04-23,4.880947700006708,4.918397426605225,4.831014731208685,4.918397426605225,2110400,0.0,0.0
1992-04-24,4.893433518843217,4.918400016388335,4.806050777435303,4.806050777435303,2086000,0.0,0.0
1992-04-27,4.7935646838090555,4.8434976492654,4.756114959716797,4.756114959716797,2471200,0.0,0.0
1992-04-28,4.756116896156291,4.756116896156291,4.668734171030059,4.706183910369873,1328400,0.0,0.0
1992-04-29,4.731148476988625,4.781081442444969,4.706181994260453,4.756114959716797,1747600,0.0,0.0
1992-04-30,4.756116265401791,4.793565999775033,4.756116265401791,4.768599510192871,1408400,0.0,0.0
1992-05-01,4.74363302061071,4.806049244566114,4.74363302061071,4.768599510192871,1408400,0.0,0.0
1992-05-04,4.7810807215767,4.843496918986318,4.768597482094777,4.8310136795043945,1126000,0.0,0.0
1992-05-05,4.831017840768873,4.868467591472508,4.818534590534329,4.843501091003418,1598000,0.0,0.0
1992-05-06,4.868463872338805,4.905913594433718,4.8559806316405,4.880947113037109,2266000,0.0,0.0
1992-05-07,4.855979325221135,4.868462562561035,4.843496087881235,4.868462562561035,1028800,0.0,0.0
1992-05-08,4.868462562561035,4.868462562561035,4.843496087881235,4.868462562561035,1546800,0.0,0.0
1992-05-11,4.868464457807202,4.943363911004236,4.855981215607697,4.918397426605225,2442800,0.0,0.0
1992-05-12,4.9183957552423285,4.930878993199796,4.8684628034124575,4.893429279327393,1626000,0.0,0.0
1992-05-13,4.918398009139285,4.9683309838513585,4.880948278105229,4.95584774017334,2123600,0.0,0.0
1992-05-14,4.918398255939725,4.943364744548556,4.880948523026478,4.930881500244141,2546000,0.0,0.0
1992-05-15,4.843501091003418,4.8934340919415975,4.843501091003418,4.843501091003418,2959600,0.0,0.0
1992-05-18,4.843496204954799,4.893429155521344,4.843496204954799,4.8559794425964355,1466400,0.0,0.0
1992-05-19,4.8559794425964355,4.8559794425964355,4.806046492029891,4.8559794425964355,1312800,0.0,0.0
1992-05-20,4.8559794425964355,4.880945917879708,4.8185297296715275,4.8559794425964355,1453600,0.0,0.0
1992-05-21,4.855980158468241,4.868463397950165,4.818530440022471,4.8310136795043945,1314800,0.0,0.0
1992-05-22,4.8310140408575535,4.843497281273207,4.756114598363638,4.793564319610596,1586800,0.0,0.0
1992-05-26,4.781079146456212,4.781079146456212,4.593830615916151,4.69369649887085,1708400,0.0,0.0
1992-05-27,4.681216487935656,4.693699731903485,4.643766756032171,4.65625,1035200,0.0,0.0
1992-05-28,4.681216841712993,4.681216841712993,4.618800617156819,4.668733596801758,812800,0.0,0.0
1992-05-29,4.668733848038539,4.706183584787512,4.643767356872559,4.643767356872559,859600,0.0,0.0
1992-06-01,4.643260955810547,4.718761133953808,4.605510866738917,4.643260955810547,1816400,0.0925,0.0
1992-06-02,4.643260955810547,4.668427681858301,4.63067759278667,4.643260955810547,1277600,0.0,0.0
1992-06-03,4.630678325971824,4.693595151052963,4.630678325971824,4.668428421020508,1695600,0.0,0.0
1992-06-04,4.655846823816714,4.681013563404913,4.630680084228516,4.630680084228516,1194000,0.0,0.0
1992-06-05,4.630679066975912,4.6558458010355634,4.517428763707479,4.530012130737305,5047200,0.0,0.0
1992-06-08,4.530011582047972,4.592928409576416,4.517428216542283,4.592928409576416,2431200,0.0,0.0
1992-06-09,4.60551428270864,4.630681027422894,4.580347537994385,4.580347537994385,2372000,0.0,0.0
1992-06-10,4.618096714434417,4.681013563404913,4.605513344640317,4.630680084228516,2365200,0.0,0.0
1992-06-11,4.630680313527258,4.6684304247788395,4.592930202275678,4.605513572692871,2042800,0.0,0.0
1992-06-12,4.65584505600428,4.668428421020508,4.630678325971824,4.668428421020508,2291600,0.0,0.0
1992-06-15,4.643264893562563,4.6935983883437284,4.630681519867271,4.6810150146484375,845600,0.0,0.0
1992-06-16,4.655848267257855,4.70618176203902,4.643264893562563,4.6810150146484375,816800,0.0,0.0
1992-06-17,4.65584523710486,4.693595333621927,4.580345044070727,4.592928409576416,2088400,0.0,0.0
1992-06-18,4.605511960212898,4.605511960212898,4.4545115680747704,4.517428398132324,3082400,0.0,0.0
1992-06-19,4.530009956999198,4.5551766789825265,4.492259874024205,4.504843235015869,2542400,0.0,0.0
1992-06-22,4.492259874024205,4.504843235015869,4.454509791049211,4.504843235015869,1714800,0.0,0.0
1992-06-23,4.479678662618001,4.530012130737305,4.479678662618001,4.530012130737305,1607200,0.0,0.0
1992-06-24,4.504845396677653,4.580345598856608,4.504845396677653,4.530012130737305,1309600,0.0,0.0
1992-06-25,4.530012694882675,4.555179432076468,4.467095851898193,4.467095851898193,2744400,0.0,0.0
1992-06-26,4.479678120025217,4.592928409576416,4.479678120025217,4.592928409576416,3356400,0.0,0.0
1992-06-29,4.6180960703148415,4.769096486782901,4.605512702275837,4.7565131187438965,2634800,0.0,0.0
1992-06-30,4.731345109113558,4.794261932373047,4.6935950151578645,4.794261932373047,2290000,0.0,0.0
1992-07-01,4.806845122837589,4.869761943817139,4.806845122837589,4.869761943817139,2962000,0.0,0.0
1992-07-02,5.033349145816851,5.033349145816851,4.945265535765056,4.970432281494141,3872000,0.0,0.0
1992-07-06,4.945262128992598,4.9578454931885085,4.8571785796212295,4.869761943817139,3630000,0.0,0.0
1992-07-07,4.907513335347176,4.920096702873707,4.819429762661457,4.832013130187988,1928800,0.0,0.0
1992-07-08,4.806846031009684,4.844596130729655,4.79426266443636,4.819429397583008,1360000,0.0,0.0
1992-07-09,4.80684623621442,4.970430008651037,4.80684623621442,4.957846641540527,3190000,0.0,0.0
1992-07-10,4.983012823233927,5.020762920379639,4.983012823233927,5.020762920379639,3728800,0.0,0.0
1992-07-13,5.033345678363968,5.033345678363968,4.869761943817139,4.869761943817139,1139200,0.0,0.0
1992-07-14,4.882344616102988,4.907511340928261,4.8194278040398055,4.894927978515625,1285600,0.0,0.0
1992-07-15,4.907515131194017,4.93268187545655,4.7061811770937485,4.743931293487549,2190800,0.0,0.0
1992-07-16,4.693596079823757,4.693596079823757,4.5803457722676875,4.618095874786377,3049600,0.0,0.0
1992-07-17,4.630679242292607,4.655845977305066,4.592929139773918,4.618095874786377,2989600,0.0,0.0
1992-07-20,4.5677640836498155,4.743931293487549,4.542597339387282,4.743931293487549,1885200,0.0,0.0
1992-07-21,4.693598153119419,4.769098391507399,4.693598153119419,4.706181526184082,1312000,0.0,0.0
1992-07-22,4.655846823816714,4.693596933199012,4.592929974846218,4.630680084228516,960000,0.0,0.0
1992-07-23,4.655849349071828,4.655849349071828,4.555182336118924,4.567765712738037,1002000,0.0,0.0
1992-07-24,4.530012857848109,4.567762964996843,4.530012857848109,4.555179595947266,1209600,0.0,0.0
1992-07-27,4.555179780179804,4.580346519296819,4.404179345477711,4.429346084594727,1626800,0.0,0.0
1992-07-28,4.441929537317027,4.630680084228516,4.441929537317027,4.630680084228516,2496800,0.0,0.0
1992-07-29,4.630678325971824,4.743928611117875,4.630678325971824,4.668428421020508,1725600,0.0,0.0
1992-07-30,4.681013334119642,4.718763441652865,4.567763011519974,4.65584659576416,1098000,0.0,0.0
1992-07-31,4.655846823816714,4.655846823816714,4.592929974846218,4.630680084228516,445600,0.0,0.0
1992-08-03,4.618095874786377,4.618095874786377,4.5803457722676875,4.618095874786377,777200,0.0,0.0
1992-08-04,4.643264893562563,4.6935983883437284,4.61809814617198,4.6810150146484375,1190000,0.0,0.0
1992-08-05,4.70617877510214,4.70617877510214,4.655845312266823,4.6935954093933105,1909600,0.0,0.0
1992-08-06,4.693595151052963,4.693595151052963,4.65584505600428,4.668428421020508,1084400,0.0,0.0
1992-08-07,4.643263683944452,4.718763906447614,4.542596720606903,4.605513572692871,1240000,0.0,0.0
1992-08-10,4.592929703096,4.618096441195156,4.555179595947266,4.555179595947266,12898400,0.0,0.0
1992-08-11,4.580347537994385,4.592930910351512,4.530014048565875,4.580347537994385,753200,0.0,0.0
1992-08-12,4.555179865463921,4.643263454022615,4.555179865463921,4.630680084228516,1981600,0.0,0.0
1992-08-13,4.681014780054755,4.706181526184082,4.6432646608607655,4.706181526184082,5731200,0.0,0.0
1992-08-14,4.6935936631040365,4.769093829266568,4.681010302076948,4.731343746185303,1170000,0.0,0.0
1992-08-17,4.75651046823948,4.75651046823948,4.718760385158214,4.731343746185303,6938800,0.0,0.0
1992-08-18,4.718760385158214,4.731343746185303,4.6935936631040365,4.731343746185303,5843600,0.0,0.0
1992-08-19,4.706179447329986,4.718762814836216,4.618095874786377,4.618095874786377,7700800,0.0,0.0
1992-08-20,4.618095699946085,4.643262434005737,4.530012130737305,4.530012130737305,7256400,0.0,0.0
1992-08-21,4.5425951301553456,4.555178496166856,4.429344836051749,4.517428398132324,8087600,0.0,0.0
1992-08-24,4.479680998380794,4.504847745562708,4.328680515289307,4.328680515289307,2619200,0.0,0.0
1992-08-25,4.3538434752102555,4.441927013726071,4.316093387274907,4.379010200500488,8051200,0.0,0.0
1992-08-26,4.366429805755615,4.416763290548188,4.303512949764901,4.366429805755615,6490000,0.0,0.0
1992-08-27,4.4041763470825535,4.5174265960075335,4.391592986090889,4.504843235015869,6467200,0.0,0.0
1992-08-28,4.4670954868618375,4.4670954868618375,4.404178649018713,4.454512119293213,6139600,0.0,0.0
1992-08-31,4.441316273747658,4.454005748815509,4.339800473204854,4.352489948272705,8608800,0.0925,0.0
1992-09-01,4.339801508804848,4.441317333572212,4.339801508804848,4.415938377380371,5442000,0.0,0.0
1992-09-02,4.415934834400369,4.555518981464749,4.403245366485425,4.542829513549805,5958000,0.0,0.0
1992-09-03,4.517452364265075,4.517452364265075,4.45400499959843,4.479383945465088,5274800,0.0,0.0
1992-09-04,4.466694472531759,4.517452364265075,4.428626053731772,4.479383945465088,1404400,0.0,0.0
1992-09-08,4.454002947308297,4.454002947308297,4.365176677703857,4.365176677703857,2740800,0.0,0.0
1992-09-09,4.390555611876554,4.428624013135599,4.327108276444812,4.365176677703857,2090800,0.0,0.0
1992-09-10,4.390558700561523,4.492074508666992,4.390558700561523,4.441316604614258,2173600,0.0,0.0
1992-09-11,4.466693280429243,4.466693280429243,4.4286248717892205,4.454003810882568,996800,0.0,0.0
1992-09-14,4.568208449379692,4.568208449379692,4.466692706060144,4.542829513549805,2144800,0.0,0.0
1992-09-15,4.530139783566648,4.530139783566648,4.441313513300636,4.4666924476623535,3080400,0.0,0.0
1992-09-16,4.441316810886511,4.542832623706775,4.441316810886511,4.517453670501709,1509600,0.0,0.0
1992-09-17,4.504764193899176,4.555522100309307,4.504764193899176,4.517453670501709,943200,0.0,0.0
1992-09-18,4.580901053514373,4.580901053514373,4.492074717296643,4.517453670501709,3417600,0.0,0.0
1992-09-21,4.51745031638579,4.51745031638579,4.441313513300636,4.4666924476623535,1874400,0.0,0.0
1992-09-22,4.466694240954836,4.479383713230276,4.403246879577637,4.403246879577637,1158400,0.0,0.0
1992-09-23,4.415938377380371,4.441317333572212,4.415938377380371,4.415938377380371,638800,0.0,0.0
1992-09-24,4.441316273747658,4.466695223883359,4.339800473204854,4.352489948272705,1599600,0.0,0.0
1992-09-25,4.377869263029935,4.403248215279384,4.301732406281588,4.339800834655762,3011600,0.0,0.0
1992-09-28,4.339800217090159,4.428626537322998,4.301731794133227,4.428626537322998,984000,0.0,0.0
1992-09-29,4.428627128601074,4.492074508666992,4.41593765258789,4.441316604614258,1568800,0.0,0.0
1992-09-30,4.415934006596955,4.530139196422738,4.415934006596955,4.504760265350342,3314000,0.0,0.0
1992-10-01,4.492074717296643,4.5301431471042415,4.492074717296643,4.517453670501709,812400,0.0,0.0
1992-10-02,4.492074508666992,4.517453460693359,4.428627128601074,4.441316604614258,1074800,0.0,0.0
1992-10-05,4.415937556391177,4.428627032127933,4.263663847550101,4.377869129180908,1928400,0.0,0.0
1992-10-06,4.390555611876554,4.415934546049251,4.33979774353116,4.365176677703857,1319600,0.0,0.0
1992-10-07,4.377868428694463,4.390557902400824,4.301731586456299,4.301731586456299,1231600,0.0,0.0
1992-10-08,4.327110897154498,4.352489846697925,4.263663523295927,4.2890424728393555,1309200,0.0,0.0
1992-10-09,4.301731358777295,4.301731358777295,4.225594520568848,4.225594520568848,1660000,0.0,0.0
1992-10-12,4.238286349469194,4.289044269822118,4.225596869380962,4.276354789733887,1550400,0.0,0.0
1992-10-13,4.2890424728393555,4.327110897154498,4.250974048524213,4.2890424728393555,1530800,0.0,0.0
1992-10-14,4.2636605763365445,4.327107906341553,4.250971110335543,4.327107906341553,1284400,0.0,0.0
1992-10-15,4.31441905181532,4.415934794210974,4.31441905181532,4.3905558586120605,1774400,0.0,0.0
1992-10-16,4.415934578938918,4.4666924476623535,4.3905556445772,4.4666924476623535,1444800,0.0,0.0
1992-10-19,4.441318644417657,4.593592426511976,4.403250198894077,4.56821346282959,4320800,0.0,0.0
1992-10-20,4.568211421493657,4.657037754689366,4.568211421493657,4.6062798500061035,5286400,0.0,0.0
1992-10-21,4.593588116404774,4.618967056274414,4.555519706600315,4.618967056274414,2796800,0.0,0.0
1992-10-22,4.631656526209234,4.669724936013694,4.606277586339594,4.618967056274414,1364000,0.0,0.0
1992-10-23,4.618971564079243,4.669729493354839,4.618971564079243,4.644350528717041,610000,0.0,0.0
1992-10-26,4.631659343678464,4.720485687255859,4.618969866024551,4.720485687255859,1458400,0.0,0.0
1992-10-27,4.745862602233887,4.7966204910278325,4.745862602233887,4.758552074432373,2330400,0.0,0.0
1992-10-28,4.7712415466308595,4.7966204910278325,4.7331731300354,4.758552074432373,1344400,0.0,0.0
1992-10-29,4.745861530303955,4.758550999636319,4.720482591639228,4.745861530303955,496400,0.0,0.0
1992-10-30,4.745864896516542,4.745864896516542,4.6951069831848145,4.6951069831848145,924400,0.0,0.0
1992-11-02,4.682417806326869,4.809312597826242,4.682417806326869,4.783933639526367,1157200,0.0,0.0
1992-11-03,4.783931018829346,4.7966204910278325,4.7331731300354,4.758552074432373,1896000,0.0,0.0
1992-11-04,4.7585541202176,4.809312030833254,4.707796209601946,4.720485687255859,841600,0.0,0.0
1992-11-05,4.7204836578369145,4.783931018829346,4.7204836578369145,4.758552074432373,576000,0.0,0.0
1992-11-06,4.771240484027962,4.860066769634866,4.758551014655548,4.847377300262451,1144400,0.0,0.0
1992-11-09,4.834688428112918,4.974272608452136,4.8219989571729895,4.961583137512207,1894000,0.0,0.0
1992-11-10,4.974273446890024,4.974273446890024,4.948894500732422,4.948894500732422,2249600,0.0,0.0
1992-11-11,4.961585252651339,5.063101063447275,4.961585252651339,5.037722110748291,3545200,0.0,0.0
1992-11-12,5.025030852574382,5.025030852574382,4.961583493324706,4.999651908874512,1012000,0.0,0.0
1992-11-13,4.974273082878016,5.025030971478812,4.961583610727817,5.012341499328613,994800,0.0,0.0
1992-11-16,5.025033021459774,5.025033021459774,4.961585634825181,4.9742751121521,1616400,0.0,0.0
1992-11-17,4.948893666572278,4.9869620793920655,4.948893666572278,4.961583137512207,1344800,0.0,0.0
1992-11-18,4.974270391464233,5.151922905445098,4.974270391464233,5.075786113739014,5562800,0.0,0.0
1992-11-19,5.10116720199585,5.151925084602773,5.088477731344119,5.10116720199585,2672400,0.0,0.0
1992-11-20,5.126546264573456,5.164614677429199,5.101167322669627,5.164614677429199,2110400,0.0,0.0
1992-11-23,5.164615395628376,5.177304868344907,5.1392364501953125,5.1392364501953125,1090800,0.0,0.0
1992-11-24,5.1138545095920565,5.1138545095920565,5.075786113739014,5.075786113739014,1576800,0.0,0.0
1992-11-25,5.075790746040439,5.126548653500843,5.075790746040439,5.113859176635742,1738800,0.0,0.0
1992-11-27,5.126547336578369,5.1519262837891535,5.126547336578369,5.126547336578369,704000,0.0,0.0
1992-11-30,5.09073111200451,5.167475802135231,5.077940330316056,5.154685020446777,2610000,0.1,0.0
1992-12-01,5.154687190350191,5.193059551568679,5.103524042058874,5.18026876449585,26528800,0.0,0.0
1992-12-02,5.193059180042532,5.193059180042532,5.141896035411571,5.167477607727051,25643600,0.0,0.0
1992-12-03,5.154686821569311,5.180268393884791,5.12910524925383,5.167477607727051,111208400,0.0,0.0
1992-12-04,5.1674807177388615,5.218643893162018,5.154689923883072,5.1930623054504395,7002000,0.0,0.0
1992-12-07,5.205850338641508,5.205850338641508,5.167477977423021,5.18026876449585,2083600,0.0,0.0
1992-12-08,5.180266583823684,5.180266583823684,5.141894238758324,5.154685020446777,1643200,0.0,0.0
1992-12-09,5.154685600480037,5.167476383607779,5.116313251096811,5.141894817352295,1263600,0.0,0.0
1992-12-10,5.129105675220489,5.14189646244049,5.077942526340484,5.116314888000488,734000,0.0,0.0
1992-12-11,5.116311269788886,5.116311269788886,5.090729713439941,5.090729713439941,1201200,0.0,0.0
1992-12-14,5.103524100780486,5.116314888000488,5.090733313560485,5.116314888000488,2020800,0.0,0.0
1992-12-15,5.103522467969069,5.141894817352295,5.103522467969069,5.141894817352295,1500000,0.0,0.0
1992-12-16,5.141894920805743,5.1546857041908325,5.06515022049521,5.129104137420654,1773600,0.0,0.0
1992-12-17,5.1163165238651915,5.257015228271484,5.1163165238651915,5.257015228271484,1718000,0.0,0.0
1992-12-18,5.295383493951027,5.410500526428223,5.269801931178316,5.410500526428223,2792400,0.0,0.0
1992-12-21,5.359339076739091,5.372129862125103,5.2953851498090305,5.320966720581055,1149200,0.0,0.0
1992-12-22,5.320968555441379,5.410504084018517,5.320968555441379,5.384922504425049,2092400,0.0,0.0
1992-12-23,5.359339344472349,5.372130130497342,5.231431484222412,5.231431484222412,1776800,0.0,0.0
1992-12-24,5.2058472425034905,5.269801139831543,5.19305646303788,5.269801139831543,503600,0.0,0.0
1992-12-28,5.308175935195043,5.346548291353079,5.2953851498090305,5.320966720581055,1227600,0.0,0.0
1992-12-29,5.320968191964286,5.461666870117187,5.320968191964286,5.37213134765625,1758400,0.0,0.0
1992-12-30,5.372132381760931,5.397713964531221,5.282596842064915,5.308178424835205,1083600,0.0,0.0
1992-12-31,5.295387602200473,5.308178393510136,5.244224436961821,5.257015228271484,601200,0.0,0.0
1993-01-04,5.282594628322387,5.282594628322387,5.193059126147431,5.231431484222412,1400800,0.0,0.0
1993-01-05,5.2314297105774985,5.2314297105774985,5.129103457069871,5.154685020446777,1264800,0.0,0.0
1993-01-06,5.154685600480037,5.193057949863263,5.103522467969069,5.141894817352295,1460400,0.0,0.0
1993-01-07,5.154687839641905,5.193060205693831,5.090733896222031,5.103524684906006,2624400,0.0,0.0
1993-01-08,5.1418970509579305,5.1418970509579305,5.103524684906006,5.103524684906006,1306000,0.0,0.0
1993-01-11,5.116311269788886,5.1418928261378305,5.065148157090997,5.090729713439941,1930000,0.0,0.0
1993-01-12,5.116313354035565,5.141894920805743,5.090731787265388,5.129104137420654,1952000,0.0,0.0
1993-01-13,5.129102932050211,5.282592296600342,5.129102932050211,5.282592296600342,1909600,0.0,0.0
1993-01-14,5.295383493951027,5.410500526428223,5.2825927125646714,5.410500526428223,2350400,0.0,0.0
1993-01-15,5.410502111311439,5.436083681577687,5.333757400512695,5.333757400512695,2213600,0.0,0.0
1993-01-18,5.308175830246447,5.359338970778943,5.218640334314579,5.333757400512695,2804400,0.0,0.0
1993-01-19,5.384918963655513,5.474454433359998,5.295383493951027,5.410500526428223,3202400,0.0,0.0
1993-01-20,5.372129088250276,5.4744553565979,5.372129088250276,5.4744553565979,3012000,0.0,0.0
1993-01-21,5.474458583307155,5.525621747637128,5.461667792224662,5.487249374389648,2685600,0.0,0.0
1993-01-22,5.4744553565979,5.51282770722826,5.461664573054447,5.4744553565979,2276800,0.0,0.0
1993-01-25,5.448873789510994,5.4872461401413535,5.448873789510994,5.4744553565979,974000,0.0,0.0
1993-01-26,5.500036678094974,5.5767813759288565,5.487245895122659,5.563990592956543,1852000,0.0,0.0
1993-01-27,5.551201665484435,5.551201665484435,5.512829303741455,5.512829303741455,2077600,0.0,0.0
1993-01-28,5.500036923684807,5.525618490771713,5.448873789510994,5.4744553565979,874800,0.0,0.0
1993-01-29,5.448874529017958,5.5128284554148825,5.448874529017958,5.500037670135498,1462400,0.0,0.0
1993-02-01,5.487246202097999,5.525618553161621,5.487246202097999,5.525618553161621,1041600,0.0,0.0
1993-02-02,5.551200552444982,5.615154475860247,5.538409767761929,5.589572906494141,1741600,0.0,0.0
1993-02-03,5.576780966582765,5.627944094716552,5.576780966582765,5.6151533126831055,2279200,0.0,0.0
1993-02-04,5.6279455338205615,5.730271816253662,5.6151547485164235,5.730271816253662,2426000,0.0,0.0
1993-02-05,5.691899830644782,5.704690616781062,5.602364327690818,5.627945899963379,1970000,0.0,0.0
1993-02-08,5.627944507818112,5.627944507818112,5.525618244039601,5.563990592956543,2014400,0.0,0.0
1993-02-09,5.538410025973652,5.576782381811807,5.487246884856113,5.500037670135498,1208000,0.0,0.0
1993-02-10,5.51282770722826,5.525618490771713,5.448873789510994,5.4744553565979,991600,0.0,0.0
1993-02-11,5.487245793736309,5.589572055624166,5.487245793736309,5.576781272888184,642400,0.0,0.0
1993-02-12,5.576781479444372,5.589572262654106,5.538409129815167,5.551199913024902,665600,0.0,0.0
1993-02-16,5.512828392376431,5.5256191775095544,5.308175830246447,5.333757400512695,1908000,0.0,0.0
1993-02-17,5.333757393500384,5.359338963733,5.141895616755766,5.218640327453613,2152000,0.0,0.0
1993-02-18,5.218640698197419,5.269803842297393,5.065151265897494,5.231431484222412,2888400,0.0,0.0
1993-02-19,5.282593465620471,5.576781479444372,5.282593465620471,5.551199913024902,2334000,0.0,0.0
1993-02-22,5.602364589725685,5.679109310132886,5.512829082583949,5.653527736663818,2080000,0.0,0.0
1993-02-23,5.755852231191933,5.755852231191933,5.538408924680238,5.576781272888184,2803200,0.0,0.0
1993-02-24,5.57678374299058,5.679110050201416,5.538411377786516,5.679110050201416,1392400,0.0,0.0
1993-02-25,5.691900530906572,5.717482106326377,5.602365016937256,5.602365016937256,1530800,0.0,0.0
1993-02-26,5.589572408488977,5.589572408488977,5.4744553565979,5.4744553565979,4152000,0.0,0.0
1993-03-01,5.464144861975382,5.5543548007344095,5.464144861975382,5.541467666625977,3069200,0.1,0.0
1993-03-02,5.5028080156404675,5.644566535949707,5.489920877430537,5.644566535949707,1239200,0.0,0.0
1993-03-03,5.657451862735408,5.786323203572205,5.644564728651727,5.773436069488525,1910000,0.0,0.0
1993-03-04,5.773440455531214,5.773440455531214,5.657456160665633,5.7218918800354,950000,0.0,0.0
1993-03-05,5.696114676339286,5.721888950892857,5.644566127232142,5.6832275390625,1320000,0.0,0.0
1993-03-08,5.670338399160679,5.812096859139696,5.670338399160679,5.786322593688965,1958000,0.0,0.0
1993-03-09,5.786325179816878,5.837873733757341,5.773438041331763,5.812099456787109,1650800,0.0,0.0
1993-03-10,5.786324434722497,5.850760118850809,5.773437297896834,5.8378729820251465,1126400,0.0,0.0
1993-03-11,5.824987057515107,5.979632731608428,5.773438499484,5.902309894561768,2305600,0.0,0.0
1993-03-12,5.773438377717955,5.85076121313382,5.760551238481978,5.824986934661865,1716800,0.0,0.0
1993-03-15,5.85076121313382,5.863648352369798,5.79921265618991,5.824986934661865,707200,0.0,0.0
1993-03-16,5.824986254374187,5.850760529836019,5.786324841181437,5.7992119789123535,1039600,0.0,0.0
1993-03-17,5.7734366677024145,5.7734366677024145,5.644565313512628,5.670339584350586,2480400,0.0,0.0
1993-03-18,5.696114883510345,5.709002021255843,5.5801306438008575,5.6187920570373535,4155200,0.0,0.0
1993-03-19,5.721889655906837,5.721889655906837,5.515695434072357,5.528582572937012,3324000,0.0,0.0
1993-03-22,5.528581226062123,5.670339719038075,5.50280695461195,5.657452583312988,1918800,0.0,0.0
1993-03-23,5.683226854763161,5.696113990488247,5.6316783118628155,5.657452583312988,1560800,0.0,0.0
1993-03-24,5.657452448931608,5.709000990607522,5.644565313512628,5.670339584350586,3212000,0.0,0.0
1993-03-25,5.670342164881089,5.6961164474487305,5.631680741029627,5.6961164474487305,1336000,0.0,0.0
1993-03-26,5.67034199386491,5.696116275655204,5.56724486670373,5.580132007598877,1194800,0.0,0.0
1993-03-29,5.593017983109983,5.670340812369568,5.593017983109983,5.644566535949707,1126000,0.0,0.0
1993-03-30,5.631679194782852,5.657453470273849,5.605904919291855,5.6187920570373535,571200,0.0,0.0
1993-03-31,5.631680011749268,5.683228570209216,5.618792872134281,5.631680011749268,1654400,0.0,0.0
1993-04-01,5.6316783118628155,5.670339719038075,5.6316783118628155,5.657452583312988,1050400,0.0,0.0
1993-04-02,5.631679811148808,5.657454089460702,5.58013125452502,5.605905532836914,1641200,0.0,0.0
1993-04-05,5.593018393680968,5.618792671992861,5.554356976213127,5.605905532836914,1348800,0.0,0.0
1993-04-06,5.618792671992861,5.631679811148808,5.58013125452502,5.605905532836914,1039600,0.0,0.0
1993-04-07,5.631681872917725,5.734779023909354,5.605907585169818,5.7218918800354,2605200,0.0,0.0
1993-04-08,5.734779023909354,5.734779023909354,5.683230448413539,5.7218918800354,1036000,0.0,0.0
1993-04-12,5.747660760293927,5.902306341288383,5.747660760293927,5.876532077789307,3203600,0.0,0.0
1993-04-13,5.87653661963738,5.9667466116054975,5.87653661963738,5.940972328186035,3322000,0.0,0.0
1993-04-14,5.940970490745695,5.9667447661936155,5.863647664401933,5.8894219398498535,1848400,0.0,0.0
1993-04-15,5.863647667566935,5.876534805297852,5.747663427988688,5.7992119789123535,1587600,0.0,0.0
1993-04-16,5.773438252675694,5.799212530589425,5.709002557891367,5.747663974761963,1331200,0.0,0.0
1993-04-19,5.734776503419223,5.7476636416291536,5.618792259529846,5.644566535949707,1641600,0.0,0.0
1993-04-20,5.6316786347254935,5.6316786347254935,5.322387359591828,5.399710178375244,6318000,0.0,0.0
1993-04-21,5.412601109208732,5.425488254706848,5.090422471755831,5.232181072235107,7291600,0.0,0.0
1993-04-22,5.1548561247268525,5.2837275278450235,5.129081844103219,5.206404685974121,6323600,0.0,0.0
1993-04-23,5.180631484694153,5.180631484694153,5.038872911729885,5.064647197723389,4087600,0.0,0.0
1993-04-26,4.9228859666105995,5.013095918878332,4.768240334151628,4.961547374725342,6698400,0.0,0.0
1993-04-27,4.948661103733716,5.232178146135126,4.948661103733716,5.193516731262207,3482400,0.0,0.0
1993-04-28,5.36105022665895,5.36105022665895,5.206404547043788,5.219291687011719,2496000,0.0,0.0
1993-04-29,5.193517486353468,5.2064046265181165,5.077533224871629,5.16774320602417,1762000,0.0,0.0
1993-04-30,5.193518051272376,5.232179475971674,5.103308060307347,5.116195201873779,1963600,0.0,0.0
1993-05-03,5.103306843309987,5.103306843309987,5.025984012350745,5.051758289337158,2020000,0.0,0.0
1993-05-04,5.051758867428626,5.219291687011719,5.051758867428626,5.219291687011719,2532000,0.0,0.0
1993-05-05,5.257953291672926,5.283727572514461,5.013097623678354,5.025984764099121,2300800,0.0,0.0
1993-05-06,5.077533721923828,5.129082287628639,5.051759439071422,5.077533721923828,3516400,0.0,0.0
1993-05-07,5.077530086193722,5.116191482789106,5.013094425201416,5.013094425201416,2298400,0.0,0.0
1993-05-10,5.064647197723389,5.0904214837168915,5.0259857687331335,5.064647197723389,2381600,0.0,0.0
1993-05-11,5.090419696387193,5.16774252721839,5.025984004027861,5.141968250274658,2735600,0.0,0.0
1993-05-12,5.129079818725586,5.193515494840229,5.0904184130568,5.129079818725586,2560400,0.0,0.0
1993-05-13,5.051757326993076,5.051757326993076,4.948660238687094,4.961547374725342,2758800,0.0,0.0
1993-05-14,4.7940140340639195,4.8713368410649505,4.678029823562373,4.742465496063232,8894800,0.0,0.0
1993-05-17,4.755354341913442,4.7940157593273725,4.690918646223558,4.716692924499512,3519200,0.0,0.0
1993-05-18,4.781126022338867,4.858448815152973,4.742464625931815,4.781126022338867,4458000,0.0,0.0
1993-05-19,4.690920402263774,4.871340417735457,4.63937182641472,4.858453273773193,10277600,0.0,0.0
1993-05-20,4.922884427388509,4.93577155939738,4.819787371317545,4.832674503326416,4144400,0.0,0.0
1993-05-21,4.832674550881604,4.858448815152973,4.755351758067499,4.781126022338867,2473200,0.0,0.0
1993-05-24,4.781127524248419,4.871337477536125,4.781127524248419,4.819788932800293,1314400,0.0,0.0
1993-05-25,4.832679033279419,4.922889041900635,4.806904745101929,4.8971147537231445,1698800,0.0,0.0
1993-05-26,4.897110235415265,5.013094425201416,4.897110235415265,5.013094425201416,2176400,0.0,0.0
1993-05-27,5.0259824367384835,5.103305243457537,4.909998226659903,4.974433898925781,2545200,0.0,0.0
1993-05-28,4.990032003792274,4.990032003792274,4.847088378683641,4.8990678787231445,1432800,0.1,0.0
1993-06-01,4.886072258154551,5.003026115397612,4.860082512100537,4.9900312423706055,2334000,0.0,0.0
1993-06-02,4.9900287578632305,5.0679979572048435,4.977033891306295,5.003023624420166,2987200,0.0,0.0
1993-06-03,5.003023899186798,5.029013633728027,4.964039297374952,5.029013633728027,1876800,0.0,0.0
1993-06-04,4.977033068152035,4.977033068152035,4.834089559667251,4.860079288482666,2246800,0.0,0.0
1993-06-07,4.8600789272423945,4.873073790684219,4.7041405659405,4.717135429382324,3262000,0.0,0.0
1993-06-08,4.717134287585951,4.7691137287714715,4.704139427289571,4.743124008178711,5100000,0.0,0.0
1993-06-09,4.756119441210739,4.847083474239359,4.756119441210739,4.795104026794434,3141200,0.0,0.0
1993-06-10,4.795108211362684,4.834092830967259,4.782113338161159,4.808103084564209,2544400,0.0,0.0
1993-06-11,4.886071681976318,4.938051167954789,4.847087067492464,4.886071681976318,4444800,0.0,0.0
1993-06-14,4.886071681976318,4.899066553470936,4.860081938987082,4.886071681976318,1937600,0.0,0.0
1993-06-15,4.899064944832318,4.938049546515334,4.847085475921631,4.847085475921631,3438000,0.0,0.0
1993-06-16,4.834092830967259,4.847087704168784,4.75612359175811,4.808103084564209,2928400,0.0,0.0
1993-06-17,4.8340921959978465,4.899066553470936,4.821097324503229,4.886071681976318,3777200,0.0,0.0
1993-06-18,4.925054794766124,5.016018867492676,4.91205992723376,5.016018867492676,3609200,0.0,0.0
1993-06-21,5.003022934709277,5.093986988067627,4.977033205178319,5.093986988067627,2165200,0.0,0.0
1993-06-22,5.093986792007679,5.145966249068982,5.067997063477027,5.11997652053833,2609200,0.0,0.0
1993-06-23,5.042009393477876,5.067999132619515,4.977035045623779,4.977035045623779,3262400,0.0,0.0
1993-06-24,4.977033301692485,5.093987086849749,4.96403843667501,5.080992221832275,2278000,0.0,0.0
1993-06-25,5.080992420412274,5.106982151462977,5.02901295831087,5.055002689361572,1866400,0.0,0.0
1993-06-28,5.093989019393921,5.197947978973389,5.093989019393921,5.197947978973389,2017200,0.0,0.0
1993-06-29,5.210944076227475,5.210944076227475,5.080995346146989,5.106985092163086,1597200,0.0,0.0
1993-06-30,5.106985613440987,5.158965110778809,5.029016367434254,5.158965110778809,1753600,0.0,0.0
1993-07-01,5.145968499183654,5.210942848920822,5.119978759288788,5.197947978973389,3439200,0.0,0.0
1993-07-02,5.1849537950065265,5.1849537950065265,5.119979436673112,5.171958923339844,1748000,0.0,0.0
1993-07-06,5.171960093758323,5.210944717580622,5.145970344543457,5.145970344543457,1691600,0.0,0.0
1993-07-07,5.171956716332947,5.236931046940145,5.171956716332947,5.210941314697266,2399200,0.0,0.0
1993-07-08,5.2499282653073225,5.444851344464773,5.2369333933634925,5.392871856689453,2549600,0.0,0.0
1993-07-09,5.405866567370961,5.405866567370961,5.32789733803388,5.35388708114624,2039600,0.0,0.0
1993-07-12,5.314905504874996,5.340895262845044,5.275920867919922,5.275920867919922,1112000,0.0,0.0
1993-07-13,5.275915924431964,5.340890258476692,5.223936457196181,5.236931324005127,1403200,0.0,0.0
1993-07-14,5.236934356785541,5.236934356785541,5.145970236444353,5.158965110778809,2654000,0.0,0.0
1993-07-15,5.145969704015931,5.236933814945505,5.145969704015931,5.223938941955566,1658000,0.0,0.0
1993-07-16,5.223938941955566,5.236933814945505,5.17195944999581,5.223938941955566,1255600,0.0,0.0
1993-07-19,5.249927563774855,5.275917304189582,5.171958342530674,5.184953212738037,1713600,0.0,0.0
1993-07-20,5.210940770956935,5.249925365253371,5.055002393771191,5.093986988067627,4432000,0.0,0.0
1993-07-21,5.093989693339745,5.171958923339844,5.042010206673013,5.171958923339844,1710000,0.0,0.0
1993-07-22,5.171959457203329,5.171959457203329,5.093990219155037,5.106985092163086,1488400,0.0,0.0
1993-07-23,5.042007529005713,5.093986988067627,5.0160177994747555,5.093986988067627,2633600,0.0,0.0
1993-07-26,5.06799995000638,5.19794866667321,5.06799995000638,5.171958923339844,2628800,0.0,0.0
1993-07-27,5.197949733782175,5.21094460811663,5.132975362109898,5.158965110778809,1969200,0.0,0.0
1993-07-28,5.171955977599633,5.171955977599633,5.106981656273004,5.11997652053833,1013600,0.0,0.0
1993-07-29,5.145965660942926,5.314898877084991,5.132970798162766,5.2629194259643555,3254000,0.0,0.0
1993-07-30,5.262921057623018,5.275915924431964,5.184951856769343,5.236931324005127,921200,0.0,0.0
1993-08-02,5.210945276930781,5.262924780940065,5.19795040092846,5.249929904937744,1222000,0.0,0.0
1993-08-03,5.249924563184196,5.301904014304832,5.236929700404038,5.2629194259643555,2069200,0.0,0.0
1993-08-04,5.262920085121603,5.34088927156785,5.249925220713896,5.301904678344727,2082000,0.0,0.0
1993-08-05,5.301907961940073,5.379877196674486,5.301907961940073,5.36688232421875,2289600,0.0,0.0
1993-08-06,5.366879167465063,5.444848356338648,5.353884302652799,5.4058637619018555,2064400,0.0,0.0
1993-08-09,5.405864415134621,5.496828479812367,5.379874682369551,5.444849014282227,1492800,0.0,0.0
1993-08-10,5.431854147899691,5.470838747047297,5.418859281517157,5.444849014282227,1468000,0.0,0.0
1993-08-11,5.457843107069838,5.496827700691766,5.444848242529195,5.483832836151123,1154400,0.0,0.0
1993-08-12,5.496830151114666,5.574799373116292,5.496830151114666,5.5358147621154785,2989200,0.0,0.0
1993-08-13,5.535814596406111,5.561804336295341,5.48383511662765,5.496829986572266,1362800,0.0,0.0
1993-08-16,5.509825704183923,5.522820576127753,5.379876984745623,5.392871856689453,3014800,0.0,0.0
1993-08-17,5.36688195270242,5.405866567370961,5.32789733803388,5.35388708114624,3901600,0.0,0.0
1993-08-18,5.327894407160142,5.379873864790972,5.301904678344727,5.301904678344727,2988400,0.0,0.0
1993-08-19,5.301909119543368,5.353888620715362,5.275919368957371,5.340893745422363,1848400,0.0,0.0
1993-08-20,5.340891089590954,5.39287056491544,5.314901351928711,5.314901351928711,3967200,0.0,0.0
1993-08-23,5.327896595001221,5.327896595001221,5.262922246281693,5.327896595001221,1863200,0.0,0.0
1993-08-24,5.353884024320593,5.405863480867395,5.27591483950039,5.379873752593994,2122800,0.0,0.0
1993-08-25,5.379877196674486,5.392872069130221,5.34089257930728,5.36688232421875,1688800,0.0,0.0
1993-08-26,5.366879167465063,5.41885862671412,5.327894573028271,5.4058637619018555,1454000,0.0,0.0
1993-08-27,5.353886334489031,5.392870943720747,5.301906855513409,5.327896595001221,1114800,0.0,0.0
1993-08-30,5.332610495296525,5.358814969474887,5.280201546939803,5.306406021118164,1396800,0.105,0.0
1993-08-31,5.306408983989827,5.398124694824219,5.306408983989827,5.398124694824219,2303200,0.0,0.0
1993-09-01,5.371918386818436,5.371918386818436,5.332611666914886,5.358816146850586,1306000,0.0,0.0
1993-09-02,5.345715707807399,5.385022440953041,5.267102241516113,5.267102241516113,13657600,0.0,0.0
1993-09-03,5.280203342437744,5.306407825526765,5.2408966178042125,5.280203342437744,2375600,0.0,0.0
1993-09-07,5.332612327500885,5.371919052273619,5.306407844319063,5.345714569091797,1605600,0.0,0.0
1993-09-08,5.345716471822152,5.411227703094482,5.332614225567686,5.411227703094482,2641200,0.0,0.0
1993-09-09,5.398123023062591,5.516043186187744,5.371918542368112,5.516043186187744,7060800,0.0,0.0
1993-09-10,5.502940393843741,5.555349349975586,5.4374291986789345,5.555349349975586,3044400,0.0,0.0
1993-09-13,5.555351248219929,5.568453491729882,5.476737787160213,5.489840030670166,1499600,0.0,0.0
1993-09-14,5.437429586657685,5.450531826625535,5.332611666914886,5.358816146850586,2016400,0.0,0.0
1993-09-15,5.332615482925188,5.332615482925188,5.2671042362062055,5.293308734893799,2591200,0.0,0.0
1993-09-16,5.293305583982255,5.293305583982255,5.267101100893234,5.280203342437744,1382800,0.0,0.0
1993-09-17,5.149182228078866,5.254000186920166,5.149182228078866,5.254000186920166,3463600,0.0,0.0
1993-09-20,5.25399980113734,5.280204288923561,5.214693069458008,5.214693069458008,1440400,0.0,0.0
1993-09-21,5.214690535269734,5.240895010321341,5.0967703975375045,5.122974872589111,3639200,0.0,0.0
1993-09-22,5.149184703826904,5.188491457291232,5.136082452672128,5.149184703826904,1818800,0.0,0.0
1993-09-23,5.162285611599306,5.201592354834834,5.162285611599306,5.175387859344482,1494000,0.0,0.0
1993-09-24,5.1491807027516625,5.2015896666473544,5.13607846177774,5.162282943725586,2895600,0.0,0.0
1993-09-27,5.175388789176941,5.280206789970398,5.175388789176941,5.240900039672852,1750000,0.0,0.0
1993-09-28,5.34571732569785,5.385024070739746,5.319512829003252,5.385024070739746,4520800,0.0,0.0
1993-09-29,5.385019443653248,5.385019443653248,5.293303784028983,5.306406021118164,2562400,0.0,0.0
1993-09-30,5.332613472799653,5.398124694824219,5.31951122839474,5.398124694824219,2950800,0.0,0.0
1993-10-01,5.398124326100497,5.529146761200024,5.358817595570639,5.489840030670166,6174800,0.0,0.0
1993-10-04,5.4636342247987875,5.542247666882223,5.4636342247987875,5.516043186187744,2450800,0.0,0.0
1993-10-05,5.542248725891113,5.568453211592726,5.516044240189501,5.542248725891113,3073200,0.0,0.0
1993-10-06,5.542247110942625,5.581553828041509,5.516042632876703,5.555349349975586,2340000,0.0,0.0
1993-10-07,5.5291459891214325,5.555350472482197,5.463634780719519,5.476737022399902,1282800,0.0,0.0
1993-10-08,5.476735002719439,5.529143950113883,5.424326055324994,5.450530529022217,1535600,0.0,0.0
1993-10-11,5.450532332710599,5.476736815079399,5.424327850341797,5.424327850341797,804800,0.0,0.0
1993-10-12,5.45053444185788,5.463636688112347,5.411227703094482,5.411227703094482,3370400,0.0,0.0
1993-10-13,5.398123572317607,5.476737022399902,5.358816847276459,5.476737022399902,4451200,0.0,0.0
1993-10-14,5.450532332710599,5.5160435386326006,5.385021126788596,5.424327850341797,6400400,0.0,0.0
1993-10-15,5.42433277609313,5.4374350291754805,5.306412498351976,5.319514751434326,4061200,0.0,0.0
1993-10-18,5.332610673001965,5.3719173855793745,5.083668160011701,5.122974872589111,6376000,0.0,0.0
1993-10-19,5.188486620322945,5.201588859263155,5.0836687088012695,5.0836687088012695,3110800,0.0,0.0
1993-10-20,5.083669266143403,5.109873746896719,4.9919535835067945,5.044362545013428,6250000,0.0,0.0
1993-10-21,5.057464230920851,5.096770947741479,4.991953036219804,5.0836687088012695,1782400,0.0,0.0
1993-10-22,5.122974872589111,5.175383822692324,5.083668160011701,5.122974872589111,2276000,0.0,0.0
1993-10-25,5.1229755340478365,5.149180012482864,5.083668816395296,5.109873294830322,1632000,0.0,0.0
1993-10-26,5.1229752818430505,5.1229752818430505,4.965748418973186,4.991952896118164,3514000,0.0,0.0
1993-10-27,4.978855442493519,5.005059944822433,4.90024193550678,4.926446437835693,3863200,0.0,0.0
1993-10-28,4.926445017606421,4.9526495123809235,4.821627038508413,4.860933780670166,4061600,0.0,0.0
1993-10-29,4.874035167949769,4.900239658100036,4.821626187649233,4.887137413024902,4461200,0.0,0.0
1993-11-01,4.887134591107646,4.9788502536753505,4.84782787857863,4.952645778656006,5594000,0.0,0.0
1993-11-02,4.952645554262049,4.952645554262049,4.860929895849789,4.9002366065979,4442000,0.0,0.0
1993-11-03,4.887133122796882,4.900235356370064,4.769213020638244,4.782315254211426,2946800,0.0,0.0
1993-11-04,4.808523166245518,4.834727652165112,4.703705222567142,4.743011951446533,3256400,0.0,0.0
1993-11-05,4.716804960499639,4.821622848510742,4.664396016494088,4.821622848510742,6037600,0.0,0.0
1993-11-08,4.887135213421237,4.887135213421237,4.821624017530872,4.874032974243164,2461600,0.0,0.0
1993-11-09,5.031261712151605,5.031261712151605,4.821625807478622,4.847830295562744,3284000,0.0,0.0
1993-11-10,4.834726256708945,4.874032974243164,4.795419539174726,4.874032974243164,4026000,0.0,0.0
1993-11-11,4.860929853547879,4.874032090349895,4.808520906339816,4.834725379943848,2570800,0.0,0.0
1993-11-12,4.874035167949769,4.900239658100036,4.834728432724368,4.887137413024902,2342000,0.0,0.0
1993-11-15,4.860933780670166,4.887138275444668,4.847831533282915,4.860933780670166,1602800,0.0,0.0
1993-11-16,4.887134591107646,4.965748016165678,4.874032353597975,4.952645778656006,1114400,0.0,0.0
1993-11-17,4.978853321834332,5.03126230416943,4.887137602747909,4.939546585083008,3109200,0.0,0.0
1993-11-18,4.90024193550678,4.93954868900015,4.90024193550678,4.926446437835693,1275200,0.0,0.0
1993-11-19,4.913342093915459,4.965751076250557,4.887137602747909,4.939546585083008,1612800,0.0,0.0
1993-11-22,4.91334277021917,4.9395472649936725,4.847831533282915,4.860933780670166,2715200,0.0,0.0
1993-11-23,4.860933961232503,4.939547448476155,4.860933961232503,4.9133429527282715,2354800,0.0,0.0
1993-11-24,4.93954868900015,4.965753191329063,4.90024193550678,4.926446437835693,2962800,0.0,0.0
1993-11-26,4.939543541146334,4.952645778656006,4.926441303636662,4.952645778656006,422800,0.0,0.0
1993-11-29,4.983846041161245,5.0499447950228,4.983846041161245,5.036725044250488,28313600,0.105,0.0
1993-11-30,5.010288086746985,5.036727601716626,4.983848571777344,4.983848571777344,9704000,0.0,0.0
1993-12-01,5.010288086746985,5.076386874171087,4.970628814292523,4.983848571777344,2104400,0.0,0.0
1993-12-02,4.983845318435992,4.99706506729126,4.93096632301492,4.99706506729126,7458800,0.0,0.0
1993-12-03,5.0235069543123245,5.08960573002696,4.970627933740616,5.076385974884033,2852000,0.0,0.0
1993-12-06,5.102820936514407,5.1821393966674805,5.102820936514407,5.1821393966674805,1792400,0.0,0.0
1993-12-07,5.155702114105225,5.1689218631157505,5.102823118063119,5.155702114105225,1357600,0.0,0.0
1993-12-08,5.142480166590944,5.1821393966674805,5.089601193155561,5.1821393966674805,1548800,0.0,0.0
1993-12-09,5.18214336867185,5.235022382637889,5.1292643547058105,5.1292643547058105,1942000,0.0,0.0
1993-12-10,5.155704346002708,5.155704346002708,5.010287043935965,5.049946308135986,1695600,0.0,0.0
1993-12-13,5.023506248336122,5.116044521331787,4.997066741765932,5.116044521331787,1318800,0.0,0.0
1993-12-14,5.116044601214301,5.1292643547058105,5.076385340739772,5.1292643547058105,1229600,0.0,0.0
1993-12-15,5.116042528745424,5.116042528745424,5.049943788063958,5.102822780609131,1902800,0.0,0.0
1993-12-16,5.129260423232098,5.1821393966674805,5.116040679873253,5.1821393966674805,1754000,0.0,0.0
1993-12-17,5.248242776803296,5.248242776803296,5.168924246171509,5.235023021697998,3238000,0.0,0.0
1993-12-20,5.195365101778054,5.248244135892843,5.168925584720659,5.221804618835449,1353200,0.0,0.0
1993-12-21,5.1953654289245605,5.208585188285691,5.142486391480036,5.1953654289245605,1639600,0.0,0.0
1993-12-22,5.142481803894043,5.155701551461894,5.076383066054788,5.142481803894043,2928000,0.0,0.0
1993-12-23,5.168925910202298,5.208585188285691,5.142486391480036,5.1953654289245605,1054800,0.0,0.0
1993-12-27,5.221801221370697,5.287899971008301,5.208581471443177,5.287899971008301,2515200,0.0,0.0
1993-12-28,5.274681407198197,5.301120912998689,5.248241901397705,5.248241901397705,2978800,0.0,0.0
1993-12-29,5.235018370102863,5.261457856820554,5.168919653308635,5.1821393966674805,1925600,0.0,0.0
1993-12-30,5.168919653308635,5.1821393966674805,5.1556999099497896,5.1821393966674805,1406800,0.0,0.0
1993-12-31,5.168919653308635,5.235018370102863,5.1556999099497896,5.1821393966674805,1357200,0.0,0.0
1994-01-03,5.168923534472167,5.221802547612548,5.089605014761597,5.116044521331787,3516000,0.0,0.0
1994-01-04,5.102825327069347,5.129264836536028,5.049946308135986,5.049946308135986,1760400,0.0,0.0
1994-01-05,5.076385340739772,5.1292643547058105,5.063165587248261,5.1292643547058105,4163200,0.0,0.0
1994-01-06,5.142484750598669,5.155704505741596,5.076385974884033,5.076385974884033,1592800,0.0,0.0
1994-01-07,5.076381449796716,5.195359140026326,5.076381449796716,5.1821393966674805,3406800,0.0,0.0
1994-01-10,5.1557036310959825,5.248241901397705,5.142483878195736,5.248241901397705,2754800,0.0,0.0
1994-01-11,5.28790204211919,5.314341552329786,5.208583511487402,5.235023021697998,3185600,0.0,0.0
1994-01-12,5.235023021697998,5.248242776803296,5.15570449106621,5.235023021697998,2559600,0.0,0.0
1994-01-13,5.221804618835449,5.235024377364146,5.182145343249357,5.221804618835449,2094000,0.0,0.0
1994-01-14,5.20858327248939,5.27468204498291,5.195363517990685,5.27468204498291,4646000,0.0,0.0
1994-01-17,5.248243408586512,5.261463165283203,5.195364381799746,5.261463165283203,1646800,0.0,0.0
1994-01-18,5.261460928747496,5.261460928747496,5.195362173361222,5.208581924438477,1801200,0.0,0.0
1994-01-19,5.182140740592156,5.221799980953831,5.1160420066560315,5.168920993804932,2600800,0.0,0.0
1994-01-20,5.142480166590944,5.195359140026326,5.116040679873253,5.1821393966674805,3238800,0.0,0.0
1994-01-21,5.195365101778054,5.235024377364146,5.182145343249357,5.221804618835449,1772000,0.0,0.0
1994-01-24,5.2350247070079545,5.261464225730217,5.1953654289245605,5.1953654289245605,2282800,0.0,0.0
1994-01-25,5.208578883385171,5.235018370102863,5.1556999099497896,5.1821393966674805,2153600,0.0,0.0
1994-01-26,5.1821393966674805,5.221798626744017,5.168919653308635,5.1821393966674805,2471200,0.0,0.0
1994-01-27,5.20858327248939,5.27468204498291,5.182143763491982,5.27468204498291,2330400,0.0,0.0
1994-01-28,5.27468022108078,5.327559220790863,5.221801221370697,5.287899971008301,3214800,0.0,0.0
1994-01-31,5.301124925096634,5.380443502529501,5.2614656363802,5.367223739624023,4074800,0.0,0.0
1994-02-01,5.340777008621781,5.367216498763473,5.301117773409243,5.353996753692627,2762800,0.0,0.0
1994-02-02,5.340782165527344,5.354001923362808,5.314342649856417,5.340782165527344,1467200,0.0,0.0
1994-02-03,5.34078081747643,5.34078081747643,5.235022781486798,5.27468204498291,2088800,0.0,0.0
1994-02-04,5.261464225730217,5.30112350381361,5.182145669563429,5.1953654289245605,3962800,0.0,0.0
1994-02-07,5.155705826191962,5.248244135892843,5.11604655060587,5.221804618835449,3544000,0.0,0.0
1994-02-08,5.208582875654869,5.208582875654869,5.089605094231281,5.1292643547058105,2195600,0.0,0.0
1994-02-09,5.129266309134568,5.221804618835449,5.11604655060587,5.221804618835449,1420400,0.0,0.0
1994-02-10,5.221803361719305,5.221803361719305,5.089605808258057,5.089605808258057,1656400,0.0,0.0
1994-02-11,5.089605014761597,5.129264274616882,5.063165508191407,5.116044521331787,2035200,0.0,0.0
1994-02-14,5.089602813622639,5.155701551461894,5.089602813622639,5.142481803894043,2468000,0.0,0.0
1994-02-15,5.129262616084172,5.182141612126276,5.089603369052593,5.155702114105225,4130800,0.0,0.0
1994-02-16,5.155702114105225,5.195361361136803,5.142482365094698,5.155702114105225,2307600,0.0,0.0
1994-02-17,5.16892361518034,5.208582875654869,5.089605094231281,5.1292643547058105,1979200,0.0,0.0
1994-02-18,5.155701773154303,5.155701773154303,5.010284543655079,5.102822780609131,2310400,0.0,0.0
1994-02-22,5.129260423232098,5.1821393966674805,5.089601193155561,5.1821393966674805,3233600,0.0,0.0
1994-02-23,5.195359140026326,5.221798626744017,5.142480166590944,5.1821393966674805,1174400,0.0,0.0
1994-02-24,5.129262276881716,5.168921521290596,5.089603032472837,5.102822780609131,1706000,0.0,0.0
1994-02-25,5.129262616084172,5.155702114105225,5.089603369052593,5.155702114105225,1392800,0.0,0.0
1994-02-28,5.191471168147329,5.2448539050948595,5.1781254839104465,5.218162536621094,2134000,0.115,0.0
1994-03-01,5.191467329171988,5.204813003540039,5.138084631699782,5.204813003540039,1909200,0.0,0.0
1994-03-02,5.138087677270875,5.138087677270875,5.031322219041869,5.111396312713623,5032000,0.0,0.0
1994-03-03,5.098047511963376,5.098047511963376,4.97793644492759,5.0313191413879395,2323200,0.0,0.0
1994-03-04,5.031321712813452,5.124741479364365,5.017976031877607,5.098050117492676,2524800,0.0,0.0
1994-03-07,5.1781253405614445,5.1781253405614445,4.977940082550049,4.977940082550049,9868400,0.0,0.0
1994-03-08,5.004631077989619,5.031322443738897,4.977939712240341,5.017976760864258,3722400,0.0,0.0
1994-03-09,5.044666168212891,5.071357523600261,4.977937779744466,5.004629135131836,2186000,0.0,0.0
1994-03-10,5.004631450284902,5.0313228180197545,4.964594398682622,4.977940082550049,3175600,0.0,0.0
1994-03-11,4.977937779744466,5.044666168212891,4.911209391276042,5.004629135131836,3630800,0.0,0.0
1994-03-14,5.017976760864258,5.044668126613536,4.964594029365702,5.017976760864258,2051600,0.0,0.0
1994-03-15,5.017976760864258,5.058013809488175,5.004631077989619,5.017976760864258,3981200,0.0,0.0
1994-03-16,5.031322824246508,5.1647796630859375,5.017977140362564,5.1647796630859375,4684400,0.0,0.0
1994-03-17,5.178124760588011,5.178124760588011,5.111396348724763,5.124742031097412,1836000,0.0,0.0
1994-03-18,5.111396348724763,5.138087713470062,5.058013619234165,5.124742031097412,4132800,0.0,0.0
1994-03-21,5.124741403680099,5.138087084418849,5.058012999986348,5.071358680725098,4324400,0.0,0.0
1994-03-22,5.071358164885428,5.11139520302926,5.044666806122873,5.05801248550415,1850000,0.0,0.0
1994-03-23,5.058013986101926,5.11139671946448,5.044668302761289,5.084705352783203,1411600,0.0,0.0
1994-03-24,5.0580124463984575,5.08470380495465,5.031321087842265,5.044666767120361,1080400,0.0,0.0
1994-03-25,4.964593106573755,5.017975828149817,4.857827663421631,4.857827663421631,2834800,0.0,0.0
1994-03-28,4.951247729280944,4.977939091702943,4.884519323225944,4.964593410491943,2754400,0.0,0.0
1994-03-29,4.977937050951206,4.977937050951206,4.911208672252128,4.924554347991943,2598400,0.0,0.0
1994-03-30,4.911210461392429,4.937901822595649,4.8177906971811595,4.884519100189209,5204400,0.0,0.0
1994-03-31,4.857827738985989,4.911210461392429,4.737716613571501,4.884519100189209,3636000,0.0,0.0
1994-04-04,4.777752876281738,4.844481268408578,4.751061519431002,4.777752876281738,6624800,0.0,0.0
1994-04-05,4.817791775110606,4.951248610986246,4.817791775110606,4.937902927398682,4217600,0.0,0.0
1994-04-06,4.937902927398682,4.977939978161374,4.9112115602235535,4.937902927398682,2709600,0.0,0.0
1994-04-07,4.951247627198384,5.1113957984285205,4.9379019462625395,5.098050117492676,6387200,0.0,0.0
1994-04-08,5.0713592239573035,5.31158150298686,5.044667859620686,5.271544456481934,9334800,0.0,0.0
1994-04-11,5.311582097729433,5.5251130363316205,5.298236414066796,5.498421669006348,9205200,0.0,0.0
1994-04-12,5.485074520111084,5.538457240501459,5.418346119623115,5.485074520111084,5930800,0.0,0.0
1994-04-13,5.485073883937677,5.4984195624874035,5.3649627769901365,5.4316911697387695,5158400,0.0,0.0
1994-04-14,5.391651703761174,5.551799774169922,5.391651703761174,5.551799774169922,4314000,0.0,0.0
1994-04-15,5.52511510231512,5.605189234232731,5.485078036356315,5.565152168273926,4203200,0.0,0.0
1994-04-18,5.591840229536358,5.671914313968859,5.5518031873201075,5.578494548797607,7021200,0.0,0.0
1994-04-19,5.631876192829927,5.698604583740234,5.605184836465805,5.698604583740234,7228400,0.0,0.0
1994-04-20,5.6585690050240025,5.685260368255247,5.525112188867776,5.538457870483398,6682800,0.0,0.0
1994-04-21,5.551803552099021,5.565149233714644,5.4717294624052855,5.538457870483398,3456400,0.0,0.0
1994-04-22,5.5117694136621855,5.605189234232731,5.5117694136621855,5.565152168273926,3522800,0.0,0.0
1994-04-25,5.578495062051923,5.631877789918448,5.5384580161520285,5.591840744018555,3372800,0.0,0.0
1994-04-26,5.631880611538601,5.645226300191537,5.551806479620991,5.565152168273926,3394800,0.0,0.0
1994-04-28,5.565147106821944,5.565147106821944,5.45838169470066,5.47172737121582,2289600,0.0,0.0
1994-04-29,5.485074783626356,5.578494548797607,5.458383422148855,5.578494548797607,2173200,0.0,0.0
1994-05-02,5.658568227858771,5.658568227858771,5.578494149162656,5.605185508728027,3924800,0.0,0.0
1994-05-03,5.631878445733268,5.658569812774658,5.605187078691878,5.658569812774658,1564400,0.0,0.0
1994-05-04,5.631876429016403,5.645222107758149,5.525110999082443,5.618530750274658,2432800,0.0,0.0
1994-05-05,5.618532762212573,5.658569812774658,5.578495711650488,5.658569812774658,2727200,0.0,0.0
1994-05-06,5.605189234232731,5.618534922885666,5.5117694136621855,5.565152168273926,2291600,0.0,0.0
1994-05-09,5.498417941844406,5.538454965692787,5.471726592612151,5.52510929107666,1900000,0.0,0.0
1994-05-10,5.6051851502547025,5.658567865971414,5.551802434537991,5.645222187042236,2460000,0.0,0.0
1994-05-11,5.671914835818343,5.685260517784974,5.565149380085291,5.591840744018555,2645200,0.0,0.0
1994-05-12,5.6185322169444,5.658569263620964,5.60518653471888,5.631877899169922,2364400,0.0,0.0
1994-05-13,5.645223725009972,5.7252978204001845,5.605186677314865,5.685260772705078,3134400,0.0,0.0
1994-05-16,5.65856754919405,5.725295940104357,5.631876192829927,5.698604583740234,3452000,0.0,0.0
1994-05-17,5.711948744747617,5.858751165757486,5.711948744747617,5.818714141845703,4359600,0.0,0.0
1994-05-18,5.845407717936748,5.978864515149915,5.845407717936748,5.925481796264648,8288000,0.0,0.0
1994-05-19,5.898790513453462,5.9655189129269175,5.858753473769389,5.952173233032227,5405200,0.0,0.0
1994-05-20,5.925481796264648,5.938827475985965,5.898790436822015,5.925481796264648,3172400,0.0,0.0
1994-05-23,5.912133693695068,5.925479367947202,5.872096670938668,5.912133693695068,2228000,0.0,0.0
1994-05-24,5.938825607299805,5.97886263386587,5.925479931777782,5.938825607299805,3062000,0.0,0.0
1994-05-25,5.912134256255761,5.952171282821826,5.84540587864565,5.938825607299805,2160000,0.0,0.0
1994-05-26,5.952173233032227,5.9655189129269175,5.925481873242845,5.952173233032227,1798400,0.0,0.0
1994-05-27,5.920956172300189,6.001696483740646,5.907499453726778,5.988239765167236,1424000,0.115,0.0
1994-05-31,5.974781406652308,5.974781406652308,5.907497832253071,5.961324691772461,1444000,0.0,0.0
1994-06-01,5.947869609447007,5.988239765167236,5.88058601657996,5.988239765167236,2206000,0.0,0.0
1994-06-02,5.974778988217348,6.042062535381957,5.974778988217348,6.015149116516113,2556800,0.0,0.0
1994-06-03,6.0151510395501795,6.149718176900295,6.0151510395501795,6.136261463165283,2452800,0.0,0.0
1994-06-06,6.14971870553177,6.176632135315279,6.082435131072998,6.082435131072998,1901200,0.0,0.0
1994-06-07,6.068978467157909,6.082435182162694,6.01515160713877,6.028608322143555,2605200,0.0,0.0
1994-06-08,6.001692407083191,6.042062535381957,5.974778988217348,6.015149116516113,2491200,0.0,0.0
1994-06-09,5.988239765167236,6.015153202314055,5.974783046593826,5.988239765167236,1695200,0.0,0.0
1994-06-10,5.988237916098701,6.082434917026096,5.974781201680502,6.055521488189697,3250000,0.0,0.0
1994-06-13,6.042063310808023,6.109346866607666,6.042063310808023,6.109346866607666,3926000,0.0,0.0
1994-06-14,6.095891196631531,6.122804623548226,6.001694202423096,6.001694202423096,3154400,0.0,0.0
1994-06-15,6.028608266171699,6.028608266171699,5.961324691772461,5.961324691772461,1009200,0.0,0.0
1994-06-16,5.894037262085945,5.894037262085945,5.813297025619015,5.840210437774658,2842000,0.0,0.0
1994-06-17,5.90749619274496,5.90749619274496,5.759472370147705,5.759472370147705,4394800,0.0,0.0
1994-06-20,5.746015359556873,5.746015359556873,5.638361676005457,5.6652750968933105,2650400,0.0,0.0
1994-06-21,5.692188517781164,5.705645228225092,5.638361676005457,5.6652750968933105,1341200,0.0,0.0
1994-06-22,5.67873268082981,5.786386380940328,5.67873268082981,5.772929668426514,1681200,0.0,0.0
1994-06-23,5.772932977046606,5.772932977046606,5.705649375915527,5.705649375915527,1492800,0.0,0.0
1994-06-24,5.624906151469161,5.651819578031215,5.50379573193992,5.517252445220947,3410400,0.0,0.0
1994-06-27,5.530710216930935,5.651820659637451,5.530710216930935,5.651820659637451,2946400,0.0,0.0
1994-06-28,5.638364433372108,5.638364433372108,5.49034054609981,5.530710697174072,2078800,0.0,0.0
1994-06-29,5.571080364499773,5.69219080720629,5.557623648643494,5.651820659637451,1620400,0.0,0.0
1994-06-30,5.624907716347353,5.638364433372108,5.463427112050301,5.530710697174072,2359600,0.0,0.0
1994-07-01,5.5172500403031055,5.5710768699646,5.5172500403031055,5.5710768699646,1858400,0.0,0.0
1994-07-05,5.571079298345054,5.624906151469161,5.517252445220947,5.517252445220947,1561600,0.0,0.0
1994-07-06,5.530710581094382,5.638364315032959,5.530710581094382,5.638364315032959,1502000,0.0,0.0
1994-07-07,5.6383639437811715,5.665277375493731,5.611450512068612,5.651820659637451,1768800,0.0,0.0
1994-07-08,5.624904713732131,5.7056449727809175,5.611448003890667,5.692188262939453,1707200,0.0,0.0
1994-07-11,5.732558392463846,5.732558392463846,5.678731553097989,5.692188262939453,1238000,0.0,0.0
1994-07-12,5.70564486065182,5.732558279805839,5.651818022343784,5.678731441497803,1427200,0.0,0.0
1994-07-13,5.678735935463095,5.732562816367959,5.678735935463095,5.705649375915527,1583600,0.0,0.0
1994-07-14,5.705646847366193,5.880584132780722,5.705646847366193,5.867127418518066,2081600,0.0,0.0
1994-07-15,5.853670704255411,5.880584132780722,5.826757275730098,5.867127418518066,1898000,0.0,0.0
1994-07-18,5.853667940412249,5.947864895775204,5.840211232503255,5.934408187866211,2202400,0.0,0.0
1994-07-19,5.96132436990738,5.97478108406067,5.894040799140931,5.92095422744751,2714800,0.0,0.0
1994-07-20,5.947866931106105,5.947866931106105,5.746016243398884,5.772929668426514,2934800,0.0,0.0
1994-07-21,5.759467963552807,5.813294766950497,5.705641160155117,5.799838066101074,1582000,0.0,0.0
1994-07-22,5.826757108333499,5.826757108333499,5.759473538953205,5.786386966705322,966800,0.0,0.0
1994-07-25,5.759470201307727,5.85366714385248,5.746013495229906,5.840210437774658,1241600,0.0,0.0
1994-07-26,5.853668549289442,5.894038677215576,5.826755130672019,5.894038677215576,1085200,0.0,0.0
1994-07-27,5.867125542075546,5.880582252034435,5.7998419922811015,5.81329870223999,1840400,0.0,0.0
1994-07-28,5.799843800067902,5.94786765575409,5.799843800067902,5.92095422744751,1450800,0.0,0.0
1994-07-29,5.92095392167301,6.015150915881444,5.907497208214662,6.001694202423096,1831200,0.0,0.0
1994-08-01,6.001692407083191,6.028605825949035,5.947865569351504,6.015149116516113,1300800,0.0,0.0
1994-08-02,5.988235019502185,6.015148435320173,5.934408187866211,5.934408187866211,1953200,0.0,0.0
1994-08-03,5.907497406005859,5.920954119914756,5.867127264279167,5.907497406005859,2954400,0.0,0.0
1994-08-04,5.907497406005859,5.934410833823653,5.8940406920969615,5.907497406005859,1220800,0.0,0.0
1994-08-05,5.8671246483212425,5.934408187866211,5.853667940412249,5.934408187866211,2162000,0.0,0.0
1994-08-08,5.9344109416008,5.9344109416008,5.894040799140931,5.92095422744751,1793600,0.0,0.0
1994-08-09,5.92095422744751,5.9344109416008,5.894040799140931,5.92095422744751,2324400,0.0,0.0
1994-08-10,5.920954547132919,5.988238121532156,5.894041117373224,5.961324691772461,2670400,0.0,0.0
1994-08-11,5.974779383629156,5.988236093952645,5.8940391216882215,5.947865962982178,2277600,0.0,0.0
1994-08-12,5.947865569351504,6.015149116516113,5.947865569351504,6.015149116516113,1307200,0.0,0.0
1994-08-15,6.015153202314055,6.015153202314055,5.947869609447007,5.988239765167236,810400,0.0,0.0
1994-08-16,5.9882374889647485,6.015150915881444,5.92095392167301,6.001694202423096,2547200,0.0,0.0
1994-08-17,6.015151551291852,6.015151551291852,5.9478679768926135,5.961324691772461,1386400,0.0,0.0
1994-08-18,5.947865962982178,5.961322673305667,5.9209525423352,5.947865962982178,1204800,0.0,0.0
1994-08-19,5.9747819900512695,5.9747819900512695,5.920955125276032,5.9747819900512695,1634400,0.0,0.0
1994-08-22,5.9478679768926135,5.974781406652308,5.920954547132919,5.961324691772461,1973600,0.0,0.0
1994-08-23,5.94786765575409,5.97478108406067,5.92095422744751,5.92095422744751,7640400,0.0,0.0
1994-08-24,5.94786754773255,5.94786754773255,5.8940406920969615,5.907497406005859,2393600,0.0,0.0
1994-08-25,5.894037608969403,5.9074943158391955,5.867124195229816,5.880580902099609,2828400,0.0,0.0
1994-08-26,5.89403806413923,5.9613216036841985,5.89403806413923,5.934408187866211,1943600,0.0,0.0
1994-08-29,5.943638088486411,5.984347938407551,5.943638088486411,5.970777988433838,1512400,0.115,0.0
1994-08-30,5.970775967552548,6.011485803694952,5.970775967552548,5.98434591293335,1144400,0.0,0.0
1994-08-31,5.970777759637533,6.079337355267306,5.970777759637533,6.052197456359863,4104000,0.0,0.0
1994-09-01,6.025058388979117,6.038628340305647,5.984348534999529,6.011488437652588,1285600,0.0,0.0
1994-09-02,5.997915858314151,6.038625694456555,5.957206022171747,5.98434591293335,1984000,0.0,0.0
1994-09-06,5.984347938407551,5.984347938407551,5.943638088486411,5.970777988433838,3150000,0.0,0.0
1994-09-07,5.943634472684376,5.943634472684376,5.862214822373632,5.889354705810547,2509200,0.0,0.0
1994-09-08,5.902928590223916,5.902928590223916,5.862218737877544,5.875788688659668,2196400,0.0,0.0
1994-09-09,5.780798914266187,5.835078716278076,5.767228963763215,5.835078716278076,2969200,0.0,0.0
1994-09-12,5.835077751410399,5.835077751410399,5.76722801011493,5.780797958374023,1528400,0.0,0.0
1994-09-13,5.807936760832514,5.807936760832514,5.699377195209476,5.740087032318115,2648800,0.0,0.0
1994-09-14,5.753659605138441,5.7672295570373535,5.699379797542796,5.7672295570373535,1503600,0.0,0.0
1994-09-15,5.76722801011493,5.780797958374023,5.740088113596741,5.780797958374023,2050400,0.0,0.0
1994-09-16,5.780796617340306,5.780796617340306,5.6993769466735404,5.712946891784668,3510800,0.0,0.0
1994-09-19,5.699377106800126,5.712947052292507,5.52296781539917,5.52296781539917,3528800,0.0,0.0
1994-09-20,5.482259254262905,5.495829202912071,5.360129716420414,5.37369966506958,6344800,0.0,0.0
1994-09-21,5.37369989985742,5.387269849099484,5.27871025516297,5.346560001373291,7096400,0.0,0.0
1994-09-22,5.360129815971512,5.360129815971512,5.238000275860769,5.251570224761963,3933600,0.0,0.0
1994-09-23,5.238001108169556,5.25157105922699,5.115871548652649,5.156581401824951,6270000,0.0,0.0
1994-09-26,5.197291254997253,5.224431157112122,5.170151352882385,5.2108612060546875,4698000,0.0,0.0
1994-09-27,5.197291254997253,5.2108612060546875,5.156581401824951,5.156581401824951,5842800,0.0,0.0
1994-09-28,5.224431157112122,5.25157105922699,5.183721303939819,5.2108612060546875,5000400,0.0,0.0
1994-09-29,5.319420102889163,5.360129950615356,5.265140305920906,5.346560001373291,6690800,0.0,0.0
1994-09-30,5.360127304281507,5.400837131908961,5.292277591569083,5.319417476654053,2698000,0.0,0.0
1994-10-03,5.319420213870953,5.319420213870953,5.251570466245048,5.27871036529541,2860800,0.0,0.0
1994-10-04,5.2922790723614455,5.305849018700833,5.129439716288785,5.143009662628174,3126000,0.0,0.0
1994-10-05,5.143012646014098,5.143012646014098,5.048022966536265,5.1294426918029785,4922400,0.0,0.0
1994-10-06,5.129442937830661,5.143012892692647,5.088733073244703,5.1023030281066895,2664400,0.0,0.0
1994-10-07,5.102302783380741,5.143012646014098,5.075162874958503,5.1294426918029785,3509200,0.0,0.0
1994-10-10,5.129439716288785,5.17014955530695,5.102299823610009,5.143009662628174,3041600,0.0,0.0
1994-10-11,5.156582466304769,5.197292327880859,5.156582466304769,5.197292327880859,3176000,0.0,0.0
1994-10-12,5.210860617669505,5.305850264345772,5.197290668144324,5.27871036529541,7329600,0.0,0.0
1994-10-13,5.373701705347242,5.400841612950005,5.305851936340332,5.305851936340332,3639200,0.0,0.0
1994-10-14,5.346561064543548,5.509400487829137,5.332991112603081,5.495830535888672,4118400,0.0,0.0
1994-10-17,5.48225878238678,5.48225878238678,5.400839097499848,5.427978992462158,2710800,0.0,0.0
1994-10-18,5.482259382281387,5.482259382281387,5.373699790553043,5.414409637451172,2789600,0.0,0.0
1994-10-19,5.4279795947205045,5.482259390667709,5.373699798773299,5.468689441680908,2019200,0.0,0.0
1994-10-20,5.455120086669922,5.468690037134275,5.40084028481251,5.455120086669922,1788400,0.0,0.0
1994-10-21,5.427982242962786,5.441552198570193,5.3329925537109375,5.3329925537109375,2714400,0.0,0.0
1994-10-24,5.3465618203265235,5.3465618203265235,5.197292327880859,5.197292327880859,2929600,0.0,0.0
1994-10-25,5.1837202394163455,5.238000032499239,5.156580342874899,5.224430084228516,2182400,0.0,0.0
1994-10-26,5.278708345462114,5.292278289794922,5.237998512463692,5.292278289794922,2631200,0.0,0.0
1994-10-27,5.305852642496124,5.3329925537109375,5.278712731281309,5.3329925537109375,2176400,0.0,0.0
1994-10-28,5.3329895884547405,5.414409276828096,5.319419640392515,5.400839328765869,2886000,0.0,0.0
1994-10-31,5.387269613718746,5.414409511017077,5.360129716420414,5.37369966506958,1414400,0.0,0.0
1994-11-01,5.360132464925751,5.373702420533158,5.3329925537109375,5.3329925537109375,1508400,0.0,0.0
1994-11-02,5.346561797744478,5.373701705347242,5.29228198253895,5.305851936340332,1847600,0.0,0.0
1994-11-03,5.360129716420414,5.414409511017077,5.319419870472918,5.37369966506958,1218800,0.0,0.0
1994-11-04,5.387269849099484,5.427979696825677,5.332990052131227,5.346560001373291,4270000,0.0,0.0
1994-11-07,5.3465573617390225,5.360127304281507,5.278707649026598,5.319417476654053,2897200,0.0,0.0
1994-11-08,5.3329925537109375,5.346562509318344,5.292282686888717,5.3329925537109375,2474800,0.0,0.0
1994-11-09,5.387272376140565,5.400842331747972,5.3329925537109375,5.3329925537109375,2286000,0.0,0.0
1994-11-10,5.346562509318344,5.360132464925751,5.319422598103531,5.3329925537109375,1385200,0.0,0.0
1994-11-11,5.305850020366738,5.319419969267932,5.251570224761963,5.251570224761963,1336400,0.0,0.0
1994-11-14,5.25157105922699,5.265141010284424,5.197291254997253,5.2108612060546875,3392000,0.0,0.0
1994-11-15,5.210859049053092,5.210859049053092,5.183719158172607,5.183719158172607,2049600,0.0,0.0
1994-11-16,5.183721303939819,5.2108612060546875,5.143011450767517,5.156581401824951,2506800,0.0,0.0
1994-11-17,5.156582863100113,5.156582863100113,4.980173449362478,5.048023223876953,7023200,0.0,0.0
1994-11-18,5.034450131885254,5.034450131885254,4.885180720966824,4.912320613861084,5286800,0.0,0.0
1994-11-21,4.9394609728339,4.953030920561465,4.858041286468506,4.858041286468506,3364000,0.0,0.0
1994-11-22,4.8580427224295475,4.912322529384068,4.735913156781877,4.749483108520508,8399200,0.0,0.0
1994-11-23,4.74948264210602,4.966601848602295,4.735912691700003,4.966601848602295,8103600,0.0,0.0
1994-11-25,4.9530318981962775,4.99374174941433,4.912322046978226,4.966601848602295,700400,0.0,0.0
1994-11-28,4.966600750952216,5.007760425683864,4.952880859375,4.952880859375,2129600,0.125,0.0
1994-11-29,4.966598208745321,5.0077578624089565,4.925438555081685,4.9391584396362305,3301600,0.0,0.0
1994-11-30,4.96660334552563,4.96660334552563,4.8980038518029,4.925443649291992,2713600,0.0,0.0
1994-12-01,4.925442555763202,4.939162451461707,4.884282868667688,4.911722660064697,17710400,0.0,0.0
1994-12-02,4.911722217194022,5.007761478424072,4.911722217194022,5.007761478424072,1266800,0.0,0.0
1994-12-05,5.035200163558289,5.076359837919801,4.994040489196777,4.994040489196777,1719600,0.0,0.0
1994-12-06,5.00776284414789,5.076362335163614,4.966603149538455,5.048922538757324,6098000,0.0,0.0
1994-12-07,5.021482467651367,5.048922262556566,4.994042672746168,5.021482467651367,1979200,0.0,0.0
1994-12-08,5.021482650211879,5.035202548163277,4.760804589135306,4.801964282989502,2208000,0.0,0.0
1994-12-09,4.80195959409078,4.952878324190776,4.80195959409078,4.9391584396362305,2867200,0.0,0.0
1994-12-12,4.8842789014180505,4.980318093299866,4.870559016863505,4.9391584396362305,1505200,0.0,0.0
1994-12-13,4.994041199929669,5.090080453774471,4.980321306523269,5.06264066696167,5199600,0.0,0.0
1994-12-14,5.062642508937467,5.172401696123102,5.062642508937467,5.10380220413208,3136000,0.0,0.0
1994-12-15,5.10380034718087,5.117520240587271,5.0489207735552695,5.06264066696167,1529200,0.0,0.0
1994-12-16,5.07636056036807,5.07636056036807,5.007761093336069,5.06264066696167,3878000,0.0,0.0
1994-12-19,5.062642172897789,5.144961557822956,5.035202377922733,5.1175217628479,1794400,0.0,0.0
1994-12-20,5.1586795565578205,5.1586795565578205,5.035200524618936,5.096940040588379,2322400,0.0,0.0
1994-12-21,5.062641056269816,5.076360950731251,4.994041583962637,5.007761478424072,2404800,0.0,0.0
1994-12-22,4.884281158447266,4.939160722025324,4.870561267552751,4.884281158447266,6588400,0.0,0.0
1994-12-23,4.966600706289102,5.021480272104452,4.939160923381428,4.994040489196777,2721600,0.0,0.0
1994-12-27,5.048922809359127,5.062642708297603,4.952883516789797,4.980323314666748,1654000,0.0,0.0
1994-12-28,5.0077600900639485,5.021479980721658,4.952880527433111,4.96660041809082,905200,0.0,0.0
1994-12-29,4.966602242858716,4.980322138557221,4.911722660064697,4.911722660064697,3197600,0.0,0.0
1994-12-30,4.925441076220568,4.966600750952216,4.88428140148892,4.952880859375,2178800,0.0,0.0
1995-01-03,4.95288298038837,5.035202365103967,4.95288298038837,5.021482467651367,1515600,0.0,0.0
1995-01-04,5.007761093336069,5.07636056036807,5.007761093336069,5.06264066696167,1536800,0.0,0.0
1995-01-05,5.076362407335671,5.117522102530284,5.062642508937467,5.10380220413208,1242800,0.0,0.0
1995-01-06,5.090081214904785,5.131240901278678,5.062641423988857,5.090081214904785,1721200,0.0,0.0
1995-01-09,5.076361319446821,5.10380111036275,5.062641423988857,5.090081214904785,1092000,0.0,0.0
1995-01-10,5.0763588685255785,5.186117979196402,5.0763588685255785,5.172398090362549,2662000,0.0,0.0
1995-01-11,5.186121594521307,5.268440984910534,4.994043016946444,5.10380220413208,4369200,0.0,0.0
1995-01-12,5.10380111036275,5.117521005820714,5.048921528530892,5.090081214904785,1947600,0.0,0.0
1995-01-13,5.131241146017926,5.2684401071414,5.117521249905579,5.254720211029053,3228000,0.0,0.0
1995-01-16,5.254719487170584,5.364478640949603,5.1998399102810735,5.323318958282471,3696800,0.0,0.0
1995-01-17,5.131241660335428,5.18612125028554,5.062642172897789,5.1175217628479,8594400,0.0,0.0
1995-01-18,5.1175217628479,5.131241660335428,5.062642172897789,5.1175217628479,3576800,0.0,0.0
1995-01-19,5.0900822333667595,5.103802131569904,5.048922538757324,5.048922538757324,2386000,0.0,0.0
1995-01-20,5.048921922896798,5.048921922896798,4.966602543719133,5.0352020263671875,1899600,0.0,0.0
1995-01-23,4.966600706289102,5.007760380650614,4.8980012490199165,4.994040489196777,4550000,0.0,0.0
1995-01-24,5.021482467651367,5.048922262556566,5.007762570198768,5.021482467651367,3313600,0.0,0.0
1995-01-25,5.021482480435205,5.18612125028554,4.994042685460149,5.1175217628479,2540000,0.0,0.0
1995-01-26,5.144958312694843,5.186117979196402,5.117518535027138,5.172398090362549,2215600,0.0,0.0
1995-01-27,5.199838161468506,5.268437609508988,5.18611827186041,5.199838161468506,2300000,0.0,0.0
1995-01-30,5.213560981953398,5.2272808792743275,5.062642111423168,5.158681392669678,1823600,0.0,0.0
1995-01-31,5.131241660335428,5.199841147773068,5.1038018653603725,5.1175217628479,3173600,0.0,0.0
1995-02-01,5.131240133993671,5.144960027400071,5.0489207735552695,5.06264066696167,2878800,0.0,0.0
1995-02-02,5.048922610539262,5.1449618993266935,5.048922610539262,5.10380220413208,2993600,0.0,0.0
1995-02-03,5.2135575790794535,5.391916127837434,5.186117802347456,5.3781962394714355,5435600,0.0,0.0
1995-02-06,5.3507582148411625,5.529116822002535,5.323318429124028,5.5016770362854,4440800,0.0,0.0
1995-02-07,5.5153962048617275,5.597715551202947,5.433076858520508,5.433076858520508,4282800,0.0,0.0
1995-02-08,5.446796086565334,5.487955754725777,5.4193563077917055,5.460515975952148,1518000,0.0,0.0
1995-02-09,5.43307579293543,5.474235458033426,5.350756462739438,5.3781962394714355,1314400,0.0,0.0
1995-02-10,5.378200872474924,5.405640672844694,5.350761072105154,5.364480972290039,2084800,0.0,0.0
1995-02-13,5.378199715650719,5.446799201819733,5.378199715650719,5.3919196128845215,1925600,0.0,0.0
1995-02-14,5.419359483406586,5.460519175685623,5.419359483406586,5.446799278259277,2392800,0.0,0.0
1995-02-15,5.4742369189191225,5.542836379055953,5.391917566754925,5.515396595001221,2656000,0.0,0.0
1995-02-16,5.515396595001221,5.542836379055953,5.487956810946488,5.515396595001221,1702400,0.0,0.0
1995-02-17,5.529116197824478,5.542836089134216,5.460516741275787,5.487956523895264,2651200,0.0,0.0
1995-02-21,5.4879589705383145,5.529118662817352,5.433079380832932,5.446799278259277,1732000,0.0,0.0
1995-02-22,5.433077663845486,5.597716380931713,5.419357770754967,5.556556701660156,2954800,0.0,0.0
1995-02-23,5.611438073671067,5.66631766363362,5.570278381199152,5.638877868652344,4304800,0.0,0.0
1995-02-24,5.625155013082069,5.625155013082069,5.5291157811514,5.583995342254639,2324400,0.0,0.0
1995-02-27,5.597852296829224,5.6117083668708805,5.528571946620941,5.542428016662598,1246400,0.125,0.0
1995-02-28,5.5424267188050695,5.5701388523990945,5.487002451617019,5.528570652008057,2692800,0.0,0.0
1995-03-01,5.542426290391367,5.570138421843324,5.4592898960354965,5.473145961761475,3410800,0.0,0.0
1995-03-02,5.500859806537628,5.556284086704254,5.473147666454315,5.542428016662598,4144000,0.0,0.0
1995-03-03,5.51471621496719,5.556284427642822,5.51471621496719,5.556284427642822,2816800,0.0,0.0
1995-03-06,5.528571741065788,5.528571741065788,5.473147462959865,5.514715671539307,1854800,0.0,0.0
1995-03-07,5.487006906963066,5.500862985010952,5.376158282579973,5.417726516723633,3124800,0.0,0.0
1995-03-08,5.431578159332275,5.459290292798256,5.417722092599285,5.431578159332275,1632400,0.0,0.0
1995-03-09,5.459294750867293,5.459294750867293,5.376158282579973,5.417726516723633,2731600,0.0,0.0
1995-03-10,5.4454346461729575,5.500858917380825,5.376154307163123,5.487002849578857,3869200,0.0,0.0
1995-03-13,5.487002849578857,5.500858917380825,5.403866442767057,5.487002849578857,2263200,0.0,0.0
1995-03-14,5.51471621496719,5.570140498534699,5.500860144075313,5.556284427642822,2367600,0.0,0.0
1995-03-15,5.542428016662598,5.583996226787567,5.500859806537628,5.542428016662598,2254800,0.0,0.0
1995-03-16,5.5147159448628384,5.611708436355402,5.487003804436393,5.583996295928955,2951200,0.0,0.0
1995-03-17,5.5701388523990945,5.5701388523990945,5.514714585211044,5.528570652008057,2712400,0.0,0.0
1995-03-20,5.5562844312735615,5.5562844312735615,5.445435864066109,5.459291934967041,3736800,0.0,0.0
1995-03-21,5.445435383523157,5.459291453201333,5.362298965454102,5.362298965454102,2590000,0.0,0.0
1995-03-22,5.417726516723633,5.417726516723633,5.362302204532087,5.417726516723633,2894000,0.0,0.0
1995-03-23,5.417725281557661,5.459293506224344,5.403869206668767,5.445437431335449,2868400,0.0,0.0
1995-03-24,5.445438672819406,5.459294750867293,5.403870438675746,5.417726516723633,1697600,0.0,0.0
1995-03-27,5.445435323906904,5.514715671539307,5.431579254380423,5.514715671539307,2149600,0.0,0.0
1995-03-28,5.514716079579064,5.570140361785889,5.514716079579064,5.570140361785889,1926000,0.0,0.0
1995-03-29,5.570139217142391,5.736412029594403,5.556283149438056,5.6394195556640625,4323600,0.0,0.0
1995-03-30,5.667130601172354,5.694842731251437,5.597850275974648,5.6532745361328125,4588400,0.0,0.0
1995-03-31,5.62556791305542,5.6394239916590045,5.583999677244666,5.62556791305542,3443200,0.0,0.0
1995-04-03,5.625564233756359,5.667132442380175,5.597852094673816,5.611708164215088,3610800,0.0,0.0
1995-04-04,5.597852094673816,5.625564233756359,5.583996025132544,5.611708164215088,2909200,0.0,0.0
1995-04-05,5.625567199539964,5.694847583770752,5.597855045847649,5.694847583770752,2424000,0.0,0.0
1995-04-06,5.722560022213009,5.833408642498007,5.722560022213009,5.805696487426758,5396800,0.0,0.0
1995-04-07,5.805692746175974,5.888829157815725,5.777980608962723,5.84726095199585,3714000,0.0,0.0
1995-04-10,5.833404274978818,5.861116409301758,5.819548207817348,5.861116409301758,3591600,0.0,0.0
1995-04-11,5.84726095199585,5.874973089209099,5.819548814782599,5.84726095199585,4205600,0.0,0.0
1995-04-12,5.819548185055073,5.833404252162347,5.764123916625977,5.764123916625977,2385200,0.0,0.0
1995-04-13,5.791835837894015,5.819547971089681,5.70869943830702,5.7364115715026855,3222800,0.0,0.0
1995-04-17,5.73641092637006,5.73641092637006,5.611706341014189,5.6532745361328125,3924800,0.0,0.0
1995-04-18,5.667132717208294,5.6809887874215175,5.583996295928955,5.583996295928955,2216800,0.0,0.0
1995-04-19,5.6117116460705745,5.62556772420902,5.583999489793683,5.597855567932129,2197600,0.0,0.0
1995-04-20,5.570139949645229,5.58399601917171,5.500859602012826,5.514715671539307,3873200,0.0,0.0
1995-04-21,5.542428016662598,5.570140156745911,5.5147158765792845,5.542428016662598,5873200,0.0,0.0
1995-04-24,5.5424283567509445,5.597852640318454,5.51471621496719,5.556284427642822,3736800,0.0,0.0
1995-04-25,5.542431441433911,5.667136148866175,5.542431441433911,5.62556791305542,4358000,0.0,0.0
1995-04-26,5.6394195556640625,5.653275623368397,5.59785135255106,5.6394195556640625,1172400,0.0,0.0
1995-04-27,5.653275623368397,5.687915792629233,5.625563487959728,5.6394195556640625,1869200,0.0,0.0
1995-04-28,5.625564436912536,5.625564436912536,5.528571946620941,5.542428016662598,1677600,0.0,0.0
1995-05-01,5.542427810592268,5.542427810592268,5.500859602012826,5.514715671539307,3308000,0.0,0.0
1995-05-02,5.500859806537628,5.570140156745911,5.500859806537628,5.542428016662598,2798400,0.0,0.0
1995-05-03,5.556287333516791,5.597855567932129,5.542431255378346,5.597855567932129,2540400,0.0,0.0
1995-05-04,5.65327732308397,5.791838041787009,5.639421251213666,5.7087016105651855,4009200,0.0,0.0
1995-05-05,5.791836677569348,5.84726095199585,5.777980608962723,5.84726095199585,3058000,0.0,0.0
1995-05-08,5.791836689680051,5.958109513307229,5.791836689680051,5.944253444671631,3611600,0.0,0.0
1995-05-09,5.971967617122607,6.0551040572681645,5.971967617122607,6.0273919105529785,6028400,0.0,0.0
1995-05-10,6.068960130625758,6.068960130625758,5.985823690480199,6.0273919105529785,2469600,0.0,0.0
1995-05-11,6.041248206205146,6.041248206205146,5.944255689133045,5.958111763000488,2301600,0.0,0.0
1995-05-12,5.930396503872341,5.9996768368615045,5.9165404372745085,5.985820770263672,1922000,0.0,0.0
1995-05-15,5.985824080969044,6.0828166007995605,5.944255858184537,6.0828166007995605,2737600,0.0,0.0
1995-05-16,6.08281746298142,6.165953920334242,6.06896138675595,6.138241767883301,3507200,0.0,0.0
1995-05-17,6.124384823584068,6.13824089784557,6.055104452276556,6.0828166007995605,1514000,0.0,0.0
1995-05-18,6.082813050163146,6.110525182510131,5.916540256081238,6.055100917816162,1237600,0.0,0.0
1995-05-19,5.985823910735374,6.027392132337703,5.916543541398159,5.958111763000488,2176000,0.0,0.0
1995-05-22,5.944255333427989,6.041247844696045,5.930399260389695,6.041247844696045,1880800,0.0,0.0
1995-05-23,6.096673539206891,6.138241767883301,6.05510531053048,6.138241767883301,2492000,0.0,0.0
1995-05-24,6.235233306884766,6.290657602945964,6.207521158854167,6.235233306884766,2890800,0.0,0.0
1995-05-25,6.235233306884766,6.249089380900066,6.165952936808268,6.235233306884766,2284800,0.0,0.0
1995-05-26,6.221251342091625,6.249212022280801,6.12338896142951,6.179310321807861,1759200,0.125,0.0
1995-05-30,6.151352531484772,6.193293571472168,6.095431144834911,6.193293571472168,1806800,0.0,0.0
1995-05-31,6.193292116750419,6.333095550537109,6.1233903998570725,6.333095550537109,1596400,0.0,0.0
1995-06-01,6.3051330139983595,6.347074031829834,6.2492116568897265,6.347074031829834,2020400,0.0,0.0
1995-06-02,6.305133111644209,6.444936506580888,6.277172432656874,6.375034809112549,4198800,0.0,0.0
1995-06-05,6.402995537355118,6.458916895759966,6.361054518551482,6.389015197753906,3470400,0.0,0.0
1995-06-06,6.375036580673117,6.375036580673117,6.305134863779771,6.333095550537109,2706800,0.0,0.0
1995-06-07,6.277170551436592,6.291150886740461,6.221249210221122,6.249209880828857,2955600,0.0,0.0
1995-06-08,6.249212797373942,6.249212797373942,6.109409379088171,6.123389720916748,2258400,0.0,0.0
1995-06-09,6.095429624513138,6.109409967688626,5.997567222284716,6.011547565460205,3858000,0.0,0.0
1995-06-12,5.983586071269892,6.081448460285988,5.983586071269892,6.053487777709961,1866000,0.0,0.0
1995-06-13,6.095429781320933,6.207272529602051,6.095429781320933,6.207272529602051,2561200,0.0,0.0
1995-06-14,6.179308839395744,6.193289176136458,6.151348165914315,6.165328502655029,1741200,0.0,0.0
1995-06-15,6.165329736757606,6.165329736757606,6.095428039061941,6.109408378601074,3010800,0.0,0.0
1995-06-16,6.137371583418413,6.1513519287109375,6.109410892833363,6.1513519287109375,3462800,0.0,0.0
1995-06-19,6.1513475337017836,6.263190216132725,6.1513475337017836,6.249209880828857,1790400,0.0,0.0
1995-06-20,6.249212788684027,6.291153814111437,6.207271763256618,6.263193130493164,2663600,0.0,0.0
1995-06-21,6.291153051156914,6.347074411611642,6.277172711043232,6.319113731384277,2723200,0.0,0.0
1995-06-22,6.361051779686756,6.430953447595401,6.333091112523297,6.416973114013672,2796000,0.0,0.0
1995-06-23,6.375037409464518,6.4169784450531,6.263194647894965,6.2911553382873535,4588400,0.0,0.0
1995-06-26,6.291150886740461,6.291150886740461,6.221249210221122,6.249209880828857,2026800,0.0,0.0
1995-06-27,6.221252113716788,6.277173481031096,6.109409379088171,6.123389720916748,2094400,0.0,0.0
1995-06-28,6.123389291871924,6.165330314418992,6.053487587626811,6.137369632720947,3502400,0.0,0.0
1995-06-29,6.1233865353796215,6.1233865353796215,6.011543858934331,6.039504528045654,2359600,0.0,0.0
1995-06-30,6.039507245684003,6.067467927376985,5.997566223144531,5.997566223144531,4383200,0.0,0.0
1995-07-03,6.011543858934331,6.053484862601315,6.011543858934331,6.039504528045654,1191200,0.0,0.0
1995-07-05,6.067468260406354,6.095428943634033,6.0255272355648355,6.095428943634033,2491200,0.0,0.0
1995-07-06,6.165332878147238,6.193293571472168,6.053490104847515,6.193293571472168,2470000,0.0,0.0
1995-07-07,6.235231876373291,6.305133579023216,6.221251535843306,6.235231876373291,3236400,0.0,0.0
1995-07-10,6.221253655173562,6.305135726928711,6.137371583418413,6.1513519287109375,2504800,0.0,0.0
1995-07-11,6.137370811926353,6.235233216672331,6.123390468391213,6.207272529602051,1840000,0.0,0.0
1995-07-12,6.193291421447482,6.305134155920574,6.165330737829208,6.263193130493164,1804000,0.0,0.0
1995-07-13,6.263195164716429,6.319116550115683,6.235234472016802,6.305136203765869,1198000,0.0,0.0
1995-07-14,6.277172897963246,6.305133579023216,6.193290854783337,6.235231876373291,1227200,0.0,0.0
1995-07-17,6.249213560207471,6.305134934348029,6.165331498996632,6.207272529602051,4454800,0.0,0.0
1995-07-18,6.249212030815867,6.3330940714979596,6.207271010474821,6.319113731384277,5256400,0.0,0.0
1995-07-19,6.263190216132725,6.305131222044328,6.123386863094048,6.249209880828857,3639600,0.0,0.0
1995-07-20,6.249212030815867,6.319113731384277,6.207271010474821,6.319113731384277,2630400,0.0,0.0
1995-07-21,6.319115277883169,6.319115277883169,6.193292186066912,6.207272529602051,1860000,0.0,0.0
1995-07-24,6.2212498496178865,6.2212498496178865,6.1373678291736,6.165328502655029,2314000,0.0,0.0
1995-07-25,6.193290997188713,6.291153383148806,6.151349974634387,6.277173042297363,1646400,0.0,0.0
1995-07-26,6.291155081528884,6.4029978385338415,6.277174736903264,6.361056804656982,2719600,0.0,0.0
1995-07-27,6.3890154319526875,6.430956452293734,6.291153051156914,6.319113731384277,1538000,0.0,0.0
1995-07-28,6.319114064851689,6.333094405703131,6.263192701445922,6.277173042297363,1438000,0.0,0.0
1995-07-31,6.24921236059448,6.319114064851689,6.235232019743038,6.277173042297363,1307600,0.0,0.0
1995-08-01,6.263192701445922,6.291153383148806,6.193290997188713,6.277173042297363,1782400,0.0,0.0
1995-08-02,6.277174736903264,6.361056804656982,6.277174736903264,6.361056804656982,3315600,0.0,0.0
1995-08-03,6.347076460031363,6.375037149282602,6.291155081528884,6.361056804656982,2508800,0.0,0.0
1995-08-04,6.375032113268484,6.430953447595401,6.347071446105026,6.416973114013672,2150400,0.0,0.0
1995-08-07,6.430956278091823,6.556779335706662,6.41697593835684,6.54279899597168,2679600,0.0,0.0
1995-08-08,6.556780660853667,6.6965840864582225,6.556780660853667,6.6546430587768555,5250000,0.0,0.0
1995-08-09,6.65464405643615,6.668624401092529,6.612703022467016,6.668624401092529,2840800,0.0,0.0
1995-08-10,6.640663711779772,6.6826047457489075,6.5987226778106365,6.668624401092529,2040400,0.0,0.0
1995-08-11,6.6686248379368935,6.6686248379368935,6.458919654353972,6.500860691070557,2137600,0.0,0.0
1995-08-14,6.514841472280437,6.528821818787477,6.458920086252279,6.486880779266357,1552800,0.0,0.0
1995-08-15,6.486878157170342,6.556779861450195,6.472897816314372,6.556779861450195,1659200,0.0,0.0
1995-08-16,6.612702031095489,6.6546430587768555,6.584741345974578,6.6546430587768555,1880000,0.0,0.0
1995-08-17,6.640661239624023,6.668621918527704,6.598720221268503,6.640661239624023,1947200,0.0,0.0
1995-08-18,6.710565523215275,6.724545868055308,6.66862448869518,6.696585178375244,2320400,0.0,0.0
1995-08-21,6.710562606236925,6.724542944999919,6.6826019287109375,6.6826019287109375,2899200,0.0,0.0
1995-08-22,6.682604833535212,6.710565523215275,6.612703109335053,6.696585178375244,1806800,0.0,0.0
1995-08-23,6.696585090405286,6.696585090405286,6.65464405643615,6.668624401092529,1804800,0.0,0.0
1995-08-24,6.696585825017768,6.794448248347881,6.668625132637735,6.752507209777832,2795600,0.0,0.0
1995-08-25,6.738526303593705,6.892310098903935,6.738526303593705,6.878329753875732,2407200,0.0,0.0
1995-08-28,6.8643496242807185,6.976192388016453,6.850369278813751,6.9482316970825195,2900400,0.0,0.0
1995-08-29,6.920271790293603,6.920271790293603,6.850370055038112,6.892311096191406,5500800,0.0,0.0
1995-08-30,6.850023920327243,6.948686816299035,6.850023920327243,6.920497417449951,3147200,0.125,0.0
1995-08-31,6.920497417449951,6.976876215148118,6.878213319176326,6.920497417449951,2368400,0.0,0.0
1995-09-01,6.8782115564113715,6.9627797312852815,6.8782115564113715,6.9345903396606445,2605200,0.0,0.0
1995-09-05,6.850022449140921,6.86411714553833,6.7795489671538745,6.86411714553833,3519600,0.0,0.0
1995-09-06,6.8782115564113715,6.9486850354729635,6.8782115564113715,6.9345903396606445,5017600,0.0,0.0
1995-09-07,6.9627806581332825,7.033254146575928,6.934591262756225,7.033254146575928,5788400,0.0,0.0
1995-09-08,7.047350951067106,7.16010856628418,7.033256249164972,7.16010856628418,6355600,0.0,0.0
1995-09-11,7.14601226817773,7.258769858208147,7.131917569423927,7.244675159454346,5700800,0.0,0.0
1995-09-12,7.244676717739661,7.2587714195251465,7.174203208812232,7.2587714195251465,3396000,0.0,0.0
1995-09-13,7.230581451106716,7.315149655213228,7.230581451106716,7.301054954528809,2832400,0.0,0.0
1995-09-14,7.30105550026259,7.41381311416626,7.286960798524632,7.41381311416626,3589600,0.0,0.0
1995-09-15,7.427904252025568,7.554756506803994,7.399714862074807,7.540661811828613,4906400,0.0,0.0
1995-09-18,7.526567190213311,7.54066188532607,7.39971493419848,7.498377799987793,3800400,0.0,0.0
1995-09-19,7.498384280082507,7.695710182189941,7.456100158202343,7.695710182189941,3852800,0.0,0.0
1995-09-20,7.709797994063719,7.766176772813727,7.65341921531371,7.723892688751221,3395600,0.0,0.0
1995-09-21,7.709799980898516,7.737989377537999,7.6252317909800675,7.681610584259033,3422000,0.0,0.0
1995-09-22,7.625230712049148,7.681609497350805,7.6111360157237335,7.667514801025391,4437200,0.0,0.0
1995-09-25,7.695705101225111,7.695705101225111,7.582947517324377,7.6111369132995605,2280000,0.0,0.0
1995-09-26,7.597045648031395,7.597045648031395,7.540666830606301,7.568856239318848,2366800,0.0,0.0
1995-09-27,7.526567837771247,7.667514801025391,7.512473141445833,7.667514801025391,3344400,0.0,0.0
1995-09-28,7.667515885939292,7.695705282578775,7.597042394340585,7.681610584259033,3482400,0.0,0.0
1995-09-29,7.68161061971161,7.68161061971161,7.582947731018067,7.582947731018066,2851600,0.0,0.0
1995-10-02,7.5829476960208435,7.709799980898516,7.554758299381361,7.681610584259033,3718400,0.0,0.0
1995-10-03,7.6675137681651195,7.808460712432861,7.653419073738346,7.808460712432861,4387200,0.0,0.0
1995-10-04,7.780272122791835,8.005787256785801,7.766177426917213,7.893029689788818,5179600,0.0,0.0
1995-10-05,7.893032642412443,7.921222044706773,7.822559136676618,7.850748538970947,1775200,0.0,0.0
1995-10-06,7.850749143135591,7.907127952062956,7.822559738671909,7.864843845367432,1767200,0.0,0.0
1995-10-09,7.85074560216495,7.893029689788818,7.794366818666458,7.893029689788818,1206400,0.0,0.0
1995-10-10,7.79437255859375,7.808467264847988,7.737993733576797,7.79437255859375,2980000,0.0,0.0
1995-10-11,7.794370334208225,7.893033249831115,7.780275631976385,7.864843845367432,1769200,0.0,0.0
1995-10-12,7.8930309698941175,8.132640838623047,7.8930309698941175,8.132640838623047,4588800,0.0,0.0
1995-10-13,8.118547529450263,8.146736930594187,8.019884625446526,8.076263427734375,2126800,0.0,0.0
1995-10-16,8.005790014434279,8.160831722460296,8.005790014434279,8.033979415893555,3169600,0.0,0.0
1995-10-17,8.062166137695312,8.132639617919923,8.062166137695312,8.104450225830078,4562400,0.0,0.0
1995-10-18,8.231302336858596,8.231302336858596,8.146734162164844,8.189018249511719,3937600,0.0,0.0
1995-10-19,8.174926943895294,8.174926943895294,8.019885225993832,8.09035873413086,4228000,0.0,0.0
1995-10-20,8.090355432033538,8.090355432033538,7.864840298039573,7.893029689788818,4538800,0.0,0.0
1995-10-23,7.893030011611777,8.090355761902071,7.893030011611777,7.977598190307617,3990000,0.0,0.0
1995-10-24,8.00578803672447,8.019882733972223,7.794367578008154,7.822556972503662,2820800,0.0,0.0
1995-10-25,7.822560603523616,7.850750011103881,7.4138141936097695,7.427908897399902,5020400,0.0,0.0
1995-10-26,7.385619093821599,7.385619093821599,7.216482778695913,7.329240322113037,5439600,0.0,0.0
1995-10-27,7.272864161597358,7.625231611287153,7.258769463609767,7.6111369132995605,4554400,0.0,0.0
1995-10-30,7.667515552405155,7.667515552405155,7.385621598272612,7.442000389099121,4149600,0.0,0.0
1995-10-31,7.442002517642178,7.442002517642178,7.371529008952384,7.41381311416626,2528400,0.0,0.0
1995-11-01,7.427904252025568,7.540661811828613,7.399714862074807,7.540661811828613,3647600,0.0,0.0
1995-11-02,7.554756352501195,7.737987383438723,7.512472268438688,7.723892688751221,2117200,0.0,0.0
1995-11-03,7.709799799212703,7.709799799212703,7.568852819336786,7.6111369132995605,2052000,0.0,0.0
1995-11-06,7.597042215311969,7.667515705249928,7.568852819336786,7.6111369132995605,2150400,0.0,0.0
1995-11-07,7.639324676656277,7.639324676656277,7.526567116853232,7.540661811828613,2440800,0.0,0.0
1995-11-08,7.568854624395212,7.681612235186948,7.554759923046245,7.653422832489014,3183600,0.0,0.0
1995-11-09,7.695704697273873,7.822556972503662,7.667515302778364,7.822556972503662,5187600,0.0,0.0
1995-11-10,7.780272880760399,7.850746366999171,7.667515302778364,7.822556972503662,1830400,0.0,0.0
1995-11-13,7.822557052840357,7.822557052840357,7.780272960662842,7.780272960662842,2194800,0.0,0.0
1995-11-14,7.766178558251975,7.766178558251975,7.695705068612665,7.709799766540527,2841600,0.0,0.0
1995-11-15,7.709799102311645,7.709799102311645,7.582946831889698,7.6393256187438965,2591200,0.0,0.0
1995-11-16,7.639330789797129,7.808467264847988,7.611141377288653,7.79437255859375,3547600,0.0,0.0
1995-11-17,7.83665122581455,8.005787583206232,7.780272440017323,7.977598190307617,3584000,0.0,0.0
1995-11-20,7.977600055233015,7.991694754977243,7.907126556511876,7.9212212562561035,1710400,0.0,0.0
1995-11-21,7.921221426975579,8.033979027359573,7.90712672692758,7.991694927215576,2648000,0.0,0.0
1995-11-22,8.048074116623193,8.076263518082468,7.963505912245366,8.033979415893555,2013200,0.0,0.0
1995-11-24,7.991695313704641,8.06216881735283,7.991695313704641,8.033979415893555,948000,0.0,0.0
1995-11-27,8.048069751673731,8.32996361337859,8.019880365503246,8.174921989440918,5134800,0.0,0.0
1995-11-28,8.174923706054688,8.174923706054688,8.048071441650391,8.104450225830078,3375600,0.0,0.0
1995-11-29,8.11354808740799,8.170385552118377,8.0567106226976,8.141966819763184,2359600,0.145,0.0
1995-11-30,8.141966437960004,8.184594534493826,8.099338341426183,8.12775707244873,1730400,0.0,0.0
1995-12-01,8.156174659729004,8.198802750285079,8.12775593269162,8.156174659729004,2388800,0.0,0.0
1995-12-04,8.213011392336687,8.39773310185291,8.19880203006621,8.340895652770996,3038400,0.0,0.0
1995-12-05,8.326690113421568,8.383527588598508,8.24143390065616,8.269852638244629,2904400,0.0,0.0
1995-12-06,8.29827002710944,8.49720115789631,8.29827002710944,8.468782424926758,4057200,0.0,0.0
1995-12-07,8.440361003519522,8.482989089395883,8.312476745890438,8.369314193725586,3269600,0.0,0.0
1995-12-08,8.39773291764316,8.440361003519522,8.326686107849225,8.369314193725586,2271200,0.0,0.0
1995-12-11,8.369313212290203,8.369313212290203,8.26984769024261,8.298266410827637,1179200,0.0,0.0
1995-12-12,8.241428969657585,8.31247577112015,8.227219609365072,8.298266410827637,1436000,0.0,0.0
1995-12-13,8.298266955312974,8.312476316537824,8.198801426739017,8.213010787963867,1263200,0.0,0.0
1995-12-14,8.213012377421062,8.213012377421062,7.914615733950746,7.9714531898498535,2508400,0.0,0.0
1995-12-15,8.014080415453229,8.056708502769471,7.957242965698242,7.957242965698242,4133200,0.0,0.0
1995-12-18,7.957240988991478,7.957240988991478,7.75830996426669,7.815147399902344,3090000,0.0,0.0
1995-12-19,7.786730599618173,7.943033586106859,7.7583118748020485,7.886196136474609,3730800,0.0,0.0
1995-12-20,7.900405515943255,8.085127227646964,7.886196153504508,7.957242965698242,3666000,0.0,0.0
1995-12-21,8.028293071338355,8.070921176141923,7.786733810784812,7.829361915588379,2737200,0.0,0.0
1995-12-22,7.815147577411067,7.829356936642723,7.7156820627894716,7.786728858947754,3510000,0.0,0.0
1995-12-26,7.772519111633301,7.829356545722027,7.744100394588938,7.772519111633301,808400,0.0,0.0
1995-12-27,7.786727818417853,7.871983962415129,7.772518461084974,7.800937175750732,2210400,0.0,0.0
1995-12-28,7.815151967950955,7.943036272881061,7.800942600736499,7.914617538452148,2736400,0.0,0.0
1995-12-29,7.957245640095517,7.971455007309974,7.8719894368087795,7.914617538452148,1591600,0.0,0.0
1996-01-02,7.886196136474609,7.928824223698797,7.843568049250423,7.886196136474609,1892400,0.0,0.0
1996-01-03,7.928822271173651,7.999869065718218,7.815147399902344,7.815147399902344,3606800,0.0,0.0
1996-01-04,7.786733261477791,7.843570730539673,7.616220854292147,7.630430221557617,5502000,0.0,0.0
1996-01-05,7.502544112985125,7.545172204536176,7.360450474481619,7.474125385284424,8226800,0.0,0.0
1996-01-08,7.459920074434263,7.57359504699707,7.445710702863912,7.57359504699707,1634400,0.0,0.0
1996-01-09,7.602010100749351,7.602010100749351,7.488335183354968,7.525634765625,6674400,0.0,0.0
1996-01-10,7.502544973088407,7.559382435005743,7.403079414733068,7.417288780212402,6672000,0.0,0.0
1996-01-11,7.488334842863537,7.488334842863537,7.403078658694313,7.459916114807129,2596000,0.0,0.0
1996-01-12,7.474129373950634,7.573594973984197,7.388873145350436,7.516757488250732,4012800,0.0,0.0
1996-01-15,7.53096293494815,7.573591027032761,7.445706750778926,7.459916114807129,3866400,0.0,0.0
1996-01-16,7.502546310424805,7.530965046449141,7.317824526266618,7.502546310424805,8422400,0.0,0.0
1996-01-17,7.530962850638926,7.559381578377186,7.474125395162407,7.545172214508057,5702400,0.0,0.0
1996-01-18,7.6162194138007555,7.6162194138007555,7.417288309708945,7.488335132598877,3342400,0.0,0.0
1996-01-19,7.48833165900984,7.616215880890464,7.417284869076161,7.587797164916992,4556000,0.0,0.0
1996-01-22,7.530962388906906,7.673056018886282,7.516753025908969,7.616218566894531,2461600,0.0,0.0
1996-01-23,7.602011487026676,7.630430221557616,7.545174017964794,7.630430221557617,2012800,0.0,0.0
1996-01-24,7.616218566894531,7.630427929892469,7.559381114902782,7.616218566894531,2700000,0.0,0.0
1996-01-25,7.616218566894531,7.715684107880095,7.587799840898656,7.616218566894531,4171600,0.0,0.0
1996-01-26,7.616218566894531,7.6446372928904065,7.530962388906906,7.616218566894531,1996400,0.0,0.0
1996-01-29,7.630425907399532,7.786728858947754,7.55937911124125,7.786728858947754,2331200,0.0,0.0
1996-01-30,7.829355630321778,7.886193057765131,7.800936916600103,7.843564987182617,3321200,0.0,0.0
1996-01-31,7.871984991916391,7.9572411470635,7.829356914342837,7.9430317878723145,5628000,0.0,0.0
1996-02-01,7.957240988991478,7.957240988991478,7.772519323175604,7.815147399902344,9975200,0.0,0.0
1996-02-02,7.80093804099343,7.900403553355824,7.729891246448863,7.815147399902344,4112000,0.0,0.0
1996-02-05,7.786732199394681,7.914616487340944,7.744104103412593,7.857779026031494,2597600,0.0,0.0
1996-02-06,7.88619699666826,7.9856625443739855,7.871987632710298,7.900406360626221,4653600,0.0,0.0
1996-02-07,7.957245441193276,8.042501642348919,7.914617340615455,8.014082908630371,5961200,0.0,0.0
1996-02-08,8.042498497735886,8.440360614231654,8.028289136432466,8.355104446411133,5296800,0.0,0.0
1996-02-09,8.340895085107713,8.468779336838496,8.312476362500872,8.355104446411133,4092400,0.0,0.0
1996-02-12,8.383523555684373,8.426151641560734,8.326686107849225,8.369314193725586,2722000,0.0,0.0
1996-02-13,8.340897182522692,8.454572101534925,8.340897182522692,8.397734642028809,3000400,0.0,0.0
1996-02-14,8.39773617768899,8.468783015063686,8.298270605364417,8.312479972839355,3085600,0.0,0.0
1996-02-15,8.340894724871662,8.454569610389504,8.3124760034922,8.411941528320312,2256400,0.0,0.0
1996-02-16,8.411946892331484,8.411946892331484,8.255643825075325,8.326690673828125,3780000,0.0,0.0
1996-02-20,8.24143065346612,8.269849379857382,8.12775574790107,8.184593200683594,5360800,0.0,0.0
1996-02-21,8.184592488261353,8.383523555684373,8.170383126302566,8.369314193725586,3210400,0.0,0.0
1996-02-22,8.440359503481568,8.582453097816275,8.397731425181156,8.454568862915039,5047200,0.0,0.0
1996-02-23,8.48298454284668,8.554031314562314,8.411937771131045,8.48298454284668,3513200,0.0,0.0
1996-02-26,8.497199832506416,8.66771220372728,8.468781103969606,8.596665382385254,4487200,0.0,0.0
1996-02-27,8.59666633605957,8.610875701904297,8.482991409301759,8.525619506835938,3268800,0.0,0.0
1996-02-28,8.577740396544288,8.69230120317593,8.491819791570554,8.563420295715332,2328000,0.145,0.0
1996-02-29,8.534778853594247,8.563419051089529,8.420218063613115,8.448858261108398,2911600,0.0,0.0
1996-03-01,8.534782118179473,8.663663056205673,8.420221284378407,8.620702743530273,4333200,0.0,0.0
1996-03-04,8.70662441533697,8.77822494506836,8.64934399155186,8.77822494506836,2962400,0.0,0.0
1996-03-05,8.720941015109894,9.035983219268216,8.70662091492088,8.993022918701172,3048400,0.0,0.0
1996-03-06,9.021670416499791,9.050310640044234,8.892789410549794,8.921429634094238,3397200,0.0,0.0
1996-03-07,8.892784533092394,9.021665468354604,8.821184013502279,8.864144325256348,3363200,0.0,0.0
1996-03-08,8.663662109054437,8.735262622352408,8.491820877139308,8.520461082458496,4671600,0.0,0.0
1996-03-11,8.506145477294922,8.606386248912875,8.391584595445831,8.506145477294922,3638400,0.0,0.0
1996-03-12,8.391578541546806,8.46317904104806,8.133816743342297,8.434538841247559,6066800,0.0,0.0
1996-03-13,8.491820614829379,8.54910102369838,8.377259797091378,8.405900001525879,2426400,0.0,0.0
1996-03-14,8.434538841247559,8.506139340748812,8.405898641447058,8.434538841247559,2471600,0.0,0.0
1996-03-15,8.420220503935942,8.491821018425194,8.362940092344543,8.477500915527344,3344800,0.0,0.0
1996-03-18,8.520462399063236,8.778224286765989,8.520462399063236,8.692303657531738,2135200,0.0,0.0
1996-03-19,8.72094513294899,8.778225560751611,8.563423956491784,8.60638427734375,2240000,0.0,0.0
1996-03-20,8.63502449124506,8.649344598195716,8.52046363563982,8.60638427734375,2155200,0.0,0.0
1996-03-21,8.592061738710147,8.620701944505846,8.463180812629494,8.477500915527344,2416800,0.0,0.0
1996-03-22,8.534782118179473,8.635022847755407,8.52046201395434,8.620702743530273,2048800,0.0,0.0
1996-03-25,8.792544391638364,8.83550470625549,8.663663447786988,8.692303657531738,3526000,0.0,0.0
1996-03-26,8.677983116793941,8.849824366631445,8.677983116793941,8.821184158325195,2311600,0.0,0.0
1996-03-27,8.821181716432996,9.064623419646244,8.806861616243982,8.993022918701172,7557600,0.0,0.0
1996-03-28,8.964386370216042,9.093267324420427,8.935746158170623,9.03598690032959,4535600,0.0,0.0
1996-03-29,9.150548513891545,9.322389800537396,9.078947977789108,9.17918872833252,6886000,0.0,0.0
1996-04-01,9.265106448954326,9.479907989501953,9.265106448954326,9.479907989501953,3926400,0.0,0.0
1996-04-02,9.451270523766977,9.46559063062117,9.351029775787632,9.422630310058594,2405200,0.0,0.0
1996-04-03,9.393988609313965,9.408308713901333,9.336708190964488,9.393988609313965,1822000,0.0,0.0
1996-04-04,9.422630310058594,9.479910737475363,9.379669989496016,9.422630310058594,3050000,0.0,0.0
1996-04-08,9.25079415195672,9.25079415195672,9.06463265973468,9.23647403717041,5518400,0.0,0.0
1996-04-09,9.25078375808836,9.26510385678509,9.02166217894066,9.093262672424316,3462800,0.0,0.0
1996-04-10,9.093267432978896,9.093267432978896,8.692304459556205,8.735264778137207,3372000,0.0,0.0
1996-04-11,8.792545511233097,8.806865617928915,8.563423804099987,8.649344444274902,4760800,0.0,0.0
1996-04-12,8.663663012640816,8.849824366631445,8.649342908487691,8.821184158325195,5092800,0.0,0.0
1996-04-15,8.92142631585085,9.1075876996487,8.907106209404862,9.050307273864746,4693200,0.0,0.0
1996-04-16,9.050310008143297,9.050310008143297,8.821188235785238,8.835508346557617,3621200,0.0,0.0
1996-04-17,8.821180892993716,8.849821090698242,8.735260299880142,8.849821090698242,4141600,0.0,0.0
1996-04-18,8.821180892993716,8.907101486107292,8.77822059643693,8.849821090698242,2326000,0.0,0.0
1996-04-19,8.849824366631445,8.878464574937697,8.749583637559569,8.821184158325195,2258800,0.0,0.0
1996-04-22,8.878465768618462,8.950066299010546,8.849825556461628,8.935746192932129,2270000,0.0,0.0
1996-04-23,8.89278235015869,8.993023052978515,8.864142149353027,8.95006275177002,2406800,0.0,0.0
1996-04-24,8.964386405088963,8.993026617245796,8.892785874696878,8.935746192932129,1858800,0.0,0.0
1996-04-25,8.935746422296837,9.078947486756723,8.878465996512885,9.050307273864746,3059600,0.0,0.0
1996-04-26,9.050306971917706,9.150547713695275,9.03598686594948,9.13622760772705,1800400,0.0,0.0
1996-04-29,9.1075876996487,9.1075876996487,9.021667060972769,9.050307273864746,2267200,0.0,0.0
1996-04-30,9.021666083537356,9.15054702758789,9.007345978642853,9.15054702758789,1458000,0.0,0.0
1996-05-01,9.10759361386299,9.179194192588328,9.10759361386299,9.164874076843262,2012800,0.0,0.0
1996-05-02,9.107589303293535,9.121909412260978,8.86414745084701,8.878467559814453,3254400,0.0,0.0
1996-05-03,8.93574974586646,9.064630751816457,8.892789410549794,8.921429634094238,4564000,0.0,0.0
1996-05-06,8.907105203560198,8.935745413217948,8.720943840784825,8.7925443649292,2584000,0.0,0.0
1996-05-07,8.749580398732405,8.878461288402768,8.677979904471092,8.849821090698242,3818000,0.0,0.0
1996-05-08,8.821186758707297,9.107588926197794,8.706625891711099,9.064628601074219,4213600,0.0,0.0
1996-05-09,9.035987167418758,9.150548018986667,8.993026848080792,9.050307273864746,2355200,0.0,0.0
1996-05-10,9.150548095465819,9.265108947991212,9.12190788233447,9.207828521728516,2516400,0.0,0.0
1996-05-13,9.207825931703082,9.222146034240723,9.16486562409016,9.222146034240723,2582000,0.0,0.0
1996-05-14,9.250783116267277,9.322383604783278,9.222142920860877,9.308063507080078,2158400,0.0,0.0
1996-05-15,9.279426444391286,9.35102695707949,9.207825931703082,9.222146034240723,1818800,0.0,0.0
1996-05-16,9.179193578025167,9.265114266743032,9.150553348452545,9.23647403717041,3027600,0.0,0.0
1996-05-17,9.279423311673678,9.336703702486478,9.265103213970479,9.308063507080078,1872800,0.0,0.0
1996-05-20,9.293748289802389,9.393989026364201,9.293748289802389,9.365348815917969,1418000,0.0,0.0
1996-05-21,9.33670982186121,9.393990250216186,9.322389714772465,9.379670143127441,1775200,0.0,0.0
1996-05-22,9.393988050960015,9.465588569641113,9.336707636015138,9.465588569641113,2592000,0.0,0.0
1996-05-23,9.47991008114961,9.47991008114961,9.308068810796446,9.336709022521973,3066400,0.0,0.0
1996-05-24,9.3653492342475,9.393989445973027,9.265108493208153,9.336709022521973,1744000,0.0,0.0
1996-05-28,9.36534664283965,9.36534664283965,9.236465725736352,9.250785827636719,2655200,0.0,0.0
1996-05-29,9.236468734859864,9.336709480819584,9.179188308597167,9.207828521728516,1917200,0.0,0.0
1996-05-30,9.207829163879019,9.322390024393842,9.179188948750312,9.293749809265137,4456000,0.0,0.0
1996-05-31,9.279429701700783,9.336710131958196,9.236469379007724,9.293749809265137,2973200,0.0,0.0
1996-06-03,9.250786765246078,9.351027488708496,9.207826455190755,9.351027488708496,2251200,0.0,0.0
1996-06-04,9.422632098197937,9.623113632202148,9.408311988626208,9.623113632202148,4228800,0.0,0.0
1996-06-05,9.617919017650463,9.7332763671875,9.531401005497685,9.7332763671875,2955200,0.145,0.0
1996-06-06,9.747700334483572,9.762120009534582,9.646762609126492,9.675601959228516,3373200,0.0,0.0
1996-06-07,9.372787374285176,9.502564430236816,9.343948028518144,9.502564430236816,6977600,0.0,0.0
1996-06-10,9.459299932331799,9.488139261393787,9.43767043553531,9.473719596862793,1996800,0.0,0.0
1996-06-11,9.516981964573016,9.589080312789479,9.459303285999846,9.531401634216309,2626000,0.0,0.0
1996-06-12,9.545819789439708,9.67559679564055,9.545819789439708,9.603498458862305,4768000,0.0,0.0
1996-06-13,9.60350358397346,9.675601959228516,9.545824883769415,9.675601959228516,2204800,0.0,0.0
1996-06-14,9.661177128284901,9.67559679564055,9.589078791506656,9.603498458862305,1555200,0.0,0.0
1996-06-17,9.57465648651123,9.60349581327783,9.45929917944483,9.57465648651123,2302400,0.0,0.0
1996-06-18,9.516978590455773,9.560237584048755,9.459299932331799,9.473719596862793,2327600,0.0,0.0
1996-06-19,9.459300069204621,9.473719733944263,9.31510342180821,9.329523086547852,2454800,0.0,0.0
1996-06-20,9.286265932898006,9.300685600495674,9.14206925692133,9.214167594909668,3526400,0.0,0.0
1996-06-21,9.243011714917166,9.243011714917166,9.026716588983067,9.098814964294434,4143600,0.0,0.0
1996-06-24,9.156490592242404,9.37278564560246,9.156490592242404,9.243008613586426,3008400,0.0,0.0
1996-06-25,9.271852836196805,9.401629936547927,9.257433158380014,9.343951225280762,2251200,0.0,0.0
1996-06-26,9.358363931424151,9.416042599722605,9.243006594827243,9.257426261901855,1988800,0.0,0.0
1996-06-27,9.243010187441586,9.41604625959338,9.185331496724322,9.401626586914062,2594400,0.0,0.0
1996-06-28,9.430463946713262,9.589080312789479,9.401624607426676,9.531401634216309,4197200,0.0,0.0
1996-07-01,9.545817975120658,9.733273615115474,9.545817975120658,9.718853950500488,2188000,0.0,0.0
1996-07-02,9.733280539512634,9.733280539512634,9.646762490272522,9.690021514892578,1866800,0.0,0.0
1996-07-03,9.675597468366298,9.819794151948509,9.603499126575194,9.762115478515625,1824000,0.0,0.0
1996-07-05,9.574664115905762,9.617923140525818,9.459306716918945,9.459306716918945,1720000,0.0,0.0
1996-07-08,9.372786378044733,9.430465063448086,9.257429007238029,9.271848678588867,3484800,0.0,0.0
1996-07-09,9.300689332187176,9.387207372486591,9.228590965270996,9.228590965270996,3072400,0.0,0.0
1996-07-10,9.329526444184616,9.387205123901367,9.243008424609487,9.387205123901367,1881200,0.0,0.0
1996-07-11,9.387206049395571,9.387206049395571,9.113232293729649,9.271848678588867,3864400,0.0,0.0
1996-07-12,9.243005587804179,9.329523580825747,9.21416625679699,9.26463508605957,3093200,0.0,0.0
1996-07-15,9.228591678270405,9.31510972525419,9.113234282292026,9.142073631286621,2567200,0.0,0.0
1996-07-16,9.17091118328944,9.243009541648636,8.810419391493474,9.127652168273926,6756400,0.0,0.0
1996-07-17,9.22859511264535,9.343952551553416,9.142077033464298,9.30069351196289,3342000,0.0,0.0
1996-07-18,9.40162433886346,9.560240700408704,9.315106323475147,9.444883346557617,7129600,0.0,0.0
1996-07-19,9.459301216522123,9.473720883010724,9.401622550567721,9.430461883544922,4401600,0.0,0.0
1996-07-22,9.41604221705632,9.502560215987925,9.372783217590518,9.430461883544922,4303200,0.0,0.0
1996-07-23,9.45930541158627,9.531403776003847,9.430466065819237,9.502564430236816,2740800,0.0,0.0
1996-07-24,9.444884106628876,9.603500480938674,9.430464436237077,9.589080810546875,2715200,0.0,0.0
1996-07-25,9.661180613108636,9.704439630779273,9.63234126799488,9.646760940551758,2650800,0.0,0.0
1996-07-26,9.646759147415617,9.67559848716873,9.57466079803284,9.632339477539062,2096800,0.0,0.0
1996-07-29,9.61791706085205,9.675595723885646,9.589077729335253,9.61791706085205,1907200,0.0,0.0
1996-07-30,9.718856249712353,9.834213593922588,9.675597245633513,9.79095458984375,3648000,0.0,0.0
1996-07-31,9.79095547421034,9.920732498168945,9.776535804881606,9.920732498168945,3324400,0.0,0.0
1996-08-01,9.90631282884021,10.05050952212755,9.891893159511477,9.920732498168945,5290400,0.0,0.0
1996-08-02,10.007252959881798,10.295646416938911,10.007252959881798,10.209128379821777,9468000,0.0,0.0
1996-08-05,10.20912202875665,10.281220348168771,10.165863037109375,10.165863037109375,4068800,0.0,0.0
1996-08-06,10.151449688410354,10.295646416938911,10.1370300155575,10.209128379821777,4169200,0.0,0.0
1996-08-07,10.237966422122575,10.295645106190872,10.209127080088427,10.252386093139648,3346000,0.0,0.0
1996-08-08,10.237969395842061,10.353326797485352,10.237969395842061,10.353326797485352,4276400,0.0,0.0
1996-08-09,10.382166852007856,10.526363613841298,10.367747175824512,10.49752426147461,6396400,0.0,0.0
1996-08-12,10.483093897937096,10.540772543867973,10.468674236454376,10.526352882385254,7053200,0.0,0.0
1996-08-13,10.497521634272635,10.540780651996286,10.454262616548984,10.468682289123535,2966400,0.0,0.0
1996-08-14,10.439847822518184,10.526365898395406,10.411008463892443,10.454267501831055,3787200,0.0,0.0
1996-08-15,10.425421258278366,10.511939277019264,10.425421258278366,10.483099937438965,2778000,0.0,0.0
1996-08-16,10.51194428682002,10.627301700118457,10.497524610157715,10.569622993469238,3881200,0.0,0.0
1996-08-19,10.584036154360385,10.713813164427474,10.584036154360385,10.670554161071777,2698400,0.0,0.0
1996-08-20,10.64171684223841,10.785913547417792,10.64171684223841,10.656136512756348,3812000,0.0,0.0
1996-08-21,10.627297171720471,10.656136512756348,10.584038160166656,10.656136512756348,6178000,0.0,0.0
1996-08-22,10.627295819166974,10.858010518090545,10.627295819166974,10.829171180725098,2970000,0.0,0.0
1996-08-23,10.800338034010636,10.814757710958581,10.713819972322968,10.771498680114746,4301600,0.0,0.0
1996-08-26,10.77149356842041,10.829172248840333,10.713814888000488,10.814752578735352,3154000,0.0,0.0
1996-08-27,10.843592991338712,10.858012662869747,10.771494633683535,10.800333976745605,3085600,0.0,0.0
1996-08-28,10.771500711466608,10.80034007080119,10.742661352132025,10.757081031799316,4416800,0.0,0.0
1996-08-29,10.728234865346039,10.771493876899854,10.656136512756348,10.656136512756348,9281200,0.0,0.0
1996-08-30,10.22354638243912,10.237966052936212,9.762116926532135,9.819795608520508,26468800,0.0,0.0
1996-09-03,9.690021514892578,9.718860864639282,9.473726391792297,9.690021514892578,18928000,0.0,0.0
1996-09-04,9.786432263388562,9.786432263388562,9.670272829995227,9.728352546691895,10714400,0.145,0.0
1996-09-05,9.670275240409664,9.728354971583297,9.525075912475586,9.525075912475586,6977600,0.0,0.0
1996-09-06,9.539594637438855,9.742873670808937,9.52507470648385,9.713833808898926,8519600,0.0,0.0
1996-09-09,9.815468092905755,9.888067708977543,9.771908323262682,9.859027862548828,6361200,0.0,0.0
1996-09-10,9.829984390417263,9.859024226134892,9.713825047546749,9.78642463684082,4745200,0.0,0.0
1996-09-11,9.757390740721931,9.815470447511943,9.742870814024428,9.771910667419434,4179200,0.0,0.0
1996-09-12,9.800948169691397,9.859027862548828,9.771908323262682,9.859027862548828,4412000,0.0,0.0
1996-09-13,10.06231213451302,10.06231213451302,9.93163275614272,9.946152687072754,4991200,0.0,0.0
1996-09-16,9.931627071474738,10.033266529808543,9.931627071474738,10.004226684570312,3854800,0.0,0.0
1996-09-17,9.97519302368164,9.98971295530272,9.859033570713004,9.97519302368164,4850800,0.0,0.0
1996-09-18,9.960672618002787,9.989712479862854,9.902592894282654,9.946152687072754,2496800,0.0,0.0
1996-09-19,9.88807105313728,9.902590981262296,9.829991340637207,9.829991340637207,3938000,0.0,0.0
1996-09-20,9.84451149466509,9.888071280039714,9.699312210083008,9.699312210083008,7082800,0.0,0.0
1996-09-23,9.713830960629423,9.80095052081444,9.641231327141908,9.771910667419434,6540000,0.0,0.0
1996-09-24,9.786434656097777,9.844514386994499,9.684795127028512,9.757394790649414,6555200,0.0,0.0
1996-09-25,9.77191304811447,9.931632280698807,9.742873187644589,9.917112350463867,8125200,0.0,0.0
1996-09-26,9.931627071474738,10.105866142904118,9.917107148855623,10.004226684570312,9789600,0.0,0.0
1996-09-27,9.989713418363321,10.076833012128116,9.989713418363321,10.062313079833984,6377600,0.0,0.0
1996-09-30,10.062314501426203,10.120394238808172,10.062314501426203,10.091354370117188,5025200,0.0,0.0
1996-10-01,10.149432196113377,10.149432196113377,10.018752811614062,10.033272743225098,2920000,0.0,0.0
1996-10-02,10.091351507729897,10.163951158864645,10.062311647275997,10.149431228637695,4462000,0.0,0.0
1996-10-03,10.120387100459165,10.178466796875,10.120387100459165,10.178466796875,2749600,0.0,0.0
1996-10-04,10.19299054381205,10.367229698407128,10.19299054381205,10.29463005065918,3464800,0.0,0.0
1996-10-07,10.309149504713872,10.32366943359375,10.251069789194357,10.32366943359375,2131200,0.0,0.0
1996-10-08,10.294629575833993,10.381749149113265,10.280109646954115,10.32366943359375,2659200,0.0,0.0
1996-10-09,10.338188398002398,10.352708325527681,10.120389485123134,10.265588760375977,2364800,0.0,0.0
1996-10-10,10.265592355728149,10.265592355728149,10.149432894842965,10.163952827453613,1377200,0.0,0.0
1996-10-11,10.222033017080161,10.294632683394651,10.192993150554365,10.251072883605957,2300800,0.0,0.0
1996-10-14,10.265589012819177,10.367228507995605,10.25106908493683,10.367228507995605,2958400,0.0,0.0
1996-10-15,10.4253089357529,10.454348793512658,10.294629575833993,10.32366943359375,3034400,0.0,0.0
1996-10-16,10.294632683394651,10.294632683394651,10.192993150554365,10.251072883605957,2327600,0.0,0.0
1996-10-17,10.280110121109589,10.330929874533155,10.25107026201041,10.29463005065918,2232800,0.0,0.0
1996-10-18,10.323669441552088,10.439828872680664,10.280109654878872,10.439828872680664,2526000,0.0,0.0
1996-10-21,10.425305208657575,10.61406421661377,10.410785284968636,10.61406421661377,2390400,0.0,0.0
1996-10-22,10.614065150611173,10.614065150611173,10.51242567584472,10.555985450744629,2559600,0.0,0.0
1996-10-23,10.51242733001709,10.585026966274114,10.48338747551428,10.51242733001709,3214000,0.0,0.0
1996-10-24,10.541472678348937,10.599552417623586,10.497912873892949,10.526952743530273,2445600,0.0,0.0
1996-10-25,10.51242733001709,10.585026966274114,10.51242733001709,10.51242733001709,1858000,0.0,0.0
1996-10-28,10.541472678348937,10.585032482804923,10.526952743530273,10.526952743530273,3199200,0.0,0.0
1996-10-29,10.585024189304661,10.744743347167969,10.555984342420423,10.744743347167969,4595200,0.0,0.0
1996-10-30,10.715704283391336,10.948023075443182,10.715704283391336,10.933503150939941,4648000,0.0,0.0
1996-10-31,10.977065559407444,11.006105415384713,10.93350577544154,10.948025703430176,3310400,0.0,0.0
1996-11-01,10.962552151481043,10.99159202473,10.773792975362825,10.788312911987305,2667600,0.0,0.0
1996-11-04,10.773785137237711,10.875424619664482,10.773785137237711,10.860904693603516,2764000,0.0,0.0
1996-11-05,10.860906382897838,11.078705307688569,10.860906382897838,11.049665451049805,6004400,0.0,0.0
1996-11-06,11.064185379369187,11.136785020966098,11.02062559441104,11.049665451049805,3733200,0.0,0.0
1996-11-07,10.948022146993459,11.049661609896582,10.88994245390596,10.991581916809082,5466400,0.0,0.0
1996-11-08,10.918983226436701,10.933503150939941,10.831863679417259,10.933503150939941,3613200,0.0,0.0
1996-11-11,10.88994622071372,10.88994622071372,10.80282665094801,10.875426292419434,2082400,0.0,0.0
1996-11-12,10.918986310241042,10.918986310241042,10.802826881408691,10.802826881408691,3524400,0.0,0.0
1996-11-13,10.802825236923686,10.904464721679688,10.773785384136255,10.904464721679688,4545600,0.0,0.0
1996-11-14,10.860906382897838,11.078705307688569,10.846386454578456,11.049665451049805,3779200,0.0,0.0
1996-11-15,11.078708158822922,11.281987207608664,11.020628430598425,11.165827751159668,4089200,0.0,0.0
1996-11-18,11.165819239278864,11.296498528165094,11.165819239278864,11.281978607177734,2974000,0.0,0.0
1996-11-19,11.223907663364603,11.499786376953125,11.223907663364603,11.499786376953125,5015200,0.0,0.0
1996-11-20,11.499782115146703,11.688541165016536,11.485262188233639,11.644981384277344,4542800,0.0,0.0
1996-11-21,11.601423978805542,11.644983768463135,11.55786418914795,11.55786418914795,5170000,0.0,0.0
1996-11-22,11.615935270760021,11.862773895263672,11.586895432583121,11.862773895263672,3404000,0.0,0.0
1996-11-25,11.891824917827579,12.153183707230383,11.877304985082977,12.109623908996582,4559200,0.0,0.0
1996-11-26,12.138655344645182,12.225774880611535,11.964416272712477,11.978936195373535,4864800,0.0,0.0
1996-11-27,11.993456377499346,12.066055992375249,11.978936454524165,12.022496223449707,2154800,0.0,0.0
1996-11-29,12.022497897268924,12.08057759725573,12.007977972272222,12.037017822265625,1583600,0.0,0.0
1996-12-02,12.007984414297878,12.007984414297878,11.906344884793544,11.935384750366211,2044000,0.0,0.0
1996-12-03,11.906338596343994,11.978938221931458,11.61594009399414,11.61594009399414,3668800,0.0,0.0
1996-12-04,11.634645780790166,11.649262169962013,11.240003273150299,11.446459770202637,4847600,0.165,0.0
1996-12-05,11.313087256977424,11.313087256977424,11.152306947123739,11.210772514343262,3233200,0.0,0.0
1996-12-06,11.108461885537746,11.444639021547442,10.947681516141806,11.415406227111816,5075200,0.0,0.0
1996-12-09,11.444636725409968,11.576184273977898,11.415403936839317,11.50310230255127,4332800,0.0,0.0
1996-12-10,11.517717542403783,11.517717542403783,11.371553614200689,11.400786399841309,2829600,0.0,0.0
1996-12-11,11.225391958407835,11.283857541524542,11.079228000616066,11.240008354187012,4258000,0.0,0.0
1996-12-12,11.342329546388033,11.356945950442658,10.830755404476202,10.85998821258545,4306400,0.0,0.0
1996-12-13,10.830751013085544,11.035380586882033,10.71381982805898,10.918449401855469,5834000,0.0,0.0
1996-12-16,10.991530069490759,11.093844844073784,10.786900520324707,10.786900520324707,4871600,0.0,0.0
1996-12-17,10.757669884388841,11.166929064773198,10.699204287191074,11.137696266174316,5175600,0.0,0.0
1996-12-18,11.166923887701149,11.225389457793826,10.991527177423121,11.006143569946289,3616400,0.0,0.0
1996-12-19,11.283852277068318,11.532330889387179,11.283852277068318,11.517714500427246,4903200,0.0,0.0
1996-12-20,11.72234280100363,11.736959188536055,11.503096988017278,11.561562538146973,6423600,0.0,0.0
1996-12-23,11.546947278347114,11.561563667307047,11.473865333547447,11.517714500427246,2135600,0.0,0.0
1996-12-24,11.517717548540444,11.576183119852832,11.38617001308757,11.473868370056152,918400,0.0,0.0
1996-12-26,11.473864212952432,11.590795313211819,11.473864212952432,11.561562538146973,2467200,0.0,0.0
1996-12-27,11.634651567950938,11.649267964393088,11.561569585740191,11.620035171508789,1447200,0.0,0.0
1996-12-30,11.780820629652704,11.868519046250615,11.751587824120067,11.82466983795166,2798800,0.0,0.0
1996-12-31,11.810050525323813,11.810050525323813,11.430024147033691,11.430024147033691,2826000,0.0,0.0
1997-01-02,11.45924947442384,11.51771503296682,11.225387240251926,11.386167526245117,4902800,0.0,0.0
1997-01-03,11.459254256370555,11.56156902651672,11.430021464900221,11.532336235046387,2872000,0.0,0.0
1997-01-06,11.63465158003795,11.649267976495285,11.503104011921943,11.546953201293945,3716000,0.0,0.0
1997-01-07,11.517713375549702,11.561562538146973,11.415398662822739,11.561562538146973,4605200,0.0,0.0
1997-01-08,11.985441184338228,12.131605101220403,11.81004448407962,11.839277267456055,10745200,0.0,0.0
1997-01-09,11.868520514365354,12.087766582980477,11.868520514365354,11.912369728088379,4949600,0.0,0.0
1997-01-10,11.780815087565498,12.073143005371094,11.736965899894658,12.073143005371094,5528800,0.0,0.0
1997-01-13,12.131607825092672,12.204689799942628,11.853896320662841,12.029293060302734,5543600,0.0,0.0
1997-01-14,12.146227909280435,12.540870693336478,12.131611509870952,12.467788696289062,7183200,0.0,0.0
1997-01-15,12.394707533465555,12.453173135038504,12.219310728746702,12.29239273071289,6616800,0.0,0.0
1997-01-16,12.277772892156296,12.423936855158157,12.26315649585611,12.350854873657227,5207600,0.0,0.0
1997-01-17,12.365470309537999,12.46778507569257,12.336237519208122,12.423935890197754,7210800,0.0,0.0
1997-01-20,12.365471627729,12.55548478512909,12.350855231005916,12.482402801513672,4394400,0.0,0.0
1997-01-21,12.394704421175168,12.540868388406007,12.350855231005916,12.482402801513672,4275200,0.0,0.0
1997-01-22,12.453168836395717,12.877044301484304,12.409319650352069,12.818578720092773,6024000,0.0,0.0
1997-01-23,12.803960791258055,12.877042759244686,12.511632919311523,12.511632919311523,8204800,0.0,0.0
1997-01-24,12.497022483708724,12.57010448653743,12.307009276354087,12.394707679748535,7267600,0.0,0.0
1997-01-27,12.365474878617052,12.482406083142982,12.32162567691983,12.394707679748535,5878400,0.0,0.0
1997-01-28,12.526252032747145,12.643183206915145,12.175458510243141,12.26315689086914,4940400,0.0,0.0
1997-01-29,12.248540995841802,12.584718135345813,12.248540995841802,12.570101737976074,4435200,0.0,0.0
1997-01-30,12.584714700778324,12.672413061062494,12.57009830739763,12.62856388092041,5276400,0.0,0.0
1997-01-31,12.628564453125,12.833193969726562,12.599331665039061,12.643180847167969,4762000,0.0,0.0
1997-02-03,12.628564453125,12.8624267578125,12.51163330078125,12.8624267578125,4922000,0.0,0.0
1997-02-04,12.847808105777009,13.037821194940946,12.803958931354561,13.023204803466797,6627600,0.0,0.0
1997-02-05,13.023207862136859,13.096289836671858,12.89166030797386,12.90627670288086,7671200,0.0,0.0
1997-02-06,12.862429586689125,13.03782635378034,12.847813189431522,13.008593559265137,5312800,0.0,0.0
1997-02-07,13.110910538399573,13.300923734608263,13.096294138691212,13.286307334899902,5999600,0.0,0.0
1997-02-10,13.008595235098177,13.300923217909373,13.008595235098177,13.125526428222656,5070800,0.0,0.0
1997-02-11,13.154754827934694,13.25706958770752,13.154754827934694,13.25706958770752,5020800,0.0,0.0
1997-02-12,13.271686918047658,13.505549242594753,13.242454127479272,13.476316452026367,5364000,0.0,0.0
1997-02-13,13.476316427728932,13.827109913917104,13.476316427728932,13.768644332885742,5998000,0.0,0.0
1997-02-14,13.885584554493054,14.0902142216119,13.856351744904648,14.00251579284668,7969200,0.0,0.0
1997-02-18,14.046359730448739,14.338687716514269,14.031743331145462,14.309454917907715,6509600,0.0,0.0
1997-02-19,14.280224586019711,14.514087015268755,14.207142576879386,14.324073791503906,7406400,0.0,0.0
1997-02-20,14.265595234395052,14.440991897113024,14.163280514476236,14.23636245727539,10401600,0.0,0.0
1997-02-21,14.236371853247501,14.265604649660741,14.031742278354827,14.060975074768066,12503200,0.0,0.0
1997-02-24,14.0025094207014,14.309453781697986,13.97327662441601,14.280220985412598,5207200,0.0,0.0
1997-02-25,14.353301971189437,14.499465942382812,14.324069176950761,14.499465942382812,4710000,0.0,0.0
1997-02-26,14.484844207763672,14.58715894989722,14.382529465630125,14.484844207763672,9901200,0.0,0.0
1997-02-27,14.499470613440689,14.660251033549407,14.324073791503906,14.324073791503906,7435200,0.0,0.0
1997-02-28,14.324070056279501,14.382535648345948,13.914810911814373,14.031742095947266,6986800,0.0,2.0
1997-03-03,13.885582242969567,14.411772727966309,13.885582242969567,14.411772727966309,4423600,0.0,0.0
1997-03-04,14.382533245776074,14.762559530725442,14.324067663476171,14.557929992675781,6149400,0.0,0.0
1997-03-05,14.694288041856554,14.900008074442546,14.400402281019423,14.547345161437988,8088200,0.165,0.0
1997-03-06,14.5473545309036,14.635520315939381,14.459188745867822,14.576743125915527,5354800,0.0,0.0
1997-03-07,14.547347147789226,14.95878726914084,14.488569987596138,14.900010108947754,5313600,0.0,0.0
1997-03-10,14.929402344043439,15.282065391540527,14.811847994877741,15.282065391540527,4137600,0.0,0.0
1997-03-11,15.223291774824554,15.252680368984446,14.90001723906573,14.98818302154541,5620600,0.0,0.0
1997-03-12,14.988182436422523,15.046959622447709,14.664907913283997,14.753073692321777,4171600,0.0,0.0
1997-03-13,14.459178102565112,14.5767323960819,13.959572355118755,14.047738075256348,8156600,0.0,0.0
1997-03-14,14.165301219672914,14.224078403157034,13.812638118768195,13.842026710510254,7468200,0.0,0.0
1997-03-17,13.695088297633802,13.930197109610347,13.459979485657255,13.871419906616211,5895600,0.0,0.0
1997-03-18,13.871413887321175,13.900802476065499,13.518750822389281,13.57752799987793,3971400,0.0,0.0
1997-03-19,13.401197834379355,13.930192485736434,13.371809242637294,13.842026710510254,4691000,0.0,0.0
1997-03-20,13.842026907822182,14.01835846078807,13.606918170534332,13.636306762695312,4635800,0.0,0.0
1997-03-21,13.695085025291199,13.959582375565063,13.636307836341452,13.78325080871582,4726800,0.0,0.0
1997-03-24,13.724471635799137,14.488574981689453,13.724471635799137,14.488574981689453,5453000,0.0,0.0
1997-03-25,14.488574839029155,14.753072148463763,14.341631889343262,14.341631889343262,5631000,0.0,0.0
1997-03-26,14.282846662289927,14.37101238242752,14.01834950187715,14.047738075256348,4568200,0.0,0.0
1997-03-27,14.106522430354008,14.253465372336864,13.342419132043167,13.606916427612305,4789800,0.0,0.0
1997-03-31,13.548135488956898,13.695078390138644,12.87219814352087,13.048529624938965,7611200,0.0,0.0
1997-04-01,12.930979229559611,13.401196656089052,12.901590640401523,13.195476531982422,7120000,0.0,0.0
1997-04-02,13.136698722839355,13.195475898333044,12.784035669877225,13.136698722839355,4425800,0.0,0.0
1997-04-03,12.842809563284522,13.19547252612071,12.813420983048173,13.048529624938965,6276800,0.0,0.0
1997-04-04,12.695869906636693,13.195475898333044,12.695869906636693,13.136698722839355,4819000,0.0,0.0
1997-04-07,13.254250681135389,13.401193593343098,13.224862098693848,13.224862098693848,3298400,0.0,0.0
1997-04-08,13.45997626949221,13.812639403190694,13.313033297117839,13.78325080871582,3635200,0.0,0.0
1997-04-09,13.871413568221845,13.988967920494911,13.371807571061312,13.459973335266113,4041000,0.0,0.0
1997-04-10,13.430585056156307,13.753859532343876,13.430585056156307,13.57752799987793,3852200,0.0,0.0
1997-04-11,13.283638266829758,13.430581168011503,12.960363884229919,13.048529624938965,4387600,0.0,0.0
1997-04-14,12.930978925040598,13.077921867370605,12.842813159642594,13.077921867370605,3715800,0.0,0.0
1997-04-15,13.3718091994524,13.489363566040993,13.019146099686623,13.166089057922363,7336800,0.0,0.0
1997-04-16,12.93097530399357,13.107306785411664,12.784032402811825,13.048529624938965,4445800,0.0,0.0
1997-04-17,13.048533118893747,13.342418999949912,12.989755942682514,13.10731029510498,4237600,0.0,0.0
1997-04-18,13.10731029510498,13.371807588055528,13.077921706999364,13.10731029510498,3207200,0.0,0.0
1997-04-21,13.166089886736385,13.283644260725103,12.93098113875895,13.019146919250488,2821200,0.0,0.0
1997-04-22,12.989756393432618,13.371808052062988,12.960367804307204,13.371808052062988,3194400,0.0,0.0
1997-04-23,13.371805346484752,13.401193929663838,13.254251013768402,13.342416763305664,3893400,0.0,0.0
1997-04-24,13.430585230313815,13.548139586815468,13.371808052062988,13.371808052062988,3577400,0.0,0.0
1997-04-25,13.40119615912958,13.606916275607446,13.371807571061312,13.459973335266113,3031600,0.0,0.0
1997-04-28,13.45997364490063,13.900802476065499,13.430585056156307,13.57752799987793,3874800,0.0,0.0
1997-04-29,14.047744591699015,14.253464700782475,13.959578830663247,14.077133178710938,6683400,0.0,0.0
1997-04-30,14.018351608181591,14.341625963925821,13.988963030386662,14.194683074951172,4252800,0.0,0.0
1997-05-01,14.194683074951172,14.31223738613089,14.077128763771452,14.194683074951172,3551400,0.0,0.0
1997-05-02,14.2240790180951,14.841239471359556,14.2240790180951,14.753073692321777,4035200,0.0,0.0
1997-05-05,14.576743242031563,14.811852003999814,14.459188861047437,14.723686218261719,4616200,0.0,0.0
1997-05-06,14.635520100830563,14.988183235790336,14.606131506250582,14.782463073730469,4993000,0.0,0.0
1997-05-07,14.576736514173463,14.694290840900669,13.959576298855636,14.018353462219238,7229200,0.0,0.0
1997-05-08,14.018353926984569,14.488571249483003,13.930188179016113,13.930188179016113,6104200,0.0,0.0
1997-05-09,14.10652413902441,14.341632874674817,14.018358363155507,14.165301322937012,3666600,0.0,0.0
1997-05-12,14.194688939657366,14.57674060884069,14.194688939657366,14.341631889343262,2828800,0.0,0.0
1997-05-13,14.282860149036756,14.400414553555576,14.165305744517934,14.224082946777344,3182000,0.0,0.0
1997-05-14,14.488582188742502,14.66491381781442,14.371027769361223,14.400416374206543,3969600,0.0,0.0
1997-05-15,14.429787494302765,14.517953202007263,14.312233217363435,14.459176063537598,2676400,0.0,0.0
1997-05-16,14.45918027510554,14.5179574306954,14.135905919361312,14.194683074951172,3357800,0.0,0.0
1997-05-19,14.165300553974353,14.194689144335294,13.871414650364926,13.959580421447754,2691200,0.0,0.0
1997-05-20,13.636303146267137,14.135909080505371,13.636303146267137,14.135909080505371,5009000,0.0,0.0
1997-05-21,14.165298779805502,14.224075953165691,13.636304219563803,13.75385856628418,3962600,0.0,0.0
1997-05-22,13.812635739644369,13.930190086364746,13.636304219563803,13.75385856628418,2721800,0.0,0.0
1997-05-23,13.812642703622075,13.988974312604485,13.812642703622075,13.871419906616211,1524000,0.0,0.0
1997-05-27,13.753859369595158,13.84202513478487,13.548139250819164,13.606916427612305,2629600,0.0,0.0
1997-05-28,13.636305177366578,13.900802476065499,13.518750822389281,13.57752799987793,2375600,0.0,0.0
1997-05-29,13.753861131339239,13.900804092144146,13.430586617568444,13.636306762695312,2403400,0.0,0.0
1997-05-30,13.489363609605535,14.047746852704675,13.430586426121415,13.842026710510254,4319800,0.0,0.0
1997-06-02,13.959582375565063,14.01835956451481,13.665696430816325,13.78325080871582,2620400,0.0,0.0
1997-06-03,14.018356004687092,14.341630461818243,13.812635895603634,14.077133178710938,4891400,0.0,0.0
1997-06-04,14.066494036020723,14.332457158550525,14.007391119902987,14.09604549407959,3138200,0.165,0.0
1997-06-05,14.214253977725381,14.71662885843501,14.184702514154226,14.59842300415039,4967800,0.0,0.0
1997-06-06,14.598422570662065,15.130348899147727,14.568871107968416,14.95304012298584,6793200,0.0,0.0
1997-06-09,15.0121385234676,15.218998699972074,14.953035615894892,15.10079288482666,6229400,0.0,0.0
1997-06-10,15.159894320317086,15.45540882948506,15.159894320317086,15.337203025817871,6580000,0.0,0.0
1997-06-11,15.366765228967703,15.573625530126883,15.366765228967703,15.544074058532715,5122000,0.0,0.0
1997-06-12,15.780485081493406,15.869139492063594,15.632727730543094,15.721382141113281,5975000,0.0,0.0
1997-06-13,15.780486274959868,15.987346581934998,15.632728912834777,15.928243637084961,6062200,0.0,0.0
1997-06-16,15.957790708889927,16.194202423095703,15.957790708889927,16.194202423095703,3641800,0.0,0.0
1997-06-17,16.194190089602724,16.519255949065553,15.987329997217287,16.22374153137207,4544400,0.0,0.0
1997-06-18,16.164648780963518,16.312406082434848,16.016891479492188,16.016891479492188,4782400,0.0,0.0
1997-06-19,16.07599681206989,16.489717318262866,16.04644534734182,16.371511459350586,3166400,0.0,0.0
1997-06-20,16.489709522413172,16.548812423927195,16.25329791635707,16.312400817871094,3923600,0.0,0.0
1997-06-23,16.282849324329963,16.34195222568869,15.72137176142203,15.780474662780762,3659000,0.0,0.0
1997-06-24,15.928226484907732,16.17941373003151,15.780469281893746,16.14986228942871,4494600,0.0,0.0
1997-06-25,16.194197296875902,16.341954571482432,15.95778565750545,15.987337112426758,3775800,0.0,0.0
1997-06-26,15.987344441226007,16.179428986268462,15.573623882673024,15.750932693481445,3813200,0.0,0.0
1997-06-27,15.72136914044961,15.750920586202335,15.278097454158738,15.425854682922363,6394800,0.0,0.0
1997-06-30,15.366765379559496,15.780485985932252,15.248559492024423,15.263335227966309,5161800,0.0,0.0
1997-07-01,15.366757540584295,15.69182356548127,15.278103170157847,15.455411911010742,3398000,0.0,0.0
1997-07-02,15.396311166831813,15.647498585100662,15.396311166831813,15.632722854614258,3623200,0.0,0.0
1997-07-03,15.721376966027652,16.149873142733295,15.721376966027652,16.07599449157715,3208600,0.0,0.0
1997-07-07,16.04644229750779,16.06121802706351,15.839582083727766,15.913460731506348,2897200,0.0,0.0
1997-07-08,15.89867821344125,15.972556829674714,15.780472427467709,15.854351043701172,1990800,0.0,0.0
1997-07-09,15.898680863358045,15.898680863358045,15.617942074878673,15.7361478805542,4022200,0.0,0.0
1997-07-10,15.706603050231934,15.780481709922581,15.617948658603154,15.706603050231934,3961400,0.0,0.0
1997-07-11,15.691829756545305,15.810035630417586,15.662278288077234,15.750932693481445,3679600,0.0,0.0
1997-07-14,15.810030624616335,16.105545215730658,15.780479165504902,15.913460731506348,3452800,0.0,0.0
1997-07-15,15.898687692754619,15.943014888924008,15.706603176020593,15.795257568359375,2451600,0.0,0.0
1997-07-16,15.795262273966285,16.26808584063319,15.795262273966285,16.164655685424805,2792400,0.0,0.0
1997-07-17,16.164645841954595,16.164645841954595,15.928234202584145,15.987337112426758,2194400,0.0,0.0
1997-07-18,15.943009552896534,15.943009552896534,15.48496201245187,15.499737739562988,3467600,0.0,0.0
1997-07-21,15.484958399587603,15.854351491180818,15.366752610277773,15.83957576751709,3225200,0.0,0.0
1997-07-22,15.72136640068815,16.16463800973011,15.677039239783955,16.14986228942871,2575800,0.0,0.0
1997-07-23,16.149867167296232,16.26807296541002,15.957782745361328,15.957782745361328,3174800,0.0,0.0
1997-07-24,15.898688268531096,16.22375438554567,15.765706675206951,16.2089786529541,2261800,0.0,0.0
1997-07-25,16.194200241257786,16.282854622140583,15.987340019197923,16.016891479492188,1966200,0.0,0.0
1997-07-28,15.987335313969115,16.194195475148014,15.987335313969115,16.046438217163086,2212000,0.0,0.0
1997-07-29,16.06120910336342,16.474929301058154,15.943003332593497,16.460153579711914,2366600,0.0,0.0
1997-07-30,16.41584226518259,16.81478712671268,16.401066529570365,16.593151092529297,4395000,0.0,0.0
1997-07-31,16.548814781932478,16.94775942399692,16.489711871997006,16.829553604125977,4798600,0.0,0.0
1997-08-01,16.770447956308804,16.829550856595354,16.356727654302947,16.637466430664062,4199200,0.0,0.0
1997-08-04,16.622690816896153,16.829550969284192,16.563587916213855,16.696569442749023,2820600,0.0,0.0
1997-08-05,16.65225180959314,16.667027543230756,16.32718566956559,16.35673713684082,2528800,0.0,0.0
1997-08-06,16.371507930755616,16.65224678516388,16.371507930755616,16.548816680908203,3551200,0.0,0.0
1997-08-07,16.607910274373594,16.755667483220336,16.164638647833375,16.22374153137207,3496600,0.0,0.0
1997-08-08,15.839590780662768,16.016899632685114,15.47019733894955,15.603178977966309,3981400,0.0,0.0
1997-08-11,15.632726028200857,15.972567898379136,15.425865759396686,15.86913776397705,4181200,0.0,0.0
1997-08-12,15.869134542396704,16.016891847260734,15.617947124127856,15.632722854614258,3962600,0.0,0.0
1997-08-13,15.89868600336951,16.075994769206346,15.573619932668647,15.632722854614258,3203600,0.0,0.0
1997-08-14,15.854358536345778,15.928237187493709,15.63272258290199,15.765704154968262,2445800,0.0,0.0
1997-08-15,15.662270014102642,15.69182146695944,15.337204032677871,15.366755485534668,3653000,0.0,0.0
1997-08-18,15.366765379559496,15.470195531152685,15.189456548256887,15.263335227966309,4301600,0.0,0.0
1997-08-19,15.307656877208053,15.440638452396154,15.174675302019953,15.381535530090332,5061600,0.0,0.0
1997-08-20,15.337204843504816,15.603167933276577,15.322429116295273,15.55884075164795,4249200,0.0,0.0
1997-08-21,15.573619428288522,15.60317088830425,15.21900190809979,15.307656288146973,3943200,0.0,0.0
1997-08-22,15.0712443792332,15.204225947285256,14.790505513345522,15.15989875793457,3183000,0.0,0.0
1997-08-25,15.204226858913898,15.307656973600388,15.041693821549416,15.130348205566406,3031400,0.0,0.0
1997-08-26,15.071245648325133,15.21900295860283,14.938264069075204,15.056469917297363,2811400,0.0,0.0
1997-08-27,15.130343834169931,15.189446739772157,15.041689475766592,15.086016654968262,7096800,0.0,0.0
1997-08-28,15.071238793601877,15.174668863754047,14.805275756067726,14.967808723449707,5996000,0.0,0.0
1997-08-29,14.184697043446816,14.258575673881435,13.60844372605679,14.125594139099121,14526600,0.0,0.0
1997-09-02,14.00739174294979,14.022167472636445,13.726652878903328,13.889185905456543,12121400,0.0,0.0
1997-09-03,14.027078561077548,14.145952108205323,13.848768240385883,13.863627433776855,9659800,0.165,0.0
1997-09-04,13.878484601424491,13.878484601424491,13.56644158576077,13.655596733093262,8720400,0.0,0.0
1997-09-05,13.774470186757517,13.80418856903747,13.462427172818026,13.52186393737793,8210800,0.0,0.0
1997-09-08,13.596157142316091,13.715030647385522,13.566438766048735,13.685312271118164,7868200,0.0,0.0
1997-09-09,13.68532462241286,14.056804661023415,13.596169413146326,14.02708625793457,9361600,0.0,0.0
1997-09-10,14.027080482622221,14.116235655181262,13.789333355798115,13.833910942077637,5863000,0.0,0.0
1997-09-11,13.804189653138858,13.804189653138858,13.566442576227962,13.744752883911133,5163000,0.0,0.0
1997-09-12,13.908212645579193,14.056804661023415,13.68532462241286,14.02708625793457,7564200,0.0,0.0
1997-09-15,14.041937779209784,14.086515359461243,13.863627458203945,13.923064231872559,3233600,0.0,0.0
1997-09-16,14.01221658615839,14.116230919247583,14.01221658615839,14.041934967041016,8278400,0.0,0.0
1997-09-17,14.116234743961726,14.160812327363711,13.982501993755774,14.01222038269043,6379400,0.0,0.0
1997-09-18,14.012219416854485,14.116233770956269,13.908205062752701,13.982501029968262,4525000,0.0,0.0
1997-09-19,13.98248985521963,14.3539693944125,13.967630673651914,14.205377578735352,8332400,0.0,0.0
1997-09-22,14.368842167844559,14.532293319702148,14.294546189727471,14.532293319702148,4671600,0.0,0.0
1997-09-23,14.576868137924333,14.874051993947255,14.502572173918601,14.755178451538086,7395400,0.0,0.0
1997-09-24,14.755180466832138,15.349548260058006,14.740321272001491,15.096941947937012,8139600,0.0,0.0
1997-09-25,14.978069243892547,15.037506026606406,14.695744526001715,14.74032211303711,5449000,0.0,0.0
1997-09-26,14.978068342265741,15.007786731833729,14.859194783993791,14.948349952697754,5216000,0.0,0.0
1997-09-29,14.948343367266233,15.067216873168945,14.874047426077036,15.067216873168945,3857200,0.0,0.0
1997-09-30,15.067220502911193,15.067220502911193,14.710599899291992,14.710599899291992,4544400,0.0,0.0
1997-10-01,14.888911247253418,14.992925597284131,14.829474475807297,14.888911247253418,5649400,0.0,0.0
1997-10-02,14.948349032948611,15.200955328734025,14.948349032948611,15.037504196166992,3902600,0.0,0.0
1997-10-03,15.572435301553812,15.602153689533875,15.275251421753167,15.36440658569336,7109400,0.0,0.0
1997-10-06,15.43869973054299,15.55757326071079,15.423840539272014,15.453558921813965,4079800,0.0,0.0
1997-10-07,15.54271705022277,15.735886573791504,15.423843497257394,15.735886573791504,3230800,0.0,0.0
1997-10-08,15.750741849418814,15.750741849418814,15.379262088819313,15.572431564331055,3500000,0.0,0.0
1997-10-09,15.394125055653124,15.676449742967225,15.304969891238144,15.587294578552246,3934600,0.0,0.0
1997-10-10,15.408990863678186,15.498146066360992,15.260398859206843,15.349554061889648,2722400,0.0,0.0
1997-10-13,15.379265861583962,15.60215377262141,15.379265861583962,15.587294578552246,3998600,0.0,0.0
1997-10-14,15.602157540517311,15.780467912408938,15.186100006103516,15.186100006103516,5216000,0.0,0.0
1997-10-15,15.156381578587773,15.171240776213839,14.874056823692511,14.933493614196777,4511600,0.0,0.0
1997-10-16,15.200952445178016,15.230670827280028,14.978064579412944,15.052360534667969,3498200,0.0,0.0
1997-10-17,14.918629572350692,14.978066343555277,14.576868137924333,14.755178451538086,3575400,0.0,0.0
1997-10-20,14.814618091429434,14.888914069821757,14.666026134644785,14.74032211303711,2238200,0.0,0.0
1997-10-21,14.918623985691278,15.007779109111743,14.740313738850347,14.992919921875,2981400,0.0,0.0
1997-10-22,15.29010845161415,15.29010845161415,14.814614311233536,14.844332695007324,2553800,0.0,0.0
1997-10-23,14.784895858379326,14.844332625649193,14.50257121384746,14.710599899291992,3076200,0.0,0.0
1997-10-24,14.948358605265135,15.007795418804957,14.636315334181072,14.680892944335938,2535400,0.0,0.0
1997-10-27,14.621441147825958,14.740314653092835,13.640734729374216,13.715030670166016,3638000,0.0,0.0
1997-10-28,13.313837370957916,14.205388980620278,13.076090275047953,14.101374626159668,7712800,0.0,0.0
1997-10-29,14.264827798480637,14.651166884689488,14.205391015986967,14.532293319702148,6588200,0.0,0.0
1997-10-30,14.294543080859714,14.443135004777174,13.908204078674316,13.908204078674316,3614200,0.0,0.0
1997-10-31,14.264826759649294,14.383700315979706,14.11623481423628,14.22024917602539,5063400,0.0,0.0
1997-11-03,14.680879621765568,14.740316381367858,14.487710153058128,14.725457191467285,3527400,0.0,0.0
1997-11-04,14.72545630092487,14.829470623938466,14.517427654897677,14.814611434936523,3445200,0.0,0.0
1997-11-05,14.829477287107899,14.918632461178687,14.621448547609392,14.74032211303711,2445400,0.0,0.0
1997-11-06,14.576867126837008,14.695740661000817,14.4579935926732,14.621444702148438,2191000,0.0,0.0
1997-11-07,14.383702298677886,14.502575871394232,14.116236760066107,14.487716674804688,3638200,0.0,0.0
1997-11-10,14.60657548106365,14.66601220733451,14.145940852464493,14.205377578735352,3164200,0.0,0.0
1997-11-11,14.264833482645326,14.309411087278592,14.012227056390149,14.02708625793457,2456000,0.0,0.0
1997-11-12,13.908203108662967,14.175668553060332,13.819047960530511,13.878484725952148,2909000,0.0,0.0
1997-11-13,13.937925390891346,14.175672519094185,13.789333435764574,14.131094932556152,4011800,0.0,0.0
1997-11-14,14.190527006983757,14.324259722232819,13.967639148235321,14.264822959899902,2606600,0.0,0.0
1997-11-17,14.502574940097197,14.710603678992035,14.443138157555817,14.576870918273926,3482400,0.0,0.0
1997-11-18,14.621449411162697,14.636308607718757,14.264828693817265,14.324265480041504,4087400,0.0,0.0
1997-11-19,14.339114312518548,14.57686128557585,14.205381640173815,14.472846984863281,4063000,0.0,0.0
1997-11-20,14.532291441458531,14.74032015329945,14.532291441458531,14.606587409973145,3499800,0.0,0.0
1997-11-21,14.621450445280601,14.859197606992481,14.621450445280601,14.78490161895752,3820000,0.0,0.0
1997-11-24,14.75518125405341,14.75518125405341,14.517434124078731,14.532293319702148,2765800,0.0,0.0
1997-11-25,14.59172918827942,14.725461940514158,14.56201079889392,14.666025161743164,2194400,0.0,0.0
1997-11-26,14.606594106511613,14.68089010908797,14.294550895690918,14.294550895690918,3162200,0.0,0.0
1997-11-28,14.309406274563315,14.368843060750494,14.264828684922932,14.279687881469727,1193000,0.0,0.0
1997-12-01,14.324258979129208,14.591724395751953,14.220244650442584,14.591724395751953,5520200,0.0,0.0
1997-12-02,14.651165967050414,14.725461940514158,14.59172918827942,14.666025161743164,4055400,0.0,0.0
1997-12-03,14.712076730439158,14.831687110361427,14.68217413545859,14.80178451538086,3924200,0.19,0.0
1997-12-04,14.831692930127753,15.250329424123295,14.532666862988082,14.592472076416016,8394200,0.0,0.0
1997-12-05,14.413056436132212,14.667228593200933,14.36820252606126,14.592472076416016,5827800,0.0,0.0
1997-12-08,14.622367737998426,14.861588478088379,14.622367737998426,14.861588478088379,6571200,0.0,0.0
1997-12-09,14.891491350424717,15.340030246521847,14.831686164278432,15.011101722717285,6505800,0.0,0.0
1997-12-10,15.041004033155843,15.130711810689577,14.756929404299024,14.861588478088379,5192400,0.0,0.0
1997-12-11,14.816729587639022,14.981193790932695,14.532655054677225,14.921388626098633,6544000,0.0,0.0
1997-12-12,15.0709033055608,15.130708477408264,14.831682618170946,14.846633911132812,4148400,0.0,0.0
1997-12-15,14.861586159428416,15.340027564963334,14.861586159428416,15.313862800598145,4960600,0.0,0.0
1997-12-16,15.489543211887556,15.489543211887556,14.996150426180714,15.011101722717285,4194400,0.0,0.0
1997-12-17,15.070906625667089,15.070906625667089,14.816734589321513,14.861588478088379,3264600,0.0,0.0
1997-12-18,15.04099764611557,15.04099764611557,14.562556369101953,14.77187442779541,3076200,0.0,0.0
1997-12-19,14.353240902277683,14.532656413556154,14.114020220573055,14.143922805786133,8294600,0.0,0.0
1997-12-22,14.23362778822581,14.398091974854468,14.218676498532295,14.353238105773926,4238800,0.0,0.0
1997-12-23,14.413043264547984,14.5326535820961,14.33828681608041,14.353238105773926,2445600,0.0,0.0
1997-12-24,14.293438328637018,14.368194805251228,13.904704650243124,13.994412422180176,2689000,0.0,0.0
1997-12-26,14.263537952307015,14.323343142882726,14.173830166443448,14.248586654663086,1601400,0.0,0.0
1997-12-29,14.383135684792927,14.562551098740448,14.383135684792927,14.41303825378418,2276200,0.0,0.0
1997-12-30,14.517703803153728,14.697119298146358,14.398093473158639,14.682168006896973,2669200,0.0,0.0
1997-12-31,14.712074530700496,14.786831006974381,14.472853806624066,14.54761028289795,2239200,0.0,0.0
1998-01-02,14.592465671492212,14.682173452259581,14.472855297135718,14.532660484313965,2458600,0.0,0.0
1998-01-05,14.771873294650852,14.996142626047375,14.682165562092244,14.9363374710083,5986800,0.0,0.0
1998-01-06,14.771883150143266,14.78683444887823,14.622370162793638,14.74198055267334,4401200,0.0,0.0
1998-01-07,14.741982033175807,14.831689834594727,14.472858628919047,14.831689834594727,7112200,0.0,0.0
1998-01-08,14.83168091939083,14.83168091939083,14.562557676901884,14.682168006896973,8401200,0.0,0.0
1998-01-09,14.622367264860767,14.637318560632608,14.009364138215274,14.114023208618164,7178400,0.0,0.0
1998-01-12,13.874803951661733,14.173829898895821,13.456167625534007,13.889755249023438,9723600,0.0,0.0
1998-01-13,14.353245467236276,14.398099359321389,13.725290978044688,13.889755249023438,10567600,0.0,0.0
1998-01-14,14.11402272050942,14.54761028289795,14.084120129999866,14.54761028289795,7424000,0.0,0.0
1998-01-15,14.442954340992252,14.502759534950812,14.233636162137293,14.383149147033691,4104800,0.0,0.0
1998-01-16,14.487802569524197,14.81673100763517,14.383143521034341,14.697120666503906,5543800,0.0,0.0
1998-01-20,14.89148986588663,15.070905406439481,14.607415260011283,15.02605152130127,4815600,0.0,0.0
1998-01-21,14.996145635170125,14.996145635170125,14.442947840054178,14.5625581741333,5137400,0.0,0.0
1998-01-22,14.353241765686356,14.487803407239666,14.263534004650815,14.278485298156738,5013000,0.0,0.0
1998-01-23,14.278491588177625,14.42800458910095,13.874806485684646,14.158881187438965,6323600,0.0,0.0
1998-01-26,14.173828676811553,14.398098117900345,14.11402349252121,14.26353645324707,3923000,0.0,0.0
1998-01-27,14.323346461081991,14.682177687664423,14.29344385886679,14.652275085449219,3900800,0.0,0.0
1998-01-28,14.682167500966338,14.831680408308154,14.398092977016887,14.457898139953613,4564400,0.0,0.0
1998-01-29,14.442947840054178,14.816730134051438,14.368191381254725,14.5625581741333,5465800,0.0,0.0
1998-01-30,14.68216953596143,14.712072121574387,14.323338508605957,14.323338508605957,3394000,0.0,0.0
1998-02-02,14.652266788579682,14.81673100763517,14.637315495938275,14.697120666503906,3927400,0.0,0.0
1998-02-03,14.63731169581294,14.95128875976807,14.607409118293404,14.9363374710083,3951000,0.0,0.0
1998-02-04,14.951291126906575,15.115755329302548,14.712070468876071,15.055950164794922,5295800,0.0,0.0
1998-02-05,15.31013493270649,15.31013493270649,15.070914074382951,15.205475807189941,5197600,0.0,0.0
1998-02-06,15.26526734730087,15.639049603601087,15.26526734730087,15.504487991333008,6654200,0.0,0.0
1998-02-09,15.534393824846507,15.609150291761072,15.325075717485726,15.414783477783203,3631000,0.0,0.0
1998-02-10,15.474589195066285,15.564296958515945,15.310124962075243,15.399832725524902,3339800,0.0,0.0
1998-02-11,15.549347334247043,15.624103811815539,15.459639561164849,15.564298629760742,3842800,0.0,0.0
1998-02-12,15.519446509225029,15.698862075805664,15.235371862139022,15.594202995300293,3837400,0.0,0.0
1998-02-13,15.534392028786352,15.54934332044062,15.265268779009494,15.384879112243652,4530400,0.0,0.0
1998-02-17,15.54934348543562,15.594197360874375,15.310122816428917,15.459635734558105,3571600,0.0,0.0
1998-02-18,15.44468051402265,15.579242106109971,15.414777938003244,15.489534378051758,2977000,0.0,0.0
1998-02-19,15.54934511822942,15.579247704995245,15.369929597634465,15.414783477783203,2958800,0.0,0.0
1998-02-20,15.489542152192247,15.564298629760742,15.399834379110052,15.564298629760742,4577600,0.0,0.0
1998-02-23,15.773621898286299,16.207209609234454,15.624108894511075,16.102550506591797,7243600,0.0,0.0
1998-02-24,16.027792677367476,16.132451771342822,15.833425788556115,15.878279685974121,5528200,0.0,0.0
1998-02-25,16.027777891626375,16.476316452026367,15.96797275023971,16.476316452026367,5734600,0.0,0.0
1998-02-26,16.356713169682635,16.491274795393004,16.177297668735477,16.386615753173828,4410800,0.0,0.0
1998-02-27,16.356713169682635,16.446420920156214,16.20720025222667,16.386615753173828,2931400,0.0,0.0
1998-03-02,16.386620513663804,16.446425698020242,16.26701014495093,16.28196144104004,3524200,0.0,0.0
1998-03-03,16.267012041909847,16.491281509399414,16.162352957081385,16.491281509399414,4350400,0.0,0.0
1998-03-04,16.59772065451782,16.68792565807498,16.492481483701127,16.612754821777344,5310200,0.19,0.0
1998-03-05,16.372207067289406,16.462412064905322,16.251933737134845,16.327104568481445,3918800,0.0,0.0
1998-03-06,16.357173978365385,16.657857323555927,16.357173978365385,16.612754821777344,3825000,0.0,0.0
1998-03-09,16.387241179559098,16.717992836394238,16.387241179559098,16.52254867553711,3169200,0.0,0.0
1998-03-10,16.58269162216391,16.83827254471766,16.552623278334057,16.823238372802734,3444400,0.0,0.0
1998-03-11,16.838265042801787,16.943504199319296,16.793162547151425,16.88336753845215,4315600,0.0,0.0
1998-03-12,16.85330168180313,16.9284725189209,16.687925840144047,16.9284725189209,3450000,0.0,0.0
1998-03-13,16.958549478835852,16.97358365390574,16.567660927018714,16.642831802368164,2884000,0.0,0.0
1998-03-16,16.642820189076087,16.80819599944631,16.612751859917864,16.778127670288086,4961000,0.0,0.0
1998-03-17,16.83826808067842,16.988609759970192,16.64282389759912,16.973575592041016,5537400,0.0,0.0
1998-03-18,17.00363993854221,17.13894741815926,16.838264130121374,17.10887908935547,4808600,0.0,0.0
1998-03-19,17.16901222933357,17.544866262375024,17.138943906690255,17.424592971801758,4482400,0.0,0.0
1998-03-20,17.54486787612902,17.74031199128727,17.409560411788693,17.695209503173828,6142600,0.0,0.0
1998-03-23,17.680180040724736,17.815487541036404,17.514804207010474,17.665145874023438,5335000,0.0,0.0
1998-03-24,17.725283048615346,18.0710688926511,17.71024888148336,17.90569305419922,3918600,0.0,0.0
1998-03-25,17.950804173336092,18.056043393782787,17.31936885065593,17.620052337646484,6807800,0.0,0.0
1998-03-26,17.43963050842285,17.665142971893836,17.289288866108862,17.43963050842285,2806600,0.0,0.0
1998-03-27,17.665150014607676,17.665150014607676,17.289295758977726,17.33439826965332,2998200,0.0,0.0
1998-03-30,17.424596541795243,17.55990402141229,16.95853744533653,17.10887908935547,3655200,0.0,0.0
1998-03-31,17.28928581505835,17.635071531359518,17.259217491901726,17.54486656188965,4690800,0.0,0.0
1998-04-01,17.544869051224147,17.605005706069818,17.334390759264302,17.5899715423584,4663200,0.0,0.0
1998-04-02,17.55990467674197,17.695212161408644,17.454665522001218,17.60500717163086,3748600,0.0,0.0
1998-04-03,17.710247172115217,17.920725491647993,17.589973846667913,17.770383834838867,3725200,0.0,0.0
1998-04-06,18.01093405663373,18.34168576718961,18.01093405663373,18.101139068603516,6373000,0.0,0.0
1998-04-07,18.19134082493944,18.401819148533782,17.920725837461003,18.146238327026367,5487600,0.0,0.0
1998-04-08,18.10113664749094,18.116170814141682,17.755350814523922,17.8605899810791,5259600,0.0,0.0
1998-04-09,18.010923873764124,18.431880358292837,17.89065059247021,18.386777877807617,3977600,0.0,0.0
1998-04-13,20.446475125098413,20.446475125098413,19.198638775551967,19.39408302307129,25322600,0.0,0.0
1998-04-14,19.48427376289486,19.589512895873458,19.303863820645834,19.424137115478516,9358000,0.0,0.0
1998-04-15,19.21367095009906,19.45421769125836,19.13850009348678,19.33394432067871,7070000,0.0,0.0
1998-04-16,19.273798656310547,19.28883282062904,18.672432083570747,18.732568740844727,6466000,0.0,0.0
1998-04-17,18.73256928493784,19.003184250530843,18.507056813610337,18.973115921020508,6510200,0.0,0.0
1998-04-20,19.00319052965213,19.033258869097782,18.687472965472782,18.762643814086914,3751400,0.0,0.0
1998-04-21,18.582223743587345,18.717531198030944,18.431882127538906,18.52208709716797,5615800,0.0,0.0
1998-04-22,18.582230252065475,18.928016090089347,18.582230252065475,18.88291358947754,4261200,0.0,0.0
1998-04-23,18.822784110038512,18.822784110038512,18.64237403869629,18.64237403869629,4174600,0.0,0.0
1998-04-24,18.702504488377787,18.792709493948742,18.281547795713337,18.40182113647461,4659000,0.0,0.0
1998-04-27,17.920728726149015,18.010933736515536,17.364464495555463,17.469703674316406,7694000,0.0,0.0
1998-04-28,17.77038267680577,17.890655994415283,17.55990437098912,17.680177688598633,4682800,0.0,0.0
1998-04-29,17.800448786697583,17.875619600830596,17.650107158431556,17.755346298217773,5939400,0.0,0.0
1998-04-30,18.10113187212693,18.70249837950656,18.071063546757948,18.28154182434082,5827400,0.0,0.0
1998-05-01,18.401818693970604,18.807741165161133,18.356716197171657,18.807741165161133,4747000,0.0,0.0
1998-05-04,18.88290697568423,18.988146106918137,18.52208709716797,18.52208709716797,3328200,0.0,0.0
1998-05-05,18.401815125816746,18.401815125816746,17.995892733335495,18.28154182434082,4089200,0.0,0.0
1998-05-06,18.251484510562022,18.35672371284698,17.770391014402232,17.785425186157227,3926200,0.0,0.0
1998-05-07,17.800449975710713,17.845552467203223,17.57493751824816,17.650108337402344,3394400,0.0,0.0
1998-05-08,17.620043878691423,18.056034725519112,17.620043878691423,17.90569305419922,4398600,0.0,0.0
1998-05-11,18.040995245376884,18.11616605889929,17.439628737197655,17.695209503173828,3777000,0.0,0.0
1998-05-12,17.755346122847232,18.507054256752703,17.680175309456686,18.476985931396484,5085200,0.0,0.0
1998-05-13,18.461957427928155,18.58223076622085,18.131205747623255,18.221410751342773,4875400,0.0,0.0
1998-05-14,18.28155214924458,18.4469280321736,18.086107923964825,18.191347122192383,3393200,0.0,0.0
1998-05-15,18.176312729046863,18.176312729046863,17.920731822186816,18.071073532104492,5199400,0.0,0.0
1998-05-18,18.146230540667982,18.236435497788122,17.980854785947727,18.08609390258789,3839200,0.0,0.0
1998-05-19,18.461954149787807,18.461954149787807,18.101134198977622,18.266510009765625,4173000,0.0,0.0
1998-05-20,18.431895622130362,18.71754490175555,18.371758931682955,18.64237403869629,4611400,0.0,0.0
1998-05-21,18.67242871321641,18.762633682845475,18.52208709716797,18.52208709716797,3580600,0.0,0.0
1998-05-22,18.582231845437367,18.582231845437367,18.401821827520497,18.507061004638672,2467800,0.0,0.0
1998-05-26,18.582226119017953,18.687465263704947,18.296577012010395,18.31161117553711,3571000,0.0,0.0
1998-05-27,17.950786466907683,18.191333019228054,17.680171595547264,18.08609390258789,4800600,0.0,0.0
1998-05-28,18.25147349897184,18.341678475078783,18.13120019749591,18.28154182434082,2749200,0.0,0.0
1998-05-29,18.431888965581425,18.476991467128528,18.161273956298828,18.161273956298828,3615600,0.0,0.0
1998-06-01,18.07106648045457,18.26651062708178,18.025963985079056,18.116168975830078,3215400,0.0,0.0
1998-06-02,18.32664728758246,18.32664728758246,18.07106648045457,18.116168975830078,3180800,0.0,0.0
1998-06-03,18.11738251160896,18.162713743914903,17.890726350079238,18.02672004699707,4259400,0.19,0.0
1998-06-04,17.996492271992697,18.26847956073818,17.890719437480566,18.223148345947266,6191800,0.0,0.0
1998-06-05,18.344037161412345,18.449810028076172,18.238264294748518,18.449810028076172,4852000,0.0,0.0
1998-06-08,18.449815893752373,18.721803351645526,18.449815893752373,18.661361694335938,5295600,0.0,0.0
1998-06-09,18.616028866525422,18.752022583894522,18.510255975238348,18.7218017578125,3112600,0.0,0.0
1998-06-10,18.616019304701574,18.888006599737796,18.600908899421782,18.872896194458008,4770400,0.0,0.0
1998-06-11,18.903117005017588,19.205325110613394,18.827564978618636,18.872896194458008,5103000,0.0,0.0
1998-06-12,18.812463515013167,18.842684339936884,18.434703203466718,18.676469802856445,3679600,0.0,0.0
1998-06-15,18.495135634692748,18.54046684948366,18.223148345947266,18.223148345947266,3940200,0.0,0.0
1998-06-16,18.283587721057405,18.374250139508927,17.830275628799782,18.0871524810791,4866600,0.0,0.0
1998-06-17,18.238258325620848,18.57068722633639,18.16270630273095,18.313810348510742,4503800,0.0,0.0
1998-06-18,18.374248844068877,18.58579447220783,18.298696834019253,18.510242462158203,3713200,0.0,0.0
1998-06-19,18.525360949221355,18.555581766430524,18.404477680384673,18.419588088989258,5515200,0.0,0.0
1998-06-22,18.37426241166364,18.434704064333587,18.1929374536538,18.20804786682129,2557000,0.0,0.0
1998-06-23,18.208038017502595,18.374252472434154,18.056933967564817,18.072044372558594,3746600,0.0,0.0
1998-06-24,18.041829115344633,18.857791236139114,17.951166657478577,18.736907958984375,7482600,0.0,0.0
1998-06-25,18.67645568108135,19.069326108029664,18.616014076935453,18.706676483154297,5216800,0.0,0.0
1998-06-26,18.691581877015476,19.114673463560695,18.67647146321029,18.903127670288086,3713000,0.0,0.0
1998-06-29,19.00888711176101,19.280874367732153,18.963555902432486,18.978666305541992,3684400,0.0,0.0
1998-06-30,18.97867584850308,18.993786259210488,18.495142705866062,18.54047393798828,8362400,0.0,0.0
1998-07-01,18.616022749744978,19.386653561625653,18.616022749744978,19.32621192932129,6369600,0.0,0.0
1998-07-02,19.26577102087189,20.006181044419122,19.23555020358425,19.885297775268555,6895600,0.0,0.0
1998-07-06,19.824852895701085,20.232833862304688,19.703969646337054,20.232833862304688,3276400,0.0,0.0
1998-07-07,20.263056872506525,20.459492174029705,20.036400755364394,20.36882972717285,4127600,0.0,0.0
1998-07-08,20.353713705621917,21.033681869506836,20.353713705621917,21.033681869506836,5710200,0.0,0.0
1998-07-09,20.91279720705609,20.973238817481107,20.610589154931002,20.791913986206055,5615800,0.0,0.0
1998-07-10,20.73148390793886,21.094133772217674,20.519938153776216,21.079023361206055,4948000,0.0,0.0
1998-07-13,20.9581298512974,21.38122115327024,20.76169460395287,21.033681869506836,5579000,0.0,0.0
1998-07-14,21.063902583118864,21.275448233164532,21.048792179544172,21.260337829589844,3697000,0.0,0.0
1998-07-15,21.169674051362417,21.18478445396867,20.791913986206055,20.791913986206055,3854000,0.0,0.0
1998-07-16,20.79192796594956,20.867480029779323,20.444388472332673,20.550161361694336,3506000,0.0,0.0
1998-07-17,20.550145678586286,20.716360092163086,20.45948327118076,20.716360092163086,5604600,0.0,0.0
1998-07-20,20.746585998196824,21.018573287321036,20.368825874413197,20.444377899169922,3122200,0.0,0.0
1998-07-21,20.45949870411098,20.45949870411098,19.855082198819666,19.97596549987793,3777000,0.0,0.0
1998-07-22,19.91552245296649,20.504828504306165,19.90041204139368,20.24795150756836,5019400,0.0,0.0
1998-07-23,20.429277321313972,20.550160619073225,20.06662742803621,20.142179489135742,2927000,0.0,0.0
1998-07-24,20.157285130857336,20.293278808651724,19.522647967816848,19.885297775268555,3394600,0.0,0.0
1998-07-27,19.643536180552868,19.900413192144715,19.386659168961025,19.8399715423584,3762200,0.0,0.0
1998-07-28,19.779520666095575,19.79463107149366,19.09955242318167,19.311098098754883,4632800,0.0,0.0
1998-07-29,19.431984497430758,19.537757352393445,18.978672261876383,19.190217971801758,4615800,0.0,0.0
1998-07-30,19.280879341512232,19.764412365750783,19.20532730647496,19.673749923706055,4762600,0.0,0.0
1998-07-31,19.61330505897259,19.703967486055667,19.11466171001566,19.28087615966797,3290200,0.0,0.0
1998-08-03,19.431991580171175,19.447101993530563,19.00890000610835,19.0693416595459,3455200,0.0,0.0
1998-08-04,19.250653517873662,19.250653517873662,17.93604845032656,18.0871524810791,6106800,0.0,0.0
1998-08-05,18.192935974667826,18.73691080447517,17.815175676190503,18.555585861206055,7173000,0.0,0.0
1998-08-06,18.46492349155062,18.857794204136805,18.253377723234983,18.842683792114258,3536800,0.0,0.0
1998-08-07,18.85779440166145,18.918236050384724,18.147605029162982,18.25337791442871,4832400,0.0,0.0
1998-08-10,18.253370502694423,18.253370502694423,17.860499945517223,17.8756103515625,3947000,0.0,0.0
1998-08-11,17.43741517750548,17.452525589271083,16.57612170686613,17.180538177490234,10445600,0.0,0.0
1998-08-12,17.528068154767915,17.76983461207506,17.422295329696038,17.54317855834961,4804600,0.0,0.0
1998-08-13,17.46763538714605,17.69429155566438,17.19564798492405,17.422304153442383,4266000,0.0,0.0
1998-08-14,17.528068413168697,17.69428285501771,16.80276903055482,16.938762664794922,4546400,0.0,0.0
1998-08-17,16.878324379990186,17.694286346435547,16.817882752846085,17.694286346435547,5783800,0.0,0.0
1998-08-18,17.709395376019323,18.162707544347462,17.64895375357557,18.11737632751465,5315400,0.0,0.0
1998-08-19,18.328921496356944,18.328921496356944,17.49784921086673,17.618732452392578,4004800,0.0,0.0
1998-08-20,17.58851338936026,17.58851338936026,17.22586362875489,17.256084442138672,3772400,0.0,0.0
1998-08-21,17.195639889187284,17.195639889187284,16.319236450195312,16.999204635620117,8577200,0.0,0.0
1998-08-24,17.225868028603482,17.34675131301473,16.863218175369724,17.01432228088379,3859000,0.0,0.0
1998-08-25,17.346741958213062,17.57339799425243,16.999202702952697,17.07475471496582,4335400,0.0,0.0
1998-08-26,16.68189272553482,16.984100927084363,16.561009444915,16.742334365844727,4840000,0.0,0.0
1998-08-27,16.1379112133613,16.198352828392615,15.065072546555447,15.71481990814209,13330000,0.0,0.0
1998-08-28,15.835701623914712,16.15302007248552,14.989519094392552,15.065071105957031,8726600,0.0,0.0
1998-08-31,15.110403558482295,15.548605261678281,13.780688045335852,13.901571273803711,9941800,0.0,0.0
1998-09-01,14.022458178285419,14.128231030923349,13.312269024859326,13.871354103088379,16489800,0.0,0.0
1998-09-02,14.05511008729326,14.846090308656084,14.024687771086997,14.29848861694336,9219200,0.19,0.0
1998-09-03,14.298485022965476,14.298485022965476,13.385815766180446,13.933417320251465,8337000,0.0,0.0
1998-09-04,13.933415973628009,14.055105196105108,12.594834526379904,13.142436027526855,12121200,0.0,0.0
1998-09-08,14.481016430933831,14.496227582646997,13.21849083874107,13.766092300415039,14515400,0.0,0.0
1998-09-09,13.750880334543629,13.750880334543629,12.655677476040154,13.081589698791504,10812400,0.0,0.0
1998-09-10,12.108079413326443,12.35145789399632,11.651744762070422,12.260190963745117,23530200,0.0,0.0
1998-09-11,12.199345958342246,13.294549086771973,11.743011321496525,13.264126777648926,14861200,0.0,0.0
1998-09-14,13.492288471313945,14.039889807241005,13.446655026653357,13.872567176818848,8740800,0.0,0.0
1998-09-15,13.690030692827584,13.857353290184365,13.203274045971492,13.82693099975586,12169800,0.0,0.0
1998-09-16,13.994262460934914,14.465808261249025,13.887784376993018,14.359330177307129,10177000,0.0,0.0
1998-09-17,14.115951146834934,14.115951146834934,13.53792728521885,13.644405364990234,9114600,0.0,0.0
1998-09-18,13.644406677971423,13.674828989405027,12.838215424980916,12.959904670715332,12478800,0.0,0.0
1998-09-21,12.686099186701034,12.914266438260405,12.16892008316646,12.64046573638916,11156600,0.0,0.0
1998-09-22,12.899057582572654,13.188069485955769,12.80779066571483,13.142436027526855,9698200,0.0,0.0
1998-09-23,13.20328523351791,14.29848861694336,13.188074075414779,14.29848861694336,11151600,0.0,0.0
1998-09-24,14.298488485402075,14.298488485402075,13.051173532420192,13.233707427978516,18577600,0.0,0.0
1998-09-25,13.142437274639423,13.781305753267727,12.868636498084435,13.644405364990234,14544600,0.0,0.0
1998-09-28,13.948625748416028,14.298482228474445,13.720458478812711,13.887781143188477,10497000,0.0,0.0
1998-09-29,14.146372866979197,14.26806209594246,13.446659800440441,13.52271556854248,9948200,0.0,0.0
1998-09-30,13.522711280350373,13.522711280350373,12.899054179681796,13.020743370056152,13292000,0.0,0.0
1998-10-01,12.655681214871034,13.26412742712445,12.655681214871034,13.06638240814209,15308600,0.0,0.0
1998-10-02,13.14243617149812,13.61398191376252,12.686101582209991,13.401025772094727,14547400,0.0,0.0
1998-10-05,13.355387731240345,13.355387731240345,12.503563456810438,12.655674934387207,10529600,0.0,0.0
1998-10-06,13.02074472090234,13.233700826150741,12.42750985628179,12.564410209655762,11078800,0.0,0.0
1998-10-07,12.594828506995892,12.686095380234994,11.575681755825935,11.910326957702637,18039200,0.0,0.0
1998-10-08,11.682165804077457,12.168922712580683,10.708651987071,12.077655792236328,24167600,0.0,0.0
1998-10-09,12.01680643652542,13.142431343237927,11.834272667869337,13.112009048461914,18508400,0.0,0.0
1998-10-12,13.568347244714138,13.629191851192678,12.716522754014596,12.853423118591309,14975800,0.0,0.0
1998-10-13,12.868638128145822,13.279339345001539,12.777371191066774,13.127227783203125,11395000,0.0,0.0
1998-10-14,11.925540621475994,12.01680751398729,11.408361563911985,11.697373390197754,40283600,0.0,0.0
1998-10-15,11.3171067237854,12.533999919891357,11.04330575466156,11.925553321838379,48148400,0.0,0.0
1998-10-16,12.047233485454877,12.244978479534312,11.74301041764036,12.077655792236328,39531400,0.0,0.0
1998-10-19,12.168923055590184,12.94469190038406,12.168923055590184,12.868636131286621,23010400,0.0,0.0
1998-10-20,13.385815742688301,14.055106529822716,13.248915354410807,13.644405364990234,24908800,0.0,0.0
1998-10-21,13.629191594611079,13.629191594611079,13.17285705461294,13.248912811279297,13971800,0.0,0.0
1998-10-22,13.157646739508966,13.963837811409514,13.157646739508966,13.902993202209473,10719200,0.0,0.0
1998-10-23,13.659619227515327,13.902997743818494,13.492296497556898,13.690041542053223,8770200,0.0,0.0
1998-10-26,13.690044074658525,14.024689596483512,13.537932473828986,13.78131103515625,8040400,0.0,0.0
1998-10-27,13.781307498936306,13.842152123655671,13.081594314663601,13.127227783203125,17178000,0.0,0.0
1998-10-28,13.02074708699637,13.583559753139905,12.838213249328197,13.355392456054688,13177400,0.0,0.0
1998-10-29,13.38581402400912,14.161582791309648,13.248913653309026,13.902993202209473,12551400,0.0,0.0
1998-10-30,13.872567782194718,14.222424206526382,13.872567782194718,13.994256973266602,11175400,0.0,0.0
1998-11-02,13.979049822204132,14.374539806292606,13.979049822204132,14.237639427185059,9293600,0.0,0.0
1998-11-03,14.024679784877325,14.268058175938103,13.963835187112132,14.146368980407715,7538000,0.0,0.0
1998-11-04,14.328907735599493,14.724397758025807,14.252851962055972,14.693975448608398,11643800,0.0,0.0
1998-11-05,14.481021121203662,15.332845893039172,14.374543024724224,15.272001266479492,12135600,0.0,0.0
1998-11-06,15.2111540327559,15.576221729542041,15.13509826259212,15.195942878723145,9517800,0.0,0.0
1998-11-09,14.998197767689916,15.089464691225555,14.541863150011725,14.633130073547363,8317200,0.0,0.0
1998-11-10,14.496226491616573,14.663549147868181,14.404959588206605,14.435381889343262,7488600,0.0,0.0
1998-11-11,14.481013105626692,14.52664655028728,13.75087799105728,13.872567176818848,10671800,0.0,0.0
1998-11-12,13.629192540463844,13.918204435853145,13.385814102241277,13.568347930908203,12370800,0.0,0.0
1998-11-13,13.674826803564388,14.237639475123768,13.629193343708224,14.222428321838379,8507200,0.0,0.0
1998-11-16,14.404959274635155,14.64833767843047,14.313692373211913,14.54185962677002,9232400,0.0,0.0
1998-11-17,14.557072886714229,15.21115244170766,14.435383667180568,14.785240173339844,11365600,0.0,0.0
1998-11-18,14.785236016098334,14.998192090404277,14.61791338628652,14.906925201416016,7997200,0.0,0.0
1998-11-19,14.891718579790918,15.08946356603942,14.709184746330765,14.982985496520996,9472400,0.0,0.0
1998-11-20,14.99819180892173,15.348048210144043,14.99819180892173,15.348048210144043,13137800,0.0,0.0
1998-11-23,15.515374085818591,15.941286315625375,15.500162934754062,15.865230560302734,10028400,0.0,0.0
1998-11-24,15.667485868919321,15.986920046829328,15.637063566261226,15.773963928222656,10687200,0.0,0.0
1998-11-25,15.713122152222025,16.093401003921493,15.697910998154047,16.078189849853516,6174400,0.0,0.0
1998-11-27,16.062984250626474,16.21509584390892,16.017350772641738,16.123828887939453,2666600,0.0,0.0
1998-11-30,15.880441711367263,16.0629755241416,15.667485596463871,15.865230560302734,11097400,0.0,0.0
1998-12-01,15.77396089497034,16.017339269434686,15.728327449758275,15.834805488586426,10513400,0.0,0.0
1998-12-02,15.807234596450323,16.082942176620968,15.700014981939516,15.945088386535645,10856000,0.225,0.0
1998-12-03,15.88383352971507,15.88383352971507,15.25583239691052,15.286466598510742,10778000,0.0,0.0
1998-12-04,15.409000440999664,15.89914757232371,15.317097853876405,15.837879180908203,8411600,0.0,0.0
1998-12-07,15.79192079910504,15.807237890083803,15.546847343444824,15.546847343444824,7704400,0.0,0.0
1998-12-08,15.531526985946968,15.562161161461656,14.964794738925233,15.010746002197266,9748600,0.0,0.0
1998-12-09,15.072021986205678,15.255827132378919,14.765680075916945,14.903533935546875,8942200,0.0,0.0
1998-12-10,14.918846521417466,14.918846521417466,14.551236340191574,14.643138885498047,8031200,0.0,0.0
1998-12-11,14.214251767298219,14.55122756350572,14.061080950840264,14.428690910339355,8870400,0.0,0.0
1998-12-14,14.107040928631294,14.321480204419391,13.770064923821426,13.81601619720459,10867800,0.0,0.0
1998-12-15,13.92323620522831,14.030455845972641,13.570943099925502,13.999821662902832,10245000,0.0,0.0
1998-12-16,13.969197881301778,13.984514984241802,13.479050587221014,13.693490028381348,10095600,0.0,0.0
1998-12-17,14.152985513457619,14.857571372352695,14.030448842345432,14.765668869018555,12054000,0.0,0.0
1998-12-18,14.826949888140843,14.872901179116486,14.398071172368175,14.520607948303223,11271800,0.0,0.0
1998-12-21,14.520606132483705,15.026070270006871,14.474654847254325,14.842265129089355,9647200,0.0,0.0
1998-12-22,14.857577513457585,14.949480054777942,14.673772430816873,14.71972370147705,6754800,0.0,0.0
1998-12-23,14.765677588603218,15.194556190761817,14.765677588603218,15.087336540222168,9892000,0.0,0.0
1998-12-24,15.117971980932987,15.286460017194653,15.026069415699352,15.163923263549805,2468200,0.0,0.0
1998-12-28,15.225185993515735,15.2405030820404,14.82694169187448,14.918844223022461,5588600,0.0,0.0
1998-12-29,14.84226610621468,15.041388355317663,14.658460953196542,14.949485778808594,7480600,0.0,0.0
1998-12-30,14.888209380639722,15.194551137443009,14.857575204959394,15.117965698242188,7954000,0.0,0.0
1998-12-31,14.949483796117708,14.949483796117708,14.643141915049721,14.735044479370117,6894200,0.0,0.0
1999-01-04,14.64314490704497,15.225194600002824,14.581876518312564,14.826950073242188,12488200,0.0,0.0
1999-01-05,14.673774606469452,15.056701918746839,14.673774606469452,15.026067733764648,9597400,0.0,0.0
1999-01-06,15.194549649433025,16.021672311801357,15.17923256309287,15.776598930358887,15861400,0.0,0.0
1999-01-07,15.684704917321923,16.61904769071708,15.623436538738634,16.55777931213379,14381600,0.0,0.0
1999-01-08,16.84879357522891,17.13981819152832,16.664988554408232,17.13981819152832,13912000,0.0,0.0
1999-01-11,17.13981819152832,17.38489155262256,16.92537900057086,17.13981819152832,12484200,0.0,0.0
1999-01-12,17.032612591341877,17.04792968899596,16.236123513329485,16.404611587524414,10338600,0.0,0.0
1999-01-13,14.964802079806468,16.297389368386984,14.964802079806468,16.036998748779297,15175000,0.0,0.0
1999-01-14,15.960410797119142,16.021679168701173,14.99543394470215,15.317092895507812,13558800,0.0,0.0
1999-01-15,15.439626392759635,15.868504903669626,15.439626392759635,15.822553634643555,12151600,0.0,0.0
1999-01-19,15.822557669132948,15.822557669132948,15.148605551570654,15.684703826904297,12794800,0.0,0.0
1999-01-20,15.531536210667003,16.38929363453027,15.20987717671828,16.174854278564453,14628800,0.0,0.0
1999-01-21,16.220802794886,16.3739737372362,16.05231475830078,16.05231475830078,11339800,0.0,0.0
1999-01-22,15.807234596450323,16.052308001046452,15.715332069726774,15.945088386535645,8695200,0.0,0.0
1999-01-25,15.914455918758962,16.006358455344674,15.71533375615659,15.853187561035156,8721400,0.0,0.0
1999-01-26,15.868514607111003,15.945100102319067,15.577489725320357,15.91446590423584,9792400,0.0,0.0
1999-01-27,15.929778423347704,15.929778423347704,15.20987497536949,15.225192070007324,8554800,0.0,0.0
1999-01-28,15.592800410496706,15.960410636284447,15.531532039532083,15.899142265319824,8992400,0.0,0.0
1999-01-29,16.036994843171023,16.465873406312177,15.745970103896667,16.3892879486084,8192200,0.0,0.0
1999-02-01,16.328022989733466,16.34334008447055,15.745973389724204,15.991046905517578,6599200,0.0,0.0
1999-02-02,15.929774617913909,15.945091708892672,15.286456796805847,15.546847343444824,7502800,0.0,0.0
1999-02-03,15.500899742907427,15.929778391920674,15.225192039970338,15.56216812133789,8303600,0.0,0.0
1999-02-04,15.684702981358528,15.684702981358528,14.949482529107348,14.995433807373047,9178200,0.0,0.0
1999-02-05,15.102655344048646,15.24050919607343,14.780996355990814,14.888216018676758,6986800,0.0,0.0
1999-02-08,14.94948018391927,15.026065635681153,14.70440673828125,14.70440673828125,6210000,0.0,0.0
1999-02-09,14.765675612573345,15.255822520874533,14.59718761284481,14.643138885498047,10849400,0.0,0.0
1999-02-10,14.826947705499057,15.17924088445203,14.735045137076542,15.102655410766602,6456000,0.0,0.0
1999-02-11,15.163928051196807,15.91446590423584,15.133293853113582,15.91446590423584,8263200,0.0,0.0
1999-02-12,15.745965828715452,15.883819615153621,15.255819032490846,15.408989906311035,7982400,0.0,0.0
1999-02-16,15.868513376615956,15.92978176803146,15.5162201259768,15.837879180908203,7313600,0.0,0.0
1999-02-17,15.65406878146133,16.3586550475545,15.562166225014394,15.899142265319824,13875600,0.0,0.0
1999-02-18,15.868507790226507,16.236118009305113,15.715336865610421,16.15953254699707,7618600,0.0,0.0
1999-02-19,16.098271092735196,16.190173686984874,15.837880409027775,15.91446590423584,7850600,0.0,0.0
1999-02-22,15.82255433400472,16.31270122528076,15.807237243652343,16.082944869995117,8089200,0.0,0.0
1999-02-23,16.174855122713147,16.52714836875709,16.052318341480472,16.404611587524414,9215600,0.0,0.0
1999-02-24,16.4199234560671,16.573094383828916,15.654068817257999,15.66938591003418,8000400,0.0,0.0
1999-02-25,15.623439810953933,15.837879180908203,15.439634636707417,15.837879180908203,8528800,0.0,0.0
1999-02-26,15.929775548323489,16.113580650804145,15.577482435235567,16.00636100769043,6959200,0.0,0.0
1999-03-01,16.006360963333485,16.542459177416426,15.929775504178778,16.46587371826172,10167600,0.0,0.0
1999-03-02,16.634365345719115,16.741585011851743,16.49651148926288,16.603731155395508,10114400,0.0,0.0
1999-03-03,16.575973007315596,16.745587614832314,16.360099870476137,16.591392517089844,10944600,0.225,0.0
1999-03-04,16.421787918738598,16.653080706326467,16.175075611978208,16.344690322875977,10430000,0.0,0.0
1999-03-05,16.868938272964282,17.053972330803013,16.52970916692661,16.992294311523438,11775200,0.0,0.0
1999-03-08,16.992296502349575,16.992296502349575,16.6530673525749,16.807262420654297,5971800,0.0,0.0
1999-03-09,16.838101580473875,17.377784323437783,16.807262566590225,17.331525802612305,12253600,0.0,0.0
1999-03-10,17.51656509612824,17.670760211411057,17.36236998084542,17.639921188354492,11234400,0.0,0.0
1999-03-11,17.763270333486787,18.256694509416974,17.62449478400642,17.794109344482422,11938400,0.0,0.0
1999-03-12,17.809529758242174,17.97914432736829,17.732432226821214,17.824949264526367,8587000,0.0,0.0
1999-03-15,17.763276284427967,18.256700625662077,17.763276284427967,18.195022583007812,7550400,0.0,0.0
1999-03-16,18.210441737595,18.241280758319125,17.840373488905517,17.855792999267578,7017200,0.0,0.0
1999-03-17,17.701600092475548,17.76327814157825,17.346951310135008,17.439468383789062,5153600,0.0,0.0
1999-03-18,17.393210223239052,18.241283416748047,17.331532172802035,18.241283416748047,8032800,0.0,0.0
1999-03-19,18.34921871865546,18.380057741712026,17.59366265376965,17.639921188354492,9070800,0.0,0.0
1999-03-22,17.70159312281115,17.902046703470162,17.593656579379378,17.886627197265625,4538000,0.0,0.0
1999-03-23,17.794111507526342,17.794111507526342,16.915199587310568,17.023136138916016,6254400,0.0,0.0
1999-03-24,17.13107206362103,17.26984762489249,16.6530673525749,16.807262420654297,4667600,0.0,0.0
1999-03-25,16.976880100843946,17.454884899323655,16.976880100843946,17.239011764526367,5264800,0.0,0.0
1999-03-26,17.20817274526961,17.501143428208792,17.08481666824259,17.239011764526367,5374800,0.0,0.0
1999-03-29,17.45488048894184,17.747851097855175,17.331524443083595,17.60907554626465,4372400,0.0,0.0
1999-03-30,17.485720587448334,17.85578874802925,17.36236453392136,17.516559600830078,5247600,0.0,0.0
1999-03-31,17.67075384359444,17.794109891368226,17.254427182357922,17.424041748046875,6479400,0.0,0.0
1999-04-01,17.393204315848973,17.408623823221177,16.976877616799396,17.023136138916016,5340400,0.0,0.0
1999-04-05,17.269857516463514,17.686184438735403,17.177340422625317,17.670764923095703,5102000,0.0,0.0
1999-04-06,17.547405962028023,17.562825475175675,17.177337646484375,17.177337646484375,5772800,0.0,0.0
1999-04-07,17.50114863049494,18.056251142122974,17.331533974164152,18.009992599487305,9485400,0.0,0.0
1999-04-08,18.133354352591233,18.48800328975926,17.886642048474346,18.472583770751953,9638000,0.0,0.0
1999-04-09,18.410892585946733,18.426312093975163,18.040824393264387,18.349214553833008,6298000,0.0,0.0
1999-04-12,18.225862941741944,18.503414154052734,18.13334587097168,18.503414154052734,7974400,0.0,0.0
1999-04-13,18.302951065685754,18.3954680887642,18.00998049260401,18.14875602722168,7363000,0.0,0.0
1999-04-14,18.28754580548196,18.410901932331758,17.778701782226562,17.778701782226562,6958000,0.0,0.0
1999-04-15,17.794122319755918,17.96373700391304,17.578249085374132,17.74786376953125,5685600,0.0,0.0
1999-04-16,17.717021829461398,18.009992599487305,17.454890087859273,18.009992599487305,6461800,0.0,0.0
1999-04-19,18.349214646874405,18.780960873859684,17.60907825775678,17.701595306396484,15291400,0.0,0.0
1999-04-20,17.732438358781284,18.164184684038567,17.639921289083297,18.102506637573242,8795000,0.0,0.0
1999-04-21,17.886638250774084,18.195028565442602,17.655345514772694,18.071672439575195,6591200,0.0,0.0
1999-04-22,18.0408272598729,18.41089551135747,17.994568728437326,18.318378448486328,6097600,0.0,0.0
1999-04-23,18.225861494605606,18.47257366373732,18.009988346615355,18.25670051574707,4582000,0.0,0.0
1999-04-26,18.210433105627697,18.241272111733757,17.763267517089844,17.763267517089844,4904800,0.0,0.0
1999-04-27,17.963727736633096,18.426313000237382,17.85579117512543,18.380054473876953,6478800,0.0,0.0
1999-04-28,18.42630659177874,18.53424311574732,18.164175033569336,18.164175033569336,6539400,0.0,0.0
1999-04-29,18.3183828837251,18.50341705426778,17.763280372097068,18.009992599487305,8288600,0.0,0.0
1999-04-30,17.948303149360758,18.102498193599253,17.54739603434067,17.655332565307617,6892400,0.0,0.0
1999-05-03,17.56281845663993,17.963725638266478,17.531979442668657,17.91746711730957,5164800,0.0,0.0
1999-05-04,17.97914551376979,17.97914551376979,17.30068719249546,17.377784729003906,6678400,0.0,0.0
1999-05-05,17.43946826783571,17.747858511298762,16.853526805255907,17.50114631652832,8095800,0.0,0.0
1999-05-06,17.269844219838973,17.39320024998068,16.85351761811071,17.146488189697266,6730000,0.0,0.0
1999-05-07,16.946037640041776,17.47030086093479,16.946037640041776,17.34694480895996,5759000,0.0,0.0
1999-05-10,17.33152332961236,17.346942834354007,16.976874720554456,17.053972244262695,6041200,0.0,0.0
1999-05-11,17.254428749499112,17.254428749499112,16.86894106519395,17.023136138916016,8753400,0.0,0.0
1999-05-12,16.89978917093303,17.208179484271223,16.483462247926468,16.976886749267578,8369000,0.0,0.0
1999-05-13,17.23901472420528,17.56282448199447,17.13107813827555,17.439468383789062,9413600,0.0,0.0
1999-05-14,17.161909458087376,17.177328963440555,16.69932429749203,16.915197372436523,7546200,0.0,0.0
1999-05-17,16.77642182425792,17.069392425968307,16.529709738607067,16.915197372436523,6300200,0.0,0.0
1999-05-18,16.930621304354826,17.192752963894016,16.4217774946611,16.838104248046875,6595400,0.0,0.0
1999-05-19,16.838101955097073,17.084814071655273,16.776423925957523,17.084814071655273,5036800,0.0,0.0
1999-05-20,17.069402300621853,17.14649987198871,16.683914443787575,16.791851043701172,4734200,0.0,0.0
1999-05-21,16.730166586380076,16.77642511150371,16.437195927263744,16.637649536132812,6499400,0.0,0.0
1999-05-24,16.39093476250058,16.39093476250058,15.912930079868861,16.190481185913086,9043200,0.0,0.0
1999-05-25,15.912931153498798,16.159643264405755,15.326989890094772,15.481184959411621,10687600,0.0,0.0
1999-05-26,15.542866360057484,16.283002853393555,15.17279811338945,16.283002853393555,9871200,0.0,0.0
1999-05-27,15.7895791015625,15.928354699134827,15.419510841369629,15.419510841369629,8243000,0.0,0.0
1999-05-28,16.03628694838372,16.03628694838372,15.650799281355264,15.959189414978027,7445000,0.0,0.0
1999-06-01,16.005457714464537,16.005457714464537,15.450355134772126,15.63538932800293,6425400,0.0,0.0
1999-06-02,15.622955410848022,15.762723401601134,15.374478982842486,15.716134071350098,8412400,0.225,0.0
1999-06-03,15.902495596452868,16.026733843300157,15.62295954104647,15.980144500732422,5360600,0.0,0.0
1999-06-04,15.98014317771603,16.15097075298802,15.654017806742234,16.119911193847656,7212800,0.0,0.0
1999-06-07,16.11990802692917,16.64792042858196,16.011199591294773,16.461563110351562,6254200,0.0,0.0
1999-06-08,16.47709744711058,16.55474635119687,16.275210296486225,16.38391876220703,4334400,0.0,0.0
1999-06-09,16.57027154598596,16.80321819377395,16.213086686044367,16.461563110351562,6594800,0.0,0.0
1999-06-10,16.290737600569685,16.46156516358805,15.964612252989166,16.446035385131836,5439400,0.0,0.0
1999-06-11,16.44603909045666,16.86534320324451,16.414979526546453,16.655691146850586,8572600,0.0,0.0
1999-06-14,16.756637714527272,16.818756853413376,16.337333527046052,16.352863311767578,5902200,0.0,0.0
1999-06-15,16.585804570020073,16.787691704299345,16.508155672220354,16.72557258605957,8446800,0.0,0.0
1999-06-16,17.129343215873956,17.33123030726685,17.051694334569,17.31570053100586,7039600,0.0,0.0
1999-06-17,17.238052597444646,17.874773459152063,17.191463266100204,17.828184127807617,7059000,0.0,0.0
1999-06-18,17.89030559322377,17.983484268188477,17.735007801615925,17.983484268188477,9097600,0.0,0.0
1999-06-21,17.967954191625275,18.169841317373873,17.579709719031815,17.81265640258789,5489000,0.0,0.0
1999-06-22,17.79712457357799,18.1232498929891,17.73500546511873,17.828184127807617,5226000,0.0,0.0
1999-06-23,17.766065869529864,17.766065869529864,17.19146408878458,17.533119201660156,6954400,0.0,0.0
1999-06-24,17.610767903535262,17.610767903535262,16.865338574285094,17.144874572753906,6141600,0.0,0.0
1999-06-25,16.958515993866996,17.486528396606445,16.958515993866996,17.486528396606445,8708400,0.0,0.0
1999-06-28,17.641831164593462,17.99901612655266,17.61077160268397,17.766069412231445,7932800,0.0,0.0
1999-06-29,17.781597571830225,18.169842060298134,17.76606779229151,18.138782501220703,7119000,0.0,0.0
1999-06-30,18.138776071846028,18.60466929286947,17.92135923536842,18.2164249420166,12285600,0.0,0.0
1999-07-01,18.21643355868807,18.604678093186962,18.045605963508557,18.511499404907227,6992400,0.0,0.0
1999-07-02,18.635739727644836,18.71338864317669,18.371733414836534,18.4959716796875,8431400,0.0,0.0
1999-07-06,18.418323012239327,18.884216511705752,18.40279322892378,18.666799545288086,8380600,0.0,0.0
1999-07-07,18.635732795518074,18.651262572847674,18.49596479955169,18.620203018188477,6854400,0.0,0.0
1999-07-08,18.44937287137358,18.915266125701194,18.418313321085073,18.69784927368164,8351600,0.0,0.0
1999-07-09,18.697856781466697,18.744446125606565,18.35620159110767,18.511499404907227,6685200,0.0,0.0
1999-07-12,18.573612500674763,18.635731606028187,18.495963618982977,18.542552947998047,6057400,0.0,0.0
1999-07-13,18.38725897056586,18.449378088709665,18.23196117520635,18.340669631958008,7082600,0.0,0.0
1999-07-14,18.418323971513765,18.52703246038442,18.340675050891868,18.371734619140625,6695200,0.0,0.0
1999-07-15,18.480439397580454,18.635737207644155,18.464909616574083,18.558088302612305,6052200,0.0,0.0
1999-07-16,18.55808262003968,18.822088816308028,18.527023067537524,18.75996971130371,7494800,0.0,0.0
1999-07-19,18.884207545100033,18.977386200750196,18.34066538714074,18.38725471496582,9732600,0.0,0.0
1999-07-20,18.340666772596514,18.495964543744662,17.812654350692803,17.828184127807617,9896000,0.0,0.0
1999-07-21,17.82819786106175,17.843727650139332,17.191476508880974,17.222536087036133,9828600,0.0,0.0
1999-07-22,17.28464552389609,17.54865178975973,17.222526402516408,17.238056182861328,9206400,0.0,0.0
1999-07-23,17.222524340686903,17.33123279008709,16.942988327943564,17.05169677734375,5711000,0.0,0.0
1999-07-26,17.02063637155449,17.641827480005386,17.00510659384322,17.34676170349121,6679800,0.0,0.0
1999-07-27,17.45547103881836,17.579709266852653,17.393351924801213,17.45547103881836,6592600,0.0,0.0
1999-07-28,17.45547162464687,17.548650298799785,17.331233392442975,17.393352508544922,5441200,0.0,0.0
1999-07-29,17.14487411247965,17.253582553410226,16.8963976760669,16.98957633972168,8083400,0.0,0.0
1999-07-30,16.989577180248197,17.0051069582923,16.492624282836914,16.492624282836914,7049400,0.0,0.0
1999-08-02,16.710047028198822,16.710047028198822,16.259683307178594,16.290742874145508,7311400,0.0,0.0
1999-08-03,16.3062710826586,16.352860428609056,15.778258495220133,16.05779457092285,6962800,0.0,0.0
1999-08-04,16.0888487133584,16.399444248365317,15.700604294599751,15.716134071350098,5471800,0.0,0.0
1999-08-05,15.778259527115596,15.778259527115596,15.374485169138227,15.654021263122559,11291200,0.0,0.0
1999-08-06,15.560834872747408,15.560834872747408,14.877524758574868,14.939643859863281,9283800,0.0,0.0
1999-08-09,14.97070606664284,15.250242072036587,14.95517628856541,15.063884735107422,9859400,0.0,0.0
1999-08-10,15.126002802393744,15.188121910411787,14.799877485299012,14.970705032348633,8717800,0.0,0.0
1999-08-11,15.094946119951366,15.529779958797702,15.094946119951366,15.273538589477539,8431200,0.0,0.0
1999-08-12,15.483188743198042,15.576367411662623,15.063884735107422,15.063884735107422,7456800,0.0,0.0
1999-08-13,15.28129785296211,15.700601757464119,15.28129785296211,15.576363563537598,8043600,0.0,0.0
1999-08-16,15.343425849914551,15.545313032150268,15.296836500167846,15.529783248901367,5972400,0.0,0.0
1999-08-17,15.964615879021945,16.05779457092285,15.8093180591871,16.05779457092285,6854400,0.0,0.0
1999-08-18,16.011194331435867,16.399438616873205,15.840366845843437,16.21308135986328,6388400,0.0,0.0
1999-08-19,16.05779451340553,16.182032768828396,15.902496694126945,15.964615821838379,5186600,0.0,0.0
1999-08-20,15.980134788600878,16.24414090269827,15.918015702930905,16.21308135986328,5311800,0.0,0.0
1999-08-23,16.30626463554275,16.570270824880108,16.290734859699374,16.53921127319336,6007400,0.0,0.0
1999-08-24,16.383914689037287,16.787688889904558,16.228616919472955,16.61686134338379,8093400,0.0,0.0
1999-08-25,16.399448099118324,16.601335244277923,15.918024906814662,16.43050765991211,9466200,0.0,0.0
1999-08-26,16.616866602589706,16.616866602589706,15.855907290882326,15.871437072753906,7752400,0.0,0.0
1999-08-27,15.871431638680251,16.073318733888513,15.793782755907843,15.840372085571289,6045600,0.0,0.0
1999-08-30,15.809312439361793,15.809312439361793,14.924115180969238,14.924115180969238,10505600,0.0,0.0
1999-08-31,15.048363840284427,15.343429797937063,14.675648946407414,15.03283405303955,10834400,0.0,0.0
1999-09-01,15.114185949104332,15.145478259557963,14.910785931155722,14.973370552062988,7179400,0.225,0.0
1999-09-02,14.89514284487124,14.910789003321733,14.503988883608864,14.785619735717773,9011400,0.0,0.0
1999-09-03,15.583570306255682,15.786970320293156,15.28629336266245,15.59921646118164,10408800,0.0,0.0
1999-09-07,15.458394028008534,15.474040175810163,14.957717298356437,15.19240951538086,8775200,0.0,0.0
1999-09-08,14.89514004355983,15.06724775414718,14.769970799496301,14.863847732543945,11886000,0.0,0.0
1999-09-09,14.863845985684193,14.863845985684193,14.378815221940814,14.503984451293945,11668400,0.0,0.0
1999-09-10,14.62915651162633,15.004664272352567,14.597864198232477,14.8482027053833,9529800,0.0,0.0
1999-09-13,14.801257917974164,14.926427118126165,14.676088717822163,14.816904067993164,7449400,0.0,0.0
1999-09-14,14.676095276807262,14.691741433818782,14.018956682323354,14.144125938415527,14288400,0.0,0.0
1999-09-15,14.363169135274113,14.363169135274113,13.893784523010254,13.893784523010254,8825000,0.0,0.0
1999-09-16,14.01895898547103,14.065897464217027,13.752974272577049,13.940728187561035,9674800,0.0,0.0
1999-09-17,14.237998674701712,14.237998674701712,14.003306388854982,14.00330638885498,10656400,0.0,0.0
1999-09-20,14.01895001487262,14.144119211433983,13.9250731174516,13.97201156616211,5922000,0.0,0.0
1999-09-21,13.76861844117614,13.799910755815176,13.424402980146736,13.612156867980957,10265400,0.0,0.0
1999-09-22,13.612158409902984,13.706035364454038,13.330527546249817,13.393112182617188,11911400,0.0,0.0
1999-09-23,13.455690678187779,14.003305996486118,13.408752222333636,13.690382957458496,11339600,0.0,0.0
1999-09-24,13.768605731782458,14.59785130426481,13.752959588905432,14.457036018371582,12569600,0.0,0.0
1999-09-27,14.613503698539095,14.613503698539095,13.846842369600747,13.97201156616211,8487000,0.0,0.0
1999-09-28,13.893779984030266,14.128472213490236,13.8781338353996,14.050241470336914,8044200,0.0,0.0
1999-09-29,14.050249272927468,14.065895430246988,13.596510710661438,13.612156867980957,6073600,0.0,0.0
1999-09-30,13.73732811299505,14.269297538783013,13.612158836339058,13.940728187561035,9606200,0.0,0.0
1999-10-01,13.909438861696062,14.018962002339338,13.612161765664311,13.846854209899902,5720000,0.0,0.0
1999-10-04,13.862487209128918,14.37881009615065,13.862487209128918,14.363163948059082,5265000,0.0,0.0
1999-10-05,14.378805303986454,14.879481876051269,14.206697732339173,14.457036018371582,11751800,0.0,0.0
1999-10-06,14.503990346459066,14.76997506694429,14.503990346459066,14.738682746887207,8391800,0.0,0.0
1999-10-07,14.738684308305466,14.86385360179426,14.144130164233696,14.191068649291992,7940000,0.0,0.0
1999-10-08,13.784257273588862,14.191057147724287,13.784257273588862,14.018949508666992,9461200,0.0,0.0
1999-10-11,14.050250993865191,14.08154331233705,13.54957389831543,13.54957389831543,6239200,0.0,0.0
1999-10-12,13.580860115683342,13.690383181132402,13.29922937595719,13.40875244140625,8813400,0.0,0.0
1999-10-13,13.34617356794426,13.486988998321165,12.798558005367417,12.986311912536621,8805200,0.0,0.0
1999-10-14,12.861139388645398,13.064539403307673,12.62644706403508,12.76726245880127,10040000,0.0,0.0
1999-10-15,12.360456778381584,12.70467203043778,12.031887674146125,12.063179969787598,13124000,0.0,0.0
1999-10-18,12.266584745120884,12.469984747272122,12.17270782105108,12.407400131225586,17087800,0.0,0.0
1999-10-19,13.142773637147707,13.674743046270352,13.017604364412968,13.393112182617188,21410000,0.0,0.0
1999-10-20,13.596510008761758,13.768617730391654,13.533925382714523,13.6747407913208,9162200,0.0,0.0
1999-10-21,13.565220591964982,13.925082268568437,13.518282112408011,13.752974510192871,8736400,0.0,0.0
1999-10-22,13.925084570620921,14.895146641832715,13.925084570620921,14.707392692565918,11626800,0.0,0.0
1999-10-25,14.644801839738445,14.707386462985191,14.300586411881344,14.5822172164917,10529000,0.0,0.0
1999-10-26,14.550927582277744,14.723035327874578,14.472696788824639,14.59786605834961,10647200,0.0,0.0
1999-10-27,14.613517499628916,15.28630256652832,14.535286677896426,15.28630256652832,11185000,0.0,0.0
1999-10-28,15.896492525935173,16.05295406654477,15.583569444715977,16.02166175842285,18323000,0.0,0.0
1999-10-29,16.225064378473853,16.444110570661543,15.89649509019232,16.131187438964844,16623400,0.0,0.0
1999-11-01,16.14683047608833,16.31893816527144,16.00601509402942,16.240707397460938,8036400,0.0,0.0
1999-11-02,16.256351441260904,16.45975141117081,16.06859762288253,16.084243774414062,7819600,0.0,0.0
1999-11-03,16.209413554933334,16.209413554933334,15.755675144611843,15.771321296691895,9753400,0.0,0.0
1999-11-04,15.990370844292826,16.146832398542266,15.896493911743162,15.896493911743164,10273600,0.0,0.0
1999-11-05,16.397170331590342,16.741385739314566,16.272001092417895,16.287647247314453,9963600,0.0,0.0
1999-11-08,16.3815253702077,16.772679271120012,16.334586902098224,16.522340774536133,7111000,0.0,0.0
1999-11-09,16.600571616537295,16.63186392872681,15.86520228008371,16.006017684936523,8868000,0.0,0.0
1999-11-10,15.833907909691334,16.22506176121533,15.724384831264615,16.02166175842285,8971600,0.0,0.0
1999-11-11,16.02165972997272,16.02165972997272,15.646152080051483,15.771321296691895,6346800,0.0,0.0
1999-11-12,15.896502301208956,16.725748976370447,15.896502301208956,16.647518157958984,9961600,0.0,0.0
1999-11-15,16.537989551123555,16.631866502217918,16.41282028299774,16.459758758544922,8334400,0.0,0.0
1999-11-16,16.53798841547083,16.897850036621094,16.491049943146884,16.897850036621094,10852600,0.0,0.0
1999-11-17,16.74138345852704,16.803968069586954,16.5536296253473,16.66315269470215,7027000,0.0,0.0
1999-11-18,16.647511804992792,16.757034908973008,16.334588650763607,16.365880966186523,9271600,0.0,0.0
1999-11-19,16.381525918297942,16.55363364045771,16.225064352698155,16.303295135498047,5920200,0.0,0.0
1999-11-22,16.115536077477124,16.193766835134777,15.974720713693342,16.084243774414062,9306200,0.0,0.0
1999-11-23,15.927789674785561,15.990374310049946,15.567928022015359,15.677451133728027,7634000,0.0,0.0
1999-11-24,15.333226720492044,15.411457469065983,14.957719127337137,15.020303726196289,12368600,0.0,0.0
1999-11-26,15.004669465309332,15.364531193882966,14.973377141085539,15.145484924316406,4666600,0.0,0.0
1999-11-29,15.051601742808304,15.067247898466109,14.097186247682204,14.253647804260254,15969000,0.0,0.0
1999-11-30,14.394466569982379,14.895143668068723,14.378820410667181,14.672185897827148,14985400,0.0,0.0
1999-12-01,14.423628704079285,14.897051965701143,14.423628704079285,14.612998008728027,9380200,0.25,0.0
1999-12-02,14.486760750578142,14.691910957285677,14.01333719663768,14.234268188476562,12395600,0.0,0.0
1999-12-03,14.4867655200979,14.707696584674556,14.423642358790284,14.502546310424805,14423800,0.0,0.0
1999-12-06,14.171136650374082,14.360505959733203,13.76083648009599,13.973876953125,13820000,0.0,0.0
1999-12-07,13.83974941458021,13.871310986791338,13.192737184252058,13.255860328674316,20245200,0.0,0.0
1999-12-08,12.656185037257787,13.019142962266427,12.656185037257787,12.798212051391602,20637800,0.0,0.0
1999-12-09,12.86133670806885,12.956021395490215,12.372132489725125,12.861336708068848,19260000,0.0,0.0
1999-12-10,13.129614627722539,13.760846100209198,13.129614627722539,13.539915084838867,16073000,0.0,0.0
1999-12-13,13.382096491853574,13.413658040183417,13.129604105214828,13.291357040405273,10728400,0.0,0.0
1999-12-14,13.129612855048517,13.192735993774711,12.782435592054446,12.908681869506836,11878400,0.0,0.0
1999-12-15,12.892896413361857,13.00336186610792,12.545719276159947,12.790321350097656,14480400,0.0,0.0
1999-12-16,12.608841533827158,12.735087756944326,12.32478753181353,12.671964645385742,16354800,0.0,0.0
1999-12-17,12.624625181540464,12.735090651878943,12.214324863140398,12.309009552001953,25242400,0.0,0.0
1999-12-20,12.356351103633642,12.52993968874216,12.10385861620307,12.11963939666748,12407000,0.0,0.0
1999-12-21,12.07229215382623,12.89289240480527,12.024949831654364,12.451030731201172,15986200,0.0,0.0
1999-12-22,12.49837834073096,12.656186148063423,12.230105068265777,12.245885848999023,12196200,0.0,0.0
1999-12-23,12.419476459599748,12.498380376115628,12.403695676296572,12.466818809509277,10530000,0.0,0.0
1999-12-27,12.561504578103825,12.782435563145853,12.372135162353516,12.372135162353516,10829000,0.0,0.0
1999-12-28,12.387907634972015,12.545715375544907,12.372126860914726,12.451030731201172,7265400,0.0,0.0
1999-12-29,12.498380560623971,12.687749963057668,12.419476642943264,12.59306526184082,8115200,0.0,0.0
1999-12-30,12.624623478561384,12.845554389436208,12.561500361168576,12.798212051391602,6736200,0.0,0.0
1999-12-31,12.766649312723619,12.861333980061495,12.624622311716804,12.671964645385742,5287600,0.0,0.0
2000-01-03,12.68774706440587,12.68774706440587,12.119638986895161,12.230104446411133,13705800,0.0,0.0
2000-01-04,12.05651583364144,12.103858173302335,11.346380738728005,11.504188537597656,27293400,0.0,0.0
2000-01-05,11.377942507108482,11.725119670986967,11.235915485521831,11.6304349899292,22855600,0.0,0.0
2000-01-06,11.85136870265007,12.624627113342285,11.804026350975036,12.624627113342285,17307000,0.0,0.0
2000-01-07,12.529934999419423,12.529934999419423,12.119634860899392,12.29322338104248,11632800,0.0,0.0
2000-01-10,12.356354641153457,12.356354641153457,11.78824638179008,11.86715030670166,11152800,0.0,0.0
2000-01-11,11.50419002123501,11.851367223521937,11.50419002123501,11.614655494689941,11064400,0.0,0.0
2000-01-12,11.61465097242786,11.8829241606497,11.61465097242786,11.740897178649902,11067600,0.0,0.0
2000-01-13,11.86714731785377,12.088078251962749,11.835585755838201,12.009174346923828,12322000,0.0,0.0
2000-01-14,12.608845565578724,12.766653394935155,12.324791472737152,12.750872611999512,20438600,0.0,0.0
2000-01-18,12.624624371528625,12.624624371528625,12.072297055274248,12.11963939666748,17116000,0.0,0.0
2000-01-19,12.088077835738659,12.419474225491285,11.788243006914854,12.11963939666748,15468400,0.0,0.0
2000-01-20,11.993391592163128,12.119637819449055,11.614652910305345,11.886871337890625,12249000,0.0,0.0
2000-01-21,11.740907327257984,11.788249695513056,11.50419548598262,11.535757064819336,12839400,0.0,0.0
2000-01-24,11.5515343557735,11.677780632885778,11.235918662992802,11.251699447631836,12614800,0.0,0.0
2000-01-25,11.346380196780048,11.535749546378602,11.283257080247196,11.393722534179688,15631000,0.0,0.0
2000-01-26,11.551530251136192,11.946049726926363,11.45684557694655,11.898707389831543,15441200,0.0,0.0
2000-01-27,12.009177048175365,12.214327247421462,11.882930771716229,12.151204109191895,12769400,0.0,0.0
2000-01-28,12.088081344229277,12.088081344229277,11.551534652709961,11.551534652709961,13517000,0.0,0.0
2000-01-31,11.740900268554686,12.230104446411131,11.693557928762127,12.230104446411133,16910000,0.0,0.0
2000-02-01,12.15120417731149,12.372135162353516,12.11964260801977,12.372135162353516,8965200,0.0,0.0
2000-02-02,11.993396369574583,12.245888924723522,11.961834800180966,12.056519508361816,11717400,0.0,0.0
2000-02-03,12.040740088851743,12.135424807768008,11.47263177535415,11.72512435913086,22798000,0.0,0.0
2000-02-04,11.851370832250943,11.898713192433037,11.441070377339459,11.583097457885742,13400000,0.0,0.0
2000-02-07,11.441062927246092,11.488405256600215,11.330597492086476,11.441062927246094,10364400,0.0,0.0
2000-02-08,11.567311030167799,11.930268947894756,11.535749472104586,11.898707389831543,10821800,0.0,0.0
2000-02-09,11.898708252926209,11.930269813278798,11.630434989929197,11.6304349899292,9294200,0.0,0.0
2000-02-10,11.630436555920868,11.740902032028664,11.283259345296365,11.330601692199707,11579400,0.0,0.0
2000-02-11,11.362164445932475,11.77246482870226,11.362164445932475,11.409506797790527,13510400,0.0,0.0
2000-02-14,11.535753334982921,11.598876472246848,11.125452942767385,11.172795295715332,13426800,0.0,0.0
2000-02-15,11.12544765864333,11.61465174008722,11.12544765864333,11.519967079162598,13834000,0.0,0.0
2000-02-16,11.677780124986155,11.740903260796891,11.393726013837844,11.409506797790527,11939600,0.0,0.0
2000-02-17,11.472628148663945,11.69355908962859,11.188574081709406,11.267477989196777,12256800,0.0,0.0
2000-02-18,11.251700007574899,11.283261578423637,10.951865084511894,11.046549797058105,14998000,0.0,0.0
2000-02-22,10.904518452436564,11.583091959607001,10.857176114726999,11.29903793334961,13162800,0.0,0.0
2000-02-23,11.362165232173732,11.772465643335561,11.22013816677156,11.551534652709961,13732000,0.0,0.0
2000-02-24,11.583094550309653,11.677779246906189,11.07810950179479,11.314821243286133,11467800,0.0,0.0
2000-02-25,11.299041283367039,11.567314609927429,11.141233444213867,11.141233444213867,10603800,0.0,0.0
2000-02-28,11.299038322604433,11.851365614910515,11.251695983263911,11.598873138427734,13760000,0.0,0.0
2000-02-29,11.598874712767808,11.725120968144873,11.377943765857944,11.614655494689941,11792800,0.0,0.0
2000-03-01,11.742286964699074,11.79014954743562,11.439157274034288,11.630607604980469,9796600,0.25,0.0
2000-03-02,11.630609033507877,11.630609033507877,11.391296090431583,11.502975463867188,10613000,0.0,0.0
2000-03-03,11.67847277323405,11.774197959899903,11.391297213236491,11.487022399902344,12825800,0.0,0.0
2000-03-06,11.487018070863874,11.726330947340205,11.231751002622454,11.359384536743164,9827800,0.0,0.0
2000-03-07,11.487023396925494,11.534885994412683,11.167939413677564,11.231756210327148,8911200,0.0,0.0
2000-03-08,11.231753461340437,11.391295413916296,11.120074094537337,11.136028289794922,8126400,0.0,0.0
2000-03-09,11.136029909241874,11.231755094708136,10.928625340731639,10.99244213104248,13093600,0.0,0.0
2000-03-10,10.960527591038028,11.040298534204243,10.800985704705596,10.944573402404785,12134400,0.0,0.0
2000-03-13,10.944579181036278,11.24770892511746,10.848853998694853,11.0243501663208,10650800,0.0,0.0
2000-03-14,11.120070176390259,11.183886934934822,10.848848952575862,10.880757331848145,8233200,0.0,0.0
2000-03-15,10.944580883680961,11.758245060164532,10.880764085525387,11.710382461547852,20421800,0.0,0.0
2000-03-16,11.997553229937093,12.635720954933747,11.901828071187595,12.571904182434082,27207200,0.0,0.0
2000-03-17,12.60381143093109,12.954803647994995,12.508086280822754,12.76335334777832,20839800,0.0,0.0
2000-03-20,12.763357282585702,12.82717406899863,12.348548170901667,12.667632102966309,10749800,0.0,0.0
2000-03-21,12.667632911719528,13.21007563086117,12.635724516475902,13.018625259399414,13791200,0.0,0.0
2000-03-22,13.130300521850586,13.257934062767724,12.779308284328456,13.130300521850586,11186200,0.0,0.0
2000-03-23,13.337708637101153,13.83228874206543,13.050533092283185,13.83228874206543,15425400,0.0,0.0
2000-03-24,13.768471656729483,14.087555588519274,13.592975494245097,13.943967819213867,16576200,0.0,0.0
2000-03-27,13.912059907274488,14.039693484405447,13.577021767305721,13.81633472442627,10686800,0.0,0.0
2000-03-28,13.433431832348033,13.959920253330795,13.433431832348033,13.672744750976562,10733000,0.0,0.0
2000-03-29,13.529156648195707,13.561065036516924,13.241981153304762,13.273889541625977,11628600,0.0,0.0
2000-03-30,13.337708786404882,13.385571377743656,12.875037070130071,12.970762252807617,10390200,0.0,0.0
2000-03-31,13.01862030574903,13.592971201590899,12.922895156442053,13.385566711425781,10241800,0.0,0.0
2000-04-03,13.289847881944329,14.183283033671678,13.289847881944329,14.167328834533691,17099000,0.0,0.0
2000-04-04,14.199235271555056,14.438548225570027,13.608929984984789,13.83228874206543,18461600,0.0,0.0
2000-04-05,13.768473444161591,14.103511616035743,13.688702450858221,13.784427642822266,9186800,0.0,0.0
2000-04-06,13.848246091429951,13.928017094260769,13.52916208010668,13.640841484069824,8071000,0.0,0.0
2000-04-07,13.545109947095208,13.73656026436864,13.273888664291182,13.353659629821777,7752800,0.0,0.0
2000-04-10,13.353669575121275,13.75252469982621,13.305806960156682,13.481303215026855,10295200,0.0,0.0
2000-04-11,13.465346101219975,13.624888116637274,13.226033078094028,13.36164379119873,7588600,0.0,0.0
2000-04-12,13.561061704008578,14.294954455049043,13.561061704008578,13.928008079528809,15690000,0.0,0.0
2000-04-13,13.94397515968458,14.103517209566556,13.417486395074064,13.481303215026855,12167000,0.0,0.0
2000-04-14,13.24198225114462,13.24198225114462,12.412364086012667,12.74740219116211,19890400,0.0,0.0
2000-04-17,12.747403025182876,13.018624366144214,12.284731325895889,12.843128204345703,13947400,0.0,0.0
2000-04-18,13.018625259399414,13.066487852264853,12.699541306963154,13.018625259399414,11306400,0.0,0.0
2000-04-19,13.002667836986209,13.002667836986209,12.49213363970577,12.619767189025879,7913600,0.0,0.0
2000-04-20,12.79526296329378,12.811217156514845,12.61976683786207,12.6516752243042,6438400,0.0,0.0
2000-04-24,12.651680081793405,13.146260261535645,12.603817483753833,13.146260261535645,8713600,0.0,0.0
2000-04-25,13.03458186255561,13.70465828633448,13.018627661989447,13.640841484069824,9767800,0.0,0.0
2000-04-26,13.449389309122942,13.513206102997785,13.066488545873892,13.210076332092285,7742400,0.0,0.0
2000-04-27,12.89099378818419,13.178169392376411,12.77931438655388,13.082444190979004,8961400,0.0,0.0
2000-04-28,13.050533693663928,13.11435048434199,12.348548996205231,12.50809097290039,13831200,0.0,0.0
2000-05-01,12.524040472507476,13.002666223049163,12.332590172290802,12.76335334777832,9424800,0.0,0.0
2000-05-02,12.58786111995015,13.002670231634184,12.58786111995015,12.667632102966309,8853400,0.0,0.0
2000-05-03,12.667632949595548,12.970762705316348,12.332594798535716,12.50809097290039,7772200,0.0,0.0
2000-05-04,12.428318069626888,12.492134850472214,12.173050946245592,12.252821922302246,10026400,0.0,0.0
2000-05-05,12.061375656829714,12.39641386951943,12.02946725562117,12.141146659851074,8272200,0.0,0.0
2000-05-08,12.045416862893507,12.460225920423614,12.045416862893507,12.300683975219727,9454400,0.0,0.0
2000-05-09,12.38045494782167,12.683584643709057,12.157096224536229,12.300683975219727,9627400,0.0,0.0
2000-05-10,12.236867204789192,12.364500761032103,11.83801234153009,11.86992073059082,13484400,0.0,0.0
2000-05-11,12.189008853680853,12.236871453891643,11.885879052345858,12.093283653259277,13535600,0.0,0.0
2000-05-12,12.093281579707597,12.49213651307526,11.822060225017585,12.404388427734375,11749800,0.0,0.0
2000-05-15,12.412364039008999,12.986715074233066,12.396409843586108,12.922898292541504,10759200,0.0,0.0
2000-05-16,13.002671025833994,13.178167199188808,12.555953493658102,12.683587074279785,10708400,0.0,0.0
2000-05-17,12.524040479623773,12.715490779949231,12.396406946073466,12.587857246398926,6094800,0.0,0.0
2000-05-18,12.60381525643864,12.970761776562803,12.587861059911502,12.843128204345703,9306600,0.0,0.0
2000-05-19,12.651679449944039,12.811221435441443,12.540000060095858,12.699542045593262,9126200,0.0,0.0
2000-05-22,12.699537780154403,12.843125518874743,12.444270689096024,12.827171325683594,8182800,0.0,0.0
2000-05-23,12.875035908502857,13.561066322462738,12.827173321482402,13.417478561401367,14451000,0.0,0.0
2000-05-24,13.65678686216557,14.326862853066217,13.62487848164649,14.279000282287598,22449600,0.0,0.0
2000-05-25,14.039694834563694,14.310916212049582,13.912061245158569,14.119465827941895,14555600,0.0,0.0
2000-05-26,14.039692998750805,14.103509785108763,13.752517460139993,13.943967819213867,10615400,0.0,0.0
2000-05-30,14.023746490478516,14.087563311823127,13.864204437116985,14.023746490478516,8080400,0.0,0.0
2000-05-31,13.943242192402769,14.410163697691083,13.943242192402769,14.281357765197754,11082200,0.25,0.0
2000-06-01,14.297451308851588,14.877077713264491,14.249149108483847,14.635566711425781,13747000,0.0,0.0
2000-06-02,15.440608575695851,15.71432113647461,15.263500448133126,15.71432113647461,17988400,0.0,0.0
2000-06-05,15.263493537902834,15.327896464223098,14.941478906301509,15.263493537902832,8917600,0.0,0.0
2000-06-06,14.78047412502608,14.860977796731015,14.45845943820634,14.619466781616211,12851000,0.0,0.0
2000-06-07,14.603364792901118,14.92537945206101,14.458458196279166,14.89317798614502,8100200,0.0,0.0
2000-06-08,14.796574859367066,14.796574859367066,14.587265312934235,14.619466781616211,6899000,0.0,0.0
2000-06-09,14.667772013161864,14.79657791448491,14.345757259854249,14.426260948181152,6113600,0.0,0.0
2000-06-12,14.426255885315786,14.619464669494123,14.410155153300925,14.547011375427246,5211200,0.0,0.0
2000-06-13,14.538957640779541,14.571159097348268,14.313547444798463,14.345748901367188,7555400,0.0,0.0
2000-06-14,14.345758525395796,14.426262220824505,14.152549656366897,14.249154090881348,8988000,0.0,0.0
2000-06-15,14.313555847149608,14.313555847149608,13.186504205641764,13.37971305847168,21273000,0.0,0.0
2000-06-16,13.44411639496684,13.460217133164406,11.978949218988419,12.36536693572998,34707600,0.0,0.0
2000-06-19,12.268762425858846,12.70348235433416,12.220460211583811,12.461971282958984,20703400,0.0,0.0
2000-06-20,12.671279238671373,12.783984390730712,12.36536525451031,12.494171142578125,10214400,0.0,0.0
2000-06-21,12.461971448162409,12.510273663077767,11.91454634578835,12.268762588500977,10812200,0.0,0.0
2000-06-22,12.12385544497916,12.236560608478303,11.882344380338141,12.107754707336426,7421200,0.0,0.0
2000-06-23,12.49417525923032,12.51027600054376,12.172160432961496,12.204361915588379,9036400,0.0,0.0
2000-06-26,12.445864713487289,12.558569827322232,12.156051563626008,12.349260330200195,7527200,0.0,0.0
2000-06-27,12.139956182621896,12.300963559049242,11.850142905052673,12.107754707336426,14991000,0.0,0.0
2000-06-28,12.123851382449438,12.139952114697046,11.656930147268781,11.701207160949707,11504200,0.0,0.0
2000-06-29,11.689136649424306,11.914546998035794,11.624733692678166,11.70523738861084,7949600,0.0,0.0
2000-06-30,11.640826513600903,11.689128698304641,11.07327584333198,11.077301025390625,14691000,0.0,0.0
2000-07-03,11.270514594184027,11.656932237413194,11.23831312391493,11.592529296875,5997800,0.0,0.0
2000-07-05,11.608628872838514,11.914542809848127,11.608628872838514,11.6730318069458,8936800,0.0,0.0
2000-07-06,11.866245650984906,11.898447131720278,11.528130103263491,11.80184268951416,7997600,0.0,0.0
2000-07-07,11.962845333637143,12.284860012873674,11.88234166382801,12.220457077026367,9502000,0.0,0.0
2000-07-10,12.300960746835502,12.365363682682808,12.188255609102715,12.220457077026367,6457600,0.0,0.0
2000-07-11,12.220459723440849,12.284862673235004,12.043351611506925,12.091653823852539,7978000,0.0,0.0
2000-07-12,12.236560608478303,12.33316503433471,12.027251019122753,12.107754707336426,7483800,0.0,0.0
2000-07-13,12.107754718950861,12.13995619426722,11.801840703445455,11.898445129394531,8234200,0.0,0.0
2000-07-14,11.962846412156756,12.317062591251574,11.930644941329955,12.23655891418457,10231200,0.0,0.0
2000-07-17,12.268761787414553,12.510272846221925,12.043351465861004,12.075552940368652,12662000,0.0,0.0
2000-07-18,12.172160741445179,12.188261483166668,11.834045165293924,11.914548873901367,10538600,0.0,0.0
2000-07-19,11.995049555343607,11.995049555343607,11.785739965787275,11.898445129394531,8372400,0.0,0.0
2000-07-20,11.882344711658568,12.494172759142343,11.882344711658568,12.461971282958984,13491800,0.0,0.0
2000-07-21,12.461964577894943,12.6551733310406,12.22045363646287,12.558568954467773,9566600,0.0,0.0
2000-07-24,12.139953407217236,12.445867352491941,12.02724826948445,12.220457077026367,6708400,0.0,0.0
2000-07-25,12.36536751386415,12.478072686516558,12.28486381911243,12.429770469665527,6160000,0.0,0.0
2000-07-26,12.365362767679283,12.3814635004497,12.011146646730138,12.123851776123047,11561800,0.0,0.0
2000-07-27,12.123854857715058,12.284862226343412,11.850142331046856,12.043351173400879,7476600,0.0,0.0
2000-07-28,12.139950167748237,12.156050897413685,11.801834844773817,11.97894287109375,8515000,0.0,0.0
2000-07-31,11.962850795886762,12.22046265690182,11.866246348006115,12.204361915588379,10973000,0.0,0.0
2000-08-01,12.284861564636229,12.39756671660537,12.107753468684724,12.28486156463623,7565600,0.0,0.0
2000-08-02,12.284855553330173,12.494165018852183,12.139949000276475,12.156049728393555,10312800,0.0,0.0
2000-08-03,12.059450716881237,12.703480127662612,12.027249246342167,12.639077186584473,12763800,0.0,0.0
2000-08-04,13.009390013558525,13.57291557107653,12.896684902054924,13.524613380432129,20500400,0.0,0.0
2000-08-07,13.540717631365064,13.605120568969655,13.283105880946703,13.492415428161621,9230000,0.0,0.0
2000-08-08,13.411914533943333,13.524619698094117,13.29920936979255,13.37971305847168,8192800,0.0,0.0
2000-08-09,13.379706291764869,13.846627449961236,13.073792429498283,13.669519424438477,10528400,0.0,0.0
2000-08-10,13.701725599500866,14.055941772460937,13.589020453559026,13.766128540039062,8443000,0.0,0.0
2000-08-11,13.750025503345997,13.991536489938726,13.653421108708905,13.927133560180664,6491000,0.0,0.0
2000-08-14,13.782230099764737,14.168647766113281,13.653424210981889,14.168647766113281,7390200,0.0,0.0
2000-08-15,14.120341034286728,14.136441765226621,13.959333724887792,13.991535186767578,9677200,0.0,0.0
2000-08-16,14.007632932930347,14.088136570475925,13.653416927729811,13.782222747802734,6123800,0.0,0.0
2000-08-17,13.798333168029787,13.959340556221498,13.750030951572272,13.798333168029785,6548400,0.0,0.0
2000-08-18,13.73392496774363,13.911033027116643,13.73392496774363,13.846630096435547,6788200,0.0,0.0
2000-08-21,13.846626591516483,14.055936063248708,13.717820762758189,13.878828048706055,7316600,0.0,0.0
2000-08-22,13.878839810324317,14.152552428393358,13.782235356888185,14.023746490478516,7884400,0.0,0.0
2000-08-23,14.023737954817756,14.136443081894361,13.750025503345997,13.927133560180664,6054200,0.0,0.0
2000-08-24,13.846627984728132,13.894930175372533,13.460210459572929,13.524613380432129,8393000,0.0,0.0
2000-08-25,13.52461538453033,13.685622710536645,13.28310439552086,13.331406593322754,7425600,0.0,0.0
2000-08-28,13.315307617187502,13.621221576953598,13.234803943564843,13.3153076171875,7660200,0.0,0.0
2000-08-29,13.363601042538955,13.363601042538955,12.928881490552747,13.105989456176758,9275200,0.0,0.0
2000-08-30,13.105996787987412,13.49624979408133,13.07347570414625,13.23608112335205,8192000,0.25,0.0
2000-08-31,13.268603654462627,13.98406757700718,13.236082567074238,13.939351081848145,11308400,0.0,0.0
2000-09-01,13.935291466258821,13.984073116665794,13.593819913410005,13.658862113952637,7202800,0.0,0.0
2000-09-05,13.561288813564264,13.967802267208278,13.528767737272744,13.919020652770996,7996800,0.0,0.0
2000-09-06,13.837727591152236,14.293022976055013,13.837727591152236,13.95155143737793,8794000,0.0,0.0
2000-09-07,14.08162248326444,14.26048835776318,13.9840592789924,14.1466646194458,5809800,0.0,0.0
2000-09-08,14.081629732867194,14.569446005368366,14.081629732867194,14.55318546295166,9423200,0.0,0.0
2000-09-11,14.569449644984461,14.943442213996338,14.553189098505683,14.715794563293457,10691000,0.0,0.0
2000-09-12,14.95970090230306,14.975961446762087,14.683271646499636,14.82961654663086,8562000,0.0,0.0
2000-09-13,14.829612958549273,14.992218363796523,14.715789174876198,14.780831336975098,7472200,0.0,0.0
2000-09-14,14.715788884897009,14.927175907552988,14.471880781832416,14.65481185913086,7393000,0.0,0.0
2000-09-15,14.634492131191939,14.69953431844168,14.227978460881051,14.27676010131836,11681200,0.0,0.0
2000-09-18,14.358058878373491,14.358058878373491,13.919024235433417,13.967805862426758,8866200,0.0,0.0
2000-09-19,13.951549165069649,14.325541741755664,13.886506977819906,14.27676010131836,7564000,0.0,0.0
2000-09-20,14.26048801944923,14.276748553108808,13.8539746779598,14.000319480895996,7440400,0.0,0.0
2000-09-21,14.016589969958899,14.097892696002743,13.593815794530904,13.788942337036133,8906400,0.0,0.0
2000-09-22,13.707637456330385,14.309277534484863,13.610074200413443,14.309277534484863,11423600,0.0,0.0
2000-09-25,14.358059162443334,14.618227844888514,14.244235363873567,14.309277534484863,8120600,0.0,0.0
2000-09-26,14.244227485789654,14.423093356045003,13.96779841357684,14.000319480895996,9646800,0.0,0.0
2000-09-27,14.016586154381152,14.081628317510532,13.496248849346122,13.707635879516602,10652000,0.0,0.0
2000-09-28,13.821460913728783,14.146671758757696,13.577552779957099,14.049108505249023,8149800,0.0,0.0
2000-09-29,13.853983717488218,14.00032861591239,13.52877283210117,13.626336097717285,9287600,0.0,0.0
2000-10-02,13.69137677932937,13.821461119275492,13.479989726916921,13.805200576782227,6038600,0.0,0.0
2000-10-03,13.886504733163731,14.179194528476316,13.740159835507438,14.097891807556152,9244800,0.0,0.0
2000-10-04,14.130409534508583,14.244233316719814,13.577551163768318,13.723896026611328,8719800,0.0,0.0
2000-10-05,13.723901235310494,14.032851618569852,13.707640688823158,14.01659107208252,7255200,0.0,0.0
2000-10-06,14.081630335015765,14.081630335015765,13.398687524310612,13.431208610534668,8869400,0.0,0.0
2000-10-09,13.52877683132629,13.561297929478517,13.057220908119003,13.154784202575684,6151600,0.0,0.0
2000-10-10,13.171036466860496,13.203557544556448,12.47183329639753,12.666959762573242,12609000,0.0,0.0
2000-10-11,12.666966353437973,12.683226900746622,11.837678440696848,12.244192123413086,17528800,0.0,0.0
2000-10-12,12.292969504379123,12.35801167106896,11.463681879083707,11.593766212463379,13461200,0.0,0.0
2000-10-13,11.80515489002202,12.423055559196728,11.75637325824507,12.114105224609375,9950600,0.0,0.0
2000-10-16,11.967756595849,11.984017134702057,11.59376420222872,11.756369590759277,16535600,0.0,0.0
2000-10-17,11.740111086103653,11.740111086103653,11.02464725260149,11.122210502624512,16354400,0.0,0.0
2000-10-18,10.79699940999349,11.28481564839681,10.471788584391277,10.975865364074707,17018400,0.0,0.0
2000-10-19,11.154730946966943,11.691328791354566,11.138470406227924,11.4636812210083,11030400,0.0,0.0
2000-10-20,11.479945670536585,11.626290587016515,11.31734020778111,11.3823823928833,8862200,0.0,0.0
2000-10-23,11.333600754056658,11.431164031709942,11.105953106198992,11.3823823928833,7581000,0.0,0.0
2000-10-24,11.39864103981618,11.805154628967971,11.301077778419751,11.577507019042969,8341200,0.0,0.0
2000-10-25,11.593765546920453,11.886455280222792,11.398639058052225,11.4636812210083,9571400,0.0,0.0
2000-10-26,11.496204770607633,11.6588102129076,10.992127899477737,11.284817695617676,12509800,0.0,0.0
2000-10-27,11.447430224677285,11.691338539123535,11.236043018823871,11.691338539123535,9987000,0.0,0.0
2000-10-30,11.610025725466139,12.325489495662932,11.610025725466139,12.227926254272461,13372000,0.0,0.0
2000-10-31,12.227931842382306,12.536882247974411,12.065326365754881,12.504361152648926,11475600,0.0,0.0
2000-11-01,12.374273864489808,12.63444256597711,12.292971145275027,12.585660934448242,8454800,0.0,0.0
2000-11-02,12.60192351897961,13.057218820310487,12.60192351897961,12.813310623168945,10339200,0.0,0.0
2000-11-03,12.71574137911717,12.79704407335705,12.650699223725265,12.666959762573242,7605800,0.0,0.0
2000-11-06,12.73200136065629,13.301120195423813,12.73200136065629,13.284859657287598,12686400,0.0,0.0
2000-11-07,13.1710372811916,13.366163759431474,13.138516201484952,13.187297821044922,8151400,0.0,0.0
2000-11-08,13.138516959165916,13.138516959165916,12.634440194643462,12.683221817016602,11550000,0.0,0.0
2000-11-09,12.683222186026262,12.959651387516578,12.60191947970558,12.943390846252441,9283400,0.0,0.0
2000-11-10,12.878350723621455,13.073477249736932,12.58566093444824,12.585660934448242,8596000,0.0,0.0
2000-11-13,12.374274094271252,12.666963888879508,12.195408108677318,12.341753005981445,10939600,0.0,0.0
2000-11-14,12.520616398845121,12.650700725066889,11.723849900736795,11.935236930847168,18229200,0.0,0.0
2000-11-15,11.2848158847718,11.447421300978888,10.748218011288417,10.927083969116211,40690400,0.0,0.0
2000-11-16,10.862048294295127,11.170998769731664,10.845787742956361,10.894569396972656,17389000,0.0,0.0
2000-11-17,10.878309436177098,11.057175510613494,10.439274526196856,10.488056182861328,15500000,0.0,0.0
2000-11-20,10.406745461856616,10.536829780129825,9.886408188763786,10.227879524230957,18536400,0.0,0.0
2000-11-21,10.195358389183552,10.374224325835893,9.967710833444205,10.309182167053223,15794000,0.0,0.0
2000-11-22,10.081534609802345,10.227879467041411,9.935189752563279,10.032752990722656,12469200,0.0,0.0
2000-11-24,10.130316285526051,10.260400603799258,10.081534666173598,10.227879524230957,6632400,0.0,0.0
2000-11-27,10.341706673930009,10.390488309184397,10.244143403421235,10.325446128845215,9984800,0.0,0.0
2000-11-28,10.211618223308044,10.634392226183856,10.211618223308044,10.536828994750977,11102400,0.0,0.0
2000-11-29,10.569148276075605,10.865941831410023,10.552659745223693,10.734033584594727,12576800,0.28,0.0
2000-11-30,10.668076306255024,10.915404195889995,10.354794312717395,10.536168098449707,14783600,0.0,0.0
2000-12-01,10.5526627834488,10.717548139440188,10.354800356259135,10.486708641052246,10962000,0.0,0.0
2000-12-04,10.354800157057934,10.536174045159266,10.239380410084356,10.288846015930176,10072000,0.0,0.0
2000-12-05,10.288845218548463,10.981363646719995,10.15693694651579,10.865943908691406,18256800,0.0,0.0
2000-12-06,10.816477825767114,11.129759957915857,9.57983783044313,10.025028228759766,34591800,0.0,0.0
2000-12-07,10.15693773367466,10.321823086494055,10.041517986701084,10.288846015930176,22555000,0.0,0.0
2000-12-08,10.453727235123287,10.898917511697938,10.437238706361263,10.78349781036377,15146600,0.0,0.0
2000-12-11,10.783502748887317,11.492509810358502,10.767014212574033,11.459532737731934,18441800,0.0,0.0
2000-12-12,11.278158838285817,11.476021274045218,11.14625054777955,11.459532737731934,12758600,0.0,0.0
2000-12-13,11.459536469138866,11.574956260914366,11.245185427270082,11.327628135681152,14410800,0.0,0.0
2000-12-14,11.063805694241996,11.179225425776561,10.89892036347833,11.162736892700195,11441200,0.0,0.0
2000-12-15,10.915412520792097,11.19571767615987,10.915412520792097,11.030832290649414,15267800,0.0,0.0
2000-12-18,11.26166891366586,11.558462530717083,11.228691845104612,11.476019859313965,13112200,0.0,0.0
2000-12-19,11.541976093572412,12.119074898251032,11.459533407189753,11.673884391784668,22175800,0.0,0.0
2000-12-20,11.60792595043517,11.690368606333147,11.162735608586095,11.278155326843262,17412600,0.0,0.0
2000-12-21,11.443042060362854,12.102583389490396,11.327622327765535,12.086094856262207,15748800,0.0,0.0
2000-12-22,12.201519942865138,12.366405347498452,12.08610015962182,12.168542861938477,9425200,0.0,0.0
2000-12-26,12.135558711372406,12.333421081666522,11.87174221764692,12.218001365661621,7184000,0.0,0.0
2000-12-27,12.283952812327243,12.349906921386719,12.168533121473162,12.349906921386719,7222200,0.0,0.0
2000-12-28,12.201510176002898,12.4653266122408,12.201510176002898,12.349906921386719,7008800,0.0,0.0
2000-12-29,12.366398478723676,12.366398478723676,12.003650790014449,12.102581977844238,7570800,0.0,0.0
2001-01-02,11.954183629489837,12.333419799804686,11.871740983769216,12.333419799804688,7021200,0.0,0.0
2001-01-03,12.250981346388187,13.190827829220119,12.069607463736409,13.174339294433594,20566800,0.0,0.0
2001-01-04,13.141359414869141,13.636015352693576,13.02593969604344,13.586549758911133,22259200,0.0,0.0
2001-01-05,12.564261555671692,13.190825780232748,12.34991063674291,12.663192749023438,30578400,0.0,0.0
2001-01-08,12.432360826996323,12.894040008900696,12.218009778255007,12.729154586791992,11865600,0.0,0.0
2001-01-09,12.66319145040309,12.86105381681564,12.300443778646752,12.399374961853027,11454600,0.0,0.0
2001-01-10,12.333422735697821,12.861055793909493,12.283957136490477,12.811590194702148,14501000,0.0,0.0
2001-01-11,12.844564705521961,13.075404122566002,12.69616793742222,13.042427062988281,14693200,0.0,0.0
2001-01-12,13.042430771991706,13.042430771991706,12.696171547956528,12.943499565124512,8350600,0.0,0.0
2001-01-16,12.729156344361101,13.537095024249306,12.564270899485958,13.438163757324219,21287800,0.0,0.0
2001-01-17,13.438153784031524,13.438153784031524,13.009451945522542,13.075406074523926,16560800,0.0,0.0
2001-01-18,13.058915412288972,13.091892471410914,12.729144821069553,12.910518646240234,11780000,0.0,0.0
2001-01-19,13.058920301657922,13.174340051798838,12.745638122704007,12.97647762298584,11225800,0.0,0.0
2001-01-22,13.124863920377443,13.42165732561211,12.992955740273148,13.289749145507812,8684000,0.0,0.0
2001-01-23,13.124863920377443,13.372191758072999,13.075398352838333,13.289749145507812,8757400,0.0,0.0
2001-01-24,13.190822531281077,13.537081622727205,13.025937249640064,13.4711275100708,11042200,0.0,0.0
2001-01-25,13.487618571346246,13.817389196562536,13.273267664955657,13.586549758911133,8711400,0.0,0.0
2001-01-26,13.520601229998256,14.19663129149817,13.487624153827529,14.031745910644531,11745400,0.0,0.0
2001-01-29,14.248727886877257,14.356892605281018,13.903128936220854,14.25136661529541,13714000,0.0,0.0
2001-01-30,14.29884892882995,14.757888896363301,14.114177249522871,14.633895874023438,15187000,0.0,0.0
2001-01-31,14.58905094061699,14.75789332445716,14.198602676391602,14.198602676391602,15905800,0.0,0.0
2001-02-01,14.219713620793497,14.478253740359515,13.744842986508612,14.056146621704102,12553800,0.0,0.0
2001-02-02,14.14055919647217,14.49671195437991,14.09307216208447,14.140559196472168,9311200,0.0,0.0
2001-02-05,14.140560896576698,14.309404264910452,13.95589019217704,14.050863265991211,9242400,0.0,0.0
2001-02-06,13.715821594959657,13.884664010153053,13.312181626859006,13.444089889526367,13367200,0.0,0.0
2001-02-07,13.44408792097767,13.465193722976519,12.887434973008402,13.058916091918945,14626600,0.0,0.0
2001-02-08,13.190824068509615,13.190824068509615,12.810928697633342,12.861053466796875,11619600,0.0,0.0
2001-02-09,12.95338909468476,13.151251459713833,12.86369144894971,13.058916091918945,10775800,0.0,0.0
2001-02-12,13.124874861206672,13.272612508373475,13.111684233476511,13.206658363342285,8587800,0.0,0.0
2001-02-13,13.33592140229392,13.583909510419698,13.227756697594346,13.254138946533203,9626000,0.0,0.0
2001-02-14,13.256778535982246,13.494213777984688,13.246225634919908,13.401877403259277,8626000,0.0,0.0
2001-02-15,13.428261668914644,13.673611120303589,13.283161773505986,13.425622940063477,10574800,0.0,0.0
2001-02-16,13.491576362768862,13.697352921614117,13.36494455683485,13.560169219970703,8758000,0.0,0.0
2001-02-20,13.481019406537685,13.515315824824658,12.897985327558315,12.958662986755371,11386600,0.0,0.0
2001-02-21,12.92701211899363,13.151255804219945,12.581412044944011,12.597241401672363,13770400,0.0,0.0
2001-02-22,12.465337911418064,12.734431041065159,12.04323163337208,12.729154586791992,14869600,0.0,0.0
2001-02-23,12.623617147143896,13.180270036061408,12.41256418144482,12.963940620422363,9874800,0.0,0.0
2001-02-26,12.961302715635085,13.586547432184178,12.663189839705641,13.449362754821777,12056400,0.0,0.0
2001-02-27,13.446729350070463,13.800243553511049,13.172359907261006,13.568084716796875,12820200,0.0,0.0
2001-02-28,13.669432696777996,13.682768525185594,13.002631101813215,13.522736549377441,12699600,0.28,0.0
2001-03-01,13.029311917294963,13.256025229421189,12.682575047673964,13.160005569458008,13457400,0.0,0.0
2001-03-02,12.909277634220237,13.461389202831427,12.895940790060124,13.082645416259766,11280400,0.0,0.0
2001-03-05,13.082650152935273,13.256019015202709,12.919950362875403,13.090652465820312,8531400,0.0,0.0
2001-03-06,13.38937956528058,13.589420093594157,13.24268338134237,13.40538215637207,8971800,0.0,0.0
2001-03-07,13.456066104574685,14.069523811340334,13.408056273679534,14.069523811340332,11277000,0.0,0.0
2001-03-08,14.069519043696888,14.362911450894693,14.069519043696888,14.328238487243652,13711800,0.0,0.0
2001-03-09,14.18954381311092,14.202879646846228,13.9094872348339,14.002839088439941,8953400,0.0,0.0
2001-03-12,13.869478748433423,14.037513102774087,13.642766522029127,13.7681245803833,14741800,0.0,0.0
2001-03-13,14.082851674028431,14.469596862792967,13.922819673312796,14.469596862792969,16513600,0.0,0.0
2001-03-14,13.922820883529536,14.08552067495939,13.565415101236345,13.802796363830566,25571400,0.0,0.0
2001-03-15,13.896149663644945,14.104192525480302,13.842806331467571,13.936158180236816,12948800,0.0,0.0
2001-03-16,13.869473160636899,14.130859263492344,13.65609685396495,13.709441184997559,18050000,0.0,0.0
2001-03-19,13.642763250565466,14.242884783274352,13.565414008826243,14.128194808959961,10553800,0.0,0.0
2001-03-20,14.370912878119473,14.482935093695385,13.629428574347289,13.680106163024902,17218600,0.0,0.0
2001-03-21,13.816128635791406,14.136193600038695,13.47205877378911,13.58941650390625,16723400,0.0,0.0
2001-03-22,13.496068626828182,13.576085660363312,12.786591520689793,13.248018264770508,20123800,0.0,0.0
2001-03-23,13.36270689341344,14.077518463134766,13.322699398198875,14.077518463134766,15785400,0.0,0.0
2001-03-26,14.176207979375613,14.322904185381777,13.757456491841836,14.002839088439941,11939200,0.0,0.0
2001-03-27,13.802795562893666,14.584287257802988,13.653431611773366,14.530942916870117,19161000,0.0,0.0
2001-03-28,14.354908245999388,14.562950070084998,14.178872621590317,14.51494026184082,13029000,0.0,0.0
2001-03-29,14.28289589875014,14.429592107139461,14.069519503142137,14.178874969482422,11123800,0.0,0.0
2001-03-30,14.282895493487903,14.605627346279011,14.18420910409287,14.602960586547852,12760800,0.0,0.0
2001-04-02,14.522951707111954,14.7336614405191,14.210887757294131,14.405593872070312,16126800,0.0,0.0
2001-04-03,14.376247792912043,14.376247792912043,13.765457075368001,13.936158180236816,14116800,0.0,0.0
2001-04-04,13.82946939484708,13.936158093455154,13.349372286028432,13.418720245361328,18445800,0.0,0.0
2001-04-05,13.762785700837796,14.016170532283583,13.680102947099956,13.829465866088867,11382400,0.0,0.0
2001-04-06,13.829467150435649,14.002836003172686,12.97596176992349,13.226678848266602,26638400,0.0,0.0
2001-04-09,13.429397310538004,13.752130382480553,13.349381241631566,13.496077537536621,9621200,0.0,0.0
2001-04-10,13.762789210985396,14.189542987909345,13.744118841349973,13.848139762878418,12583200,0.0,0.0
2001-04-11,14.376247916450776,14.450929396107929,13.941492836749095,14.01617431640625,11780000,0.0,0.0
2001-04-12,14.01616843836444,14.256217404390066,13.96015735211127,14.122857093811035,6576000,0.0,0.0
2001-04-16,14.149534942560944,14.472266791240255,13.922822722322158,13.989502906799316,15241400,0.0,0.0
2001-04-17,14.016171535242883,14.096187535778183,13.82146556087215,13.869475364685059,11540000,0.0,0.0
2001-04-18,13.936154957143073,14.802997131510823,13.882810619844104,14.717646598815918,23188400,0.0,0.0
2001-04-19,14.64296221293675,15.333768648487895,14.60828824799787,15.04304313659668,18648000,0.0,0.0
2001-04-20,15.040377998989877,15.040377998989877,14.66696968188041,14.672303199768066,13803200,0.0,0.0
2001-04-23,14.672308544357406,14.76299364335959,14.51227649551071,14.650971412658691,11155800,0.0,0.0
2001-04-24,14.722983425543251,14.840340171897637,14.522942892634944,14.53627872467041,8100800,0.0,0.0
2001-04-25,14.536276640865232,14.682972807143708,14.338902895674444,14.642965316772461,7681000,0.0,0.0
2001-04-26,14.68297833945853,14.829674561009828,14.514943967702456,14.701648712158203,8984800,0.0,0.0
2001-04-27,14.85634688616607,15.203083678858773,14.784332157171136,15.181745529174805,8606600,0.0,0.0
2001-04-30,15.229745938127962,15.30976293254181,14.802993382726397,14.93635368347168,10037000,0.0,0.0
2001-05-01,14.869675621158738,15.06971610036715,14.706975868609202,15.056380271911621,10729200,0.0,0.0
2001-05-02,15.069721070236389,15.14707032522949,14.899019967809425,14.965700149536133,9048400,0.0,0.0
2001-05-03,14.965694669158921,14.981697255739599,14.709643109283526,14.923019409179688,9332600,0.0,0.0
2001-05-04,14.803001371004065,15.133735543011117,14.717650813865257,15.037715911865234,8610800,0.0,0.0
2001-05-07,15.003045719991722,15.003045719991722,14.83501132303925,14.997711181640625,6231000,0.0,0.0
2001-05-08,15.029711790160265,15.029711790160265,14.81900319988424,14.859010696411133,5066600,0.0,0.0
2001-05-09,14.816343874548927,14.864353711734106,14.642975922455205,14.771001815795898,9901400,0.0,0.0
2001-05-10,14.936353915282806,14.947022983698016,14.82966526604744,14.87767505645752,6182000,0.0,0.0
2001-05-11,14.843017140225871,14.91503088130321,14.256231010172758,14.274901390075684,14266200,0.0,0.0
2001-05-14,14.376240343089952,14.50960063934326,14.306892419261576,14.509600639343262,9414800,0.0,0.0
2001-05-15,14.57628808907296,14.749655950571281,14.530945036555117,14.682975769042969,11294000,0.0,0.0
2001-05-16,14.629631024280796,15.093725522835955,14.562950844557623,15.083056449890137,10060200,0.0,0.0
2001-05-17,14.989707792785037,15.264429866076659,14.90969176359378,15.096395492553711,14768600,0.0,0.0
2001-05-18,15.037713625179254,15.243088690020382,15.037713625179254,15.203080177307129,8775400,0.0,0.0
2001-05-21,15.056392345951792,15.141742937461817,14.936367758684785,15.067061424255371,8715400,0.0,0.0
2001-05-22,15.043049083926281,15.677843667865227,15.043049083926281,15.6405029296875,15513000,0.0,0.0
2001-05-23,15.483138576866017,15.821874034896558,15.461801446988062,15.632502555847168,13571400,0.0,0.0
2001-05-24,15.736514562267793,16.003235148068942,15.685838017250559,16.000568389892578,12146400,0.0,0.0
2001-05-25,16.00323810689651,16.00323810689651,15.619160758616047,15.659168243408203,9941600,0.0,0.0
2001-05-29,15.736528581876014,15.931234660878697,15.723192744196771,15.896560668945312,9957200,0.0,0.0
2001-05-30,15.899237732853072,16.114637872064993,15.691914777890071,15.826539993286133,11551000,0.28,0.0
2001-05-31,15.893855234460693,16.006940968227347,15.710764829016817,15.95309066772461,12036400,0.0,0.0
2001-06-01,16.020408614492723,16.020408614492723,15.616532767068538,15.643457412719727,11831400,0.0,0.0
2001-06-04,15.88578288770951,15.899245210158577,15.691922157692975,15.786160469055176,9570200,0.0,0.0
2001-06-05,15.885795951050467,16.208897091070146,15.82925353400233,16.141584396362305,14663000,0.0,0.0
2001-06-06,15.91271530984403,16.12003846363748,15.76462763630867,16.07157325744629,11213600,0.0,0.0
2001-06-07,15.858863850566745,16.114651148874493,15.635385315873771,16.047338485717773,11580200,0.0,0.0
2001-06-08,15.831940908782421,15.953103928853926,15.737703574898976,15.893868446350098,5187800,0.0,0.0
2001-06-11,15.818468878364087,15.993482136372677,15.740385976968915,15.815776824951172,5647000,0.0,0.0
2001-06-12,15.772696054021447,15.966555731208995,15.55460276168757,15.912705421447754,9361000,0.0,0.0
2001-06-13,15.872318459458745,16.12810666049272,15.845392791023508,15.912705421447754,8730000,0.0,0.0
2001-06-14,15.805012467987607,15.87232512668678,15.495373827127551,15.535761833190918,10238200,0.0,0.0
2001-06-15,15.387668144599926,15.772696483273853,15.384975064128497,15.621915817260742,19419000,0.0,0.0
2001-06-18,15.73769691201302,16.015024686123084,15.541144108049535,15.95040512084961,9121400,0.0,0.0
2001-06-19,16.101180849611488,16.149646025256914,15.81308287611324,16.079641342163086,11606600,0.0,0.0
2001-06-20,15.966563179826966,16.46467749360899,15.966563179826966,16.192733764648438,16970200,0.0,0.0
2001-06-21,16.208882266084238,16.556215699604657,16.206189185577355,16.52659797668457,17187800,0.0,0.0
2001-06-22,16.593918283853508,16.74200593982933,16.402749536718435,16.677385330200195,14944000,0.0,0.0
2001-06-25,16.67737899059694,16.693534393640473,16.365048388187393,16.478134155273438,9602200,0.0,0.0
2001-06-26,16.208888847716903,16.343514168666196,16.058108118494204,16.262739181518555,11698600,0.0,0.0
2001-06-27,16.276206189209788,16.464681898166134,16.173890628271774,16.24120330810547,10013400,0.0,0.0
2001-06-28,16.23582026963181,16.483531497544153,16.128120584239145,16.149660110473633,10041400,0.0,0.0
2001-06-29,16.168493959482884,16.20888194942293,15.899243432173895,16.163108825683594,13302000,0.0,0.0
2001-07-02,16.163111403429582,16.327354415619556,16.074259249343992,16.28965950012207,7821200,0.0,0.0
2001-07-03,16.24928180144825,16.289669823424738,16.111964375526323,16.286977767944336,4774400,0.0,0.0
2001-07-05,16.222359130529984,16.34352218422984,16.181971103593302,16.230436325073242,4312400,0.0,0.0
2001-07-06,16.233113536379268,16.233113536379268,15.616529620378797,15.713459968566895,8881800,0.0,0.0
2001-07-09,15.737693596400362,15.910013770304563,15.683843285277986,15.864240646362305,6830200,0.0,0.0
2001-07-10,15.845391337915213,15.845391337915213,15.306890343904717,15.341893196105957,11411200,0.0,0.0
2001-07-11,15.215346398848032,15.457672277143471,14.859935795420867,15.441516876220703,13696200,0.0,0.0
2001-07-12,15.576145707337503,16.041950116543067,15.495370738421375,16.001562118530273,11812200,0.0,0.0
2001-07-13,16.00155998722489,16.292350042013464,15.910014760750661,16.22234535217285,9301600,0.0,0.0
2001-07-16,16.55890775300227,16.8254662321738,16.491595119859983,16.52659797668457,19454800,0.0,0.0
2001-07-17,16.69353237549101,17.32088658519528,16.64776027973193,17.15125846862793,23559800,0.0,0.0
2001-07-18,17.030101587445024,17.31281555801519,16.97625125842644,17.25358009338379,24389000,0.0,0.0
2001-07-19,17.366664631160226,17.420513932359878,16.922400706496013,17.097414016723633,15832600,0.0,0.0
2001-07-20,17.011250793062036,17.016635927619657,16.76892487351609,16.92239761352539,9335200,0.0,0.0
2001-07-23,17.003180211938805,17.065107742751376,16.77700960817952,16.787778854370117,5177800,0.0,0.0
2001-07-24,16.855082059763735,16.927779823065784,16.612757209199444,16.696224212646484,9385800,0.0,0.0
2001-07-25,16.774311431250695,16.83623894325333,16.558911166217726,16.801237106323242,11382600,0.0,0.0
2001-07-26,16.82816569096008,17.043566006382424,16.777008437019063,16.992408752441406,7400400,0.0,0.0
2001-07-27,16.992406441430894,17.23203932394193,16.992406441430894,17.097414016723633,5730200,0.0,0.0
2001-07-30,17.01663878058955,17.132416625215942,16.96278845309432,17.110876083374023,4768800,0.0,0.0
2001-07-31,17.110878946201836,17.210501401114662,17.05433655507102,17.12972640991211,7290000,0.0,0.0
2001-08-01,17.159342370379328,17.159342370379328,16.86855222672452,16.96278953552246,6042800,0.0,0.0
2001-08-02,17.043559358017106,17.13510458475028,16.962784399631204,17.086639404296875,7742400,0.0,0.0
2001-08-03,17.086641730507754,17.097412000321313,16.882011739597424,17.057024002075195,6278800,0.0,0.0
2001-08-06,17.08395145227743,17.143185888189784,16.86316603369881,16.903553009033203,6109000,0.0,0.0
2001-08-07,16.908946545457194,17.038186779535547,16.86048132928905,16.976259231567383,5450600,0.0,0.0
2001-08-08,16.935859405521306,17.178184275666055,16.847006234158385,16.9116268157959,7435800,0.0,0.0
2001-08-09,16.989711612654265,17.070487610364815,16.90355150706519,17.043561935424805,8195400,0.0,0.0
2001-08-10,17.070494565138937,17.070494565138937,16.847015994081,16.935869216918945,8591800,0.0,0.0
2001-08-13,16.882018440626958,17.05703077257289,16.82816809729364,17.040876388549805,6421400,0.0,0.0
2001-08-14,17.09741552741512,17.135110452429352,16.82816488918811,16.84432029724121,7272600,0.0,0.0
2001-08-15,16.828157424926758,17.040865581284045,16.828157424926758,16.828157424926758,8329200,0.0,0.0
2001-08-16,16.8550854779244,17.09741140474088,16.763540241917003,17.065101623535156,9298400,0.0,0.0
2001-08-17,17.057019721496925,17.12433235027491,16.857774915495252,16.879314422607422,10905600,0.0,0.0
2001-08-20,16.922399768243537,17.145878258847873,16.922399768243537,17.116260528564453,7904800,0.0,0.0
2001-08-21,17.16203382797741,17.50128913465954,17.09741323155201,17.10010528564453,18047800,0.0,0.0
2001-08-22,17.258962439965256,17.420512383419204,16.949324877160272,17.40705108642578,11869800,0.0,0.0
2001-08-23,17.407053963618146,17.646686864430936,17.31550767952397,17.501291275024414,10438600,0.0,0.0
2001-08-24,17.452829883857845,17.495910980876303,16.99510349913557,17.027414321899414,12021400,0.0,0.0
2001-08-27,17.057031115759592,17.09472707582826,16.887403917445084,16.89548110961914,7536000,0.0,0.0
2001-08-28,16.89547469053839,16.94932501449587,16.65314874628448,16.655841827392578,9047400,0.0,0.0
2001-08-29,16.639683636530364,16.680071629514757,16.168495178222656,16.168495178222656,12449600,0.0,0.0
2001-08-30,16.128108757367226,16.410821636483746,16.090412816656908,16.216960906982422,13391200,0.0,0.0
2001-08-31,16.316586320857542,16.733925582052397,16.249273669324122,16.55891227722168,8776800,0.0,0.0
2001-09-04,16.356976995668646,16.906248568449282,16.297741523963953,16.669307708740234,13949200,0.0,0.0
2001-09-05,16.64213511073701,16.87308677523078,16.538885655752548,16.653003692626953,15066600,0.28,0.0
2001-09-06,16.54702976530144,16.614956815181188,15.962856721741758,16.24271583557129,17680400,0.0,0.0
2001-09-07,15.908520190688131,16.199247978407154,15.72647613368934,15.919388771057129,16347200,0.0,0.0
2001-09-10,15.799839414026396,15.935693575672417,15.5743210081812,15.663985252380371,16255600,0.0,0.0
2001-09-17,14.67224414961587,15.242831007507084,14.65865894566315,14.767341613769531,30120400,0.0,0.0
2001-09-18,14.767348965647516,14.984716483045254,14.596173444951734,14.962979316711426,17734400,0.0,0.0
2001-09-19,14.992866822018485,15.405863638013795,14.726592763643566,14.94395923614502,28698800,0.0,0.0
2001-09-20,14.9439554085158,14.984712065132959,14.400538848206134,14.571715354919434,21862400,0.0,0.0
2001-09-21,13.65333745058845,14.471178700530693,13.65333745058845,13.857118606567383,27687200,0.0,0.0
2001-09-24,14.367933802507366,14.802666625804264,14.242947208885301,14.495635986328125,17264800,0.0,0.0
2001-09-25,14.509221438159592,15.112413068037524,14.482049990381913,14.971124649047852,14381000,0.0,0.0
2001-09-26,15.174906927412982,15.202078377132002,14.808101166327248,14.957540512084961,11122400,0.0,0.0
2001-09-27,15.106972466919753,15.533554172202019,14.889606157935848,15.45475959777832,13723800,0.0,0.0
2001-09-28,15.691143297074113,15.922094775164648,15.617781983255146,15.867753982543945,17620400,0.0,0.0
2001-10-01,15.881350136429027,16.068828487864202,15.731910780663174,16.01720428466797,10449000,0.0,0.0
2001-10-02,16.01720782386479,16.19381763370856,15.772669888407112,16.161212921142578,13301000,0.0,0.0
2001-10-03,16.017210534017384,16.384016462783272,15.97645385904993,16.299787521362305,16663200,0.0,0.0
2001-10-04,16.299781938156233,16.364991351985452,15.867765684719114,16.00090217590332,16576400,0.0,0.0
2001-10-05,16.000904500849394,16.05796300536185,15.147740451142822,15.25098991394043,20000400,0.0,0.0
2001-10-08,15.253710675679635,15.253710675679635,14.634215803958813,14.740181922912598,15811200,0.0,0.0
2001-10-09,14.848861828987191,14.854295083912097,14.169590950012207,14.169590950012207,20811200,0.0,0.0
2001-10-10,14.291857489879991,15.120568710867344,14.242949908428772,14.889616012573242,15884600,0.0,0.0
2001-10-11,14.889611784881948,15.077091139374563,14.699415803962284,14.835269927978516,16259000,0.0,0.0
2001-10-12,14.712997927304569,14.712997927304569,14.155995345558267,14.403249740600586,14523600,0.0,0.0
2001-10-15,14.64507902929096,15.106982349360566,14.264686962367168,15.09339714050293,22450200,0.0,0.0
2001-10-16,15.33793718960109,15.867768700981252,15.308049104045956,15.680289268493652,20734800,0.0,0.0
2001-10-17,15.881354265527085,15.965583195984129,15.41944983412413,15.514547348022461,15595400,0.0,0.0
2001-10-18,15.517260475860033,15.688436987321008,15.419445326453761,15.487372398376465,9835400,0.0,0.0
2001-10-19,15.47378447151319,15.615072880656802,15.025465461028942,15.49552059173584,11661200,0.0,0.0
2001-10-22,15.498246073178102,16.04437945490665,15.495528408976329,15.87048625946045,11244400,0.0,0.0
2001-10-23,15.976442421397966,16.275322072056802,15.954706303732255,16.006330490112305,13118400,0.0,0.0
2001-10-24,16.166650456589668,16.305221290164035,16.104157646429833,16.28891944885254,11386800,0.0,0.0
2001-10-25,16.07154378216015,16.628545500535402,15.995464765551391,16.51714515686035,13377200,0.0,0.0
2001-10-26,16.479116439819336,16.67202917338617,16.416622589776466,16.479116439819336,9899200,0.0,0.0
2001-10-29,16.43834949140789,16.451934696913757,16.074260386833018,16.166641235351562,11741800,0.0,0.0
2001-10-30,15.89493806483382,16.275330159611904,15.761800520715967,16.030792236328125,11570800,0.0,0.0
2001-10-31,16.288914003159935,16.370426291922303,15.954712893694742,16.028074264526367,9537200,0.0,0.0
2001-11-01,16.0851381405762,16.43835886762479,15.854185369305148,16.28891944885254,11846400,0.0,0.0
2001-11-02,16.275330628444582,16.63398556860228,16.21283679565012,16.53888702392578,9253200,0.0,0.0
2001-11-05,16.66929822864153,16.89481653990938,16.51985892079941,16.582351684570312,9230200,0.0,0.0
2001-11-06,16.582355652602732,16.87580108642578,16.57420473604703,16.87580108642578,9783600,0.0,0.0
2001-11-07,16.84591285735962,17.19098248704178,16.82145907142987,17.049694061279297,9948000,0.0,0.0
2001-11-08,17.049700760871918,17.416506657467906,17.046984133138814,17.144798278808594,10949200,0.0,0.0
2001-11-09,17.06328134356231,17.26434594527867,16.968183851423785,17.131208419799805,8452400,0.0,0.0
2001-11-12,17.063276455405934,17.182828738685863,16.764397820175375,17.1230525970459,9694400,0.0,0.0
2001-11-13,17.212726656375967,17.402923779395547,17.199141443727505,17.24261474609375,8431800,0.0,0.0
2001-11-14,17.38932740218996,17.41649781166201,17.11490253517741,17.25347328186035,7892600,0.0,0.0
2001-11-15,17.171967949822093,17.34314450076246,17.10947515361833,17.182836532592773,9757600,0.0,0.0
2001-11-16,17.120343676113894,17.123061340204078,16.8785233963456,16.99264144897461,10821400,0.0,0.0
2001-11-19,17.05512990043727,17.389330980847237,17.049695610127564,17.37574577331543,8564200,0.0,0.0
2001-11-20,17.212725583400356,17.32140935078368,17.136647568123166,17.25619888305664,7294000,0.0,0.0
2001-11-21,17.23988897089588,17.51703151511441,17.212717523530493,17.275211334228516,8722800,0.0,0.0
2001-11-23,17.30782220937277,17.6583251953125,17.288802707673913,17.6583251953125,4089600,0.0,0.0
2001-11-26,17.525182730049508,17.658319196714547,17.49801231870535,17.642017364501953,7157600,0.0,0.0
2001-11-27,17.416496141091464,17.48985851989546,17.128486096968484,17.248037338256836,13207400,0.0,0.0
2001-11-28,17.1991346798069,17.36216027693104,16.767118453979492,16.767118453979492,15635600,0.0,0.0
2001-11-29,16.927428567325038,17.38118201245485,16.913843358270018,17.280649185180664,15955400,0.0,0.0
2001-11-30,16.87307552653116,17.017081549356543,16.65570921606796,16.677446365356445,17048800,0.0,0.0
2001-12-03,16.57419592354609,16.7861279331886,16.43562523335312,16.691030502319336,10781000,0.0,0.0
2001-12-04,16.65572786292075,16.954607781341235,16.41119087856088,16.938304901123047,8414200,0.0,0.0
2001-12-05,17.256545453367643,17.28672295190319,17.037065505981445,17.037065505981445,9795200,0.3,0.0
2001-12-06,17.105646562510326,17.34433076228015,17.006881877653843,17.283973693847656,9255400,0.0,0.0
2001-12-07,17.27026056119112,17.379999474809274,17.133086134250057,17.33336067199707,6423800,0.0,0.0
2001-12-10,17.20167155287608,17.333358863412133,16.847761317121712,16.932809829711914,7960000,0.0,0.0
2001-12-11,16.886165236886228,17.297688359051893,16.762708090925045,17.133079528808594,9805200,0.0,0.0
2001-12-12,17.06449936195497,17.251056671142578,17.015116483254843,17.251056671142578,7157200,0.0,0.0
2001-12-13,17.059002894371773,17.12759007196363,16.858728461390417,16.91085433959961,10265200,0.0,0.0
2001-12-14,16.748997047609237,16.98219419754855,16.73527981444994,16.850505828857422,9289000,0.0,0.0
2001-12-17,16.899887860503938,17.352563858032227,16.748996210180426,17.352563858032227,11429000,0.0,0.0
2001-12-18,17.33335983470255,17.462304124696946,17.209902647107675,17.305925369262695,8762400,0.0,0.0
2001-12-19,17.242820909265255,17.60221924490708,17.176977786209523,17.423891067504883,8569600,0.0,0.0
2001-12-20,17.415667590937623,17.544611905463878,17.286723276411372,17.31141471862793,9630400,0.0,0.0
2001-12-21,17.297698944519155,17.338851700542453,16.899892807006836,16.899892807006836,15204200,0.0,0.0
2001-12-24,17.078209111028002,17.11936184076187,16.946521841059973,16.95475196838379,3354400,0.0,0.0
2001-12-26,17.023338510232428,17.316891568005214,16.99864708263671,17.108386993408203,4360600,0.0,0.0
2001-12-27,17.119368203005155,17.421151511350317,17.119368203005155,17.270259857177734,6295600,0.0,0.0
2001-12-28,17.338845849352065,17.591247311106965,17.283975875356848,17.429380416870117,7869400,0.0,0.0
2001-12-31,17.489738722024924,17.489738722024924,17.23459421459076,17.270259857177734,5397400,0.0,0.0
2002-01-02,17.094676507382914,17.31141129446076,17.039806530359527,17.27300262451172,8669200,0.0,0.0
2002-01-03,17.272998046315088,17.530886556004504,17.218128083834948,17.253793716430664,8237600,0.0,0.0
2002-01-04,17.31690145124264,17.59948151646046,17.286722906228878,17.522663116455078,10598600,0.0,0.0
2002-01-07,17.119368152051027,17.388229891508317,17.119368152051027,17.31415557861328,10852200,0.0,0.0
2002-01-08,17.201675466521092,17.25380137841844,16.94104381391845,17.037065505981445,11914200,0.0,0.0
2002-01-09,17.078218919408037,17.283980593135848,16.91635302754651,16.995914459228516,8524200,0.0,0.0
2002-01-10,17.06449827390644,17.19618559319098,16.954758317890434,17.009628295898438,10527400,0.0,0.0
2002-01-11,17.07821427385767,17.0864444036695,16.707843780517578,16.707843780517578,9616400,0.0,0.0
2002-01-14,16.70509558854941,16.773682777562374,16.57066528415616,16.658456802368164,9339200,0.0,0.0
2002-01-15,16.68040699052752,16.96847302397637,16.617306891509777,16.858734130859375,12358800,0.0,0.0
2002-01-16,16.625536601979146,16.96024246765538,16.50208048115145,16.68040657043457,10224600,0.0,0.0
2002-01-17,16.749001302087446,16.8724585249966,16.735284065443782,16.768205642700195,8927400,0.0,0.0
2002-01-18,16.68040657043457,16.825812143825075,16.603589242531537,16.68040657043457,8546200,0.0,0.0
2002-01-22,16.872448133628723,17.20715394369827,16.73527375855857,17.193435668945312,16068400,0.0,0.0
2002-01-23,17.196186351397188,17.311412368392478,16.98219457894431,17.245569229125977,10192400,0.0,0.0
2002-01-24,17.434865739246334,17.55832290649414,17.31689567349372,17.55832290649414,14674400,0.0,0.0
2002-01-25,17.39920349646672,17.59673500259111,17.24556881086579,17.3799991607666,11100400,0.0,0.0
2002-01-28,17.352556929142295,17.550088346870407,17.29219987449041,17.459552764892578,9068000,0.0,0.0
2002-01-29,17.48425525937044,17.65160720914645,16.205789428113324,16.241455078125,28117000,0.0,0.0
2002-01-30,16.474643896631658,16.993162919194653,16.433492207898542,16.916345596313477,27774800,0.0,0.0
2002-01-31,17.031573389878037,17.33884374172004,16.880680718093608,17.292203903198242,15095000,0.0,0.0
2002-02-01,17.160522105485988,17.25654484069778,16.73253852570537,16.834047317504883,14908000,0.0,0.0
2002-02-04,16.721558456590458,16.74899291614181,16.26888254809032,16.29631805419922,14934600,0.0,0.0
2002-02-05,16.13171555857398,16.323760003217558,15.887545198244043,16.159151077270508,17548000,0.0,0.0
2002-02-06,16.104277911112295,16.227735104509215,15.777802105622907,16.145429611206055,13978000,0.0,0.0
2002-02-07,16.145427496897593,16.625537927690477,16.109762904131653,16.172863006591797,13316800,0.0,0.0
2002-02-08,16.337471824109745,16.647486279996713,16.312780388746045,16.625537872314453,11691800,0.0,0.0
2002-02-11,16.611817275952877,16.853244478766552,16.46092566665338,16.803861618041992,10368000,0.0,0.0
2002-02-12,16.685895323975984,16.941039812981128,16.685895323975984,16.751739501953125,12272000,0.0,0.0
2002-02-13,16.84501303039798,17.212640383331586,16.76819467164943,17.042543411254883,12995800,0.0,0.0
2002-02-14,17.00961978607085,17.24281576774085,16.81757548240053,17.026081085205078,13994000,0.0,0.0
2002-02-15,16.872450936749743,16.954755366154078,16.68040657043457,16.68040657043457,15111200,0.0,0.0
2002-02-19,16.460928178954465,16.59810258044575,16.249679475070966,16.33747100830078,13777200,0.0,0.0
2002-02-20,16.40605309419266,16.80385894380648,16.285340035275333,16.78465461730957,14379400,0.0,0.0
2002-02-21,16.850506537769288,17.050782127240446,16.724306312901916,16.765459060668945,11352800,0.0,0.0
2002-02-22,16.76545752178373,16.954757841709093,16.469160276796813,16.823070526123047,11517200,0.0,0.0
2002-02-25,16.85873616308357,17.412920936784733,16.85873616308357,17.352563858032227,13312200,0.0,0.0
2002-02-26,17.352556929142295,17.577522800862717,17.198921265736285,17.459552764892578,13417800,0.0,0.0
2002-02-27,17.62020121933449,17.85007755233356,17.420790666297464,17.60358428955078,14275400,0.3,0.0
2002-02-28,17.68112976051777,17.93039317338646,17.620198210996673,17.71159553527832,13040600,0.0,0.0
2002-03-01,17.739286255905714,17.963623146988578,17.739286255905714,17.947006225585938,12071000,0.0,0.0
2002-03-04,18.002396192840298,18.487076090339844,17.994087732683315,18.390140533447266,26654800,0.0,0.0
2002-03-05,18.27935792050746,18.47322905323749,17.952545073164792,18.016246795654297,18157800,0.0,0.0
2002-03-06,18.113179904865373,18.6117065127019,18.063327032778062,18.47322654724121,14116400,0.0,0.0
2002-03-07,18.667107778480233,18.819434538042458,18.528627753585035,18.550785064697266,15431600,0.0,0.0
2002-03-08,18.805590506149596,18.91360477204886,18.694806047703793,18.786203384399414,13213600,0.0,0.0
2002-03-11,18.589555954041924,18.95791114800192,18.589555954041924,18.764039993286133,13500800,0.0,0.0
2002-03-12,18.487084297572867,18.902524394147537,18.487084297572867,18.833284378051758,12975000,0.0,0.0
2002-03-13,18.70865821838379,18.960690845874606,18.578486615080966,18.70865821838379,9238600,0.0,0.0
2002-03-14,18.65325193419234,18.80281055854623,18.50092523176581,18.556316375732422,8650600,0.0,0.0
2002-03-15,18.764034810463365,19.20717026529874,18.683716179112498,19.16008758544922,19066600,0.0,0.0
2002-03-18,19.004996223637196,19.209946034822394,18.971760262484,19.0576171875,10802400,0.0,0.0
2002-03-19,19.11300131248718,19.240402599737003,18.999446750982436,19.071456909179688,10798800,0.0,0.0
2002-03-20,18.822205007074253,18.9994592725046,18.76681384151634,18.788969039916992,7225200,0.0,0.0
2002-03-21,18.764044361955982,18.910832857993014,18.6338727936099,18.833284378051758,6761600,0.0,0.0
2002-03-22,18.836053311098933,19.234874340282655,18.764043107522895,19.013307571411133,9226600,0.0,0.0
2002-03-25,19.15177291339564,19.15177291339564,18.860964242941566,18.874813079833984,6856400,0.0,0.0
2002-03-26,18.849899319379766,19.226565136291555,18.8471312404147,19.143478393554688,9005600,0.0,0.0
2002-03-27,18.916379086404845,19.21549444243552,18.916379086404845,19.054859161376953,11604600,0.0,0.0
2002-03-28,18.985606243925762,19.279183127529816,18.783424541891105,18.838815689086914,8347400,0.0,0.0
2002-04-01,18.570157685523334,18.921895744410865,18.5147644509895,18.874813079833984,10230800,0.0,0.0
2002-04-02,18.694802232222123,19.04100227355957,18.66987684350376,19.04100227355957,8533400,0.0,0.0
2002-04-03,19.027149649784928,19.11023848842765,18.849895432848264,18.905288696289062,9998200,0.0,0.0
2002-04-04,18.791741182226225,19.101937235438804,18.788970989749593,19.027156829833984,8415000,0.0,0.0
2002-04-05,19.027155529812887,19.304115593495972,19.027155529812887,19.08808708190918,8954600,0.0,0.0
2002-04-08,18.777892078691913,19.331812174074713,18.777892078691913,19.24318504333496,10931400,0.0,0.0
2002-04-09,19.243176350649893,19.373345739312192,19.20994039924705,19.304105758666992,8511200,0.0,0.0
2002-04-10,19.262574042511602,19.412130623391285,19.207180759743498,19.370588302612305,15897200,0.0,0.0
2002-04-11,19.331801925096414,19.367805951514857,18.84712209859508,18.999448776245117,12846800,0.0,0.0
2002-04-12,19.151778591517832,19.401042938232422,19.08807688117659,19.401042938232422,12408800,0.0,0.0
2002-04-15,19.401051882559102,19.522912864771893,18.98561181751961,19.165634155273438,15707600,0.0,0.0
2002-04-16,19.359499916749996,19.641998121263175,19.323493772786552,19.586606979370117,15885400,0.0,0.0
2002-04-17,19.531215989889404,19.719548852422015,19.41489331059961,19.608766555786133,14004600,0.0,0.0
2002-04-18,19.456445822604163,19.650317035407895,19.27088307420091,19.558921813964844,11307200,0.0,0.0
2002-04-19,19.664158608949016,19.927269745121578,19.58938034397519,19.835874557495117,12846200,0.0,0.0
2002-04-22,19.71955273748704,19.99374468088055,19.63646599864072,19.68077850341797,13940600,0.0,0.0
2002-04-23,19.66416390736898,20.046368022621515,19.60877274157732,19.941123962402344,13752200,0.0,0.0
2002-04-24,19.899570746732373,20.07959512563852,19.802635192871094,19.802635192871094,11599600,0.0,0.0
2002-04-25,19.705699637966486,19.81648403367491,19.545062369841098,19.619840621948242,13122400,0.0,0.0
2002-04-26,19.719560144663124,19.97436506673341,19.567233343041682,19.880197525024414,16733400,0.0,0.0
2002-04-29,19.802641018290316,20.02143968310582,19.69185658998614,19.73893928527832,10507600,0.0,0.0
2002-04-30,19.733400607193673,20.218080622107202,19.733400607193673,20.07406234741211,11827800,0.0,0.0
2002-05-01,19.9521943825846,20.184839718526575,19.808174030112912,20.007585525512695,11877000,0.0,0.0
2002-05-02,19.9549690084426,20.37040901184082,19.952198816769553,20.37040901184082,12411600,0.0,0.0
2002-05-03,20.259625561814385,20.49504115244448,20.231929982864475,20.406414031982422,9504800,0.0,0.0
2002-05-06,20.398101906712498,20.603051689783673,19.9965086884226,20.0712890625,11719600,0.0,0.0
2002-05-07,20.267934181756324,20.46180534895007,20.154379560230527,20.207002639770508,13897200,0.0,0.0
2002-05-08,20.611357836975053,20.655672440792642,20.431333456780152,20.49503517150879,14052400,0.0,0.0
2002-05-09,20.384249685395485,20.758145154714867,20.342705274796334,20.611356735229492,12211400,0.0,0.0
2002-05-10,20.633509822703612,20.727675161999578,20.434098382975606,20.4534854888916,10408800,0.0,0.0
2002-05-13,20.45349494635011,20.77199935913086,20.45349494635011,20.77199935913086,11854800,0.0,0.0
2002-05-14,20.846785979999485,21.037889126846753,20.813552120052407,21.015731811523438,13379800,0.0,0.0
2002-05-15,20.81354002310521,21.187435521464906,20.81354002310521,21.026798248291016,11209200,0.0,0.0
2002-05-16,20.993568017174116,21.320380888805254,20.993568017174116,21.107120513916016,9952600,0.0,0.0
2002-05-17,21.28438036919663,21.325924801157047,21.173595921648037,21.298229217529297,12060600,0.0,0.0
2002-05-20,21.21236110205583,21.248367247128392,20.965866920876554,20.99356460571289,7851600,0.0,0.0
2002-05-21,21.05449641839032,21.145893717480266,20.75261105920082,20.769227981567383,12468400,0.0,0.0
2002-05-22,20.769227331427825,20.96310057612892,20.625209078339658,20.891090393066406,9651800,0.0,0.0
2002-05-23,21.021255385321748,21.24836240316428,20.99355981983582,21.228975296020508,9762800,0.0,0.0
2002-05-24,21.17358731597696,21.350841514797498,21.076651756158967,21.087730407714844,9245000,0.0,0.0
2002-05-28,21.08772457437072,21.132039168335794,20.938165989292813,20.968631744384766,8244800,0.0,0.0
2002-05-29,20.924333587012686,21.242835968760875,20.91325493093763,21.123743057250977,7656000,0.0,0.0
2002-05-30,20.932632882453213,21.201284363752425,20.913245771072685,21.026798248291016,8542200,0.0,0.0
2002-05-31,21.082193101147226,21.273294038361446,20.996334075927734,20.996334075927734,8579000,0.0,0.0
2002-06-03,20.985265742976136,21.11820752005214,20.59752329533334,20.619678497314453,11843200,0.0,0.0
2002-06-04,20.564282903070698,20.69722465157448,20.439651730691292,20.60582733154297,12731600,0.0,0.0
2002-06-05,20.68958595832715,20.829191804375533,20.410374266230384,20.44108772277832,11502200,0.3,0.0
2002-06-06,20.44108984703123,20.452258571501698,19.405214617329257,19.475017547607422,21196000,0.0,0.0
2002-06-07,19.209764025880077,19.924545229747462,19.195802590091784,19.81565284729004,21196000,0.0,0.0
2002-06-10,19.824031917964213,20.03902400287793,19.824031917964213,19.860328674316406,11071800,0.0,0.0
2002-06-11,19.963634729487733,20.2149256626154,19.72630523217339,19.743057250976562,10921000,0.0,0.0
2002-06-12,19.698381119062525,20.0138894904086,19.614616778952264,19.865907669067383,13975400,0.0,0.0
2002-06-13,19.87988018197239,19.94968313504142,19.433141708374023,19.433141708374023,10077200,0.0,0.0
2002-06-14,19.181844930805745,19.97480734890278,19.126003437090596,19.851953506469727,18796200,0.0,0.0
2002-06-17,19.851946585337096,20.56952039350747,19.851946585337096,20.48296546936035,11954800,0.0,0.0
2002-06-18,20.43829853319039,20.697965536818554,20.3266155412692,20.66166877746582,10561800,0.0,0.0
2002-06-19,20.480172831041077,20.784514618374534,20.424331356591342,20.59185791015625,11045000,0.0,0.0
2002-06-20,20.522059439756934,20.563941619758857,20.03343897690558,20.131162643432617,13195000,0.0,0.0
2002-06-21,19.90778908894146,20.214921440746043,19.61461603981879,19.617408752441406,20842200,0.0,0.0
2002-06-24,19.544817867183042,19.92175321429264,19.37729128293612,19.645334243774414,14473000,0.0,0.0
2002-06-25,19.76818438069929,20.086485470488512,19.533645502308666,19.553190231323242,11919400,0.0,0.0
2002-06-26,19.01432618343083,19.251655825200185,18.65693536332394,18.83283805847168,22387200,0.0,0.0
2002-06-27,19.064567778149385,19.20138086619846,18.902624538294706,19.153915405273438,15906000,0.0,0.0
2002-06-28,19.2097646986892,19.68442370909149,19.17905124305205,19.645334243774414,14093000,0.0,0.0
2002-07-01,19.645342056531483,19.88546437052556,19.335416793823242,19.335416793823242,12482600,0.0,0.0
2002-07-02,19.33541363528419,19.662090870650005,19.153925572230982,19.402423858642578,13165000,0.0,0.0
2002-07-03,19.3354146442673,19.51131728859345,19.017113403934243,19.20977020263672,11107400,0.0,0.0
2002-07-05,19.54482533243401,19.7961163698944,19.488983826428104,19.773778915405273,7266800,0.0,0.0
2002-07-08,19.773774633965154,20.228888987000442,19.754229898073245,20.08649253845215,10838800,0.0,0.0
2002-07-09,20.181417971689758,20.298686354893682,19.5531917513912,19.611825942993164,14075400,0.0,0.0
2002-07-10,19.701179069222594,19.73468524384013,18.916594786322612,19.014318466186523,16285600,0.0,0.0
2002-07-11,18.88867744492841,19.475021760047767,18.790953747444654,19.3074951171875,15699600,0.0,0.0
2002-07-12,19.31027883876875,19.45546796024269,19.019898465605028,19.15671157836914,13371800,0.0,0.0
2002-07-15,18.735108102345645,18.986399104775703,18.07896091226804,18.927764892578125,22688200,0.0,0.0
2002-07-16,18.721140825980633,18.95009427960263,18.383292875799285,18.51173210144043,14742200,0.0,0.0
2002-07-17,18.77698417076698,18.90542127898572,17.981231364294388,18.148757934570312,15897000,0.0,0.0
2002-07-18,18.12083642903497,18.260442253403163,17.341835673434538,17.481441497802734,14895000,0.0,0.0
2002-07-19,17.408844321856044,17.481439940520975,17.045869423854853,17.177099227905273,16266800,0.0,0.0
2002-07-22,17.065414403411683,17.436766379866057,16.613091864327416,16.82808494567871,20690000,0.0,0.0
2002-07-23,16.892303011739646,17.087751358781336,15.998825614626071,16.166353225708008,30282400,0.0,0.0
2002-07-24,16.079801319829624,16.61309560678773,15.387356454284044,16.47348976135254,35287800,0.0,0.0
2002-07-25,16.305964875355937,17.031914921371104,16.19148811275105,16.73874282836914,24442600,0.0,0.0
2002-07-26,16.752700205393445,17.252489350480268,16.696857658353867,17.21339988708496,13935400,0.0,0.0
2002-07-29,17.64617655762815,18.009151490935498,17.277617263487404,17.953310012817383,15390800,0.0,0.0
2002-07-30,17.743906567596923,18.18785329440556,17.534497754293007,17.947731018066406,14503200,0.0,0.0
2002-07-31,18.037076578525646,18.56757926940918,17.947728913866467,18.56757926940918,17595800,0.0,0.0
2002-08-01,18.497770595066843,18.503353890404412,17.995188806057996,18.092914581298828,14379600,0.0,0.0
2002-08-02,18.0231219859967,18.073380193654696,17.50099516922842,17.73274040222168,13137200,0.0,0.0
2002-08-05,17.735521932716683,17.799740476426543,17.25527761353782,17.32787322998047,14106800,0.0,0.0
2002-08-06,17.66013557379111,18.2995304612586,17.63221483687173,17.794157028198242,12956800,0.0,0.0
2002-08-07,18.106881767218766,18.21856689453125,17.858383477312223,18.21856689453125,13150400,0.0,0.0
2002-08-08,18.355374084458152,19.181840349299524,18.330246057352998,19.095285415649414,16347800,0.0,0.0
2002-08-09,19.05619518139576,19.37449629312928,18.74627007835799,19.212553024291992,11041200,0.0,0.0
2002-08-12,18.944511085370586,19.229308177210342,18.679260855130615,19.112037658691406,9509400,0.0,0.0
2002-08-13,19.11204085474131,19.542027147306857,18.7937396731384,18.807701110839844,13428400,0.0,0.0
2002-08-14,18.80769894157614,19.34937028262842,18.56757672627767,19.265605926513672,15394400,0.0,0.0
2002-08-15,19.37729263305664,19.59507742077349,19.30190428025235,19.37729263305664,14115400,0.0,0.0
2002-08-16,19.251647286195702,19.419176022754144,19.153923610014193,19.18463706970215,10693800,0.0,0.0
2002-08-19,19.184638315676807,19.623000660346552,19.184638315676807,19.572742462158203,10599200,0.0,0.0
2002-08-20,19.4052114091782,19.488975763750272,19.15950590209803,19.26839828491211,9451800,0.0,0.0
2002-08-21,19.321446852386362,19.519689014117713,19.017107152377395,19.416379928588867,8370000,0.0,0.0
2002-08-22,19.32703907397559,19.709557835808827,19.29911832299909,19.642547607421875,9600400,0.0,0.0
2002-08-23,19.53923593220577,19.63975018558442,19.20697332364398,19.37729263305664,8659400,0.0,0.0
2002-08-26,19.61460983249503,19.963624242325903,19.33539830463033,19.824018478393555,11739000,0.0,0.0
2002-08-27,19.93571662902832,20.12837126143445,19.854744977059706,19.93571662902832,11534200,0.0,0.0
2002-08-28,19.743058569717597,19.874288406350676,19.405212676585712,19.547611236572266,9822600,0.0,0.0
2002-08-29,19.279567619643423,19.818446254618685,19.153921083796163,19.645334243774414,8516400,0.0,0.0
2002-08-30,19.58669866194171,19.85194889074063,19.494558301540255,19.567153930664062,8745600,0.0,0.0
2002-09-03,19.181848822695095,19.290741248684803,18.63738669274655,18.743486404418945,13533600,0.0,0.0
2002-09-04,18.861803038694465,19.115360205079043,18.76601596996423,18.980131149291992,11440200,0.3,0.0
2002-09-05,18.706856424609747,18.980134634706133,18.45329921166323,18.966047286987305,11224600,0.0,0.0
2002-09-06,19.171710922908108,19.597121310593465,19.137902578099133,19.521055221557617,12251800,0.0,0.0
2002-09-09,19.368923614171436,19.59712406275424,19.087193816147124,19.509788513183594,11795000,0.0,0.0
2002-09-10,19.50979163169072,19.537964186110788,19.112551521254986,19.30694580078125,9022400,0.0,0.0
2002-09-11,19.659097541204364,19.678818533644566,19.242138801203804,19.366098403930664,6122000,0.0,0.0
2002-09-12,19.33229607362011,19.335111823511227,18.906883552475023,18.96886444091797,8555000,0.0,0.0
2002-09-13,18.932239172810867,19.298488723688365,18.811095289006236,19.242143630981445,9796800,0.0,0.0
2002-09-16,19.157629167423835,19.433725357055664,19.01676424707513,19.433725357055664,8329200,0.0,0.0
2002-09-17,19.67600730286933,19.721085100538712,19.115365628279484,19.17171287536621,11468400,0.0,0.0
2002-09-18,18.678682327270508,18.915334273414175,18.526548012137876,18.678682327270508,18397000,0.0,0.0
2002-09-19,18.28426704350616,18.35469950349699,17.785605097805366,17.85040283203125,16487400,0.0,0.0
2002-09-20,17.853216372197313,17.932101443676125,17.54613086015877,17.777149200439453,24144600,0.0,0.0
2002-09-23,17.658821968825684,18.120858617035356,17.298208209191557,17.988445281982422,12708800,0.0,0.0
2002-09-24,17.903931879631156,18.25327736898485,17.441895094306084,17.46725082397461,15573400,0.0,0.0
2002-09-25,17.77714305151186,18.115219969974323,17.354548515504,17.889835357666016,13811400,0.0,0.0
2002-09-26,18.17157648850163,18.630795399610655,18.030711554482235,18.571632385253906,13685600,0.0,0.0
2002-09-27,18.45612313184134,18.802649644722415,17.960277992483473,18.05324935913086,14120200,0.0,0.0
2002-09-30,18.05042476547243,18.281443071538238,17.4672442764144,17.97435760498047,16546400,0.0,0.0
2002-10-01,17.977175462928486,18.698403998934342,17.86729995932817,18.636423110961914,12892000,0.0,0.0
2002-10-02,18.340609139578426,18.695589281472337,17.960274347977396,18.08423614501953,15673000,0.0,0.0
2002-10-03,17.875752828249617,18.01661770305897,16.833352539717662,16.84743881225586,23276000,0.0,0.0
2002-10-04,16.87561132076722,17.264397575845138,16.024787403980834,16.34032440185547,21492200,0.0,0.0
2002-10-07,16.343141757156904,16.59388212871017,15.554298699489973,15.664173126220703,18664200,0.0,0.0
2002-10-08,15.903647112163426,16.467106701081786,15.72052231587941,16.114944458007812,23262400,0.0,0.0
2002-10-09,16.11776010677346,16.11776010677346,15.210590965627272,15.255667686462402,20963200,0.0,0.0
2002-10-10,15.255665541476127,16.1402967351802,15.199319379676183,15.962806701660156,16985600,0.0,0.0
2002-10-11,16.41075356227853,17.129164018302543,16.38539784854999,16.734743118286133,15836400,0.0,0.0
2002-10-14,16.73756283825341,17.227773030254834,16.537534992402794,17.103811264038086,11443600,0.0,0.0
2002-10-15,17.748981722407468,18.580083975034583,17.748981722407468,18.523738861083984,30901600,0.0,0.0
2002-10-16,18.34060078638967,18.8758875804981,18.337782887896367,18.833627700805664,20498400,0.0,0.0
2002-10-17,18.833621303008563,19.36890791527968,18.833621303008563,19.321014404296875,19231800,0.0,0.0
2002-10-18,19.323839240318183,19.70699180722757,19.171707092640588,19.529502868652344,16167800,0.0,0.0
2002-10-21,19.41117588806931,19.890115496787832,19.29848358324526,19.819683074951172,16888200,0.0,0.0
2002-10-22,19.552044143631463,19.763341446013445,19.456254915516098,19.62247657775879,14686200,0.0,0.0
2002-10-23,19.552048046233,19.79996949005264,19.242145704101514,19.749258041381836,18444000,0.0,0.0
2002-10-24,19.816873587180936,19.91829648962715,19.205520422022484,19.292858123779297,13821400,0.0,0.0
2002-10-25,19.12945694370251,19.805609002942493,19.016764575591157,19.670377731323242,13621800,0.0,0.0
2002-10-28,19.946461062214215,19.999988236740524,19.495691880470698,19.580211639404297,13550000,0.0,0.0
2002-10-29,19.622481253396494,19.723904154661042,19.335115650004333,19.563318252563477,14682400,0.0,0.0
2002-10-30,19.678830477978764,20.000002349474258,19.630936917186762,19.847867965698242,12186000,0.0,0.0
2002-10-31,19.904201770855234,20.05915180090945,19.560491226862254,19.664731979370117,14313000,0.0,0.0
2002-11-01,19.495705026969894,19.938020811544554,19.453447268434264,19.794340133666992,10612600,0.0,0.0
2002-11-04,19.797155884617233,20.28454947753417,19.73235922191046,19.794340133666992,13113600,0.0,0.0
2002-11-05,19.72108610269518,20.095787254509062,19.69291355243403,20.00844955444336,9459600,0.0,0.0
2002-11-06,19.997180458368163,20.143678996228953,19.4928839010907,19.74643898010254,15957800,0.0,0.0
2002-11-07,19.74925307676245,19.74925307676245,18.895612363250788,18.999853134155273,14829000,0.0,0.0
2002-11-08,19.05620734939406,19.31258255090712,18.720948131854904,18.906890869140625,11900600,0.0,0.0
2002-11-11,18.88997975720855,19.039296174159865,18.763200085690162,18.80545997619629,7378000,0.0,0.0
2002-11-12,18.935058658044404,19.340750237678034,18.926607108373318,18.97450065612793,10981600,0.0,0.0
2002-11-13,18.904070942077038,19.298493129350828,18.664601019262662,18.963233947753906,12475400,0.0,0.0
2002-11-14,19.256230840644463,19.43653773545161,19.20270364181054,19.36892318725586,9758200,0.0,0.0
2002-11-15,19.371742160013014,19.444990362354062,19.157626904534304,19.38019371032715,10951400,0.0,0.0
2002-11-18,19.537953911512616,19.566126451117338,18.88997690289606,18.99139976501465,9449400,0.0,0.0
2002-11-19,18.99422736526806,19.433727425137473,18.763208957288988,19.21961212158203,12838200,0.0,0.0
2002-11-20,19.171704486554333,19.650644055373377,19.171704486554333,19.580211639404297,10154400,0.0,0.0
2002-11-21,19.583036786877425,20.21411086572372,19.583036786877425,20.121139526367188,15202000,0.0,0.0
2002-11-22,20.12396384110599,20.28454977417441,19.887309642704604,20.078886032104492,9998400,0.0,0.0
2002-11-25,20.07888314113423,20.284546853592555,19.915481480601073,20.059162139892578,9659200,0.0,0.0
2002-11-26,20.04506974429722,20.047887643299777,19.560494288360932,19.597118377685547,10350400,0.0,0.0
2002-11-27,19.763342320539564,20.087331961747243,19.670370987514964,19.9999942779541,8072600,0.0,0.0
2002-11-29,20.028169267123147,20.05915971524663,19.667555488334624,19.743623733520508,4974200,0.0,0.0
2002-12-02,19.746440448302128,20.08733539431181,19.368923551888827,19.470346450805664,15108600,0.0,0.0
2002-12-03,19.47315522774149,19.706989216236995,19.278761070983606,19.523866653442383,11371400,0.0,0.0
2002-12-04,19.464162847223367,19.833826429830015,19.41866702582799,19.577905654907227,12885800,0.32,0.0
2002-12-05,19.577896923267087,19.648985875181246,19.199703178412722,19.22245216369629,9349800,0.0,0.0
2002-12-06,19.094498764291743,19.648991891208997,19.080280101770455,19.40444564819336,12003200,0.0,0.0
2002-12-09,19.364634582840463,19.53524767332434,19.279329122330104,19.350418090820312,9576600,0.0,0.0
2002-12-10,19.353266915207673,19.72861671447754,19.31061525463694,19.72861671447754,8687800,0.0,0.0
2002-12-11,19.52102386173223,19.808223794194326,19.503961040457483,19.762725830078125,9990600,0.0,0.0
2002-12-12,19.876469511970026,19.91912331298285,19.651828184800753,19.77410125732422,8538400,0.0,0.0
2002-12-13,19.677422865098187,19.72007667413429,19.407285690307617,19.407285690307617,7195400,0.0,0.0
2002-12-16,19.492595072300325,20.10395843577741,19.452785425454273,19.984529495239258,10135000,0.0,0.0
2002-12-17,19.919130151501566,20.00443561335135,19.7087052394531,19.73714256286621,8419200,0.0,0.0
2002-12-18,19.407286185859938,19.634771726885948,19.30776207520965,19.469844818115234,11451200,0.0,0.0
2002-12-19,19.4499393319095,19.754199985202305,19.40728552324058,19.478374481201172,10848600,0.0,0.0
2002-12-20,19.725768062561347,19.990219116210938,19.66889558521224,19.990219116210938,13935800,0.0,0.0
2002-12-23,19.84803812961277,20.16082911388654,19.776949170938604,19.936187744140625,8917400,0.0,0.0
2002-12-24,19.936194373149924,19.970317865666594,19.813921236794645,19.833826065063477,2935800,0.0,0.0
2002-12-26,19.916281797680455,20.08689485497019,19.748510736563926,19.85940933227539,4670800,0.0,0.0
2002-12-27,19.859407863111297,19.961776123804658,19.592114888600907,19.66888999938965,6335000,0.0,0.0
2002-12-30,19.720070609922367,19.933337420057352,19.52102245491459,19.848031997680664,6909400,0.0,0.0
2002-12-31,19.84803178871102,19.904902069696718,19.51533391961199,19.782629013061523,7148400,0.0,0.0
2003-01-02,19.879319265405318,20.146612299262408,19.74567166374525,20.0982723236084,12584000,0.0,0.0
2003-01-03,19.933348230099725,20.064151684249662,19.774109619736905,19.97315788269043,7803400,0.0,0.0
2003-01-06,19.805384189760506,20.38831234536248,19.62339663031315,20.260353088378906,12500600,0.0,0.0
2003-01-07,20.263204168910153,20.433817292930378,20.140931032294002,20.29163932800293,9804800,0.0,0.0
2003-01-08,20.294467430289323,20.294467430289323,20.121010276823974,20.20915985107422,8487600,0.0,0.0
2003-01-09,20.3030101823515,20.496372266734397,20.3030101823515,20.473623275756836,8655400,0.0,0.0
2003-01-10,20.26604521814728,20.60158528645801,20.243298393615305,20.41675567626953,10312600,0.0,0.0
2003-01-13,20.48783879895847,20.612953891242345,20.359877371409446,20.581674575805664,9200200,0.0,0.0
2003-01-14,20.487834352467587,20.61294941759764,20.388308096153214,20.610107421875,9981800,0.0,0.0
2003-01-15,20.61010704426205,20.615793205065533,20.152294083668437,20.317218780517578,12833200,0.0,0.0
2003-01-16,20.271729665161125,20.448031080632575,20.061306934701246,20.189266204833984,10803400,0.0,0.0
2003-01-17,20.04140211820646,20.348504800525973,20.00727863374293,20.32575798034668,10169000,0.0,0.0
2003-01-21,20.26035186252464,20.40537393593753,20.11248779296875,20.11248779296875,8987600,0.0,0.0
2003-01-22,20.115327762114493,20.325752606478023,19.970307872777784,20.160825729370117,13887400,0.0,0.0
2003-01-23,20.20917028580979,20.442341997336076,20.13239516044387,20.359878540039062,11231000,0.0,0.0
2003-01-24,20.359877357721082,20.359877357721082,19.779791193825595,19.79685401916504,12940400,0.0,0.0
2003-01-27,19.791170237835352,19.904913031910368,19.48122334768087,19.512502670288086,14438800,0.0,0.0
2003-01-28,19.515346810792888,19.714397264653176,19.478381320680242,19.64899444580078,8976000,0.0,0.0
2003-01-29,19.64899247830186,19.998751193820873,19.36463657508631,19.788326263427734,11114000,0.0,0.0
2003-01-30,19.677431191905654,19.90207265639096,19.492601556973785,19.538097381591797,10439200,0.0,0.0
2003-01-31,19.538084833331258,19.987367473751807,19.449935238241263,19.91912269592285,11305000,0.0,0.0
2003-02-03,19.919125220708242,20.041398304942234,19.8025382980714,19.913436889648438,8517400,0.0,0.0
2003-02-04,19.91628327130547,19.91628327130547,19.46131436171501,19.518184661865234,12388000,0.0,0.0
2003-02-05,19.620552397122346,19.94756203763362,19.412971685313785,19.478374481201172,13363200,0.0,0.0
2003-02-06,19.4812110476661,19.62623090332258,19.22813462960442,19.455617904663086,14258200,0.0,0.0
2003-02-07,19.45846941428907,19.66889211974841,19.233828049631843,19.319135665893555,9889600,0.0,0.0
2003-02-10,19.31913324626331,19.46415313849724,19.194016003273223,19.39590835571289,11253400,0.0,0.0
2003-02-11,19.39591189270471,19.66889324308487,19.176958847006837,19.259422302246094,11087000,0.0,0.0
2003-02-12,19.262273267276797,19.378860259145586,19.108720779418945,19.108720779418945,10268000,0.0,0.0
2003-02-13,19.165581869950017,19.333350755125366,18.923879867334403,19.22245216369629,11433200,0.0,0.0
2003-02-14,19.179798833475452,19.592116066462598,19.12008437272477,19.583585739135742,10414400,0.0,0.0
2003-02-18,19.583596074290057,19.92197819712357,19.583596074290057,19.850889205932617,9671800,0.0,0.0
2003-02-19,19.848044729311315,19.850886726590026,19.62055911812731,19.833826065063477,8897600,0.0,0.0
2003-02-20,19.83382532365889,19.8594163149921,19.683117033905102,19.751361846923828,8666000,0.0,0.0
2003-02-21,19.791167381773587,20.04993225518849,19.725766749006176,20.007278442382812,11533600,0.0,0.0
2003-02-24,19.90491782096398,20.004441976176025,19.521037696881024,19.526723861694336,11315600,0.0,0.0
2003-02-25,19.40728168935363,19.674576812709695,19.233824492639048,19.640453338623047,12131800,0.0,0.0
2003-02-26,19.6404650589593,19.6404650589593,19.35326494669992,19.430042266845703,13251600,0.0,0.0
2003-02-27,19.430039048839657,19.76557909556607,19.421508719005963,19.677427291870117,10065200,0.0,0.0
2003-02-28,19.69164307043472,19.933345114662977,19.592118954512852,19.688798904418945,12520400,0.0,0.0
2003-03-03,19.748500023813236,19.978829587199634,19.449927877885013,19.50111198425293,12544800,0.0,0.0
2003-03-04,19.526717344219616,19.76273324027827,19.344729758441733,19.350418090820312,9746800,0.0,0.0
2003-03-05,19.419313252414863,19.620251311646825,19.359031834645272,19.617380142211914,12694200,0.32,0.0
2003-03-06,19.617382407952753,19.66331236397372,19.327457773298555,19.562843322753906,10890600,0.0,0.0
2003-03-07,19.264293470582434,19.82692194952675,19.264293470582434,19.803956985473633,11318000,0.0,0.0
2003-03-10,19.591533969812524,19.646075204759892,19.117892051211804,19.186784744262695,12046800,0.0,0.0
2003-03-11,19.186797425449374,19.287268648874896,18.764827485317017,18.839460372924805,15528200,0.0,0.0
2003-03-12,18.78778301881464,18.902605665503998,18.446188437240075,18.899734497070312,17628800,0.0,0.0
2003-03-13,19.089192364239945,19.448011769582802,18.960018254340454,19.404953002929688,14148600,0.0,0.0
2003-03-14,19.476726632091644,19.648959594846772,19.28727103007929,19.32171630859375,12576000,0.0,0.0
2003-03-17,19.321707959801568,19.847020130772318,19.140863755559504,19.841279983520508,14287000,0.0,0.0
2003-03-18,19.844154346236895,19.892955466388024,19.473852331314628,19.617380142211914,12402200,0.0,0.0
2003-03-19,19.634596822183898,19.984804885878383,19.617372002781757,19.95035743713379,11742200,0.0,0.0
2003-03-20,19.950362223411116,20.079536354588974,19.50542521146923,19.95610237121582,12306000,0.0,0.0
2003-03-21,19.956094281951664,20.237409591674805,19.956094281951664,20.237409591674805,16477000,0.0,0.0
2003-03-24,19.8786000302847,20.007774172507883,19.712107258929194,19.749425888061523,11811400,0.0,0.0
2003-03-25,19.832668042622252,20.065184540779356,19.735070201219646,19.89582061767578,8564800,0.0,0.0
2003-03-26,19.930268098871426,19.941750584355457,19.631730046467204,19.67765998840332,10195200,0.0,0.0
2003-03-27,19.677658584343398,19.740808964909327,19.416436985856084,19.603023529052734,9681000,0.0,0.0
2003-03-28,19.603021490167354,19.78673684557482,19.43939993331821,19.686267852783203,9108200,0.0,0.0
2003-03-31,19.235585833980497,19.5513463830279,19.18104459903313,19.186784744262695,11451800,0.0,0.0
2003-04-01,19.36190532988215,19.519786834716797,19.29014140769569,19.519786834716797,13214600,0.0,0.0
2003-04-02,19.878599471755667,20.09101999368822,19.755165481296142,20.042221069335938,13986000,0.0,0.0
2003-04-03,20.09389205184504,20.151302295968996,19.835541573166374,19.861377716064453,10945200,0.0,0.0
2003-04-04,19.964713215152734,20.093887329101562,19.875724510597397,20.093887329101562,8445600,0.0,0.0
2003-04-07,20.29483019013533,20.52447554781336,19.933141708374023,19.933141708374023,15174400,0.0,0.0
2003-04-08,19.933135854388567,20.389553076405477,19.87859460519417,20.33788299560547,13142400,0.0,0.0
2003-04-09,20.10537264161665,20.472803425485655,20.10537264161665,20.139820098876953,13717600,0.0,0.0
2003-04-10,20.251773310767447,20.44122886657715,20.154173268636068,20.44122886657715,9260800,0.0,0.0
2003-04-11,20.257514286759392,20.668003896188896,20.257514286759392,20.478546142578125,11159600,0.0,0.0
2003-04-14,20.53595587467195,20.68235482954454,20.280476590908922,20.668001174926758,14626600,0.0,0.0
2003-04-15,20.668001355823602,20.94070327546663,20.380945781437163,20.86319923400879,13615800,0.0,0.0
2003-04-16,20.9119927991268,20.940697911200164,20.524468310987228,20.665124893188477,13037600,0.0,0.0
2003-04-17,20.665127362082323,20.9263489502957,20.639293415147776,20.92060661315918,9319200,0.0,0.0
2003-04-21,20.92061445934166,21.207670102148512,20.81727425272633,20.89765167236328,8177400,0.0,0.0
2003-04-22,20.81727244031764,21.356938403448613,20.777084829028386,21.31100845336914,13733200,0.0,0.0
2003-04-23,21.155998677981117,21.47463059680803,21.147387359644274,21.39999771118164,11959800,0.0,0.0
2003-04-24,21.118675840837696,21.399991231674502,20.998113040504755,21.11580467224121,11075400,0.0,0.0
2003-04-25,21.00385152515592,21.155990597828332,20.777077405302027,20.834489822387695,8547800,0.0,0.0
2003-04-28,20.85458514552355,21.299519912652666,20.837360324108662,21.147380828857422,8856000,0.0,0.0
2003-04-29,21.16173459957379,21.30239119989594,20.897644030380377,21.1674747467041,10198600,0.0,0.0
2003-04-30,21.13590659717172,21.37129214118937,21.044048877312655,21.256471633911133,11023600,0.0,0.0
2003-05-01,21.25646876716502,21.38277174614943,20.900518234413095,21.313879013061523,10601600,0.0,0.0
2003-05-02,21.256467962638517,21.526298736211984,21.233502989124904,21.50333595275879,11668000,0.0,0.0
2003-05-05,21.40572918332015,21.503329195050682,21.247847777605937,21.28229522705078,10577600,0.0,0.0
2003-05-06,21.285167197845894,21.49471650053821,21.199049666016844,21.35980224609375,10374400,0.0,0.0
2003-05-07,21.359812173377897,21.463150193516878,21.158871902406794,21.316753387451172,12018400,0.0,0.0
2003-05-08,21.184698230615062,21.37989607162019,21.104320845446047,21.153121948242188,9640200,0.0,0.0
2003-05-09,21.28517571123725,21.31100966708284,21.038307690651767,21.242116928100586,10074400,0.0,0.0
2003-05-12,21.193315667673705,21.448794978808202,21.101457962435017,21.388513565063477,8687200,0.0,0.0
2003-05-13,21.388518022290263,21.451670618438783,21.21628506283306,21.33397674560547,9294600,0.0,0.0
2003-05-14,21.3856440187984,21.402866655443805,21.155998643243432,21.22489356994629,7810200,0.0,0.0
2003-05-15,21.29952023644469,21.377026458840085,21.184699772252944,21.362672805786133,9063800,0.0,0.0
2003-05-16,21.193309407284673,21.38276491022389,21.18182692376414,21.28803825378418,10707600,0.0,0.0
2003-05-19,21.28804404576682,21.28804404576682,20.7340266580099,20.802919387817383,10856000,0.0,0.0
2003-05-20,20.85458732330313,20.989503789832323,20.679483252709083,20.81439971923828,9977600,0.0,0.0
2003-05-21,20.762725807891485,21.069875119598322,20.754114492899852,20.969406127929688,9787000,0.0,0.0
2003-05-22,20.955054499772277,21.141641039494573,20.90338441477318,20.989501953125,9361200,0.0,0.0
2003-05-23,20.98949922012832,21.242107274976824,20.92634665890127,21.17034339904785,6137000,0.0,0.0
2003-05-27,21.026824262401124,21.529171599728116,20.963671675298894,21.52630043029785,12112200,0.0,0.0
2003-05-28,21.466023063027087,21.600939580918997,21.313883905425058,21.339717864990234,15869000,0.0,0.0
2003-05-29,21.242110503243477,21.494718596482063,21.05552395945974,21.12154769897461,10486400,0.0,0.0
2003-05-30,21.207672301674208,21.41722390628331,21.184709512314274,21.299530029296875,10914600,0.0,0.0
2003-06-02,21.443048146311206,21.615283223839796,21.2449813112493,21.27942657470703,13884000,0.0,0.0
2003-06-03,21.322479875995374,21.735840451962787,21.322479875995374,21.732969284057617,14217200,0.0,0.0
2003-06-04,21.741662870183088,22.233819024054142,21.741662870183088,22.193288803100586,15276200,0.32,0.0
2003-06-05,21.848780464246012,22.40752105364123,21.848780464246012,22.21065902709961,11684000,0.0,0.0
2003-06-06,22.36408730985281,22.581214371113518,22.178805727608797,22.268550872802734,11757400,0.0,0.0
2003-06-09,22.089075388055107,22.26856579874999,21.86036779851702,21.9530086517334,9071600,0.0,0.0
2003-06-10,21.95299590070538,22.320663452148438,21.88640929078862,22.320663452148438,8608600,0.0,0.0
2003-06-11,22.369880291994455,22.71149368293625,22.23960491602362,22.694124221801758,11708200,0.0,0.0
2003-06-12,22.694119255613924,22.743334190545923,22.55226353368557,22.708595275878906,8836800,0.0,0.0
2003-06-13,22.70571402774628,22.792565786947595,22.589912418388526,22.72308349609375,7655200,0.0,0.0
2003-06-16,22.763609409260237,23.128383636474613,22.763609409260237,23.12838363647461,11025600,0.0,0.0
2003-06-17,23.145752351068868,23.145752351068868,22.983631459221865,23.113906860351562,9175600,0.0,0.0
2003-06-18,23.113906957045778,23.16022847418527,22.928625305950817,23.082063674926758,9997600,0.0,0.0
2003-06-19,23.082060467980618,23.087849552452987,22.66807135317359,22.69991683959961,10153600,0.0,0.0
2003-06-20,22.772291733341156,22.974942813632143,22.69991603198993,22.844667434692383,12829600,0.0,0.0
2003-06-23,22.847552859512017,22.91413945324401,22.465409378749705,22.55805015563965,12384000,0.0,0.0
2003-06-24,22.55806144832886,22.5696418273286,21.935629881664546,22.450946807861328,20650200,0.0,0.0
2003-06-25,22.407521079670367,23.070482872636052,22.393045053646823,22.769399642944336,24128800,0.0,0.0
2003-06-26,22.754916044832594,23.116794487685308,22.754916044832594,23.061790466308594,15608400,0.0,0.0
2003-06-27,23.024166278529506,23.12549185616165,22.957581845542073,23.047327041625977,12264400,0.0,0.0
2003-06-30,23.05021185462788,23.148641738423795,22.879404067993164,22.879404067993164,14915400,0.0,0.0
2003-07-01,22.841770382599314,23.16022300720215,22.743338286278593,23.16022300720215,13989000,0.0,0.0
2003-07-02,23.116805924366446,23.342617831026562,23.056010580937325,23.276033401489258,19887200,0.0,0.0
2003-07-03,23.276026188115257,23.368666998259023,23.027053596716797,23.16312026977539,9123800,0.0,0.0
2003-07-07,23.22101873346459,23.443937120695,23.194964542316917,23.4207763671875,10966400,0.0,0.0
2003-07-08,23.362881425423446,23.666860331522834,23.362881425423446,23.588695526123047,9093400,0.0,0.0
2003-07-09,23.478686937445133,23.994001794096846,23.192079658166314,23.69581413269043,10688400,0.0,0.0
2003-07-10,23.695819351203316,23.727664856884502,23.470007371814926,23.623443603515625,10835200,0.0,0.0
2003-07-11,23.739233950954077,23.993995666503906,23.721864486564527,23.993995666503906,11561200,0.0,0.0
2003-07-14,24.144535826148992,24.578790059681417,24.063475389286605,24.16190528869629,23332000,0.0,0.0
2003-07-15,24.3182323707078,24.434033918981147,23.97372337199558,24.173480987548828,17591800,0.0,0.0
2003-07-16,24.237181247837142,24.24586598076154,23.76818579133453,23.96504783630371,12721200,0.0,0.0
2003-07-17,23.791351856235995,23.8926774441654,23.516324944894443,23.600278854370117,11370400,0.0,0.0
2003-07-18,23.68132296073908,24.072151184082035,23.6697425870962,24.07215118408203,10361800,0.0,0.0
2003-07-21,24.07216565935724,24.07216565935724,23.663965525722443,23.79134750366211,9352400,0.0,0.0
2003-07-22,23.782655153876206,24.22848972515254,23.704488161998682,24.083738327026367,9670600,0.0,0.0
2003-07-23,24.031626205956538,24.219803453290993,23.933194112954904,24.132951736450195,6604600,0.0,0.0
2003-07-24,24.14743202329225,24.30376160724418,23.67554099850826,23.727651596069336,9175800,0.0,0.0
2003-07-25,23.782648381261506,24.182161331176754,23.666846853991306,24.182161331176758,7315400,0.0,0.0
2003-07-28,24.08664884615762,24.17639627857887,23.950584290760617,23.979534149169922,6675600,0.0,0.0
2003-07-29,23.979521849089778,24.185068609714893,23.776868526708597,23.993995666503906,8460800,0.0,0.0
2003-07-30,23.993998257797475,24.144540994536776,23.85503811021075,23.956363677978516,7289600,0.0,0.0
2003-07-31,24.14453900289812,24.260340588822615,23.883985986750893,23.904251098632812,9816000,0.0,0.0
2003-08-01,23.90135338509491,23.90135338509491,23.3252433610632,23.37445831298828,12767400,0.0,0.0
2003-08-04,23.374470854771367,23.652393460844195,23.128393754379726,23.623443603515625,11993800,0.0,0.0
2003-08-05,23.46420976861065,23.608961211455302,23.01837505960132,23.102331161499023,12028200,0.0,0.0
2003-08-06,23.10232055550783,23.524994309522082,23.01836449215332,23.333921432495117,10170000,0.0,0.0
2003-08-07,23.218123215769108,23.342609505648056,23.053106711392925,23.31365966796875,9044400,0.0,0.0
2003-08-08,23.449741000407045,23.54817095182213,23.362889224319975,23.5336971282959,6158400,0.0,0.0
2003-08-11,23.46131072830657,23.577112307581277,23.189177348320722,23.336824417114258,8421600,0.0,0.0
2003-08-12,23.339720244140445,23.59158630662064,23.30787475437582,23.574216842651367,7081400,0.0,0.0
2003-08-13,23.57420712073576,23.652371885094066,23.304969496587454,23.388925552368164,6107400,0.0,0.0
2003-08-14,23.423676624398052,23.594482245493342,23.24997314763011,23.571321487426758,5994400,0.0,0.0
2003-08-15,23.571321663635274,23.594482421875,23.469996107250818,23.594482421875,3451600,0.0,0.0
2003-08-18,23.493156256296377,23.551055941662838,23.359985212968386,23.469995498657227,6788600,0.0,0.0
2003-08-19,23.67554319657972,23.684227928857656,23.30497989451124,23.510526657104492,9750800,0.0,0.0
2003-08-20,23.51052582937726,23.727652963607266,23.348404942612913,23.655277252197266,7226600,0.0,0.0
2003-08-21,23.655267342401846,23.79133397624789,23.36286897235378,23.44682502746582,9304400,0.0,0.0
2003-08-22,23.536594555826007,23.562648765382335,22.650713882456866,22.69124412536621,18321200,0.0,0.0
2003-08-25,22.7259674452002,22.763602010157424,22.474099240154874,22.482786178588867,14025400,0.0,0.0
2003-08-26,22.482793020930846,22.63912262062593,22.352515409542914,22.54937744140625,14179600,0.0,0.0
2003-08-27,22.549377195693882,22.64491366792437,22.433575611965853,22.474105834960938,7649600,0.0,0.0
2003-08-28,22.494389107462492,22.731781551836246,22.42201333529082,22.668092727661133,8092200,0.0,0.0
2003-08-29,22.618857881369927,22.957577909571004,22.587012389755028,22.94310188293457,9163000,0.0,0.0
2003-09-02,22.94310385413612,23.13128117291955,22.888097598669585,22.995214462280273,15231000,0.0,0.0
2003-09-03,23.04494335706598,23.10050705644897,22.641362987456095,22.810983657836914,21272600,0.4,0.0
2003-09-04,22.635507788482567,22.664752183769142,22.196835165570906,22.296266555786133,23552600,0.0,0.0
2003-09-05,22.09447088150972,22.591632119820463,22.09447088150972,22.269939422607422,15824400,0.0,0.0
2003-09-08,22.389836744635875,22.582853655773853,22.32842288142007,22.512666702270508,11766000,0.0,0.0
2003-09-09,22.43077740148562,22.44540070484939,22.23191252423363,22.25823402404785,9464600,0.0,0.0
2003-09-10,22.167578234229897,22.170501110262588,21.810791012370206,21.895601272583008,16089800,0.0,0.0
2003-09-11,21.875124070370116,22.325492289986123,21.875124070370116,22.109081268310547,13984400,0.0,0.0
2003-09-12,22.10909887674221,22.284567472747256,22.050610088475278,22.176362991333008,13503000,0.0,0.0
2003-09-15,22.249468439715983,22.553614956414098,22.170506144840537,22.51852035522461,10104800,0.0,0.0
2003-09-16,22.500975535214245,22.7056884765625,22.442484529683515,22.7056884765625,13177000,0.0,0.0
2003-09-17,22.60625476735659,22.82851387169092,22.577008152025265,22.802194595336914,9741800,0.0,0.0
2003-09-18,22.810979147407288,23.39587604862286,22.80513116012516,23.305217742919922,14302000,0.0,0.0
2003-09-19,23.305200431585636,23.37831248992922,23.138505027810382,23.167749404907227,12757600,0.0,0.0
2003-09-22,22.88407658334934,23.050772004037434,22.82558782322141,22.986433029174805,9049800,0.0,0.0
2003-09-23,23.015687086816587,23.19993099797601,22.989367803053305,23.118045806884766,7939000,0.0,0.0
2003-09-24,23.147293858978966,23.2145557489224,22.84022211263268,22.92795753479004,9751600,0.0,0.0
2003-09-25,22.986418662934042,23.176510361349507,22.889910260956714,22.95717430114746,9767600,0.0,0.0
2003-09-26,23.001063711975874,23.123891486361174,22.907480327034133,23.044931411743164,12012800,0.0,0.0
2003-09-29,22.81096891176846,23.04492845975522,22.749555032442746,23.02153205871582,13573000,0.0,0.0
2003-09-30,23.021529182446084,23.021529182446084,22.67644011944242,22.822664260864258,13869000,0.0,0.0
2003-10-01,22.942563015735335,23.188220691995312,22.808037096127496,23.167749404907227,14240200,0.0,0.0
2003-10-02,23.07709425657676,23.232091484026867,23.03030146199388,23.158979415893555,8676200,0.0,0.0
2003-10-03,23.158991080184816,23.466060582281855,23.158991080184816,23.264272689819336,13703000,0.0,0.0
2003-10-06,23.351989706766496,23.580098959283692,23.264256580292173,23.52745819091797,7875000,0.0,0.0
2003-10-07,23.52745909829899,23.565478795986714,23.21746468996911,23.498214721679688,10539000,0.0,0.0
2003-10-08,23.468977200986405,23.55378747979982,23.36369562943897,23.495296478271484,6028800,0.0,0.0
2003-10-09,23.615193267595888,23.837454534851222,23.506986625242007,23.591796875,9283600,0.0,0.0
2003-10-10,23.57132958421957,23.799438872683126,23.56255649330992,23.723403930664062,6839200,0.0,0.0
2003-10-13,23.77019058041786,23.942736187654543,23.77019058041786,23.90471649169922,7647600,0.0,0.0
2003-10-14,24.200091887965346,24.200091887965346,23.89887055740974,24.12697982788086,12863000,0.0,0.0
2003-10-15,24.200098234500782,24.200098234500782,23.8608571157645,23.998308181762695,10601600,0.0,0.0
2003-10-16,23.998310297494825,24.04217799515798,23.816993752919334,23.96029281616211,11029000,0.0,0.0
2003-10-17,24.01584483655122,24.01584483655122,23.76433922857799,23.893014907836914,9599000,0.0,0.0
2003-10-20,23.48359831818636,23.88132816665721,23.48359831818636,23.808216094970703,9393800,0.0,0.0
2003-10-21,23.784826696262027,23.895956274697017,23.6473756040479,23.69416618347168,8557600,0.0,0.0
2003-10-22,23.954440348368585,23.954440348368585,23.542087191185118,23.697084426879883,7701400,0.0,0.0
2003-10-23,23.697091332322135,23.974918625689114,23.585961753697756,23.916427612304688,6893600,0.0,0.0
2003-10-24,23.9164210296746,23.97491202696027,23.659067335227867,23.939817428588867,7763000,0.0,0.0
2003-10-27,21.728916855276122,22.00674194078441,21.492032135771076,21.51542854309082,93370000,0.0,0.0
2003-10-28,21.51834741165231,21.67626976845801,21.18787938990567,21.304859161376953,62329600,0.0,0.0
2003-10-29,21.304862318025503,21.919003420239896,21.222977135224102,21.7464599609375,52769000,0.0,0.0
2003-10-30,21.933621728581112,22.07399788937352,21.699662204328227,21.98333740234375,37171200,0.0,0.0
2003-10-31,22.035972513838455,22.182196621071892,21.992104835427863,22.147104263305664,23301400,0.0,0.0
2003-11-03,22.152963271627836,22.2231502532959,21.878061099222382,22.2231502532959,25707000,0.0,0.0
2003-11-04,22.12371650697451,22.33720253739914,22.018434930172017,22.0915470123291,26455000,0.0,0.0
2003-11-05,22.09154831651171,22.284563064575195,21.813721049190946,22.284563064575195,23349600,0.0,0.0
2003-11-06,22.15295978001249,22.489275787269897,22.076922593654327,22.47172737121582,20095000,0.0,0.0
2003-11-07,22.503896733669837,22.50974694938844,22.264089206888816,22.269939422607422,16211200,0.0,0.0
2003-11-10,22.25531572359541,22.296258308092256,22.038904601083,22.112016677856445,13692600,0.0,0.0
2003-11-11,22.050601810438224,22.10324259259824,21.954093337944293,22.08277130126953,10710200,0.0,0.0
2003-11-12,21.977490800556197,22.249467816344772,21.968717708305523,22.17050552368164,11524800,0.0,0.0
2003-11-13,22.11786267224368,22.173428559577157,21.9950349298044,22.053525924682617,11586400,0.0,0.0
2003-11-14,22.05352417307375,22.068145247229534,21.79032029503513,21.851734161376953,13011600,0.0,0.0
2003-11-17,21.75814567156651,21.860502091305346,21.702579801764312,21.807861328125,12905400,0.0,0.0
2003-11-18,21.84588882391965,21.85758702457782,21.597308195743498,21.62655258178711,13187000,0.0,0.0
2003-11-19,21.620707838412716,21.816647708604005,21.614859852808724,21.749385833740234,11986200,0.0,0.0
2003-11-20,21.649949316582735,21.869285562093765,21.57098924992838,21.641176223754883,11660000,0.0,0.0
2003-11-21,21.728914915616883,21.787403697490962,21.55929432449645,21.7435359954834,12748600,0.0,0.0
2003-11-24,21.772768229057796,21.92776765376396,21.725977675925996,21.90437126159668,12723400,0.0,0.0
2003-11-25,21.924843886554562,22.012577015738234,21.816637239571513,21.948240280151367,10843800,0.0,0.0
2003-11-26,21.72599195936736,22.07692914778414,21.72599195936736,22.071081161499023,12625000,0.0,0.0
2003-11-28,21.658718908649696,22.1529572159679,21.658718908649696,22.05937385559082,5382800,0.0,0.0
2003-12-01,21.83125956891313,22.328420639038082,21.83125956891313,22.328420639038086,14578400,0.0,0.0
2003-12-02,22.348902635236026,22.46003443751788,22.313810260792383,22.404468536376953,18055400,0.0,0.0
2003-12-03,22.431058910922182,22.46061189667868,22.259648436886888,22.298067092895508,16416400,0.4,0.0
2003-12-04,22.298066431951902,22.32762167158063,22.2182731472997,22.306934356689453,14279200,0.0,0.0
2003-12-05,22.26850793462956,22.38672209963658,22.19166838916285,22.197580337524414,11470400,0.0,0.0
2003-12-08,22.200541918485552,22.46061134338379,22.165076983602425,22.46061134338379,14351000,0.0,0.0
2003-12-09,22.513813499854326,22.516769475553865,22.22714473521719,22.286252975463867,13526000,0.0,0.0
2003-12-10,22.578835304375428,22.578835304375428,22.23897019267376,22.33945083618164,10213200,0.0,0.0
2003-12-11,22.371944535413327,22.4546960294337,22.327616196336997,22.428096771240234,12332600,0.0,0.0
2003-12-12,22.43105836635359,22.516763601290535,22.392637456529446,22.41628074645996,10176000,0.0,0.0
2003-12-15,22.667491291771462,22.788661497902375,22.525636019190145,22.587697982788086,17195400,0.0,0.0
2003-12-16,22.5492750363815,22.986664674364995,22.534497414865804,22.903915405273438,13961600,0.0,0.0
2003-12-17,22.903908333330882,23.04576578993602,22.868443405492656,23.016210556030273,9198800,0.0,0.0
2003-12-18,22.998491162743225,23.317668914794922,22.936429197857997,23.317668914794922,14935800,0.0,0.0
2003-12-19,23.317658856012116,23.45064840129009,23.243775274247024,23.347211837768555,17564800,0.0,0.0
2003-12-22,23.273340932330186,23.43292982643607,23.24674391068714,23.36495590209961,9015000,0.0,0.0
2003-12-23,23.288123682150996,23.477265615722295,23.276302029459075,23.438844680786133,9983400,0.0,0.0
2003-12-24,23.421098709106445,23.52453528715599,23.400411393496533,23.421098709106445,3195600,0.0,0.0
2003-12-26,23.37678369536111,23.53932860839214,23.347230689741775,23.521595001220703,3974800,0.0,0.0
2003-12-29,23.61320816752634,23.731422424316406,23.52750288772228,23.731422424316406,8800000,0.0,0.0
2003-12-30,23.645702799338004,23.790513992309567,23.64274682465547,23.79051399230957,6945400,0.0,0.0
2003-12-31,23.71663442418276,23.799383691320475,23.660482169447132,23.76983070373535,8070200,0.0,0.0
2004-01-02,23.568867407213475,23.769830880938276,23.320619603949662,23.37381362915039,16897000,0.0,0.0
2004-01-05,23.441787719726562,23.52453698814957,23.264467536713195,23.441787719726562,14535400,0.0,0.0
2004-01-06,23.382690208364252,23.462483530444146,23.28811925953843,23.403377532958984,15083600,0.0,0.0
2004-01-07,23.361997505269205,23.397460193696215,23.29106761891767,23.350175857543945,13346200,0.0,0.0
2004-01-08,23.350183582128615,23.388602258883594,23.273343973869157,23.36200523376465,13774200,0.0,0.0
2004-01-09,23.347222515702093,23.3620001407129,23.107840322820277,23.15512466430664,13173400,0.0,0.0
2004-01-12,23.110784520456274,23.228998707581624,23.098965131017014,23.199445724487305,10848600,0.0,0.0
2004-01-13,23.125578434508714,23.273345708850623,23.0871597548897,23.140356063842773,10750800,0.0,0.0
2004-01-14,23.143295681131974,23.43587632943422,23.143295681131974,23.421098709106445,12892800,0.0,0.0
2004-01-15,23.438839033802445,23.598427924569975,22.933475340413185,23.252653121948242,22091200,0.0,0.0
2004-01-16,23.258555611187173,23.421100427726934,23.104878720343777,23.353126525878906,14935800,0.0,0.0
2004-01-20,23.421102572336086,23.68708399887071,23.391549581554166,23.663440704345703,14564800,0.0,0.0
2004-01-21,23.663445974790104,24.224961943704994,23.62798102510366,24.189496994018555,18121600,0.0,0.0
2004-01-22,24.189489377162005,24.292925962740583,24.07127517018,24.145158767700195,15677800,0.0,0.0
2004-01-23,24.2338247112973,24.3343053412354,23.93533428779187,24.018083572387695,12525800,0.0,0.0
2004-01-26,23.98261523790226,24.322480223725567,23.94124060534099,24.304746627807617,11386200,0.0,0.0
2004-01-27,24.322479266052916,24.446603158849474,24.230862079204552,24.23381805419922,14184200,0.0,0.0
2004-01-28,24.29292146043428,24.514572211915425,23.64274682465547,23.79051399230957,16121200,0.0,0.0
2004-01-29,23.938291354062933,23.950113003079267,23.642756892901666,23.914648056030273,13861000,0.0,0.0
2004-01-30,23.87918624439586,24.31066630303444,23.828943670536255,24.074237823486328,11857400,0.0,0.0
2004-02-02,24.074225095187437,24.257457182697923,23.98261017880614,24.1008243560791,10329800,0.0,0.0
2004-02-03,24.05649365427401,24.213126480219042,23.994431718790956,24.08900260925293,7410400,0.0,0.0
2004-02-04,23.973750535062173,24.25450730373953,23.973750535062173,24.145158767700195,10217800,0.0,0.0
2004-02-05,24.145156842345518,24.33725463152968,24.0564978852401,24.23381805419922,8777800,0.0,0.0
2004-02-06,24.23382254504463,24.48502635218377,24.23382254504463,24.45842933654785,8582800,0.0,0.0
2004-02-09,24.352031081361982,24.43182436439671,24.086049713332603,24.139245986938477,7605000,0.0,0.0
2004-02-10,24.145154400020363,24.189485001463094,24.012164850440225,24.12151336669922,9265200,0.0,0.0
2004-02-11,24.032857966312243,24.272240115252195,23.86440344395661,24.230865478515625,11446800,0.0,0.0
2004-02-12,24.159939344212205,24.289975213272513,24.080146041219848,24.130386352539062,5974200,0.0,0.0
2004-02-13,24.248608048688595,24.289982700734605,24.07128553449206,24.10675048828125,8155400,0.0,0.0
2004-02-17,24.174723942577867,24.396374826202667,24.148124664073208,24.192455291748047,7614800,0.0,0.0
2004-02-18,24.13039379080738,24.23678639742553,24.0565101614753,24.10675048828125,7458000,0.0,0.0
2004-02-19,24.10674583696334,24.304753384228544,24.029906245954088,24.047639846801758,9204400,0.0,0.0
2004-02-20,24.023989587728643,24.14811348395165,23.852579109278768,24.03876495361328,9703400,0.0,0.0
2004-02-23,24.0564978852401,24.257461344659976,23.997389659088206,24.23381805419922,9652400,0.0,0.0
2004-02-24,24.100829044840005,24.32838952019481,23.9944364900707,24.071273803710938,11676600,0.0,0.0
2004-02-25,24.086068425240104,24.23087973904347,24.044693764153426,24.148130416870117,8476400,0.0,0.0
2004-02-26,24.118559831638375,24.263371039901024,24.059453860234765,24.23381805419922,8446800,0.0,0.0
2004-02-27,24.204264865355427,24.375675337634878,24.094916338953375,24.210174560546875,13627000,0.0,0.0
2004-03-01,24.275197567996475,24.40227746134934,24.22200128113368,24.272241592407227,8755600,0.0,0.0
2004-03-02,24.281111167506737,24.455475408380682,24.248602198064326,24.381591796875,14651400,0.0,0.0
2004-03-03,24.441276371827705,24.665097579853914,24.378606706799612,24.656145095825195,11514200,0.4,0.0
2004-03-04,24.59048511793231,24.632264885455594,24.471113377797256,24.506925582885742,8526000,0.0,0.0
2004-03-05,24.396493357659367,24.769528424290243,24.35172869429859,24.691936492919922,11972000,0.0,0.0
2004-03-08,24.5904910317123,24.7307526893406,24.548711254141377,24.602428436279297,8339400,0.0,0.0
2004-03-09,24.50094955917609,24.57257167444788,24.339798092195068,24.402467727661133,10125200,0.0,0.0
2004-03-10,24.405461785888413,24.408446705883446,23.82054269233881,23.871274948120117,12053200,0.0,0.0
2004-03-11,23.87425722500278,24.133890591982258,23.6593885456855,23.739965438842773,15975200,0.0,0.0
2004-03-12,23.82949733370596,24.005571200130067,23.769812589360832,23.969758987426758,10854400,0.0,0.0
2004-03-15,23.883210757220084,23.984677538837268,23.62059473585644,23.692216873168945,10856800,0.0,0.0
2004-03-16,23.919015187782108,23.948857545557797,23.769801122077695,23.90707778930664,13631600,0.0,0.0
2004-03-17,24.068249129681163,24.17269860656619,23.919034940751743,24.008562088012695,11188000,0.0,0.0
2004-03-18,23.829496635785098,23.97274320557585,23.7459370854184,23.898136138916016,11857000,0.0,0.0
2004-03-19,24.02347136454566,24.032423846724665,23.817555167122187,23.829492568969727,19400800,0.0,0.0
2004-03-22,23.710124769802356,23.725047093799688,23.426618828468875,23.495258331298828,14832200,0.0,0.0
2004-03-23,23.69819000520878,23.69819000520878,23.411696862502176,23.435571670532227,15793400,0.0,0.0
2004-03-24,23.45049190927378,23.545988856074306,23.277402981689452,23.369915008544922,14829000,0.0,0.0
2004-03-25,23.471379530654737,23.83247739705538,23.414677441303475,23.79666519165039,13512600,0.0,0.0
2004-03-26,23.754891991600502,23.990650619506994,23.7250496172587,23.90410614013672,14308000,0.0,0.0
2004-03-29,24.11300918830384,24.274158477639908,24.056307078868347,24.18463134765625,12083200,0.0,0.0
2004-03-30,24.18163154409128,24.459169802198712,24.16671150335707,24.402467727661133,11363600,0.0,0.0
2004-03-31,24.405460658199175,24.432320383259672,24.14582955129923,24.166719436645508,17437000,0.0,0.0
2004-04-01,24.306978387314462,24.456192502096815,24.247293652132203,24.31294822692871,12958000,0.0,0.0
2004-04-02,24.456191925077594,24.524831418061744,23.93095989275126,24.026456832885742,22860800,0.0,0.0
2004-04-05,24.026459111538717,24.25923278289095,23.853370179621002,24.247295379638672,15189800,0.0,0.0
2004-04-06,24.217447794399938,24.474096216984368,24.208495313095472,24.471111297607422,14484800,0.0,0.0
2004-04-07,24.44127229421528,24.465147098860133,24.306978225708008,24.306978225708008,11183200,0.0,0.0
2004-04-08,24.453213515449406,24.46813356306252,24.1100205447692,24.187612533569336,8213200,0.0,0.0
2004-04-12,24.247289549898305,24.468125764902933,24.24430463059618,24.462158203125,10105000,0.0,0.0
2004-04-13,24.468129244827164,24.468129244827164,23.9518496966223,24.02347183227539,16865000,0.0,0.0
2004-04-14,23.650442463702984,24.130912202525018,23.602692843454406,23.901121139526367,23632200,0.0,0.0
2004-04-15,24.005580063645358,24.065264830027726,23.731024218533936,23.95783042907715,14383800,0.0,0.0
2004-04-16,24.008549011039264,24.17268544019095,23.91902191254192,24.107030868530273,14094600,0.0,0.0
2004-04-19,24.10702811545793,24.339801732525025,23.993626226248054,24.22043228149414,10681400,0.0,0.0
2004-04-20,24.22043921332497,24.366668426466685,23.898136138916016,23.898136138916016,12165600,0.0,0.0
2004-04-21,23.93394003787072,24.142841137931917,23.799648262480705,24.047344207763672,11839600,0.0,0.0
2004-04-22,24.080178871526854,24.411434447633436,23.960807103022542,24.289077758789062,12743200,0.0,0.0
2004-04-23,24.306978225708008,24.32190054781771,24.157764111917714,24.306978225708008,8803200,0.0,0.0
2004-04-26,24.30698011907319,24.36368221531479,24.21148316988184,24.247295379638672,9030400,0.0,0.0
2004-04-27,24.292066123006524,24.46813774197098,24.26819131055552,24.4084529876709,10603800,0.0,0.0
2004-04-28,24.298028756943122,24.33980853184036,24.142847061157227,24.142847061157227,9604200,0.0,0.0
2004-04-29,24.21745142030636,24.38158558139108,23.892163464307355,24.0682373046875,13749000,0.0,0.0
2004-04-30,24.0771965695515,24.15777121287871,23.91902992673439,24.02049446105957,10545800,0.0,0.0
2004-05-03,23.942898260723908,24.22640417282724,23.942898260723908,24.166719436645508,8869600,0.0,0.0
2004-05-04,24.151797844444648,24.441273605014835,24.09808066952619,24.327869415283203,11293800,0.0,0.0
2004-05-05,24.235369551323277,24.363693851540013,24.232384629877878,24.342803955078125,9738800,0.0,0.0
2004-05-06,24.145834609007903,24.25028405761781,23.7250496172587,23.90410614013672,14865400,0.0,0.0
2004-05-07,23.769821985817217,23.951863487907904,23.352021779759447,23.441551208496094,14631800,0.0,0.0
2004-05-10,23.30724385906129,23.34305606562966,22.981958187498588,23.25352668762207,16220800,0.0,0.0
2004-05-11,23.277405046723356,23.426619181638248,23.11326858758617,23.405729293823242,12327200,0.0,0.0
2004-05-12,23.590752847708135,23.981693106314474,23.39975895977628,23.975723266601562,18760800,0.0,0.0
2004-05-13,23.862316324196502,24.232366619411454,23.862316324196502,23.92797088623047,14427400,0.0,0.0
2004-05-14,23.978709394944378,24.11300347333221,23.79965290058746,23.933944702148438,10800600,0.0,0.0
2004-05-17,23.650440040621966,24.118972326378874,23.647455120455444,23.835466384887695,12478400,0.0,0.0
2004-05-18,23.948873147371124,24.13688217298233,23.936935741118873,24.1279296875,10636000,0.0,0.0
2004-05-19,24.22640390295122,24.408445306152366,24.05331498239493,24.0682373046875,13052000,0.0,0.0
2004-05-20,24.142849141072748,24.351748033555666,24.08913195774469,24.2681884765625,10673400,0.0,0.0
2004-05-21,24.315933146735834,24.435302617100355,24.25326121491975,24.31294822692871,9685400,0.0,0.0
2004-05-24,24.423355120219775,24.435292517687692,24.301000780618715,24.33681297302246,8437200,0.0,0.0
2004-05-25,24.238345565880852,24.60541107980071,24.18761330409146,24.602428436279297,13229400,0.0,0.0
2004-05-26,24.503946208780793,24.75164222717285,24.503946208780793,24.75164222717285,14386200,0.0,0.0
2004-05-27,24.769545024509927,24.808339877782203,24.4263520778411,24.65315818786621,14058000,0.0,0.0
2004-05-28,24.653156486079276,24.873992740771044,24.629281681024292,24.808338165283203,10294000,0.0,0.0
2004-06-01,24.709860552474467,24.7964027432642,24.608393761299926,24.781482696533203,11683400,0.0,0.0
2004-06-02,25.173206614157483,25.173206614157483,24.754356465178503,25.049659729003906,10461200,0.4,0.0
2004-06-03,25.02555916192735,25.10691758114823,24.935158874815443,25.01953125,8925800,0.0,0.0
2004-06-04,25.08583582916143,25.245541082820253,25.055703152825473,25.191301345825195,9897600,0.0,0.0
2004-06-07,25.233474801184116,25.519740829155648,25.230463144355497,25.501659393310547,11347400,0.0,0.0
2004-06-08,25.357025146484375,25.432357958981967,25.23950614290613,25.357025146484375,11520600,0.0,0.0
2004-06-09,25.2816873042537,25.37509923749463,25.167179980694335,25.17622184753418,7264400,0.0,0.0
2004-06-10,25.164173943631393,25.384144474058804,25.04665493718934,25.375104904174805,7477600,0.0,0.0
2004-06-14,25.221414517424478,25.332907862518645,24.87488555908203,24.87488555908203,10849400,0.0,0.0
2004-06-15,25.070757124085933,25.447421157194047,25.05870589812431,25.38113021850586,14701200,0.0,0.0
2004-06-16,25.387161165527502,25.465507944588207,25.28772128813991,25.290735244750977,11355200,0.0,0.0
2004-06-17,25.206355750365717,25.326888692123926,25.158141654072576,25.21238136291504,8878600,0.0,0.0
2004-06-18,25.254570445602205,25.501661970021264,25.23649130690505,25.465503692626953,9613000,0.0,0.0
2004-06-21,25.46550877853009,25.60713485720941,25.46550877853009,25.595081329345703,10067600,0.0,0.0
2004-06-22,25.54386159705903,25.57700823475731,25.375116749850406,25.468528747558594,12322000,0.0,0.0
2004-06-23,25.417287571595285,25.570967135237183,25.284703400057417,25.543846130371094,16322800,0.0,0.0
2004-06-24,25.598088829732966,25.818061654313226,25.570970120675465,25.745742797851562,13723000,0.0,0.0
2004-06-25,25.74875418801717,25.812035773111607,25.31182479858398,25.311824798583984,16040800,0.0,0.0
2004-06-28,25.567946481603286,25.676425874700985,25.387148259431832,25.52877426147461,11361600,0.0,0.0
2004-06-29,25.450434924383128,25.5769934868147,25.41728830579751,25.48358154296875,7428400,0.0,0.0
2004-06-30,25.48659225915588,25.670404466501545,25.27565904960824,25.498645782470703,10198800,0.0,0.0
2004-07-01,25.501670646774166,25.61316407094955,25.22143240674475,25.30580711364746,8796400,0.0,0.0
2004-07-02,25.31182302486505,25.592061157456477,25.272650793052737,25.38113021850586,5847800,0.0,0.0
2004-07-06,25.31483895180774,25.347985573219972,25.18225246615882,25.209373474121094,6669400,0.0,0.0
2004-07-07,25.281690362011364,25.480567776025545,25.227450649284805,25.38113021850586,6396800,0.0,0.0
2004-07-08,25.296739703126555,25.411246968830824,25.170181219007134,25.19428825378418,7413800,0.0,0.0
2004-07-09,25.341957489522766,25.37811806690308,25.206359347552795,25.284706115722656,6017200,0.0,0.0
2004-07-12,25.31483788134519,25.567955017089844,25.31483788134519,25.567955017089844,8271800,0.0,0.0
2004-07-13,25.522761654863164,25.709587899214075,25.471535882678005,25.652334213256836,9971000,0.0,0.0
2004-07-14,25.492621576574525,25.718619998882765,25.275662723322643,25.402223587036133,14940400,0.0,0.0
2004-07-15,25.468513910628086,25.537821103342402,25.26662254333496,25.26662254333496,11974200,0.0,0.0
2004-07-16,25.477562026776308,25.5739879496523,25.34497552070607,25.453454971313477,11502400,0.0,0.0
2004-07-19,25.55290022811053,25.82711057003406,25.51372567999586,25.727670669555664,10999200,0.0,0.0
2004-07-20,25.65834547338248,25.72463868799447,25.477547260151415,25.691492080688477,11247200,0.0,0.0
2004-07-21,25.748754214407665,25.793954361389314,25.284706115722656,25.284706115722656,10661400,0.0,0.0
2004-07-22,25.260591832732462,25.610134784777866,25.22141731037462,25.573976516723633,12562200,0.0,0.0
2004-07-23,25.546859671974275,25.670406571852997,25.444408163857506,25.570966720581055,9412800,0.0,0.0
2004-07-26,25.501665301076915,25.763824341303714,25.495639687049096,25.694517135620117,9489200,0.0,0.0
2004-07-27,25.697539226028738,25.730685861111507,25.441408017733107,25.61316680908203,11091600,0.0,0.0
2004-07-28,25.501659805349234,25.688485985602696,25.402222251980586,25.592060089111328,8186600,0.0,0.0
2004-07-29,25.673423251753732,25.745744411723845,25.501664520031213,25.60411834716797,6422200,0.0,0.0
2004-07-30,25.561934971406323,25.63425384037406,25.447427604984057,25.616174697875977,6810400,0.0,0.0
2004-08-02,25.55289338368598,25.866275890807835,25.49865366149658,25.81505012512207,7586800,0.0,0.0
2004-08-03,25.74875931487702,25.914492453647494,25.742733700274197,25.85723876953125,8211000,0.0,0.0
2004-08-04,25.76684415133592,25.78190933931548,25.558924786026687,25.64329719543457,8889200,0.0,0.0
2004-08-05,25.697522988886647,25.70053694443777,25.281686782836914,25.281686782836914,9471000,0.0,0.0
2004-08-06,25.26662467754501,25.519744121257265,25.131026535575035,25.284706115722656,10409600,0.0,0.0
2004-08-09,25.32689582715791,25.384147208916435,25.248549048097207,25.290735244750977,7536200,0.0,0.0
2004-08-10,25.308821477402027,25.613166809082028,25.28772837316535,25.61316680908203,8664400,0.0,0.0
2004-08-11,25.5378121334938,25.772850036621094,25.48357244054335,25.772850036621094,8985800,0.0,0.0
2004-08-12,25.69752628809416,25.79395218733941,25.65534010086029,25.706565856933594,7531800,0.0,0.0
2004-08-13,25.700542693640774,25.730675358969194,25.498651307067867,25.601102828979492,7832000,0.0,0.0
2004-08-16,25.59808120809692,25.944612503051754,25.573976462436704,25.944612503051758,9970400,0.0,0.0
2004-08-17,25.986807068403785,26.230886950895304,25.974753542196485,26.179658889770508,10672800,0.0,0.0
2004-08-18,26.17062492963555,26.438809623053064,26.140492257145766,26.351423263549805,11816400,0.0,0.0
2004-08-19,26.321285299835374,26.441818264539975,26.294166589738758,26.41469955444336,9856200,0.0,0.0
2004-08-20,26.369493204277333,26.68287791922395,26.309225586609976,26.667810440063477,10309600,0.0,0.0
2004-08-23,26.65275324637879,26.728086073303515,26.541262133874465,26.607555389404297,8469400,0.0,0.0
2004-08-24,26.607559538354238,26.728090241047962,26.562359375356195,26.725078582763672,9984400,0.0,0.0
2004-08-25,26.67384704322619,26.74315425735785,26.60755608493891,26.722061157226562,9729000,0.0,0.0
2004-08-26,26.691936222202482,26.80041571117094,26.577428817749023,26.577428817749023,8829400,0.0,0.0
2004-08-27,26.6226172219628,26.905869351192877,26.586458940937778,26.821496963500977,6883400,0.0,0.0
2004-08-30,26.99324125435987,27.04145303625911,26.83654779049604,26.860654830932617,6437700,0.0,2.0
2004-08-31,26.96914927161586,27.113789296018304,26.842590687123216,27.10776138305664,10125800,0.0,0.0
2004-09-01,27.05907109978582,27.156471486124822,26.450318104614976,26.57206916809082,14293900,0.45,0.0
2004-09-02,26.693809509277344,26.712073672486756,26.340734090733353,26.693809509277344,10074100,0.0,0.0
2004-09-03,26.78511979426352,26.852082965302355,26.49291876608189,26.547706604003906,7788600,0.0,0.0
2004-09-07,26.754677501247997,27.016441307634945,26.7120650045996,26.949478149414062,9494700,0.0,0.0
2004-09-08,26.8033837771619,27.08341181683689,26.8033837771619,26.85208511352539,7944500,0.0,0.0
2004-09-09,26.93731483736725,27.07732772056884,26.827739133608105,27.010364532470703,6696800,0.0,0.0
2004-09-10,26.943406881768112,27.259958721884562,26.919058526534858,27.15038299560547,6291400,0.0,0.0
2004-09-13,27.065142859594495,27.241681689324295,27.004268522132485,27.07731819152832,7544300,0.0,0.0
2004-09-14,26.94947947871549,27.13819363190034,26.827728487054518,26.998178482055664,7993400,0.0,0.0
2004-09-15,27.00426961474551,27.071232781987376,26.839906110299268,26.88860511779785,6568000,0.0,0.0
2004-09-16,26.961664491019192,27.022538847603855,26.876439462917528,26.992101669311523,5731900,0.0,0.0
2004-09-17,27.08341232677107,27.266037697157607,27.034710989490623,27.186899185180664,9626300,0.0,0.0
2004-09-20,27.028628697902516,27.089503056787404,26.858176313050546,27.010364532470703,7013700,0.0,0.0
2004-09-21,27.010365280249427,27.27821804005745,26.979928099964333,27.199079513549805,6711900,0.0,0.0
2004-09-22,26.88251752403063,27.199069187677317,26.541615196517167,26.73641586303711,9312700,0.0,0.0
2004-09-23,26.74250683194761,26.82773184009997,26.505093645749657,26.52335548400879,6091400,0.0,0.0
2004-09-24,26.541620601969388,26.925135508252584,26.511183427040663,26.772947311401367,9772100,0.0,0.0
2004-09-27,26.84599476195419,26.90078260115032,26.645107566373326,26.67554473876953,8371100,0.0,0.0
2004-09-28,26.632935004737806,26.724248853637107,26.413783625145598,26.590322494506836,8270700,0.0,0.0
2004-09-29,26.511177519583413,26.596402519276285,26.206801193704827,26.5355281829834,9114300,0.0,0.0
2004-09-30,26.590318915912956,26.620756087380528,26.261591890765576,26.377256393432617,9169000,0.0,0.0
2004-10-01,26.499015203209105,27.034718450090807,26.425965499336943,26.882530212402344,8748600,0.0,0.0
2004-10-04,27.02252914482926,27.192979139830406,26.93730414732869,26.998178482055664,6801500,0.0,0.0
2004-10-05,27.095573673189815,27.332989106904105,27.059050008161908,27.223413467407227,8014600,0.0,0.0
2004-10-06,27.34517483688178,27.619114063081852,27.290389313849424,27.546064376831055,9269600,0.0,0.0
2004-10-07,27.54606395961711,27.6556396484375,27.363438585652332,27.6556396484375,7423000,0.0,0.0
2004-10-08,27.61911596425062,27.74695582674898,27.406053397099715,27.479103088378906,6117800,0.0,0.0
2004-10-11,27.57040964812045,27.68607182222191,27.50344648124853,27.64345932006836,4367200,0.0,0.0
2004-10-12,27.393865031600072,27.746942628888803,27.393865031600072,27.716503143310547,8336500,0.0,0.0
2004-10-13,27.71651898242167,27.813919354195868,27.272129641063888,27.399967193603516,7803200,0.0,0.0
2004-10-14,27.272118647321008,27.460832807526423,26.80337882142274,26.90686798095703,13686700,0.0,0.0
2004-10-15,27.08949511351628,27.44865929892085,26.992094774535747,27.387784957885742,12905000,0.0,0.0
2004-10-18,27.235599247809827,27.42431111542074,27.186897912808647,27.381698608398438,7712800,0.0,0.0
2004-10-19,27.39386804621803,27.546056202030353,26.699890427266954,27.0042667388916,12862200,0.0,0.0
2004-10-20,27.00427504161508,27.00427504161508,26.316383715626646,26.614673614501953,13009600,0.0,0.0
2004-10-21,26.70598266076366,26.986010692407955,26.31029476409183,26.73033332824707,10874400,0.0,0.0
2004-10-22,26.663373947143555,27.016451709262643,26.620761434088877,26.663373947143555,7644300,0.0,0.0
2004-10-25,26.57205138818122,26.57205138818122,26.139835285936282,26.553787231445312,10422500,0.0,0.0
2004-10-26,26.553794022370543,26.75468354239357,26.492919676900947,26.705982208251953,8632300,0.0,0.0
2004-10-27,26.639013771617847,27.089491734593388,26.57205293371428,27.0042667388916,8503000,0.0,0.0
2004-10-28,26.8459957597336,27.253861316065468,26.8459957597336,27.101673126220703,7280000,0.0,0.0
2004-10-29,27.16863093588164,27.3329944271194,27.12601843691708,27.26603126525879,10054500,0.0,0.0
2004-11-01,27.34516050808317,27.50343745459876,27.28428618847344,27.460824966430664,8223900,0.0,0.0
2004-11-02,27.156454529227045,27.75911831769717,27.156454529227045,27.49735450744629,7889900,0.0,0.0
2004-11-03,27.84435063426686,27.972188149053935,27.698248958647813,27.78347396850586,9683900,0.0,0.0
2004-11-04,27.789557409496673,28.22177120268697,27.71650542474377,28.154808044433594,9109200,0.0,0.0
2004-11-05,28.154804708672945,28.276555679962584,27.917391591871787,27.972179412841797,9740300,0.0,0.0
2004-11-08,27.953912630200172,28.270464196916482,27.826075167355047,27.984352111816406,6992100,0.0,0.0
2004-11-09,28.124372110800945,28.15480927801145,27.89304546002851,27.96000862121582,7021400,0.0,0.0
2004-11-10,28.081761008012343,28.3861373396598,28.00262251156601,28.142635345458984,7132100,0.0,0.0
2004-11-11,28.306993851786665,28.763558268750966,28.28873201821424,28.678333282470703,9026400,0.0,0.0
2004-11-12,28.587025672976512,28.897490844312387,28.50788949552065,28.879226684570312,7514800,0.0,0.0
2004-11-15,28.727039972156962,28.897492312569298,28.67834096218725,28.812267303466797,7550400,0.0,0.0
2004-11-16,28.812263473581027,28.84270064104214,28.337434836801002,28.47136116027832,9642500,0.0,0.0
2004-11-17,28.623553562305354,28.769652916655993,28.221776854530045,28.36178970336914,9269900,0.0,0.0
2004-11-18,28.124367420729627,28.4165683571951,28.087841432843963,28.25220489501953,10505800,0.0,0.0
2004-11-19,28.100022447522132,28.16089678410812,27.765208951885,27.91130828857422,12943700,0.0,0.0
2004-11-22,27.759125289360732,28.209603359410554,27.759125289360732,28.16090202331543,9023900,0.0,0.0
2004-11-23,28.020891680625486,28.26439373854383,28.008716345508795,28.246131896972656,8346000,0.0,0.0
2004-11-24,28.124377209731204,28.39831640870473,28.124377209731204,28.282651901245117,7115600,0.0,0.0
2004-11-26,28.22176747193664,28.416568094445765,28.166979651718037,28.28873062133789,2400800,0.0,0.0
2004-11-29,28.15481451590265,28.3678770482211,28.002626329330205,28.20960235595703,7712500,0.0,0.0
2004-11-30,28.081763364343384,28.270475219587,28.002624861256567,28.166988372802734,8928800,0.0,0.0
2004-12-01,28.154692980075538,28.652626175672502,28.154692980075538,28.640331268310547,10775600,0.45,0.0
2004-12-02,28.5296947036983,28.744849835055014,28.431337737218794,28.53584098815918,6691600,0.0,0.0
2004-12-03,28.382145057925356,28.591153808914587,28.28378813657831,28.474355697631836,7228800,0.0,0.0
2004-12-06,28.3206720555787,28.615742811223402,28.308377147633433,28.585006713867188,6067300,0.0,0.0
2004-12-07,28.480501701263996,28.65262571151541,28.148546242910186,28.185428619384766,8282000,0.0,0.0
2004-12-08,28.30837208817639,28.41902389489348,28.12395319198574,28.345256805419922,7836800,0.0,0.0
2004-12-09,28.302237768767316,28.43133081615612,28.166996093399344,28.40059471130371,6202000,0.0,0.0
2004-12-10,28.246901773773835,28.38214105592298,28.123955053172537,28.20387077331543,6580800,0.0,0.0
2004-12-13,28.27763584713256,28.36369784189994,28.154689135316247,28.2530460357666,9732800,0.0,0.0
2004-12-14,28.160846569963105,28.259203501181556,28.068635921002087,28.173141479492188,9009500,0.0,0.0
2004-12-15,28.130105960775555,28.289937427350356,28.123959678990694,28.23461151123047,8868200,0.0,0.0
2004-12-16,28.160824774531157,28.357538484718955,28.123940074491294,28.332948684692383,9509400,0.0,0.0
2004-12-17,28.031745444720546,28.36984952490915,27.78585433959961,27.78585433959961,16696300,0.0,0.0
2004-12-20,27.97643727707232,28.24692071275147,27.835049274337866,27.982585906982422,8782100,0.0,0.0
2004-12-21,28.13011551868253,28.554281801394062,28.001022452211554,28.468219757080078,7447500,0.0,0.0
2004-12-22,28.474351807400023,28.824748438390266,28.4251745259522,28.76942253112793,8967500,0.0,0.0
2004-12-23,28.81246526740828,28.8800861088287,28.683372212886365,28.707962036132812,5191200,0.0,0.0
2004-12-27,28.65876742836017,28.83704003630795,28.65876742836017,28.68335723876953,4281800,0.0,0.0
2004-12-28,28.646475815163406,28.89851553828988,28.646475815163406,28.87392807006836,4913200,0.0,0.0
2004-12-29,28.750990450944908,28.91696822530744,28.750990450944908,28.806316375732422,5795400,0.0,0.0
2004-12-30,28.83090592864691,28.99073507376098,28.800167480150712,28.867788314819336,5628100,0.0,0.0
2004-12-31,28.7755805255485,29.02762033068727,28.75099070431193,28.886232376098633,5348800,0.0,0.0
2005-01-03,28.68336007980677,28.861632705412145,28.388289360708374,28.560413360595703,10238100,0.0,0.0
2005-01-04,28.529679938681817,28.72639376983517,28.117811087521318,28.166988372802734,10264100,0.0,0.0
2005-01-05,28.056330049505316,28.240748930358315,27.81658526989509,27.841175079345703,14796100,0.0,0.0
2005-01-06,27.921103067253046,28.050198461980614,27.65677068475162,27.798158645629883,14602200,0.0,0.0
2005-01-07,27.847327733379334,27.884212455998064,27.490784794786933,27.496931076049805,10547200,0.0,0.0
2005-01-10,27.527660871383635,27.871911168652318,27.52151459152763,27.841175079345703,11488600,0.0,0.0
2005-01-11,27.755120288297945,27.9272443090581,27.63831983562735,27.773561477661133,8900700,0.0,0.0
2005-01-12,27.773563785231342,27.871920711696845,27.503082823704737,27.699796676635742,9709300,0.0,0.0
2005-01-13,27.724379049389743,27.755117488579607,27.294069040895653,27.355541229248047,12200500,0.0,0.0
2005-01-14,27.570697508514456,27.669054421435046,27.417014685512672,27.595287322998047,11224200,0.0,0.0
2005-01-18,27.68749252486977,28.265338981827114,27.484630112685185,28.111656188964844,15553300,0.0,0.0
2005-01-19,27.816584650394923,27.89650035682297,27.61372224446524,27.644460678100586,10838600,0.0,0.0
2005-01-20,27.61988269812818,28.01331042901843,27.607587788411077,27.85348129272461,11086700,0.0,0.0
2005-01-21,27.82274587170259,27.97028245933845,27.675211629081236,27.718242645263672,8258900,0.0,0.0
2005-01-24,27.75512762905887,28.056344745055963,27.748979000968994,27.798158645629883,7088400,0.0,0.0
2005-01-25,27.80429111034371,28.216162222133352,27.80429111034371,28.02559471130371,7370000,0.0,0.0
2005-01-26,28.111657823796516,28.228455908959432,27.98871111335408,28.136247634887695,7771400,0.0,0.0
2005-01-27,28.007146299377666,28.14238553005736,27.87805100211998,27.98870277404785,5700200,0.0,0.0
2005-01-28,27.92725151170593,28.130111682061855,27.914956600621554,28.093229293823242,6836900,0.0,0.0
2005-01-31,28.246917914657956,28.54198880570261,28.21618180319778,28.505104064941406,10799200,0.0,0.0
2005-02-01,28.498940110013695,28.76942100617373,28.480498923574963,28.695653915405273,8110400,0.0,0.0
2005-02-02,28.554270632020888,28.738689561272256,28.523534534647975,28.726394653320312,7091700,0.0,0.0
2005-02-03,28.55427278181588,28.646481080876786,28.425179756122148,28.523536682128906,7452400,0.0,0.0
2005-02-04,28.46205744833686,28.830897618852724,28.46205744833686,28.824748992919922,7539900,0.0,0.0
2005-02-07,28.695652280008353,28.800155457223457,28.59114675777985,28.671062469482422,7041700,0.0,0.0
2005-02-08,28.615740266465046,28.849338806623724,28.615740266465046,28.824748992919922,4591400,0.0,0.0
2005-02-09,28.8062992389989,28.880066313160423,28.541964682822687,28.548110961914062,5396800,0.0,0.0
2005-02-10,28.677210735298857,28.892365712171383,28.646472300019894,28.849334716796875,6027900,0.0,0.0
2005-02-11,28.849347673119233,28.935409702518943,28.66492870368923,28.781726837158203,7038700,0.0,0.0
2005-02-14,28.824744906579053,28.947691612654797,28.76941900609564,28.849334716796875,5887300,0.0,0.0
2005-02-15,28.76943067502449,28.9354084437956,28.744840854832994,28.929262161254883,5792600,0.0,0.0
2005-02-16,28.750980377197262,28.830896095003833,28.585002660989886,28.750980377197266,6073000,0.0,0.0
2005-02-17,28.738690083087334,28.892372917756248,28.48665032803087,28.498945236206055,9197800,0.0,0.0
2005-02-18,28.492785669055205,28.49893429328885,28.062475773222236,28.117801666259766,11250300,0.0,0.0
2005-02-22,28.001009349707147,28.11166116776637,27.761264525583396,27.78585433959961,12081600,0.0,0.0
2005-02-23,28.001004390502942,28.265338981827114,27.896501216962992,28.111656188964844,7740000,0.0,0.0
2005-02-24,28.062492867898264,28.523541475727825,28.044049328975234,28.40059471130371,9387700,0.0,0.0
2005-02-25,28.33911097130141,28.886223778407583,28.21616659174056,28.763277053833008,8157100,0.0,0.0
2005-02-28,28.61573913699017,28.830896480885507,28.48049985698464,28.677213668823242,10043400,0.0,0.0
2005-03-01,28.677210887736912,29.01531257248241,28.671062262643087,28.941545486450195,10527200,0.0,0.0
2005-03-02,28.798802327721045,29.059479996852474,28.780180803036952,28.904314041137695,9691700,0.45,0.0
2005-03-03,28.879484788908574,29.009825981500715,28.463641194748366,28.755353927612305,9103300,0.0,0.0
2005-03-04,28.922923533024832,29.109124511775594,28.860858118537113,29.034643173217773,8889400,0.0,0.0
2005-03-07,28.985007063670793,29.102932362327707,28.82984107550087,28.842254638671875,7653200,0.0,0.0
2005-03-08,28.705687488295535,28.83602625784581,28.519488907846082,28.71189308166504,7804800,0.0,0.0
2005-03-09,28.643639048403827,28.674671768917495,28.258825737570973,28.36433982849121,10203500,0.0,0.0
2005-03-10,28.426399535321632,28.68707954387042,28.277441559846036,28.463640213012695,8026800,0.0,0.0
2005-03-11,28.48225867954095,28.61259749684253,28.271232913014657,28.407779693603516,7595000,0.0,0.0
2005-03-14,28.38295105350465,28.45743003544762,28.097446316353153,28.4263973236084,9219900,0.0,0.0
2005-03-15,28.364336020123737,28.67466791888298,28.252616347158853,28.265029907226562,7143800,0.0,0.0
2005-03-16,28.054004922249376,28.091243235871087,27.71264029739784,27.80573844909668,12799200,0.0,0.0
2005-03-17,27.867802963241978,28.029174494400717,27.743669741311408,27.79332160949707,7583800,0.0,0.0
2005-03-18,27.8553951212395,28.01676668551764,27.588509467989493,27.89263343811035,19222100,0.0,0.0
2005-03-21,27.706421368775118,27.762281184746183,27.265750802583185,27.49539566040039,10031000,0.0,0.0
2005-03-22,27.569882265377473,27.638155655776497,26.93680733247302,27.09817886352539,12770500,0.0,0.0
2005-03-23,27.005072699510226,27.445745663164598,26.949212879759322,27.296785354614258,16983100,0.0,0.0
2005-03-24,27.464384765625,27.638169945478438,27.154052734374996,27.154052734375,10748400,0.0,0.0
2005-03-28,27.327832364725875,27.768505559023314,27.29059404383104,27.489206314086914,12028800,0.0,0.0
2005-03-29,27.495416066386618,27.6071357812426,27.185084051263416,27.240943908691406,11567100,0.0,0.0
2005-03-30,27.18506655534637,27.433332954722406,27.07955487458006,27.321613311767578,12252600,0.0,0.0
2005-03-31,27.371273040771484,27.619539511528433,27.222315052432947,27.371273040771484,12242400,0.0,0.0
2005-04-01,27.569896132801443,27.731270112667833,27.135433189266084,27.3154239654541,11748100,0.0,0.0
2005-04-04,27.247151953007478,27.451969852400516,27.00509099169514,27.408523559570312,12265300,0.0,0.0
2005-04-05,27.526428823989253,27.68780268065825,27.40229800211299,27.501604080200195,8477100,0.0,0.0
2005-04-06,27.656787255470654,27.8740186971265,27.55748111533582,27.681612014770508,8186000,0.0,0.0
2005-04-07,27.836771086540786,28.010558564307367,27.77470565225279,27.824359893798828,8529100,0.0,0.0
2005-04-08,27.99193989883839,28.04159414545582,27.700229486717753,27.73126220703125,6728400,0.0,0.0
2005-04-11,27.898836518042266,28.03538093540324,27.811943970364098,27.917455673217773,6809600,0.0,0.0
2005-04-12,27.86781350899348,28.426409667598843,27.712647514773348,28.25262451171875,10269300,0.0,0.0
2005-04-13,28.17192925460063,28.376749443262753,27.842978201149386,27.998144149780273,8569000,0.0,0.0
2005-04-14,27.94228801986575,27.99193989883839,27.712643048372108,27.73126220703125,9956000,0.0,0.0
2005-04-15,27.60091406235942,27.91745149114708,27.315406975786317,27.482986450195312,13423000,0.0,0.0
2005-04-18,27.7064216014066,27.89882816195435,27.551255707700115,27.76228141784668,16980700,0.0,0.0
2005-04-19,27.80574566783636,27.99194438721825,27.768507344547082,27.886432647705078,9657400,0.0,0.0
2005-04-20,27.886424743832404,27.892630340073367,27.371272652985805,27.45195960998535,11100500,0.0,0.0
2005-04-21,27.557475588215073,27.6816064627532,26.980258024563046,27.551267623901367,12941300,0.0,0.0
2005-04-22,27.476789160521776,27.743674807734433,27.216109110098955,27.538854598999023,8948300,0.0,0.0
2005-04-25,27.756086495495303,27.874011767700313,27.46437374552371,27.824359893798828,8189300,0.0,0.0
2005-04-26,27.712638016628038,27.936074982902973,27.65057021962581,27.68781089782715,7244800,0.0,0.0
2005-04-27,27.48918896735466,27.92365392224223,27.433329153617063,27.849172592163086,9465300,0.0,0.0
2005-04-28,27.71885337234537,27.942292784937937,27.63816639165468,27.737472534179688,7992700,0.0,0.0
2005-04-29,27.842978887442527,27.967112122935855,27.532646982531478,27.95469856262207,10723600,0.0,0.0
2005-05-02,27.824365901455593,28.171936196744774,27.811952338388828,28.14090347290039,7910400,0.0,0.0
2005-05-03,28.116073904488683,28.382959568128694,27.998148617065482,28.1533145904541,9886800,0.0,0.0
2005-05-04,28.302258893815623,28.53811172209647,28.047786915390713,28.531906127929688,9779100,0.0,0.0
2005-05-05,28.43880501408535,28.6436251317231,28.17191948557513,28.45742416381836,8165200,0.0,0.0
2005-05-06,28.513292235046194,28.519500198516795,28.15330848601466,28.23399543762207,7758100,0.0,0.0
2005-05-09,28.18433953472721,28.389159699553904,28.147098859037577,28.382951736450195,5546400,0.0,0.0
2005-05-10,28.134681558069506,28.37053201661794,28.041581072886284,28.165714263916016,7526600,0.0,0.0
2005-05-11,28.171934240390076,28.389168027505427,28.016768264298353,28.339513778686523,7620400,0.0,0.0
2005-05-12,28.240209609789453,28.476062572767873,28.097457185989246,28.14090347290039,9033300,0.0,0.0
2005-05-13,28.240209803273032,28.265036929576663,27.762298276331002,28.01056480407715,9838500,0.0,0.0
2005-05-16,28.010547996720508,28.49466483092804,28.010547996720508,28.45742416381836,7024300,0.0,0.0
2005-05-17,28.277438849052093,28.674663235766527,28.202957500810058,28.637422561645508,6908200,0.0,0.0
2005-05-18,28.693276672380826,29.01602201419607,28.674657522851902,28.953956604003906,8961400,0.0,0.0
2005-05-19,28.767762377301878,29.009823216101427,28.656042718669532,28.829830169677734,6709900,0.0,0.0
2005-05-20,28.860867762949123,28.947760319326264,28.70570180723434,28.904314041137695,7617800,0.0,0.0
2005-05-23,28.86085115034636,29.016017016746073,28.842232004024225,28.891883850097656,5728600,0.0,0.0
2005-05-24,28.860860985591394,29.009821309861046,28.736727776640688,28.929134368896484,6375100,0.0,0.0
2005-05-25,28.773972927757214,28.922930907565394,28.736732248982968,28.885692596435547,6931900,0.0,0.0
2005-05-26,29.003616867271532,29.047063140530586,28.8608644883283,28.99120330810547,6935700,0.0,0.0
2005-05-27,28.89188882616811,28.98498930909999,28.786377155312707,28.953956604003906,5211400,0.0,0.0
2005-05-31,28.898103936475383,28.953963766524172,28.749143600463867,28.749143600463867,9095400,0.0,0.0
2005-06-01,28.81182562671903,29.269354862307253,28.767953124051125,29.012386322021484,9146100,0.45,0.0
2005-06-02,28.974780458869485,28.974780458869485,28.818092265349186,28.943443298339844,6693200,0.0,0.0
2005-06-03,28.717802533880768,28.836884661333368,28.648859368718778,28.692731857299805,6426700,0.0,0.0
2005-06-06,28.667677323819703,28.799294852701294,28.554861615957634,28.76795768737793,4520100,0.0,0.0
2005-06-07,28.811821136759885,28.99357759482872,28.7178072794812,28.742877960205078,6265100,0.0,0.0
2005-06-08,28.83062926884027,28.955980309053153,28.7178135717359,28.774221420288086,5255900,0.0,0.0
2005-06-09,28.724088287421143,28.962252682360337,28.630074390400654,28.887042999267578,6333700,0.0,0.0
2005-06-10,28.887033375302607,28.93717235036931,28.680203827113672,28.830625534057617,5106400,0.0,0.0
2005-06-13,28.69900711511813,28.949706764161817,28.598726777326284,28.78048324584961,5765400,0.0,0.0
2005-06-14,28.730340565447552,28.868226908697448,28.686468072753776,28.811819076538086,5093400,0.0,0.0
2005-06-15,28.924632109492254,29.225473056683235,28.78674577878631,29.206668853759766,10128700,0.0,0.0
2005-06-16,29.194134381526734,29.269344016678527,29.056248058022447,29.100120544433594,6729200,0.0,0.0
2005-06-17,29.382179882353906,29.382179882353906,29.07506987528612,29.23175811767578,13876500,0.0,0.0
2005-06-20,29.09386443195317,29.38217254299718,29.018654763837105,29.275623321533203,8135700,0.0,0.0
2005-06-21,29.275620436275197,29.620333971278843,29.275620436275197,29.50752067565918,12812100,0.0,0.0
2005-06-22,29.49498855918647,29.733152909271816,29.482453215886355,29.50125503540039,10628100,0.0,0.0
2005-06-23,29.45737083852124,29.57018649257677,29.13145921467985,29.206668853759766,10607300,0.0,0.0
2005-06-24,29.175336775743002,29.52005027156768,29.062521102073582,29.300687789916992,12332000,0.0,0.0
2005-06-27,29.30068417086489,29.394698017601268,29.049982173482178,29.081321716308594,9136800,0.0,0.0
2005-06-28,29.238008739410205,29.394696884013964,29.118924219353683,29.25054168701172,8160400,0.0,0.0
2005-06-29,29.300693919538432,29.507523494824433,29.2881585764115,29.40097427368164,9222600,0.0,0.0
2005-06-30,29.14400653441491,29.14400653441491,28.567395079632288,28.586196899414062,42051300,0.0,0.0
2005-07-01,28.58619247587119,28.761682475671208,27.928102585749187,28.19133758544922,34938900,0.0,0.0
2005-07-05,28.266537303601655,28.31667865212435,27.95942991194899,28.27280616760254,25842200,0.0,0.0
2005-07-06,28.297885446464097,28.32922260338399,28.015846252441406,28.015846252441406,22795900,0.0,0.0
2005-07-07,27.984505528947977,28.078516987726076,27.765140676722723,28.003307342529297,17265100,0.0,0.0
2005-07-08,28.047183853700833,28.34175839333266,27.934368174304467,28.29788589477539,15123800,0.0,0.0
2005-07-11,28.37935461608523,28.504705603893594,28.20386466767626,28.31041145324707,15516700,0.0,0.0
2005-07-12,28.310426873019782,28.56112898518583,28.247752540414538,28.398174285888672,14704800,0.0,0.0
2005-07-13,28.667668461744913,28.7052720921595,28.460838930977793,28.673934936523438,14116900,0.0,0.0
2005-07-14,28.70527326361053,28.79928712522711,28.648865424814943,28.7115421295166,13844700,0.0,0.0
2005-07-15,28.71780819626899,28.861961028725656,28.692737514744756,28.81808853149414,13909400,0.0,0.0
2005-07-18,28.38564013680491,28.573665533412864,28.2540225982666,28.2540225982666,19272500,0.0,0.0
2005-07-19,28.379360575270518,28.43576841208541,27.9469020869375,28.091054916381836,18397300,0.0,0.0
2005-07-20,28.097325197898343,28.19133667007927,27.940637020058283,28.116127014160156,13133300,0.0,0.0
2005-07-21,28.141206188608507,28.178809832479804,27.95317840576172,27.95317840576172,11957200,0.0,0.0
2005-07-22,28.034621273425117,28.109830856323242,27.896735045720607,28.109830856323242,8088100,0.0,0.0
2005-07-25,28.153721123115904,28.247734954366596,27.99076652526856,27.990766525268555,10232800,0.0,0.0
2005-07-26,27.93437244392625,28.040921664473576,27.8403585664358,27.9093017578125,15081700,0.0,0.0
2005-07-27,27.809015094629828,27.884227135906183,27.54578012277762,27.671131134033203,23059100,0.0,0.0
2005-07-28,27.652338208129702,27.746352102639147,27.53952249106743,27.58339500427246,12103900,0.0,0.0
2005-07-29,27.577110345721824,27.702461325467503,27.32640838623047,27.32640838623047,13126200,0.0,0.0
2005-08-01,27.432972125684007,27.483111109688835,27.313889946659234,27.364028930664062,12298400,0.0,0.0
2005-08-02,27.45803270171672,27.608451989211737,27.395356006200913,27.539508819580078,10597200,0.0,0.0
2005-08-03,27.514434353544633,27.589643980402904,27.357746236248527,27.43922233581543,12631900,0.0,0.0
2005-08-04,27.439237266798873,27.451772609908144,27.270013721132052,27.39536476135254,11410100,0.0,0.0
2005-08-05,27.338945810838517,27.376551824895063,27.03810487099993,27.10704803466797,12698500,0.0,0.0
2005-08-08,27.163454114006335,27.232397273242086,26.900216814276295,26.912752151489258,9544000,0.0,0.0
2005-08-09,26.91275787934422,27.056910701666766,26.787409262278786,26.8876895904541,11487100,0.0,0.0
2005-08-10,27.044376473005848,27.194795762715668,26.630719839996587,26.79367446899414,16749400,0.0,0.0
2005-08-11,26.85635592582309,26.868891268448714,26.605656245927033,26.81875228881836,11957500,0.0,0.0
2005-08-12,26.88770247115659,26.91903964043519,26.69340819623283,26.75608253479004,8386000,0.0,0.0
2005-08-15,26.837555250380813,27.201073029390365,26.75607671528001,27.063186645507812,12521500,0.0,0.0
2005-08-16,27.169728276499285,27.671132343436124,27.169728276499285,27.401628494262695,19137500,0.0,0.0
2005-08-17,27.445502065623703,27.58965490370463,27.32641751917329,27.407896041870117,13637600,0.0,0.0
2005-08-18,27.40790208854566,27.57085916989058,27.282551039250894,27.45177459716797,11846600,0.0,0.0
2005-08-19,27.564578610997707,27.564578610997707,27.33268082222833,27.338947296142578,7767700,0.0,0.0
2005-08-22,27.445493107546763,27.55203988709775,27.263734305037453,27.414155960083008,8004700,0.0,0.0
2005-08-23,27.420441744846396,27.483116083914076,27.02558671427623,27.16347312927246,9228600,0.0,0.0
2005-08-24,27.201055425442604,27.27626504485345,26.88767922188161,26.893945693969727,10045500,0.0,0.0
2005-08-25,27.031836281498666,27.081975238778153,26.900216438038978,26.994230270385742,6963100,0.0,0.0
2005-08-26,26.950360806781756,26.987966822109556,26.71219415811506,26.850080490112305,10788500,0.0,0.0
2005-08-29,26.799945616156347,27.26374368718638,26.649526300218767,27.17599868774414,11389200,0.0,0.0
2005-08-30,27.188529085753363,27.188529085753363,26.906489931061333,27.013036727905273,15381300,0.0,0.0
2005-08-31,27.051082165600235,27.285701751708984,26.962307317825747,27.285701751708984,11348700,0.5,0.0
2005-09-01,27.292046492153137,27.672510848626377,27.063766910695836,27.33009147644043,13294700,0.0,0.0
2005-09-02,27.425195551019286,27.482265418865403,27.177893596663527,27.209598541259766,9509000,0.0,0.0
2005-09-06,27.31108240440768,27.526679624064847,27.23498997950944,27.488632202148438,11949200,0.0,0.0
2005-09-07,27.488619353091952,27.52666675722379,27.361799510519372,27.4632568359375,9770000,0.0,0.0
2005-09-08,27.431546490043246,27.488616380603013,27.260339237297117,27.285701751708984,10490200,0.0,0.0
2005-09-09,27.304730088154766,27.36179998587728,27.20961278563941,27.23497772216797,13402900,0.0,0.0
2005-09-12,27.20328985745156,27.298404800810406,27.070125066453162,27.076467514038086,13153800,0.0,0.0
2005-09-13,26.96864017967671,27.12716734258369,26.96864017967671,27.051074981689453,11504700,0.0,0.0
2005-09-14,27.06375412943411,27.16521140450782,26.949614392609654,27.038389205932617,11571300,0.0,0.0
2005-09-15,27.09547424316406,27.1905915500779,27.01303940510097,27.095474243164062,9177200,0.0,0.0
2005-09-16,27.253997401521783,27.70421409322475,27.177905018725017,27.697874069213867,24500500,0.0,0.0
2005-09-19,27.697882601315793,27.697882601315793,27.349123118887146,27.51399040222168,10275900,0.0,0.0
2005-09-20,27.507659114986254,27.647161500914926,27.14621704687171,27.26669692993164,12390600,0.0,0.0
2005-09-21,27.108150124501215,27.17790247676313,26.715003361400335,26.797435760498047,19531400,0.0,0.0
2005-09-22,26.76573613345447,26.797441094721076,26.51209402438814,26.753053665161133,16441800,0.0,0.0
2005-09-23,26.765738932357987,26.94963111344086,26.556484230969758,26.77842140197754,11267900,0.0,0.0
2005-09-26,27.013034588674987,27.08912938821179,26.562817909948144,26.632570266723633,15253500,0.0,0.0
2005-09-27,26.670613954208818,26.708658929748573,26.474039377833044,26.581836700439453,11978700,0.0,0.0
2005-09-28,26.68964742156325,26.69598744711709,26.220405705762747,26.37893295288086,14976400,0.0,0.0
2005-09-29,26.347235767943975,26.702337777171223,26.080911075224446,26.695995330810547,17436800,0.0,0.0
2005-09-30,26.727702724744855,27.02573239246416,26.63892540823714,26.695995330810547,15079700,0.0,0.0
2005-10-03,26.9306050189414,27.000357383058976,26.60720813420235,26.664278030395508,13229600,0.0,0.0
2005-10-04,26.72135097972176,26.968653085170605,26.56916618510725,26.57550621032715,11183700,0.0,0.0
2005-10-05,26.60087585500615,27.12084509663802,26.543805942196112,26.607215881347656,11886600,0.0,0.0
2005-10-06,26.63257662975332,27.05108845146352,26.619894160133768,26.77842140197754,14776300,0.0,0.0
2005-10-07,26.987679418635757,27.00036188867653,26.75305735128223,26.803787231445312,9818200,0.0,0.0
2005-10-10,26.886224255063205,26.917929223266363,26.664284639773044,26.68964958190918,10301800,0.0,0.0
2005-10-11,26.72769009452963,26.85450993459979,26.524775447697305,26.556480407714844,11136100,0.0,0.0
2005-10-12,26.569164785738494,26.8545118653452,26.467707455027902,26.562822341918945,11057200,0.0,0.0
2005-10-13,26.562817909948144,26.702322623499118,26.239423478182808,26.632570266723633,14538800,0.0,0.0
2005-10-14,26.72769037001759,26.797440315201744,26.569163149362524,26.664278030395508,13751600,0.0,0.0
2005-10-17,26.69598299073984,26.772077798286332,26.588185641782434,26.664278030395508,10224400,0.0,0.0
2005-10-18,26.695991824603034,26.715016742251827,26.359914779663086,26.359914779663086,10709200,0.0,0.0
2005-10-19,26.537462331469097,26.924269232534765,26.404300013738492,26.91158676147461,23207200,0.0,0.0
2005-10-20,26.974990795664887,27.260340259160156,26.664276397873756,26.7593936920166,19581300,0.0,0.0
2005-10-21,26.854505646991157,26.94962293079068,26.695978453280624,26.797435760498047,14292900,0.0,0.0
2005-10-24,26.955971909005722,27.507648468017575,26.943291857957604,27.507648468017578,14165900,0.0,0.0
2005-10-25,27.520325953628237,27.520325953628237,27.177906582935158,27.380821228027344,11885100,0.0,0.0
2005-10-26,27.317422215620905,27.634476777535163,27.266692324626142,27.39351463317871,10893200,0.0,0.0
2005-10-27,27.399843720088057,27.58373587311953,27.33643380059676,27.380821228027344,9911500,0.0,0.0
2005-10-28,27.539342261012912,27.888101577758793,27.412520031578186,27.88810157775879,14087800,0.0,0.0
2005-10-31,27.900789094605972,27.957858987238634,27.691532015308457,27.73592185974121,14757400,0.0,0.0
2005-11-01,27.742257277199855,27.812009625383215,27.437885373344805,27.659822463989258,19218600,0.0,0.0
2005-11-02,27.76129389588844,27.989573544708232,27.678861459652257,27.951528549194336,11795200,0.0,0.0
2005-11-03,28.059326064056577,28.11005595023251,27.710566562866425,27.90713882446289,14361800,0.0,0.0
2005-11-04,27.99591483855645,28.141759626207946,27.932502483751012,28.046642303466797,11984700,0.0,0.0
2005-11-07,28.154423674134197,28.20515110585071,28.008576562984725,28.192468643188477,9632500,0.0,0.0
2005-11-08,28.148101806640625,28.217854192798363,28.059326922052303,28.148101806640625,7777700,0.0,0.0
2005-11-09,28.19882431553659,28.408079000319603,28.154436884857358,28.24321174621582,9608400,0.0,0.0
2005-11-10,28.293941510918412,28.801228202178187,28.262236546264756,28.725135803222656,13948700,0.0,0.0
2005-11-11,28.693432993490177,28.915370181667356,28.610998144052683,28.826595306396484,11850900,0.0,0.0
2005-11-14,28.731480653547386,28.997805281661186,28.668068299996037,28.92805290222168,9828400,0.0,0.0
2005-11-15,28.902685139932828,28.953412594643513,28.591970711195895,28.69342803955078,11406600,0.0,0.0
2005-11-16,28.788545704292297,28.839273159639312,28.471491246839445,28.515878677368164,11949900,0.0,0.0
2005-11-17,28.534910158999843,28.782212326681687,28.465157769359468,28.750507354736328,11455700,0.0,0.0
2005-11-18,29.149989688746473,29.149989688746473,28.69343046311981,28.890005111694336,13406200,0.0,0.0
2005-11-21,28.915372953062157,29.12463010962884,28.858303039356166,29.06756019592285,14224100,0.0,0.0
2005-11-22,29.099257676256215,29.264127348498008,28.928047979205214,29.232419967651367,16508200,0.0,0.0
2005-11-23,29.175345979617873,29.803114780821097,29.13730099822769,29.61922264099121,17356500,0.0,0.0
2005-11-25,29.707990940625464,29.83481316148008,29.650921062187518,29.796768188476562,5130700,0.0,0.0
2005-11-28,29.80945593368458,29.898233204467974,29.498743952209207,29.52410888671875,14917500,0.0,0.0
2005-11-29,29.612875393189498,29.777742583172742,29.600192929508847,29.663602828979492,13686200,0.0,0.0
2005-11-30,29.798226001738797,29.80463452473144,29.381601100247646,29.41364860534668,14514600,0.5,0.0
2005-12-01,29.484163976437678,29.650812523082973,29.35597147013508,29.407249450683594,13589900,0.0,0.0
2005-12-02,29.40723252848369,29.599519954752697,29.33031560192226,29.567472457885742,9221600,0.0,0.0
2005-12-05,29.439281930756135,29.830267775013777,29.349547955693875,29.759761810302734,11815700,0.0,0.0
2005-12-06,29.778998129728752,29.95205760637987,29.567482621645023,29.6828556060791,12883300,0.0,0.0
2005-12-07,29.64438304550919,29.702069510319348,29.112385376141425,29.3944091796875,11727100,0.0,0.0
2005-12-08,29.381605757087097,29.503387273792352,29.202137744033394,29.34314727783203,10978000,0.0,0.0
2005-12-09,29.34313655166196,29.618749439570887,29.234174567871985,29.420053482055664,8840600,0.0,0.0
2005-12-12,29.471330044267656,29.52901652159169,29.240584134971535,29.317501068115234,10321300,0.0,0.0
2005-12-13,29.24058497887917,29.9328227267461,29.234176456799318,29.804630279541016,13980700,0.0,0.0
2005-12-14,29.88152975842778,30.118686522391783,29.80461530677082,29.98408317565918,15120000,0.0,0.0
2005-12-15,29.932831013161874,30.003337000896483,29.727724018880235,29.920011520385742,10459700,0.0,0.0
2005-12-16,30.093047902929598,30.28533525681675,30.02254196932216,30.105867385864258,18620400,0.0,0.0
2005-12-19,29.92001086167309,29.984105879074413,29.689264886919243,29.82386589050293,12631900,0.0,0.0
2005-12-20,29.95204965257419,30.028964140082792,29.862315676302906,29.926410675048828,11935800,0.0,0.0
2005-12-21,30.041780024103527,30.125105468528908,29.74693915314256,29.894359588623047,13973100,0.0,0.0
2005-12-22,29.98409377735819,30.118697171683518,29.836673340780163,30.073827743530273,12058500,0.0,0.0
2005-12-23,30.12509212689208,30.15713960822662,30.035358201128933,30.086633682250977,6523300,0.0,0.0
2005-12-27,29.855898098155347,30.285339838637327,29.84307861328125,29.84307861328125,9184500,0.0,0.0
2005-12-28,29.971270610007043,30.009729067244603,29.657201766967773,29.657201766967773,7799100,0.0,0.0
2005-12-29,29.708479963888745,29.855902840825927,29.586698505839685,29.605926513671875,6998700,0.0,0.0
2005-12-30,29.496968202671365,29.71489461705706,29.42646223844843,29.580293655395508,14498300,0.0,0.0
2006-01-03,30.073848982017577,30.240499989799847,29.58031181952966,30.17640495300293,16296700,0.0,0.0
2006-01-04,30.125107447029105,30.27893885875846,29.772580082939044,29.855905532836914,17757900,0.0,0.0
2006-01-05,29.855903572016853,30.016143494721796,29.689252683166096,29.894359588623047,14970700,0.0,0.0
2006-01-06,29.99692304813559,30.06742902885686,29.708490602034015,29.849502563476562,12599800,0.0,0.0
2006-01-09,29.94563410814172,30.10587401249596,29.71488825466091,29.868717193603516,15619400,0.0,0.0
2006-01-10,29.740518214993546,29.811021697691128,29.40721902151615,29.61873435974121,15634600,0.0,0.0
2006-01-11,29.522606038026105,29.644387506477123,29.323907641542238,29.548242568969727,14742100,0.0,0.0
2006-01-12,29.625147932704905,29.631556451672388,29.29825722883674,29.35594367980957,10546600,0.0,0.0
2006-01-13,29.375174126844765,29.48413606475657,29.279029226867923,29.35594367980957,10791000,0.0,0.0
2006-01-17,29.099575670024542,29.214948628725974,28.843190774006345,29.041889190673828,14605900,0.0,0.0
2006-01-18,29.04830039041335,29.259818315885838,28.791915470762056,29.009841918945312,10867000,0.0,0.0
2006-01-19,29.407233648200926,29.407233648200926,28.747043451281147,28.93292236328125,14584000,0.0,0.0
2006-01-20,28.843194960559448,28.939339921788488,28.31119707987652,28.324016571044922,24950800,0.0,0.0
2006-01-23,27.88173963128642,28.45219322333657,27.875331111798175,28.17658042907715,23459500,0.0,0.0
2006-01-24,28.25350466683078,28.638079507676835,28.227865692089786,28.35605812072754,13500300,0.0,0.0
2006-01-25,28.29836728887438,28.61884708854423,28.29836728887438,28.606027603149414,15132000,0.0,0.0
2006-01-26,28.84318013713539,28.945733568709205,28.631662309164394,28.779085159301758,18449100,0.0,0.0
2006-01-27,28.779093779991126,28.91369474080106,28.59321486550079,28.714996337890625,12250800,0.0,0.0
2006-01-30,28.68292792168893,29.06750251356242,28.362448280105813,28.509868621826172,14812100,0.0,0.0
2006-01-31,28.618857646489705,28.67013316191847,28.279147270869732,28.349653244018555,19151000,0.0,0.0
2006-02-01,28.26631802752378,28.356054427429335,28.11248908924804,28.170175552368164,15854700,0.0,0.0
2006-02-02,28.170175377608665,28.182994863229933,27.798417629792603,27.843284606933594,14745100,0.0,0.0
2006-02-03,27.75354507245058,27.91378494289783,27.509979784752172,27.61894416809082,17097000,0.0,0.0
2006-02-06,27.817648496296545,27.977888401355703,27.71509505486136,27.798418045043945,12554600,0.0,0.0
2006-02-07,27.945839199584245,28.1188985950096,27.856105241600797,27.875335693359375,13914200,0.0,0.0
2006-02-08,27.91379482438574,28.022759246297813,27.779193872377224,27.99070930480957,11101600,0.0,0.0
2006-02-09,28.04198758252122,28.23427500835934,28.00994008572608,28.093265533447266,13766200,0.0,0.0
2006-02-10,28.054797483872896,28.21503735816159,27.824051673686544,28.15093994140625,9038900,0.0,0.0
2006-02-13,28.009916305541992,28.17656461443407,27.75353165871473,28.009916305541992,8329500,0.0,0.0
2006-02-14,28.150928685609184,28.516277702368296,28.029147310066453,28.304759979248047,17049200,0.0,0.0
2006-02-15,28.247100638812295,28.586808579836056,28.1573666502451,28.432979583740234,12818500,0.0,0.0
2006-02-16,28.452199964907347,28.670126355142568,28.381694008497842,28.644487380981445,11773700,0.0,0.0
2006-02-17,28.7021757893751,29.048294628731906,28.535527336203668,28.625261306762695,11938900,0.0,0.0
2006-02-21,28.657309625997698,28.734226555883428,28.529117187922203,28.55475616455078,10380500,0.0,0.0
2006-02-22,28.490662957961977,28.95215234093231,28.471432501748705,28.894468307495117,14729600,0.0,0.0
2006-02-23,28.96497409512554,29.291864980571226,28.843192606566642,29.080347061157227,17345700,0.0,0.0
2006-02-24,28.80473336420862,29.4136456808192,28.80473336420862,29.304683685302734,13832400,0.0,0.0
2006-02-27,29.381579550074168,29.484132958213134,29.291845623585836,29.4713134765625,18460200,0.0,0.0
2006-02-28,29.33671546497117,29.516183335554913,29.323895982062854,29.387990951538086,20699000,0.0,0.0
2006-03-01,29.388000244441564,29.595368522856873,29.362081063658305,29.550006866455078,15576200,0.5,0.0
2006-03-02,29.32319971853196,29.394483030498797,29.096391427751094,29.258398056030273,14367400,0.0,0.0
2006-03-03,29.213043788022006,29.478734626731807,29.14823963710157,29.284324645996094,12399500,0.0,0.0
2006-03-06,29.225994140089,29.35559993440041,29.102869995106865,29.297277450561523,11318400,0.0,0.0
2006-03-07,29.219515942543296,29.608330866489947,29.193594288406853,29.562969207763672,12823300,0.0,0.0
2006-03-08,29.433377093871044,29.737950491520216,29.433377093871044,29.621305465698242,14201200,0.0,0.0
2006-03-09,29.61481361317845,29.686096928682005,29.47872863195807,29.517608642578125,11922800,0.0,0.0
2006-03-10,29.485201133334503,29.809214332601915,29.45280030781267,29.776813507080078,12535400,0.0,0.0
2006-03-13,29.783302702142464,29.938830177799307,29.673139363905612,29.770341873168945,10090800,0.0,0.0
2006-03-14,29.80920971525749,30.06842122333026,29.770327247439333,29.97769546508789,14364000,0.0,0.0
2006-03-15,29.84162865833255,30.15268117370498,29.724983656064683,30.068439483642578,11344600,0.0,0.0
2006-03-16,30.120280610625098,30.392453109095932,30.120280610625098,30.301727294921875,13005400,0.0,0.0
2006-03-17,30.43781008937644,30.444289267663244,30.223960125532674,30.39244842529297,18970500,0.0,0.0
2006-03-20,30.26932178961615,30.457250096262133,30.172119283162402,30.39244842529297,11243700,0.0,0.0
2006-03-21,30.29525296267724,30.44429883034247,30.146207095012006,30.178607940673828,11774400,0.0,0.0
2006-03-22,30.068429884811916,30.54796809925044,30.068429884811916,30.45076560974121,11157200,0.0,0.0
2006-03-23,30.372997854654017,30.444281156944555,30.20451207180563,30.262834548950195,10793900,0.0,0.0
2006-03-24,30.314683453699622,30.457250096262133,30.236920954131566,30.39244842529297,10495000,0.0,0.0
2006-03-27,30.321155244796742,30.411878543464134,30.243390298489413,30.340595245361328,10450300,0.0,0.0
2006-03-28,30.21098811857939,30.463718002682068,29.776811645279793,29.848094940185547,16077800,0.0,0.0
2006-03-29,29.91938107272128,30.003625206380715,29.627771137482522,29.789777755737305,11836200,0.0,0.0
2006-03-30,29.679629415564214,29.86755779649006,29.47226102006889,29.55650520324707,12825100,0.0,0.0
2006-03-31,29.63425544789389,29.75737960916668,29.45280879506551,29.511131286621094,10968800,0.0,0.0
2006-04-03,29.71201191285025,29.95178348057315,29.58888777657817,29.601848602294922,11832600,0.0,0.0
2006-04-04,29.66017630919419,30.06843373913505,29.61481464720356,29.997150421142578,8823300,0.0,0.0
2006-04-05,29.945303145125614,30.178593074210035,29.945303145125614,30.165632247924805,10249600,0.0,0.0
2006-04-06,30.023073572185517,30.152676914598143,29.8416244431623,29.93882942199707,7795500,0.0,0.0
2006-04-07,30.074918036084025,30.113800526704857,29.588898027438827,29.6407413482666,9406600,0.0,0.0
2006-04-10,29.744415213154515,29.86106017258059,29.575926950861408,29.601848602294922,9100000,0.0,0.0
2006-04-11,29.647208218997775,29.809214821287384,29.452800790655164,29.524084091186523,8570000,0.0,0.0
2006-04-12,29.562969149698283,29.757376611289768,29.530568318103867,29.62777328491211,7157300,0.0,0.0
2006-04-13,29.634254455566406,29.76386026268611,29.550010310134827,29.634254455566406,7642200,0.0,0.0
2006-04-17,29.776813647796587,29.776813647796587,29.32967384859881,29.472240447998047,10618900,0.0,0.0
2006-04-18,29.452817369510708,30.00363913854058,29.40097404102387,29.783309936523438,16356400,0.0,0.0
2006-04-19,29.724985924499425,29.964757598584463,29.673145070660656,29.841630935668945,10493000,0.0,0.0
2006-04-20,30.198045239914567,30.36005192569099,29.880513520127256,29.990676879882812,17056200,0.0,0.0
2006-04-21,30.036013821608485,30.424831030523972,30.036013821608485,30.372987747192383,16502600,0.0,0.0
2006-04-24,30.360042622086628,30.54797091328428,30.26931930137744,30.502609252929688,12568100,0.0,0.0
2006-04-25,30.47020612260676,30.567408613740916,30.3470819783602,30.515567779541016,12677000,0.0,0.0
2006-04-26,30.5220428206424,30.962700975738283,30.489641994655116,30.917339324951172,19058900,0.0,0.0
2006-04-27,30.839570543285404,31.869932419989507,30.78772725468502,31.77920913696289,34554500,0.0,0.0
2006-04-28,31.707923647513816,32.38835069494921,31.688483651651744,32.34946823120117,29595900,0.0,0.0
2006-05-01,32.29764101192002,32.40132515353032,31.8181003119568,31.869943618774414,21093000,0.0,0.0
2006-05-02,31.921778202528735,32.1809897418072,31.921778202528735,32.05138397216797,19227800,0.0,0.0
2006-05-03,31.928260499855657,32.142107922888,31.89585967479312,31.94770050048828,13745200,0.0,0.0
2006-05-04,32.10971965087117,32.368931296757246,32.09675882137432,32.362449645996094,15863000,0.0,0.0
2006-05-05,32.40131370098337,32.7253268379932,32.368912881687194,32.70588684082031,19401000,0.0,0.0
2006-05-08,32.53093678294753,32.60869928509566,32.401330964683716,32.47261428833008,10721900,0.0,0.0
2006-05-09,32.47260375280724,32.62812870664446,32.427242101936,32.524444580078125,10343700,0.0,0.0
2006-05-10,32.4207589412588,32.68644965769355,32.232833170139926,32.51148223876953,11892500,0.0,0.0
2006-05-11,32.59572447274721,32.59572447274721,32.03842142370939,32.2004280090332,11227700,0.0,0.0
2006-05-12,32.200427945615544,32.304112061137616,31.83753477730046,31.882896423339844,15232200,0.0,0.0
2006-05-15,31.753292861357885,32.25227347439359,31.494081318577823,32.10970687866211,13367300,0.0,0.0
2006-05-16,32.15508421328149,32.27172921723018,32.0060383686861,32.16804504394531,8121100,0.0,0.0
2006-05-17,31.9477123016336,31.95419395225506,31.29968567291071,31.46817398071289,20638000,0.0,0.0
2006-05-18,31.526498340758625,31.77922834538376,31.163602517281817,31.183042526245117,13165300,0.0,0.0
2006-05-19,31.332070386649097,31.481118609938413,31.105262172120373,31.280229568481445,15761800,0.0,0.0
2006-05-22,31.28024912265138,31.5783408115273,31.17656494947603,31.273767471313477,16162600,0.0,0.0
2006-05-23,31.591298102419444,31.68202143477925,31.221923122368572,31.254323959350586,12592100,0.0,0.0
2006-05-24,31.234891259745368,31.565383829529527,31.111764589569596,31.416337966918945,17052700,0.0,0.0
2006-05-25,31.591296465153786,31.798664777522003,31.37744650250984,31.69498062133789,13871200,0.0,0.0
2006-05-26,31.850498369160377,32.14858991819313,31.66257012093448,31.999544143676758,15352800,0.0,0.0
2006-05-30,31.869926386895827,31.902327200125445,31.526473317019406,31.558874130249023,14796800,0.0,0.0
2006-05-31,31.657104692082402,31.80115023284726,31.362469718944908,31.689844131469727,15518900,0.5,0.0
2006-06-01,31.68982930087734,31.912443897119065,31.650543490599134,31.886253356933594,14188200,0.0,0.0
2006-06-02,32.22673400655089,32.36423064346834,32.03030738504797,32.25292205810547,13392700,0.0,0.0
2006-06-05,32.21363842529325,32.396967272771384,31.860073507155516,31.91245460510254,10750300,0.0,0.0
2006-06-06,31.951743964006464,32.13507534376936,31.44758704057872,31.774961471557617,15816700,0.0,0.0
2006-06-07,31.755318808746143,32.23983405036925,31.637463817477514,31.984479904174805,12480200,0.0,0.0
2006-06-08,31.86006156701413,32.21362635264699,31.76839717762797,32.102317810058594,15392800,0.0,0.0
2006-06-09,31.98446993472289,32.21363345639067,31.840426932923428,31.945186614990234,11685300,0.0,0.0
2006-06-12,31.951745636578195,32.08924230534635,31.657108133740117,31.696393966674805,9570900,0.0,0.0
2006-06-13,31.52615687584889,31.85353128786116,30.609507523147116,30.819026947021484,22932100,0.0,0.0
2006-06-14,30.760092140439642,30.943420968330315,30.026774331209,30.537477493286133,20908100,0.0,0.0
2006-06-15,30.681536465396217,31.473782102395695,30.642250628891226,31.369022369384766,21674900,0.0,0.0
2006-06-16,31.231518620392194,31.35591999466892,31.028545590886335,31.048187255859375,21387400,0.0,0.0
2006-06-19,31.38210884941709,31.38210884941709,30.805929230569614,30.864856719970703,10154500,0.0,0.0
2006-06-20,30.77973825625462,31.074375699201447,30.773191867597276,30.825572967529297,12954900,0.0,0.0
2006-06-21,30.79282682989389,31.146391684484904,30.79282682989389,30.976158142089844,11575200,0.0,0.0
2006-06-22,30.976164752922717,31.231516369845508,30.85830977624015,31.12675666809082,10268800,0.0,0.0
2006-06-23,31.03509293922592,31.251158736224284,30.85176158378096,31.04163932800293,12398500,0.0,0.0
2006-06-26,31.002361904921774,31.120216916197137,30.87796050309513,31.074384689331055,8859800,0.0,0.0
2006-06-27,31.074369896867967,31.231510669653744,30.963063826798418,30.9696102142334,10128700,0.0,0.0
2006-06-28,31.035092866421238,31.31008615244103,31.035092866421238,31.198780059814453,12517900,0.0,0.0
2006-06-29,31.238067074233044,31.886269535540865,31.14640263474214,31.82079315185547,16028900,0.0,0.0
2006-06-30,31.9517269397831,31.95827582360783,31.434475014993343,31.4934024810791,14414500,0.0,0.0
2006-07-03,31.55233274358472,32.10232164324046,31.54578635684716,31.95827865600586,6660400,0.0,0.0
2006-07-05,31.755315597709682,32.148163863768644,31.637460618358322,31.99757194519043,12059500,0.0,0.0
2006-07-06,31.99757868247116,32.28566980273084,31.94520006821324,32.12198257446289,7653500,0.0,0.0
2006-07-07,32.017197529537015,32.226716816221625,31.85351043071048,31.95172119140625,7583700,0.0,0.0
2006-07-10,32.16125165165237,32.259464944136624,32.10887306061714,32.174346923828125,7321900,0.0,0.0
2006-07-11,32.06303040145852,32.23981277168285,31.86005749542311,32.180885314941406,11447500,0.0,0.0
2006-07-12,32.20054847163859,32.220190137780214,31.755319056191897,31.801151275634766,7977600,0.0,0.0
2006-07-13,31.801148303537985,31.932098560137142,31.362467816249463,31.414846420288086,12113600,0.0,0.0
2006-07-14,31.42794166569213,31.755316058043093,31.15949476387108,31.63091468811035,10613100,0.0,0.0
2006-07-17,31.49996628925675,31.729127378349183,31.342825472687263,31.571989059448242,10434700,0.0,0.0
2006-07-18,31.53271074264601,31.807706612735295,31.290454319656483,31.716039657592773,9437000,0.0,0.0
2006-07-19,32.06958590376873,32.724334499185,31.98446788701767,32.70469284057617,24176600,0.0,0.0
2006-07-20,32.6261137305252,32.78325194667409,32.47551940168772,32.50825881958008,15785300,0.0,0.0
2006-07-21,32.63921624239095,32.90766306463064,32.586837653930054,32.82909393310547,19627600,0.0,0.0
2006-07-24,32.835648225034745,33.19575950963438,32.82909933935639,33.11064147949219,13098200,0.0,0.0
2006-07-25,33.11719220934904,33.45111296516623,33.09754804888812,33.267784118652344,15198200,0.0,0.0
2006-07-26,33.14992545801824,33.52313199556294,33.12373491209666,33.38563537597656,14242200,0.0,0.0
2006-07-27,33.582059691807046,33.68681937850159,33.37908670610664,33.405277252197266,13054100,0.0,0.0
2006-07-28,33.49693980251354,33.981454887566166,33.49693980251354,33.82431411743164,12051700,0.0,0.0
2006-07-31,33.81122335054707,33.817772236412054,33.52313481419101,33.739200592041016,10928400,0.0,0.0
2006-08-01,33.61479923495575,33.77194002602969,33.444565667488106,33.739200592041016,11102900,0.0,0.0
2006-08-02,33.82432019899639,34.027293209900286,33.732655773965035,34.02074432373047,9711300,0.0,0.0
2006-08-03,33.96182539846633,34.26955818665372,33.88980261845065,34.02730178833008,11329500,0.0,0.0
2006-08-04,34.374309442819424,34.537996630642375,34.13205310418857,34.25645446777344,19869100,0.0,0.0
2006-08-07,34.1778934365735,34.28265316176112,34.11241704728819,34.151702880859375,9614800,0.0,0.0
2006-08-08,34.27610652893608,34.492174881288875,34.01420844757185,34.08623123168945,12969100,0.0,0.0
2006-08-09,34.21061756276524,34.420136934628076,33.62134276835857,33.74574661254883,12412600,0.0,0.0
2006-08-10,33.59515413973907,33.81776878070595,33.43801336472274,33.73265075683594,10816200,0.0,0.0
2006-08-11,33.6082624725357,33.726114977510235,33.19576996328383,33.65409469604492,11741200,0.0,0.0
2006-08-14,33.7850212001131,33.96835247635186,33.40526837340543,33.477291107177734,8245700,0.0,0.0
2006-08-15,33.915989452780735,34.177889988159485,33.80468334872936,34.1451530456543,12396900,0.0,0.0
2006-08-16,34.36122506858582,34.36122506858582,33.98147197115389,34.243370056152344,9384100,0.0,0.0
2006-08-17,34.092778611832905,34.30884697045756,34.00111415581121,34.13861083984375,9622900,0.0,0.0
2006-08-18,34.197527442953664,34.374309907914565,34.08622135260882,34.36776351928711,8985600,0.0,0.0
2006-08-21,34.28264776176302,34.47907190334165,34.28264776176302,34.348121643066406,7274400,0.0,0.0
2006-08-22,34.35468693904224,34.511825328293654,34.2630224623673,34.37432861328125,7504200,0.0,0.0
2006-08-23,34.36776351928711,34.472523221004494,34.24990854264651,34.36776351928711,7575900,0.0,0.0
2006-08-24,34.367762783328196,34.511805809062345,34.295740021627,34.380855560302734,9418600,0.0,0.0
2006-08-25,34.17133670212592,34.23026419011688,33.95527091127127,34.13205337524414,11392400,0.0,0.0
2006-08-28,34.125497294812206,34.282638062216535,34.086213976211944,34.171329498291016,8147700,0.0,0.0
2006-08-29,34.22373256984087,34.3023017551771,34.040403638166545,34.2368278503418,16074400,0.0,0.0
2006-08-30,34.32285086081285,34.44859892196868,34.170628726348454,34.216957092285156,12362200,0.56,0.0
2006-08-31,34.296381086011074,34.34932923926443,34.06473922729492,34.06473922729492,10533100,0.0,0.0
2006-09-01,34.30299281546369,34.30961007071362,33.95221769426613,34.19047927856445,9775300,0.0,0.0
2006-09-05,34.16400630711263,34.34270250108453,34.07796936256447,34.25004577636719,8992800,0.0,0.0
2006-09-06,34.084607102441716,34.35596018421071,34.03165892809269,34.18388366699219,10342800,0.0,0.0
2006-09-07,34.17724124620318,34.32946335957337,34.03825616765296,34.09120178222656,9487400,0.0,0.0
2006-09-08,34.018402870296946,34.28975578025753,33.88603504294162,34.19047927856445,10082700,0.0,0.0
2006-09-11,33.81984315995891,33.952210961063834,33.62129272065443,33.8727912902832,13728000,0.0,0.0
2006-09-12,33.94560415263878,34.31623108013241,33.94560415263878,34.216957092285156,13893100,0.0,0.0
2006-09-13,34.21696683726229,34.38242605550369,34.07136191730353,34.349334716796875,8985200,0.0,0.0
2006-09-14,34.15078282849435,34.4022815559276,34.12431127142827,34.36919021606445,8290500,0.0,0.0
2006-09-15,34.415519656293185,34.415519656293185,34.04489007417688,34.051509857177734,15843600,0.0,0.0
2006-09-18,34.01179295540875,34.36918543551738,33.925753463966224,34.2699089050293,11259500,0.0,0.0
2006-09-19,34.33608597255213,34.4750710625706,34.09120459523602,34.435359954833984,14284600,0.0,0.0
2006-09-20,34.53464064914713,34.845704719034316,34.508166574112735,34.739810943603516,13629000,0.0,0.0
2006-09-21,34.83246434479967,34.872172928840676,34.48830897644065,34.57434844970703,9765700,0.0,0.0
2006-09-22,34.607435597827894,34.89202553104395,34.53463316960432,34.70009231567383,11521500,0.0,0.0
2006-09-25,34.892032125151246,35.196476405525374,34.766281534561344,35.057491302490234,13046100,0.0,0.0
2006-09-26,35.05749532570545,35.40826801401281,34.905273168049305,35.3950309753418,14145600,0.0,0.0
2006-09-27,35.275903205338764,35.547256209814165,35.16339215395717,35.2361946105957,11387100,0.0,0.0
2006-09-28,35.29574929201933,35.63328486820797,35.09057902432416,35.4214973449707,12219800,0.0,0.0
2006-09-29,35.46122107044583,35.73919134683951,35.3619445290439,35.4546012878418,10701400,0.0,0.0
2006-10-02,35.428128364774565,35.52740490942125,35.27590618110174,35.487693786621094,7378600,0.0,0.0
2006-10-03,35.494296834975465,36.11642231728716,35.45458573089787,36.010528564453125,13591200,0.0,0.0
2006-10-04,35.93112575096412,36.301752797542605,35.8384689893195,36.281898498535156,12570700,0.0,0.0
2006-10-05,36.10980613193686,36.31497386398303,35.91787291026903,36.08333206176758,8653700,0.0,0.0
2006-10-06,35.97082925501287,36.050251489210176,35.81198983603235,35.89802932739258,8968900,0.0,0.0
2006-10-09,35.792133703276605,36.09657801129021,35.77227688339264,36.07672119140625,5886000,0.0,0.0
2006-10-10,36.10318360807046,36.169368778463344,35.92448743506882,36.156131744384766,10630800,0.0,0.0
2006-10-11,35.88479397917476,35.88479397917476,35.50754718543715,35.765663146972656,12485000,0.0,0.0
2006-10-12,35.97080881817305,36.11641364010225,35.83844355246171,35.9112434387207,9426000,0.0,0.0
2006-10-13,35.87154352229878,36.06347673846875,35.65975601642372,35.997291564941406,7951400,0.0,0.0
2006-10-16,35.93773645409923,35.97082778797832,35.5472526550293,35.5472526550293,8634300,0.0,0.0
2006-10-17,35.28913552037489,35.62005389736618,35.02439980889911,35.52739715576172,10068900,0.0,0.0
2006-10-18,35.68623757684069,35.69947461526127,35.30237356147156,35.61343765258789,12417500,0.0,0.0
2006-10-19,35.55387465029137,35.55387465029137,34.96484028656538,35.249427795410156,16086300,0.0,0.0
2006-10-20,35.29576300485552,35.52740490942125,34.91189639190957,35.487693786621094,16555700,0.0,0.0
2006-10-23,35.26266527022876,35.71933429583699,35.229573933880644,35.514163970947266,14966300,0.0,0.0
2006-10-24,35.38178895472267,35.47444568766619,35.15676437841413,35.361934661865234,14260800,0.0,0.0
2006-10-25,35.434733462680015,35.79874310101877,35.434733462680015,35.73917770385742,11578600,0.0,0.0
2006-10-26,35.73256264205006,35.85831069946289,35.53400962285248,35.85831069946289,9950800,0.0,0.0
2006-10-27,35.75903129472454,35.77226832991311,35.4810611298835,35.540626525878906,9197700,0.0,0.0
2006-10-30,35.47446114749808,35.78552533626219,35.467843888564,35.686248779296875,7471300,0.0,0.0
2006-10-31,35.825212305070515,35.93110604955991,35.62666184974115,35.653133392333984,11782300,0.0,0.0
2006-11-01,35.83844346007118,35.83844346007118,35.40824877350154,35.46119689941406,12654100,0.0,0.0
2006-11-02,35.31561999165104,35.534024871905416,35.22296322277296,35.441368103027344,8920300,0.0,0.0
2006-11-03,35.4413543580016,35.53401109094512,35.342080369007796,35.361934661865234,7531600,0.0,0.0
2006-11-06,35.52738600769953,35.90463263711764,35.52076622840107,35.87815856933594,11139700,0.0,0.0
2006-11-07,35.88478936347754,36.14952254843633,35.84507824961564,36.017154693603516,8579500,0.0,0.0
2006-11-08,36.00390967397421,36.2355514588056,35.87154185776795,36.14289474487305,9559600,0.0,0.0
2006-11-09,36.08334097293654,36.21570883176631,35.99068422916778,36.07672119140625,9004900,0.0,0.0
2006-11-10,36.076719404991415,36.24879837036133,35.904642964328296,36.24879837036133,9612200,0.0,0.0
2006-11-13,36.1164349612674,36.35469661973342,36.04363250732422,36.04363250732422,8669900,0.0,0.0
2006-11-14,36.1031819807636,36.38777188886021,35.785500751315155,36.28849792480469,13716200,0.0,0.0
2006-11-15,36.24879895479702,36.26865324931104,35.95759169486171,36.05686569213867,12612500,0.0,0.0
2006-11-16,36.22231009442669,36.39438899233505,36.12965339157101,36.33482360839844,10064100,0.0,0.0
2006-11-17,36.30174255371094,36.434110400725544,36.28188826030609,36.30174255371094,13267400,0.0,0.0
2006-11-20,36.30172976477358,36.453954376271675,36.2156928405252,36.33482360839844,8949900,0.0,0.0
2006-11-21,36.427497255521295,36.434114512500805,36.076722042639815,36.2157096862793,9191500,0.0,0.0
2006-11-22,36.189223067228156,36.34806242675888,36.01714414891276,36.156131744384766,11706600,0.0,0.0
2006-11-24,35.98405549008786,36.242171361964026,35.91787283950136,36.109806060791016,4835400,0.0,0.0
2006-11-27,36.109826567602184,36.195863557283886,35.56050066188751,35.686248779296875,14859600,0.0,0.0
2006-11-28,35.68623663279108,36.06348590603049,35.5935798910051,35.91788101196289,11998100,0.0,0.0
2006-11-29,36.151944657730496,36.20544232303967,35.91788503778954,36.12519454956055,9322900,0.56,0.0
2006-11-30,36.12519180251504,36.21212837194114,35.88444594935384,36.011505126953125,11314900,0.0,0.0
2006-12-01,35.998135125930375,36.11181925836011,35.44976811616999,35.77745056152344,14482400,0.0,0.0
2006-12-04,35.108710898991895,35.456454627353196,34.908090204060905,35.209022521972656,28801800,0.0,0.0
2006-12-05,35.21569864801861,35.329385291445675,34.97495286290698,35.302635192871094,16918300,0.0,0.0
2006-12-06,35.27588106368734,35.463126630255196,35.17556948100913,35.235755920410156,13045300,0.0,0.0
2006-12-07,35.18896574406551,35.34277505948153,35.04184523207644,35.10203170776367,12408800,0.0,0.0
2006-12-08,34.974942540705776,35.028442722065364,34.319580625225186,34.54695129394531,32237800,0.0,0.0
2006-12-11,34.68072674250508,35.28927775817015,34.660665434075476,35.142154693603516,18229300,0.0,0.0
2006-12-12,35.07526915556872,35.40963777945206,35.008393900173964,35.309326171875,14986000,0.0,0.0
2006-12-13,35.57682307361218,35.7038822358249,35.40963875705483,35.50326156616211,13299700,0.0,0.0
2006-12-14,35.5099436668345,35.7640645125947,35.255825372104226,35.55675506591797,13389700,0.0,0.0
2006-12-15,35.590197454960354,35.757381768369925,35.349451635485735,35.65707015991211,22369800,0.0,0.0
2006-12-18,35.75738582682461,35.95800651548047,35.68382431241036,35.864383697509766,12915300,0.0,0.0
2006-12-19,35.723928436136084,36.03823563472854,35.710555941370956,35.830928802490234,10902300,0.0,0.0
2006-12-20,35.9112105661635,35.9713970537734,35.72396229858181,35.88446044921875,8999000,0.0,0.0
2006-12-21,36.03824713083498,36.118494880170275,35.73062863252474,35.78412628173828,10445800,0.0,0.0
2006-12-22,35.87108524684244,35.884460305261165,35.469843698407104,35.67715072631836,8402700,0.0,0.0
2006-12-26,35.71056937264683,36.118496943168495,35.697194321822,35.911190032958984,10028200,0.0,0.0
2006-12-27,36.03156168456519,36.14524578607203,35.77744082980342,35.95800018310547,8905300,0.0,0.0
2006-12-28,35.97805944218604,36.08505728795865,35.784125049526345,35.877750396728516,7024400,0.0,0.0
2006-12-29,35.87775341847695,35.964687421656045,35.610257506001055,35.703880310058594,7612900,0.0,0.0
2007-01-03,35.710564906038236,36.232179067813355,35.43638277599877,35.663753509521484,16028200,0.0,0.0
2007-01-04,35.66375652363292,36.03824772741695,35.4765083707109,35.8911247253418,13175000,0.0,0.0
2007-01-05,35.83763370582588,35.83763370582588,35.463139881724004,35.60357666015625,10205000,0.0,0.0
2007-01-08,35.75070862239576,35.87108158484407,35.309341943762405,35.744022369384766,9685900,0.0,0.0
2007-01-09,35.84432328047849,35.917884801947466,35.4230205592064,35.77745056152344,12546500,0.0,0.0
2007-01-10,35.61693062081108,35.9111765262267,35.55005794286888,35.830928802490234,10083900,0.0,0.0
2007-01-11,35.77745291094143,35.87776454699193,35.563457134995836,35.6169548034668,14645200,0.0,0.0
2007-01-12,35.603577953477725,35.84432125875572,35.603577953477725,35.697200775146484,13012400,0.0,0.0
2007-01-16,35.750687365995375,35.79749876233344,35.650378324283714,35.73731231689453,12006200,0.0,0.0
2007-01-17,35.77744306964942,35.917877280666225,35.54338605128808,35.65707015991211,12746800,0.0,0.0
2007-01-18,35.74401035110837,35.810883062858785,35.58351227146478,35.63701248168945,10111100,0.0,0.0
2007-01-19,35.750683247867784,35.87105612487982,35.61024907503023,35.83761978149414,12794000,0.0,0.0
2007-01-22,35.871061596413426,36.14524373564511,35.80418889944175,35.877750396728516,15563000,0.0,0.0
2007-01-23,35.610258756239844,35.790818120845806,35.3762017378785,35.65707015991211,17367300,0.0,0.0
2007-01-24,35.7573758937797,35.764062142764324,35.14882519498903,35.57681655883789,25262700,0.0,0.0
2007-01-25,35.576832864312586,35.590207919441596,35.0017182489196,35.04184341430664,20091400,0.0,0.0
2007-01-26,35.122095392949156,35.30934108507901,34.58710587898442,34.80110168457031,22715300,0.0,0.0
2007-01-29,34.767651941249255,34.94152250975357,34.33965794371892,34.4132194519043,22157900,0.0,0.0
2007-01-30,34.45334996390243,34.86128017197505,34.34635208564,34.854591369628906,17991300,0.0,0.0
2007-01-31,34.774347242782184,35.30933669015727,34.67403560532333,35.16221618652344,19232300,0.0,0.0
2007-02-01,35.282574626973435,35.42301138204474,35.20901567559233,35.33607482910156,12647800,0.0,0.0
2007-02-02,35.329381997306704,35.550063912395935,35.26250675710575,35.269195556640625,12651800,0.0,0.0
2007-02-05,35.26920829665227,35.52332664812032,35.02177364507426,35.362831115722656,11112400,0.0,0.0
2007-02-06,35.28926785699333,35.663761665803655,35.27589280478256,35.58351135253906,13702200,0.0,0.0
2007-02-07,35.67711857434964,35.77074389890618,35.61024589355279,35.683807373046875,9509500,0.0,0.0
2007-02-08,35.67713146119161,35.70388156358438,35.443074442830266,35.65707015991211,13669800,0.0,0.0
2007-02-09,35.65707573948998,35.77744866806311,35.21570918506538,35.43639373779297,11423700,0.0,0.0
2007-02-12,35.57683125919721,35.650392783572464,35.42970821044671,35.46983337402344,10685400,0.0,0.0
2007-02-13,35.50325633205672,35.971372859610796,35.50325633205672,35.93124771118164,10682100,0.0,0.0
2007-02-14,35.951329172249075,36.22551146270835,35.82426995751033,36.145263671875,12189700,0.0,0.0
2007-02-15,36.165316961718744,36.252250980114326,35.91119605548965,36.011505126953125,16916400,0.0,0.0
2007-02-16,35.87108138141573,36.15863872885244,35.84433126746085,36.145263671875,10815700,0.0,0.0
2007-02-20,36.02489071010934,36.22551146270835,35.91789280532112,36.145263671875,9998000,0.0,0.0
2007-02-21,35.94463785248181,36.09176090746373,35.917887742297665,36.0516357421875,11771600,0.0,0.0
2007-02-22,36.01149908760001,36.17868339636515,35.77075582584349,35.911190032958984,10215100,0.0,0.0
2007-02-23,35.63032909508198,35.93795024856604,35.29596038345087,35.34946060180664,16807800,0.0,0.0
2007-02-26,35.50325583012085,35.54338097798272,35.17557350015673,35.302635192871094,16356500,0.0,0.0
2007-02-27,34.90809234679141,35.18227457526743,32.76813218376779,33.971858978271484,31633500,0.0,0.0
2007-02-28,34.39783807058564,34.82383915531814,34.05298176925449,34.370792388916016,27398400,0.56,0.0
2007-03-01,33.97861509379816,34.41814049993191,33.67432847258751,34.06652069091797,25006600,0.0,0.0
2007-03-02,33.877183462189876,34.03947051089813,33.68785072158452,33.81632614135742,17183400,0.0,0.0
2007-03-05,33.53909857054449,33.99890901338533,33.512052869969,33.56614685058594,18612500,0.0,0.0
2007-03-06,33.877189526725445,34.546620175720776,33.877189526725445,34.4451904296875,16716600,0.0,0.0
2007-03-07,34.506046082000736,34.553379273321724,34.08680813910103,34.20852279663086,14548500,0.0,0.0
2007-03-08,34.404612164493514,34.708898748566725,34.208516079261344,34.330230712890625,13333900,0.0,0.0
2007-03-09,34.58719268988575,34.62776252484372,34.2626185334284,34.45195388793945,10723700,0.0,0.0
2007-03-12,34.451956834361624,34.6074805670877,34.282908962337736,34.54662322998047,10574300,0.0,0.0
2007-03-13,34.53986734273003,34.53986734273003,33.30919628695968,33.444435119628906,25463400,0.0,0.0
2007-03-14,33.48498587431366,33.755460785154966,32.7006042477842,33.65403366088867,25008800,0.0,0.0
2007-03-15,33.55938897575415,34.36405603065769,33.498531630125065,33.877197265625,19655200,0.0,0.0
2007-03-16,33.992149284922206,34.127388109848184,33.47148148561013,33.5526237487793,21922100,0.0,0.0
2007-03-19,33.674339688010186,34.07329281770094,33.37005296545518,34.05976867675781,12994400,0.0,0.0
2007-03-20,34.059756861095345,34.370806835948706,34.01918703180617,34.32347106933594,10061800,0.0,0.0
2007-03-21,34.33699947350912,35.16195383112999,34.20176325311568,35.06728744506836,21716000,0.0,0.0
2007-03-22,35.148419370106474,35.263373219037625,34.76299058036139,34.918514251708984,20661200,0.0,0.0
2007-03-23,34.959094901277,35.16195179961245,34.76299878178438,34.95233154296875,13102700,0.0,0.0
2007-03-26,34.959099682112516,34.96586046187993,34.43166857895295,34.86443328857422,13472600,0.0,0.0
2007-03-27,34.86443156554213,35.16195487045372,34.722429402786794,35.05376434326172,20025700,0.0,0.0
2007-03-28,34.78327762070466,34.810325890281156,34.147658762446696,34.330230712890625,19919100,0.0,0.0
2007-03-29,34.4992912348709,34.65481497301879,34.26938601772492,34.61424255371094,13947300,0.0,0.0
2007-03-30,34.600709991295,34.7629970495559,33.99890010511947,34.49928283691406,16151700,0.0,0.0
2007-04-02,34.62099413446353,34.65480318265116,33.89070631217859,34.10032653808594,16943000,0.0,0.0
2007-04-03,34.21527541300625,34.41137148996299,34.12060905294848,34.39108657836914,13101600,0.0,0.0
2007-04-04,34.445186004303906,34.506043328212044,34.2085200665863,34.411376953125,11108100,0.0,0.0
2007-04-05,34.303199922991794,34.43167539974921,34.06653389226333,34.384342193603516,10748700,0.0,0.0
2007-04-09,34.41813484680418,34.45870466999188,34.16118145560103,34.39108657836914,9290300,0.0,0.0
2007-04-10,34.44519831481677,34.607485429727355,34.357295266228626,34.533103942871094,10498700,0.0,0.0
2007-04-11,34.533079260412954,34.533079260412954,34.0191751595295,34.15441131591797,15268300,0.0,0.0
2007-04-12,34.161192264378606,34.161192264378606,33.850144817353225,33.998905181884766,12953900,0.0,0.0
2007-04-13,34.10709484738294,34.201763814463916,33.91100129280778,34.093570709228516,12906200,0.0,0.0
2007-04-16,34.35052243569525,34.94557158702821,34.3167133817541,34.64128494262695,18774400,0.0,0.0
2007-04-17,34.6886100769043,34.823848840722405,34.54661053565447,34.6886100769043,13395400,0.0,0.0
2007-04-18,34.776519412864836,35.297187033095014,34.65480477024141,35.04023361206055,19115500,0.0,0.0
2007-04-19,34.71566637628682,34.74947543019613,34.30318921198302,34.424903869628906,25404800,0.0,0.0
2007-04-20,34.688633719369754,34.688633719369754,34.032729523929376,34.51282501220703,29384700,0.0,0.0
2007-04-23,34.51279435284756,34.68184212779747,34.02593593556319,34.15441131591797,22349400,0.0,0.0
2007-04-24,34.249093036604,34.41814087473242,33.97861546381241,34.22880554199219,15076800,0.0,0.0
2007-04-25,34.37757071063435,34.64804830109446,34.1476655325829,34.64128494262695,16116700,0.0,0.0
2007-04-26,34.485749939981694,34.600701201638614,34.24908406041473,34.296417236328125,14693900,0.0,0.0
2007-04-27,34.29642166565248,34.384324672578664,34.080040667970415,34.330230712890625,15118100,0.0,0.0
2007-04-30,34.43841769235934,34.63451375755183,34.33022720457463,34.41813278198242,19515200,0.0,0.0
2007-05-01,34.48575634143795,34.65480416664108,34.26261197402657,34.43842315673828,14725300,0.0,0.0
2007-05-02,34.49929799839472,34.61424933977075,34.43167728629139,34.49253463745117,11477800,0.0,0.0
2007-05-03,34.63452416362491,34.87795347914592,34.553379338807595,34.64128494262695,12718400,0.0,0.0
2007-05-04,34.823860863612,34.864433280604466,34.54662246282789,34.64805221557617,13558200,0.0,0.0
2007-05-07,34.81033636310431,34.86443291853247,34.67509755399967,34.7697639465332,11593100,0.0,0.0
2007-05-08,34.67509601518538,34.81709817714964,34.54662057094362,34.75624084472656,10795300,0.0,0.0
2007-05-09,34.702144896123905,34.91176517355791,34.614239285656005,34.7900505065918,16584300,0.0,0.0
2007-05-10,34.79006060529205,34.80358474771019,34.17472631233168,34.20177459716797,17866500,0.0,0.0
2007-05-11,34.36404827975452,34.54662027546218,34.22880947780823,34.45195388793945,11040500,0.0,0.0
2007-05-14,34.50604199999533,34.58718681505957,34.188233835788466,34.33699417114258,16609200,0.0,0.0
2007-05-15,34.479002064675655,34.74947708832174,34.43166629158536,34.4451904296875,15653600,0.0,0.0
2007-05-16,34.71565742545358,34.76975138186819,34.391085948571515,34.56689453125,18972400,0.0,0.0
2007-05-17,34.587189755890435,34.65480786139481,34.3978544174405,34.573665618896484,14744800,0.0,0.0
2007-05-18,34.70213906223259,34.73594811304705,34.560139501132696,34.67509078979492,14634500,0.0,0.0
2007-05-21,34.688618134037654,34.722427187978795,34.533094422336,34.64128494262695,14297800,0.0,0.0
2007-05-22,34.62776023289019,34.90499859777063,34.600711958398094,34.823856353759766,16403900,0.0,0.0
2007-05-23,34.95910358730776,35.094342412954994,34.70891343651331,34.722434997558594,13478000,0.0,0.0
2007-05-24,34.95909868856719,34.98614696579963,34.45871587762977,34.51957321166992,17259600,0.0,0.0
2007-05-25,34.620994567871094,34.65480361648196,34.34375624211784,34.620994567871094,11556400,0.0,0.0
2007-05-29,34.6412908332495,34.823862850935946,34.59395763378997,34.61424255371094,14373200,0.0,0.0
2007-05-30,34.62791749404817,34.99709764195034,34.51853030059634,34.7373046875,16051700,0.56,0.0
2007-05-31,34.83985534386777,34.89455024715004,34.50485818925172,34.66893768310547,15938900,0.0,0.0
2007-06-01,34.696276151485705,34.86035821085327,34.511684812695634,34.7167854309082,14293500,0.0,0.0
2007-06-04,34.7168031332063,34.8125166299773,34.60741590718269,34.7646598815918,12758700,0.0,0.0
2007-06-05,34.71678627920415,34.73046000181855,34.55954238113244,34.63474655151367,12630000,0.0,0.0
2007-06-06,34.52534897695174,34.6279005616655,34.36126696300877,34.40912628173828,14588700,0.0,0.0
2007-06-07,34.38862594990166,34.5253605727792,34.00577213543978,34.039955139160156,21053100,0.0,0.0
2007-06-08,34.128845612804184,34.37496752189606,33.88272631170948,34.36129379272461,18402800,0.0,0.0
2007-06-11,34.251895410139035,34.38179449095597,34.05363292172786,34.21771240234375,13209900,0.0,0.0
2007-06-12,34.080957644921085,34.25187519099992,33.94422569445385,33.9510612487793,16877600,0.0,0.0
2007-06-13,34.18351996262263,34.44331544457734,34.01260236280952,34.42964172363281,19863000,0.0,0.0
2007-06-14,34.429654794141676,34.49118525775299,34.183532939696406,34.23822784423828,17525600,0.0,0.0
2007-06-15,34.29975569985301,34.44332852027714,34.17669738062696,34.23822784423828,27194200,0.0,0.0
2007-06-18,34.190360024290136,34.27923791814298,34.067301735565515,34.12199401855469,13196100,0.0,0.0
2007-06-19,34.29974430068153,34.75096928920221,34.28607318708611,34.559539794921875,25301000,0.0,0.0
2007-06-20,34.66208909355825,34.730455088963495,34.14249813969437,34.16984558105469,21505400,0.0,0.0
2007-06-21,34.197211516134594,34.27241571654783,33.98527264296971,34.108333587646484,19282200,0.0,0.0
2007-06-22,34.074145635914476,34.108328647151836,33.46567916870117,33.46567916870117,35893600,0.0,0.0
2007-06-25,33.622913222450514,33.828013837576506,33.26740427250074,33.397300720214844,20984900,0.0,0.0
2007-06-26,33.60239575462052,33.7733133269065,33.36310958862305,33.36310958862305,21003400,0.0,0.0
2007-06-27,33.35628267637585,33.63658746323632,33.19220061694724,33.6297492980957,16095400,0.0,0.0
2007-06-28,33.657088087695534,33.814331941548026,33.33576221660837,33.56137466430664,15200500,0.0,0.0
2007-06-29,33.6570925037993,33.73913221918336,33.21954387775692,33.424644470214844,19179000,0.0,0.0
2007-07-02,33.60240139815382,33.739133392550634,33.486176073321786,33.718624114990234,11098100,0.0,0.0
2007-07-03,33.83485500380772,33.978425186331194,33.66393737470947,33.87587356567383,8331400,0.0,0.0
2007-07-05,33.527193947470984,33.94423327025895,33.52035578362459,33.752803802490234,12644600,0.0,0.0
2007-07-06,33.71180037615077,33.75281894565064,33.39730989800476,33.602413177490234,20671200,0.0,0.0
2007-07-09,33.499853422156924,33.616076151579435,33.34944508243753,33.369956970214844,21405600,0.0,0.0
2007-07-10,33.22638874186902,33.315266646430175,33.00077880936304,33.06230926513672,27025200,0.0,0.0
2007-07-11,33.069146304681105,33.5408806894096,32.89822865409748,33.164859771728516,24178900,0.0,0.0
2007-07-12,33.226376637872534,33.87586396599458,33.1648462045137,33.86219024658203,18427900,0.0,0.0
2007-07-13,33.87586924864357,34.06046057750548,33.739134641190766,33.8416862487793,14025900,0.0,0.0
2007-07-16,33.73229445411649,34.16984305150829,33.73229445411649,33.92372131347656,14072800,0.0,0.0
2007-07-17,33.998930539983085,34.32025648012956,33.97842126141909,34.04678726196289,19572700,0.0,0.0
2007-07-18,33.74597930908203,34.03311969287102,33.18536965768773,33.74597930908203,28540200,0.0,0.0
2007-07-19,33.88953737139295,34.080964225404344,33.431479511295606,33.6844367980957,22329300,0.0,0.0
2007-07-20,33.67760293050453,33.6844410950174,32.88454536672638,33.02811813354492,32525300,0.0,0.0
2007-07-23,33.13066785004179,33.22638129133934,32.82985380482154,32.918731689453125,24454400,0.0,0.0
2007-07-24,32.76832374350065,32.91189390711477,32.132510038357324,32.23506164550781,33103600,0.0,0.0
2007-07-25,32.44016806981938,32.98026842941799,32.064149789489825,32.76832962036133,33727500,0.0,0.0
2007-07-26,32.36495712213922,32.62475260664017,32.06414308239828,32.28975296020508,51484500,0.0,0.0
2007-07-27,32.50169680559749,32.95975479735183,32.371797739043366,32.412818908691406,37536200,0.0,0.0
2007-07-30,32.747807116467904,32.91188652149345,32.440154972051104,32.6110725402832,35877300,0.0,0.0
2007-07-31,32.823012833484775,33.09648202066132,32.39913794055704,32.419647216796875,33880000,0.0,0.0
2007-08-01,32.337600923677094,32.720457186220266,32.05729623745644,32.56321334838867,48411400,0.0,0.0
2007-08-02,32.65894355556408,32.850370481271746,32.51537336128333,32.66577911376953,37180800,0.0,0.0
2007-08-03,32.576905709368724,32.884555398412864,32.11200948450665,32.13251876831055,43493200,0.0,0.0
2007-08-06,32.330778832084576,33.00761117207422,31.804352229872624,32.92557144165039,52233600,0.0,0.0
2007-08-07,32.84352432783231,33.73229526361224,32.54270770391005,33.274234771728516,46093100,0.0,0.0
2007-08-08,33.274226747472014,34.16300007691495,33.199025217622115,33.97840881347656,35709200,0.0,0.0
2007-08-09,33.02127888608845,33.636583272287055,32.761483411027314,33.05546188354492,39096900,0.0,0.0
2007-08-10,32.645263989375685,33.77332127513882,32.645263989375685,33.219547271728516,32166500,0.0,0.0
2007-08-13,33.69811647615129,33.70495203300529,33.08965020431098,33.158016204833984,26263700,0.0,0.0
2007-08-14,33.22639675718912,33.29476539565061,32.6794606894817,32.720481872558594,26116600,0.0,0.0
2007-08-15,32.74780934022407,33.68443694749949,32.583727316061335,32.973419189453125,40894900,0.0,0.0
2007-08-16,32.857206322950894,34.409138725420284,32.658941245068014,34.08097457885742,69390600,0.0,0.0
2007-08-17,35.427804768346476,36.084127816258146,34.539033648299934,35.386783599853516,63492600,0.0,0.0
2007-08-20,35.45516462310111,35.667100881167926,34.504862721713195,35.10649108886719,36334500,0.0,0.0
2007-08-21,34.86719930648357,35.52352243221592,34.66209865569174,35.07229995727539,26677700,0.0,0.0
2007-08-22,35.40045211659896,35.4619825562916,34.81933332572064,35.31157684326172,30700500,0.0,0.0
2007-08-23,35.571367144683876,35.60555274826185,35.03126955529004,35.434635162353516,37119400,0.0,0.0
2007-08-24,35.46882852235726,35.544032699411765,35.12015508474024,35.46199035644531,18412600,0.0,0.0
2007-08-27,35.39362873579182,35.39362873579182,34.70311994081388,34.778324127197266,24534600,0.0,0.0
2007-08-28,34.70309740832824,34.70309740832824,33.94422569445385,33.9510612487793,30401900,0.0,0.0
2007-08-29,34.19035713594808,34.59372279490188,33.910052363318876,34.559539794921875,25674300,0.0,0.0
2007-08-30,34.279249733720526,34.586902081565405,34.183536249501415,34.32710647583008,18907100,0.0,0.0
2007-08-31,35.085967094858646,35.0996408167439,34.54586681637217,34.64841842651367,22514200,0.0,0.0
2007-09-04,34.60741496928575,35.038128301079674,34.53221076443316,34.921905517578125,24405600,0.0,0.0
2007-09-05,34.79727075129495,34.79727075129495,34.34032299655591,34.582645416259766,27360000,0.64,0.0
2007-09-06,34.65187135495895,34.665718573740804,34.26415979341485,34.47186279296875,20653000,0.0,0.0
2007-09-07,34.04261668848267,34.423408711377476,33.751832934004106,33.93876647949219,32834000,0.0,0.0
2007-09-10,34.07031074704226,34.271091512999654,33.64797970178278,33.89722442626953,20641600,0.0,0.0
2007-09-11,34.08414109269938,34.47185521004324,33.95951879216337,34.23645782470703,21040400,0.0,0.0
2007-09-12,34.1810876216755,34.264170961446716,34.008001292117164,34.1949348449707,16901500,0.0,0.0
2007-09-13,34.31262171969832,34.783416566232574,34.31262171969832,34.52032470703125,23447600,0.0,0.0
2007-09-14,34.38186466192765,34.68649561805784,34.34032299655591,34.582645416259766,18494200,0.0,0.0
2007-09-17,34.50647883637477,34.797262501777205,34.18107580415948,34.27800369262695,19139500,0.0,0.0
2007-09-18,34.40955789818145,35.51730919168496,34.21569944100277,35.45499801635742,33475200,0.0,0.0
2007-09-19,35.62115461196025,35.953479930796526,35.08804858765408,35.358062744140625,34416800,0.0,0.0
2007-09-20,35.371914292756976,35.586542242922114,34.97727776325995,35.16421127319336,19987500,0.0,0.0
2007-09-21,35.503453208262016,35.62807552816077,35.06727772970314,35.47576141357422,26822400,0.0,0.0
2007-09-24,35.475766985361886,35.48268927484935,34.96343040741253,35.02574157714844,20674800,0.0,0.0
2007-09-25,34.686489894635564,35.018817880598846,34.5618675601711,34.76957321166992,20737300,0.0,0.0
2007-09-26,34.83188577296527,35.09497503084238,34.57571616348737,34.901119232177734,21087800,0.0,0.0
2007-09-27,34.97035788839655,35.06728844322107,34.68649643770082,35.03266906738281,13994900,0.0,0.0
2007-09-28,35.07420577979615,35.07420577979615,34.6934164691468,34.80419158935547,14729500,0.0,0.0
2007-10-01,34.64494635879342,35.081121831445735,34.45108795208344,35.06035232543945,22172400,0.0,0.0
2007-10-02,35.309604643368594,35.911944218368674,35.27498791213177,35.8080940246582,26625200,0.0,0.0
2007-10-03,35.6211582289621,36.02271703958964,35.572694280112,35.95348358154297,16454000,0.0,0.0
2007-10-04,36.02965159052743,36.34120751710203,36.00195714347906,36.27889633178711,16592800,0.0,0.0
2007-10-05,36.3827436909347,36.65275792574354,36.35504924606004,36.4935188293457,16607600,0.0,0.0
2007-10-08,36.451984182420595,36.451984182420595,36.17504498257812,36.29966735839844,10854900,0.0,0.0
2007-10-09,36.44505514487399,36.451980076688436,36.05041854625512,36.39659118652344,14764200,0.0,0.0
2007-10-10,36.14041848629531,36.33427428919838,35.98810170339304,36.209651947021484,15382700,0.0,0.0
2007-10-11,36.348128760664345,36.66660696927767,36.08503680346353,36.29273986816406,18522300,0.0,0.0
2007-10-12,36.33428031555757,36.39659149698088,35.995032604209975,36.050418853759766,14666500,0.0,0.0
2007-10-15,36.00194904181508,36.050412992699776,35.29575664752593,35.60038757324219,20870800,0.0,0.0
2007-10-16,35.30959755780349,35.41345037176115,34.596483001293656,34.75572204589844,28061000,0.0,0.0
2007-10-17,35.11574703746537,35.15036376692964,34.25031559542284,34.63802719116211,28344700,0.0,0.0
2007-10-18,33.53719876927151,33.91106579142381,33.066403846802814,33.82106018066406,49030200,0.0,0.0
2007-10-19,33.66874317646802,33.7864405765292,32.91408690680459,32.93485641479492,35663200,0.0,0.0
2007-10-22,32.85175832287814,33.336400167349474,32.54020266278331,33.080230712890625,25526300,0.0,0.0
2007-10-23,33.440250293324034,33.440250293324034,32.70636656186241,33.080230712890625,20194300,0.0,0.0
2007-10-24,32.99023954089747,33.07332019946534,32.15942503195917,32.87253952026367,28020700,0.0,0.0
2007-10-25,32.74792902455064,33.12179608459546,32.15943663236295,32.540225982666016,34432800,0.0,0.0
2007-10-26,33.19796304458676,33.54413575070114,32.408689697220076,33.25334930419922,26594400,0.0,0.0
2007-10-29,33.45412846072683,33.5372091665997,33.00410290849673,33.21873092651367,17553900,0.0,0.0
2007-10-30,33.1840976904311,33.35718394892862,32.86561960865648,33.22563934326172,20259000,0.0,0.0
2007-10-31,33.44027697126256,33.6341354483586,32.76870383605321,33.426429748535156,29107800,0.0,0.0
2007-11-01,32.367142086501744,32.54022840781994,31.487863257274814,31.64710235595703,48004100,0.0,0.0
2007-11-02,31.861719528493133,31.937877906592263,30.61549896629734,31.231685638427734,51566400,0.0,0.0
2007-11-05,30.39396036112523,31.224772625604167,29.957782073512345,30.774749755859375,37758000,0.0,0.0
2007-11-06,30.80244181971692,31.612484507253072,30.80244181971692,31.543251037597656,31114100,0.0,0.0
2007-11-07,31.15553218724482,31.2247656467816,29.943928157740853,29.985469818115234,43617100,0.0,0.0
2007-11-08,30.013178209606263,30.747065435415575,29.092360011488264,30.11703109741211,48097300,0.0,0.0
2007-11-09,30.01316449570343,31.217846351224136,29.48698328593357,30.449342727661133,45235900,0.0,0.0
2007-11-12,30.151634069144162,31.418627100658828,30.151634069144162,30.449342727661133,32698500,0.0,0.0
2007-11-13,30.80934692333992,32.110956027245805,30.587796774728634,32.03479766845703,40882500,0.0,0.0
2007-11-14,32.42945730666672,32.5333101688268,31.377092025057355,31.660953521728516,33978500,0.0,0.0
2007-11-15,31.598628469014283,31.70940357420898,30.324713438731845,30.518571853637695,32015600,0.0,0.0
2007-11-16,30.663972196783877,30.809364067511115,30.103171585437657,30.719358444213867,33513600,0.0,0.0
2007-11-19,30.518569735301924,30.518569735301924,29.618519096846065,29.64621353149414,32492400,0.0,0.0
2007-11-20,29.63236847546345,30.21393844005767,28.891559461658378,29.61159896850586,43513500,0.0,0.0
2007-11-21,29.34851470287287,29.999320927679857,29.023111590469373,29.17542839050293,29442100,0.0,0.0
2007-11-23,29.473129598745555,30.00623562283419,29.362354492511997,29.874691009521484,14465600,0.0,0.0
2007-11-26,29.93702422451031,29.95086881203691,28.953892121526824,28.995433807373047,31375200,0.0,0.0
2007-11-27,29.39697607898393,29.992393363852916,29.085420215844657,29.72930145263672,35700800,0.0,0.0
2007-11-28,30.25548053877775,31.155528614993518,29.77083845432714,31.05167579650879,36845200,0.0,0.0
2007-11-29,31.01705613418163,31.07244500308607,30.477027867796515,30.89935874938965,22607000,0.0,0.0
2007-11-30,31.944803758922962,32.33251798109789,31.570936756227905,31.937881469726562,45494200,0.0,0.0
2007-12-03,32.02095862324584,32.104039289899156,31.370155225802463,31.48093032836914,25093100,0.0,0.0
2007-12-04,31.155540380759867,31.169387604526303,30.788598194756815,30.95475959777832,24637200,0.0,0.0
2007-12-05,31.263806471744427,31.804654510443,31.151422637692903,31.769535064697266,29247800,0.64,0.0
2007-12-06,31.74143203857552,32.29632827961685,31.551783854443364,32.28227996826172,21654800,0.0,0.0
2007-12-07,32.310382846120724,32.59836658604978,31.839776382102837,31.867870330810547,23926800,0.0,0.0
2007-12-10,31.959183065884666,32.85825373207494,31.89596699220304,32.759918212890625,30544800,0.0,0.0
2007-12-11,32.67563897359941,33.01279055561299,31.256791057974,31.362152099609375,33997700,0.0,0.0
2007-12-12,31.56583887661532,32.05751916080924,29.859007535999368,30.505216598510742,62623400,0.0,0.0
2007-12-13,30.11187958540334,30.30152785866552,29.507815310444396,30.238311767578125,37553200,0.0,0.0
2007-12-14,29.795793362994782,30.378786387900604,29.57805117540426,29.613170623779297,33028000,0.0,0.0
2007-12-17,29.5078213914282,29.64127909980609,28.981021416950995,29.29007911682129,39410600,0.0,0.0
2007-12-18,29.599115264714914,29.641260200400847,28.643851491365954,29.149580001831055,34660100,0.0,0.0
2007-12-19,29.276003673723412,29.922209757616294,29.135523274786472,29.212787628173828,26788600,0.0,0.0
2007-12-20,29.395411867592063,29.50077284237691,28.678966885042325,29.08635711669922,28801500,0.0,0.0
2007-12-21,29.367318398748797,29.54994105459218,28.84754168998682,29.444580078125,42798800,0.0,0.0
2007-12-24,29.311137088052856,29.971391794793547,29.311137088052856,29.69745635986328,12722200,0.0,0.0
2007-12-26,29.55698357736947,29.72555802150851,29.325190367375193,29.711509704589844,15446400,0.0,0.0
2007-12-27,29.500779225080947,29.521850352820447,29.023147347081462,29.121482849121094,19281700,0.0,0.0
2007-12-28,29.29007673052467,29.4235317485866,28.686012380293718,28.868635177612305,23522900,0.0,0.0
2007-12-31,28.735164049163544,29.21981874987566,28.524444730568774,28.981002807617188,24663300,0.0,0.0
2008-01-02,29.170661977712847,29.184710294832335,28.341830023760558,28.489336013793945,30764600,0.0,0.0
2008-01-03,28.53850249236787,28.664934661278572,28.271589838062784,28.30670928955078,22589500,0.0,0.0
2008-01-04,28.095995974895942,28.299692588780253,27.927418820091656,27.99063491821289,34921700,0.0,0.0
2008-01-07,28.131111383309506,28.26456905981687,27.576214899639876,28.025753021240234,31884400,0.0,0.0
2008-01-08,28.22241751979264,28.24348865139966,26.88785714288069,26.979169845581055,42143300,0.0,0.0
2008-01-09,26.958099894753154,27.2460836502448,26.283794179931913,27.21096420288086,44276900,0.0,0.0
2008-01-10,26.972141609109208,27.962524787286732,26.620941862529353,27.604299545288086,60532300,0.0,0.0
2008-01-11,27.68157449928426,27.941461660849328,26.796551978565198,27.042390823364258,79116300,0.0,0.0
2008-01-14,27.225020215251675,27.604316822014397,26.979181310559042,27.548126220703125,37063400,0.0,0.0
2008-01-15,27.253099786719485,27.253099786719485,26.557725789284472,26.60689353942871,42560000,0.0,0.0
2008-01-16,26.4664216545126,27.681572848145983,26.4664216545126,27.175844192504883,46457400,0.0,0.0
2008-01-17,27.51298135549715,27.51298135549715,25.834247331476195,25.925559997558594,46725700,0.0,0.0
2008-01-18,26.164396571014663,26.325948228309244,24.675309516411698,25.26532554626465,60762800,0.0,0.0
2008-01-22,23.263473552428813,27.37953555763892,23.263473552428813,26.262720108032227,85919200,0.0,0.0
2008-01-23,25.869371341576002,28.79837557081769,25.7078171207096,28.4963436126709,93531900,0.0,0.0
2008-01-24,28.447191828402495,28.650888412956043,27.288231089542393,28.025753021240234,109818800,0.0,0.0
2008-01-25,28.180271092352683,28.482303133535456,27.520016435515032,27.730735778808594,78213500,0.0,0.0
2008-01-28,27.695630756950763,28.9950696167941,27.50598244539727,28.938879013061523,47332200,0.0,0.0
2008-01-29,29.26198137071099,29.585084699796077,28.798397517845352,29.45865249633789,54214400,0.0,0.0
2008-01-30,29.388397824034765,30.68783594384952,28.95993366188043,29.648284912109375,71585900,0.0,0.0
2008-01-31,29.346248114165828,31.2567754723701,29.058264447328384,31.010936737060547,80378600,0.0,0.0
2008-02-01,30.98987706253418,31.664182877248336,30.95475760996758,31.629060745239258,60211900,0.0,0.0
2008-02-04,31.432393098802653,31.49560919210086,30.83535430166396,30.926664352416992,36302000,0.0,0.0
2008-02-05,30.217236320751947,30.477123467293577,29.711507664180306,29.76067543029785,55739200,0.0,0.0
2008-02-06,29.999488213656672,30.434977923027432,29.6482883909369,29.73257827758789,37702200,0.0,0.0
2008-02-07,29.620195423218437,30.772133234854323,29.416501537239583,30.463075637817383,47817600,0.0,0.0
2008-02-08,30.357715254764013,30.442002466752534,29.18470638705423,29.613170623779297,44693100,0.0,0.0
2008-02-11,30.05568194221404,30.05568194221404,29.26899239780086,29.59912109375,36314700,0.0,0.0
2008-02-12,29.78876419192383,30.434973157861922,29.620187124457754,30.07674789428711,39998300,0.0,0.0
2008-02-13,30.24533025580324,30.547362323275596,29.859008300123207,30.434978485107422,33394600,0.0,0.0
2008-02-14,30.484144566160335,30.62462234654406,29.59209672762576,29.669361114501953,37342100,0.0,0.0
2008-02-15,29.500776295346544,29.99245643615723,29.276008690308725,29.992456436157227,51280800,0.0,0.0
2008-02-19,30.329607347902066,30.413894528553065,29.74661453974984,29.97138214111328,32874300,0.0,0.0
2008-02-20,29.641274964332062,30.350697652029528,29.42353004066113,30.1821231842041,38450800,0.0,0.0
2008-02-21,30.224252339432407,30.554380991474275,29.50078164694068,29.648284912109375,36158900,0.0,0.0
2008-02-22,29.711506579417684,29.95734808047206,28.819458644730037,29.922225952148438,33756000,0.0,0.0
2008-02-25,29.690436638429425,30.22425924941664,29.304117326333664,30.161043167114258,29972200,0.0,0.0
2008-02-26,29.999493819372248,30.357719205972053,29.732583833428578,30.006519317626953,30539700,0.0,0.0
2008-02-27,29.74662851472249,30.378789365197203,29.63424466124281,30.1189022064209,29710100,0.0,0.0
2008-02-28,29.9151964572619,30.02055745983245,29.04421985041127,29.093387603759766,34949400,0.0,0.0
2008-02-29,28.812431204145835,28.847550647392797,27.772880143273508,27.913360595703125,39711500,0.0,0.0
2008-03-03,27.913356576127672,28.067882640050616,27.09154778939357,27.52001190185547,37261500,0.0,0.0
2008-03-04,27.225014945470104,27.456808164550434,26.536663466127663,27.239063262939453,46582400,0.0,0.0
2008-03-05,27.603290420484658,27.660423884686413,26.57486082081882,26.817684173583984,51850800,0.64,0.0
2008-03-06,26.389175341368396,26.589146565446026,25.910669266663728,26.082075119018555,51961200,0.0,0.0
2008-03-07,25.739271608551917,26.83197563576265,25.639285975265206,26.23920249938965,43862700,0.0,0.0
2008-03-10,26.51773720086116,26.567730022247936,25.10364870076854,25.217918395996094,50356100,0.0,0.0
2008-03-11,26.353460424401952,26.96051734099428,25.410735267781675,26.9390926361084,68076000,0.0,0.0
2008-03-12,26.66769717214329,27.781827971314407,26.410589855072836,26.446298599243164,41747400,0.0,0.0
2008-03-13,25.96780939660196,26.817689952208976,25.317900095395654,26.524873733520508,53560500,0.0,0.0
2008-03-14,26.76769949817686,26.86054447064889,25.139355770166578,25.48930549621582,57591200,0.0,0.0
2008-03-17,24.539423239095925,25.99636284867169,24.46086236930471,25.682119369506836,67553100,0.0,0.0
2008-03-18,26.474872609958357,27.803258895874023,26.06778684161687,27.803258895874023,68660600,0.0,0.0
2008-03-19,28.053226914975014,28.895966664200344,27.417601772207536,27.53901481628418,61962200,0.0,0.0
2008-03-20,27.74612318789764,29.98866936910802,27.57472008482114,29.895824432373047,69566900,0.0,0.0
2008-03-24,29.817267029163247,31.038524497938,29.60301176305595,30.317197799682617,62674600,0.0,0.0
2008-03-25,29.745860758347785,30.17437145252718,29.06738322222662,29.26021385192871,52389000,0.0,0.0
2008-03-26,28.731699032606564,28.888820805710537,27.853250684112908,28.453166961669922,51047100,0.0,0.0
2008-03-27,28.57459150235604,28.83884238418227,27.574732357655233,27.59615707397461,42795300,0.0,0.0
2008-03-28,27.696141320907092,27.960392189422606,27.124792877799987,27.189069747924805,38462100,0.0,0.0
2008-03-31,27.24620830862611,28.567451867747632,26.981957417278196,27.07480239868164,37031600,0.0,0.0
2008-04-01,28.038939548726635,29.195922763758286,27.98894674955402,29.181638717651367,52432700,0.0,0.0
2008-04-02,29.203073925230548,29.63872795272956,28.581732680379996,28.78170394897461,40527100,0.0,0.0
2008-04-03,28.346039356261365,29.045941259877342,28.02465785849314,28.83168601989746,31047600,0.0,0.0
2008-04-04,28.724550448596094,28.767399848056872,28.07464155421872,28.146059036254883,31394100,0.0,0.0
2008-04-07,28.460317922264625,28.853122497185964,28.11036822293985,28.21035385131836,32126700,0.0,0.0
2008-04-08,27.981807775127756,28.067509332531177,27.3176145753436,27.410459518432617,39627900,0.0,0.0
2008-04-09,27.589015544106136,27.710425898644615,27.03909180579837,27.08908462524414,31935100,0.0,0.0
2008-04-10,27.096219635847476,27.353327067587287,26.68199311480293,26.917673110961914,37341200,0.0,0.0
2008-04-11,26.546294863265658,27.05336904253977,26.282046780705556,26.38203239440918,35756400,0.0,0.0
2008-04-14,25.996364411888315,26.096349988761304,25.31074396801148,25.41073226928711,44191700,0.0,0.0
2008-04-15,25.789249874421326,26.0392138166038,25.189333688780746,25.41073226928711,44341600,0.0,0.0
2008-04-16,25.996376033864053,26.410602569580078,25.803545453229336,26.410602569580078,38112700,0.0,0.0
2008-04-17,26.21777228074977,26.953385850114913,25.889247313524734,26.760555267333984,30100100,0.0,0.0
2008-04-18,27.47473796339738,28.296050278724746,27.224771213547143,27.53901481628418,48291900,0.0,0.0
2008-04-21,26.98908836004416,27.317613251168755,26.681988176131046,26.86053466796875,38324400,0.0,0.0
2008-04-22,26.86766970361606,26.93908992003983,26.210620058933472,26.424875259399414,42136100,0.0,0.0
2008-04-23,26.567728827497145,26.66057380207068,26.067797911706837,26.324905395507812,30227300,0.0,0.0
2008-04-24,26.432037211547414,27.274777373410558,26.346335607203414,27.04623794555664,39720600,0.0,0.0
2008-04-25,27.33190018066516,27.624716349191814,26.810544696430068,27.35332489013672,34667400,0.0,0.0
2008-04-28,27.410459740450133,27.546154101138256,27.03908268948939,27.267621994018555,24256800,0.0,0.0
2008-04-29,27.189061892995962,27.446169299216816,26.91767043927356,27.03908348083496,28257700,0.0,0.0
2008-04-30,27.146218283430667,27.4533185902368,26.724848285096968,26.8105525970459,33748000,0.0,0.0
2008-05-01,26.896239411985448,28.203200845119945,26.824821915658003,28.13178062438965,41524300,0.0,0.0
2008-05-02,28.638863076723748,29.03166763259518,28.13179157202197,28.41746711730957,44354600,0.0,0.0
2008-05-05,28.138942765323296,28.231785027554547,27.710429328514586,27.83184242248535,32767200,0.0,0.0
2008-05-06,27.610432797899847,28.167497049405835,27.217631012237838,28.024662017822266,35600200,0.0,0.0
2008-05-07,28.053221888843265,28.153207481108105,27.031935811732854,27.13906478881836,36551000,0.0,0.0
2008-05-08,27.289059800967575,27.360480070666217,26.582016839581705,26.66057777404785,36001600,0.0,0.0
2008-05-09,26.57486543518236,26.760555355988295,26.089218645326078,26.174922943115234,43012400,0.0,0.0
2008-05-12,26.29632408981111,26.839106888532168,26.2534719558901,26.739118576049805,26709900,0.0,0.0
2008-05-13,26.753413748130622,26.853399377796666,26.067795666645686,26.1463565826416,35473600,0.0,0.0
2008-05-14,26.23919404195059,26.42488119757447,26.06778820841806,26.28204345703125,28741400,0.0,0.0
2008-05-15,26.3391884183021,26.346329081726797,25.78926470485757,26.217775344848633,46841100,0.0,0.0
2008-05-16,26.267757581590107,26.2963256725903,25.739261520102087,25.832103729248047,32144800,0.0,0.0
2008-05-19,25.867810657469338,26.22490355898315,25.460724967695803,25.782106399536133,37786200,0.0,0.0
2008-05-20,25.59642195521633,25.674982837635483,25.189336223046997,25.27503776550293,36536800,0.0,0.0
2008-05-21,25.282191047579612,25.3893173364873,24.63942241651756,24.732267379760742,44293800,0.0,0.0
2008-05-22,24.817968284301163,25.232197551868122,24.63228108724267,24.80368423461914,40330700,0.0,0.0
2008-05-23,24.696552295251333,24.725117663672496,24.210905614848937,24.232330322265625,42429400,0.0,0.0
2008-05-27,24.296600346353454,24.53228023496721,24.075201775738392,24.40372657775879,37972000,0.0,0.0
2008-05-28,24.596567582346452,24.625135679366092,23.746687129039827,24.189481735229492,46624900,0.0,0.0
2008-05-29,24.12520964987588,24.83225520670931,24.04664872973836,24.71084213256836,37973700,0.0,0.0
2008-05-30,24.853674502791776,24.903667309360667,24.268042147781667,24.289466857910156,31973900,0.0,0.0
2008-06-02,24.168061406772914,24.239478937867617,23.71098266919679,23.98237419128418,39784200,0.0,0.0
2008-06-03,24.139488991156583,24.23233394451284,23.496723152945734,23.789539337158203,47951400,0.0,0.0
2008-06-04,23.527396049466116,23.738565234066222,23.163306219702,23.29437828063965,61136800,0.64,0.0
2008-06-05,23.40360453512529,23.578368208966936,22.981261999263538,23.29437828063965,52548300,0.0,0.0
2008-06-06,23.046799553925606,23.075927297787963,22.12929645557048,22.209396362304688,70192800,0.0,0.0
2008-06-09,22.413288397940274,22.464260565349736,21.36471313663352,21.561321258544922,69906600,0.0,0.0
2008-06-10,21.371989720905678,22.23123858172697,21.35014391653517,21.5685977935791,61912700,0.0,0.0
2008-06-11,21.881717494818766,21.9763812791364,20.99334208728224,21.007905960083008,68528000,0.0,0.0
2008-06-12,21.153540553087545,21.874436980043566,21.11713225991849,21.437530517578125,61131700,0.0,0.0
2008-06-13,21.68511199951172,21.77249246350579,21.146261175256818,21.68511199951172,51467700,0.0,0.0
2008-06-16,21.6050011916609,22.39871384872246,21.444802829174677,22.07831573486328,45187700,0.0,0.0
2008-06-17,22.36959451521926,22.493384647356365,21.24092084311827,21.291893005371094,44534100,0.0,0.0
2008-06-18,21.00789541004493,21.08071334859269,20.38894501571899,20.658370971679688,73024600,0.0,0.0
2008-06-19,20.72391452504774,20.731196460931255,19.646213014257835,20.49089813232422,104447300,0.0,0.0
2008-06-20,19.886507537341593,20.46176786207112,19.62436484013543,19.733591079711914,89929700,0.0,0.0
2008-06-23,19.791847513753634,19.850101607694928,18.808808463218007,18.845216751098633,69725400,0.0,0.0
2008-06-24,18.91075335265485,19.54426785871359,18.604919002986357,19.384069442749023,74750100,0.0,0.0
2008-06-25,19.580671967970115,20.345258373374946,19.18745725312535,19.37678337097168,72567600,0.0,0.0
2008-06-26,18.84522169572047,18.84522169572047,18.00781835476321,18.066072463989258,96150100,0.0,0.0
2008-06-27,18.20441704398661,18.524815172849078,17.65828453266701,17.905864715576172,83313400,0.0,0.0
2008-06-30,18.015097327451468,18.23355124276587,16.340290921144167,17.38158416748047,79478800,0.0,0.0
2008-07-01,16.973796593591597,17.64371913837407,16.50776400205133,17.3378849029541,105853900,0.0,0.0
2008-07-02,17.512652743142702,17.68741640992418,16.41310691833496,16.41310691833496,76056000,0.0,0.0
2008-07-03,16.566025151798133,16.66068754155515,15.816002414156864,16.3111629486084,46598700,0.0,0.0
2008-07-07,16.464077506995924,16.711657724310673,15.364530398071473,15.67764663696289,98083400,0.0,0.0
2008-07-08,15.69949536778766,17.235949246674416,15.379098495201342,17.141286849975586,104967400,0.0,0.0
2008-07-09,17.17768442640171,17.476236692114412,15.92522129679932,16.063573837280273,97149900,0.0,0.0
2008-07-10,15.743177714738142,16.893696614951985,15.495597575170532,16.282028198242188,112748800,0.0,0.0
2008-07-11,15.517454028603936,16.3621393761645,15.175211282417587,15.779598236083984,133737500,0.0,0.0
2008-07-14,16.60243659115361,16.704382325094464,14.59994965459884,14.672767639160156,102861100,0.0,0.0
2008-07-15,14.235859333213266,14.760147645114634,13.427583833844256,13.485837936401367,186221000,0.0,0.0
2008-07-16,14.163039761202597,16.689812836709564,13.864487374919445,16.507768630981445,191122800,0.0,0.0
2008-07-17,17.439827175404577,19.296676635742188,17.330599592772383,19.296676635742188,189147600,0.0,0.0
2008-07-18,19.995736133652386,20.381670373789003,18.641328103274386,20.017581939697266,157811600,0.0,0.0
2008-07-21,22.071035455709517,22.500659821136292,20.534583558446812,20.79672622680664,163781600,0.0,0.0
2008-07-22,20.279724317729492,24.350231384058706,19.80640967177373,23.5565185546875,139814700,0.0,0.0
2008-07-23,23.338062207853614,24.94733201566946,23.119609757822612,24.35022735595703,159601900,0.0,0.0
2008-07-24,24.517709217668248,24.758008872408332,22.194826444049674,22.31133460998535,120641100,0.0,0.0
2008-07-25,22.282207429638365,22.639013848083444,21.124406358675817,21.539466857910156,89735800,0.0,0.0
2008-07-28,21.364712837959562,22.27493406865352,20.345265337359802,20.432645797729492,73281800,0.0,0.0
2008-07-29,20.50546477047001,23.461864471435547,20.243320598846726,23.461864471435547,109271100,0.0,0.0
2008-07-30,24.30654726918616,25.1221046720677,23.29438036838992,24.474027633666992,119467100,0.0,0.0
2008-07-31,23.833230192754367,24.6415070161765,23.389041828331433,23.957021713256836,66288700,0.0,0.0
2008-08-01,24.175475910528924,24.393928445530978,23.250690827171354,24.270139694213867,58692700,0.0,0.0
2008-08-04,23.7385584628981,24.46673513694741,23.08320112291786,23.753122329711914,59095000,0.0,0.0
2008-08-05,24.233723686803913,24.903647805814856,24.06624335149471,24.452178955078125,74277800,0.0,0.0
2008-08-06,24.04440849247421,24.743457851028495,23.461867360345643,24.357524871826172,55622800,0.0,0.0
2008-08-07,23.855074824227987,24.423054714220587,22.68271092023474,22.952136993408203,77877400,0.0,0.0
2008-08-08,22.55163673731289,23.84779204139414,22.406002199400014,23.48370361328125,61163900,0.0,0.0
2008-08-11,23.43272876035066,24.74344639524434,23.316220587866198,24.306541442871094,63158700,0.0,0.0
2008-08-12,24.000707776430964,24.029835516450042,22.456973666484277,22.66814422607422,59264100,0.0,0.0
2008-08-13,22.194830125451176,22.318620245901457,20.753040291185908,21.01518440246582,98225700,0.0,0.0
2008-08-14,21.07344019162636,22.202113848035662,20.847704349234714,21.97637939453125,64682500,0.0,0.0
2008-08-15,22.209396027819206,22.9375729467641,22.034633733938904,22.355031967163086,55464900,0.0,0.0
2008-08-18,22.362306059348818,22.43512400800217,21.3355770111084,21.3355770111084,59555500,0.0,0.0
2008-08-19,21.087997598788174,21.117125334881308,20.206904415274355,20.447202682495117,71296800,0.0,0.0
2008-08-20,20.60740601952952,21.408400899165372,20.185063466832396,21.32830238342285,63148100,0.0,0.0
2008-08-21,20.862269352740746,21.37199377361374,20.374390740380814,21.146259307861328,49905900,0.0,0.0
2008-08-22,21.830745791674445,22.15842599220116,21.321022732828585,21.998226165771484,55439800,0.0,0.0
2008-08-25,21.801617603237283,21.881716120837307,21.00790464096931,21.088003158569336,41479400,0.0,0.0
2008-08-26,21.15354112198377,21.473939388260092,20.716636036655707,21.131696701049805,43496300,0.0,0.0
2008-08-27,21.240918113605655,21.72879664358327,20.964211530267594,21.590442657470703,39123300,0.0,0.0
2008-08-28,21.983657628814733,22.8865966796875,21.699667736919725,22.8865966796875,64508600,0.0,0.0
2008-08-29,22.56619833614448,22.923004793110742,22.369590271422158,22.675424575805664,40830800,0.0,0.0
2008-09-02,23.833226879404805,24.131779263167733,23.345349745503434,23.76041030883789,70626400,0.0,0.0
2008-09-03,23.923818117936364,24.503161201470633,23.433606483159735,24.480876922607422,71778400,0.64,0.0
2008-09-04,24.198632973262708,24.362034943299776,22.653722044331143,22.727996826171875,70001300,0.0,0.0
2008-09-05,22.341767858473734,23.983234921356114,22.14865400303619,23.938669204711914,85388200,0.0,0.0
2008-09-08,26.189188086761238,26.515997708008022,24.844821417587525,25.795534133911133,164205500,0.0,0.0
2008-09-09,25.47615320034989,26.07034863990828,23.99066318478025,24.154067993164062,107012300,0.0,0.0
2008-09-10,24.48830198776095,24.77797206586687,23.173643081986498,24.064937591552734,88138200,0.0,0.0
2008-09-11,22.995391913599295,24.681423945703102,22.55717352604072,24.555158615112305,93465600,0.0,0.0
2008-09-12,23.975805253352437,25.550426533116013,23.842110940290492,25.06021499633789,79018300,0.0,0.0
2008-09-15,20.96769300301372,22.364054529077546,19.719881057739258,19.719881057739258,275947400,0.0,0.0
2008-09-16,18.590906423816136,22.09666204298667,18.568623565535017,21.94811248779297,174575700,0.0,0.0
2008-09-17,21.257367339290415,21.83670766387148,19.69760220258374,20.202669143676758,174479800,0.0,0.0
2008-09-18,20.885981577168902,23.84210372505524,19.950123085623705,22.713132858276367,225157700,0.0,0.0
2008-09-19,28.625401860870195,29.338436602081778,25.55786326584668,27.838090896606445,169634200,0.0,0.0
2008-09-22,26.716547965176964,26.73140321041007,25.25333889322177,25.3647518157959,64641500,0.0,0.0
2008-09-23,25.550421294185924,26.33030273824017,23.76783270776497,24.733400344848633,54546200,0.0,0.0
2008-09-24,25.08249250412655,25.684116818562508,24.51057866201136,24.562570571899414,46292200,0.0,0.0
2008-09-25,25.30532001257158,26.367445509040124,24.896810860086863,25.52814292907715,60479300,0.0,0.0
2008-09-26,25.075067565995003,27.852934848194284,24.725979375906963,27.258739471435547,71964400,0.0,0.0
2008-09-29,27.25873792583454,27.25873792583454,22.468032836914062,22.468032836914062,102415400,0.0,0.0
2008-09-30,24.06493530256308,26.315451387643613,23.656424767587616,25.996070861816406,79197200,0.0,0.0
2008-10-01,25.67669259897036,28.59568046824032,25.416733000779747,28.320865631103516,77465900,0.0,0.0
2008-10-02,28.10548164572,28.551127682555897,26.96908226844459,27.01364517211914,60475000,0.0,0.0
2008-10-03,28.12032070757488,28.595676962182164,25.268180346584398,25.60984230041504,71040700,0.0,0.0
2008-10-06,23.60443759354701,24.874532333139342,22.861692562598474,23.931245803833008,82372200,0.0,0.0
2008-10-07,22.022385814573514,22.460605415184485,17.655046463012695,17.655046463012695,143285000,0.0,0.0
2008-10-08,15.11485968110449,17.603055491836187,14.86232629036315,16.414663314819336,322727700,0.0,0.0
2008-10-09,17.328238669546707,17.825877815221926,14.49095334395831,14.580081939697266,197845600,0.0,0.0
2008-10-10,14.409245038155095,16.451792699706466,14.104719863766723,15.501080513000488,212897700,0.0,0.0
2008-10-13,17.662473707528758,18.056127586168486,16.080426324169306,16.927156448364258,169776400,0.0,0.0
2008-10-14,19.630749938318804,20.210090112808786,18.568624396189012,19.70502471923828,213923300,0.0,0.0
2008-10-15,18.86571734258479,19.37078402537949,17.52877729009445,17.692180633544922,118298900,0.0,0.0
2008-10-16,18.130407168128773,18.5834821172322,16.422094062231146,18.011568069458008,132357000,0.0,0.0
2008-10-17,17.48421499803623,18.40521847095644,17.20197115283622,17.261390686035156,113718000,0.0,0.0
2008-10-20,17.766462810564178,18.160118222722513,17.090564884347646,18.12298011779785,84862900,0.0,0.0
2008-10-21,17.788744579548126,18.509206770693474,17.603058316365676,17.803598403930664,75498200,0.0,0.0
2008-10-22,17.409946265339745,18.1155532897056,16.087859422306654,16.830604553222656,99175000,0.0,0.0
2008-10-23,16.771180764627427,17.231683252853184,16.013580582388386,17.083133697509766,97334900,0.0,0.0
2008-10-24,15.218849807838737,16.540936845930954,15.218849807838737,15.649641990661621,106422900,0.0,0.0
2008-10-27,15.501084715946986,16.19183619513778,15.2188408964867,15.248551368713379,73489800,0.0,0.0
2008-10-28,15.81304859737287,17.283683996046058,14.869761697715857,17.097997665405273,110456600,0.0,0.0
2008-10-29,17.083132628753727,17.68475559857605,16.414662504876315,16.578065872192383,110623200,0.0,0.0
2008-10-30,17.313383120808748,17.43964980973528,16.466654393109327,16.919729232788086,77086600,0.0,0.0
2008-10-31,16.600357925012304,17.9521541595459,16.600357925012304,17.9521541595459,134621200,0.0,0.0
2008-11-03,17.803590521662407,17.870437660146436,17.157403405214282,17.536203384399414,59182300,0.0,0.0
2008-11-04,17.848170791987865,18.286390650073002,17.432232387133784,18.21954345703125,89542600,0.0,0.0
2008-11-05,17.907585956047868,18.08584462141203,16.013584980290034,16.154706954956055,88416800,0.0,0.0
2008-11-06,16.058143192900665,16.570636084690516,14.82518552205538,14.944025993347168,118548800,0.0,0.0
2008-11-07,15.181702023481412,15.404524866207671,14.817757291469542,15.218838691711426,82003200,0.0,0.0
2008-11-10,15.634779123787913,15.701626276178374,14.14928936697487,14.468669891357422,79599800,0.0,0.0
2008-11-11,14.223565648725508,14.357259967705074,13.555095470501257,13.881903648376465,103837200,0.0,0.0
2008-11-12,13.629367040222647,13.993311813593799,12.62666130065918,12.62666130065918,101948600,0.0,0.0
2008-11-13,12.745505393716872,12.923764041996446,11.052046818387115,12.70094108581543,197772100,0.0,0.0
2008-11-14,12.50782426880068,13.39911871828243,12.032467984636266,12.195871353149414,124550600,0.0,0.0
2008-11-17,12.039893459607717,12.091886789636359,11.126317624919542,11.16345500946045,130129600,0.0,0.0
2008-11-18,11.26744355397347,11.675953512616374,10.799514042255627,11.28229808807373,149127600,0.0,0.0
2008-11-19,11.000055539340465,11.126321558075897,9.603694628680088,9.700251579284668,173059700,0.0,0.0
2008-11-20,9.514563177879124,9.833943026613754,8.170194498697917,8.355880737304688,196136500,0.0,0.0
2008-11-21,8.972357380458535,9.03177690946793,7.434875827751289,8.519283294677734,229691500,0.0,0.0
2008-11-24,9.351159040052218,11.029762798169283,9.232319961307077,10.836648941040039,197880500,0.0,0.0
2008-11-25,11.31200507854377,11.512546552032438,10.331581985941678,10.99262523651123,145943000,0.0,0.0
2008-11-26,10.636104168961147,11.482833405178573,10.212739905020715,11.460551261901855,118890800,0.0,0.0
2008-11-28,11.460556986428744,12.17359159413564,11.445701744599726,12.069607734680176,52660100,0.0,0.0
2008-12-01,11.57939331598885,11.586820935125433,9.484852886371362,9.544272422790527,127347400,0.0,0.0
2008-12-02,9.997344922031298,10.910920675584569,9.588835145034565,10.673242568969727,136087200,0.0,0.0
2008-12-03,10.407364533633203,11.531664160300584,10.171869826172543,11.432908058166504,128501000,0.32,0.0
2008-12-04,11.19741237738558,11.668402506309462,10.582086855916396,10.893548011779785,107562100,0.0,0.0
2008-12-05,10.559293560677279,11.744365707265883,10.445344636251464,11.577239990234375,140156600,0.0,0.0
2008-12-08,12.29892634177411,13.673913949924401,12.192572692439901,13.5523681640625,164101500,0.0,0.0
2008-12-09,13.218112398389737,13.628330384203503,12.838281574016815,12.876265525817871,116333600,0.0,0.0
2008-12-10,13.119354609115279,13.187724260845323,12.192566640747708,12.678750991821289,88454000,0.0,0.0
2008-12-11,12.405273824388559,12.435660983767693,11.265781428582116,11.326554298400879,107442900,0.0,0.0
2008-12-12,10.718825215517017,11.46329398110024,10.559296246068454,11.341748237609863,119512500,0.0,0.0
2008-12-15,11.432904626669918,11.470887842931864,10.559293550523552,10.718822479248047,81959400,0.0,0.0
2008-12-16,10.772000444291244,11.546854807814558,10.26302717460244,11.4708890914917,183131000,0.0,0.0
2008-12-17,11.258184847654386,11.691192458735546,11.015093363868306,11.106252670288086,96214400,0.0,0.0
2008-12-18,11.280976652806121,11.478488146275339,10.566894241632488,10.604877471923828,102574800,0.0,0.0
2008-12-19,10.688438019382565,10.916336634451625,10.331397604393088,10.483329772949219,104069400,0.0,0.0
2008-12-22,10.559294852541855,10.642858083515852,10.035128721797184,10.278220176696777,72654800,0.0,0.0
2008-12-23,10.202253255613636,10.316202180536706,9.662893610336551,9.685683250427246,68454600,0.0,0.0
2008-12-24,9.685684393144175,10.301010543945877,9.678087604061142,10.278220176696777,38022300,0.0,0.0
2008-12-26,10.376978936442327,10.483331837612392,10.09590418813916,10.149080276489258,43646200,0.0,0.0
2008-12-29,10.308605805075738,10.430151523051899,9.632507567715933,9.830018997192383,62741300,0.0,0.0
2008-12-30,9.9439714938723,10.057920455932617,9.617316740076976,10.057920455932617,72897800,0.0,0.0
2008-12-31,9.943970566912355,10.726421820480004,9.875600906261536,10.696035385131836,113351000,0.0,0.0
2009-01-02,10.57449081783171,11.068270628181573,10.414961833423781,10.88595199584961,86580700,0.0,0.0
2009-01-05,10.923935578984596,11.053078128850961,10.551701511473246,10.620070457458496,93640500,0.0,0.0
2009-01-06,10.840367270606254,11.250584350130971,10.688434428621965,10.847963333129883,111015400,0.0,0.0
2009-01-07,10.718828164556264,10.734021748907615,10.3389972494122,10.414963722229004,112810000,0.0,0.0
2009-01-08,10.498523146467274,10.627665677240383,10.14148271383081,10.285818099975586,93943500,0.0,0.0
2009-01-09,10.392169741826697,10.468135458533755,9.837616459963769,9.868002891540527,74813700,0.0,0.0
2009-01-12,9.769245296887668,9.799631723764863,8.599366775411324,8.682929992675781,122567000,0.0,0.0
2009-01-13,8.5006111673768,8.546191172396204,7.946058665713388,8.090394020080566,242917900,0.0,0.0
2009-01-14,7.664987403997297,7.961255031749037,7.664987403997297,7.748549938201904,166801200,0.0,0.0
2009-01-15,7.368717078281442,7.383910657414901,5.583512462639532,6.3203840255737305,552512600,0.0,0.0
2009-01-16,6.829357440124386,7.080045703926434,5.317631067628461,5.454370021820068,494599400,0.0,0.0
2009-01-20,4.922608302573845,4.937801523541498,3.836292097799302,3.874274969100952,413433500,0.0,0.0
2009-01-21,4.208525882445845,5.22647269895832,4.0717869038149646,5.074540138244629,438488400,0.0,0.0
2009-01-22,4.839042374786,4.861832373078493,4.178137133355235,4.337666034698486,362515000,0.0,0.0
2009-01-23,4.079381514851427,4.770673615477753,4.026205450196552,4.740286827087402,301305600,0.0,0.0
2009-01-26,4.907414959640316,5.302439057216551,4.5579705238342285,4.5579705238342285,267222800,0.0,0.0
2009-01-27,4.7858649969188125,5.021359890613789,4.709898598368804,4.9377970695495605,190621000,0.0,0.0
2009-01-28,5.803813648686925,5.93295615919936,5.393596475432616,5.613898277282715,357522100,0.0,0.0
2009-01-29,5.2872444933250495,5.469563094084947,5.0973291030827275,5.150505542755127,175314200,0.0,0.0
2009-01-30,5.226469935319512,5.256856358947612,4.82384927889508,4.998571395874023,220955000,0.0,0.0
2009-02-02,4.709902729734722,5.059347165540809,4.421231538523784,4.5579705238342285,291276500,0.0,0.0
2009-02-03,4.679515741438908,4.679515741438908,3.9426440856220317,4.026206970214844,355724700,0.0,0.0
2009-02-04,4.155348702812133,4.208525144067451,3.509636429214106,3.5704092979431152,610037800,0.0,0.0
2009-02-05,3.464056481043219,3.7679211609034673,2.8639239103807768,3.6767618656158447,757557100,0.0,0.0
2009-02-06,4.094575249811872,4.930202800066464,4.0717856084078745,4.65672492980957,725522500,0.0,0.0
2009-02-09,4.990976455542993,5.35561400976853,4.793464280979855,5.234067916870117,461430100,0.0,0.0
2009-02-10,5.203682122444775,5.234068558837613,4.162945770402799,4.223718643188477,608904400,0.0,0.0
2009-02-11,4.406039181280769,4.664323981921556,4.337669494111283,4.611147880554199,396772000,0.0,0.0
2009-02-12,4.345262092123235,4.497194556020229,4.064187522930647,4.459211349487305,370215500,0.0,0.0
2009-02-13,4.314877162790465,4.459212890361998,4.216121443702429,4.231314659118652,239879500,0.0,0.0
2009-02-17,3.851484301114197,3.9502400301928695,3.699551769346862,3.722341775894165,278175000,0.0,0.0
2009-02-18,3.919852728178427,3.957835943267046,3.4260731054350897,3.4716527462005615,327604800,0.0,0.0
2009-02-19,3.084225967634356,3.555216059733351,2.93229361559301,2.9854700565338135,406830800,0.0,0.0
2009-02-20,2.7423769850195714,3.1070145742721236,1.9219429072740486,2.8791160583496094,840283700,0.0,0.0
2009-02-23,3.2589473530175908,3.4032830614226666,2.9019064759132718,2.970276117324829,511845600,0.0,0.0
2009-02-24,3.0614350783194486,3.6083910334855616,2.9322924233092595,3.593197822570801,510482600,0.0,0.0
2009-02-25,3.653971981067863,4.178138489594231,3.190578338068926,3.919853448867798,593460500,0.0,0.0
2009-02-26,4.261699282798514,4.474404208429161,3.881868696223398,4.041397571563721,449243000,0.0,0.0
2009-02-27,3.228560692406175,3.7147438481898445,3.000662326812744,3.000662326812744,476468300,0.0,0.0
2009-03-02,2.742378061489434,2.977873274974172,2.484093204807614,2.7575714588165283,437894200,0.0,0.0
2009-03-03,3.000663365683336,3.099419279813604,2.7119918698369037,2.7727649211883545,347261200,0.0,0.0
2009-03-04,2.5747100423332454,3.06984664481733,2.5747100423332454,2.7346770763397217,262493200,0.01,0.0
2009-03-05,2.5899461494345615,2.6737384425964974,2.3766563127012965,2.4147439002990723,282814100,0.0,0.0
2009-03-06,2.506153698528628,2.6965909118711084,2.285246560109764,2.3918914794921875,281698600,0.0,0.0
2009-03-09,2.4528300020082345,2.8717916082684494,2.437595047716225,2.8565566539764404,298867900,0.0,0.0
2009-03-10,3.3136074662789117,3.6563946710023476,3.199345064704433,3.6487770080566406,419616900,0.0,0.0
2009-03-11,4.037267190262384,4.189616744780591,3.43548590507048,3.755419969558716,451780400,0.0,0.0
2009-03-12,3.7478027459949224,4.562873423289837,3.6868629230080123,4.456228733062744,544222900,0.0,0.0
2009-03-13,4.760928055872067,4.913277608367979,4.3038790351543454,4.38767147064209,568457500,0.0,0.0
2009-03-16,4.738075751267645,5.2941521990918385,4.593343848545602,4.707605838775635,537893100,0.0,0.0
2009-03-17,4.623814930708353,4.844722033772548,4.4181427877441,4.776164531707764,429150400,0.0,0.0
2009-03-18,4.844721172485445,5.842611789703369,4.738076107514954,5.842611789703369,664772200,0.0,0.0
2009-03-19,6.421539919046864,6.528184241315473,5.1951247645081535,5.278916835784912,622301500,0.0,0.0
2009-03-20,5.309388019593718,5.324622978319652,4.555257017814911,4.715224266052246,572920000,0.0,0.0
2009-03-23,5.614087732533389,6.010197034998552,5.25606600968664,5.9416399002075195,569334700,0.0,0.0
2009-03-24,5.57599967162541,6.086370909186772,5.385562528836386,5.499824523925781,524215100,0.0,0.0
2009-03-25,5.918786263335584,6.086370785770523,5.301769976798286,5.865463733673096,620457600,0.0,0.0
2009-03-26,6.0025772775499675,6.063517089386222,5.438883291604752,5.774052619934082,479338200,0.0,0.0
2009-03-27,5.484590556929272,5.895934830537463,5.4312683797916,5.591235637664795,383537100,0.0,0.0
2009-03-30,5.103715467771488,5.141803043011738,4.585726551238304,4.593344211578369,486926900,0.0,0.0
2009-03-31,4.844718526922411,5.24844485894854,4.760926125410826,5.195122718811035,422256900,0.0,0.0
2009-04-01,4.913279792877382,5.499826375618016,4.905662493480826,5.3703293800354,421386100,0.0,0.0
2009-04-02,5.979724649385604,5.994959602301074,5.385561122452372,5.5150580406188965,512639600,0.0,0.0
2009-04-03,5.400796530292629,5.796905702690187,5.0656271746900865,5.78928804397583,348608900,0.0,0.0
2009-04-06,5.515059930399477,5.819759456346588,5.438885139720214,5.697879791259766,290223200,0.0,0.0
2009-04-07,5.49982503660361,5.774054649487104,5.492207739061599,5.606470108032227,264002200,0.0,0.0
2009-04-08,5.705496705844519,5.751201940415076,5.263682586322731,5.3779449462890625,309546200,0.0,0.0
2009-04-09,6.208250744651891,7.503223934396764,6.093988746243847,7.2746992111206055,1029694600,0.0,0.0
2009-04-13,7.160436800318253,8.470644641636863,6.977617304262662,8.39447021484375,687385400,0.0,0.0
2009-04-14,8.51634774306534,8.821046826742489,7.663189582309409,7.686041831970215,666610100,0.0,0.0
2009-04-15,7.373728681733411,8.013597795630643,7.061411787202683,7.952657222747803,556590300,0.0,0.0
2009-04-16,8.295435420619306,8.303052347995056,7.815534125893284,7.876473903656006,383207300,0.0,0.0
2009-04-17,8.135477120890805,8.554438364500978,7.846012500232342,8.07453727722168,487364200,0.0,0.0
2009-04-20,7.4270479322391845,7.533692984586675,6.109223365783691,6.109223365783691,802467300,0.0,0.0
2009-04-21,5.492208164444447,6.802416133853849,5.332240908141787,6.672918796539307,867931700,0.0,0.0
2009-04-22,6.421540034283052,7.038555907355247,6.193015340883732,6.2920427322387695,620909200,0.0,0.0
2009-04-23,6.543419455062627,6.794796391336236,6.269189541702363,6.718621253967285,561041900,0.0,0.0
2009-04-24,6.901444406767682,7.213761296684296,6.62721437545728,6.931914329528809,589862000,0.0,0.0
2009-04-27,6.596744466265493,7.076646295585581,6.589126803944477,6.794799327850342,332356100,0.0,0.0
2009-04-28,6.124457501072447,6.611976769971622,6.093987592169994,6.208249568939209,467568100,0.0,0.0
2009-04-29,6.452009423725115,6.73385625644568,6.368216631254193,6.611976623535156,457954600,0.0,0.0
2009-04-30,6.947146801304923,7.0537918615572055,6.703387493825464,6.802414894104004,343739500,0.0,0.0
2009-05-01,6.695768567783013,6.870971081750754,6.512949121741815,6.627211093902588,299754800,0.0,0.0
2009-05-04,6.771946470987278,7.960274082927734,6.71862356589622,7.906951904296875,582512600,0.0,0.0
2009-05-05,7.823161891626361,8.470648048884163,7.693664514882722,8.25735855102539,550673100,0.0,0.0
2009-05-06,9.087661333728885,9.788470127232173,8.76772685293564,9.666589736938477,924590100,0.0,0.0
2009-05-07,11.235791594141066,11.47955090812301,9.735146682904595,10.291223526000977,946806700,0.0,0.0
2009-05-08,10.83968128896999,11.136763478724097,10.321692779897713,10.793976783752441,681310400,0.0,0.0
2009-05-11,10.35978076270883,10.626392324277194,9.857026100158691,9.857026100158691,411170100,0.0,0.0
2009-05-12,10.077930417656694,10.116017980810936,9.232390002639779,9.339035034179688,412128100,0.0,0.0
2009-05-13,9.087655868041205,9.102890453627651,8.386847496032715,8.386847496032715,391486200,0.0,0.0
2009-05-14,8.242118216239515,8.813429568968724,8.08215100841694,8.615375518798828,440641900,0.0,0.0
2009-05-15,8.638232856739686,8.859140014166874,8.059303504013128,8.127861022949219,324124400,0.0,0.0
2009-05-18,8.798194237291552,9.217156006012083,8.77534198851331,8.935308456420898,553623400,0.0,0.0
2009-05-19,9.10289752418224,9.323804635219858,8.569673538208008,8.569673538208008,506343300,0.0,0.0
2009-05-20,9.049571232525615,9.323800399647034,8.539199737760272,8.75248908996582,1197984500,0.0,0.0
2009-05-21,8.722019208696887,9.118128733299315,8.531582104898003,8.691549301147461,587487600,0.0,0.0
2009-05-22,8.836281405178555,8.874368242608059,8.188794998438972,8.432554244995117,502447400,0.0,0.0
2009-05-26,8.303061429691574,8.58490911819696,8.234504649567283,8.364001274108887,495077300,0.0,0.0
2009-05-27,8.62299534339294,8.79058026647399,8.310678482055664,8.310678482055664,539898200,0.0,0.0
2009-05-28,8.310674492711435,8.607756614685059,8.051679934035944,8.607756614685059,464520100,0.0,0.0
2009-05-29,8.752491709686842,8.760109370446354,8.356382794173745,8.584907531738281,370618000,0.0,0.0
2009-06-01,8.691552280087897,8.95054694625573,8.539202690124512,8.539202690124512,350813400,0.0,0.0
2009-06-02,8.523964446395672,8.836281906852156,8.455407699254389,8.691549301147461,311852000,0.0,0.0
2009-06-03,8.668680394165822,8.798291330243995,8.493324849529145,8.546693801879883,236543800,0.01,0.0
2009-06-04,8.668679243331608,9.049887657165527,8.539068324460288,9.049887657165527,316481900,0.0,0.0
2009-06-05,9.331983472152702,9.400601115301946,9.042264938354492,9.042264938354492,369767900,0.0,0.0
2009-06-08,8.973646127175277,9.286236900308618,8.88977981343889,9.194746971130371,246762300,0.0,0.0
2009-06-09,9.255740257249203,9.263363872691063,9.095632699412938,9.194746971130371,203171000,0.0,0.0
2009-06-10,9.240487576278037,9.415843743362856,9.095628766161889,9.133749008178711,328393900,0.0,0.0
2009-06-11,9.30148381443329,10.079149215821097,9.293859472749745,9.888545036315918,530063800,0.0,0.0
2009-06-12,10.140144432448192,10.62046714382229,10.086774757563926,10.460359573364258,448295800,0.0,0.0
2009-06-15,10.384115222776911,10.43748415836586,10.033403516555493,10.16301441192627,345381600,0.0,0.0
2009-06-16,10.216384763458331,10.216384763458331,9.697941837218675,9.705565452575684,370863900,0.0,0.0
2009-06-17,9.575953144833962,9.72843632465197,9.16424819577676,9.377724647521973,444130500,0.0,0.0
2009-06-18,9.45396714968398,9.873296496094364,9.408222553113974,9.835175514221191,341091800,0.0,0.0
2009-06-19,9.987660272046782,10.178264470161436,9.781807389076244,10.079150199890137,433963600,0.0,0.0
2009-06-22,9.819924306083323,9.949535165276036,9.103252410888672,9.103252410888672,433445300,0.0,0.0
2009-06-23,9.232863327566541,9.484460708248992,9.095628855346941,9.324353218078613,358378200,0.0,0.0
2009-06-24,9.492089983518829,9.659821900227902,9.286237804596354,9.415848731994629,334262900,0.0,0.0
2009-06-25,9.217620169256397,9.423472348178873,9.15662687719808,9.415848731994629,330425500,0.0,0.0
2009-06-26,9.408222993987604,9.743686050577512,9.354854053122622,9.720813751220703,341830600,0.0,0.0
2009-06-29,9.75131177058636,10.056278228759766,9.545459593093659,10.056278228759766,333302300,0.0,0.0
2009-06-30,10.10964723047097,10.277378407738626,9.865673353095332,10.063901901245117,306341500,0.0,0.0
2009-07-01,10.117270111019993,10.25450462466941,9.941913889277352,9.949538230895996,243363600,0.0,0.0
2009-07-02,9.751310814336144,9.949539356258516,9.621699900548233,9.636948585510254,215974600,0.0,0.0
2009-07-06,9.507334772484782,9.598824673065344,9.027012249114007,9.263360977172852,377832200,0.0,0.0
2009-07-07,9.263360977172852,9.431092825119098,9.11087780953858,9.263360977172852,275460100,0.0,0.0
2009-07-08,9.293860167353209,9.37010213569234,8.592437403280758,9.02701473236084,570440000,0.0,0.0
2009-07-09,9.225245348085336,9.339607599278331,9.02701676739318,9.126131057739258,273316500,0.0,0.0
2009-07-10,9.04988603456353,9.118503653086394,8.828785223266086,9.057510375976562,212285000,0.0,0.0
2009-07-13,9.431094132542151,9.903792381286621,9.35485290170432,9.903792381286621,392441900,0.0,0.0
2009-07-14,10.071524335295049,10.086772290749108,9.751309272690582,9.842799186706543,272335100,0.0,0.0
2009-07-15,10.086770771290668,10.384113492374112,9.987657258026614,10.231630325317383,371943700,0.0,0.0
2009-07-16,10.063898408543848,10.239254594771573,9.926663922688551,10.04102611541748,308208800,0.0,0.0
2009-07-17,10.102024541760983,10.269756473588831,9.728440412455855,9.827554702758789,457023600,0.0,0.0
2009-07-20,9.781811695556701,9.804684005812835,9.240495505510644,9.331985473632812,381163700,0.0,0.0
2009-07-21,9.362475181405046,9.453965081628889,9.095629820859777,9.29385757446289,258512200,0.0,0.0
2009-07-22,9.118501146200705,9.514957338419684,9.095628855346941,9.324353218078613,247974800,0.0,0.0
2009-07-23,9.415847754497284,9.819928454208734,9.301484798437375,9.675068855285645,285591600,0.0,0.0
2009-07-24,9.629323131727652,9.74368534735522,9.354853377963153,9.537833213806152,187107000,0.0,0.0
2009-07-27,9.575953261304932,10.010530510846248,9.537832284112481,9.980033874511719,240525400,0.0,0.0
2009-07-28,9.873296259128336,10.239256658391326,9.84279961978119,10.170639038085938,241532500,0.0,0.0
2009-07-29,10.094398402659753,10.483231150754742,10.094398402659753,10.307875633239746,258773100,0.0,0.0
2009-07-30,10.574720859251972,10.780573742905835,10.513727573820601,10.650962829589844,288316600,0.0,0.0
2009-07-31,10.75007313827369,11.276140213012695,10.689079875321257,11.276140213012695,375052000,0.0,0.0
2009-08-03,11.6192282905093,11.90894667282032,11.299013274644334,11.680221557617188,468196400,0.0,0.0
2009-08-04,11.581109107556182,12.18341825870326,11.474371237161263,11.92419719696045,364961500,0.0,0.0
2009-08-05,12.22154044537054,12.823848893073993,12.076680862578277,12.701862335205078,488503800,0.0,0.0
2009-08-06,13.14406613041428,13.227932448050149,12.496011526397844,12.732361793518066,462678600,0.0,0.0
2009-08-07,12.94583571263669,13.067822272971503,12.39689619113003,12.518882751464844,381728400,0.0,0.0
2009-08-10,12.435017683478073,12.877219372249495,12.320655453556862,12.71711254119873,240548200,0.0,0.0
2009-08-11,12.732357276320798,12.846719470763183,12.046181928375184,12.08430290222168,326233600,0.0,0.0
2009-08-12,11.84033275386391,12.328279769821698,11.741218482164797,12.145299911499023,313761100,0.0,0.0
2009-08-13,12.701859758389807,12.961081504821777,12.374020405302657,12.961081504821777,337776700,0.0,0.0
2009-08-14,12.945831262704187,13.319415157090086,12.633240627520191,13.258421897888184,302461500,0.0,0.0
2009-08-17,12.610379327461565,12.869599799397172,12.503639946340234,12.625626564025879,309793300,0.0,0.0
2009-08-18,12.793352729437748,13.022077157401108,12.755231021980888,12.884841918945312,202882900,0.0,0.0
2009-08-19,12.656116992790546,12.983956393042323,12.602748058646188,12.770479202270508,198785800,0.0,0.0
2009-08-20,12.87722015091604,13.113570421798897,12.861972919080644,13.067824363708496,183804300,0.0,0.0
2009-08-21,13.311796188354492,13.418535525665664,13.1974339629875,13.311796188354492,236597200,0.0,0.0
2009-08-24,13.578639095916781,13.875982555639476,13.212679480774957,13.227928161621094,316639800,0.0,0.0
2009-08-25,13.38803929619462,13.723503112792969,13.380414953295258,13.532898902893066,238816800,0.0,0.0
2009-08-26,13.540514856262314,13.677750035032235,13.372783778984532,13.563387870788574,203846000,0.0,0.0
2009-08-27,13.532901830298977,13.708257392332664,13.410915225910758,13.66251277923584,176384900,0.0,0.0
2009-08-28,13.799738757054659,13.914100939692776,13.55576571297493,13.708248138427734,188061000,0.0,0.0
2009-08-31,13.395663827719469,13.647261330162317,13.30417462002829,13.41091251373291,159710500,0.0,0.0
2009-09-01,13.49477742419294,13.616763991179543,12.511259091894539,12.549379348754883,334738300,0.0,0.0
2009-09-02,12.320516370090274,12.762986879282884,12.221342572805153,12.412062644958496,229078300,0.01,0.0
2009-09-03,12.65618279487193,12.892675252448397,12.595152436301277,12.846902847290039,176555400,0.0,0.0
2009-09-04,13.02236354633591,13.159682202127167,12.907931818202652,13.03762149810791,173567100,0.0,0.0
2009-09-08,13.319889658155706,13.358034547115299,12.953707454616017,12.984223365783691,163026500,0.0,0.0
2009-09-09,12.984222293174161,13.121540971927512,12.90030499947409,12.999480247497559,155753700,0.0,0.0
2009-09-10,12.938446039625045,13.152052995449566,12.74009849038312,13.136795043945312,175319800,0.0,0.0
2009-09-11,13.152055363968184,13.19020024959823,12.930820847628345,12.946077346801758,139774800,0.0,0.0
2009-09-14,12.72483803239898,13.03761870123437,12.59514838031518,12.96133041381836,162371700,0.0,0.0
2009-09-15,12.961332931371926,13.098651584377317,12.785870854788744,12.808757781982422,158450100,0.0,0.0
2009-09-16,12.885041225699041,13.197821872670119,12.839268838480285,13.15967845916748,193950600,0.0,0.0
2009-09-17,13.205452710253615,13.541120325750441,13.121536897688028,13.434317588806152,212907800,0.0,0.0
2009-09-18,13.525863724650886,13.556379626864828,13.35803062770912,13.449575424194336,160550400,0.0,0.0
2009-09-21,13.266481181037229,13.30462604961782,13.106277098232608,13.15967845916748,127963900,0.0,0.0
2009-09-22,13.487718957278297,13.792870673603518,13.380916220334008,13.434317588806152,158650700,0.0,0.0
2009-09-23,13.548751848716554,13.777615315234288,13.342773855803534,13.35040283203125,197847500,0.0,0.0
2009-09-24,13.388546294600907,13.50297948325026,12.824015147916423,12.953704833984375,221414100,0.0,0.0
2009-09-25,12.930820046202035,13.02999383253635,12.587523372201497,12.663811683654785,161603900,0.0,0.0
2009-09-28,12.747726011056905,13.14442401969744,12.701953611622486,13.136795043945312,129240300,0.0,0.0
2009-09-29,13.251230966255617,13.373291693382047,13.022366011584579,13.091025352478027,124964600,0.0,0.0
2009-09-30,13.16731456912828,13.205458003303383,12.785874407062265,12.90793514251709,186120500,0.0,0.0
2009-10-01,12.938447376257912,13.091023996906003,12.343401756903043,12.366287231445312,247824500,0.0,0.0
2009-10-02,12.129794986510523,12.579894424535702,11.916188732504073,12.465462684631348,226303000,0.0,0.0
2009-10-05,12.71720875623068,12.946072157967214,12.625662522489252,12.938443183898926,155256700,0.0,0.0
2009-10-06,13.12916583845457,13.251227993274371,12.747725787992858,12.968961715698242,195927500,0.0,0.0
2009-10-07,13.029994391247556,13.23597240447998,12.999479938404924,13.23597240447998,153192000,0.0,0.0
2009-10-08,13.4038056530254,13.426692584171573,13.144426253683147,13.220714569091797,137567400,0.0,0.0
2009-10-09,13.220713146316951,13.388546258091393,13.14442483911823,13.35040283203125,87503400,0.0,0.0
2009-10-12,13.464839608071395,13.754734992980957,13.35803681104102,13.754734992980957,139972400,0.0,0.0
2009-10-13,13.686072144080663,13.731844551831424,13.335146471115205,13.586896896362305,150388900,0.0,0.0
2009-10-14,14.021737342186663,14.220086367472334,13.853904223135016,14.1819429397583,229813800,0.0,0.0
2009-10-15,13.983598134894917,14.571016411483503,13.640301361543424,13.808135986328125,212270200,0.0,0.0
2009-10-16,13.09102525807111,13.342775687838683,13.014736940397588,13.167313575744629,336814500,0.0,0.0
2009-10-19,13.174942648031939,13.373291693382047,13.075767397817561,13.091025352478027,155876100,0.0,0.0
2009-10-20,13.136797169053601,13.32751722847407,12.976593017578125,12.976593017578125,169353700,0.0,0.0
2009-10-21,12.961331092910996,13.098649726438838,12.557004166976581,12.595149040222168,219344000,0.0,0.0
2009-10-22,12.625667726009503,12.717213997480647,12.244227595857208,12.602782249450684,235015400,0.0,0.0
2009-10-23,12.701957310809563,12.709586288783475,12.259486773874055,12.373918533325195,181905600,0.0,0.0
2009-10-26,12.328143043736086,12.358658948015655,11.496603568137044,11.748353958129883,376383000,0.0,0.0
2009-10-27,11.77124179765572,11.855158358303658,11.458461029967012,11.7864990234375,270531500,0.0,0.0
2009-10-28,11.771242120068571,11.786499346268243,11.443203390073883,11.45083236694336,213262400,0.0,0.0
2009-10-29,11.603408510316067,12.038250015458276,11.504233991547979,12.000105857849121,202946700,0.0,0.0
2009-10-30,11.977217902772153,12.000104102975094,11.06176189172356,11.12279224395752,307670900,0.0,0.0
2009-11-02,11.328775027472824,11.618668959618788,10.771871917999855,11.160941123962402,307863100,0.0,0.0
2009-11-03,10.871045964846147,11.389804882297048,10.840530777204298,11.290630340576172,188258700,0.0,0.0
2009-11-04,11.580521160871317,11.633922539716481,11.214338302612305,11.214338302612305,200076300,0.0,0.0
2009-11-05,11.374546444236314,11.565266540826567,11.229599490945073,11.542380332946777,156790200,0.0,0.0
2009-11-06,11.397430743646508,11.626294966739989,11.32114315430822,11.481348037719727,152297800,0.0,0.0
2009-11-09,11.664437716709944,12.068764001244881,11.550005982750374,12.030620574951172,170808600,0.0,0.0
2009-11-10,12.091651854369251,12.358660224071002,12.000105587156616,12.228970527648926,195721000,0.0,0.0
2009-11-11,12.381543954205416,12.679068189397167,12.358658481937214,12.534120559692383,184673700,0.0,0.0
2009-11-12,12.48071981636645,12.640923950670597,12.198453518444028,12.25185489654541,154405900,0.0,0.0
2009-11-13,12.267108976494633,12.351026232779828,12.091646945241921,12.190820693969727,125121900,0.0,0.0
2009-11-16,12.32814305805285,12.404431363761967,12.022991290294792,12.106907844543457,153962000,0.0,0.0
2009-11-17,12.061135752509673,12.068764001244881,11.89330191216831,12.030620574951172,110912100,0.0,0.0
2009-11-18,12.114538166556855,12.495977554863043,12.106909189630517,12.473092079162598,179789700,0.0,0.0
2009-11-19,12.389171512982568,12.564633570669356,12.228967405115027,12.267110824584961,158923100,0.0,0.0
2009-11-20,12.22897352388033,12.351034273351017,12.183200379059095,12.27474594116211,128329800,0.0,0.0
2009-11-23,12.419692456013395,12.564638672921491,12.33577515300856,12.427321434020996,138294900,0.0,0.0
2009-11-24,12.366290234180978,12.442578563029064,12.198457074778261,12.282374382019043,118077000,0.0,0.0
2009-11-25,12.366288456694692,12.412062320471481,12.129795980829169,12.167940139770508,97450200,0.0,0.0
2009-11-27,11.687325337106449,12.022993058547025,11.595779793315195,11.8017578125,96712700,0.0,0.0
2009-11-30,11.893304758483616,12.122169008713959,11.855160595521994,12.091653823852539,129973500,0.0,0.0
2009-12-01,12.236598331477909,12.274741757030833,11.95433203511966,12.129794120788574,143216700,0.0,0.0
2009-12-02,12.076363682831342,12.083997463060056,11.862622932408822,11.946592330932617,130213100,0.01,0.0
2009-12-03,12.404604960994359,12.77865133586811,11.969489819937019,12.030558586120605,651715900,0.0,0.0
2009-12-04,12.030559656989007,12.519109829944705,11.923688942656357,12.427507400512695,1226791300,0.0,0.0
2009-12-07,12.404603537069333,12.435138644653117,12.083992187409931,12.129794120788574,291029100,0.0,0.0
2009-12-08,12.000022995479712,12.106892961548226,11.732846624314345,11.763381004333496,312296800,0.0,0.0
2009-12-09,11.793915793495563,11.885518936730826,11.641243888103455,11.748114585876465,199467800,0.0,0.0
2009-12-10,11.89315434338728,11.946589335595958,11.519107941932193,11.610711097717285,254946200,0.0,0.0
2009-12-11,11.694681008877385,11.984758046099834,11.610711627575045,11.931323051452637,194958400,0.0,0.0
2009-12-14,11.961857438107778,12.007658654091891,11.778651118176928,11.931323051452637,128586100,0.0,0.0
2009-12-15,11.793915656947684,11.839717592033564,11.564907437512405,11.595441818237305,190193100,0.0,0.0
2009-12-16,11.702311717622305,11.786281076896598,11.625975407011484,11.664143562316895,166373000,0.0,0.0
2009-12-17,11.656512822709601,11.725214642272173,11.320633863083634,11.343534469604492,268907300,0.0,0.0
2009-12-18,11.458035064352234,11.641241310253356,11.358798165823233,11.473301887512207,202871600,0.0,0.0
2009-12-21,11.610708581687527,11.786281076896598,11.603074805027044,11.664143562316895,153571100,0.0,0.0
2009-12-22,11.725214028478792,11.786282794669011,11.694679645383681,11.702313423156738,104061100,0.0,0.0
2009-12-23,11.801549434128173,11.809183211308664,11.564907437512405,11.595441818237305,102116100,0.0,0.0
2009-12-24,11.625977332456149,11.664145494082806,11.603076726679006,11.641244888305664,36611800,0.0,0.0
2009-12-28,11.687050053654897,11.763385669980833,11.564911757138196,11.671782493591309,102573300,0.0,0.0
2009-12-29,11.67941253083919,11.702313135598512,11.526740619115216,11.542007446289062,83089500,0.0,0.0
2009-12-30,11.480939839403419,11.526741781538092,11.42750484691061,11.503840446472168,86897900,0.0,0.0
2009-12-31,11.519112621866176,11.633616431118348,11.458043826532021,11.496212005615234,94322600,0.0,0.0
2010-01-04,11.633612183830376,12.022926157949989,11.542009024272325,11.977124214172363,180845200,0.0,0.0
2010-01-05,12.01529325672549,12.37407214252802,11.984758867976398,12.366439819335938,209521300,0.0,0.0
2010-01-06,12.374070468271182,12.625980779360633,12.236666829487355,12.511475563049316,205257900,0.0,0.0
2010-01-07,12.732849771207212,13.122163690801008,12.603078464675946,12.923689842224121,320868400,0.0,0.0
2010-01-08,12.961860058790743,13.053463953196731,12.694683610767324,12.809188842773438,220104700,0.0,0.0
2010-01-11,12.969491051589804,13.08399480300111,12.763383425452936,12.923689842224121,168991600,0.0,0.0
2010-01-12,12.763385649103864,12.7862869857737,12.343538002118029,12.488576889038086,223486800,0.0,0.0
2010-01-13,12.542008160849791,12.809184518680473,12.328266783386443,12.687047004699707,192609900,0.0,0.0
2010-01-14,12.694679967477972,12.91605513276244,12.679413869453667,12.83971881866455,142634200,0.0,0.0
2010-01-15,12.702315357931504,12.70994913591034,12.389337740770518,12.412239074707031,195117100,0.0,0.0
2010-01-19,12.259569194185852,12.572546881988,12.091630408729328,12.458043098449707,181616500,0.0,0.0
2010-01-20,12.381703834717872,12.694681448641479,12.351170179112627,12.587811470031738,288741100,0.0,0.0
2010-01-21,12.564908855872824,12.717581486323324,11.603075506417596,11.809183120727539,551285500,0.0,0.0
2010-01-22,11.648880389509841,11.84735427693203,11.229032005500512,11.374070167541504,369620800,0.0,0.0
2010-01-25,11.572539949939,11.656510033753245,11.274829952406987,11.435134887695312,262351600,0.0,0.0
2010-01-26,11.4046042799942,11.580177554006033,11.236665512849063,11.274833679199219,212380600,0.0,0.0
2010-01-27,11.22902924953851,11.671778134048084,11.206128645994099,11.595441818237305,258716200,0.0,0.0
2010-01-28,11.755745906839227,11.900784741636176,11.458035917092685,11.732845306396484,232729500,0.0,0.0
2010-01-29,11.824451820658814,11.87025376265108,11.519107967367608,11.587810516357422,175135300,0.0,0.0
2010-02-01,11.648878586934456,11.786282948659105,11.549641658579521,11.771016120910645,159503300,0.0,0.0
2010-02-02,11.793917029377672,11.969490284974682,11.68704704840285,11.908421516418457,171404800,0.0,0.0
2010-02-03,11.88551675156327,12.061089956482634,11.847349328230175,11.854982376098633,130861600,0.0,0.0
2010-02-04,11.717580869889712,11.778649635512828,11.244296844314903,11.259564399719238,252558700,0.0,0.0
2010-02-05,11.328268526208559,11.496208019140795,10.9236877154146,11.450406074523926,297683300,0.0,0.0
2010-02-08,11.40460205807134,11.419869612835763,11.030555702307968,11.05345630645752,208207300,0.0,0.0
2010-02-09,11.198496936389924,11.282466316887383,10.877885515585524,11.045825004577637,251522100,0.0,0.0
2010-02-10,11.076356444559053,11.381700226960247,11.038188289759654,11.198493957519531,175741800,0.0,0.0
2010-02-11,11.198495503059737,11.297732428035381,11.099258578084093,11.167961120605469,141086300,0.0,0.0
2010-02-12,11.04582232489931,11.09925730607117,10.900783478865662,11.03055477142334,162819300,0.0,0.0
2010-02-16,11.190859268644628,11.687043784592227,11.160324892893772,11.572539329528809,205493300,0.0,0.0
2010-02-17,11.717581383965912,12.122162155968182,11.641245059589421,11.954222679138184,261541900,0.0,0.0
2010-02-18,11.847355210628345,12.213767898133652,11.832087651316975,12.122164726257324,242140300,0.0,0.0
2010-02-19,12.007660215413944,12.24430301675639,11.992393384099872,12.122164726257324,216078200,0.0,0.0
2010-02-22,12.1832345701819,12.519112896358505,12.1832345701819,12.37407398223877,173773200,0.0,0.0
2010-02-23,12.305373667005977,12.50384614422035,12.053463996088217,12.167967796325684,210478400,0.0,0.0
2010-02-24,12.198495188148184,12.488572868603873,12.183228363280353,12.46567153930664,191571600,0.0,0.0
2010-02-25,12.251931550331687,12.648879233665562,12.175595961380838,12.633611679077148,287325100,0.0,0.0
2010-02-26,12.648877312395456,12.854984900050395,12.526739806228216,12.71757984161377,343669400,0.0,0.0
2010-03-01,12.778651035231508,12.87025491034889,12.648879728145166,12.755749702453613,170931100,0.0,0.0
2010-03-02,12.748117689670417,12.8244525554575,12.511474946548907,12.564909934997559,183048600,0.0,0.0
2010-03-03,12.580186429469192,12.694761246647928,12.473251487440313,12.503805160522461,154950200,0.01,0.0
2010-03-04,12.564912141668557,12.603102779460599,12.244105830825292,12.52672004699707,157746500,0.0,0.0
2010-03-05,12.618384051072335,12.794063377651584,12.564916556624734,12.75587272644043,172469000,0.0,0.0
2010-03-08,12.794059241292253,12.916271033912448,12.748230183279553,12.786420822143555,127705100,0.0,0.0
2010-03-09,12.702397544017293,12.977374759864826,12.633654696934652,12.832247734069824,167779500,0.0,0.0
2010-03-10,12.99265754167237,13.252358040628872,12.97738069893848,13.069040298461914,222932200,0.0,0.0
2010-03-11,13.122501603728912,13.198884324503057,13.030842047424091,13.076672554016113,145079600,0.0,0.0
2010-03-12,13.183613231866172,13.214165459357107,12.740595006648693,12.870445251464844,171456700,0.0,0.0
2010-03-15,12.786424076325023,12.916274321141174,12.67185067369427,12.870445251464844,120308200,0.0,0.0
2010-03-16,12.962096438941753,13.038479152023038,12.908628976848576,13.007926940917969,107411800,0.0,0.0
2010-03-17,13.114868051971994,13.21416460600492,13.007933077339647,13.191250801086426,134463900,0.0,0.0
2010-03-18,13.206523559177048,13.229437357011204,12.969736964442495,13.046119689941406,123986800,0.0,0.0
2010-03-19,12.847527503967285,13.160695423813939,12.786421603921097,12.847527503967285,178218800,0.0,0.0
2010-03-22,12.69475933891941,12.962096653816996,12.67948250467409,12.954458236694336,113667800,0.0,0.0
2010-03-23,13.046119896701153,13.153054839966785,12.939184953435522,13.084310531616211,131261400,0.0,0.0
2010-03-24,13.07667013452091,13.542601876964218,13.061393301816814,13.420390129089355,270410600,0.0,0.0
2010-03-25,13.626627060763845,14.016177669532693,13.519692113725904,13.550244331359863,315304700,0.0,0.0
2010-03-26,13.733565510086272,13.924521653853478,13.557886207471586,13.672459602355957,220970700,0.0,0.0
2010-03-29,13.878686847750831,13.901602100003016,13.573157435450808,13.779390335083008,152539700,0.0,0.0
2010-03-30,13.794667972776686,13.840498484788665,13.496776929095804,13.565521240234375,144373000,0.0,0.0
2010-03-31,13.512053166470519,13.733561470508748,13.496776329811516,13.634264945983887,114280900,0.0,0.0
2010-04-01,13.764113500248216,13.825219382708221,13.664815530701237,13.779390335083008,95607200,0.0,0.0
2010-04-05,13.871053115521995,13.939797438618982,13.764118149317639,13.848137855529785,107989300,0.0,0.0
2010-04-06,13.871050690204488,14.161304771837061,13.825221635112806,14.123112678527832,160316600,0.0,0.0
2010-04-07,14.191853673495293,14.40572497541501,14.15366304598919,14.222407341003418,233522300,0.0,0.0
2010-04-08,14.199493179579463,14.39044924551584,13.985621861254218,14.245322227478027,164305500,0.0,0.0
2010-04-09,14.375174572988941,14.398089828824855,14.1307510049234,14.199495315551758,135480600,0.0,0.0
2010-04-12,14.268237994229073,14.375172928807059,14.207132109201766,14.252961158752441,128319000,0.0,0.0
2010-04-13,14.214769137606819,14.298788810757882,14.123109590584933,14.260598182678223,113687800,0.0,0.0
2010-04-14,14.497384322364171,14.833467409725888,14.451555274003676,14.818190574645996,246624700,0.0,0.0
2010-04-15,14.993880222136113,15.169561033823927,14.787648632826388,14.87930679321289,240100000,0.0,0.0
2010-04-16,14.871666450066257,14.879304871925521,13.787035313010824,14.062012672424316,589061800,0.0,0.0
2010-04-19,13.825217971824056,14.245320688754584,13.649538759789765,14.04672622680664,358828000,0.0,0.0
2010-04-20,14.352261809274482,14.382814029046743,14.084922966089627,14.214773178100586,200544700,0.0,0.0
2010-04-21,14.26060532268243,14.443923051630701,13.832863955136464,13.962714195251465,201891300,0.0,0.0
2010-04-22,13.77175294415494,14.207132571243758,13.710647057140356,14.161303520202637,219472400,0.0,0.0
2010-04-23,14.054370507127341,14.15366850796935,13.962712382989686,14.077285766601562,145428400,0.0,0.0
2010-04-26,14.062004559782629,14.084919812140171,13.771751980982925,13.787027359008789,160873000,0.0,0.0
2010-04-27,13.680096395075891,13.886329355455025,13.29818415298694,13.344013214111328,259438600,0.0,0.0
2010-04-28,13.481501109473996,13.718286278559829,13.374566153799007,13.580799102783203,195287800,0.0,0.0
2010-04-29,13.779390447771693,14.054366192650903,13.74119836037238,13.977983474731445,177296300,0.0,0.0
2010-04-30,13.962713486691836,13.977988870669165,13.450950973018172,13.61899185180664,231536200,0.0,0.0
2010-05-03,13.657177684775126,13.863410593037242,13.580796421163278,13.794666290283203,150747100,0.0,0.0
2010-05-04,13.573159846688858,13.680094795770804,13.351650072871209,13.412755966186523,183242300,0.0,0.0
2010-05-05,13.137780979582578,13.62662815605391,12.90099435370971,13.389842987060547,195023300,0.0,0.0
2010-05-06,13.35165086237637,13.450948855435044,11.839278820733723,12.435062408447266,465091500,0.0,0.0
2010-05-07,12.587826522509408,12.824613149761792,12.18299977002563,12.35867977142334,388118300,0.0,0.0
2010-05-10,13.160693446790965,13.282905228524466,12.992652611127241,13.214160919189453,268476800,0.0,0.0
2010-05-11,13.046125225187268,13.359293221413198,12.962104045801798,13.107231140136719,188202400,0.0,0.0
2010-05-12,13.191245238805768,13.237074286198036,12.977373922843269,13.038479804992676,179359300,0.0,0.0
2010-05-13,13.007931096537607,13.122504474322543,12.87044246044387,12.885719299316406,135257500,0.0,0.0
2010-05-14,12.76350252346349,12.771140940792138,12.312847556106384,12.480888366699219,212906900,0.0,0.0
2010-05-17,12.519083335696038,12.564913855553218,12.106618855138942,12.488531112670898,181966800,0.0,0.0
2010-05-18,12.763502631413072,12.794056300986076,11.969126161943931,12.18299674987793,216050700,0.0,0.0
2010-05-19,12.068425502456286,12.572548754647695,12.068425502456286,12.457975387573242,260711100,0.0,0.0
2010-05-20,12.190635917347759,12.259379492798008,11.671235157681734,11.686511993408203,301263900,0.0,0.0
2010-05-21,11.426818868589304,12.221196619734439,11.41918044587635,12.213558197021484,266468500,0.0,0.0
2010-05-24,12.205912692588685,12.282295418521745,11.75525694059055,11.762894630432129,170656700,0.0,0.0
2010-05-25,11.388621214527822,11.869830653957973,11.304600796255135,11.831639289855957,263919800,0.0,0.0
2010-05-26,12.152446721347387,12.297573772843766,11.747619972193874,11.816364288330078,225933000,0.0,0.0
2010-05-27,12.0760648137694,12.373956609996947,11.908023231658495,12.35867977142334,163490700,0.0,0.0
2010-05-28,12.35104109741424,12.358679516543512,11.999681830304853,12.02259635925293,160778500,0.0,0.0
2010-06-01,11.900384126715904,12.20591359618703,11.76289550123404,11.793448448181152,126185400,0.0,0.0
2010-06-02,11.908098274929655,12.167967032974206,11.732305132082994,12.145037651062012,127114500,0.01,0.0
2010-06-03,12.1985395044257,12.282614388776793,11.992172885229527,12.083891868591309,124229100,0.0,0.0
2010-06-04,11.846950280082025,12.02274338597334,11.655870436854896,11.73230266571045,148415800,0.0,0.0
2010-06-07,11.739946077173633,11.770518824943155,11.288998229801129,11.334856986999512,158959100,0.0,0.0
2010-06-08,11.373070788143192,11.732301047972102,11.30428193744067,11.71701431274414,167648900,0.0,0.0
2010-06-09,11.7934521625394,11.839310932297952,11.418934988647232,11.472437858581543,150844900,0.0,0.0
2010-06-10,11.671157278343127,11.831663648330975,11.548865565300568,11.816377639770508,124056500,0.0,0.0
2010-06-11,11.717016174201653,11.999814260641596,11.70173016545689,11.923382759094238,115114300,0.0,0.0
2010-06-14,11.99981654575862,12.0686054204889,11.762877898256441,11.77816390991211,120504600,0.0,0.0
2010-06-15,11.892808847486892,12.106818051328275,11.701729018972019,12.076245307922363,129815000,0.0,0.0
2010-06-16,11.999813992887184,12.206180573175066,11.961597878510345,12.129748344421387,110926700,0.0,0.0
2010-06-17,12.198537685909908,12.282612557727411,11.915739594620002,12.091532707214355,127136400,0.0,0.0
2010-06-18,12.137392192058673,12.16032157002494,12.03038721336312,12.091532707214355,105721700,0.0,0.0
2010-06-21,12.252041697093059,12.30554382703898,12.03803171948567,12.068604469299316,109114600,0.0,0.0
2010-06-22,12.060963912898314,12.160325555197236,11.89281411415739,11.908100128173828,108235700,0.0,0.0
2010-06-23,11.923384731456947,12.007459615740213,11.686445360968627,11.793450355529785,132920800,0.0,0.0
2010-06-24,11.671158563172082,11.701731312570406,11.449505218894423,11.48007869720459,167776300,0.0,0.0
2010-06-25,11.663511878353255,11.938666544728108,11.54886355401334,11.785802841186523,175269500,0.0,0.0
2010-06-28,11.846953824015047,11.885169949874909,11.625301168722212,11.64823055267334,110641800,0.0,0.0
2010-06-29,11.472433148716627,11.503005892308401,11.04441400952009,11.13613224029541,201991800,0.0,0.0
2010-06-30,11.174349541483581,11.311927266747084,10.929767566714492,10.983269691467285,138978000,0.0,0.0
2010-07-01,10.94505745655994,10.967987571508896,10.318315559529275,10.7157621383667,256787300,0.0,0.0
2010-07-02,10.776899640061721,10.776899640061721,10.455885558602079,10.578176498413086,140988600,0.0,0.0
2010-07-06,10.799827589767242,10.937405243430328,10.570531743299231,10.746325492858887,120153500,0.0,0.0
2010-07-07,10.792191585119074,11.25842623207899,10.776905573682173,11.24314022064209,150021000,0.0,0.0
2010-07-08,11.373074826593612,11.418933590738119,11.159065559791449,11.3577880859375,132297400,0.0,0.0
2010-07-09,11.357785477452763,11.564152055443623,11.27371060988894,11.54886531829834,86584400,0.0,0.0
2010-07-12,11.518296352688171,11.655874116495362,11.44186482861572,11.625301361083984,92146300,0.0,0.0
2010-07-13,11.8316637503279,12.015100957017209,11.770518257735386,11.976884841918945,130720700,0.0,0.0
2010-07-14,11.923382718128439,12.015100957017209,11.785804995339397,11.976884841918945,115645600,0.0,0.0
2010-07-15,11.969242381554597,11.992171760789136,11.510651152304739,11.762876510620117,177237600,0.0,0.0
2010-07-16,11.18199151026694,11.212564253284901,10.669897518032313,10.68518352508545,438430600,0.0,0.0
2010-07-19,10.6775450497378,10.715761175640605,10.165450857811354,10.402389526367188,314752200,0.0,0.0
2010-07-20,10.211309447505723,10.585826600120871,10.165450680352498,10.524681091308594,180152700,0.0,0.0
2010-07-21,10.669898487823147,10.677541856500268,10.188377194840841,10.21130657196045,203245200,0.0,0.0
2010-07-22,10.356530273652941,10.616399042933905,10.34888690304775,10.440605163574219,185760900,0.0,0.0
2010-07-23,10.455887431485634,10.547605652772676,10.295380362005401,10.50174617767334,133979700,0.0,0.0
2010-07-26,10.585828229168243,10.860983061166916,10.478823207823833,10.815123558044434,159255000,0.0,0.0
2010-07-27,11.097917746893755,11.197278624846176,10.838049041081545,10.845691680908203,176895900,0.0,0.0
2010-07-28,10.792193637530689,10.883911910330367,10.669902607131117,10.692831993103027,110133600,0.0,0.0
2010-07-29,10.815118349125148,10.860977830160186,10.624038514483985,10.723400115966797,124734700,0.0,0.0
2010-07-30,10.608755662711314,10.883910444041279,10.585826279828469,10.731046676635742,130077700,0.0,0.0
2010-08-02,10.990916817499757,11.059705703646038,10.876268430951944,11.036775588989258,130216100,0.0,0.0
2010-08-03,10.975625554100583,11.052057780320629,10.92212343309359,10.960339546203613,96776700,0.0,0.0
2010-08-04,10.975626033814308,10.99855614002957,10.792189557562782,10.845691680908203,131865800,0.0,0.0
2010-08-05,10.769264282090184,10.799837039776753,10.669902637380828,10.7157621383667,110927900,0.0,0.0
2010-08-06,10.63168192029676,10.73104352212993,10.509390942321081,10.66989803314209,135088300,0.0,0.0
2010-08-09,10.74633363147539,10.75397627331365,10.509394240602367,10.631685256958008,121443000,0.0,0.0
2010-08-10,10.524680012216827,10.562895404622317,10.40238827821884,10.417675018310547,131286100,0.0,0.0
2010-08-11,10.318311588618291,10.333598326034629,10.058442883834616,10.081372261047363,182937400,0.0,0.0
2010-08-12,9.974369378964717,10.203665369188062,9.951439998615939,9.982012748718262,146852800,0.0,0.0
2010-08-13,10.020227858226137,10.196021713060896,10.020227858226137,10.111946105957031,107923800,0.0,0.0
2010-08-16,10.035513506621868,10.157804490305535,10.00494076070095,10.081372261047363,99799300,0.0,0.0
2010-08-17,10.249524368077733,10.280097118890547,10.050801123338514,10.096660614013672,132047600,0.0,0.0
2010-08-18,10.127233455898146,10.318313332424527,10.119590085898238,10.18073558807373,137585300,0.0,0.0
2010-08-19,10.150164311310657,10.218953193477732,9.943798393721426,9.951441764831543,153344800,0.0,0.0
2010-08-20,9.920866875759195,9.928510245787136,9.745073738587863,9.8367919921875,164506800,0.0,0.0
2010-08-23,9.989655748186893,10.012585858270716,9.829148622159558,9.8367919921875,114682800,0.0,0.0
2010-08-24,9.745073223549628,9.806218722717777,9.622782225213333,9.660998344421387,156884400,0.0,0.0
2010-08-25,9.599853277096576,9.722144280934057,9.492848284282843,9.676284790039062,159923400,0.0,0.0
2010-08-26,9.73742991220802,9.859720911276275,9.5310640335083,9.5310640335083,137778600,0.0,0.0
2010-08-27,9.607495485965373,9.722143843589535,9.485204487629076,9.660998344421387,158558400,0.0,0.0
2010-08-30,9.584567635895754,9.63042713204789,9.378201725491051,9.416417121887207,126732000,0.0,0.0
2010-08-31,9.424058718334157,9.569279821379844,9.309411092908046,9.523420333862305,172987600,0.0,0.0
2010-09-01,9.66875975036097,10.104771614074707,9.638162439389784,10.104771614074707,204575600,0.01,0.0
2010-09-02,10.058876114664185,10.280706819923397,10.058876114664185,10.158317565917969,154881900,0.0,0.0
2010-09-03,10.326602935791016,10.471939989463998,10.19656417379533,10.326602935791016,141624900,0.0,0.0
2010-09-07,10.2348103680766,10.265407679047785,10.09712210395755,10.104771614074707,127499100,0.0,0.0
2010-09-08,10.14301614266897,10.318950458614776,10.120067617504262,10.227158546447754,102657200,0.0,0.0
2010-09-09,10.387797561495164,10.609628262047071,10.311303914616238,10.326602935791016,168549000,0.0,0.0
2010-09-10,10.403093039967997,10.44898862886794,10.33424892712085,10.364846229553223,85884600,0.0,0.0
2010-09-13,10.663171680510121,10.754964333958382,10.609626573913108,10.670821189880371,164136200,0.0,0.0
2010-09-14,10.678468877213843,10.686118385278878,10.433690455110634,10.464287757873535,140042500,0.0,0.0
2010-09-15,10.418391906270557,10.548430631219746,10.334249502272899,10.487236022949219,134665300,0.0,0.0
2010-09-16,10.418391326435568,10.44898862886794,10.33424892712085,10.364846229553223,120788100,0.0,0.0
2010-09-17,10.471937458460223,10.479586967198772,10.204211218086753,10.250106811523438,132686500,0.0,0.0
2010-09-20,10.296001281033616,10.563728202709813,10.227157173774186,10.51018238067627,130367700,0.0,0.0
2010-09-21,10.670819633963166,10.709066445740262,10.43369071404024,10.441339492797852,168349300,0.0,0.0
2010-09-22,10.42604459399903,10.533135555877433,10.257759005189397,10.265408515930176,141117900,0.0,0.0
2010-09-23,10.181261985023857,10.27305388844478,10.035924257484496,10.07417106628418,153255800,0.0,0.0
2010-09-24,10.22715735931719,10.403092384338379,10.173612265809394,10.403092384338379,142535200,0.0,0.0
2010-09-27,10.410744220655836,10.426043240150776,10.120069415728604,10.127718925476074,123657600,0.0,0.0
2010-09-28,10.181264499247954,10.188913279298966,10.05887453496579,10.150667190551758,124743600,0.0,0.0
2010-09-29,10.127715945094119,10.165962753078803,9.982378950148941,10.028274536132812,156717200,0.0,0.0
2010-09-30,10.104769426368925,10.242457660678156,9.982380208981734,10.02062702178955,148937800,0.0,0.0
2010-10-01,10.11241893955661,10.265405461362107,9.990029722112213,10.173613548278809,168814600,0.0,0.0
2010-10-04,10.150664857387515,10.288352350123771,10.043573936817348,10.05887222290039,133664600,0.0,0.0
2010-10-05,10.188911108680918,10.433690255600775,10.104768710066196,10.372495651245117,191282100,0.0,0.0
2010-10-06,10.426041211057727,10.448989006336685,10.188911561517628,10.242457389831543,150771000,0.0,0.0
2010-10-07,10.303653151510463,10.326600949360898,10.120068580214957,10.18126392364502,112300500,0.0,0.0
2010-10-08,10.20420679573909,10.318946459101683,10.020623042560143,10.081817626953125,173162700,0.0,0.0
2010-10-11,10.097119032353824,10.135365841807257,10.028274921237088,10.05887222290039,101283500,0.0,0.0
2010-10-12,10.02062593880904,10.349546742614637,10.012976431174742,10.341897964477539,136898300,0.0,0.0
2010-10-13,10.403092808612868,10.433690110364786,10.13536587116068,10.165963172912598,175054300,0.0,0.0
2010-10-14,9.944134744185956,9.967082543182503,9.50047340626668,9.638161659240723,511175200,0.0,0.0
2010-10-15,9.684058264390332,9.699357284977403,8.980319366329024,9.16390323638916,600410400,0.0,0.0
2010-10-18,9.148601964288613,9.462224489157233,9.049160551367331,9.439276695251465,416485100,0.0,0.0
2010-10-19,9.43927662706688,9.523419023778372,8.957368581543518,9.026212692260742,574229600,0.0,0.0
2010-10-20,8.87322777242352,9.087408921144858,8.54430617547846,8.987967491149902,655116600,0.0,0.0
2010-10-21,9.056809318803895,9.087406618009428,8.659043699634799,8.689640998840332,318784400,0.0,0.0
2010-10-22,8.773782983584685,8.857925363138873,8.697289380719377,8.750834465026855,173466800,0.0,0.0
2010-10-25,8.842628192811754,8.86557598475973,8.467810367009992,8.536654472351074,327390900,0.0,0.0
2010-10-26,8.47546271715819,8.781435810756992,8.437215898083991,8.64374828338623,232839500,0.0,0.0
2010-10-27,8.659045988113936,8.926772974042168,8.605500882727231,8.82733154296875,275344800,0.0,0.0
2010-10-28,8.965016971309803,8.965016971309803,8.727887367243554,8.819679260253906,180293000,0.0,0.0
2010-10-29,8.796733561298979,8.827330866245344,8.689642629238053,8.7584867477417,126825100,0.0,0.0
2010-11-01,8.796737670898438,8.85793230937966,8.689646688807482,8.796737670898438,152004500,0.0,0.0
2010-11-02,8.842629584425982,8.865577379985382,8.643746744251805,8.720239639282227,176470800,0.0,0.0
2010-11-03,8.766137325493448,8.834981452393501,8.651397600324946,8.812033653259277,176344100,0.0,0.0
2010-11-04,9.018563315903897,9.36278314500765,8.949719204183703,9.278640747070312,310826500,0.0,0.0
2010-11-05,9.309236651307254,9.722300530113536,9.301587144598574,9.454573631286621,405644600,0.0,0.0
2010-11-08,9.653459948739295,9.737602364724891,9.508122915764655,9.638161659240723,247865900,0.0,0.0
2010-11-09,9.737602284469448,9.745251793904377,9.355135566691436,9.385733604431152,225038100,0.0,0.0
2010-11-10,9.44692762060035,9.615212440490723,9.332187174859833,9.615212440490723,191612200,0.0,0.0
2010-11-11,9.561665414503329,9.607561729471703,9.416328421181637,9.462224006652832,130702300,0.0,0.0
2010-11-12,9.401030042170216,9.431627344386097,9.202147213018382,9.270991325378418,170642600,0.0,0.0
2010-11-15,9.3474853462503,9.401030445048441,9.232744910900664,9.255693435668945,112735900,0.0,0.0
2010-11-16,9.171547581681354,9.217443888098387,8.965016026547309,9.13330078125,219262600,0.0,0.0
2010-11-17,9.102704179218447,9.171548279332232,8.873224818168632,8.88852310180664,170058200,0.0,0.0
2010-11-18,9.010916915001921,9.04151422748335,8.89617717557093,8.949722290039062,138773700,0.0,0.0
2010-11-19,8.903823456305833,8.919121742248535,8.819680330380752,8.919121742248535,104569300,0.0,0.0
2010-11-22,8.84263115897415,8.865578958619711,8.57490415495215,8.64374828338623,223150100,0.0,0.0
2010-11-23,8.55195742593212,8.712593502555984,8.460165486360983,8.483113288879395,199123000,0.0,0.0
2010-11-24,8.551954639351157,8.64374654901269,8.490760032910135,8.628447532653809,109514300,0.0,0.0
2010-11-26,8.54430454804753,8.574901849179861,8.490759453440246,8.506057739257812,54441000,0.0,0.0
2010-11-29,8.521355201888612,8.689639962704522,8.475458893804321,8.65139389038086,144663800,0.0,0.0
2010-11-30,8.567253778034948,8.643747408440435,8.345423125255826,8.376020431518555,267119300,0.0,0.0
2010-12-01,8.552118482463378,8.651650834642323,8.398992067635902,8.643994331359863,289105800,0.01,0.0
2010-12-02,8.705242384068915,8.988526352256148,8.689930112089023,8.942588806152344,284454000,0.0,0.0
2010-12-03,8.873683815854063,9.095717287313414,8.827745528926751,9.080404281616211,164553900,0.0,0.0
2010-12-06,9.019151556348938,9.080402104121172,8.90430696181703,8.91196346282959,132238800,0.0,0.0
2010-12-07,9.06509100026007,9.088059776093058,8.804775773605458,8.858369827270508,215071600,0.0,0.0
2010-12-08,8.888993641731531,9.241184643902063,8.88133787115703,9.187590599060059,235158100,0.0,0.0
2010-12-09,9.386655015841571,9.715876508029746,9.378998515283593,9.685251235961914,328639000,0.0,0.0
2010-12-10,9.685250251957159,9.838377326902954,9.547436906735554,9.800095558166504,224667700,0.0,0.0
2010-12-13,9.846032486195417,9.861345484806396,9.585718081284428,9.601030349731445,189201500,0.0,0.0
2010-12-14,9.624000667108296,9.73118948415245,9.440249035173245,9.493843078613281,161365800,0.0,0.0
2010-12-15,9.47853306802888,9.601034185198195,9.401969504715932,9.409626007080078,160612500,0.0,0.0
2010-12-16,9.547437338115417,9.777127230748132,9.478530297309199,9.585719108581543,309278400,0.0,0.0
2010-12-17,9.608692087219161,9.685254931520436,9.532128512753527,9.624004364013672,154544200,0.0,0.0
2010-12-20,9.639316073890987,9.76181719242057,9.624003068992659,9.662284851074219,113899800,0.0,0.0
2010-12-21,9.74650381438898,9.937911987304688,9.723535038085082,9.937911987304688,163167100,0.0,0.0
2010-12-22,9.96087863258493,10.297756598878633,9.953222132628156,10.244162559509277,240618000,0.0,0.0
2010-12-23,10.15228518393961,10.182910448876944,9.930251830602947,9.99915885925293,183718500,0.0,0.0
2010-12-27,9.937915052647156,10.25948094074544,9.92260277377624,10.15994930267334,116011000,0.0,0.0
2010-12-28,10.244162485628719,10.328381794053753,10.213537216186523,10.213537216186523,119303600,0.0,0.0
2010-12-29,10.251821384516205,10.274790159431674,10.190570831298828,10.190570831298828,74986200,0.0,0.0
2010-12-30,10.198226862777501,10.259477417556138,10.152289311775629,10.167601585388184,88176300,0.0,0.0
2010-12-31,10.129317177597471,10.244162485628719,10.121661407859936,10.213537216186523,63036100,0.0,0.0
2011-01-03,10.604008278197698,10.894947926969722,10.565726514886462,10.864322662353516,354322300,0.0,0.0
2011-01-04,10.894950463633643,10.910263464589015,10.734168334586684,10.902606964111328,218978200,0.0,0.0
2011-01-05,10.864326689836162,11.178236681225826,10.833701413866947,11.101673126220703,246151200,0.0,0.0
2011-01-06,11.132299148209682,11.247143758249388,10.979172758102,11.05573558807373,241658500,0.0,0.0
2011-01-07,11.132298402189917,11.239487233164255,10.703543808456743,10.91026496887207,392328700,0.0,0.0
2011-01-10,10.849012264385058,11.0480768837707,10.787761724599328,11.025107383728027,185382600,0.0,0.0
2011-01-11,11.185893189449144,11.277769023408972,11.124642633475927,11.247143745422363,212239400,0.0,0.0
2011-01-12,11.40026767403214,11.47683048248291,11.369642404619029,11.47683048248291,204060800,0.0,0.0
2011-01-13,11.492144151904895,11.499800652245314,11.270110753181212,11.308392524719238,158944400,0.0,0.0
2011-01-14,11.285423860255058,11.721834919876008,11.239486315135451,11.675896644592285,282493800,0.0,0.0
2011-01-18,11.545739034095822,11.606989580947994,11.369643894436862,11.484488487243652,198400500,0.0,0.0
2011-01-19,11.369648003974078,11.446210850130726,10.986831582697702,11.002143859863281,247013200,0.0,0.0
2011-01-20,10.92557616611133,11.185890603741646,10.672916768420755,11.132296562194824,245219600,0.0,0.0
2011-01-21,11.032766072748927,11.262456007600122,10.887296194436203,10.91026496887207,291812600,0.0,0.0
2011-01-24,10.910266783537443,10.91792328634427,10.626982751163556,10.657608032226562,225424700,0.0,0.0
2011-01-25,10.550422045174379,10.596360344311577,10.259481431077443,10.435577392578125,303642100,0.0,0.0
2011-01-26,10.496820142655091,10.542758407530942,10.374319076538086,10.374319076538086,145810300,0.0,0.0
2011-01-27,10.397292809735488,10.46619987487793,10.32072924176293,10.46619987487793,153086100,0.0,0.0
2011-01-28,10.588698521187187,10.764794394242603,10.39729037621972,10.412603378295898,226452500,0.0,0.0
2011-01-31,10.49682323298559,10.558073784076639,10.443229183321964,10.51213550567627,118000800,0.0,0.0
2011-02-01,10.642295315907631,11.002142925803097,10.619326537027078,10.956205368041992,211978400,0.0,0.0
2011-02-02,10.971514008082353,10.986827009037725,10.818387649349006,10.902606964111328,140312700,0.0,0.0
2011-02-03,10.841355514993884,11.078701898827084,10.833699015155778,11.048076629638672,145885300,0.0,0.0
2011-02-04,11.04807914382903,11.078704419986778,10.803076204402872,10.940890312194824,141015200,0.0,0.0
2011-02-07,11.109325721424284,11.308390310309944,11.048075191023147,11.231826782226562,149423500,0.0,0.0
2011-02-08,11.208861608989027,11.300737434042524,11.101672781344536,11.185892105102539,158426200,0.0,0.0
2011-02-09,11.071047251522701,11.24714239628131,11.032765476090441,11.208861351013184,150179100,0.0,0.0
2011-02-10,11.109327167461093,11.208859474859466,11.07870189827421,11.094014167785645,132240800,0.0,0.0
2011-02-11,11.002139082579083,11.384955337631233,10.986826812062308,11.308392524719238,156195600,0.0,0.0
2011-02-14,11.316050402930545,11.446208012308093,11.26245635089186,11.400270462036133,112571100,0.0,0.0
2011-02-15,11.33136129557643,11.39261183797165,11.24714125215996,11.308392524719238,109532300,0.0,0.0
2011-02-16,11.339015486750037,11.392609517890527,11.254795460484798,11.361984252929688,132821900,0.0,0.0
2011-02-17,11.293083395113955,11.415584521895681,11.277770389184084,11.339021682739258,103495400,0.0,0.0
2011-02-18,11.361987377547756,11.400269151817511,11.231829783129056,11.29308032989502,98369000,0.0,0.0
2011-02-22,11.009792883383792,11.116981671375402,10.787759539101362,10.856666564941406,187522800,0.0,0.0
2011-02-23,10.849017143249512,11.05573762544872,10.65760893780074,10.849017143249512,196355700,0.0,0.0
2011-02-24,10.803074698466608,10.841356470868401,10.55807252335765,10.695886611938477,201697200,0.0,0.0
2011-02-25,10.841358251219352,10.96385935889077,10.810732974301496,10.871983528137207,126869100,0.0,0.0
2011-02-28,10.92557803919804,11.086360191403081,10.841357982141101,10.940890312194824,137039100,0.0,0.0
2011-03-01,10.963857484988797,10.986826986374473,10.649948267691938,10.665261268615723,161263900,0.0,0.0
2011-03-02,10.665259522000518,10.78018659463401,10.580979717448525,10.59630298614502,115609400,0.01,0.0
2011-03-03,10.764862712116315,10.948746310120114,10.764862712116315,10.933423042297363,139513500,0.0,0.0
2011-03-04,10.956410752374039,10.964072753338076,10.711231836345238,10.818497657775879,146184700,0.0,0.0
2011-03-07,10.864470070759747,10.93342662528098,10.665262408962565,10.749542236328125,139010300,0.0,0.0
2011-03-08,10.933427220105973,11.26288527641432,10.879793935511188,11.255223274230957,250033200,0.0,0.0
2011-03-09,11.232239548306309,11.255224827339386,11.09432641273015,11.178606986999512,148290400,0.0,0.0
2011-03-10,11.04835318331674,11.07900045818035,10.925764083862305,10.925764083862305,155462700,0.0,0.0
2011-03-11,10.810835328077307,11.056014236650737,10.80317405803486,11.017704963684082,111555000,0.0,0.0
2011-03-14,10.925764630803164,10.994721185370398,10.780189519897068,10.902778625488281,112139700,0.0,0.0
2011-03-15,10.55033324113359,10.772526134071398,10.5043619702171,10.695907592773438,167837200,0.0,0.0
2011-03-16,10.734218348748012,10.803174899320187,10.46605414778704,10.489039421081543,178630900,0.0,0.0
2011-03-17,10.642277314041275,10.75720441972468,10.535011479565037,10.711233139038086,131745300,0.0,0.0
2011-03-18,10.879794123760368,10.948750683226262,10.711233726253601,10.75720500946045,199209100,0.0,0.0
2011-03-21,10.879793938950225,10.895117943321793,10.649938988197942,10.764866828918457,114391500,0.0,0.0
2011-03-22,10.75720308313116,10.764865084075034,10.634613990783691,10.634613990783691,86286500,0.0,0.0
2011-03-23,10.512023504708445,10.527346773875943,10.243859352736205,10.458390235900879,230626600,0.0,0.0
2011-03-24,10.389431696709769,10.412416959761297,10.205547400232527,10.328136444091797,170761100,0.0,0.0
2011-03-25,10.335802834842614,10.36645010883288,10.20555173771181,10.22087574005127,115322600,0.0,0.0
2011-03-28,10.282172388760811,10.389438234986335,10.243863105773926,10.243863105773926,78640400,0.0,0.0
2011-03-29,10.274507146373226,10.274507146373226,10.082961522523796,10.228536605834961,117737500,0.0,0.0
2011-03-30,10.266848378469092,10.38943823010732,10.167245265714278,10.305157661437988,121082200,0.0,0.0
2011-03-31,10.228540788521016,10.259188071641763,10.182569498495464,10.213216781616211,86180900,0.0,0.0
2011-04-01,10.305157666277424,10.427746787284423,10.22853983099245,10.243863105773926,95017100,0.0,0.0
2011-04-04,10.26684951203317,10.412424657250185,10.26684951203317,10.297496795654297,71113900,0.0,0.0
2011-04-05,10.289836873732101,10.343469444438346,10.243865576920339,10.320484161376953,64968800,0.0,0.0
2011-04-06,10.420082115027826,10.557994465813682,10.36644884407191,10.51202392578125,136151600,0.0,0.0
2011-04-07,10.5656570001897,10.63461354441297,10.374111368764442,10.427743911743164,119206000,0.0,0.0
2011-04-08,10.443064220726114,10.512020740569037,10.305151181040268,10.328136444091797,87592400,0.0,0.0
2011-04-11,10.343466941999775,10.412423505189981,10.289834384269081,10.33580493927002,63348300,0.0,0.0
2011-04-12,10.266850859981732,10.404764019728049,10.197895010797549,10.320484161376953,100372600,0.0,0.0
2011-04-13,10.42774739689261,10.450733406441786,10.12127457645865,10.167245864868164,124630800,0.0,0.0
2011-04-14,10.082964716331523,10.15958328241587,10.01400815299337,10.059979438781738,115624900,0.0,0.0
2011-04-15,10.128933636636154,10.213213455095417,9.822460174560547,9.822460174560547,266336200,0.0,0.0
2011-04-18,9.646241389292959,9.653903392515614,9.378077122010751,9.515990257263184,262012500,0.0,0.0
2011-04-19,9.600266236087583,9.600266236087583,9.309116807027578,9.454691886901855,182612900,0.0,0.0
2011-04-20,9.523650159811524,9.561958706097228,9.355089779537433,9.401061058044434,179989100,0.0,0.0
2011-04-21,9.447032563480601,9.500665118268106,9.378076004074519,9.431709289550781,100820900,0.0,0.0
2011-04-25,9.447028378136121,9.653897964704333,9.439366379221351,9.5313081741333,112414300,0.0,0.0
2011-04-26,9.569620477462633,9.600267752167282,9.370412826538086,9.370412826538086,146800000,0.0,0.0
2011-04-27,9.378073526257042,9.500662608060889,9.37041152597216,9.447030067443848,118705100,0.0,0.0
2011-04-28,9.4317104138805,9.538975536242306,9.385739125233409,9.515990257263184,92414200,0.0,0.0
2011-04-29,9.493001513464053,9.515986784053856,9.408720970153809,9.408720970153809,87169300,0.0,0.0
2011-05-02,9.470015156489987,9.554295696634638,9.447029886763515,9.454691886901855,89940100,0.0,0.0
2011-05-03,9.46235451445642,9.73817996152878,9.447030513163657,9.653900146484375,145530300,0.0,0.0
2011-05-04,9.684546991334079,9.715194261879594,9.515986637989464,9.569619178771973,99234300,0.0,0.0
2011-05-05,9.508325380657757,9.55429665541249,9.347427015049126,9.42404556274414,130921200,0.0,0.0
2011-05-06,9.508327120577395,9.538974399125792,9.408723282622915,9.431709289550781,111324100,0.0,0.0
2011-05-09,9.40872539215039,9.439372677570205,9.278474246443945,9.332107543945312,110668200,0.0,0.0
2011-05-10,9.355088428548074,9.477677512611798,9.33210315795827,9.408720970153809,91577700,0.0,0.0
2011-05-11,9.408723649939187,9.523651496999022,9.370414367585909,9.385738372802734,150517800,0.0,0.0
2011-05-12,9.347430229187012,9.401063523290917,9.263150382293553,9.347430229187012,111941900,0.0,0.0
2011-05-13,9.347426180324904,9.355088180547915,9.125233288677515,9.140557289123535,159056700,0.0,0.0
2011-05-16,9.109914379285792,9.278474080740015,9.05628108274226,9.086928367614746,123646400,0.0,0.0
2011-05-17,9.04861601670674,9.148219102775833,9.040954016028008,9.117571830749512,145394700,0.0,0.0
2011-05-18,9.11757066768637,9.11757066768637,8.987319595517551,9.03329086303711,152963400,0.0,0.0
2011-05-19,9.102250653095698,9.109912655536267,8.949014257728182,8.95667552947998,121082700,0.0,0.0
2011-05-20,8.918364881236393,9.025629967422699,8.834084335588754,8.872393608093262,115821500,0.0,0.0
2011-05-23,8.78811376916516,8.826423041565182,8.719157224982837,8.749804496765137,122134100,0.0,0.0
2011-05-24,8.772792632500527,8.81876392052923,8.650203505342432,8.780454635620117,129513400,0.0,0.0
2011-05-25,8.696171947784478,8.872393577738277,8.696171947784478,8.719157218933105,103583400,0.0,0.0
2011-05-26,8.726822075160658,8.857073205438343,8.719160072041069,8.780454635620117,124072200,0.0,0.0
2011-05-27,8.86473369225947,9.025632090067555,8.841748415626535,8.95667552947998,107370400,0.0,0.0
2011-05-31,9.094588279698344,9.13289755964983,8.903042610629663,9.002646446228027,106228200,0.0,0.0
2011-06-01,8.979643136146956,9.002647994847507,8.611561740381802,8.619230270385742,176331800,0.01,0.0
2011-06-02,8.657571792602539,8.757260484154498,8.496536326451105,8.657571792602539,198074000,0.0,0.0
2011-06-03,8.588551788026965,8.780260536560204,8.55787841751408,8.649898529052734,115786700,0.0,0.0
2011-06-06,8.57321940000276,8.58855572663684,8.243479967291524,8.304826736450195,213289400,0.0,0.0
2011-06-07,8.404511071905944,8.47352633433892,8.128450753484831,8.166791915893555,160224800,0.0,0.0
2011-06-08,8.120785144793452,8.274152043437446,8.05176985757589,8.082443237304688,159384200,0.0,0.0
2011-06-09,8.113113703472704,8.243475703332596,8.051766966045792,8.166791915893555,129533300,0.0,0.0
2011-06-10,8.143789727372031,8.458192042019801,7.982754306294997,8.281820297241211,210796300,0.0,0.0
2011-06-13,8.35083699379835,8.450525674298426,8.159128161600774,8.41218376159668,186095900,0.0,0.0
2011-06-14,8.527207326954391,8.527207326954391,8.24347839102077,8.281820297241211,173051000,0.0,0.0
2011-06-15,8.128454991359572,8.182133231766263,7.982755865525437,8.05177116394043,213408200,0.0,0.0
2011-06-16,8.013428478325338,8.197468768829907,7.975086568309108,8.128454208374023,200127400,0.0,0.0
2011-06-17,8.2434775331125,8.258814586528947,8.113115504316543,8.189799308776855,116367000,0.0,0.0
2011-06-20,8.120785680108556,8.174463915344614,8.074775241826861,8.128454208374023,88402500,0.0,0.0
2011-06-21,8.18980172710548,8.335500121029531,8.074775986449591,8.304826736450195,109392600,0.0,0.0
2011-06-22,8.274153709411621,8.389178723726769,8.266485180107622,8.274153709411621,102448600,0.0,0.0
2011-06-23,8.166789620148226,8.258810431731657,8.097775108426537,8.212800025939941,180604400,0.0,0.0
2011-06-24,8.228146765012324,8.25882089527657,8.044106371295957,8.06711196899414,122210200,0.0,0.0
2011-06-27,8.067108123255025,8.396846821976457,8.067108123255025,8.32016372680664,202814500,0.0,0.0
2011-06-28,8.366172578077444,8.373841106199887,8.258816109607634,8.297157287597656,113027000,0.0,0.0
2011-06-29,8.565545391121022,8.626892121032396,8.435183407231676,8.542540550231934,301628700,0.0,0.0
2011-06-30,8.565546827572023,8.57321535292464,8.312491341422263,8.404511451721191,255993900,0.0,0.0
2011-07-01,8.419853331770069,8.542547624509451,8.3738436118902,8.504205703735352,137487700,0.0,0.0
2011-07-05,8.481200650950665,8.488868449882085,8.36617489124381,8.435190200805664,110261100,0.0,0.0
2011-07-06,8.304824606603587,8.320161660615517,8.174462572746128,8.235809326171875,145455700,0.0,0.0
2011-07-07,8.35850137334905,8.404511796038893,8.32016020763685,8.373838424682617,113940400,0.0,0.0
2011-07-08,8.243478204486138,8.281820109838975,8.136121015760398,8.2051362991333,129514100,0.0,0.0
2011-07-11,8.074773559736384,8.09011061307239,7.898401834238026,7.93674373626709,145323900,0.0,0.0
2011-07-12,7.875398579642342,7.975086521260888,7.821719613411853,7.82938814163208,145156100,0.0,0.0
2011-07-13,7.875397172582306,7.9444117203005415,7.783376313002715,7.821718215942383,164765500,0.0,0.0
2011-07-14,7.898400686646064,7.921405531996649,7.714360461219683,7.7220282554626465,148536100,0.0,0.0
2011-07-15,7.760372747401971,7.806383184802326,7.576332460422737,7.6683526039123535,183416000,0.0,0.0
2011-07-18,7.5763325566679915,7.614674466436845,7.30793991959712,7.453639030456543,226934200,0.0,0.0
2011-07-19,7.47664555412366,7.553329390793024,7.208252857092151,7.3386149406433105,322430300,0.0,0.0
2011-07-20,7.407628452321959,7.66835255624403,7.3846235994203315,7.553327560424805,249783800,0.0,0.0
2011-07-21,7.691355873559899,7.883064649191179,7.668351025251209,7.844722747802734,238464700,0.0,0.0
2011-07-22,7.867727871845136,7.87539639794097,7.706692480387105,7.768039226531982,138441500,0.0,0.0
2011-07-25,7.645349142854151,7.722032244068288,7.57633383984357,7.676022529602051,130582700,0.0,0.0
2011-07-26,7.645347750867723,7.73736789435734,7.599337313467368,7.6683526039123535,121168700,0.0,0.0
2011-07-27,7.607002880907856,7.6223391998649515,7.422962665557861,7.422962665557861,151491700,0.0,0.0
2011-07-28,7.453636939016009,7.553325583918622,7.430631360823247,7.507315158843994,113623300,0.0,0.0
2011-07-29,7.3922908799515445,7.630009359542993,7.36161750415552,7.445969104766846,187926700,0.0,0.0
2011-08-01,7.699024835398238,7.70669336237169,7.438300768788756,7.522653102874756,159616700,0.0,0.0
2011-08-02,7.484312375330843,7.560995463181644,7.2619301773346505,7.277266502380371,173972600,0.0,0.0
2011-08-03,7.2772646940324295,7.353948494138957,7.146902672637883,7.315606594085693,175691200,0.0,0.0
2011-08-04,7.185244348800453,7.254259620483643,6.725143756430676,6.771153450012207,305309300,0.0,0.0
2011-08-05,6.878512574401465,6.939859337476371,6.157687011304673,6.265044212341309,546781600,0.0,0.0
2011-08-08,5.674581152291936,5.904631517188906,4.838730579027388,4.992097854614258,682052900,0.0,0.0
2011-08-09,5.3831832461306135,5.873957686038287,5.1224591535286335,5.827947616577148,496094500,0.0,0.0
2011-08-10,5.774269912247803,5.820279985909847,5.168469694891979,5.191474914550781,493986500,0.0,0.0
2011-08-11,5.444530170578061,5.6899175808037645,5.337173338578615,5.559555530548096,344079000,0.0,0.0
2011-08-12,5.743593882736331,5.912297784808464,5.467533550418065,5.513543605804443,298997800,0.0,0.0
2011-08-15,5.7205886220298225,6.01198598395004,5.636236677125468,5.950639247894287,268370400,0.0,0.0
2011-08-16,5.835615995881323,5.873957536629258,5.62857050574481,5.6745805740356445,275997300,0.0,0.0
2011-08-17,5.7205915451049805,5.820280224961626,5.674581469553201,5.7205915451049805,159346200,0.0,0.0
2011-08-18,5.40618884275953,5.436862224551042,5.199143332839046,5.375515460968018,335205500,0.0,0.0
2011-08-19,5.214479330951364,5.459866352681919,5.1761374259782125,5.344841003417969,289217900,0.0,0.0
2011-08-22,5.521214710022603,5.5365514033305026,4.923083305358887,4.923083305358887,398777800,0.0,0.0
2011-08-23,4.88473958716691,4.938418176769082,4.608679209469823,4.831061363220215,563788800,0.0,0.0
2011-08-24,4.877072518601423,5.406188909522594,4.846399136431113,5.360178470611572,602753000,0.0,0.0
2011-08-25,6.35706354647893,6.748149659704428,5.659243656985006,5.866289138793945,859643400,0.0,0.0
2011-08-26,5.843282094141329,6.119342772047608,5.712920097195159,5.950639247894287,424194600,0.0,0.0
2011-08-29,6.2113655835320465,6.449084092542591,6.104008389304379,6.4337477684021,363420500,0.0,0.0
2011-08-30,6.35706280531901,6.4337466061011765,6.173022561014916,6.226700782775879,297220400,0.0,0.0
2011-08-31,6.35722459574186,6.364902579203321,6.2267018057482355,6.272768974304199,282263500,0.01,0.0
2011-09-01,6.2804465358119215,6.2804465358119215,6.073145389556885,6.073145389556885,243549600,0.0,0.0
2011-09-02,5.612479266596202,5.719968507926876,5.504990025265529,5.566412448883057,305988600,0.0,0.0
2011-09-06,5.305365030291646,5.4282102030632915,5.220909408762492,5.366787433624268,283101800,0.0,0.0
2011-09-07,5.551055764621452,5.773712190034649,5.451244162579274,5.7430009841918945,257251800,0.0,0.0
2011-09-08,5.6662216182029015,5.712288415980198,5.528020858764648,5.528020858764648,204593600,0.0,0.0
2011-09-09,5.458920982450592,5.535698980677148,5.34375380205757,5.359109401702881,255828800,0.0,0.0
2011-09-12,5.259297831765982,5.451243010780115,5.228586632412231,5.412854194641113,286856000,0.0,0.0
2011-09-13,5.443564887035142,5.512664896092604,5.351430931447957,5.374464511871338,220657500,0.0,0.0
2011-09-14,5.443565393994865,5.474276593348616,5.313042613688235,5.412854194641113,212940200,0.0,0.0
2011-09-15,5.512665235720212,5.63551039536933,5.474276420791282,5.627832412719727,230299700,0.0,0.0
2011-09-16,5.666222629415504,5.6739002473620435,5.43588823331643,5.551055431365967,240523700,0.0,0.0
2011-09-19,5.420532219593513,5.4282102030632915,5.3283986145945805,5.366787433624268,199254700,0.0,0.0
2011-09-20,5.405176252223429,5.420531852015287,5.29768705368042,5.29768705368042,142828700,0.0,0.0
2011-09-21,5.3360755921879175,5.351431191180009,4.8830852388680155,4.898440837860107,381953600,0.0,0.0
2011-09-22,4.790953326271943,4.821664903487392,4.606686059618337,4.652752876281738,384622500,0.0,0.0
2011-09-23,4.675784916688605,4.9061189236028255,4.660429316227657,4.844696521759033,503374000,0.0,0.0
2011-09-26,4.975219639701414,5.067353248596191,4.84469684404727,5.067353248596191,228406400,0.0,0.0
2011-09-27,5.251619917522626,5.259297533873007,4.921473994010101,4.975218772888184,231598900,0.0,0.0
2011-09-28,4.998254452403197,5.013610057656546,4.7295308113098145,4.7295308113098145,222449300,0.0,0.0
2011-09-29,4.913796879763934,4.952185697651214,4.721851692008362,4.875407695770264,224013100,0.0,0.0
2011-09-30,4.744885008880348,4.85237457987097,4.691140589491436,4.698818206787109,175213100,0.0,0.0
2011-10-03,4.668105291561577,4.744883266862341,4.2381482637710395,4.245826244354248,369335100,0.0,0.0
2011-10-04,4.207438399173009,4.422417163848877,3.9387152179079594,4.422417163848877,448300000,0.0,0.0
2011-10-05,4.384026976124962,4.476160554392616,4.230471012345538,4.430093765258789,291785700,0.0,0.0
2011-10-06,4.430096326959438,4.844698035013378,4.337962695415564,4.821664810180664,336087400,0.0,0.0
2011-10-07,4.852374741206047,4.860052358756991,4.514551148517042,4.529906749725342,285598300,0.0,0.0
2011-10-10,4.7141752072729695,4.829342429756066,4.698819602015657,4.821664810180664,225326600,0.0,0.0
2011-10-11,4.744885821776448,4.967542253092573,4.70649699650849,4.890764236450195,204431100,0.0,0.0
2011-10-12,4.998253239301156,5.1748424738023,4.867730443272991,5.051997661590576,284617700,0.0,0.0
2011-10-13,4.944508113175352,4.944508113175352,4.737207323674344,4.7755961418151855,230115400,0.0,0.0
2011-10-14,4.844695631893777,4.8830848090480865,4.698817271256257,4.752562046051025,203564500,0.0,0.0
2011-10-17,4.7448851287702585,4.821663500305362,4.62971830368042,4.62971830368042,175512200,0.0,0.0
2011-10-18,4.813986514274873,5.213232591343206,4.729530507748933,5.098065376281738,496883800,0.0,0.0
2011-10-19,5.128775805628135,5.266976589148339,4.890763792584529,4.913797378540039,318554300,0.0,0.0
2011-10-20,4.9368304914367185,4.975219678495422,4.74488528835604,4.967541694641113,254971700,0.0,0.0
2011-10-21,5.059675247852452,5.1057420488122345,4.8984412614400155,4.959863662719727,252586400,0.0,0.0
2011-10-24,5.059676948565393,5.174843806622777,4.982898555051786,5.159488201141357,217032400,0.0,0.0
2011-10-25,5.1057420488122345,5.121097649132162,4.959863662719727,4.959863662719727,200837500,0.0,0.0
2011-10-26,5.051996281281828,5.113418670605837,4.944507099964814,5.059674263000488,208197400,0.0,0.0
2011-10-27,5.45892083308509,5.551054428436023,5.297686858167775,5.543376445770264,408959900,0.0,0.0
2011-10-28,5.4358886059785325,5.704611842445723,5.41285538445342,5.643189430236816,273167300,0.0,0.0
2011-10-31,5.44356393877139,5.497308340219821,5.236263215497913,5.243940830230713,252026900,0.0,0.0
2011-11-01,4.898441776605176,5.128775805628135,4.852374970800583,4.913797378540039,371823200,0.0,0.0
2011-11-02,5.159488201141357,5.174843806622777,5.044321343083974,5.159488201141357,216830700,0.0,0.0
2011-11-03,5.305363178253174,5.359107945460767,5.051995669900458,5.305363178253174,244340400,0.0,0.0
2011-11-04,5.167165360910337,5.1825209639370025,4.952186552430554,4.982897758483887,266446300,0.0,0.0
2011-11-07,4.9445094420607685,5.059676659648402,4.837020209828673,4.9521870613098145,192433500,0.0,0.0
2011-11-08,5.021287505480247,5.059676700353799,4.913798272383395,5.013609886169434,219000600,0.0,0.0
2011-11-09,4.8446980337631915,4.88308722994982,4.721853191736393,4.7295308113098145,265539000,0.0,0.0
2011-11-10,4.85237470247684,4.860052319966505,4.614362702594681,4.62971830368042,324988000,0.0,0.0
2011-11-11,4.698818670554932,4.829341472421419,4.698818670554932,4.767919063568115,210025900,0.0,0.0
2011-11-14,4.729529513348394,4.752563097960388,4.622040306074042,4.645073890686035,225481700,0.0,0.0
2011-11-15,4.614362633572212,4.7909518603635535,4.606684650090988,4.706496238708496,268228500,0.0,0.0
2011-11-16,4.675785144257395,4.675785144257395,4.529906749725342,4.529906749725342,292502400,0.0,0.0
2011-11-17,4.591328736140287,4.629717918715748,4.445450354902464,4.453128337860107,285881900,0.0,0.0
2011-11-18,4.499195150267336,4.5222283669939625,4.4147391680214865,4.437772750854492,227038600,0.0,0.0
2011-11-21,4.345637331640286,4.360992926355733,4.2074369792012645,4.215114593505859,269658300,0.0,0.0
2011-11-22,4.238149196496581,4.2918939740883175,4.084593212100683,4.122982025146484,270959000,0.0,0.0
2011-11-23,4.069239167197163,4.076916786294913,3.938716347577055,3.9463939666748047,264978500,0.0,0.0
2011-11-25,3.961749838298075,4.092272666725284,3.9310386276218505,3.9694278240203857,138425100,0.0,0.0
2011-11-28,4.222793170383998,4.245826748763777,3.946392060358188,4.030848026275635,345537900,0.0,0.0
2011-11-29,3.984782482752122,4.053882873411715,3.861937669229665,3.9003264904022217,333749700,0.0,0.0
2011-11-30,4.1541957275385375,4.184967517852783,3.9849505139815133,4.184967517852783,436268200,0.01,0.0
2011-12-01,4.131114428668617,4.331131322501207,4.0695708818981196,4.254201889038086,315495500,0.0,0.0
2011-12-02,4.361901848497473,4.523453795984666,4.31574420161947,4.338822841644287,283132900,0.0,0.0
2011-12-05,4.508069656700409,4.577305970372884,4.40806119971643,4.454218864440918,293977700,0.0,0.0
2011-12-06,4.415753907624064,4.554227266970321,4.384982131509009,4.446526050567627,254787200,0.0,0.0
2011-12-07,4.408060860391219,4.55422697084806,4.3849818463913035,4.5311479568481445,244700100,0.0,0.0
2011-12-08,4.492683002770173,4.523454774008726,4.25420159225716,4.30035924911499,286031100,0.0,0.0
2011-12-09,4.3619041478964675,4.500377161527198,4.331132367089639,4.400368690490723,293654100,0.0,0.0
2011-12-12,4.300358542328025,4.308051300459094,4.15419246955385,4.192656993865967,191824000,0.0,0.0
2011-12-13,4.277280080503202,4.308051850613924,4.015719667733626,4.092649459838867,227194200,0.0,0.0
2011-12-14,4.031105463410672,4.131113897467334,4.000333693982226,4.023412704467773,226723100,0.0,0.0
2011-12-15,4.100343484334278,4.131115263941291,4.008028145513238,4.046493053436279,196092100,0.0,0.0
2011-12-16,4.084956337299941,4.16957888858914,3.969562015874385,4.000333786010742,227111300,0.0,0.0
2011-12-19,4.000335053561218,4.015720943504586,3.784932594354065,3.838783025741577,344317700,0.0,0.0
2011-12-20,3.9310998077001633,4.015722042125352,3.8772489947516,3.977257490158081,239246100,0.0,0.0
2011-12-21,3.984947809268003,4.038798589181996,3.9234042704111114,4.023412704467773,203711800,0.0,0.0
2011-12-22,4.046492417971684,4.238816193727102,4.008027516089204,4.208044052124023,303085900,0.0,0.0
2011-12-23,4.261893933818567,4.331130595731608,4.2080431560163785,4.308051586151123,190712000,0.0,0.0
2011-12-27,4.269589100050383,4.292667753833503,4.200352405043846,4.215738296508789,158575400,0.0,0.0
2011-12-28,4.192658115883112,4.2003512429013625,4.054185131010979,4.069571018218994,146104500,0.0,0.0
2011-12-29,4.069571475703738,4.2157376040255246,4.061878714649184,4.200351715087891,168098500,0.0,0.0
2011-12-30,4.146501503397346,4.292667652270351,4.131115612296428,4.277281761169434,176441000,0.0,0.0
2012-01-03,4.423444886094295,4.531146050174224,4.415751762388707,4.461909770965576,246293200,0.0,0.0
2012-01-04,4.392675524093564,4.523455763890689,4.323438840241314,4.469604969024658,243711200,0.0,0.0
2012-01-05,4.423447534196441,4.885024594833839,4.392675754609185,4.854252815246582,547780000,0.0,0.0
2012-01-06,4.7773204706382355,4.846557116157966,4.661926183714793,4.754241466522217,299630600,0.0,0.0
2012-01-09,4.815787369205009,4.900409563753681,4.761936581632553,4.823480129241943,240614400,0.0,0.0
2012-01-10,4.954261021954162,5.123505800789616,4.954261021954162,5.100427150726318,354292100,0.0,0.0
2012-01-11,5.07734741266131,5.308136081484837,5.01580386546263,5.285057067871094,354039600,0.0,0.0
2012-01-12,5.377373455403156,5.400452473595189,5.123506089433537,5.223514556884766,362099600,0.0,0.0
2012-01-13,4.992725349317859,5.146584599473382,4.931181795987055,5.085041046142578,337048400,0.0,0.0
2012-01-17,5.100427391528409,5.246593527201381,4.954261255855436,4.98503303527832,294196500,0.0,0.0
2012-01-18,5.000417758425046,5.23120641708374,4.969645986181015,5.23120641708374,302497700,0.0,0.0
2012-01-19,5.546616606644797,5.608160143816866,5.192740901076981,5.354292869567871,491008100,0.0,0.0
2012-01-20,5.346601457855935,5.446609921232388,5.254286122506224,5.43891716003418,236630700,0.0,0.0
2012-01-23,5.485075795967751,5.669706499259299,5.469689904026789,5.577391147613525,339942200,0.0,0.0
2012-01-24,5.469687063367591,5.654317670772001,5.431222170077468,5.608160018920898,228810300,0.0,0.0
2012-01-25,5.5389254074393275,5.669705652827592,5.500460866743602,5.654319763183594,249340100,0.0,0.0
2012-01-26,5.73124871914737,5.7697136233678945,5.56200394759979,5.615854740142822,265938800,0.0,0.0
2012-01-27,5.546616483119428,5.654317670772001,5.538923357730041,5.608160018920898,230914000,0.0,0.0
2012-01-30,5.485074827709035,5.500460716933986,5.400452253557533,5.43891716003418,231240100,0.0,0.0
2012-01-31,5.515846296835334,5.531232185197459,5.423530966662583,5.485074520111084,212736300,0.0,0.0
2012-02-01,5.5773881264569525,5.723554204135233,5.546616359243463,5.662010669708252,318811000,0.0,0.0
2012-02-02,5.715861064673784,5.762018715378995,5.6389316468317645,5.7312469482421875,232425400,0.0,0.0
2012-02-03,5.8928009517518785,6.069738857534878,5.869722301813699,6.031274318695068,364195700,0.0,0.0
2012-02-06,5.992809331332337,6.131282329559326,5.97742344264045,6.131282329559326,236316000,0.0,0.0
2012-02-07,6.115897060661095,6.146668841163327,6.0005030671920085,6.038967609405518,253694200,0.0,0.0
2012-02-08,6.123589499890472,6.269755257408437,6.100510483697441,6.254369735717773,436439700,0.0,0.0
2012-02-09,6.392843219428011,6.423614997044997,6.231291203524573,6.292834758758545,480206700,0.0,0.0
2012-02-10,6.192825425317748,6.246675845143929,6.138974638663095,6.2082109451293945,254420800,0.0,0.0
2012-02-13,6.362069753751822,6.39284152320408,6.315911732745008,6.346683502197266,308490200,0.0,0.0
2012-02-14,6.269755007212604,6.285141261946311,6.115896128160559,6.138975143432617,384682800,0.0,0.0
2012-02-15,6.162053891598227,6.246676087994483,5.977422877910468,5.985116004943848,372981400,0.0,0.0
2012-02-16,5.931267115912566,6.254371218231321,5.892802202082769,6.223599433898926,337131800,0.0,0.0
2012-02-17,6.185132873842702,6.215904649984923,6.092817545416036,6.169747352600098,355445600,0.0,0.0
2012-02-21,6.177441019837052,6.308221278815351,6.154362366387106,6.23898458480835,333407700,0.0,0.0
2012-02-22,6.200519160036551,6.254369585142971,6.115896224975586,6.115896224975586,228867800,0.0,0.0
2012-02-23,6.13128208217956,6.19282600129251,6.077431657344925,6.169747352600098,144231800,0.0,0.0
2012-02-24,6.192825314873969,6.223597087605419,6.062045097351074,6.062045097351074,163128200,0.0,0.0
2012-02-27,5.992806882681188,6.192823720777695,5.900491588249742,6.185130596160889,298930800,0.0,0.0
2012-02-28,6.192825074556908,6.269754136571779,6.154360176721021,6.246675491333008,193443200,0.0,0.0
2012-02-29,6.285188452425891,6.3468078894448405,6.1388421058654785,6.1388421058654785,266720500,0.01,0.0
2012-03-01,6.23127216522956,6.292891607554362,6.20046244406716,6.2543792724609375,197850100,0.0,0.0
2012-03-02,6.24667592019902,6.323700581281877,6.23897404174002,6.262081146240234,143887500,0.0,0.0
2012-03-05,6.231271628674718,6.262081347184193,6.123437246610742,6.1388421058654785,196328300,0.0,0.0
2012-03-06,5.992495312522188,6.00019755746282,5.900065802269237,5.938578128814697,262871200,0.0,0.0
2012-03-07,6.015604168027257,6.177355766296387,5.98479444472291,6.177355766296387,328331900,0.0,0.0
2012-03-08,6.215867048268951,6.2543793840495,6.161950218913207,6.208165168762207,160282000,0.0,0.0
2012-03-09,6.254379649792373,6.308296481438994,6.169653095124577,6.200462818145752,195281400,0.0,0.0
2012-03-12,6.169649643084531,6.208161958953038,6.092625011347518,6.154244422912598,165298900,0.0,0.0
2012-03-13,6.215866680191306,6.54707171990506,6.200462187528301,6.539369106292725,385984100,0.0,0.0
2012-03-14,6.670312010143364,6.855170368564646,6.593288061415406,6.808956146240234,488077000,0.0,0.0
2012-03-15,6.916788063404814,7.124754214693562,6.816657028963899,7.117051601409912,489593000,0.0,0.0
2012-03-16,7.247991339300105,7.548386573791504,7.186371917029273,7.548386573791504,582294100,0.0,0.0
2012-03-19,7.532981118417065,7.779459534453621,7.325015758312788,7.340420246124268,669479900,0.0,0.0
2012-03-20,7.417444861803331,7.679327764695882,7.386635151731349,7.556088924407959,451213900,0.0,0.0
2012-03-21,7.671626601585517,7.725543420748125,7.5021727969238725,7.5637922286987305,326573800,0.0,0.0
2012-03-22,7.440554730165365,7.525282015320722,7.332721072057389,7.394340515136719,264520500,0.0,0.0
2012-03-23,7.294208017983315,7.58690071105957,7.240290459678721,7.58690071105957,283110900,0.0,0.0
2012-03-26,7.710136544514798,7.73324364064048,7.58689771909604,7.64851713180542,241605700,0.0,0.0
2012-03-27,7.602305951889035,7.625413059403357,7.378935287086034,7.394340515136719,250069600,0.0,0.0
2012-03-28,7.409745891161667,7.532984791998667,7.378936165952417,7.509877681732178,234021500,0.0,0.0
2012-03-29,7.417444888865959,7.4559572102368055,7.263396337944007,7.340420246124268,253625800,0.0,0.0
2012-03-30,7.402043666960155,7.4251515130082595,7.2017808098093905,7.371233940124512,250234500,0.0,0.0
2012-04-02,7.3481244666873735,7.53298276828114,7.247992703017018,7.455958843231201,179229000,0.0,0.0
2012-04-03,7.448257342013048,7.448257342013048,7.247993784782923,7.309613227844238,190453400,0.0,0.0
2012-04-04,7.201778230444467,7.209480108473526,7.047728916878212,7.086241245269775,228560600,0.0,0.0
2012-04-05,7.0400269879890125,7.24028977196754,7.016919150384075,7.109348297119141,180868100,0.0,0.0
2012-04-09,6.963000475541623,6.963000475541623,6.801249328235047,6.878273963928223,211427600,0.0,0.0
2012-04-10,6.909086370710493,7.001515528918054,6.547071616809638,6.577881336212158,377220000,0.0,0.0
2012-04-11,6.762739975217316,6.862871751692314,6.716525761189893,6.82435941696167,252563700,0.0,0.0
2012-04-12,6.878275432913307,7.0708363287098805,6.86287020866005,7.063133716583252,223979900,0.0,0.0
2012-04-13,6.9938118696347935,6.9938118696347935,6.6857147216796875,6.6857147216796875,282354600,0.0,0.0
2012-04-16,6.832061445436859,6.8782763900661905,6.639500522844293,6.770442008972168,217284500,0.0,0.0
2012-04-17,6.909087289185161,6.932194398168432,6.832062613158589,6.870574951171875,193424400,0.0,0.0
2012-04-18,6.839765227673596,6.932194398168432,6.808955504175318,6.870574951171875,160064100,0.0,0.0
2012-04-19,7.055431867552373,7.063134480512094,6.6780126472652475,6.755037307739258,348804500,0.0,0.0
2012-04-20,6.762739032261656,6.762739032261656,6.41612953713838,6.439236640930176,277965300,0.0,0.0
2012-04-23,6.177353573023978,6.393021559581381,6.123436025463513,6.300592422485352,256073900,0.0,0.0
2012-04-24,6.3545111031038095,6.369916331094889,6.2389748314175115,6.32370138168335,192443800,0.0,0.0
2012-04-25,6.393023811658659,6.431536149322491,6.292892027557391,6.362214088439941,164902400,0.0,0.0
2012-04-26,6.308295788384983,6.470047000115965,6.292891295847663,6.369915962219238,131586300,0.0,0.0
2012-04-27,6.423832355467091,6.423832355467091,6.308295363688089,6.354510307312012,120948200,0.0,0.0
2012-04-30,6.3314027596195155,6.346807250041525,6.1927586730136355,6.246675491333008,137422300,0.0,0.0
2012-05-01,6.246675574214511,6.470046197509045,6.22356847099413,6.4007248878479,177953400,0.0,0.0
2012-05-02,6.323700528308412,6.339105019658976,6.254378480826871,6.2851881980896,136208900,0.0,0.0
2012-05-03,6.300593248823134,6.300593248823134,6.092627112160699,6.161949157714844,204584500,0.0,0.0
2012-05-04,6.084926837673631,6.100331700866489,5.930877838464137,5.9616875648498535,194857200,0.0,0.0
2012-05-07,5.938578834210501,6.161949473232722,5.900066503090472,6.131139755249023,167662600,0.0,0.0
2012-05-08,6.061818282925439,6.084925757252287,5.923174538806885,6.000198841094971,180627900,0.0,0.0
2012-05-09,5.907771098587638,6.023307763435402,5.892366234426665,5.953985691070557,174742300,0.0,0.0
2012-05-10,6.092628438700061,6.115735914676197,5.90777010001445,5.930877208709717,156787300,0.0,0.0
2012-05-11,5.76142048918145,5.984791039692334,5.707503320434433,5.815337657928467,245533600,0.0,0.0
2012-05-14,5.676695503613047,5.792232122356052,5.661290645599365,5.661290645599365,170716800,0.0,0.0
2012-05-15,5.676695713922081,5.815339808462459,5.584266562415697,5.62277889251709,201254900,0.0,0.0
2012-05-16,5.699801954662529,5.753718764425091,5.453323903254168,5.476431369781494,216226100,0.0,0.0
2012-05-17,5.4687299636845355,5.5842665872211334,5.337788481495112,5.376300811767578,241468300,0.0,0.0
2012-05-18,5.399406540522105,5.414811394202426,5.306977051159502,5.407108783721924,223783500,0.0,0.0
2012-05-21,5.4148111106784,5.476430522173237,5.176035340214912,5.2607622146606445,229980800,0.0,0.0
2012-05-22,5.3300862358091,5.507242293957002,5.283871659850621,5.376300811767578,221551500,0.0,0.0
2012-05-23,5.31468205566223,5.522647857666016,5.276169720473035,5.522647857666016,194441500,0.0,0.0
2012-05-24,5.591969374216608,5.6458861975390535,5.399408451423157,5.499539852142334,206041500,0.0,0.0
2012-05-25,5.445623712171727,5.584267461759827,5.445623712171727,5.5072431564331055,108661200,0.0,0.0
2012-05-29,5.607374355907395,5.738315477752996,5.561159410219747,5.7306132316589355,159872200,0.0,0.0
2012-05-30,5.653485869227466,5.715188248888991,5.476091343812987,5.553219318389893,206801500,0.01,0.0
2012-05-31,5.560931357279869,5.6843360956885345,5.429813638833097,5.668910503387451,203267300,0.0,0.0
2012-06-01,5.491515659552869,5.5455054130681045,5.352685337653115,5.4143877029418945,240859000,0.0,0.0
2012-06-04,5.476091470608822,5.476091470608822,5.2832713458143195,5.321835517883301,163821500,0.0,0.0
2012-06-05,5.329547120051349,5.50694161590274,5.321834507766575,5.476090431213379,147346700,0.0,0.0
2012-06-06,5.5840701691829775,5.992848961284299,5.537793387246537,5.892582416534424,356852900,0.0,0.0
2012-06-07,6.0236996312321365,6.093114982054991,5.692049205320429,5.722900390625,276170400,0.0,0.0
2012-06-08,5.668910777385484,5.846305281309594,5.553218645647995,5.8308796882629395,234555000,0.0,0.0
2012-06-11,5.954284122327508,5.992848286821941,5.6149210929870605,5.6149210929870605,204590700,0.0,0.0
2012-06-12,5.645771980900039,5.784602303792008,5.568643655962725,5.776889324188232,148255600,0.0,0.0
2012-06-13,5.707474209907559,5.869443099955788,5.668910048362704,5.784602165222168,162374500,0.0,0.0
2012-06-14,5.800028939140617,5.9311466738031,5.74603917552219,5.908008098602295,157528300,0.0,0.0
2012-06-15,5.954284154202222,6.093114852905273,5.823166803324529,6.093114852905273,211751900,0.0,0.0
2012-06-18,5.992848644799007,6.100827796948272,5.961997458470646,5.985136032104492,140319900,0.0,0.0
2012-06-19,6.077688964883496,6.332211409755692,6.062263373308669,6.255083084106445,248771500,0.0,0.0
2012-06-20,6.293646351977348,6.339923487896352,6.185667594083206,6.278221130371094,213582800,0.0,0.0
2012-06-21,6.255082027110567,6.3013591617901605,6.015985581991291,6.031411170959473,227157600,0.0,0.0
2012-06-22,6.147105379597174,6.177956937731628,6.008275022980525,6.123967170715332,142219300,0.0,0.0
2012-06-25,5.9697102070049946,5.9697102070049946,5.830879865368306,5.861731052398682,151907200,0.0,0.0
2012-06-26,5.900293394117617,5.9234315933422685,5.769175705927774,5.87715482711792,129776500,0.0,0.0
2012-06-27,5.923433046053239,6.031412561500206,5.869443656104891,5.9928483963012695,111335500,0.0,0.0
2012-06-28,5.877158195060976,5.977424763226318,5.807743189833264,5.969711780548096,133125300,0.0,0.0
2012-06-29,6.170241818220822,6.324497716566314,6.131677659746913,6.309072494506836,258769800,0.0,0.0
2012-07-02,6.324500207526435,6.332213189369071,6.069977691122903,6.208808422088623,152974000,0.0,0.0
2012-07-03,6.216521263122559,6.262797682029316,6.177957090333316,6.216521263122559,57653700,0.0,0.0
2012-07-05,6.193379671237844,6.216518606352692,6.031411170959473,6.031411170959473,120162000,0.0,0.0
2012-07-06,5.9311466738031,6.015987625839149,5.900295485385477,5.908008098602295,116595200,0.0,0.0
2012-07-09,5.884869447813807,5.9388588395895265,5.80774148258053,5.8308796882629395,87078300,0.0,0.0
2012-07-10,5.9002951643571295,5.9157207577266515,5.7074750633505245,5.769177436828613,101758300,0.0,0.0
2012-07-11,5.7768900540558725,5.931146355644543,5.746038867293169,5.884869575500488,128619400,0.0,0.0
2012-07-12,5.807741604139997,5.823167197509519,5.73061326951723,5.769177436828613,107637000,0.0,0.0
2012-07-13,5.830878146598072,6.039123781556037,5.8231655360015075,6.031411170959473,177154500,0.0,0.0
2012-07-16,6.116252834172231,6.1393914057028836,5.9928481000757285,6.0236992835998535,109439900,0.0,0.0
2012-07-17,6.108539581298828,6.116252192483128,5.977421881190002,6.108539581298828,127266800,0.0,0.0
2012-07-18,6.077688713610392,6.116252507065539,5.784602118030808,5.807740688323975,254341100,0.0,0.0
2012-07-19,5.830881277013239,5.900296648524488,5.491517769744712,5.599497318267822,260959200,0.0,0.0
2012-07-20,5.560932507056365,5.560932507056365,5.445240356990207,5.452953338623047,160463000,0.0,0.0
2012-07-23,5.352684535048485,5.5146534035327734,5.321833357030054,5.468376636505127,168638000,0.0,0.0
2012-07-24,5.522366449524679,5.537792039750023,5.37582315849636,5.429812908172607,138286700,0.0,0.0
2012-07-25,5.4838045296039954,5.522368334442577,5.406676552151625,5.452953338623047,117241300,0.0,0.0
2012-07-26,5.568644596494978,5.584070190532769,5.483804013174713,5.530080795288086,121121500,0.0,0.0
2012-07-27,5.553218670071551,5.7074749689916855,5.506941890728055,5.638059616088867,146210900,0.0,0.0
2012-07-30,5.6149210929870605,5.692049054200798,5.599495500744313,5.6149210929870605,74683800,0.0,0.0
2012-07-31,5.614920414381016,5.661197185516357,5.560930664168909,5.661197185516357,86093200,0.0,0.0
2012-08-01,5.66891106744169,5.676624048247235,5.560931910590227,5.5686445236206055,97187800,0.0,0.0
2012-08-02,5.491514960894371,5.59949445418714,5.476089371534697,5.537791728973389,112848000,0.0,0.0
2012-08-03,5.630346590812875,5.776889530773991,5.607208018949207,5.730612754821777,130250800,0.0,0.0
2012-08-06,5.746039089848108,5.923433604492051,5.738326476746286,5.892582416534424,112657000,0.0,0.0
2012-08-07,5.946572127323955,6.05455128423099,5.908007958826715,5.9157209396362305,119572200,0.0,0.0
2012-08-08,5.846305583451267,5.992848908855541,5.8385929704169195,5.9157209396362305,73353500,0.0,0.0
2012-08-09,5.923431108823593,5.985133826517341,5.915718498971259,5.954282283782959,59676500,0.0,0.0
2012-08-10,5.9080093902233495,5.985137745904539,5.884871177739197,5.969711780548096,50443800,0.0,0.0
2012-08-13,5.954282283782959,6.039123198808724,5.923431108823593,5.954282283782959,58341300,0.0,0.0
2012-08-14,6.000561714172363,6.093115274528711,5.969710159611758,6.000561714172363,104644000,0.0,0.0
2012-08-15,5.977421835967288,6.06997537612915,5.961996245940311,6.06997537612915,73559200,0.0,0.0
2012-08-16,6.085402664181798,6.139392428228659,6.039125881188135,6.116253852844238,78181200,0.0,0.0
2012-08-17,6.147104689186392,6.2627968239272604,6.123966482903313,6.170243263244629,138307600,0.0,0.0
2012-08-20,6.1548170999685565,6.316785632280116,6.1548170999685565,6.2859344482421875,100276900,0.0,0.0
2012-08-21,6.363062957529353,6.478754717082506,6.293647607577353,6.31678581237793,190820700,0.0,0.0
2012-08-22,6.278222441901911,6.417052407560486,6.262796481523027,6.3399248123168945,140333800,0.0,0.0
2012-08-23,6.339924571971247,6.378488735906219,6.262796244101303,6.2859344482421875,98866200,0.0,0.0
2012-08-24,6.262796105918896,6.332211452360214,6.193380759477578,6.293647289276123,88822200,0.0,0.0
2012-08-27,6.324496792623447,6.324496792623447,6.208805069653215,6.2242302894592285,96142100,0.0,0.0
2012-08-28,6.201095234374961,6.255084634380148,6.131679871196631,6.139392852783203,96280400,0.0,0.0
2012-08-29,6.154817669797524,6.247371598255313,6.154817669797524,6.170243263244629,106910900,0.0,0.0
2012-08-30,6.131676962752789,6.131676962752789,6.03912343426615,6.100825786590576,91900100,0.0,0.0
2012-08-31,6.170241015826697,6.185666971430287,6.077687488855302,6.162528038024902,91730500,0.0,0.0
2012-09-04,6.170243263244629,6.255083843316129,6.131679095739287,6.170243263244629,81461800,0.0,0.0
2012-09-05,6.170242115908913,6.193410013975122,6.123907424482677,6.139352321624756,55769500,0.01,0.0
2012-09-06,6.208855698468743,6.448252201080322,6.2011330643426765,6.448252201080322,200570300,0.0,0.0
2012-09-07,6.540921049186227,6.795762062072754,6.5254757822375336,6.795762062072754,232843000,0.0,0.0
2012-09-10,6.826652387502436,6.888431987133785,6.587255886577765,6.625868320465088,190045600,0.0,0.0
2012-09-11,6.664480208596501,6.988823448336,6.625867777871159,6.9733781814575195,201630400,0.0,0.0
2012-09-12,7.066048121977413,7.096937921662033,6.8498195241850715,6.92704439163208,204167100,0.0,0.0
2012-09-13,6.8652660912033205,7.320890538640019,6.8034864801450885,7.259110927581787,330759200,0.0,0.0
2012-09-14,7.413559985262388,7.56028636342641,7.297722673213015,7.374947547912598,329619800,0.0,0.0
2012-09-17,7.251387955573428,7.328612089733925,7.158718552698263,7.181885719299316,141409300,0.0,0.0
2012-09-18,7.073769259939168,7.174161271799359,7.019712306041667,7.12782621383667,150503600,0.0,0.0
2012-09-19,7.2050531435853635,7.305445184408332,7.150996174092601,7.174163341522217,126360100,0.0,0.0
2012-09-20,7.058325486350303,7.143272242482758,7.011990423432975,7.09693717956543,111354300,0.0,0.0
2012-09-21,7.220499645179126,7.220499645179126,7.011992893313695,7.035160064697266,155865300,0.0,0.0
2012-09-24,6.942489699103722,7.10466134968936,6.91159989596698,7.027437210083008,113331700,0.0,0.0
2012-09-25,7.0814917277771725,7.112381520210859,6.880707708722833,6.896152973175049,146678000,0.0,0.0
2012-09-26,6.84209517907518,6.880707603142491,6.718536011236373,6.8112053871154785,158640100,0.0,0.0
2012-09-27,6.903876489515428,7.0042685226081725,6.872986689830807,6.92704439163208,119023800,0.0,0.0
2012-09-28,6.86526569980309,6.896155503571126,6.78804082214749,6.818930625915527,119039200,0.0,0.0
2012-10-01,6.849817889682829,7.050601907957274,6.834373361761347,6.919320106506348,133194500,0.0,0.0
2012-10-02,7.027434775135905,7.035156670891269,6.857540548515254,6.896152973175049,109601600,0.0,0.0
2012-10-03,6.934768006740328,7.042882700648822,6.880711028021631,7.035160064697266,115670100,0.0,0.0
2012-10-04,7.1046602493775906,7.2745545085533285,7.066047817318893,7.266831874847412,160486300,0.0,0.0
2012-10-05,7.382667577243976,7.452169056180502,7.127825875260472,7.197328090667725,204255800,0.0,0.0
2012-10-08,7.073770142220764,7.2436643939798016,7.050602978585257,7.166439533233643,81944200,0.0,0.0
2012-10-09,7.205051317826662,7.2436637447389565,6.9811001255003005,7.112381935119629,153036100,0.0,0.0
2012-10-10,7.096936669766396,7.158716994708539,6.996545390853533,7.112381935119629,110640900,0.0,0.0
2012-10-11,7.251385746612455,7.274552906156189,7.181883531510529,7.212773323059082,122925800,0.0,0.0
2012-10-12,7.073770811891507,7.166440211677356,6.988824046205542,7.042881011962891,158562500,0.0,0.0
2012-10-15,7.135550950547641,7.2899999618530265,7.073771346025486,7.289999961853027,154458500,0.0,0.0
2012-10-16,7.359501683444393,7.413559385952487,7.2436651172302,7.305444717407227,172663600,0.0,0.0
2012-10-17,7.274555428957978,7.413559907368314,7.181886022174746,7.289999961853027,229733500,0.0,0.0
2012-10-18,7.243663918692966,7.390390260718321,7.235941285830894,7.31316614151001,149739000,0.0,0.0
2012-10-19,7.274555428957978,7.374947470424223,7.2513882613799145,7.289999961853027,169451300,0.0,0.0
2012-10-22,7.313167942741327,7.382670182676753,7.26683287062738,7.374947547912598,132617600,0.0,0.0
2012-10-23,7.289997663659235,7.313165560404527,7.166438493567327,7.228218078613281,160627600,0.0,0.0
2012-10-24,7.29772299635219,7.328612800305609,7.181886415644623,7.189609050750732,120868300,0.0,0.0
2012-10-25,7.235943017621082,7.274555454701819,7.081494005769119,7.1355509757995605,121778900,0.0,0.0
2012-10-26,7.081493445991391,7.158718314048395,6.988824046205542,7.042881011962891,124687200,0.0,0.0
2012-10-31,7.1046587156149625,7.22049598678396,7.066046291891963,7.197328090667725,94925500,0.0,0.0
2012-11-01,7.212777035391502,7.529397745842851,7.158720056476716,7.521675109863281,205700000,0.0,0.0
2012-11-02,7.622062931291281,7.699287775217631,7.544838823835625,7.606618404388428,220993300,0.0,0.0
2012-11-05,7.5911751774174965,7.668400042060127,7.429003550844685,7.529395580291748,121104400,0.0,0.0
2012-11-06,7.591175895440275,7.699290568871969,7.52939629247101,7.676122665405273,132533500,0.0,0.0
2012-11-07,7.436724881822817,7.467614674974356,7.120104317901857,7.12782621383667,286124300,0.0,0.0
2012-11-08,7.328611726462956,7.413559227240984,7.243664962155839,7.251387596130371,223927000,0.0,0.0
2012-11-09,7.181887430275174,7.405838724694229,7.158720258154892,7.2822794914245605,141093100,0.0,0.0
2012-11-12,7.336334360437488,7.351779628386551,7.243664962155839,7.251387596130371,68498300,0.0,0.0
2012-11-13,7.18960927208826,7.37494810151457,7.16644136605669,7.205053806304932,119629700,0.0,0.0
2012-11-14,7.243664261133493,7.274554057571279,6.911598397074178,6.942488193511963,197392900,0.0,0.0
2012-11-15,6.973380231357789,7.104662092533154,6.965658332119473,7.019715309143066,144569800,0.0,0.0
2012-11-16,7.042881011962891,7.112383245920008,6.888432012319807,7.042881011962891,178995000,0.0,0.0
2012-11-19,7.228218876169666,7.359500692995543,7.197329080238331,7.328610897064209,146244000,0.0,0.0
2012-11-20,7.313166900557846,7.4753385251394535,7.274554468710628,7.436726093292236,150696200,0.0,0.0
2012-11-21,7.467614060573945,7.552560800633964,7.436724269963874,7.544838905334473,132499300,0.0,0.0
2012-11-23,7.598896448809257,7.645230770111083,7.568006655784454,7.645230770111084,59048000,0.0,0.0
2012-11-26,7.583453617929422,7.622066055720566,7.529396646904416,7.598898887634277,99730900,0.0,0.0
2012-11-27,7.637511094170691,7.68384542894032,7.459894180297852,7.459894180297852,149684000,0.0,0.0
2012-11-28,7.38267083876365,7.5371198654174805,7.243666346539675,7.5371198654174805,152946500,0.0,0.0
2012-11-29,7.59889866764888,7.629788469693349,7.5371190635599445,7.5911760330200195,125905400,0.0,0.0
2012-11-30,7.5525621436340264,7.6220643689832785,7.537117613817989,7.614341735839844,108739700,0.0,0.0
2012-12-03,7.66840045774057,7.676122355446701,7.55256315449744,7.5680084228515625,99872800,0.0,0.0
2012-12-04,7.560287069338739,7.652956485748291,7.544842534839341,7.652956485748291,144124500,0.0,0.0
2012-12-05,7.7070673032431705,8.16315263555317,7.691606433639179,8.08584976196289,463491000,0.01,0.0
2012-12-06,8.12450119875803,8.178612767942322,7.95443531918832,8.08584976196289,176607900,0.0,0.0
2012-12-07,8.163152655288034,8.255915661491725,8.1013099139374,8.224994659423828,192055100,0.0,0.0
2012-12-10,8.194074485516897,8.217265055107939,8.085850598733835,8.170883178710938,148065200,0.0,0.0
2012-12-11,8.224991773068293,8.279103323394304,8.116767935201688,8.12449836730957,159121300,0.0,0.0
2012-12-12,8.186341171495744,8.271373721574346,8.124499182854096,8.201801300048828,166819300,0.0,0.0
2012-12-13,8.186343163293444,8.240454732216966,8.124501159605181,8.14769172668457,106232100,0.0,0.0
2012-12-14,8.155424043961585,8.194075489492352,8.132233471529128,8.178614616394043,91707200,0.0,0.0
2012-12-17,8.232725108639649,8.503284454345703,8.22499541032812,8.503284454345703,170087700,0.0,0.0
2012-12-18,8.688808395862067,8.781571388244629,8.541933842226692,8.781571388244629,255238400,0.0,0.0
2012-12-19,8.812494339097832,8.882066783109982,8.634698748591132,8.650158882141113,193013700,0.0,0.0
2012-12-20,8.580586342631236,8.905257225036621,8.565125473366777,8.905257225036621,184449000,0.0,0.0
2012-12-21,8.657887478299095,8.773841772758411,8.596045482806689,8.727459907531738,244892300,0.0,0.0
2012-12-24,8.712001703418274,8.727461837102116,8.665619827936947,8.696540832519531,50657100,0.0,0.0
2012-12-26,8.72745800037068,8.990286792386318,8.711997873483359,8.920714378356934,146097900,0.0,0.0
2012-12-27,9.013479360629418,9.036669924737378,8.681078080484763,8.866604804992676,210411400,0.0,0.0
2012-12-28,8.750650390783775,8.882064814296088,8.711999696868755,8.781571388244629,131872200,0.0,0.0
2012-12-31,8.789303650405857,9.005750677660629,8.735192077895885,8.97482967376709,170837500,0.0,0.0
2013-01-02,9.314960380491478,9.392262512710719,9.199006076340417,9.29949951171875,236021400,0.0,0.0
2013-01-03,9.284037550758054,9.314958544995784,9.183544135181766,9.245386123657227,157149700,0.0,0.0
2013-01-04,9.253118344306017,9.36134147644043,9.222197344094072,9.36134147644043,132601900,0.0,0.0
2013-01-07,9.392264511203397,9.4309159541447,9.276310919594449,9.3458833694458,201403500,0.0,0.0
2013-01-08,9.345878461585967,9.353608893557688,9.191273508224388,9.260845184326172,168461100,0.0,0.0
2013-01-09,9.175821732636548,9.276315236160793,8.758387576497924,8.83569049835205,335692000,0.0,0.0
2013-01-10,8.974827757084478,9.12943348074914,8.920716196130682,9.106242179870605,199964900,0.0,0.0
2013-01-11,9.04439933663813,9.059860202439765,8.897524797595878,8.990287780761719,146136700,0.0,0.0
2013-01-14,8.974827928972989,8.990288796521456,8.797032375454052,8.866604804992676,110032900,0.0,0.0
2013-01-15,8.797034224143339,8.982560250424646,8.735192215382902,8.928448677062988,126058300,0.0,0.0
2013-01-16,8.95163719342067,9.113972613496784,8.866604635176886,9.106242179870605,164579300,0.0,0.0
2013-01-17,9.036671809574079,9.0444022449607,8.63469875326344,8.719731330871582,323622200,0.0,0.0
2013-01-18,8.704269456540194,8.758381018994939,8.518743467654142,8.611506462097168,179971800,0.0,0.0
2013-01-22,8.596048369279037,8.781574418054163,8.572857797485893,8.773844718933105,137242700,0.0,0.0
2013-01-23,8.797033291196394,8.84341442424044,8.681078984156642,8.827954292297363,121638200,0.0,0.0
2013-01-24,8.851144753902199,9.021210626549063,8.827954187655065,8.912986755371094,127870800,0.0,0.0
2013-01-25,9.036673649418049,9.059864960299603,8.897529470203947,8.982562065124512,100171600,0.0,0.0
2013-01-28,8.998020028719944,9.021210594885682,8.835684591130171,8.874335289001465,91304200,0.0,0.0
2013-01-29,8.827950414459476,8.95163436453293,8.812489552093046,8.882061958312988,96824100,0.0,0.0
2013-01-30,8.88206395305647,8.920715380438427,8.773840841044581,8.79703140258789,89130200,0.0,0.0
2013-01-31,8.750650405883789,8.781571403397999,8.673348280705627,8.750650405883789,97024700,0.0,0.0
2013-02-01,8.820224707303735,9.067592739938581,8.78930370322438,9.052132606506348,161141300,0.0,0.0
2013-02-04,8.951638159173664,9.036670726591238,8.858875157295909,8.874335289001465,139733000,0.0,0.0
2013-02-05,8.959370487406055,9.26085012292982,8.93617991633845,9.183547973632812,187785900,0.0,0.0
2013-02-06,9.067591791218168,9.253118533497974,9.067591791218168,9.222197532653809,173626800,0.0,0.0
2013-02-07,9.253118520833032,9.260848218122385,9.067591778807163,9.15262508392334,173209900,0.0,0.0
2013-02-08,9.168085252912483,9.199006253839777,9.059862118274369,9.09078311920166,145321100,0.0,0.0
2013-02-11,9.067592605865185,9.199007055563076,9.021211469039388,9.168086051940918,103510800,0.0,0.0
2013-02-12,9.175816443591373,9.539138787338148,9.106244001468069,9.469566345214844,232173900,0.0,0.0
2013-02-13,9.546867329805103,9.600978890855448,9.31495948110906,9.407722473144531,192742500,0.0,0.0
2013-02-14,9.34588049338912,9.48502535027205,9.330419626084472,9.376801490783691,144104800,0.0,0.0
2013-02-15,9.438644381814104,9.438644381814104,9.253118379830166,9.29949951171875,158242700,0.0,0.0
2013-02-19,9.35361174385992,9.515947178661284,9.322690743765126,9.42318344116211,170783400,0.0,0.0
2013-02-20,9.41545397838128,9.500486546454553,9.083052666178354,9.1217041015625,193466400,0.0,0.0
2013-02-21,9.067591866526177,9.067591866526177,8.77384272467437,8.827954292297363,235532400,0.0,0.0
2013-02-22,8.982560147031757,8.998021017651352,8.704271110813012,8.843415260314941,179268200,0.0,0.0
2013-02-25,8.967097181368267,8.974826877021751,8.48782066454876,8.526472091674805,206893900,0.0,0.0
2013-02-26,8.596048402745188,8.673351291976607,8.526475949879911,8.603778839111328,173039600,0.0,0.0
2013-02-27,8.626990058981846,8.789471521175704,8.588304593884507,8.743048667907715,147145400,0.01,0.0
2013-02-28,8.76626000125761,8.797208815732917,8.665676169743376,8.688887596130371,143546700,0.0,0.0
2013-03-01,8.611513975859715,8.93647682309048,8.526404939824143,8.773995399475098,189050700,0.0,0.0
2013-03-04,8.71983506177525,8.859104324647198,8.681148868469466,8.828155517578125,116436000,0.0,0.0
2013-03-05,8.944214093691915,9.060271935682147,8.921001934991658,8.936476707458496,135869700,0.0,0.0
2013-03-06,9.106696622354585,9.300126874439828,9.09895923518049,9.22275447845459,182557500,0.0,0.0
2013-03-07,9.284649375343335,9.501290987495608,9.269174605536497,9.485816955566406,212403800,0.0,0.0
2013-03-08,9.609614509116474,9.625088544824335,9.300126416181088,9.338811874389648,209777100,0.0,0.0
2013-03-11,9.34654892239063,9.45487011993052,9.300126079071957,9.40070915222168,106427800,0.0,0.0
2013-03-12,9.369760569366584,9.423921538377844,9.21501652478686,9.292388916015625,128134700,0.0,0.0
2013-03-13,9.315600894014837,9.369761128379563,9.26917730893232,9.331075668334961,86216800,0.0,0.0
2013-03-14,9.37749599103412,9.431656210818433,9.362021958757596,9.369758605957031,115440000,0.0,0.0
2013-03-15,9.686989161974708,9.795309650842304,9.555456507311492,9.725674629211426,319019100,0.0,0.0
2013-03-18,9.509028682838583,9.810780063024414,9.485817265248183,9.717933654785156,189783300,0.0,0.0
2013-03-19,9.89588961318417,10.011947445195318,9.741145591210074,9.833992004394531,242939600,0.0,0.0
2013-03-20,9.895891416824549,9.97326381085246,9.833993796753354,9.888154029846191,219121700,0.0,0.0
2013-03-21,9.833995855957012,9.934579694104059,9.710200589892336,9.725674629211426,154529400,0.0,0.0
2013-03-22,9.764356489965955,9.803042677868394,9.656035311414657,9.717933654785156,101974400,0.0,0.0
2013-03-25,9.810782462892055,9.841731273209026,9.532242432161466,9.59414005279541,154320200,0.0,0.0
2013-03-26,9.632827738359056,9.671513941701452,9.40071125618263,9.50129508972168,135654700,0.0,0.0
2013-03-27,9.392974060879435,9.501294538500346,9.37749928528907,9.462608337402344,107177200,0.0,0.0
2013-03-28,9.470343471375916,9.501292277313311,9.369759667609946,9.423920631408691,92013900,0.0,0.0
2013-04-01,9.40070915222168,9.501292963249194,9.362023695415383,9.40070915222168,86281600,0.0,0.0
2013-04-02,9.47034415507748,9.478081541589857,9.392972503587094,9.40070915222168,102626000,0.0,0.0
2013-04-03,9.377496870961792,9.392971642568028,9.068008817614297,9.137643814086914,199765800,0.0,0.0
2013-04-04,9.137644769788704,9.27691403942232,9.068009766032995,9.238227844238281,117831400,0.0,0.0
2013-04-05,9.029321977485086,9.292387172861252,9.0061105596218,9.261438369750977,141061900,0.0,0.0
2013-04-08,9.284648819392595,9.44713020324707,9.215013835186737,9.44713020324707,101419200,0.0,0.0
2013-04-09,9.478082656860352,9.555455055332812,9.447133845046944,9.478082656860352,132365800,0.0,0.0
2013-04-10,9.524505172614003,9.594139437956306,9.485818977727527,9.532241821289062,105853900,0.0,0.0
2013-04-11,9.524507700213764,9.539981739548157,9.408449084754874,9.493558883666992,100241900,0.0,0.0
2013-04-12,9.400709651507364,9.478082044984903,9.338812031876465,9.416184425354004,88191700,0.0,0.0
2013-04-15,9.43165596886812,9.532239758657035,9.261437928804698,9.269174575805664,176504300,0.0,0.0
2013-04-16,9.447134847769098,9.563192719918332,9.346551014230048,9.50129508972168,147641900,0.0,0.0
2013-04-17,9.21501745848352,9.300127245034336,8.859105750949073,9.052536010742188,335408600,0.0,0.0
2013-04-18,8.982898644299242,9.013847448237831,8.68888463794381,8.85136604309082,220290500,0.0,0.0
2013-04-19,8.944214763655458,9.044797840712993,8.8436309487201,9.021586418151855,119792000,0.0,0.0
2013-04-22,9.037059618864125,9.091219841372718,8.951949854490403,9.068008422851562,88532300,0.0,0.0
2013-04-23,9.222754024008333,9.408446879769565,9.207279250422655,9.338811874389648,176816000,0.0,0.0
2013-04-24,9.39297204873033,9.570927502630695,9.377497276454948,9.524504661560059,120624900,0.0,0.0
2013-04-25,9.586402283071214,9.702460123724412,9.56319012463837,9.62508773803711,118694600,0.0,0.0
2013-04-26,9.547716754547906,9.640563181106174,9.509030559012508,9.609614372253418,83093200,0.0,0.0
2013-04-29,9.632825965321139,9.656037387903053,9.57092834651749,9.578665733337402,65432400,0.0,0.0
2013-04-30,9.586402274906078,9.594138923166014,9.439394889800967,9.524504661560059,89362100,0.0,0.0
2013-05-01,9.439395791673025,9.493556761933833,9.346549362783133,9.392972946166992,88417800,0.0,0.0
2013-05-02,9.416185660487768,9.447134474362816,9.323339218862627,9.431659698486328,76530500,0.0,0.0
2013-05-03,9.563190971779807,9.60187716805042,9.447133120845791,9.470344543457031,94322600,0.0,0.0
2013-05-06,9.586400715254882,9.973261104666461,9.56318856061829,9.965523719787598,265062800,0.0,0.0
2013-05-07,9.996473764602117,10.143480406194326,9.87267854265547,9.980998992919922,218248100,0.0,0.0
2013-05-08,9.942311376816894,10.19763915101235,9.934573992658834,10.073843955993652,149755400,0.0,0.0
2013-05-09,10.097060230387905,10.104797618270034,9.957790200021284,9.988739013671875,112952300,0.0,0.0
2013-05-10,10.011945620606737,10.089317986432206,9.973260175571568,10.073843955993652,87625100,0.0,0.0
2013-05-13,10.042900085449219,10.135747271974115,10.019688657756985,10.042900085449219,94295600,0.0,0.0
2013-05-14,10.089318600934243,10.336909006051428,10.073844569553225,10.32143497467041,154128100,0.0,0.0
2013-05-15,10.28275346957921,10.48392113423685,10.28275346957921,10.398811340332031,139728300,0.0,0.0
2013-05-16,10.375595480475518,10.48391665467187,10.305960492626264,10.336909294128418,117977000,0.0,0.0
2013-05-17,10.445233460603523,10.460708234726523,10.360124416560556,10.391073226928711,107335600,0.0,0.0
2013-05-20,10.36012313149856,10.522604550246765,10.36012313149856,10.452969551086426,88941700,0.0,0.0
2013-05-21,10.468446357934903,10.491658522387825,10.336913710880134,10.398811340332031,111810300,0.0,0.0
2013-05-22,10.437493695140075,10.623186515035005,10.1899032686135,10.298224449157715,174531500,0.0,0.0
2013-05-23,10.004214945966092,10.383338141483579,9.91910514517947,10.220856666564941,190522000,0.0,0.0
2013-05-24,10.189905053906745,10.259540058036965,10.151218858514646,10.244065284729004,83452600,0.0,0.0
2013-05-28,10.437496420042288,10.452971194679012,10.298227137701096,10.32917594909668,133553000,0.0,0.0
2013-05-29,10.298225247346418,10.491655467531997,10.267276441631834,10.429757118225098,126397300,0.0,0.0
2013-05-30,10.44523364882967,10.777933919691085,10.391073414178875,10.7005615234375,153383400,0.0,0.0
2013-05-31,10.762457164171591,10.824354774629409,10.561289561244827,10.569026947021484,160176100,0.0,0.0
2013-06-03,10.59224153276749,10.623190347247798,10.220855759003818,10.48392105102539,197168200,0.0,0.0
2013-06-04,10.452967853169715,10.57676305917833,10.29822384565895,10.336909294128418,130055400,0.0,0.0
2013-06-05,10.290454331063861,10.414342301530185,10.042678390131213,10.135594367980957,185778900,0.01,0.0
2013-06-06,10.127851989623919,10.251739969930048,9.949763202541511,10.220767974853516,142361900,0.0,0.0
2013-06-07,10.321425627708269,10.367883982715735,10.182051301116369,10.360140800476074,121057300,0.0,0.0
2013-06-10,10.445311628024086,10.491769974305933,10.267222900542796,10.298194885253906,104648500,0.0,0.0
2013-06-11,10.15108268951153,10.282713877678965,10.120110688673941,10.158825874328613,106369100,0.0,0.0
2013-06-12,10.2517422229382,10.259485408016692,10.042681394834313,10.1123685836792,117289400,0.0,0.0
2013-06-13,10.065909579690969,10.267227948508161,10.042680764344592,10.22851276397705,103636400,0.0,0.0
2013-06-14,10.243996582266696,10.251739765489067,10.089136609972266,10.120108604431152,101380700,0.0,0.0
2013-06-17,10.197540764038308,10.267227948508161,10.166568764099566,10.22851276397705,115441500,0.0,0.0
2013-06-18,10.236249173673215,10.329165111992715,10.22076281473818,10.274964332580566,67257600,0.0,0.0
2013-06-19,10.290448725939463,10.375621474634514,10.197532798700275,10.213018417358398,103850000,0.0,0.0
2013-06-20,10.127849676186617,10.17430802740455,9.91104576017397,9.980732917785645,185741100,0.0,0.0
2013-06-21,10.058161728574273,10.065904909574162,9.593581945036773,9.825871467590332,196004700,0.0,0.0
2013-06-24,9.601324862207004,9.640040030689779,9.392264133888695,9.523895263671875,159762500,0.0,0.0
2013-06-25,9.763928306292549,9.887816997275186,9.624554728886556,9.810386657714844,132844500,0.0,0.0
2013-06-26,9.942020400917816,9.949763584591924,9.818132415854645,9.88007640838623,105282000,0.0,0.0
2013-06-27,9.942019207175154,10.089135987165633,9.895560849139422,10.073650360107422,124616300,0.0,0.0
2013-06-28,10.042679724646314,10.065908537587859,9.942020550658757,9.95750617980957,90297100,0.0,0.0
2013-07-01,10.027189113808621,10.143334606227764,10.003960310696927,10.011703491210938,83146300,0.0,0.0
2013-07-02,10.027191928241153,10.143337453260028,9.911047141652825,9.988476753234863,83708600,0.0,0.0
2013-07-03,9.9265333976325,9.942019763988592,9.856846225891273,9.934276580810547,37971700,0.0,0.0
2013-07-05,10.058167026560525,10.127854215405412,9.996223022794132,10.1123685836792,80758500,0.0,0.0
2013-07-08,10.151074228554382,10.352392435414624,10.127845431895164,10.282705307006836,107441200,0.0,0.0
2013-07-09,10.352400795337989,10.476288795471191,10.259484795238086,10.476288795471191,106067300,0.0,0.0
2013-07-10,10.460800257911163,10.476285884409435,10.305940300775834,10.352397918701172,104353400,0.0,0.0
2013-07-11,10.484029935459894,10.515001929452943,10.321426782388743,10.460801124572754,93756500,0.0,0.0
2013-07-12,10.484029831404186,10.685348159576177,10.429829027061949,10.669861793518066,123958400,0.0,0.0
2013-07-15,10.786006739559538,10.793749183738734,10.654375588916214,10.747291564941406,90765200,0.0,0.0
2013-07-16,10.786006274316755,10.855693437937402,10.66211831162694,10.778263092041016,146041900,0.0,0.0
2013-07-17,10.886664191643435,11.180897700385044,10.871177828851549,11.080239295959473,249674500,0.0,0.0
2013-07-18,11.149926996654111,11.498362815274339,11.149926996654111,11.428675651550293,221796400,0.0,0.0
2013-07-19,11.428675952266362,11.428675952266362,11.304787986132936,11.42093276977539,136196600,0.0,0.0
2013-07-22,11.413191223549074,11.606766382992296,11.343504048000613,11.552565574645996,112416800,0.0,0.0
2013-07-23,11.599019509619707,11.637734676878772,11.50610355125619,11.568047523498535,113736000,0.0,0.0
2013-07-24,11.614507402580807,11.614507402580807,11.366731480956842,11.389960289001465,117771100,0.0,0.0
2013-07-25,11.320273637139897,11.498363142664322,11.258329653939365,11.482876777648926,89243300,0.0,0.0
2013-07-26,11.382215340762228,11.428673688073424,11.320271369967552,11.405444145202637,73777800,0.0,0.0
2013-07-29,11.343503967656899,11.382219146957457,11.188643988885287,11.24284553527832,88616700,0.0,0.0
2013-07-30,11.28930315969449,11.328018338995049,11.196387172431525,11.24284553527832,71675200,0.0,0.0
2013-07-31,11.289300318933313,11.498361791491178,11.281557137335515,11.304786682128906,128182500,0.0,0.0
2013-08-01,11.498363653073904,11.59127963199922,11.475134104519654,11.575793266296387,108554200,0.0,0.0
2013-08-02,11.52159069396863,11.544819500525357,11.44416035420561,11.490618705749512,83367400,0.0,0.0
2013-08-05,11.436421226382112,11.490622036870723,11.382219677462839,11.459650039672852,61711900,0.0,0.0
2013-08-06,11.41318780676722,11.428674169333208,11.328015027945522,11.335758209228516,84249800,0.0,0.0
2013-08-07,11.173155005434046,11.281556588810803,11.033780697172038,11.250584602355957,128693600,0.0,0.0
2013-08-08,11.366733015246718,11.38221864322323,11.180900310514415,11.312531471252441,88544100,0.0,0.0
2013-08-09,11.273814110789889,11.312528539914663,11.149925426927245,11.188640594482422,72897900,0.0,0.0
2013-08-12,11.118951047138392,11.204124545111677,11.087979067447264,11.157666206359863,60867500,0.0,0.0
2013-08-13,11.204129705871892,11.320274498603784,11.095727357806364,11.235101699829102,75777900,0.0,0.0
2013-08-14,11.266071512570363,11.420931452374093,11.258328330972565,11.304786682128906,78553700,0.0,0.0
2013-08-15,11.196384506276356,11.204127687978737,11.080239734462445,11.087982177734375,99238900,0.0,0.0
2013-08-16,11.064753752522144,11.204128074248215,11.00280977362844,11.165412902832031,104959000,0.0,0.0
2013-08-19,11.12669758920817,11.134440771078538,10.940865654902131,10.956351280212402,98384600,0.0,0.0
2013-08-20,10.979579801399547,11.134439732205736,10.824719132162961,11.064752578735352,114332500,0.0,0.0
2013-08-21,11.041523967872502,11.211869525539411,10.995065618598538,11.10346794128418,91680600,0.0,0.0
2013-08-22,11.204129377073048,11.304788539087662,11.149927835415603,11.281558990478516,76348300,0.0,0.0
2013-08-23,11.297045356217946,11.374474969623414,11.235101370121349,11.281558990478516,67699200,0.0,0.0
2013-08-26,11.250583150365344,11.382214260417841,11.219611167907715,11.219611167907715,68938900,0.0,0.0
2013-08-27,11.041526234600465,11.157671023983259,10.917638262344001,10.92538070678711,122534200,0.0,0.0
2013-08-28,10.894408413690444,11.03378274785587,10.832464429268153,10.933123588562012,96473600,0.0,0.0
2013-08-29,10.94861014116278,11.07249811212651,10.933123775577036,10.97183895111084,76691500,0.0,0.0
2013-08-30,11.018296382535027,11.03378274785587,10.894408413690444,10.933123588562012,73233400,0.0,0.0
2013-09-03,11.072500048637856,11.13444404495334,10.97958405416463,11.033784866333008,74628700,0.0,0.0
2013-09-04,11.010535384503292,11.157755447644398,11.010535384503292,11.095767974853516,71132500,0.01,0.0
2013-09-05,11.165506644858779,11.27398511676754,11.126764280680712,11.134512901306152,71229200,0.0,0.0
2013-09-06,11.211997646595652,11.235242769557944,11.057028928598472,11.126764297485352,75513100,0.0,0.0
2013-09-09,11.165506768903938,11.227494256697852,11.134513025006981,11.219745635986328,53447300,0.0,0.0
2013-09-10,11.25073926039832,11.382462107698043,11.25073926039832,11.320474624633789,93180300,0.0,0.0
2013-09-11,11.281736514989328,11.374717768539462,11.250742763805949,11.351471900939941,81098900,0.0,0.0
2013-09-12,11.351469232285679,11.374715094420253,11.20424913351242,11.219745635986328,63355900,0.0,0.0
2013-09-13,11.204249116656667,11.273985225057194,11.1965004959568,11.227494239807129,56793400,0.0,0.0
2013-09-16,11.3204723107874,11.374711901594143,11.258484840393066,11.258484840393066,65276500,0.0,0.0
2013-09-17,11.258485763365467,11.328221858013302,11.157755930979596,11.273983001708984,73686100,0.0,0.0
2013-09-18,11.258487498378155,11.483192316344784,11.227493755863764,11.39795970916748,127092600,0.0,0.0
2013-09-19,11.467695451123207,11.49094057253503,11.297229503221965,11.320474624633789,79710700,0.0,0.0
2013-09-20,11.351469518679048,11.359218139586067,11.188752174377441,11.188752174377441,145174800,0.0,0.0
2013-09-23,11.088020489885801,11.095768370048894,10.917554564164947,10.956296920776367,127283100,0.0,0.0
2013-09-24,10.987291911083297,11.041530773154387,10.8555683269543,10.917555809020996,96912800,0.0,0.0
2013-09-25,10.940799682552203,11.033780895050217,10.871063588441444,10.956296920776367,86546100,0.0,0.0
2013-09-26,10.995036925056375,11.018282778981588,10.832319642324304,10.909804344177246,89352900,0.0,0.0
2013-09-27,10.840073220585635,10.8710669677194,10.75484060070509,10.770337104797363,79156000,0.0,0.0
2013-09-30,10.607616777946816,10.793579947637202,10.537881420630562,10.692850112915039,104439900,0.0,0.0
2013-10-01,10.731595475092073,10.785834347838854,10.70060172795831,10.770337104797363,57631000,0.0,0.0
2013-10-02,10.700599880356393,10.925304693015189,10.685102639990706,10.89431095123291,89186300,0.0,0.0
2013-10-03,10.90205818848595,10.925304047661355,10.716095748777013,10.847819328308105,95269000,0.0,0.0
2013-10-04,10.863317225777738,10.909807469046482,10.816826243559898,10.88656234741211,63495400,0.0,0.0
2013-10-07,10.778083653871068,10.80907739504525,10.692851050379343,10.700599670410156,64822700,0.0,0.0
2013-10-08,10.716094875020294,10.770333730775674,10.5998685444162,10.607616424560547,92746200,0.0,0.0
2013-10-09,10.63086519777007,10.793582548616776,10.607619334113975,10.723846435546875,96012800,0.0,0.0
2013-10-10,10.871063757902556,11.04152968628068,10.855567258385818,11.026032447814941,102305800,0.0,0.0
2013-10-11,11.033783258464645,11.064777002602781,10.933053405278415,10.995040893554688,83422000,0.0,0.0
2013-10-14,10.894309013622061,11.150007522585796,10.886560394817351,11.119013786315918,78367500,0.0,0.0
2013-10-15,11.15001197799976,11.181005726654377,11.01053973957936,11.033784866333008,102099300,0.0,0.0
2013-10-16,11.095768440405601,11.32047322343787,11.095768440405601,11.281731605529785,153481000,0.0,0.0
2013-10-17,11.196500306539063,11.359217643737793,11.165506563213071,11.359217643737793,94090800,0.0,0.0
2013-10-18,11.374716107683687,11.405709854341577,11.258489003504694,11.335973739624023,96986400,0.0,0.0
2013-10-21,11.258488887316455,11.304979876298104,11.211998637284006,11.250741004943848,91280600,0.0,0.0
2013-10-22,11.273986129960072,11.335973622636136,11.19650139464039,11.250741004943848,102836000,0.0,0.0
2013-10-23,11.196499595671122,11.219744716952494,10.979543406163781,11.010537147521973,108529700,0.0,0.0
2013-10-24,10.940798472563396,11.002785940706618,10.902056120236654,10.979540824890137,92566100,0.0,0.0
2013-10-25,10.96404871124141,11.05703069585022,10.956300828315054,11.04928207397461,58592400,0.0,0.0
2013-10-28,11.072523424263158,11.095768543012765,11.010535948298203,11.026032447814941,62328000,0.0,0.0
2013-10-29,11.04927982364581,11.072524945589214,10.894311112441267,10.964046478271484,79563100,0.0,0.0
2013-10-30,10.995037322451488,11.07252202710497,10.964043588379877,10.979540824890137,76624200,0.0,0.0
2013-10-31,10.956296122685666,10.971792620832026,10.816823944623737,10.824572563171387,105713400,0.0,0.0
2013-11-01,10.847820248858653,10.925304974787288,10.816826506277021,10.863317489624023,75610400,0.0,0.0
2013-11-04,10.917557062743574,10.94080218645068,10.847820952673096,10.878814697265625,53063200,0.0,0.0
2013-11-05,10.840069336129114,10.863315192361375,10.770333245330239,10.7935791015625,71809700,0.0,0.0
2013-11-06,10.840070987523726,10.863316847297302,10.778083506025661,10.816825866699219,66712900,0.0,0.0
2013-11-07,10.847818805199514,10.871063924304933,10.692850112915039,10.692850112915039,80775000,0.0,0.0
2013-11-08,10.739339636831458,11.095767974853516,10.723843138108219,11.095767974853516,158227300,0.0,0.0
2013-11-11,11.057027704088842,11.173254044977966,11.033781844751775,11.157756805419922,66357400,0.0,0.0
2013-11-12,11.103516593689617,11.204246421712043,11.049277739734835,11.095767974853516,69498300,0.0,0.0
2013-11-13,11.049276736574264,11.343717575073242,11.002785766727522,11.343717575073242,128018500,0.0,0.0
2013-11-14,11.374714013352245,11.483191737207154,11.320474412475717,11.467695236206055,128999400,0.0,0.0
2013-11-15,11.459948621600114,11.583923607099498,11.444452117887291,11.560678482055664,105475300,0.0,0.0
2013-11-18,11.607168732143332,11.754389581635754,11.514187493018794,11.560678482055664,145554400,0.0,0.0
2013-11-19,11.607167707504058,11.85511839556383,11.599419825806203,11.777633666992188,161505600,0.0,0.0
2013-11-20,11.816374644332715,11.831871883807711,11.684651064591442,11.731142044067383,107174900,0.0,0.0
2013-11-21,11.793130243058506,12.08757116049311,11.777633002638693,12.079822540283203,142053600,0.0,0.0
2013-11-22,12.165054847936029,12.234790950219812,12.087570864581107,12.11856460571289,110331100,0.0,0.0
2013-11-25,12.141811438265888,12.382012781157378,12.13406281715347,12.250289916992188,153765500,0.0,0.0
2013-11-26,12.273533541003182,12.374263386303353,12.250288419456709,12.304527282714844,114833700,0.0,0.0
2013-11-27,12.296776091493582,12.351014943411252,12.211543504344535,12.265782356262207,75503600,0.0,0.0
2013-11-29,12.273533854190179,12.335521339195251,12.23479149132473,12.258036613464355,44288400,0.0,0.0
2013-12-02,12.273528674503444,12.374258479863872,12.165050252050184,12.188295364379883,92987400,0.0,0.0
2013-12-03,12.11856616077472,12.234792520195878,11.924855069106671,12.041081428527832,106450300,0.0,0.0
2013-12-04,11.932531068866377,12.196147112655883,11.90927024251817,12.118613243103027,96678100,0.01,0.0
2013-12-05,12.103106107491136,12.126366933996847,11.909270323159234,11.963544845581055,95230500,0.0,0.0
2013-12-06,12.1031071601288,12.188395385884466,11.986805975184586,12.064340591430664,92203100,0.0,0.0
2013-12-09,12.11086007898593,12.149627384898164,12.064339903431135,12.079846382141113,50167200,0.0,0.0
2013-12-10,12.033326892817213,12.157381687271014,12.025573283307626,12.064340591430664,67486300,0.0,0.0
2013-12-11,12.056584343506625,12.056584343506625,11.769707509254957,11.823981285095215,117565000,0.0,0.0
2013-12-12,11.831734892908035,11.90151588437393,11.723186601802778,11.823981285095215,76113900,0.0,0.0
2013-12-13,11.847240580768933,11.886007877828634,11.730939429014517,11.769706726074219,61575600,0.0,0.0
2013-12-16,11.80072048396992,11.893761553795574,11.785213269286631,11.816226959228516,71467000,0.0,0.0
2013-12-17,11.816226891006108,11.86274779536269,11.738693036311394,11.769706726074219,74247300,0.0,0.0
2013-12-18,11.847246623878046,12.180644513458356,11.676671612887016,12.16513729095459,152929300,0.0,0.0
2013-12-19,12.1418736609889,12.242668359637417,12.095353485874108,12.211654663085938,97776100,0.0,0.0
2013-12-20,12.21165718881516,12.304698297713228,12.095355987548828,12.095355987548828,131956000,0.0,0.0
2013-12-23,12.18839812471024,12.24267192462329,12.16513729095459,12.16513729095459,52565800,0.0,0.0
2013-12-24,12.188393110900119,12.211653195662446,12.149625810013063,12.17288589477539,21770400,0.0,0.0
2013-12-26,12.20390003005515,12.211653638398623,12.126366164894794,12.134119033813477,48803600,0.0,0.0
2013-12-27,12.14962387084961,12.17288395189947,12.079842888275387,12.14962387084961,40049300,0.0,0.0
2013-12-30,12.126370385968743,12.165136962330802,12.033329271734717,12.048835754394531,56218800,0.0,0.0
2013-12-31,12.095353837607403,12.110860316621645,12.025572833481132,12.07209300994873,57188900,0.0,0.0
2014-01-02,12.165135153860144,12.529546685005394,12.157382283395302,12.483026504516602,148709900,0.0,0.0
2014-01-03,12.614834419659438,12.793163003573168,12.583819981318015,12.723381996154785,129921800,0.0,0.0
2014-01-06,12.893960234691205,12.971494871323452,12.83968643270369,12.917221069335938,114431300,0.0,0.0
2014-01-07,13.002503418819371,13.018010634880877,12.754393877233353,12.793160438537598,110605100,0.0,0.0
2014-01-08,12.924973201545399,12.940480422866994,12.808671999333477,12.855192184448242,101036400,0.0,0.0
2014-01-09,12.924969801668718,13.126559189271877,12.878449628790953,13.04902458190918,100947200,0.0,0.0
2014-01-10,12.98699903665817,13.01801347554886,12.87845145824044,13.002506256103516,87454100,0.0,0.0
2014-01-13,13.018013734380412,13.025765865407374,12.715628864583365,12.738889694213867,90025400,0.0,0.0
2014-01-14,12.824177669031574,13.002506256103516,12.816424059308902,13.002506256103516,97786600,0.0,0.0
2014-01-15,13.359164665102053,13.506480305750271,13.26612429752948,13.297137260437012,329333100,0.0,0.0
2014-01-16,13.250614402942237,13.28938096846683,13.173079793043371,13.242860794067383,163613100,0.0,0.0
2014-01-17,13.335903765957815,13.35140950618826,13.173080923314766,13.18858814239502,96232200,0.0,0.0
2014-01-21,13.2428619303261,13.304889327797307,13.080040566532858,13.18858814239502,118269200,0.0,0.0
2014-01-22,13.242863466211347,13.297137260437012,13.180836061546305,13.297137260437012,68114400,0.0,0.0
2014-01-23,13.2351069997016,13.250614217233974,12.979243825816054,13.072285652160645,123765900,0.0,0.0
2014-01-24,12.924968513696124,12.96373507408957,12.754393577575684,12.754393577575684,112899300,0.0,0.0
2014-01-27,12.692368020670514,12.824176415370992,12.452010579313958,12.645846366882324,134872600,0.0,0.0
2014-01-28,12.754398532310292,12.994754553590257,12.69237112427514,12.9714937210083,92891300,0.0,0.0
2014-01-29,12.831924776242387,13.064528540309324,12.785404614968705,12.932720184326172,130026900,0.0,0.0
2014-01-30,13.033519326247738,13.173081344735138,13.002506365944901,13.126561164855957,91028200,0.0,0.0
2014-01-31,12.963736777767451,13.16532617177486,12.878450037923697,12.986997604370117,139432100,0.0,0.0
2014-02-03,13.002504991764173,13.087791732720763,12.638092764482542,12.676860809326172,159981200,0.0,0.0
2014-02-04,12.78540837718894,12.839682161120324,12.607079807457337,12.676860809326172,125337000,0.0,0.0
2014-02-05,12.645850460563436,12.754399542358735,12.521795634668958,12.715631484985352,110576200,0.0,0.0
2014-02-06,12.754396135749658,12.971491283655325,12.746642526345916,12.940478324890137,110029100,0.0,0.0
2014-02-07,13.041271209716797,13.087791383437938,12.893955600941911,13.041271209716797,122571100,0.0,0.0
2014-02-10,12.955983878500748,12.97149109708519,12.870697133985828,12.963737487792969,95792500,0.0,0.0
2014-02-11,12.971489323415529,13.118804922124875,12.901708328176868,13.087790489196777,92617500,0.0,0.0
2014-02-12,13.080039431931105,13.111052388551649,12.90946299454424,12.986997604370117,96948900,0.0,0.0
2014-02-13,12.90946299454424,13.041271387593328,12.893955776809129,12.986997604370117,95756900,0.0,0.0
2014-02-14,12.97924656719657,12.994753788004266,12.909465552411914,12.948233604431152,100684300,0.0,0.0
2014-02-18,12.948232292833604,12.979245252457549,12.769902229309082,12.769902229309082,121778600,0.0,0.0
2014-02-19,12.700124615010152,12.754399896841361,12.54505681775735,12.560564041137695,137734500,0.0,0.0
2014-02-20,12.57606560065998,12.684614649349706,12.545052643069862,12.638092994689941,107425900,0.0,0.0
2014-02-21,12.630341529846191,12.785409283665816,12.599327091772384,12.630341529846191,106236900,0.0,0.0
2014-02-24,12.638099941998139,12.893963267878942,12.638099941998139,12.81643009185791,102909600,0.0,0.0
2014-02-25,12.793163188265114,12.839683367599031,12.65360117141352,12.669108390808105,81457000,0.0,0.0
2014-02-26,12.684616803570295,12.715629766427325,12.50628672145496,12.661355972290039,89831600,0.0,0.0
2014-02-27,12.614829300217837,12.785404205322266,12.568307661585452,12.785404205322266,71314500,0.0,0.0
2014-02-28,12.785415638369066,12.909470494623363,12.676868008859191,12.81643009185791,126252100,0.0,0.0
2014-03-03,12.638092994689941,12.723381216049784,12.552806252179822,12.638092994689941,87526800,0.0,0.0
2014-03-04,12.777657886042189,12.979247331868953,12.73889131058899,12.9714937210083,100849900,0.0,0.0
2014-03-05,13.025797117336154,13.429215536018381,13.018038871628063,13.382667541503906,207180000,0.01,0.0
2014-03-06,13.514555189094095,13.677473914945715,13.429215963323752,13.460248947143555,138078900,0.0,0.0
2014-03-07,13.607654804617017,13.64644456076873,13.38267007568091,13.444734573364258,109547100,0.0,0.0
2014-03-10,13.39818896288202,13.553349494934082,13.382672465756432,13.553349494934082,81732700,0.0,0.0
2014-03-11,13.584377277501444,13.592135523087766,13.38266733145919,13.398183822631836,90183400,0.0,0.0
2014-03-12,13.328361935829738,13.444732667523239,13.243022708711907,13.405942916870117,83309200,0.0,0.0
2014-03-13,13.45248973411021,13.55334396480609,13.243021547587228,13.312844276428223,100875700,0.0,0.0
2014-03-14,13.250783429710195,13.359395935612392,13.002525427799794,13.033556938171387,131297200,0.0,0.0
2014-03-17,13.173200709723895,13.320604433962517,13.165442463212997,13.274056434631348,79942200,0.0,0.0
2014-03-18,13.29732557024814,13.35939004335173,13.243019341249216,13.336116790771484,67402400,0.0,0.0
2014-03-19,13.312847632880247,13.5688638765997,13.281816123201661,13.530074119567871,105006500,0.0,0.0
2014-03-20,13.530068490280078,13.964519803164176,13.522310246154712,13.90245532989502,167048700,0.0,0.0
2014-03-21,13.987801098978418,13.987801098978418,13.623170852661133,13.623170852661133,155721000,0.0,0.0
2014-03-24,13.669717902309397,13.692991161723144,13.421458457267269,13.4757661819458,118500000,0.0,0.0
2014-03-25,13.568865303476068,13.638688057263291,13.343882025510764,13.351638793945312,98348600,0.0,0.0
2014-03-26,13.483523918186968,13.499040412068045,13.328363418579102,13.328363418579102,97573700,0.0,0.0
2014-03-27,13.405943238912402,13.568861971250167,13.05682955571123,13.1964750289917,175139500,0.0,0.0
2014-03-28,13.25853887866948,13.305086874268886,13.072345416537761,13.173199653625488,79909500,0.0,0.0
2014-03-31,13.305087514720878,13.398184990135116,13.281814255667946,13.343878746032715,62115800,0.0,0.0
2014-04-01,13.40594090947046,13.499036888991455,13.390424419638988,13.452488899230957,57423800,0.0,0.0
2014-04-02,13.460253532185176,13.483526798243618,13.289575022505314,13.367156028747559,65349000,0.0,0.0
2014-04-03,13.351636999912616,13.37491174129249,13.211992990836391,13.305088996887207,56534500,0.0,0.0
2014-04-04,13.351634100895016,13.359392346337106,12.955973941486555,12.971488952636719,110409600,0.0,0.0
2014-04-07,12.94821912877026,12.955977376269153,12.560315632232076,12.707717895507812,129464900,0.0,0.0
2014-04-08,12.699958589638308,12.800812827499232,12.606861117991668,12.754264831542969,75769700,0.0,0.0
2014-04-09,12.839604585237772,12.901669082795863,12.68444408120972,12.893912315368652,83096400,0.0,0.0
2014-04-10,12.89391062328567,12.89391062328567,12.490490702232183,12.506007194519043,98390900,0.0,0.0
2014-04-11,12.304295216896474,12.513762661956124,12.118101767984122,12.23447322845459,133757100,0.0,0.0
2014-04-14,12.451703084687551,12.583590347927952,12.24223555710222,12.41291332244873,99249400,0.0,0.0
2014-04-15,12.482736404436853,12.730994440615211,12.381881392272568,12.71547794342041,134956600,0.0,0.0
2014-04-16,12.568070190611301,12.583585201320542,12.24223055010672,12.513762474060059,172948900,0.0,0.0
2014-04-17,12.52152336934737,12.606862605112333,12.3586046244153,12.529281616210938,104765500,0.0,0.0
2014-04-21,12.529280771134696,12.544797263815274,12.4361847745196,12.482732772827148,51280500,0.0,0.0
2014-04-22,12.482733606407526,12.676685338664033,12.443943851849939,12.637895584106445,77888900,0.0,0.0
2014-04-23,12.64565107872578,12.723232059768431,12.591344835916164,12.699958801269531,52425600,0.0,0.0
2014-04-24,12.746507116286107,12.800813360451768,12.575828657783546,12.676684379577637,73910900,0.0,0.0
2014-04-25,12.49049027348734,12.591344510421745,12.358603053044444,12.37411880493164,84617700,0.0,0.0
2014-04-28,11.893117116893563,11.955181596131254,11.528487746471914,11.598310470581055,344935200,0.0,0.0
2014-04-29,11.668134379413212,11.869844327349785,11.567279405444925,11.823295593261719,155495000,0.0,0.0
2014-04-30,11.8388118679016,11.846570113418789,11.737956895779199,11.745715141296387,82359700,0.0,0.0
2014-05-01,11.745715882317041,11.807780370636078,11.660376655978071,11.706925392150879,68368300,0.0,0.0
2014-05-02,11.776748443724678,11.86208693249548,11.714683953733717,11.8310546875,73562900,0.0,0.0
2014-05-05,11.69916820526123,11.737958698939067,11.652620204741527,11.69916820526123,51669100,0.0,0.0
2014-05-06,11.660377409032037,11.660377409032037,11.419877686230514,11.427635192871094,96268300,0.0,0.0
2014-05-07,11.528489218583191,11.5750379538889,11.443150733700948,11.481941223144531,91733000,0.0,0.0
2014-05-08,11.520731610190483,11.668134580925502,11.481941121091674,11.582796096801758,65232700,0.0,0.0
2014-05-09,11.5983166782967,11.629348934524803,11.381090884699983,11.435397148132324,86751600,0.0,0.0
2014-05-12,11.474183397988085,11.714683849462705,11.474183397988085,11.69140911102295,70669900,0.0,0.0
2014-05-13,11.668134794702402,11.714683530447218,11.59055381508339,11.66037654876709,58469100,0.0,0.0
2014-05-14,11.62934259045747,11.65261732483217,11.489697883544004,11.512971878051758,52431900,0.0,0.0
2014-05-15,11.497458048840251,11.505216295426981,11.163861584149148,11.28799057006836,104193000,0.0,0.0
2014-05-16,11.256958961486816,11.280232962698758,11.14834572271916,11.256958961486816,80476100,0.0,0.0
2014-05-19,11.194894762458922,11.40436225866627,11.156104266163583,11.381088256835938,51034700,0.0,0.0
2014-05-20,11.365569107030094,11.396601348842859,11.23368189435909,11.272472381591797,60108200,0.0,0.0
2014-05-21,11.319022706622173,11.412119445157462,11.249199967753928,11.334538459777832,64808600,0.0,0.0
2014-05-22,11.311266767149121,11.419880020859866,11.287992762735126,11.412121772766113,51929400,0.0,0.0
2014-05-23,11.412118806230103,11.489699787266225,11.365570069635016,11.419877052307129,51648900,0.0,0.0
2014-05-27,11.637103494401737,11.87760395882757,11.621587001272987,11.807781219482422,125398900,0.0,0.0
2014-05-28,11.846570113418789,11.854327619068961,11.660375920341348,11.745715141296387,72481700,0.0,0.0
2014-05-29,11.730204042847904,11.800026804867347,11.71468828454767,11.753478050231934,39423000,0.0,0.0
2014-05-30,11.730198650262011,11.815537131350036,11.691408162543086,11.745715141296387,45787100,0.0,0.0
2014-06-02,11.761234688608434,11.854331445262257,11.67589617997591,11.838815689086914,46374000,0.0,0.0
2014-06-03,11.792266738378984,11.854331241749353,11.722443987120506,11.80002498626709,49025400,0.0,0.0
2014-06-04,11.784508490490877,11.838815485840382,11.753476238805693,11.80002498626709,39757300,0.0,0.0
2014-06-05,11.854329733735351,12.009490972422894,11.807781732062663,11.970701217651367,60300500,0.0,0.0
2014-06-06,11.9862163281419,12.141377558500068,11.970700575039636,12.094829559326172,73930500,0.0,0.0
2014-06-09,12.10258487373276,12.319810543607204,12.10258487373276,12.288778305053711,78647900,0.0,0.0
2014-06-10,12.242234000152322,12.366362999211493,12.203443502979532,12.350847244262695,49852900,0.0,0.0
2014-06-11,12.172409804571702,12.273264789271288,12.063797313254538,12.094829559326172,73729300,0.0,0.0
2014-06-12,12.079313822170677,12.149136565167504,11.931910829074052,11.962943077087402,66173200,0.0,0.0
2014-06-13,11.99397298810929,12.063795717501357,11.893118016750417,11.978456497192383,61588100,0.0,0.0
2014-06-16,11.869844647254128,11.877602893122402,11.776747916435973,11.854328155517578,55425400,0.0,0.0
2014-06-17,11.846571590753102,12.11810355891312,11.838813344268416,12.094829559326172,58011600,0.0,0.0
2014-06-18,12.12586264852886,12.172410650939318,11.978458914539049,12.141378402709961,70220300,0.0,0.0
2014-06-19,12.149138367825495,12.15689661594677,12.02500935735415,12.063799858093262,40953900,0.0,0.0
2014-06-20,12.133666171595808,12.133666171595808,11.986167576854914,11.99393081665039,54765300,0.01,0.0
2014-06-23,12.009454950725075,12.14918953803622,11.939587286897927,12.141427040100098,58492200,0.0,0.0
2014-06-24,12.079325345966616,12.188007745079423,11.986167946236613,12.024983406066895,73262500,0.0,0.0
2014-06-25,11.993929203344681,12.024981418006458,11.861957105946335,12.009455680847168,71766400,0.0,0.0
2014-06-26,11.986165294493793,12.05603295866256,11.854193944816643,11.962876319885254,68519600,0.0,0.0
2014-06-27,11.93958754662414,11.970639760073567,11.885246358173431,11.900772094726562,58149200,0.0,0.0
2014-06-30,11.885247682624339,11.993930071636942,11.869721203997823,11.931825637817383,47274500,0.0,0.0
2014-07-01,11.93958785579204,12.149190116917401,11.93958785579204,12.11037540435791,74193500,0.0,0.0
2014-07-02,12.2501090627189,12.444186312409542,12.234583326949528,12.304450988769531,87685800,0.0,0.0
2014-07-03,12.475240550079054,12.599449425147352,12.420899352322497,12.444189071655273,70582300,0.0,0.0
2014-07-07,12.413131660137275,12.420894897130308,12.288922829620857,12.374316215515137,62437100,0.0,0.0
2014-07-08,12.281164818895993,12.288928059192685,12.048273532741984,12.09485149383545,73343400,0.0,0.0
2014-07-09,12.125901141313069,12.180242331170906,12.06379671280606,12.11037540435791,46415800,0.0,0.0
2014-07-10,11.90077259487727,12.056033668649526,11.838668165368366,11.986166000366211,61458500,0.0,0.0
2014-07-11,11.947350831556967,11.978403045127214,11.877483165938122,11.939587593078613,56849400,0.0,0.0
2014-07-14,12.125900220156659,12.164715670110681,12.048270060591744,12.087084770202637,59181700,0.0,0.0
2014-07-15,12.226821612901494,12.304452522454032,12.156953942372857,12.27340030670166,99946700,0.0,0.0
2014-07-16,12.156951005091496,12.156951005091496,11.978400992741236,12.040505409240723,123711700,0.0,0.0
2014-07-17,11.993927923554828,12.017216896980354,11.74551023276757,11.799851417541504,114839900,0.0,0.0
2014-07-18,11.854196567362964,12.032746646101614,11.838670087293524,12.024983406066895,74859200,0.0,0.0
2014-07-21,11.970637429495172,12.07155728864339,11.924058748217908,12.04826831817627,61802200,0.0,0.0
2014-07-22,12.102609496047226,12.125898466514347,12.009452873835722,12.04826831817627,58331100,0.0,0.0
2014-07-23,12.04826831817627,12.13366170345106,12.040505081239555,12.04826831817627,47253300,0.0,0.0
2014-07-24,12.07932232069846,12.141426744735519,12.071559082608042,12.125900268554688,46549800,0.0,0.0
2014-07-25,12.10261344909668,12.133665666643031,12.071561231550328,12.10261344909668,35627200,0.0,0.0
2014-07-28,12.10261207428219,12.118137811120064,12.00169219363488,12.032744407653809,39313000,0.0,0.0
2014-07-29,12.048272260219157,12.05603475935264,11.908536911010742,11.908536911010742,51480500,0.0,0.0
2014-07-30,11.978405850758445,12.164719175818988,11.885249188228173,12.09485149383545,83243100,0.0,0.0
2014-07-31,11.986165700880342,12.071559844578827,11.838667869567871,11.838667869567871,70677300,0.0,0.0
2014-08-01,11.784326366033497,11.947350670160793,11.520382184080432,11.629064559936523,115978900,0.0,0.0
2014-08-04,11.69893065680851,11.737746103131,11.629063001496645,11.683404922485352,51954700,0.0,0.0
2014-08-05,11.652353615741838,11.799851434776429,11.566959479151652,11.644590377807617,65071500,0.0,0.0
2014-08-06,11.753273470690452,11.924060262935132,11.753273470690452,11.799851417541504,95977900,0.0,0.0
2014-08-07,11.986165861208649,11.986165861208649,11.714459170347473,11.737748146057129,80058300,0.0,0.0
2014-08-08,11.706694783496282,11.799851417541504,11.636827122876587,11.799851417541504,54495000,0.0,0.0
2014-08-11,11.84643135739314,11.854194596136916,11.76103721189799,11.81537914276123,41545100,0.0,0.0
2014-08-12,11.784327257287046,11.87748390378481,11.761037540405193,11.807616233825684,33674400,0.0,0.0
2014-08-13,11.838667869567871,11.869720083546454,11.79985241700885,11.838667869567871,34394600,0.0,0.0
2014-08-14,11.846433134376614,11.893011093139648,11.846433134376614,11.893011093139648,29934600,0.0,0.0
2014-08-15,11.908535786656959,11.962876977177002,11.75327471349741,11.81537914276123,61535500,0.0,0.0
2014-08-18,11.861958701500452,11.99393081665039,11.85419620204827,11.99393081665039,54968600,0.0,0.0
2014-08-19,12.04827275487544,12.149191910843467,11.986167576854914,11.99393081665039,44825500,0.0,0.0
2014-08-20,11.962874192558457,12.13366170345106,11.931821985154622,12.04826831817627,57825000,0.0,0.0
2014-08-21,12.180240949132203,12.591682926392417,12.125899765440224,12.54510498046875,177294400,0.0,0.0
2014-08-22,12.54510501335378,12.64602562392018,12.459710878364703,12.521815299987793,107641800,0.0,0.0
2014-08-25,12.630502039545323,12.731421192526552,12.576160843271849,12.646028518676758,89396500,0.0,0.0
2014-08-26,12.68484243982319,12.77799834739301,12.669315961666069,12.677079200744629,73323400,0.0,0.0
2014-08-27,12.708133501507042,12.723658500620166,12.529581945183317,12.57616138458252,63061800,0.0,0.0
2014-08-28,12.49852901674479,12.49852901674479,12.413134868436508,12.428661346435547,62170400,0.0,0.0
2014-08-29,12.459711664805251,12.529579328626957,12.43642343065555,12.490764617919922,50106600,0.0,0.0
2014-09-02,12.529579223691549,12.638263077996365,12.467474798668636,12.630499839782715,59400400,0.0,0.0
2014-09-03,12.669438732337548,12.677225904037801,12.490338238985174,12.537059783935547,67418900,0.05,0.0
2014-09-04,12.537057457125377,12.669436380958565,12.490335920846269,12.544844627380371,56378600,0.0,0.0
2014-09-05,12.498121989121113,12.51369633010871,12.381317402215954,12.474761962890625,80974900,0.0,0.0
2014-09-08,12.607141558149264,12.747307663955587,12.575992874525198,12.731733322143555,99411200,0.0,0.0
2014-09-09,12.653861308687016,12.661648478491685,12.53705673211852,12.568203926086426,82428900,0.0,0.0
2014-09-10,12.583777746423202,12.770665358270985,12.560416237973211,12.739518165588379,75656100,0.0,0.0
2014-09-11,12.708366155636135,12.9497624053246,12.692791820752925,12.903040885925293,106598100,0.0,0.0
2014-09-12,12.941982862345007,13.105509000438671,12.93419569120945,13.074361801147461,116306800,0.0,0.0
2014-09-15,13.08214481081308,13.183376529615316,12.941980214799617,13.035423278808594,87306900,0.0,0.0
2014-09-16,12.980912024935746,13.113290910628868,12.980912024935746,13.012059211730957,65017200,0.0,0.0
2014-09-17,13.012063369214976,13.183378149701936,12.988703342967414,13.058786392211914,82902700,0.0,0.0
2014-09-18,13.144443043217567,13.354692202883761,13.136657357527106,13.269036293029785,111923200,0.0,0.0
2014-09-19,13.354687771567637,13.370262108282704,13.144438681665722,13.198948860168457,88455000,0.0,0.0
2014-09-22,13.307967255977227,13.370263122311647,13.230097051746547,13.261245727539062,109276700,0.0,0.0
2014-09-23,13.276820182800293,13.393626245871019,13.261247328274882,13.276820182800293,91921900,0.0,0.0
2014-09-24,13.331330224252545,13.385838927614287,13.214524162476499,13.3780517578125,86396100,0.0,0.0
2014-09-25,13.362477679812146,13.378052019720629,13.121081352233887,13.121081352233887,104522500,0.0,0.0
2014-09-26,13.167801185412126,13.276818580184711,13.152226847515868,13.261245727539062,66785900,0.0,0.0
2014-09-29,13.167804861008108,13.276822286211278,13.144443347642705,13.245675086975098,68038300,0.0,0.0
2014-09-30,13.300181692464596,13.3235432021289,13.214524308946276,13.276820182800293,82217400,0.0,0.0
2014-10-01,13.292395911647416,13.307970253051156,13.082146758449777,13.097721099853516,91235900,0.0,0.0
2014-10-02,13.128866844597825,13.23009707056628,12.94976492903731,13.144439697265625,118018800,0.0,0.0
2014-10-03,13.32354562560676,13.471497424639908,13.284609769084042,13.463711738586426,110840600,0.0,0.0
2014-10-06,13.526007623771713,13.557154823738829,13.409201539454621,13.463711738586426,66212100,0.0,0.0
2014-10-07,13.378050310289971,13.393624648208384,13.144439697265625,13.144439697265625,91396300,0.0,0.0
2014-10-08,13.144439312973,13.331328392028809,13.01984758376951,13.331328392028809,101266800,0.0,0.0
2014-10-09,13.26903633032773,13.323545041820111,12.887472379379064,12.918621063232422,121363100,0.0,0.0
2014-10-10,12.8641097600364,13.05878453914621,12.739518020226177,12.832961082458496,129552700,0.0,0.0
2014-10-13,12.832966788411994,12.98092010219049,12.770670890808105,12.770670890808105,92674100,0.0,0.0
2014-10-14,12.85632187034845,12.949764927345493,12.739517306476843,12.86410903930664,97451900,0.0,0.0
2014-10-15,12.638287861704647,12.646075032059315,12.015329085840001,12.272299766540527,216591800,0.0,0.0
2014-10-16,12.155496430913312,12.653864275893712,12.085414114113833,12.521485328674316,148199400,0.0,0.0
2014-10-17,12.65386272536955,12.778454485691574,12.583779674532042,12.622714042663574,94339200,0.0,0.0
2014-10-20,12.61492721572494,12.716157454857251,12.583778535837578,12.661648750305176,76510700,0.0,0.0
2014-10-21,12.794031714177347,12.934197847482595,12.700587130223422,12.926410675048828,78287300,0.0,0.0
2014-10-22,12.9186242045866,13.004281620761207,12.747310857488744,12.770670890808105,85199800,0.0,0.0
2014-10-23,12.910836330181295,13.027640946185244,12.86411478082997,12.926410675048828,68436600,0.0,0.0
2014-10-24,12.949765783540622,13.019848823547363,12.89525708247998,13.019848823547363,41951400,0.0,0.0
2014-10-27,12.988704116651483,12.996491287614823,12.84853800981336,12.918621063232422,51500000,0.0,0.0
2014-10-28,12.941982972387828,13.082147598266602,12.934195801186057,13.082147598266602,71850800,0.0,0.0
2014-10-29,13.058785441599902,13.253460234163107,13.01206242200416,13.230098724365234,99875700,0.0,0.0
2014-10-30,13.20673554490216,13.331328762821613,13.113292488025834,13.261245727539062,72579100,0.0,0.0
2014-10-31,13.370263518055571,13.409197878698018,13.315754819055886,13.362476348876953,82788900,0.0,0.0
2014-11-03,13.37805043260492,13.510429335620536,13.315754565612316,13.44813346862793,64050700,0.0,0.0
2014-11-04,13.409199180127276,13.471495054351703,13.253460237191604,13.401412010192871,53515400,0.0,0.0
2014-11-05,13.487066387785037,13.526002228777768,13.401409022851494,13.502640724182129,58608200,0.0,0.0
2014-11-06,13.50264179548491,13.549363323132619,13.455920267837204,13.518216133117676,57339200,0.0,0.0
2014-11-07,13.479280289035765,13.533788985499855,13.409197254938912,13.518216133117676,53907800,0.0,0.0
2014-11-10,13.51821952783649,13.54936672567317,13.47149650320503,13.526006698608398,54261100,0.0,0.0
2014-11-11,13.526005935280406,13.59608749777069,13.47149574295327,13.487070083618164,62236000,0.0,0.0
2014-11-12,13.424775882063708,13.471497424639908,13.292396940388587,13.463711738586426,48669100,0.0,0.0
2014-11-13,13.463708948823287,13.47149463326353,13.33133003457789,13.409198760986328,50586300,0.0,0.0
2014-11-14,13.37026626697765,13.432562147963965,13.315757556770993,13.346904754638672,41144600,0.0,0.0
2014-11-17,13.284606631252808,13.346902501723779,13.214523591316627,13.307968139648438,43393300,0.0,0.0
2014-11-18,13.292396044432016,13.409200635624988,13.284608873652354,13.346904754638672,39490700,0.0,0.0
2014-11-19,13.354689975124932,13.354689975124932,13.245672570632312,13.28460693359375,49441600,0.0,0.0
2014-11-20,13.206737747844754,13.245673599080073,13.105507505134645,13.237886428833008,49652100,0.0,0.0
2014-11-21,13.354688412972857,13.385837087899015,13.284605379639572,13.331328392028809,63000000,0.0,0.0
2014-11-24,13.362477418208924,13.455921970579606,13.300181545045394,13.3780517578125,52785700,0.0,0.0
2014-11-25,13.416985119805341,13.440346627466443,13.30018055200116,13.315754890441895,44786300,0.0,0.0
2014-11-26,13.33132976444287,13.354689787791752,13.26903389342798,13.323542594909668,27310300,0.0,0.0
2014-11-28,13.292396320603148,13.354692202883761,13.261249122088335,13.269036293029785,27834900,0.0,0.0
2014-12-01,13.175592055407677,13.191166397678794,13.027638774334106,13.074361801147461,61173100,0.0,0.0
2014-12-02,13.136656671462388,13.354691505432129,13.128869500927625,13.354691505432129,62945200,0.0,0.0
2014-12-03,13.354693517068604,13.510887865641497,13.323453753597681,13.503079414367676,70104200,0.05,0.0
2014-12-04,13.464027352680672,13.542125258090307,13.37811950777071,13.440597534179688,49412800,0.0,0.0
2014-12-05,13.596793344107201,13.831085570727089,13.549935196701954,13.807657241821289,131824000,0.0,0.0
2014-12-08,13.792036056518555,13.956041791293705,13.674889954304023,13.792036056518555,101035100,0.0,0.0
2014-12-09,13.417170342230113,13.737370440908768,13.409360402067977,13.713940620422363,95939400,0.0,0.0
2014-12-10,13.651464085753007,13.807659926936756,13.56555771373649,13.573366165161133,103611100,0.0,0.0
2014-12-11,13.620224584602797,13.784228862440573,13.620224584602797,13.64365291595459,80173200,0.0,0.0
2014-12-12,13.643651452549829,13.643651452549829,13.378119468688965,13.378119468688965,88886700,0.0,0.0
2014-12-15,13.510886023551842,13.518695963354757,13.089159701350383,13.15944766998291,101305300,0.0,0.0
2014-12-16,13.073538426522845,13.424978232179459,12.95639232116849,13.057918548583984,96112000,0.0,0.0
2014-12-17,13.175069298974883,13.487459484602125,13.136019594775286,13.479649543762207,92164100,0.0,0.0
2014-12-18,13.64365016370409,13.690509796142578,13.542123939274372,13.690509796142578,79334000,0.0,0.0
2014-12-19,13.659275468293968,13.82328126780454,13.659275468293968,13.76080322265625,105588200,0.0,0.0
2014-12-22,13.784228959798407,13.84670699316748,13.706131045688613,13.831087112426758,70969300,0.0,0.0
2014-12-23,13.924805069598957,14.049761137793718,13.88575685688578,14.00290298461914,94405200,0.0,0.0
2014-12-24,14.034141239052907,14.135668975328395,13.995093026389307,14.041951179504395,35091300,0.0,0.0
2014-12-26,14.073190941310337,14.096619273070965,14.018522847743766,14.041951179504395,34362500,0.0,0.0
2014-12-29,14.034136935657491,14.205952593717363,13.987278796910877,14.143474578857422,58370900,0.0,0.0
2014-12-30,14.088807389063165,14.198143549553354,14.065377573418068,14.159093856811523,41433500,0.0,0.0
2014-12-31,14.205956254660743,14.221574645205633,13.971662521362305,13.971662521362305,57819600,0.0,0.0
2015-01-02,14.049756295978296,14.080996047058084,13.807654183483205,13.97946834564209,48951100,0.0,0.0
2015-01-05,13.893567788547212,13.909186180990437,13.503079675181779,13.573366165161133,105605500,0.0,0.0
2015-01-06,13.604601530074817,13.620221407061162,13.104777383259401,13.167255401611328,144912400,0.0,0.0
2015-01-07,13.38592487394061,13.417164621268794,13.175062537847918,13.229730606079102,104603800,0.0,0.0
2015-01-08,13.401551672681082,13.542127629112422,13.354693517068604,13.503079414367676,73388500,0.0,0.0
2015-01-09,13.573360170467677,13.573360170467677,13.237541792546967,13.260970115661621,84144600,0.0,0.0
2015-01-12,13.292207087789956,13.300017023726946,13.01105535243022,13.0266752243042,92762500,0.0,0.0
2015-01-13,13.136014737771609,13.190682813843775,12.74552677772088,12.847054481506348,100845400,0.0,0.0
2015-01-14,12.495619519643073,12.667433751784353,12.315995346550746,12.526859283447266,164779800,0.0,0.0
2015-01-15,12.175414262596945,12.30818022368055,11.831784453393505,11.870833396911621,193241300,0.0,0.0
2015-01-16,11.83959672834985,12.027030800482798,11.691211607443798,12.011411666870117,149802000,0.0,0.0
2015-01-20,12.175420012713468,12.206659033321964,11.870839003182898,11.91769790649414,123402800,0.0,0.0
2015-01-21,11.933312664216091,12.159795666695175,11.831785698305229,12.034839630126953,101054200,0.0,0.0
2015-01-22,12.144177585013392,12.644002519318667,12.050460549480551,12.56590461730957,183042100,0.0,0.0
2015-01-23,12.526854547587375,12.644000638377392,12.284750938415527,12.284750938415527,103376900,0.0,0.0
2015-01-26,12.276942501320491,12.440947485405188,12.261322624361602,12.378469467163086,69969300,0.0,0.0
2015-01-27,12.14418032555449,12.331614438917871,12.089511483892451,12.206658363342285,86184200,0.0,0.0
2015-01-28,12.276941217825387,12.284750410691691,11.855214266382363,11.870833396911621,105359800,0.0,0.0
2015-01-29,11.956743777828548,12.097318961831853,11.870835934763228,12.050460815429688,76095800,0.0,0.0
2015-01-30,11.894268011240944,12.081702878566928,11.83178997039795,11.83178997039795,99844600,0.0,0.0
2015-02-02,11.925501785083737,12.097315938683995,11.808354958759976,12.07388687133789,101586700,0.0,0.0
2015-02-03,12.198848847955718,12.440951811426489,12.191038906760568,12.409712791442871,105159400,0.0,0.0
2015-02-04,12.331610679626465,12.495615665021745,12.30037167025578,12.331610679626465,83848100,0.0,0.0
2015-02-05,12.48000005334774,12.565907917076231,12.417522013252649,12.472190856933594,92264700,0.0,0.0
2015-02-06,12.72990813481108,13.081347928733866,12.667430114735195,12.878293991088867,160832300,0.0,0.0
2015-02-09,12.768959999084473,12.886106120442472,12.690862088314557,12.768959999084473,95532900,0.0,0.0
2015-02-10,12.932965571588795,12.97982521651914,12.768961283114294,12.823629379272461,100322800,0.0,0.0
2015-02-11,12.75333791465353,12.847055689297477,12.659620140009585,12.77676773071289,99924400,0.0,0.0
2015-02-12,12.815816409112477,13.065728497959082,12.784578142803426,13.01887035369873,116394100,0.0,0.0
2015-02-13,13.065728810599598,13.112588445574767,12.91734443529231,12.972012519836426,93632700,0.0,0.0
2015-02-17,12.901726387674405,13.026682452818493,12.784580262801047,12.987632751464844,93350600,0.0,0.0
2015-02-18,12.925152954510835,12.932962893715448,12.683050797542178,12.72990894317627,84057400,0.0,0.0
2015-02-19,12.659622192382812,12.792388192389506,12.55809595218651,12.659622192382812,83604300,0.0,0.0
2015-02-20,12.60495481533191,12.831438617987535,12.50342856939258,12.792388916015625,89763600,0.0,0.0
2015-02-23,12.745528844844966,12.745528844844966,12.573714650810695,12.651812553405762,87623700,0.0,0.0
2015-02-24,12.70648255086506,12.925154923532483,12.690862670076294,12.792388916015625,74109600,0.0,0.0
2015-02-25,12.784577705771788,12.886103929797539,12.745528012228425,12.878293991088867,57201000,0.0,0.0
2015-02-26,12.823629591617461,12.839249473519557,12.417521599726518,12.526859283447266,161100700,0.0,0.0
2015-02-27,12.323802998685837,12.401900908817696,12.198846938312357,12.347232818603516,130448200,0.0,0.0
2015-03-02,12.3316125554208,12.519047384952854,12.276944466905578,12.503427505493164,71402400,0.0,0.0
2015-03-03,12.519049342496217,12.612765654720942,12.464380500635844,12.526859283447266,65689800,0.0,0.0
2015-03-04,12.503352847715655,12.519020821137389,12.34666937786974,12.409342765808105,78441600,0.05,0.0
2015-03-05,12.47201651351304,12.55819298475842,12.338835373520851,12.534689903259277,69510000,0.0,0.0
2015-03-06,12.534689346163919,13.020409215798392,12.534689346163919,12.707040786743164,163207200,0.0,0.0
2015-03-09,12.777550499383942,12.793219222097253,12.628702116362406,12.667872428894043,72912700,0.0,0.0
2015-03-10,12.566025846770312,12.636532094356976,12.370170593261719,12.370170593261719,85633600,0.0,0.0
2015-03-11,12.47201785221834,12.660038041638519,12.432846792641014,12.620867729187012,85910100,0.0,0.0
2015-03-12,12.573857609956097,12.699204363514138,12.45634521527683,12.605195045471191,126376300,0.0,0.0
2015-03-13,12.597360686592419,12.652199704492665,12.48768190366634,12.605195045471191,88581900,0.0,0.0
2015-03-16,12.620867462758053,12.707042447182523,12.417178554956527,12.636534690856934,63406500,0.0,0.0
2015-03-17,12.589526327713644,12.628698122107513,12.503350621423888,12.605195045471191,67315000,0.0,0.0
2015-03-18,12.542524115461976,12.613031864874277,12.464182005642591,12.519021034240723,86387600,0.0,0.0
2015-03-19,12.503350207799354,12.511184566418958,12.229153633117676,12.229153633117676,109169200,0.0,0.0
2015-03-20,12.299663963353105,12.479850514020198,12.25265929596219,12.409342765808105,99867700,0.0,0.0
2015-03-23,12.393671852872943,12.440677259074521,12.315330505371094,12.315330505371094,73773500,0.0,0.0
2015-03-24,12.32316369517625,12.378003458387921,12.229153633117676,12.229153633117676,77011000,0.0,0.0
2015-03-25,12.24482379296124,12.260491764920786,12.064637259109746,12.072471618652344,88541500,0.0,0.0
2015-03-26,12.056808480608307,12.174320932358738,11.954964007099159,12.080310821533203,76741500,0.0,0.0
2015-03-27,12.127310509734706,12.135144869192375,11.96279344387748,11.99413013458252,73140800,0.0,0.0
2015-03-30,12.080309229667881,12.229158365412442,12.064640506365375,12.158651351928711,70835300,0.0,0.0
2015-03-31,12.142978456813704,12.158647174733105,12.048968390674089,12.056802749633789,61381700,0.0,0.0
2015-04-01,12.080305978194941,12.11164266923968,11.947124854473381,12.072471618652344,73153900,0.0,0.0
2015-04-02,12.088145424764809,12.236994583085773,12.088145424764809,12.174321174621582,50443500,0.0,0.0
2015-04-06,12.056803980658247,12.22132179998158,12.017632928985897,12.150814056396484,51189500,0.0,0.0
2015-04-07,12.166484734810329,12.26049483145791,12.103811337045272,12.111645698547363,50057800,0.0,0.0
2015-04-08,12.15081228829831,12.330998053795854,12.142977929678706,12.229153633117676,71732500,0.0,0.0
2015-04-09,12.244827438484826,12.346671901482726,12.166485313986175,12.307500839233398,44935600,0.0,0.0
2015-04-10,12.291827428707512,12.370169523334948,12.221320440093523,12.315330505371094,43817700,0.0,0.0
2015-04-13,12.362336308545181,12.425009691197133,12.330999617219204,12.378005027770996,49191200,0.0,0.0
2015-04-14,12.440678353451768,12.49551737623968,12.30749722914485,12.393672943115234,84385400,0.0,0.0
2015-04-15,12.29966350965118,12.417176668045157,12.213487791196147,12.25265884399414,124479100,0.0,0.0
2015-04-16,12.252658188282211,12.487682998241224,12.20565277801502,12.370170593261719,105591000,0.0,0.0
2015-04-17,12.307499610507376,12.338836307753146,12.142981763185636,12.189987182617188,88994300,0.0,0.0
2015-04-20,12.236987894415817,12.29182691006579,12.18998323732314,12.197816848754883,53649400,0.0,0.0
2015-04-21,12.22132460423088,12.252661303334001,12.088143446261153,12.142982482910156,64033100,0.0,0.0
2015-04-22,12.182152164628683,12.401509033520737,12.135146747731794,12.331001281738281,73092800,0.0,0.0
2015-04-23,12.315335055562196,12.378008455570075,12.283998355558255,12.291831970214844,50292200,0.0,0.0
2015-04-24,12.307497869635917,12.338834562449172,12.22915576403993,12.25265884399414,40766100,0.0,0.0
2015-04-27,12.244826216015836,12.346670668846038,12.189987182617188,12.189987182617188,73523400,0.0,0.0
2015-04-28,12.205658046821341,12.307502523758671,12.142984637494672,12.260497093200684,58080100,0.0,0.0
2015-04-29,12.221322810028811,12.56602719668323,12.197819728807557,12.519021034240723,134499400,0.0,0.0
2015-04-30,12.534693629288062,12.573863949178818,12.378010108347153,12.479854583740234,78313900,0.0,0.0
2015-05-01,12.534691248691733,12.65220368029789,12.47201785221834,12.620867729187012,78171400,0.0,0.0
2015-05-04,12.644369130954846,12.887229846148461,12.628701902758174,12.879395484924316,76592300,0.0,0.0
2015-05-05,12.86372651495163,13.012576386842957,12.793218759542663,12.808887481689453,106148700,0.0,0.0
2015-05-06,12.816719899581656,12.91856358959179,12.597362305538823,12.761880874633789,96426500,0.0,0.0
2015-05-07,12.714878154779816,12.793220280576566,12.605200075215425,12.722712516784668,73794800,0.0,0.0
2015-05-08,12.785380932641706,12.895058969434823,12.707038837396114,12.887226104736328,86333700,0.0,0.0
2015-05-11,12.887226945507216,12.9969049894558,12.871558226585625,12.918562889099121,56246000,0.0,0.0
2015-05-12,12.895062639702047,12.910731362061124,12.80888765523034,12.871561050415039,59627100,0.0,0.0
2015-05-13,12.879393388160123,12.942066773498437,12.81672000282181,12.902894973754883,47330600,0.0,0.0
2015-05-14,12.949902460727268,12.99690713098583,12.887229068965341,12.942068099975586,55395700,0.0,0.0
2015-05-15,12.94206863143399,12.94206863143399,12.769715676322479,12.808887481689453,54937800,0.0,0.0
2015-05-18,12.777546613464468,12.957733881365549,12.777546613464468,12.93423080444336,51059900,0.0,0.0
2015-05-19,12.996908672582512,13.145758556016874,12.989074310901577,13.137924194335938,89115500,0.0,0.0
2015-05-20,13.145754513197126,13.200593533846883,13.028240618374795,13.11441707611084,67684000,0.0,0.0
2015-05-21,13.090918685819432,13.122256134126857,12.973406243170144,13.106587409973145,52056600,0.0,0.0
2015-05-22,13.098748432670646,13.16142181295132,13.083081208288917,13.122251510620117,47032900,0.0,0.0
2015-05-26,13.106583109498995,13.106583109498995,12.871558301315721,12.926397323608398,100048200,0.0,0.0
2015-05-27,12.973401597725038,13.122251435382411,12.957734373433139,13.11441707611084,70026700,0.0,0.0
2015-05-28,13.098746330591071,13.106580688650308,12.989068306263775,13.059576034545898,60970000,0.0,0.0
2015-05-29,13.051744087206316,13.059578446712598,12.902894245089556,12.926397323608398,74266200,0.0,0.0
2015-06-01,12.989074488868246,13.036079165346177,12.902898003448936,12.965571403503418,62941600,0.0,0.0
2015-06-02,12.942065506214519,13.130085643818573,12.926396787851374,13.098748207092285,65513200,0.0,0.0
2015-06-03,13.098753974914722,13.373773103110041,13.098753974914722,13.303053855895996,89614900,0.05,0.0
2015-06-04,13.25590466081666,13.342338107602819,13.138038281023512,13.185185432434082,61025500,0.0,0.0
2015-06-05,13.389484143045987,13.63307174343197,13.334479137651467,13.507349014282227,119087400,0.0,0.0
2015-06-08,13.57020999495572,13.617355642369835,13.39734012321545,13.420913696289062,69749600,0.0,0.0
2015-06-09,13.397345582641233,13.633076913238675,13.35805777690852,13.601645469665527,82104900,0.0,0.0
2015-06-10,13.664503004705121,13.845230756818273,13.640930927406279,13.821657180786133,102643100,0.0,0.0
2015-06-11,13.845232725103521,13.892378385136892,13.703794246269897,13.743082046508789,77191500,0.0,0.0
2015-06-12,13.711652106064378,13.813801285925601,13.640932866647566,13.743082046508789,53149400,0.0,0.0
2015-06-15,13.617358460795291,13.75093907172712,13.55449708498816,13.727365493774414,68053400,0.0,0.0
2015-06-16,13.71950770087328,13.79808479569594,13.648789964139654,13.790226936340332,47291200,0.0,0.0
2015-06-17,13.821653945362298,13.829511802200283,13.5937805932596,13.648785591125488,88712100,0.0,0.0
2015-06-18,13.633074648485325,13.672362447691471,13.53092397257579,13.656646728515625,97599900,0.0,0.0
2015-06-19,13.578072193421969,13.664505658190917,13.452349427636602,13.491637229919434,83395400,0.0,0.0
2015-06-22,13.640932038747996,13.774512649679826,13.633074179430428,13.727365493774414,58477700,0.0,0.0
2015-06-23,13.798088414873849,13.923811200073269,13.798088414873849,13.884523391723633,63865700,0.0,0.0
2015-06-24,13.77451348568671,13.900236244931373,13.711652106064378,13.743082046508789,59079500,0.0,0.0
2015-06-25,13.80593823168633,13.845227515876251,13.63306987744952,13.648785591125488,59772200,0.0,0.0
2015-06-26,13.735224123517648,13.766655562550952,13.63307494412642,13.680220603942871,63080800,0.0,0.0
2015-06-29,13.460204886458758,13.554497703841259,13.248048670131737,13.271620750427246,98604200,0.0,0.0
2015-06-30,13.42091637061477,13.460204168166383,13.240190103903894,13.373770713806152,89039800,0.0,0.0
2015-07-01,13.55449742192248,13.601643080266408,13.428774667183035,13.530923843383789,62317400,0.0,0.0
2015-07-02,13.483776244323156,13.523064037499504,13.271618564211101,13.381627082824707,64736500,0.0,0.0
2015-07-06,13.185182742562997,13.365908956567585,13.13017774380541,13.310905456542969,58726900,0.0,0.0
2015-07-07,13.279482035108439,13.303055620217465,12.839452270877064,13.114471435546875,115450500,0.0,0.0
2015-07-08,12.902308857932356,12.965170229398288,12.745154679900867,12.768728256225586,83033000,0.0,0.0
2015-07-09,12.988744557378661,13.138039386541585,12.925883182274957,12.949455261230469,81534400,0.0,0.0
2015-07-10,13.200903415189677,13.232334858426338,13.090896361328769,13.12232780456543,72965300,0.0,0.0
2015-07-13,13.33448141752113,13.397342792843757,13.279477901455508,13.373770713806152,67934300,0.0,0.0
2015-07-14,13.30304955094156,13.475917933338058,13.24804604284873,13.46020221710205,69999800,0.0,0.0
2015-07-15,13.774510121705129,14.02595557878698,13.743078690203326,13.892374992370605,173099900,0.0,0.0
2015-07-16,14.073104617445079,14.19882737627197,14.033816817336739,14.104536056518555,117054300,0.0,0.0
2015-07-17,14.112388344313883,14.269542496855061,14.057384840544394,14.222396850585938,96894900,0.0,0.0
2015-07-20,14.261685478475258,14.324546843443715,14.206681971469505,14.238113403320312,71980100,0.0,0.0
2015-07-21,14.230253868962585,14.277399512451643,14.159534654362503,14.206680297851562,63732800,0.0,0.0
2015-07-22,14.167398620451662,14.520993347190874,14.167398620451662,14.497421264648438,110327000,0.0,0.0
2015-07-23,14.45027169947031,14.481703135945672,14.206684061719782,14.285261154174805,103650100,0.0,0.0
2015-07-24,14.285263125189694,14.324550927471266,14.018101873220964,14.065247535705566,86364300,0.0,0.0
2015-07-27,13.876665530306942,13.970958368573417,13.75094274510752,13.884523391723633,93231900,0.0,0.0
2015-07-28,13.978813242800571,14.057388842708704,13.82951690525482,14.049530982971191,82166800,0.0,0.0
2015-07-29,14.104535008441092,14.30097699185262,14.080961430887687,14.269545555114746,96388600,0.0,0.0
2015-07-30,14.300977650185203,14.37169688736752,14.183111255725697,14.245972633361816,65667900,0.0,0.0
2015-07-31,14.16739738030039,14.19096946077943,14.033816762229664,14.049530982971191,67176900,0.0,0.0
2015-08-03,14.073106533946408,14.120252200243499,13.860948787508933,13.963099479675293,62376800,0.0,0.0
2015-08-04,13.978811273159604,14.088818296517593,13.915948404116996,13.98666763305664,69741500,0.0,0.0
2015-08-05,14.088818359864652,14.183109666385946,13.986667695944405,14.041672706604004,65228600,0.0,0.0
2015-08-06,14.073100122252178,14.128103624328181,13.963093118100176,13.994523048400879,47594700,0.0,0.0
2015-08-07,14.080959704535596,14.198824580385379,13.829514236393868,13.947379112243652,71020700,0.0,0.0
2015-08-10,14.0416742076481,14.183111182549546,14.033816348142444,14.175254821777344,65791200,0.0,0.0
2015-08-11,14.025955003274534,14.1202462964447,13.923804353818259,13.978809356689453,65868600,0.0,0.0
2015-08-12,13.845231104601714,13.868803182492673,13.373770063249179,13.766654014587402,141600100,0.0,0.0
2015-08-13,13.798085803983106,13.900236484337196,13.703794482292372,13.845232963562012,67456200,0.0,0.0
2015-08-14,13.805939938640005,13.908090591430664,13.782367863944568,13.908090591430664,52710300,0.0,0.0
2015-08-17,13.837376703727243,13.99452942429545,13.798087399534909,13.963099479675293,42310000,0.0,0.0
2015-08-18,13.923801523174436,14.065239932909,13.86879803021828,13.900229454040527,50360700,0.0,0.0
2015-08-19,13.790223574611664,13.900232080039302,13.703790140237238,13.719504356384277,78540500,0.0,0.0
2015-08-20,13.507348543296676,13.515206400936185,13.138036727905272,13.138036727905273,149185400,0.0,0.0
2015-08-21,12.729442657382762,13.090895230992443,12.65086555480957,12.65086555480957,148874300,0.0,0.0
2015-08-24,11.802232132244672,12.556568463561643,11.472209612610232,12.014389038085938,214649500,0.0,0.0
2015-08-25,12.729444299899788,12.729444299899788,11.982963977234308,11.990821838378906,194377000,0.0,0.0
2015-08-26,12.422994034045553,12.61943531036377,12.053682815934891,12.61943531036377,174208500,0.0,0.0
2015-08-27,12.870877862524603,12.925882875828012,12.643005945201088,12.918025016784668,124185400,0.0,0.0
2015-08-28,12.886594467496156,12.918025905832717,12.729441772013764,12.855164527893066,75899300,0.0,0.0
2015-08-31,12.831587256812725,12.870875044694776,12.713722394433532,12.839445114135742,66695200,0.0,0.0
2015-09-01,12.5329988026764,12.611575148997117,12.147972682414734,12.242264747619629,119064000,0.0,0.0
2015-09-02,12.470867856949726,12.502399731044221,12.273793455914342,12.49451732635498,74820400,0.05,0.0
2015-09-03,12.589115401136455,12.762541118330997,12.510285324653665,12.565465927124023,77175800,0.0,0.0
2015-09-04,12.447224547256088,12.502405162950922,12.21861817280384,12.336862564086914,104539500,0.0,0.0
2015-09-08,12.581233142776831,12.738892555236816,12.533934943149147,12.738892555236816,73960200,0.0,0.0
2015-09-09,12.904436499615908,12.975381923026237,12.478754937800948,12.533935546875,70466100,0.0,0.0
2015-09-10,12.510282385843569,12.699474374603012,12.462984952488071,12.644293785095215,71110200,0.0,0.0
2015-09-11,12.604878004333717,12.660058593841516,12.533931102521318,12.644293785095215,54287700,0.0,0.0
2015-09-14,12.589116183090962,12.667945512690796,12.53393482541377,12.581233024597168,50640900,0.0,0.0
2015-09-15,12.644295586823683,12.920198573677027,12.620646114996891,12.857134819030762,62327100,0.0,0.0
2015-09-16,12.888666322329305,12.920197445118992,12.68370876174202,12.872900009155273,83776400,0.0,0.0
2015-09-17,12.841372317065275,12.991147821557455,12.439339493291483,12.502403259277344,119088200,0.0,0.0
2015-09-18,12.36051153011788,12.384160257035854,12.21861766505108,12.265915870666504,136531200,0.0,0.0
2015-09-21,12.352625387679362,12.415689145418508,12.27379531461578,12.376274108886719,79096200,0.0,0.0
2015-09-22,12.210729473540507,12.28167637683725,12.179197600050749,12.27379322052002,92235200,0.0,0.0
2015-09-23,12.297442724597447,12.494517122416129,12.281676411917953,12.392038345336914,78117500,0.0,0.0
2015-09-24,12.250147733022882,12.313211496628764,12.139785770822906,12.258030891418457,99520100,0.0,0.0
2015-09-25,12.518169316446375,12.628531280517214,12.462988710300642,12.526052474975586,88655000,0.0,0.0
2015-09-28,12.447221353858806,12.470870075692321,12.124019398943288,12.194966316223145,91324300,0.0,0.0
2015-09-29,12.218617654393654,12.242266381291003,12.021543176096984,12.100373268127441,79829400,0.0,0.0
2015-09-30,12.258030430923425,12.297445469641245,12.076721553533183,12.281679153442383,71347100,0.0,0.0
2015-10-01,12.234382168011091,12.328977813419916,12.108253889019963,12.258030891418457,71516800,0.0,0.0
2015-10-02,11.887530144763074,12.124019622802734,11.532796303593248,12.124019622802734,181838400,0.0,0.0
2015-10-05,12.17920164063116,12.447223030102636,12.171318481698608,12.368392944335938,75315300,0.0,0.0
2015-10-06,12.3605105371828,12.470871755120879,12.273797292483549,12.368392944335938,67473700,0.0,0.0
2015-10-07,12.439336279224667,12.557581373730615,12.273793748339697,12.415687561035156,66655600,0.0,0.0
2015-10-08,12.392038842845645,12.439336279224667,12.226496311960675,12.415687561035156,79056900,0.0,0.0
2015-10-09,12.415689834015371,12.470870437152719,12.218615392205603,12.281679153442383,76667100,0.0,0.0
2015-10-12,12.297447353968836,12.313212920804109,12.163436652861499,12.234383583068848,50725800,0.0,0.0
2015-10-13,12.179202219696771,12.289564194661475,12.139787174939416,12.234383583068848,73689800,0.0,0.0
2015-10-14,12.431454463540728,12.54969881187171,12.258028767779951,12.328975677490234,122272400,0.0,0.0
2015-10-15,12.462983861022282,12.833483898162587,12.392036965423173,12.762537002563477,127028800,0.0,0.0
2015-10-16,12.841372871437946,12.841372871437946,12.636415247246015,12.707362174987793,66989500,0.0,0.0
2015-10-19,12.612765197102153,12.778307018605904,12.596998879751668,12.723126411437988,62953500,0.0,0.0
2015-10-20,12.73889316073861,12.841372723432858,12.691595710642176,12.770425796508789,50797800,0.0,0.0
2015-10-21,12.81772325475164,12.841372731594301,12.533935546875,12.533935546875,64440400,0.0,0.0
2015-10-22,12.612765025268828,12.770425189508192,12.612765025268828,12.738892555236816,74116600,0.0,0.0
2015-10-23,12.841373086143921,13.046329210203844,12.809840449483088,13.02268123626709,82285800,0.0,0.0
2015-10-26,13.022677506577885,13.04632547374187,12.880783689360213,13.01479434967041,67702800,0.0,0.0
2015-10-27,12.928084373474121,12.983264982123796,12.849254288163662,12.928084373474121,56159300,0.0,0.0
2015-10-28,12.967497207546089,13.645432177908424,12.967497207546089,13.621784210205078,147720100,0.0,0.0
2015-10-29,13.52718930722278,13.7479132191159,13.377412313311067,13.47200870513916,95542300,0.0,0.0
2015-10-30,13.54295512586532,13.54295512586532,13.211870021961376,13.227636337280273,87645800,0.0,0.0
