date,open,high,low,close,volume,dividends,stock_splits
2004-07-13,6.14350806342231,6.187390431272636,5.919708740673539,5.924097061157227,14964100,0.0,0.0
2004-07-14,5.924098485041469,5.946039674240297,5.665193373180716,5.897768974304199,2801000,0.0,0.0
2004-07-15,5.902157669880148,6.077686776101211,5.8582757071949345,6.073298454284668,1276200,0.0,0.0
2004-07-16,6.086462034227385,6.099626579092034,5.928486240371592,6.068909168243408,1488200,0.0,0.0
2004-07-19,6.0557457173235445,6.0557457173235445,5.8582758347083725,5.932875633239746,966200,0.0,0.0
2004-07-20,5.932875945810804,6.11279296875,5.8846052392218455,6.11279296875,719300,0.0,0.0
2004-07-21,6.117180516244103,6.117180516244103,5.924098956610203,5.967981338500977,472300,0.0,0.0
2004-07-22,5.967981338500977,5.9899221109529535,5.849499158491936,5.967981338500977,218500,0.0,0.0
2004-07-23,5.880218004584813,5.976759017123897,5.880218004584813,5.950429916381836,268500,0.0,0.0
2004-07-26,5.924099064943993,5.924099064943993,5.72662917981121,5.792452335357666,236200,0.0,0.0
2004-07-27,5.792453008988577,5.792453008988577,5.4413951620967165,5.594983100891113,2668000,0.0,0.0
2004-07-28,5.638863948229365,5.757345693322911,5.634475626949846,5.717851638793945,1028100,0.0,0.0
2004-07-29,5.748568808107574,6.046967506408691,5.748568808107574,6.046967506408691,1015700,0.0,0.0
2004-07-30,6.020640265934891,6.09962797164917,5.946040463848373,6.09962797164917,623000,0.0,0.0
2004-08-02,6.0557451327192755,6.0557451327192755,5.946039606468902,6.011862754821777,329400,0.0,0.0
2004-08-03,6.011860792864901,6.178613188565414,6.011860792864901,6.117177963256836,1557100,0.0,0.0
2004-08-04,6.161063225865547,6.161063225865547,6.09085174590022,6.09962797164917,156300,0.0,0.0
2004-08-05,6.117179932804395,6.143509443126304,6.082074198037429,6.095239162445068,188100,0.0,0.0
2004-08-06,6.064521349288919,6.143509462003991,6.011862746976661,6.0557451248168945,276300,0.0,0.0
2004-08-09,6.0557451327192755,6.0557451327192755,5.924098417520153,6.011862754821777,212100,0.0,0.0
2004-08-10,6.011864631063812,6.077688218452933,5.989923435267438,6.051358699798584,272400,0.0,0.0
2004-08-11,6.0557451327192755,6.090850867639925,5.967980795417651,6.011862754821777,166800,0.0,0.0
2004-08-12,5.989921128933621,6.033803503630085,5.9592037177421,5.981144905090332,284700,0.0,0.0
2004-08-13,6.00308661410373,6.011862838709668,5.85827535091205,5.880216121673584,104900,0.0,0.0
2004-08-16,5.880217513725036,5.946041097072492,5.880217513725036,5.915323257446289,86400,0.0,0.0
2004-08-17,5.880215167303014,5.989920677278767,5.814392028714886,5.902156352996826,161100,0.0,0.0
2004-08-18,5.9328765002056025,5.9855351153650425,5.858276690773026,5.972370147705078,43000,0.0,0.0
2004-08-19,5.967981434652686,5.967981434652686,5.594982438051862,5.836334705352783,124100,0.0,0.0
2004-08-20,5.8143934044193575,5.985534191131592,5.748570250257256,5.985534191131592,112300,0.0,0.0
2004-08-23,6.011863686442259,6.104016359512625,5.967981720238022,6.0776872634887695,442900,0.0,0.0
2004-08-24,6.033803935896778,6.0557451248168945,5.902157220869446,6.0557451248168945,607400,0.0,0.0
2004-08-25,6.0557451248168945,6.095239181174431,5.928486731272261,6.0557451248168945,307300,0.0,0.0
2004-08-26,6.099627092123402,6.099627092123402,6.011862754821777,6.011862754821777,104300,0.0,0.0
2004-08-27,6.0338043158789425,6.178615585980565,6.0338043158789425,6.161062717437744,880600,0.0,0.0
2004-08-30,6.143509885969941,6.209333038779402,6.099627505101368,6.152286529541016,265000,0.0,0.0
2004-08-31,6.1215695246885025,6.25321626663208,6.1215695246885025,6.25321626663208,401800,0.0,0.0
2004-09-01,6.253215705689635,6.402415305275563,6.253215705689635,6.340980052947998,421400,0.0,0.0
2004-09-02,6.362921323137066,6.362921323137066,6.209333399663974,6.2751569747924805,273800,0.0,0.0
2004-09-03,6.165451533705988,6.231274691397662,6.03380479982921,6.143510341644287,310100,0.0,0.0
2004-09-07,6.143510383739434,6.165451575951476,5.989922456748575,6.086463451385498,329000,0.0,0.0
2004-09-08,6.042582472576136,6.086464445675381,6.011864631063812,6.051358699798584,178000,0.0,0.0
2004-09-09,6.007473456421982,6.121567285607296,6.007473456421982,6.046967506408691,163500,0.0,0.0
2004-09-10,6.2093333559408075,6.305874347686768,6.099627816659214,6.305874347686768,1073900,0.0,0.0
2004-09-13,6.275157443279622,6.362921798176469,6.261992894668459,6.297098636627197,394400,0.0,0.0
2004-09-14,6.336590210877031,6.53844837039422,6.266378749913367,6.507730960845947,500500,0.0,0.0
2004-09-15,6.582332074529209,6.744696215481721,6.5384496933016525,6.678873062133789,1045100,0.0,0.0
2004-09-16,6.678874336649938,6.801744441643385,6.678874336649938,6.792967796325684,531000,0.0,0.0
2004-09-17,6.757859291750122,6.757859291750122,6.626213013704236,6.670094966888428,270400,0.0,0.0
2004-09-20,6.670096867145,6.792966956956065,6.6481556750553805,6.692038059234619,185700,0.0,0.0
2004-09-21,6.727142770583184,6.814907107028837,6.678872490161416,6.75786018371582,241000,0.0,0.0
2004-09-22,6.692037128542741,6.735919506619059,6.494567264186056,6.63060188293457,351900,0.0,0.0
2004-09-23,6.586720004895152,6.670096022080304,6.529673080087048,6.569167137145996,181000,0.0,0.0
2004-09-24,6.604272831573627,6.670095980600279,6.516508493373631,6.599884510040283,215900,0.0,0.0
2004-09-27,6.5823317029219925,6.591108346069377,6.428743795789794,6.529673099517822,344400,0.0,0.0
2004-09-28,6.494568167414907,6.692038059234619,6.4155800432896495,6.692038059234619,223500,0.0,0.0
2004-09-29,6.735920531854307,6.7578613057385715,6.560391411326143,6.604273796081543,757800,0.0,0.0
2004-09-30,6.604270491372364,6.630599574256052,6.450682640075684,6.450682640075684,1354500,0.0,0.0
2004-10-01,6.494566988196029,6.516508176301786,6.253214756019416,6.406802654266357,733500,0.0,0.0
2004-10-04,6.560388543053583,6.5823297258383615,6.468235910152115,6.573553085327148,319200,0.0,0.0
2004-10-05,6.538451480691285,6.788580452475639,6.433134239147092,6.722756862640381,590600,0.0,0.0
2004-10-06,6.700812615053591,7.0255408175942975,6.700812615053591,6.977270126342773,808600,0.0,0.0
2004-10-07,7.0079908365663055,7.086978550080278,6.823685474211247,6.981661319732666,897900,0.0,0.0
2004-10-08,6.955332202418223,7.1089201434596045,6.933391008198958,6.999214172363281,537700,0.0,0.0
2004-10-11,7.021154880523682,7.130860425531864,6.964107946900214,7.021154880523682,400500,0.0,0.0
2004-10-12,7.051870396667444,7.174740875242373,6.911447470859902,7.003600120544434,618900,0.0,0.0
2004-10-13,7.043093215935524,7.104528869018012,7.021152449326019,7.091363906860352,207400,0.0,0.0
2004-10-14,7.021153984308967,7.060648042429647,6.920225096661352,6.972883701324463,387600,0.0,0.0
2004-10-15,6.972882674628961,7.104529376149616,6.972882674628961,7.012376308441162,285700,0.0,0.0
2004-10-18,7.021152496845377,7.135246325357507,6.977270126342773,6.977270126342773,389800,0.0,0.0
2004-10-19,7.021152116863335,7.284445488643021,6.801741113211356,6.841235160827637,682700,0.0,0.0
2004-10-20,6.885118034213545,6.889506355313737,6.766636293961713,6.850012302398682,389700,0.0,0.0
2004-10-21,6.823684581214748,6.981660406062313,6.806131711787241,6.9246134757995605,124400,0.0,0.0
2004-10-22,6.893896073161153,7.021154481396732,6.845625786759181,6.955331325531006,296500,0.0,0.0
2004-10-25,6.99921230136352,6.99921230136352,6.898283420825642,6.99043607711792,131900,0.0,0.0
2004-10-26,6.994824462001997,6.9992127836738725,6.858789838120959,6.9684953689575195,289500,0.0,0.0
2004-10-27,6.986048660939276,7.012377755580928,6.911448861965571,6.9948248863220215,301800,0.0,0.0
2004-10-28,7.012376846978599,7.016765168348079,6.924612512055802,6.99043607711792,172300,0.0,0.0
2004-10-29,7.0036018365364585,7.196683406829834,6.994825192276407,7.196683406829834,545700,0.0,0.0
2004-11-01,7.218624380240478,7.455587895435354,7.091365560664371,7.372211456298828,288600,0.0,0.0
2004-11-02,7.372212867963042,7.473142613396595,7.372212867963042,7.41609525680542,139200,0.0,0.0
2004-11-03,7.525799821608258,7.613564587761661,7.306388743211593,7.407317638397217,324100,0.0,0.0
2004-11-04,7.429260361388674,7.481918559379841,7.262507448113723,7.319554805755615,247200,0.0,0.0
2004-11-05,7.389761416132067,7.481913620276828,7.376596456831495,7.459972858428955,623400,0.0,0.0
2004-11-08,7.481920385195791,7.486308708930434,7.337109049901265,7.376603126525879,122000,0.0,0.0
2004-11-09,7.337106272508004,7.429259362077465,7.302000532906984,7.306388854980469,150100,0.0,0.0
2004-11-10,7.350269811522986,7.503857706325282,7.328329042402668,7.402928829193115,118800,0.0,0.0
2004-11-11,7.372214339074347,7.784707537325802,7.372214339074347,7.7803192138671875,487200,0.0,0.0
2004-11-12,7.657445679124158,7.8900208473205575,7.613563303449858,7.890020847320557,116800,0.0,0.0
2004-11-15,7.890023864135933,7.890023864135933,7.70571848542256,7.745212554931641,119400,0.0,0.0
2004-11-16,7.767149435529031,7.811030964249058,7.635502338409424,7.635502338409424,93100,0.0,0.0
2004-11-17,7.679385662078857,7.951455693809475,7.635503290898226,7.679385662078857,256100,0.0,0.0
2004-11-18,7.679385721184336,7.714491451001714,7.521409518512825,7.657444953918457,305600,0.0,0.0
2004-11-19,7.6574438881407,7.811030911598554,7.60039656201078,7.701325416564941,193400,0.0,0.0
2004-11-22,7.591620919717596,7.819808580267583,7.5872334358874856,7.679385662078857,72800,0.0,0.0
2004-11-23,7.705716554523937,7.876857758507729,7.705716554523937,7.828587055206299,353600,0.0,0.0
2004-11-24,7.819810411517528,7.898798530742846,7.714493198212708,7.828587055206299,174100,0.0,0.0
2004-11-26,7.832972957966595,7.876855325871296,7.832972957966595,7.859302043914795,47800,0.0,0.0
2004-11-29,8.006842772056098,8.01124707673142,7.795441187851998,7.861504077911377,230000,0.065,0.0
2004-11-30,7.861507301437567,7.909952992660291,7.817465076660535,7.9055495262146,312800,0.0,0.0
2004-12-01,7.901145474579612,8.072909232711039,7.901145474579612,8.024462699890137,281300,0.0,0.0
2004-12-02,8.046481299102457,8.169798479449128,8.037672689067612,8.143373489379883,157700,0.0,0.0
2004-12-03,8.125761032266245,8.328354120662983,8.10373949654767,8.191823959350586,115900,0.0,0.0
2004-12-06,8.147783267101119,8.372397933647129,8.103741027379888,8.213846206665039,143400,0.0,0.0
2004-12-07,8.323946903066837,8.323946903066837,8.156587490301032,8.174203872680664,165000,0.0,0.0
2004-12-08,8.14778028117289,8.14778028117289,7.993632918657105,8.033270835876465,240200,0.0,0.0
2004-12-09,8.037676093300277,8.06410109456142,7.861508018166578,7.958400249481201,214000,0.0,0.0
2004-12-10,7.9760161546273,8.015654069965063,7.905548936256946,7.914356708526611,278800,0.0,0.0
2004-12-13,7.9143568071431485,8.103737773886564,7.830677509307861,7.830677509307861,423900,0.0,0.0
2004-12-14,7.773419092159993,8.103734358172757,7.601655422644608,8.081713676452637,453500,0.0,0.0
2004-12-15,8.028865444558216,8.068503356421225,7.857101719842125,7.984823226928711,185400,0.0,0.0
2004-12-16,7.945184186672042,7.989225553354812,7.83507908989467,7.861504077911377,88500,0.0,0.0
2004-12-17,7.861503078653239,7.879119455080124,7.724973011213193,7.795440196990967,116500,0.0,0.0
2004-12-20,7.81746552647024,7.839486220108022,7.50917077532759,7.597255229949951,324900,0.0,0.0
2004-12-21,7.619272954278733,7.7425909746846155,7.601656574240915,7.641294479370117,301300,0.0,0.0
2004-12-22,7.654509537429555,7.694147458006057,7.597255229949951,7.597255229949951,129100,0.0,0.0
2004-12-23,7.59725462820343,7.614871853746763,7.37704434912507,7.5752339363098145,406300,0.0,0.0
2004-12-27,7.56642518435777,7.597254488455964,7.377044213428254,7.434298515319824,325900,0.0,0.0
2004-12-28,7.48715031801883,7.584042549133301,7.443108089317472,7.584042549133301,333700,0.0,0.0
2004-12-29,7.601656266366011,7.81746216330948,7.5928476566862155,7.729377746582031,198400,0.0,0.0
2004-12-30,7.606064089054153,7.817465778932217,7.606064089054153,7.742594242095947,212000,0.0,0.0
2004-12-31,7.7866365956694885,7.949591752549725,7.729381445387287,7.839486598968506,217200,0.0,0.0
2005-01-03,7.8262742685555065,7.88352857697602,7.553213126767229,7.720573425292969,425100,0.0,0.0
2005-01-04,7.7073596779355205,7.8130605098572286,7.57523384804227,7.751401901245117,195700,0.0,0.0
2005-01-05,7.746995415549612,7.791037626469389,7.60165670753906,7.672123908996582,551200,0.0,0.0
2005-01-06,7.6589138441642355,7.6589138441642355,7.50917077532759,7.597255229949951,193900,0.0,0.0
2005-01-07,7.606062873422052,7.606062873422052,7.447511211336058,7.522382736206055,466700,0.0,0.0
2005-01-10,7.522381260649075,7.81305869076506,7.487147658211844,7.707357883453369,260200,0.0,0.0
2005-01-11,7.702954805055839,7.927569371382604,7.676529809027831,7.852697849273682,253300,0.0,0.0
2005-01-12,7.852696737130739,7.852696737130739,7.702953714120342,7.755804538726807,128800,0.0,0.0
2005-01-13,7.729382155516741,7.852700241270271,7.619276991819717,7.711765766143799,265000,0.0,0.0
2005-01-14,7.707358041643709,7.835080378122207,7.672124438483324,7.804250240325928,165300,0.0,0.0
2005-01-18,7.553214053114893,8.055294170233017,7.553214053114893,7.90995454788208,320000,0.0,0.0
2005-01-19,7.883525055837438,7.883525055837438,7.685336378253562,7.729377746582031,136300,0.0,0.0
2005-01-20,7.733784033534273,7.742592645471651,7.553211688995361,7.553211688995361,166500,0.0,0.0
2005-01-21,7.562019587421731,7.702954004980104,7.4915523786425435,7.5664238929748535,481100,0.0,0.0
2005-01-24,7.4959585679064915,7.575234407713693,7.438703421363244,7.473937034606934,162700,0.0,0.0
2005-01-25,7.469530456557244,7.5311898910105475,7.399063251498051,7.465126991271973,491700,0.0,0.0
2005-01-26,7.451912781152822,7.5752307886077155,7.443104172041357,7.487146377563477,252100,0.0,0.0
2005-01-27,7.509168221160575,7.509168221160575,7.372638118967291,7.3990631103515625,159600,0.0,0.0
2005-01-28,7.443104426988127,7.465125950521084,7.227298536576518,7.297765731811523,232200,0.0,0.0
2005-01-31,7.350620508861914,7.473937746950434,7.288961049781972,7.346216201782227,236800,0.0,0.0
2005-02-01,7.315382813010894,7.412274994627351,7.266936302185059,7.266936302185059,207900,0.0,0.0
2005-02-02,7.302171602640947,7.465127551593661,7.266937997466767,7.355022430419922,421500,0.0,0.0
2005-02-03,7.385851355341818,7.412276347873359,7.288958316000559,7.310979843139648,193700,0.0,0.0
2005-02-04,7.337408755422573,7.548810488679536,7.310983748774406,7.491556167602539,286700,0.0,0.0
2005-02-07,7.487148983861157,7.553211895123422,7.377043851745552,7.41668176651001,185100,0.0,0.0
2005-02-08,7.390256035594102,7.416681029465885,7.319788825245742,7.355022430419922,114400,0.0,0.0
2005-02-09,7.4034681125122885,7.443106023337668,7.310980213943345,7.355022430419922,367900,0.0,0.0
2005-02-10,7.399062434628904,7.6148691713370145,7.377041750492282,7.478338241577148,392900,0.0,0.0
2005-02-11,7.443105936862129,7.513573146391788,7.377043032932501,7.447510242462158,161900,0.0,0.0
2005-02-14,7.473935022991897,7.663315958218064,7.434297113756869,7.517977237701416,260400,0.0,0.0
2005-02-15,7.487147333824776,7.584039526320386,7.399062911530361,7.495955944061279,217800,0.0,0.0
2005-02-16,7.513575082062269,7.619275923587734,7.465129388052025,7.597255229949951,359800,0.0,0.0
2005-02-17,7.58404003116508,7.597252947399375,7.495956443042537,7.544402122497559,268100,0.0,0.0
2005-02-18,7.557618498310495,7.575235728020692,7.504768489251399,7.535597801208496,305800,0.0,0.0
2005-02-22,7.517977444856977,7.879122103362583,7.500361062508981,7.782229900360107,653900,0.0,0.0
2005-02-23,7.78223057732149,7.817464185117785,7.57963670246619,7.619274616241455,376300,0.0,0.0
2005-02-24,7.553212404380648,7.650105464797878,7.535596018872865,7.5752339363098145,354500,0.0,0.0
2005-02-25,7.553211817822386,7.654508336723536,7.473935989104795,7.601658344268799,218000,0.0,0.0
2005-02-28,7.610465972594942,7.636890965406503,7.473935022991897,7.517977237701416,236500,0.0,0.0
2005-03-01,7.495958695797167,7.5972552305965735,7.495958695797167,7.588446617126465,127800,0.0,0.0
2005-03-02,7.548805451389245,7.7734199581037595,7.539997681741125,7.738186359405518,409100,0.0,0.0
2005-03-03,7.7514000965087435,7.795442309564117,7.6897406622170825,7.707357883453369,130900,0.0,0.0
2005-03-04,7.707357062417796,7.777824259785653,7.658910549214174,7.729377746582031,158600,0.0,0.0
2005-03-07,7.707357065548963,7.813057861643689,7.685336381375782,7.738186359405518,131400,0.0,0.0
2005-03-08,7.729377230616789,7.746994448800365,7.61046436801845,7.663314342498779,89600,0.0,0.0
2005-03-09,7.663319694585886,7.8130627935865435,7.5972567603293095,7.7690205574035645,134500,0.0,0.0
2005-03-10,7.7337829071280115,7.817463028274367,7.641295015362577,7.7910380363464355,145500,0.0,0.0
2005-03-11,7.848620091370989,7.963780537151883,7.826474209217886,7.941634654998779,158200,0.1,0.0
2005-03-14,7.972641480102594,8.12766523340022,7.941636898405368,8.070084571838379,170000,0.0,0.0
2005-03-15,8.061222565243638,8.13651972973082,7.972637367678345,8.047934532165527,188500,0.0,0.0
2005-03-16,8.008072517893682,8.065652313860344,7.954921222161144,7.977067947387695,192900,0.0,0.0
2005-03-17,7.9770693669571875,7.990357404457807,7.861908909719152,7.985928058624268,82000,0.0,0.0
2005-03-18,8.030220664902167,8.030220664902167,7.9593528137965635,7.994786739349365,233500,0.0,0.0
2005-03-21,7.950493202109404,8.039077573932243,7.8840538672282285,7.972639083862305,142700,0.0,0.0
2005-03-22,7.985926327803834,8.061223501031899,7.879624585272063,7.919486999511719,110400,0.0,0.0
2005-03-23,7.923916761345153,7.937204796665029,7.795469132497811,7.83533239364624,151100,0.0,0.0
2005-03-24,7.87076257032911,7.972634924948866,7.844186512315508,7.932771682739258,175400,0.0,0.0
2005-03-28,7.972635695353678,8.176380424281273,7.95491832163256,8.105512619018555,246000,0.0,0.0
2005-03-29,8.083368508074528,8.189670239132154,8.008071342973995,8.140948295593262,258700,0.0,0.0
2005-03-30,8.189670757158789,8.304831184291633,8.171954223267413,8.256109237670898,498600,0.0,0.0
2005-03-31,8.264968381563143,8.313690330863395,8.22953446702055,8.2782564163208,363100,0.0,0.0
2005-04-01,8.30483261813724,8.349125227729557,8.136521715459946,8.260540008544922,263000,0.0,0.0
2005-04-04,8.295973927256524,8.331407845968126,8.242823471594752,8.260540008544922,265600,0.0,0.0
2005-04-05,8.264966826073918,8.366839205609821,8.220674230028873,8.300400733947754,224900,0.0,0.0
2005-04-06,8.30483261813724,8.36241241923937,8.242823471594752,8.260540008544922,235200,0.0,0.0
2005-04-07,8.282685815220306,8.468714078984103,8.220675830758262,8.371270179748535,495800,0.0,0.0
2005-04-08,8.340270374813556,8.539586787293326,8.309265787274848,8.36241626739502,275300,0.0,0.0
2005-04-11,8.357982492060419,8.419991628019119,8.264967943311255,8.393416404724121,230300,0.0,0.0
2005-04-12,8.371270307223616,8.406704222536717,8.238393336002282,8.353553771972656,312300,0.0,0.0
2005-04-13,8.384561551392855,8.433283520400499,8.349127622517706,8.375702857971191,128700,0.0,0.0
2005-04-14,8.393416404724121,8.428850317387823,8.344694458007362,8.393416404724121,242600,0.0,0.0
2005-04-15,8.393414442430311,8.393414442430311,8.225102763018926,8.264966011047363,315100,0.0,0.0
2005-04-18,8.22510446605371,8.322548356881931,8.105514697206946,8.198529243469238,316300,0.0,0.0
2005-04-19,8.22953278132041,8.349122535209625,8.194098874035937,8.335834503173828,371800,0.0,0.0
2005-04-20,8.353553746998001,8.384558317202872,8.22067593136275,8.233963966369629,279900,0.0,0.0
2005-04-21,8.251680400583702,8.45985538908793,8.251680400583702,8.371270179748535,545700,0.0,0.0
2005-04-22,8.375699479340634,8.388987514112936,8.13652076711733,8.269397735595703,374800,0.0,0.0
2005-04-25,8.247250301948839,8.318118117760152,8.229532925590508,8.291542053222656,304100,0.0,0.0
2005-04-26,8.29597282409668,8.3181195483535,8.238393030651242,8.29597282409668,348600,0.0,0.0
2005-04-27,8.251677781725949,8.282683186522283,8.10551282407254,8.18080997467041,246900,0.0,0.0
2005-04-28,8.17195301905115,8.176381518263074,7.985924794143629,8.078938484191895,168200,0.0,0.0
2005-04-29,8.096660799223555,8.114377341311268,7.870769185127541,8.043509483337402,253600,0.0,0.0
2005-05-02,8.008070179993283,8.105513208108736,7.972636274786668,8.10108470916748,183100,0.0,0.0
2005-05-03,8.114371305879114,8.19409779800239,8.047932844046676,8.105512619018555,358500,0.0,0.0
2005-05-04,8.101086852535687,8.300402305253247,8.101086852535687,8.269397735595703,415300,0.0,0.0
2005-05-05,8.22953142034542,8.282682694887626,8.127659059351277,8.194097518920898,247800,0.0,0.0
2005-05-06,8.207389659734966,8.251681425092658,8.061224637545283,8.132092475891113,298400,0.0,0.0
2005-05-09,8.11437368829765,8.194100203829011,7.994783915000611,8.109944343566895,260000,0.0,0.0
2005-05-10,8.464281769553082,8.761041018650232,8.415559836999396,8.535149574279785,2048200,0.0,0.0
2005-05-11,8.52629508876244,8.916068206817473,8.52629508876244,8.898351669311523,1384800,0.0,0.0
2005-05-12,8.88063444517242,9.075521430076826,8.85848856169271,8.982507705688477,813000,0.0,0.0
2005-05-13,9.00465316257299,9.243832747916992,8.969219243797353,9.199540138244629,566700,0.0,0.0
2005-05-16,9.243831036024526,9.363419961738236,8.991363461090655,9.257118225097656,1216400,0.0,0.0
2005-05-17,9.079948664030024,9.38999602950671,9.035656062560339,9.257118225097656,702300,0.0,0.0
2005-05-18,9.25268476514614,9.576020020697005,9.25268476514614,9.500722885131836,481700,0.0,0.0
2005-05-19,9.55830607339351,9.744334307603843,9.50072628783816,9.598169326782227,717500,0.0,0.0
2005-05-20,9.611459132258922,9.695614153991343,9.540591300899415,9.624746322631836,220000,0.0,0.0
2005-05-23,9.624746831326767,9.832921836157743,9.624746831326767,9.731048583984375,596500,0.0,0.0
2005-05-24,9.66904208859048,9.850641071403043,9.660183395572437,9.793061256408691,514400,0.0,0.0
2005-05-25,9.797484830584004,9.824060049169484,9.611456610863709,9.664607048034668,495700,0.0,0.0
2005-05-26,9.691183458385312,9.739905402459373,9.483009338378906,9.483009338378906,768300,0.0,0.0
2005-05-27,9.527303740361198,9.779770507758615,9.500728513480214,9.757624626159668,410100,0.0,0.0
2005-05-31,9.784195528078335,10.178397791004556,9.7044690378661,10.138534545898438,981500,0.0,0.0
2005-06-01,10.138540886813379,10.16511696337942,9.92150799705903,9.996805191040039,563800,0.0,0.0
2005-06-02,10.001232137878379,10.111963229238773,9.956939532371985,10.010090827941895,397700,0.0,0.0
2005-06-03,9.996799393347654,10.235978874860402,9.996799393347654,10.16068172454834,506300,0.0,0.0
2005-06-06,10.072099079308886,10.080957768590102,9.314698886798277,9.385566711425781,1528200,0.0,0.0
2005-06-07,9.381135044117384,9.478578067651583,9.124239032244587,9.243828773498535,817500,0.0,0.0
2005-06-08,9.288121143073324,9.522871297802254,9.199536800678016,9.443144798278809,610300,0.0,0.0
2005-06-09,9.478584120588494,9.651325249869842,9.443150194420014,9.522876739501953,678500,0.0,0.0
2005-06-10,9.518444261221529,9.770911007702805,9.478581001796993,9.722189903259277,529300,0.0,0.0
2005-06-13,9.722186610020033,9.944662272269108,9.704388149675003,9.909066200256348,606100,0.1,0.0
2005-06-14,9.922415376237334,10.055901298659581,9.891268915608697,10.051451683044434,407000,0.0,0.0
2005-06-15,10.0514560556778,10.127097856686584,9.989163107321543,10.122648239135742,435300,0.0,0.0
2005-06-16,10.118194173061056,10.122643788655598,10.002506713635132,10.011405944824219,205300,0.0,0.0
2005-06-17,10.033652992142557,10.100396376172801,9.966910456789696,10.047001838684082,434300,0.0,0.0
2005-06-20,10.011407412433895,10.18493820267261,9.971361714889959,10.180488586425781,148300,0.0,0.0
2005-06-21,10.180491998364712,10.180491998364712,9.989163527693464,10.09150218963623,137500,0.0,0.0
2005-06-22,10.10039837524742,10.153792074626457,10.015857361106802,10.06925106048584,100900,0.0,0.0
2005-06-23,10.064803368041769,10.078151369973787,9.788933062852315,9.833428382873535,162700,0.0,0.0
2005-06-24,9.784481477990553,9.864572868184121,9.602051466406303,9.615400314331055,552100,0.0,0.0
2005-06-27,9.63319934682701,9.664345814556349,9.526411093750307,9.56645679473877,106200,0.0,0.0
2005-06-28,9.575354189639365,9.935764580663262,9.557555726538219,9.922415733337402,132600,0.0,0.0
2005-06-29,9.922419472163435,9.984713267812683,9.860126525191937,9.900172233581543,89700,0.0,0.0
2005-06-30,9.909068833187508,10.14044378708756,9.886820751844699,9.904619216918945,179400,0.0,0.0
2005-07-01,9.922415703209309,9.926865318971084,9.722188085993967,9.802279472351074,139100,0.0,0.0
2005-07-05,9.771132420849439,10.055901896404448,9.71328911176898,9.984709739685059,168600,0.0,0.0
2005-07-06,10.011409521102905,10.011409521102905,9.75778728235673,9.788933753967285,368000,0.0,0.0
2005-07-07,9.744437811772606,9.966913564775075,9.655448019778207,9.913519859313965,267700,0.0,0.0
2005-07-08,9.909070343629539,10.238334359595166,9.833428552888945,10.153793334960938,280300,0.0,0.0
2005-07-11,10.122645876090642,10.247232592397221,9.953564692018029,10.113746643066406,287100,0.0,0.0
2005-07-12,10.09149530790541,10.233879583716588,10.038100780137603,10.224980354309082,274300,0.0,0.0
2005-07-13,10.233883203065677,10.745577193483454,10.011407481259901,10.634339332580566,1088500,0.0,0.0
2005-07-14,10.616538401737618,10.85681166496387,10.5097501904507,10.625436782836914,428300,0.0,0.0
2005-07-15,10.625440973684386,10.825669479244041,10.509754335669472,10.79007339477539,210100,0.0,0.0
2005-07-18,10.803419694464584,10.901308691476427,10.767823618398696,10.816767692565918,211700,0.0,0.0
2005-07-19,10.816768593878876,11.048143531925287,10.790071746774279,11.030345916748047,634800,0.0,0.0
2005-07-20,11.034793853759766,11.079289161371177,10.923556009069939,11.034793853759766,274300,0.0,0.0
2005-07-21,11.034798046004909,11.12378869503629,10.928009776373887,11.02145004272461,432100,0.0,0.0
2005-07-22,11.012546631727936,11.097087631378955,10.950253710236346,11.09263801574707,148000,0.0,0.0
2005-07-25,11.043697084863092,11.168283821562833,11.030349081819425,11.057045936584473,155100,0.0,0.0
2005-07-26,11.057046075693066,11.21277928635759,11.057046075693066,11.159384727478027,204400,0.0,0.0
2005-07-27,11.154935968030427,11.257274627685547,11.0792941655293,11.257274627685547,344900,0.0,0.0
2005-07-28,11.257271643758184,11.341812659127568,11.168281860607179,11.252822875976562,387300,0.0,0.0
2005-07-29,11.226122174913787,11.275067094197453,11.132682800292969,11.132682800292969,290700,0.0,0.0
2005-08-01,11.194977448569222,11.257270374619814,11.13713413847617,11.168280601501465,559100,0.0,0.0
2005-08-02,11.212778091430664,11.266171795942427,11.101540216907255,11.212778091430664,363900,0.0,0.0
2005-08-03,11.239471746856143,11.528689968619464,10.790070759762877,10.932455062866211,938100,0.0,0.0
2005-08-04,10.932455429082955,11.048142891399074,10.683282890305309,10.861263275146484,497300,0.0,0.0
2005-08-05,10.89686145908115,11.404105866126274,10.870164608362348,11.239474296569824,1179800,0.0,0.0
2005-08-08,11.226125835553146,11.23057545227327,11.065943877016789,11.110438346862793,472400,0.0,0.0
2005-08-09,11.128233642657174,11.18162733072843,11.101536798621545,11.141582489013672,269100,0.0,0.0
2005-08-10,11.1549329367365,11.235024335111845,11.0258974549921,11.114887237548828,396600,0.0,0.0
2005-08-11,11.11488742705407,11.168281976440511,11.065943342850533,11.079291343688965,369300,0.0,0.0
2005-08-12,11.079290326911952,11.101538407396855,10.901309926420183,10.919108390808105,220900,0.0,0.0
2005-08-15,10.883514132137732,10.990303247309381,10.723332156735662,10.896862983703613,315500,0.0,0.0
2005-08-16,10.879067041744758,10.936910376763958,10.736681815778587,10.892415046691895,353500,0.0,0.0
2005-08-17,10.678835723382157,10.683285340108215,10.469708829323197,10.51865291595459,904800,0.0,0.0
2005-08-18,10.429664564873738,10.4519118028925,10.278380970048506,10.291728973388672,507200,0.0,0.0
2005-08-19,10.278381318168305,10.345123883162836,10.122648100729227,10.238335609436035,396300,0.0,0.0
2005-08-22,10.07814646379415,10.349567019982477,10.051449624248862,10.224980354309082,447300,0.0,0.0
2005-08-23,10.229434505537583,10.349571609785336,10.135995101352178,10.278379440307617,305500,0.0,0.0
2005-08-24,10.233883156666922,10.26058000553287,10.011407435869815,10.100398063659668,430000,0.0,0.0
2005-08-25,10.11374419290978,10.238330879033978,10.082597733548072,10.220532417297363,303500,0.0,0.0
2005-08-26,10.220532184118579,10.220532184118579,9.966910050899719,10.078147888183594,255200,0.0,0.0
2005-08-29,10.08260111753211,10.216086230648335,9.953565621343445,10.171591758728027,207500,0.0,0.0
2005-08-30,10.189385785790698,10.340669313286584,10.13599209883765,10.176037788391113,295700,0.0,0.0
2005-08-31,10.167138464287152,10.25167945797654,10.064799858002674,10.233880996704102,278200,0.0,0.0
2005-09-01,10.189386739112576,10.198285970663148,9.775581807462672,9.922415733337402,525100,0.0,0.0
2005-09-02,9.90906932763154,10.006958344391798,9.90906932763154,9.953564643859863,208400,0.0,0.0
2005-09-06,9.93131573625179,10.45635855703156,9.93131573625179,10.389616012573242,429500,0.0,0.0
2005-09-07,10.389616378065226,10.66548579784497,10.389616378065226,10.634339332580566,373800,0.0,0.0
2005-09-08,10.589845738787982,10.74557893908615,10.456360623491078,10.49195671081543,318200,0.0,0.0
2005-09-09,10.465260613203146,10.669937917928799,10.420765288665217,10.52755355834961,271000,0.0,0.0
2005-09-12,10.456363995838188,10.558702673816878,10.451914377402863,10.523106575012207,263100,0.0,0.0
2005-09-13,10.523100148725874,10.545442699350703,10.29074358819578,10.29967975616455,406500,0.1,0.0
2005-09-14,10.290745609272706,10.32202433400937,9.875183461128284,10.009235382080078,286000,0.0,0.0
2005-09-15,9.977956126265866,9.986893147795334,9.607078255605822,9.776877403259277,384600,0.0,0.0
2005-09-16,9.852841055419251,10.085198517385935,9.750067857646759,10.053919792175293,323100,0.0,0.0
2005-09-19,10.058390976137483,10.098606734175528,9.656234248038606,9.781349182128906,161000,0.0,0.0
2005-09-20,9.8662470537012,10.009236005565056,9.593673831534863,9.616016387939453,205900,0.0,0.0
2005-09-21,9.616014898065181,9.683040852331406,9.4774936266629,9.589203834533691,473200,0.0,0.0
2005-09-22,9.651759880780878,9.982421916731239,9.584733942137612,9.8751802444458,286700,0.0,0.0
2005-09-23,9.901995375831904,10.058389878662073,9.879653669262511,9.919869422912598,203600,0.0,0.0
2005-09-26,9.96454848759764,10.125411431998607,9.86177531857751,9.946675300598145,116600,0.0,0.0
2005-09-27,9.946672596762438,10.187966095491205,9.919862397410546,10.09859848022461,163300,0.0,0.0
2005-09-28,10.089670946101874,10.107544997323194,9.745603130626517,9.772414207458496,205900,0.0,0.0
2005-09-29,9.830498857440997,10.170098011153623,9.790283112114416,10.134350776672363,367800,0.0,0.0
2005-09-30,10.098603969973311,10.465013351997854,10.085198436869486,10.420329093933105,321000,0.0,0.0
2005-10-03,10.420326130363728,10.47394739524766,10.138816833496094,10.138816833496094,305200,0.0,0.0
2005-10-04,10.196905755862684,10.23712149145536,10.076258549084658,10.138816833496094,180200,0.0,0.0
2005-10-05,10.143289897732418,10.228189064521288,9.919869422912598,9.919869422912598,154500,0.0,0.0
2005-10-06,9.924336143833685,10.031578711612717,9.754536974032774,9.888588905334473,199200,0.0,0.0
2005-10-07,9.933268683700987,10.000294619103412,9.848369563255721,9.924331665039062,57300,0.0,0.0
2005-10-10,9.72325586340491,9.942207752075758,9.718787353152708,9.763471603393555,190600,0.0,0.0
2005-10-11,9.758999391504547,9.758999391504547,9.575794802060548,9.593667984008789,187000,0.0,0.0
2005-10-12,9.571330525200487,9.629419457565753,9.263010116680071,9.414936065673828,344500,0.0,0.0
2005-10-13,9.414938993316548,9.674106718846328,9.356850042888107,9.642827987670898,369400,0.0,0.0
2005-10-14,9.687509744808459,9.82156165862533,9.562394000239772,9.776877403259277,244800,0.0,0.0
2005-10-17,9.763472131244951,9.763472131244951,9.624951715062437,9.705382347106934,114800,0.0,0.0
2005-10-18,9.674105406068694,9.705384132999596,9.437280272288218,9.455153465270996,281200,0.0,0.0
2005-10-19,9.383656576204533,9.513240814208984,9.187046390254853,9.513240814208984,724600,0.0,0.0
2005-10-20,9.540051646247289,9.665166529978007,9.540051646247289,9.607077598571777,168100,0.0,0.0
2005-10-21,9.60707480467577,9.696443283306076,9.517706326045465,9.522174835205078,210300,0.0,0.0
2005-10-24,9.473025848786005,9.910929653564736,9.473025848786005,9.651762008666992,304800,0.0,0.0
2005-10-25,9.98689374830159,10.835891242181168,9.9690197041679,10.679496765136719,883500,0.0,0.0
2005-10-26,10.625878938177772,11.103998656125231,10.57225764493324,10.849299430847168,710800,0.0,0.0
2005-10-27,10.835887500579325,11.050370842435095,10.768861562784528,10.831418991088867,781300,0.0,0.0
2005-10-28,10.831422731147745,10.88504401126748,10.590129101312273,10.679496765136719,527300,0.0,0.0
2005-10-31,10.746518749837279,10.813545538257205,10.634808572178759,10.688429832458496,428300,0.0,0.0
2005-11-01,10.657151048532722,10.858228855618389,10.59459276990697,10.773329734802246,252100,0.0,0.0
2005-11-02,10.773333475251354,10.992285395757996,10.75545943164364,10.880575180053711,509700,0.0,0.0
2005-11-03,10.947598783281494,11.090587692249171,10.907383046099195,11.036967277526855,342900,0.0,0.0
2005-11-04,11.077184982843344,11.17102115142026,10.996753494188113,11.081652641296387,286400,0.0,0.0
2005-11-07,11.126337344434878,11.202300325414946,10.992285426131847,11.162084579467773,230400,0.0,0.0
2005-11-08,11.126335682286191,11.336351402476629,11.077183774134518,11.305071830749512,339900,0.0,0.0
2005-11-09,11.26039058702937,11.349758252217045,11.166553558458764,11.26485824584961,369500,0.0,0.0
2005-11-10,11.264858065856204,11.573178508688407,11.233579340926232,11.456999778747559,276300,0.0,0.0
2005-11-11,11.434658979809724,11.434658979809724,10.585661419430064,10.710776329040527,1438600,0.0,0.0
2005-11-14,10.764391551698958,10.93865913611192,10.634807351395324,10.675023078918457,494800,0.0,0.0
2005-11-15,10.670560932165756,10.73758775285503,10.523103460755925,10.61694049835205,334800,0.0,0.0
2005-11-16,10.7152476961417,10.84036349137814,10.603537438628258,10.764400482177734,524300,0.0,0.0
2005-11-17,10.84929645602152,10.885043690955639,10.68843347267733,10.880575180053711,427500,0.0,0.0
2005-11-18,10.947601634852612,11.032501641271878,10.862701628433344,11.005690574645996,650800,0.0,0.0
2005-11-21,11.005692787174052,11.121871542398148,10.961009371710684,11.117403030395508,387800,0.0,0.0
2005-11-22,11.12186990022689,11.166554161374037,10.947602219262553,11.130806922912598,307700,0.0,0.0
2005-11-23,11.10399832663505,11.171024301990691,11.10399832663505,11.148682594299316,143600,0.0,0.0
2005-11-25,11.103993888636337,11.103993888636337,10.961004971085123,10.969941139221191,73500,0.0,0.0
2005-11-28,10.947603695997424,11.171024179589208,10.947603695997424,11.12633991241455,446200,0.0,0.0
2005-11-29,11.166553497314453,11.179959030545806,11.130806260978854,11.166553497314453,296700,0.0,0.0
2005-11-30,11.153148370201816,11.282732639312744,11.126338155044214,11.171022415161133,553800,0.0,0.0
2005-12-01,11.184425463212511,11.389971820875033,11.17995695296578,11.305071830749512,506300,0.0,0.0
2005-12-02,11.327415124555637,11.327415124555637,11.153146622633635,11.215704917907715,289500,0.0,0.0
2005-12-05,11.220172041815347,11.242513739471363,11.135272056616445,11.157613754272461,330600,0.0,0.0
2005-12-06,11.166555525372885,11.26486023007945,11.090592527828248,11.135276794433594,340300,0.0,0.0
2005-12-07,11.15761270570459,11.15761270570459,11.019092318236638,11.059308052062988,383600,0.0,0.0
2005-12-08,11.09058966276503,11.139742428561288,10.952069239126176,11.081652641296387,323800,0.0,0.0
2005-12-09,11.081649990568678,11.14867678326943,11.001219373433706,11.019092559814453,131000,0.0,0.0
2005-12-12,11.072716966827542,11.108464202017988,11.014627176967245,11.032501220703125,463000,0.0,0.0
2005-12-13,11.059420801228937,11.21196460723877,11.059420801228937,11.21196460723877,397100,0.1,0.0
2005-12-14,11.216449265450759,11.216449265450759,11.081852216564217,11.08633804321289,139900,0.0,0.0
2005-12-15,11.104285835571819,11.104285835571819,10.983147966531694,11.0369873046875,419700,0.0,0.0
2005-12-16,11.02352499586963,11.06839095917529,11.019038313964357,11.032498359680176,400500,0.0,0.0
2005-12-19,10.902387837003364,10.915847883565295,10.767790794372559,10.767790794372559,297700,0.0,0.0
2005-12-20,10.870980862872354,11.014551255950373,10.812655711589551,10.915846824645996,362900,0.0,0.0
2005-12-21,10.902391177546106,10.947257157419227,10.82611926848602,10.897905349731445,363700,0.0,0.0
2005-12-22,10.902389978917304,11.010068661073355,10.879957419320716,10.96968936920166,193400,0.0,0.0
2005-12-23,11.220934981132743,11.37347874646059,11.090823770104306,11.234395027160645,823800,0.0,0.0
2005-12-27,11.234401957835649,11.27926709411246,11.216455218726828,11.238887786865234,294900,0.0,0.0
2005-12-28,11.225422502045312,11.256828422710363,11.005580201642791,11.059418678283691,300100,0.0,0.0
2005-12-29,11.104286822919573,11.126719383293207,10.929310455912711,10.93828296661377,204400,0.0,0.0
2005-12-30,10.924820527681728,10.929307209573238,10.817142729526704,10.857522010803223,329000,0.0,0.0
2006-01-03,10.929308419502357,11.207475881593927,10.902388325173108,11.122231483459473,454700,0.0,0.0
2006-01-04,11.081852676230659,11.194017173537661,11.081852676230659,11.153637886047363,294200,0.0,0.0
2006-01-05,11.171588050418146,11.243373287799741,11.14018211603214,11.18504810333252,278700,0.0,0.0
2006-01-06,11.256829253965925,11.43629228226656,11.238882523262252,11.306181907653809,526700,0.0,0.0
2006-01-09,11.47218633340141,11.512565626825173,11.319642526188822,11.463212966918945,507100,0.0,0.0
2006-01-10,11.413861162760046,11.521538993307638,11.377968552577515,11.463212966918945,294400,0.0,0.0
2006-01-11,11.440779105522687,11.440779105522687,10.61973499217977,10.884443283081055,1473800,0.0,0.0
2006-01-12,10.821627026940401,10.862005443572716,10.722921758570415,10.790220260620117,631600,0.0,0.0
2006-01-13,10.772276878656932,10.839575396237008,10.772276878656932,10.821629524230957,403700,0.0,0.0
2006-01-17,10.790220260620117,10.83957289480511,10.767787711852511,10.790220260620117,302300,0.0,0.0
2006-01-18,10.646654708677094,10.821631920019792,10.63319551562961,10.803685188293457,506400,0.0,0.0
2006-01-19,10.799195794789412,11.014551386968087,10.785736605120155,10.942766189575195,324400,0.0,0.0
2006-01-20,10.969689033772987,10.992121592683638,10.767792580588054,10.803685188293457,379400,0.0,0.0
2006-01-23,10.790226565059582,10.92033782002348,10.763307319660885,10.835092544555664,329300,0.0,0.0
2006-01-24,10.830602653076925,10.992119789123535,10.830602653076925,10.992119789123535,493700,0.0,0.0
2006-01-25,11.010066775497146,11.211962344531836,11.005580093196755,11.207475662231445,408100,0.0,0.0
2006-01-26,11.207476854988514,11.41834666681298,11.104285718338843,11.310667991638184,384500,0.0,0.0
2006-01-27,11.373481395884053,11.463212489731413,11.265803569818843,11.36899471282959,597800,0.0,0.0
2006-01-30,11.36899448908356,11.36899448908356,11.135692109326774,11.216450691223145,329700,0.0,0.0
2006-01-31,11.216453328457382,11.238885892815306,11.059422810709483,11.176074028015137,170800,0.0,0.0
2006-02-01,11.149152029760176,11.418347014397213,11.144665346845711,11.364507675170898,394400,0.0,0.0
2006-02-02,11.328615774292116,11.44078028690887,11.301696530873345,11.373481750488281,373300,0.0,0.0
2006-02-03,11.400401101435495,11.575377468928865,11.346562614090148,11.449753761291504,314200,0.0,0.0
2006-02-06,11.436293223623824,11.615756266696627,11.400400615009264,11.530511856079102,437000,0.0,0.0
2006-02-07,11.530513048993642,11.64267756948678,11.521539681974819,11.584351539611816,403000,0.0,0.0
2006-02-08,11.584353000356542,11.584353000356542,11.463215097569533,11.503594398498535,216900,0.0,0.0
2006-02-09,11.53051220899555,11.651649231935297,11.517052159447882,11.597810745239258,332700,0.0,0.0
2006-02-10,11.566403632779036,11.620242113954895,11.508077613133423,11.557430267333984,295000,0.0,0.0
2006-02-13,11.579867532988914,11.7772773743008,11.575380848442327,11.73241138458252,503900,0.0,0.0
2006-02-14,11.795222282409668,11.84457409326982,11.76381549545646,11.795222282409668,425200,0.0,0.0
2006-02-15,11.795223351218626,11.86252190357878,11.718951430344442,11.822142601013184,393300,0.0,0.0
2006-02-16,11.84456932025809,11.84456932025809,11.750351564607774,11.808676719665527,243400,0.0,0.0
2006-02-17,11.391429293342872,11.822141529764973,11.391429293342872,11.795222282409668,377500,0.0,0.0
2006-02-21,11.817654410377564,11.822141094062667,11.620244606970118,11.66511058807373,502100,0.0,0.0
2006-02-22,11.665105463757625,11.73240397797605,11.543967624716236,11.660618782043457,265400,0.0,0.0
2006-02-23,11.687541977924214,11.799706491553994,11.56640495357202,11.575377464294434,321300,0.0,0.0
2006-02-24,11.615756266696627,11.624729632787089,11.472185832238385,11.530511856079102,412500,0.0,0.0
2006-02-27,11.485645060092045,11.692027330931563,11.463211646469992,11.62024211883545,320400,0.0,0.0
2006-02-28,11.57537771663948,11.606784499968246,11.418348078732379,11.440780639648438,291900,0.0,0.0
2006-03-01,11.467697626188315,11.795218599014394,11.445265069688677,11.772785186767578,670300,0.0,0.0
2006-03-02,11.709972057204638,11.880461692810059,11.660619411432005,11.880461692810059,472500,0.0,0.0
2006-03-03,11.799705505371094,11.8490581610826,11.687541001115676,11.799705505371094,569500,0.0,0.0
2006-03-06,11.799705615967031,11.835598223435289,11.732407083932458,11.813165664672852,294000,0.0,0.0
2006-03-07,11.7683005693689,11.7683005693689,11.422833661871502,11.449753761291504,415000,0.0,0.0
2006-03-08,11.4003997998227,11.660621407607916,11.4003997998227,11.62024211883545,377700,0.0,0.0
2006-03-09,11.611273469067436,11.763817320661044,11.566408335096733,11.73241138458252,284800,0.0,0.0
2006-03-10,11.709974535422935,11.763813018798828,11.665108562111515,11.763813018798828,298000,0.0,0.0
2006-03-13,11.853959950561551,12.101856974429225,11.853959950561551,12.088335037231445,577000,0.12,0.0
2006-03-14,12.160446885372371,12.394821905916954,12.124389256033336,12.38129997253418,648300,0.0,0.0
2006-03-15,12.394821432407266,12.620181822087398,12.35425649349031,12.606659889221191,728200,0.0,0.0
2006-03-16,12.62018551553491,12.868081672860153,12.602156266436829,12.791459083557129,620600,0.0,0.0
2006-03-17,12.773426984732293,12.79145536891301,12.602152606766314,12.67426872253418,480800,0.0,0.0
2006-03-20,12.70131185001819,12.714832923362517,12.557081336467537,12.687789916992188,418100,0.0,0.0
2006-03-21,12.687790459106788,12.687790459106788,12.466937368335692,12.512009620666504,543800,0.0,0.0
2006-03-22,12.484966129971149,12.868078110752295,12.484966129971149,12.854557037353516,523400,0.0,0.0
2006-03-23,12.823006105093292,12.926671674695209,12.660746354633503,12.881599426269531,371000,0.0,0.0
2006-03-24,12.80948257446289,12.890612439570473,12.73286001960368,12.80948257446289,192400,0.0,0.0
2006-03-27,12.82300681781656,12.904135837874103,12.746384249138591,12.768919944763184,226700,0.0,0.0
2006-03-28,12.759905412019098,12.944700868416561,12.69229746499007,12.800470352172852,259900,0.0,0.0
2006-03-29,13.025835127348167,13.025835127348167,12.800474655042207,12.958227157592773,191400,0.0,0.0
2006-03-30,12.962731382233821,13.025832024349494,12.759906661602336,12.84554386138916,221300,0.0,0.0
2006-03-31,12.832017749933351,12.913147611777978,12.710323816847906,12.868075370788574,307500,0.0,0.0
2006-04-03,12.890614970628759,13.025830865903204,12.737369830820818,12.899629592895508,304200,0.0,0.0
2006-04-04,12.850053374094472,12.859067998707106,12.588635278101497,12.624692916870117,393300,0.0,0.0
2006-04-05,12.620181609423055,12.620181609423055,12.309184036194269,12.561588287353516,422400,0.0,0.0
2006-04-06,12.566096807704234,12.579618742569123,12.41735896291761,12.525532722473145,211700,0.0,0.0
2006-04-07,12.530036402303972,12.642716588870309,12.439892768859863,12.439892768859863,226500,0.0,0.0
2006-04-10,12.462435134184295,12.484971699371687,12.223553560972352,12.29116153717041,288100,0.0,0.0
2006-04-11,12.277633735236222,12.30918405175059,12.074809903494582,12.092838287353516,313900,0.0,0.0
2006-04-12,11.980156645688071,12.295661492045744,11.953113643328756,12.268617630004883,294900,0.0,0.0
2006-04-13,12.250590478834255,12.313691110571302,12.151431360754172,12.214532852172852,120200,0.0,0.0
2006-04-17,12.1919961445147,12.331720198287687,12.178475071988142,12.250590324401855,160000,0.0,0.0
2006-04-18,12.250592195762737,12.502995617767064,12.155940375210019,12.484967231750488,230300,0.0,0.0
2006-04-19,12.457923133757896,12.620182903327404,12.457923133757896,12.588632583618164,142600,0.0,0.0
2006-04-20,12.552575954690719,12.701313802109873,12.475953375130441,12.638213157653809,121100,0.0,0.0
2006-04-21,12.638211014831024,12.638211014831024,12.313691504806933,12.408343315124512,160300,0.0,0.0
2006-04-24,12.33622989302069,12.33622989302069,12.214535058674212,12.259607315063477,289400,0.0,0.0
2006-04-25,12.259607315063477,12.313693334985164,12.133405169109894,12.259607315063477,264100,0.0,0.0
2006-04-26,12.291154956979563,12.539051023552863,12.291154956979563,12.439892768859863,341300,0.0,0.0
2006-04-27,12.155941825539035,12.214536021367739,11.876495361328125,11.876495361328125,557900,0.0,0.0
2006-04-28,11.763810904564641,12.07931489116337,11.58352278941086,11.867476463317871,524100,0.0,0.0
2006-05-01,11.862970456764309,11.862970456764309,11.380699373343944,11.394221305847168,826300,0.0,0.0
2006-05-02,11.371685332652985,11.457322523518656,11.281541690404314,11.416757583618164,542000,0.0,0.0
2006-05-03,11.394224741196354,11.560990993941145,11.358167103331379,11.515918731689453,652900,0.0,0.0
2006-05-04,11.560987530429912,11.826912852397275,11.524929903367303,11.727754592895508,543700,0.0,0.0
2006-05-05,11.763811391684705,11.894519958203043,11.741274839056315,11.8584623336792,250300,0.0,0.0
2006-05-08,11.83141914999655,11.9801569563521,11.804376146935969,11.912549018859863,174600,0.0,0.0
2006-05-09,11.890012401410905,11.926070025187922,11.790854150944503,11.862969398498535,306300,0.0,0.0
2006-05-10,11.80888425136147,11.876492193399319,11.70972513400311,11.714232444763184,184800,0.0,0.0
2006-05-11,11.669162440987199,11.669162440987199,11.430280942534443,11.524931907653809,247400,0.0,0.0
2006-05-12,11.452817991005082,11.479861004272381,11.159849578177322,11.218442916870117,404600,0.0,0.0
2006-05-15,11.132804358122145,11.335628206945188,11.051674474720238,11.290555953979492,441400,0.0,0.0
2006-05-16,11.286048211030533,11.425771405523307,11.24097596322207,11.380699157714844,391500,0.0,0.0
2006-05-17,11.358163678853542,11.44380000566238,11.28604842486629,11.394221305847168,363500,0.0,0.0
2006-05-18,11.394224652312287,11.466339927479677,11.182385279286422,11.218442916870117,381300,0.0,0.0
2006-05-19,11.218442503403399,11.24548637535586,11.065197334400223,11.159849166870117,318400,0.0,0.0
2006-05-22,11.11026737077356,11.159846933080548,10.916457292317178,11.015616416931152,649300,0.0,0.0
2006-05-23,11.110267849946144,11.132804406367518,10.90744400024414,10.90744400024414,338300,0.0,0.0
2006-05-24,10.844340757311667,10.898427624339757,10.682081875590569,10.871384620666504,616400,0.0,0.0
2006-05-25,10.952512741088867,10.997584983333654,10.817296874036023,10.952512741088867,428900,0.0,0.0
2006-05-26,11.020123728021032,11.14632499981091,10.975051476803925,11.015616416931152,324600,0.0,0.0
2006-05-30,11.011110540990959,11.011110540990959,10.623490333557129,10.623490333557129,531200,0.0,0.0
2006-05-31,10.623491334153996,10.754200806062814,10.569405308295224,10.673070907592773,473400,0.0,0.0
2006-06-01,11.177877588305986,11.18238490031143,10.83533047271087,11.042661666870117,1329800,0.0,0.0
2006-06-02,11.087736168475221,11.141822204109568,10.988577003675525,11.069706916809082,463700,0.0,0.0
2006-06-05,11.020123940468753,11.029137703140593,10.727154731750488,10.727154731750488,382100,0.0,0.0
2006-06-06,10.781245191015373,10.808288207386259,10.66405764049888,10.73166561126709,346900,0.0,0.0
2006-06-07,10.736166954040527,10.853354439394302,10.668559020866065,10.736166954040527,463700,0.0,0.0
2006-06-08,10.736166805097943,10.83983235850607,10.62799394158318,10.772224426269531,572200,0.0,0.0
2006-06-09,10.772224426269531,10.875889979677659,10.736166805097943,10.772224426269531,298000,0.0,0.0
2006-06-12,10.776738078556937,10.808288408189464,10.488276939422969,10.497291564941406,217500,0.0,0.0
2006-06-13,10.479167275970676,10.624145678020769,10.365903466457167,10.465576171875,574900,0.12,0.0
2006-06-14,10.442919983002573,10.483695012201803,10.37496188904854,10.447450637817383,358200,0.0,0.0
2006-06-15,10.556180875234599,10.986583459508026,10.52899781791081,10.92768669128418,239200,0.0,0.0
2006-06-16,10.914098082313219,10.923159392248513,10.62414307745643,10.669447898864746,591500,0.0,0.0
2006-06-19,10.655854209274565,10.71022032741002,10.347776659394096,10.406673431396484,335200,0.0,0.0
2006-06-20,10.379493534702304,10.692101833693679,10.370432224207683,10.556184768676758,177800,0.0,0.0
2006-06-21,10.615085159071874,10.963937925833473,10.587902084714997,10.696635246276855,413500,0.0,0.0
2006-06-22,10.637734127494229,10.710222878362728,10.451981595376937,10.560714721679688,303900,0.0,0.0
2006-06-23,10.533535753568597,10.737410984775302,10.497291364035673,10.547127723693848,154400,0.0,0.0
2006-06-26,10.660389695273878,11.004711768029955,10.637736415670956,10.837080955505371,457900,0.0,0.0
2006-06-27,10.873323662502782,10.99111810587599,10.673979153399342,10.805365562438965,467400,0.0,0.0
2006-06-28,10.796302935547311,10.796302935547311,10.624142378769099,10.673977851867676,462000,0.0,0.0
2006-06-29,10.737406720472626,11.349030442920885,10.737406720472626,11.240297317504883,1085000,0.0,0.0
2006-06-30,11.317317922403879,11.326379233182623,11.122504061331673,11.208584785461426,664400,0.0,0.0
2006-07-03,11.172336748448286,11.199519807750116,11.072664954918988,11.1225004196167,151300,0.0,0.0
2006-07-05,11.072667103639368,11.108911477786549,10.90503633312488,11.036422729492188,545600,0.0,0.0
2006-07-06,11.031887660108499,11.208578805353268,11.009234395247825,11.14968204498291,309900,0.0,0.0
2006-07-07,11.054545187721988,11.14515656092111,10.98205643481633,11.031892776489258,424300,0.0,0.0
2006-07-10,11.050013615371768,11.253888756078783,11.050013615371768,11.10438060760498,266500,0.0,0.0
2006-07-11,11.06360532830639,11.167807791576001,10.927689147009858,11.099849700927734,351500,0.0,0.0
2006-07-12,11.068139222649618,11.167811060499696,10.828019643664202,10.837080955505371,500000,0.0,0.0
2006-07-13,10.760059934135075,10.760059934135075,10.510879944471915,10.556184768676758,501600,0.0,0.0
2006-07-14,10.529001203432742,10.533531858465807,10.311534946650145,10.456512451171875,693600,0.0,0.0
2006-07-17,10.442923598799197,10.592431802917966,10.393088106849174,10.49729061126709,244700,0.0,0.0
2006-07-18,10.642265326827445,10.669448393760119,10.424799063097824,10.551654815673828,329400,0.0,0.0
2006-07-19,10.5516583576738,10.823490846517995,10.53353573087917,10.818960189819336,590500,0.0,0.0
2006-07-20,10.057826920155163,10.22092622294115,9.51869092938419,9.894726753234863,3228900,0.0,0.0
2006-07-21,9.894721416210896,10.085004553604714,9.76333504947366,10.080473899841309,1231100,0.0,0.0
2006-07-24,10.085002995236573,10.297938504410073,10.085002995236573,10.19373607635498,978100,0.0,0.0
2006-07-25,10.279825869713795,10.370436418908348,10.193745113464662,10.32966136932373,711300,0.0,0.0
2006-07-26,10.311533301244749,10.365899424698181,10.107658177959493,10.175616264343262,884900,0.0,0.0
2006-07-27,10.220922863493538,10.35683991263155,10.07594536905355,10.103128433227539,660100,0.0,0.0
2006-07-28,10.171088669584885,10.229985460061235,10.057824879786097,10.162027359008789,323800,0.0,0.0
2006-07-31,10.162025285823034,10.361369757157588,10.112188951955906,10.302472114562988,523700,0.0,0.0
2006-08-01,10.306999810536702,10.311530463600016,10.148430409855548,10.19373607635498,649700,0.0,0.0
2006-08-02,10.20733314533621,10.424799416436647,10.20733314533621,10.415738105773926,575900,0.0,0.0
2006-08-03,10.329654684289856,10.737404916252654,10.248105502031217,10.633201599121094,731600,0.0,0.0
2006-08-04,10.760060523852644,10.995649424819725,10.483696587559175,10.655858039855957,768400,0.0,0.0
2006-08-07,10.578837890634388,10.696632332944185,10.506349136002838,10.678509712219238,381900,0.0,0.0
2006-08-08,10.678508684271947,10.778181360396106,10.515408569984437,10.533531188964844,413200,0.0,0.0
2006-08-09,10.533531842024429,10.65585693532399,10.34324865160314,10.420268058776855,702200,0.0,0.0
2006-08-10,10.388553309275162,10.687569598315791,10.356839591366914,10.651325225830078,555400,0.0,0.0
2006-08-11,10.637733262097685,10.701161562048185,10.510878390464693,10.651325225830078,296400,0.0,0.0
2006-08-14,10.678506998347247,10.83254577882488,10.55618193194432,10.592426300048828,278600,0.0,0.0
2006-08-15,10.705694750366325,10.932222366333008,10.67851167840792,10.932222366333008,378600,0.0,0.0
2006-08-16,11.077194486012187,11.09531623566525,10.832544384692442,10.905033111572266,674300,0.0,0.0
2006-08-17,10.909568882255789,11.222177203640546,10.891447124102543,11.19952392578125,372500,0.0,0.0
2006-08-18,11.145153271957186,11.145153271957186,10.986583847720025,11.113439559936523,358800,0.0,0.0
2006-08-21,11.054545424548389,11.059076079718816,10.891446159083559,11.000179290771484,162200,0.0,0.0
2006-08-22,10.96393074224574,11.050010565331913,10.818952424352304,10.905033111572266,591200,0.0,0.0
2006-08-23,10.918631319444627,11.031895128019501,10.87785627922693,10.986589431762695,250000,0.0,0.0
2006-08-24,10.941282448633736,10.963935726164888,10.705693547114846,10.728346824645996,722000,0.0,0.0
2006-08-25,10.705692223416689,10.705692223416689,10.420267874888728,10.560714721679688,440400,0.0,0.0
2006-08-28,10.53353135080883,10.818955691063378,10.53353135080883,10.769120216369629,234400,0.0,0.0
2006-08-29,10.823488258685602,11.031894096323203,10.782713222281163,10.895977020263672,445500,0.0,0.0
2006-08-30,10.923155427471404,11.086254626436201,10.886911065019918,11.040949821472168,151800,0.0,0.0
2006-08-31,11.004712120802834,11.104383961848045,10.968466872276261,11.077200889587402,308300,0.0,0.0
2006-09-01,11.09984995290771,11.131563671654574,11.027361206019442,11.10438060760498,201200,0.0,0.0
2006-09-05,11.099849700927734,11.108911010116572,11.013768991901793,11.099849700927734,365000,0.0,0.0
2006-09-06,11.054544915929622,11.099850601415275,10.9458117892445,11.081727981567383,495400,0.0,0.0
2006-09-07,11.031892913553293,11.059075980197122,10.850671029037585,10.873323440551758,285800,0.0,0.0
2006-09-08,10.918628706966754,11.099850584499107,10.873323021550146,11.045483589172363,233400,0.0,0.0
2006-09-11,10.932220320591378,11.145156792799288,10.91862921922261,11.090789794921875,329400,0.0,0.0
2006-09-12,11.1225000725191,11.512127654933112,11.06813395561203,11.48947525024414,381100,0.0,0.0
2006-09-13,11.51678982271287,11.539550798539782,11.37112305039043,11.471269607543945,350400,0.12,0.0
2006-09-14,11.47582526599772,11.680669784545898,11.293741731867549,11.680669784545898,507100,0.0,0.0
2006-09-15,11.767152786254883,11.88550723006785,11.580517166307354,11.767152786254883,519100,0.0,0.0
2006-09-18,11.721636848449707,11.721636848449707,11.31650094006909,11.380229949951172,724100,0.0,0.0
2006-09-19,11.348362307871492,11.380226804003918,11.184486764056267,11.357466697692871,372900,0.0,0.0
2006-09-20,11.38022829780958,11.808125124915124,11.38022829780958,11.74439525604248,480400,0.0,0.0
2006-09-21,11.767156261166951,11.767156261166951,11.33470723753948,11.40298843383789,466800,0.0,0.0
2006-09-22,11.343812297105531,11.380228995160342,11.211801224005239,11.33926010131836,301400,0.0,0.0
2006-09-25,11.311948994682094,11.744397221421886,11.311948994682094,11.730741500854492,355300,0.0,0.0
2006-09-26,11.694323233839338,11.84454221767489,11.621489839751952,11.73984432220459,236000,0.0,0.0
2006-09-27,11.667009070533682,11.81267671459865,11.525894489985948,11.644248962402344,406800,0.0,0.0
2006-09-28,11.64424385188575,11.744389499250396,11.539546011244244,11.635139465332031,330000,0.0,0.0
2006-09-29,11.635146141254285,11.885511705681811,11.635146141254285,11.676115036010742,360600,0.0,0.0
2006-10-02,11.685219118002887,11.890063586354566,11.585073415832381,11.639698028564453,375900,0.0,0.0
2006-10-03,11.644248990547762,11.894613653567529,11.539551103702586,11.849093437194824,492000,0.0,0.0
2006-10-04,11.835436513053114,12.240572331239271,11.826332122741809,12.181395530700684,629000,0.0,0.0
2006-10-05,12.158638989404825,12.317962404991096,12.149535464015742,12.267889976501465,590200,0.0,0.0
2006-10-06,12.040282477089281,12.2451260755542,12.003865779479348,12.158636093139648,284600,0.0,0.0
2006-10-09,12.117668092342903,12.122219419841034,12.026625914014202,12.049386024475098,1103700,0.0,0.0
2006-10-10,12.035728741652656,12.040280936801866,11.826332106001283,11.908269882202148,677900,0.0,0.0
2006-10-11,11.826327241749693,11.867296112999341,11.635139465332031,11.635139465332031,847800,0.0,0.0
2006-10-12,11.084341969297421,12.19505243751346,11.066133188195,12.067593574523926,1579200,0.0,0.0
2006-10-13,12.07214765026155,12.258783344421001,11.958345355372002,12.012969970703125,486500,0.0,0.0
2006-10-16,12.012970265943224,12.336169242858887,11.894615772160208,12.336169242858887,465600,0.0,0.0
2006-10-17,12.195055010859123,12.258784021680464,11.949241623560827,12.154086112976074,536500,0.0,0.0
2006-10-18,12.15408642181573,12.322513345621251,12.085804344780472,12.149534225463867,506500,0.0,0.0
2006-10-19,12.090356212201597,12.135877306239093,11.97655391122918,12.058491706848145,261600,0.0,0.0
2006-10-20,12.0767001826949,12.090355902786817,11.894615811204789,12.063043594360352,491300,0.0,0.0
2006-10-23,11.98110516067116,12.281543142037338,11.912823959132044,12.14042854309082,324600,0.0,0.0
2006-10-24,12.06759325653671,12.236020136083619,12.049384475914101,12.181395530700684,515700,0.0,0.0
2006-10-25,12.158638636387966,12.490942048360104,12.158638636387966,12.381691932678223,372700,0.0,0.0
2006-10-26,12.486386573561509,12.486386573561509,12.213260921940508,12.42720890045166,213400,0.0,0.0
2006-10-27,12.349820436826278,12.395341512866382,12.176841389764647,12.236018180847168,219700,0.0,0.0
2006-10-30,12.23602042510853,12.449969261265613,12.135874734045991,12.436312675476074,136800,0.0,0.0
2006-10-31,12.459070479754697,12.477278387929273,12.263330474485075,12.372580528259277,273600,0.0,0.0
2006-11-01,12.390792242002638,12.390792242002638,12.104010871296827,12.208708763122559,605500,0.0,0.0
2006-11-02,12.104008020800416,12.158632617479078,11.985653570340235,11.990205764770508,385500,0.0,0.0
2006-11-03,11.990207644496827,11.990207644496827,11.744394316179323,11.826332092285156,383400,0.0,0.0
2006-11-06,11.921926796941868,12.290645931787605,11.921926796941868,12.258781433105469,450400,0.0,0.0
2006-11-07,12.167739209515398,12.358927068993145,12.167739209515398,12.27243709564209,225900,0.0,0.0
2006-11-08,12.25878427899048,12.541013505616933,12.167742088841042,12.422659873962402,327900,0.0,0.0
2006-11-09,12.445419686500793,12.445419686500793,12.222367281094071,12.304305076599121,259700,0.0,0.0
2006-11-10,12.295197494952879,12.486385345458984,12.286093104871059,12.486385345458984,227300,0.0,0.0
2006-11-13,12.459072069847492,12.54556116413886,12.35437332857304,12.404446601867676,299800,0.0,0.0
2006-11-14,12.436315594714948,12.47273229712619,12.245127689995265,12.422659873962402,359000,0.0,0.0
2006-11-15,12.472729411226403,12.677573857545061,12.472729411226403,12.531907081604004,485800,0.0,0.0
2006-11-16,12.563774356228127,12.64571215285943,12.49094095216534,12.613846778869629,167300,0.0,0.0
2006-11-17,12.61384265863099,12.61384265863099,12.449967987139761,12.50914478302002,250100,0.0,0.0
2006-11-20,12.509147673265824,12.650263139860076,12.44997086371273,12.563773155212402,195000,0.0,0.0
2006-11-21,12.554669997756815,12.604743288776973,12.495493182386081,12.545565605163574,215200,0.0,0.0
2006-11-22,12.591085770293914,12.67757575705886,12.522804567371102,12.641159057617188,96200,0.0,0.0
2006-11-24,12.527356431256193,12.773168928910826,12.509147647896734,12.754961013793945,179100,0.0,0.0
2006-11-27,12.677576453159805,12.677576453159805,12.33161735534668,12.33161735534668,425500,0.0,0.0
2006-11-28,12.276989955294141,12.522803302886484,12.231469736770388,12.481834411621094,477500,0.0,0.0
2006-11-29,12.595638215266826,12.745857211963838,12.509148226791995,12.691231727600098,482700,0.0,0.0
2006-11-30,12.677576042506285,12.682128238569316,12.481835953009051,12.500043869018555,454400,0.0,0.0
2006-12-01,12.504591921460612,12.504591921460612,12.01751839127091,12.245122909545898,937500,0.0,0.0
2006-12-04,12.24057325952963,12.63205339018002,12.24057325952963,12.481834411621094,347800,0.0,0.0
2006-12-05,12.427205119654221,12.518247265243803,12.32705945409948,12.440861701965332,415700,0.0,0.0
2006-12-06,12.390790294422947,12.395342489209751,12.213259038949479,12.27698802947998,419800,0.0,0.0
2006-12-07,12.276990615710849,12.43631399384202,12.231470394738421,12.418106079101562,234300,0.0,0.0
2006-12-08,12.381686496684127,12.500040085529406,12.336165418074673,12.404446601867676,193400,0.0,0.0
2006-12-11,12.381687425481154,12.504593218231241,12.36347864537452,12.43175983428955,138500,0.0,0.0
2006-12-12,12.408999135756789,12.463623736987428,12.336165755287682,12.413551330566406,268900,0.0,0.0
2006-12-13,12.541573088074475,12.541573088074475,12.4044062547805,12.482133865356445,331200,0.12,0.0
2006-12-14,12.491282296920257,12.674170591559172,12.482137664168267,12.578154563903809,284500,0.0,0.0
2006-12-15,12.65587899629483,12.710745034765726,12.619301346620912,12.687884330749512,502000,0.0,0.0
2006-12-18,12.669597465133258,12.838769671908084,12.669597465133258,12.7564697265625,477600,0.0,0.0
2006-12-19,12.710748238324015,12.761042846331655,12.578154551867748,12.747325897216797,428100,0.0,0.0
2006-12-20,12.779328017630613,12.884488644246417,12.747321813283286,12.793044090270996,334700,0.0,0.0
2006-12-21,12.793048693713242,12.806765643369422,12.537005071359355,12.646738052368164,684700,0.0,0.0
2006-12-22,12.633021516338806,12.724466106213638,12.559866193271034,12.706177711486816,323600,0.0,0.0
2006-12-26,12.701603548681373,12.861630249583026,12.701603548681373,12.811336517333984,213000,0.0,0.0
2006-12-27,12.870772371708759,12.966789245605469,12.811334018976465,12.966789245605469,148600,0.0,0.0
2006-12-28,12.939357658483164,13.030802233515312,12.889063927087573,12.96221923828125,118800,0.0,0.0
2006-12-29,12.962216408623135,13.007938686158013,12.797616558329537,12.802188873291016,191100,0.0,0.0
2007-01-03,12.710747458329296,12.889064297559353,12.70160369822734,12.820481300354004,533600,0.0,0.0
2007-01-04,12.82047864926757,12.998794579544391,12.665023422638567,12.966789245605469,336400,0.0,0.0
2007-01-05,12.916494131088257,12.916494131088257,12.797616558329537,12.802188873291016,229900,0.0,0.0
2007-01-08,12.756466595756137,12.870771853553379,12.596439060424018,12.802188873291016,777800,0.0,0.0
2007-01-09,12.806761656891403,13.030799865722656,12.806761656891403,13.030799865722656,468200,0.0,0.0
2007-01-10,13.03080259655319,13.090240961523968,12.971364231582413,13.08566951751709,270400,0.0,0.0
2007-01-11,13.076524120571314,13.28684541579216,13.058234857292941,13.231979370117188,471400,0.0,0.0
2007-01-12,13.186253926785065,13.273126162397162,13.145103966341434,13.2136869430542,142400,0.0,0.0
2007-01-16,13.241122478693947,13.305134024941134,13.122245761549234,13.154251098632812,381000,0.0,0.0
2007-01-17,13.154247438310563,13.222830408988512,13.062802896020104,13.163392066955566,541600,0.0,0.0
2007-01-18,13.163396282766847,13.259412298050853,13.126817756471912,13.15882396697998,429500,0.0,0.0
2007-01-19,13.158821528662651,13.158821528662651,13.035371641532594,13.122243881225586,508800,0.0,0.0
2007-01-22,13.122247113319526,13.190830110146468,13.0673801926099,13.149680137634277,387000,0.0,0.0
2007-01-23,13.122248199202172,13.18168656881609,13.058236641063885,13.09481430053711,435100,0.0,0.0
2007-01-24,13.126814023329343,13.23197551236021,13.117670266436074,13.167963981628418,187400,0.0,0.0
2007-01-25,13.122243750112501,13.172537469786008,12.998793864215914,13.081093788146973,407100,0.0,0.0
2007-01-26,13.081093788146973,13.103954490536756,12.998793864215914,13.081093788146973,218300,0.0,0.0
2007-01-29,13.081092564548197,13.081092564548197,12.966787319131535,12.99879264831543,344600,0.0,0.0
2007-01-30,13.007942601371864,13.044520259993162,12.975936387008078,13.00337028503418,311700,0.0,0.0
2007-01-31,12.985079458892368,13.076524030494173,12.94850180466766,13.062807083129883,634400,0.0,0.0
2007-02-01,13.122244424138652,13.140532812573886,12.939355307306661,13.030799865722656,438000,0.0,0.0
2007-02-02,13.145107362088664,13.227407304236294,12.994224425511373,13.218262672424316,474000,0.0,0.0
2007-02-05,13.218262608315976,13.218262608315976,13.071951988354279,13.113101959228516,154100,0.0,0.0
2007-02-06,13.145104583843787,13.158821528662651,13.030799326592971,13.122243881225586,215700,0.0,0.0
2007-02-07,13.648046819455805,14.813960875194548,13.648046819455805,14.804816246032715,4274000,0.0,0.0
2007-02-08,14.731664283680297,14.74080891490722,14.539630516235045,14.608214378356934,892500,0.0,0.0
2007-02-09,14.603641659275292,14.713374614726577,14.448186421032636,14.516769409179688,683500,0.0,0.0
2007-02-12,14.576207460630716,14.594496722195668,14.434469171822295,14.498479843139648,830400,0.0,0.0
2007-02-13,14.562488801954533,14.6219271473314,14.507621899077565,14.548771858215332,696800,0.0,0.0
2007-02-14,14.548776254890063,14.704231509260612,14.49391020751228,14.521343231201172,555500,0.0,0.0
2007-02-15,14.54420195279452,14.72251876262189,14.493908228246271,14.61735725402832,331100,0.0,0.0
2007-02-16,14.617357780499768,14.653935432434082,14.539630161129354,14.653935432434082,463400,0.0,0.0
2007-02-20,14.631073128186072,14.777383719935147,14.471045591430554,14.672223091125488,328100,0.0,0.0
2007-02-21,14.640221471784542,14.800248177052033,14.631076839460647,14.768242835998535,246100,0.0,0.0
2007-02-22,14.745382127268932,14.77738746832243,14.603643814569097,14.768242835998535,444600,0.0,0.0
2007-02-23,14.539630516235045,14.690514315239176,14.379603830164056,14.608214378356934,664100,0.0,0.0
2007-02-26,14.562493787505852,14.585354496151178,14.425326919393504,14.493910789489746,559200,0.0,0.0
2007-02-27,14.356740741176408,14.402463020419123,14.173852496285487,14.210430145263672,451200,0.0,0.0
2007-02-28,14.196714634139061,14.379603769586932,14.082409360524158,14.109843254089355,791200,0.0,0.0
2007-03-01,13.876660043488787,14.352169516327963,13.771499403697817,14.251581192016602,522600,0.0,0.0
2007-03-02,14.036690096087646,14.237866780528446,14.027545463500292,14.096128463745117,416900,0.0,0.0
2007-03-05,14.036689061886394,14.041260505763091,13.908666831336411,13.926955223083496,384700,0.0,0.0
2007-03-06,14.027545463500292,14.137278438308046,13.931528565493407,14.096128463745117,306200,0.0,0.0
2007-03-07,14.06412284022043,14.224150418974878,14.036689815087712,14.141850471496582,297600,0.0,0.0
2007-03-08,14.26529786410634,14.333880850821469,14.155564038866146,14.297303199768066,245600,0.0,0.0
2007-03-09,14.356740173502658,14.411607080840437,14.311017896067828,14.333879470825195,246000,0.0,0.0
2007-03-12,14.324738192113324,14.466476500448254,14.3110212440499,14.4024658203125,379800,0.0,0.0
2007-03-13,14.329310546241876,14.356743570361566,14.064122320871226,14.10527229309082,302000,0.0,0.0
2007-03-14,14.10526735168007,14.265294868463695,13.844651533642642,14.128128051757812,443200,0.0,0.0
2007-03-15,14.150989314253666,14.402460497925205,14.118983113933476,14.39788818359375,830600,0.0,0.0
2007-03-16,14.4253280548682,14.471050347837966,14.164712118644799,14.311022758483887,687600,0.0,0.0
2007-03-19,14.356742225165323,14.60821435095378,14.356742225165323,14.54420280456543,292000,0.0,0.0
2007-03-20,14.448185946955151,14.621929569365431,14.448185946955151,14.61735725402832,164500,0.0,0.0
2007-03-21,14.608211363653707,14.681366654211935,14.47561685446701,14.599066734313965,335200,0.0,0.0
2007-03-22,14.635646805568758,14.649364624749452,14.516770085683369,14.562492370605469,207500,0.0,0.0
2007-03-23,14.60821385503564,14.66765308380127,14.544202310820346,14.66765308380127,499500,0.0,0.0
2007-03-26,14.60821229531939,14.644789070851402,14.466473147753277,14.631072998046875,499000,0.0,0.0
2007-03-27,14.585350720511997,14.640217627969832,14.461900832791798,14.631072998046875,634700,0.0,0.0
2007-03-28,14.631072998046875,14.740806812962546,14.548773072900076,14.631072998046875,786900,0.0,0.0
2007-03-29,14.76823908993085,14.83224975580109,14.61278386817748,14.672223091125488,367500,0.0,0.0
2007-03-30,14.717944219300767,14.873399438121133,14.676794257137736,14.845967292785645,432500,0.0,0.0
2007-04-02,14.859684777819636,15.12487383566674,14.859684777819636,15.074579238891602,537200,0.0,0.0
2007-04-03,15.111159442666086,15.371775372154557,15.102014809892411,15.312337875366211,315400,0.0,0.0
2007-04-04,15.53636446050895,15.540937645793049,15.271177271283106,15.335187911987305,254000,0.0,0.0
2007-04-05,15.312332778498387,15.367198812717351,15.307759591553602,15.326048851013184,89300,0.0,0.0
2007-04-09,15.312339263521729,15.454076723962139,15.294049996316346,15.348916053771973,201800,0.0,0.0
2007-04-10,15.316908335192752,15.403779724718543,15.289474438635015,15.344342231750488,104800,0.0,0.0
2007-04-11,15.362622194316234,15.362622194316234,15.028851132450319,15.161445617675781,149800,0.0,0.0
2007-04-12,15.111151037475821,15.188879500737412,14.914545902599277,15.161445617675781,217100,0.0,0.0
2007-04-13,15.13858445439821,15.156873709209476,15.04713992450121,15.134011268615723,370300,0.0,0.0
2007-04-16,15.179734457858093,15.518076952233661,15.179734457858093,15.390055656433105,453200,0.0,0.0
2007-04-17,15.390063666758778,15.422069007367275,15.20260306712604,15.321479797363281,325300,0.0,0.0
2007-04-18,16.309075325789554,16.309075325789554,15.367201003427024,15.37634563446045,3246000,0.0,0.0
2007-04-19,15.266614142209558,15.271187330506043,14.699660884666152,14.91455364227295,2005500,0.0,0.0
2007-04-20,15.079149157898028,15.2254597460033,14.964843901930797,15.207170486450195,1688000,0.0,0.0
2007-04-23,15.156878765876408,15.394632181105287,15.143160948111724,15.184310913085938,1613000,0.0,0.0
2007-04-24,15.271186971660384,15.280329859717922,14.900837215560987,14.951131820678711,1416100,0.0,0.0
2007-04-25,15.019713262546116,15.08829712897827,14.932841876670874,15.001425743103027,1384300,0.0,0.0
2007-04-26,15.472363163852693,15.472363163852693,15.005997400299094,15.115731239318848,1004300,0.0,0.0
2007-04-27,15.120298746707658,15.152304078055943,14.992277421314515,15.051714897155762,472600,0.0,0.0
2007-04-30,15.042570921213388,15.115726208157275,14.70879807136231,14.745376586914062,1019400,0.0,0.0
2007-05-01,14.791098839435449,14.928266536498304,14.425322383640516,14.905404090881348,1158000,0.0,0.0
2007-05-02,14.516762997091218,14.745373437990294,14.22871422527342,14.663073539733887,2254800,0.0,0.0
2007-05-03,14.653932190887758,14.740805294124863,14.548771573848832,14.62649917602539,835700,0.0,0.0
2007-05-04,14.77281408948979,14.809390869834747,14.516769650434895,14.800246238708496,1156600,0.0,0.0
2007-05-07,14.902209415229038,15.647320484384359,14.862993673056515,15.396334648132324,3862600,13.5,0.0
2007-05-08,15.45124896571925,15.608113533785977,15.396344796110956,15.576741218566895,1602500,0.0,0.0
2007-05-09,15.615948342568842,15.843403859940999,15.553202250877357,15.780657768249512,1049300,0.0,0.0
2007-05-10,15.72575793001352,15.843408193099025,15.451244638774645,15.490460395812988,1025600,0.0,0.0
2007-05-11,15.4826168514749,15.757131637037073,15.4826168514749,15.694385528564453,738600,0.0,0.0
2007-05-14,15.670851052741448,15.851245880126953,15.670851052741448,15.851245880126953,1058800,0.0,0.0
2007-05-15,15.866936574970536,15.921839231578327,15.608108696687239,15.639482498168945,700700,0.0,0.0
2007-05-16,15.64731664041408,15.702219264361927,15.490450718290832,15.600255966186523,787800,0.0,0.0
2007-05-17,15.54535480233612,15.55319824877741,15.31790083947653,15.404175758361816,1406800,0.0,0.0
2007-05-18,15.404180232781371,15.498300121431194,15.255159195064397,15.364964485168457,714000,0.0,0.0
2007-05-21,15.36496220507493,15.600259647805052,15.325746463281462,15.451238632202148,829700,0.0,0.0
2007-05-22,15.435557911833415,15.529676328182134,15.294378791325082,15.521834373474121,392200,0.0,0.0
2007-05-23,15.506139690029144,15.592414612385843,15.396332931417295,15.427706718444824,402400,0.0,0.0
2007-05-24,15.357115745544434,15.498294781887076,15.184564421116965,15.357115745544434,1060600,0.0,0.0
2007-05-25,15.451238781552398,15.521828314250676,15.270842477998643,15.396334648132324,504900,0.0,0.0
2007-05-29,15.41986703840874,15.41986703840874,15.200254963523337,15.34927749633789,633900,0.0,0.0
2007-05-30,15.215943085206208,15.317906430172874,15.176727334671329,15.255160331726074,738000,0.0,0.0
2007-05-31,15.270844259366154,15.41986678977786,15.208098166979886,15.388494491577148,941500,0.0,0.0
2007-06-01,15.388492547741805,15.49829782155124,15.38064910018618,15.451238632202148,671600,0.0,0.0
2007-06-04,15.584574811451516,15.639477450338818,15.4198653988049,15.592416763305664,791000,0.0,0.0
2007-06-05,15.576728102871998,15.584571549068956,15.396331832310759,15.537510871887207,975700,0.0,0.0
2007-06-06,15.4512414502976,15.529672948189368,15.302218911530362,15.372808456420898,957800,0.0,0.0
2007-06-07,15.372807980532992,15.404180279521539,15.137509006186919,15.161039352416992,688500,0.0,0.0
2007-06-08,15.161034862088703,15.294370459265267,15.066915001029303,15.262996673583984,331800,0.0,0.0
2007-06-11,15.200251401792368,15.24731208280223,15.098289584906706,15.11397647857666,541000,0.0,0.0
2007-06-12,15.066919168592815,15.153195607096267,14.92574158193015,14.980644226074219,490000,0.0,0.0
2007-06-13,15.066918116145436,15.066918116145436,14.83946410686733,14.964956283569336,846700,0.0,0.0
2007-06-14,14.941426933504998,15.01985992315813,14.70612946053045,14.761032104492188,844500,0.0,0.0
2007-06-15,14.996331073451584,14.996331073451584,14.70612946053045,14.761032104492188,1144200,0.0,0.0
2007-06-18,14.761033500648145,14.761033500648145,14.557108306655904,14.612010955810547,940100,0.0,0.0
2007-06-19,14.666912949962546,14.831620873271108,14.588479964393565,14.792405128479004,672100,0.0,0.0
2007-06-20,14.84731206388728,14.84731206388728,14.627699939972421,14.643386840820312,598500,0.0,0.0
2007-06-21,14.651221696894428,14.674750538379133,14.259058381649863,14.376707077026367,997100,0.0,0.0
2007-06-22,14.35318548354755,14.572797612427026,14.313969726526505,14.408089637756348,848500,0.0,0.0
2007-06-25,14.415925287472621,14.502201710367647,14.08650798621885,14.117881774902344,1438800,0.0,0.0
2007-06-26,14.13357266848023,14.282593718940078,14.039452771782162,14.149259567260742,919000,0.0,0.0
2007-06-27,14.078665390247478,14.4002392296027,14.031604709377557,14.361021995544434,878900,0.0,0.0
2007-06-28,14.39240126303136,14.502206568236396,14.298281361437699,14.40024471282959,684800,0.0,0.0
2007-06-29,14.439454229337013,14.48651341181612,14.227685664204373,14.329648971557617,634300,0.0,0.0
2007-07-02,14.43161478413331,14.698286052091028,14.243376506042836,14.41592788696289,697000,0.0,0.0
2007-07-03,14.415925737774144,14.470829869685264,14.353179654431777,14.455142974853516,403400,0.0,0.0
2007-07-05,14.494361151940153,14.721816677273893,14.478674254471988,14.604167938232422,386400,0.0,0.0
2007-07-06,14.62769259564509,14.808087376866926,14.604163752171909,14.745341300964355,369800,0.0,0.0
2007-07-09,14.808089517467511,14.870835602440415,14.682597347521702,14.713971138000488,392000,0.0,0.0
2007-07-10,14.619850657210732,14.682596739585621,14.423768962791126,14.486515045166016,570800,0.0,0.0
2007-07-11,14.447300233751298,14.792404456998417,14.408084490739338,14.690441131591797,772200,0.0,0.0
2007-07-12,14.753185367416403,14.917894758572443,14.73749996976996,14.768872261047363,369000,0.0,0.0
2007-07-13,14.721813296868705,14.753185588616484,14.541418505361497,14.737500190734863,298400,0.0,0.0
2007-07-16,14.651224660195584,14.768873379367273,14.447299515505165,14.65906810760498,459000,0.0,0.0
2007-07-17,14.729660126007975,14.815935070113115,14.564950694562011,14.604167938232422,349600,0.0,0.0
2007-07-18,14.525732316285143,14.745342857128733,14.329650621397874,14.423768997192383,662500,0.0,0.0
2007-07-19,14.423776299089077,14.557111978951697,14.361030184799924,14.525739669799805,425400,0.0,0.0
2007-07-20,14.494357599373513,14.549260231070575,14.21200099407656,14.361021995544434,409000,0.0,0.0
2007-07-23,14.345333526919672,14.596317787224919,14.306116301256855,14.33749008178711,575400,0.0,0.0
2007-07-24,15.098292464272957,16.92577403777154,15.066918670949814,16.63557243347168,3583200,0.0,0.0
2007-07-25,16.66694933065046,16.66694933065046,16.000271058227423,16.243412017822266,1189300,0.0,0.0
2007-07-26,16.07869707919549,16.18850233663107,15.435549435385179,15.655159950256348,908000,0.0,0.0
2007-07-27,15.584574132041336,16.00026637748576,15.176723838109188,15.29437255859375,868800,0.0,0.0
2007-07-30,15.286536589197995,15.490461835923332,14.972806015768775,15.129672050476074,622600,0.0,0.0
2007-07-31,15.255156336151822,15.553199851715414,14.96495477185328,15.019857406616211,481500,0.0,0.0
2007-08-01,15.137508037210283,15.427709638198696,14.447301047809823,14.878680229187012,845100,0.0,0.0
2007-08-02,14.910053776314307,15.09044859493515,14.643382524446642,14.91789722442627,622000,0.0,0.0
2007-08-03,14.894366580719389,15.019858756018914,13.882585730368866,13.90611457824707,1138900,0.0,0.0
2007-08-06,13.968859568308616,14.384553301316064,13.655129154710831,14.157097816467285,1039700,0.0,0.0
2007-08-07,14.094353464702785,14.23553254215642,13.615915086202445,13.929645538330078,1100000,0.0,0.0
2007-08-08,14.102196808590444,14.36886806492068,12.839431561128224,13.294341087341309,1749600,0.0,0.0
2007-08-09,12.941389169072632,13.019822129900236,11.811959170706476,12.39236068725586,3574000,0.0,0.0
2007-08-10,12.211967065589901,13.6472849356191,12.157064433313108,13.435516357421875,2226900,0.0,0.0
2007-08-13,13.764939857442803,14.094357295712497,13.647291092914744,13.851216316223145,1063900,0.0,0.0
2007-08-14,13.91395906617641,13.929645963257524,13.553169409219851,13.639444351196289,692700,0.0,0.0
2007-08-15,13.600225910916928,13.702187729780666,13.310024356330894,13.325711250305176,542900,0.0,0.0
2007-08-16,13.639441616393004,14.196314383236924,13.513949456875833,13.796307563781738,1597400,0.0,0.0
2007-08-17,13.780621884079128,14.306120909354064,13.772778436420138,13.898270606994629,735000,0.0,0.0
2007-08-20,13.929649935762535,14.180634376697583,13.835530022419258,13.874747276306152,522000,0.0,0.0
2007-08-21,13.804153577813825,14.20416047165556,13.717877141107326,13.757094383239746,386800,0.0,0.0
2007-08-22,13.80415647732005,14.015925141361778,13.6865077181808,13.968864440917969,328300,0.0,0.0
2007-08-23,13.992392289897394,14.062981831959572,13.59238538354,13.608072280883789,442000,0.0,0.0
2007-08-24,13.6159131294577,13.968859276385048,13.443360283596498,13.913956642150879,338100,0.0,0.0
2007-08-27,13.804154009726538,13.811997458398432,13.561013084837292,13.608072280883789,330000,0.0,0.0
2007-08-28,13.529636513209036,13.553166854395146,13.239434955851925,13.27865219116211,358400,0.0,0.0
2007-08-29,13.325717305795079,13.827686173201085,13.231598891149067,13.741411209106445,474900,0.0,0.0
2007-08-30,13.576698531718053,13.764936812520059,13.43551944712033,13.545326232910156,304500,0.0,0.0
2007-08-31,13.717874590087371,13.851210196572433,13.49826256294005,13.796307563781738,315800,0.0,0.0
2007-09-04,13.91396242370379,13.91396242370379,13.63160419204828,13.851216316223145,291300,0.0,0.0
2007-09-05,13.600225031925559,13.968858040588918,13.600225031925559,13.811993598937988,563900,0.0,0.0
2007-09-06,13.91395911677704,14.023764404774477,13.608072102507123,13.85905647277832,329600,0.0,0.0
2007-09-07,13.647282563508758,13.717872077304943,13.388454844917506,13.443357467651367,393600,0.0,0.0
2007-09-10,13.498264171762095,13.600227498512872,13.10610075253389,13.208064079284668,352200,0.0,0.0
2007-09-11,13.239436908021299,13.513951611731827,13.184534266476149,13.357087135314941,639000,0.0,0.0
2007-09-12,13.333553798508053,13.474732842790942,13.129628678542149,13.200218200683594,309600,0.0,0.0
2007-09-13,13.223749400370906,13.270808586198635,12.98845047926317,13.184532165527344,332400,0.0,0.0
2007-09-14,13.035510894806336,13.317867499989713,12.80021197850492,13.286495208740234,914500,0.0,0.0
2007-09-17,13.192377603551368,13.247280244633972,13.011982783998588,13.059041976928711,491300,0.0,0.0
2007-09-18,13.090414455452873,13.537480483372084,12.980607688325883,13.490421295166016,278500,0.0,0.0
2007-09-19,13.63159944438992,13.921801025406298,13.521794168538435,13.772778511047363,340500,0.0,0.0
2007-09-20,13.662973084782159,13.710032274488343,13.34924266009981,13.48257827758789,233800,0.0,0.0
2007-09-21,13.608068955530875,13.655128140077695,13.427674168114313,13.474733352661133,363300,0.0,0.0
2007-09-24,13.451204980330433,13.459048428233164,13.145317992047545,13.208064079284668,218600,0.0,0.0
2007-09-25,13.153159970162777,13.176688815257037,12.941391388407094,12.996294021606445,428800,0.0,0.0
2007-09-26,13.082570806982003,13.31786824037997,12.957078643038473,13.113943099975586,441100,0.0,0.0
2007-09-27,13.16100530692621,13.208064499856333,12.98060899138866,13.059041976928711,218500,0.0,0.0
2007-09-28,13.004140422651972,13.153162958033976,12.894335131309914,13.011983871459961,347400,0.0,0.0
2007-10-01,13.051198468188488,13.54532522760758,13.051198468188488,13.46689224243164,316300,0.0,0.0
2007-10-02,13.506108898144031,13.568854991320658,13.482580048193336,13.52963924407959,218900,0.0,0.0
2007-10-03,13.459049702257778,13.55316959001515,13.404147057726338,13.52963924407959,202600,0.0,0.0
2007-10-04,13.600225601157607,13.600225601157607,13.137472711347788,13.286495208740234,330600,0.0,0.0
2007-10-05,13.419830928601096,13.647284904077042,13.341397955822156,13.498262405395508,237300,0.0,0.0
2007-10-08,13.490423494528477,13.490423494528477,13.176691532714202,13.247281074523926,374600,0.0,0.0
2007-10-09,13.231592577065259,13.37277013166469,13.176688449405768,13.286495208740234,691700,0.0,0.0
2007-10-10,13.215909206233055,13.302184152154647,13.176691961736955,13.2394380569458,501800,0.0,0.0
2007-10-11,13.325711218995076,13.325711218995076,13.090413793871885,13.184532165527344,634000,0.0,0.0
2007-10-12,13.161005358282177,13.255123744509683,13.098259268802245,13.13747501373291,499800,0.0,0.0
2007-10-15,13.082569914885948,13.161002885998485,12.784524923855207,12.988450050354004,700200,0.0,0.0
2007-10-16,12.164910705980445,12.24334294916733,11.153129009327847,11.20803165435791,2538100,0.0,0.0
2007-10-17,11.176658518172644,11.655097666164513,11.051166331682477,11.474702835083008,1783700,0.0,0.0
2007-10-18,11.3570490217548,11.56097412109375,11.215870739744268,11.56097412109375,1411900,0.0,0.0
2007-10-19,11.513917923546124,11.529604070944586,11.302149323724315,11.341365814208984,833000,0.0,0.0
2007-10-22,11.29430481600142,11.490386502029168,11.168812656622423,11.357050895690918,729700,0.0,0.0
2007-10-23,11.459015409331199,11.827649251140459,11.38842661868008,11.780590057373047,963400,0.0,0.0
2007-10-24,11.717843074196637,12.000201225280762,11.608037791434935,12.000201225280762,836600,0.0,0.0
2007-10-25,12.039417252144023,12.039417252144023,11.733529516309812,11.898238182067871,673900,0.0,0.0
2007-10-26,12.039419710075075,12.055105861067995,11.686471962827962,11.906084060668945,459300,0.0,0.0
2007-10-29,11.898233806706141,12.008039792829788,11.584503486341557,11.623719215393066,428500,0.0,0.0
2007-10-30,11.63156664642945,11.647253541819474,11.490387579888596,11.513917922973633,715100,0.0,0.0
2007-10-31,11.772745365701763,12.117848826186794,11.568820219600813,12.110005378723145,927600,0.0,0.0
2007-11-01,11.92176783709495,12.125692995332875,11.717842678857028,11.804119110107422,1262800,0.0,0.0
2007-11-02,11.92176439377337,11.92176439377337,11.490384606092409,11.56097412109375,732800,0.0,0.0
2007-11-05,11.404112405585698,11.56097762648936,11.27077678081949,11.380582809448242,517000,0.0,0.0
2007-11-06,11.223718483607941,11.325680324332241,11.16881509091897,11.30215072631836,568600,0.0,0.0
2007-11-07,11.160970531589495,11.2472469623755,10.706061025964162,10.729591369628906,707600,0.0,0.0
2007-11-08,10.847241817922423,11.223719148406037,10.63547392726928,11.121756553649902,911200,0.0,0.0
2007-11-09,11.019793143363701,11.019793143363701,10.721748830285692,10.792338371276855,823100,0.0,0.0
2007-11-12,10.69037430719818,11.082537704756474,10.60409862901259,10.988418579101562,834000,0.0,0.0
2007-11-13,11.06685027818934,11.255089268448875,11.004104197433591,11.184499740600586,833200,0.0,0.0
2007-11-14,11.231559010642078,11.231559010642078,10.980574685753808,11.027634620666504,518600,0.0,0.0
2007-11-15,10.996262420763276,11.011948568271917,10.800180714955022,10.870769500732422,494000,0.0,0.0
2007-11-16,10.753123267913756,10.964891170296696,10.682533717788601,10.894302368164062,508900,0.0,0.0
2007-11-19,10.80018220466305,10.941360543683436,10.64331621998548,10.847241401672363,442000,0.0,0.0
2007-11-20,10.823707648411087,10.996259716525616,10.486446958003635,10.635469436645508,882500,0.0,0.0
2007-11-21,10.596256290951098,10.596256290951098,10.329585033012714,10.39233112335205,514100,0.0,0.0
2007-11-23,10.533509626323164,10.635472204563673,10.462920091541863,10.61978530883789,114900,0.0,0.0
2007-11-26,10.659002709713556,10.729592250518403,10.509980179571679,10.541353225708008,524900,0.0,0.0
2007-11-27,10.596251948533896,10.635468425922898,10.392326864504756,10.462916374206543,533900,0.0,0.0
2007-11-28,10.557040128952552,10.839397544344807,10.541353231878995,10.823711395263672,904200,0.0,0.0
2007-11-29,10.776648080565666,10.847237599327935,10.65899938129001,10.815864562988281,435200,0.0,0.0
2007-11-30,10.917829439243036,10.996262420763276,10.784493819454035,10.870769500732422,417100,0.0,0.0
2007-12-03,10.831552390177611,10.855081982465475,10.604097670082261,10.64331340789795,506900,0.0,0.0
2007-12-04,10.525665862419352,10.627628437598357,10.329584159688727,10.439390182495117,408400,0.0,0.0
2007-12-05,10.564883245781429,10.596256290951098,10.235465897503708,10.39233112335205,351400,0.0,0.0
2007-12-06,10.298209089387896,10.88645408175055,10.274679499131203,10.815864562988281,727900,0.0,0.0
2007-12-07,10.94136146746089,10.964891067952147,10.729593567054557,10.76880931854248,592900,0.0,0.0
2007-12-10,10.878615928303374,11.019795034514,10.753123721890619,10.855086326599121,353400,0.0,0.0
2007-12-11,10.91783205532246,10.98057815637664,10.423705948526408,10.549198150634766,386600,0.0,0.0
2007-12-12,10.800179542648234,10.815865688454219,10.329583200592419,10.470762252807617,380100,0.0,0.0
2007-12-13,10.360959010211229,10.48645120217866,10.14919037527184,10.282526016235352,293700,0.0,0.0
2007-12-14,10.117815710522324,10.188405244222396,9.945264348135865,10.015853881835938,441500,0.0,0.0
2007-12-17,9.976638724391705,10.219779652971571,9.843303086915348,10.070757865905762,509900,0.0,0.0
2007-12-18,10.172719339150323,10.282524618196177,9.60800380408463,10.149188995361328,570100,0.0,0.0
2007-12-19,10.109971952255828,10.266837150725312,9.819771148089213,10.000165939331055,400700,0.0,0.0
2007-12-20,10.117811292611805,10.196244239807129,9.866827058374,10.196244239807129,536800,0.0,0.0
2007-12-21,10.368799169991325,10.37664186850706,10.102127972658392,10.227620124816895,532000,0.0,0.0
2007-12-24,10.164873159239397,10.635469436645508,10.149186267596184,10.635469436645508,152000,0.0,0.0
2007-12-26,10.541351935725311,10.659001405333678,10.51782234100057,10.564882278442383,225600,0.0,0.0
2007-12-27,10.611939559901826,10.870767299314638,10.60409686173189,10.800178527832031,378000,0.0,0.0
2007-12-28,10.792335513441838,10.815865104877394,10.321739196777344,10.321739196777344,234500,0.0,0.0
2007-12-31,10.306055344511572,10.376644134521484,10.117816327174626,10.376644134521484,367600,0.0,0.0
2008-01-02,10.368800242041587,10.509978553820485,9.96879340468471,10.039382934570312,389400,0.0,0.0
2008-01-03,10.023696705453375,10.023696705453375,9.30211596003496,9.482511520385742,942900,0.0,0.0
2008-01-04,9.372704166371745,9.372704166371745,8.862892096917546,9.192309379577637,760400,0.0,0.0
2008-01-07,9.255055448425383,9.560942390603776,9.184465923925062,9.427607536315918,774300,0.0,0.0
2008-01-08,9.451135647380209,9.64721729671178,9.027599314743698,9.09034538269043,841900,0.0,0.0
2008-01-09,9.051135473145091,9.333492983859351,8.957016302907006,9.262904167175293,530100,0.0,0.0
2008-01-10,9.176621866340684,9.874672870163671,9.098189648333104,9.670747756958008,540300,0.0,0.0
2008-01-11,9.584473562884114,9.584473562884114,9.192310168716917,9.302115440368652,682000,0.0,0.0
2008-01-14,9.380547905161704,9.725651344030595,9.215839258703483,9.46682357788086,825700,0.0,0.0
2008-01-15,9.317800950508392,9.357017433695844,9.176621910230443,9.309957504272461,674600,0.0,0.0
2008-01-16,9.325646284557893,9.709966252010924,9.325646284557893,9.513884544372559,822800,0.0,0.0
2008-01-17,9.50604109654886,9.592316778632492,9.349175880036638,9.513884544372559,591900,0.0,0.0
2008-01-18,9.560943735330047,9.717809699834623,9.404078518817826,9.513884544372559,1089500,0.0,0.0
2008-01-22,9.121722933354162,9.796243871771768,9.121722933354162,9.545259475708008,508600,0.0,0.0
2008-01-23,9.357021948911347,10.823713443130904,9.294275844730274,10.666848182678223,1136100,0.0,0.0
2008-01-24,10.706061131668354,10.949202782658128,10.37664379703311,10.400174140930176,472800,0.0,0.0
2008-01-25,10.564883245781429,10.81586760713878,10.219779000922674,10.39233112335205,433600,0.0,0.0
2008-01-28,10.36095762934508,10.470763656678317,10.157032470580084,10.431547164916992,308100,0.0,0.0
2008-01-29,10.470763112737933,10.635471771185237,10.337427496471433,10.455076217651367,340200,0.0,0.0
2008-01-30,10.353115150064504,10.596256823339928,10.227622963080712,10.25899600982666,345000,0.0,0.0
2008-01-31,10.102130990636594,10.839397978819981,10.102130990636594,10.674689292907715,484200,0.0,0.0
2008-02-01,10.768809719677925,11.215876633620004,10.706063617368956,11.153130531311035,364100,0.0,0.0
2008-02-04,11.145282246446547,11.145282246446547,10.823708424621008,10.839394569396973,414600,0.0,0.0
2008-02-05,10.64331438369488,11.082537718626488,10.533509110956219,10.784493446350098,296900,0.0,0.0
2008-02-06,10.847237588876204,10.949200143879882,10.533507225781955,10.58056640625,259700,0.0,0.0
2008-02-07,10.564879727435695,11.051162139618635,10.564879727435695,10.902139663696289,320700,0.0,0.0
2008-02-08,10.855084876522318,10.878614475083369,10.525667504697786,10.674689292907715,285400,0.0,0.0
2008-02-11,10.635473157071603,10.635473157071603,10.376644590362147,10.478607177734375,574800,0.0,0.0
2008-02-12,10.509979316712128,10.839396648094935,10.486449721039744,10.729591369628906,289400,0.0,0.0
2008-02-13,10.855083351469727,11.059008504995523,10.729591179451496,11.04332160949707,433300,0.0,0.0
2008-02-14,11.059006206729931,11.121752279699255,10.611939501833268,10.690372467041016,483100,0.0,0.0
2008-02-15,10.596256142890311,10.666845680533823,10.345271037047562,10.611942291259766,336700,0.0,0.0
2008-02-19,10.713901997563102,10.847237588876204,10.509976887555746,10.58056640625,324700,0.0,0.0
2008-02-20,10.580568374021745,10.909985690531759,10.502136142657468,10.83155345916748,338300,0.0,0.0
2008-02-21,10.93351877599282,11.043324832552448,10.478609145662674,10.52566909790039,322900,0.0,0.0
2008-02-22,10.564882257720754,10.61978489463491,10.33742751451483,10.42370319366455,950800,0.0,0.0
2008-02-25,10.384484892803517,10.423701375756647,10.086440669548818,10.204090118408203,1513700,0.0,0.0
2008-02-26,9.843303575454899,11.231561916679352,9.819773975906683,10.776652336120605,1478400,0.0,0.0
2008-02-27,10.698217320254507,11.208029417181875,10.266837450858578,11.027634620666504,804900,0.0,0.0
2008-02-28,10.964888786889151,10.964888786889151,10.56488266978237,10.61978530883789,784900,0.0,0.0
2008-02-29,10.470764110272423,10.729591919920288,10.290368539552528,10.39233112335205,942600,0.0,0.0
2008-03-03,10.439390070557128,10.502136154918738,10.188404985118368,10.455076217651367,1024600,0.0,0.0
2008-03-04,10.306051212642625,10.557035471144893,10.274678180329841,10.462916374206543,384500,0.0,0.0
2008-03-05,10.423704197008348,10.541352929718025,10.392331151752941,10.502137184143066,449100,0.0,0.0
2008-03-06,10.509977467173526,10.54135050521315,10.19624708677727,10.227620124816895,849600,0.0,0.0
2008-03-07,10.047231089940805,10.376647803781792,9.945268470992996,10.102133750915527,550700,0.0,0.0
2008-03-10,10.11781800607545,10.337430104744502,10.11781800607545,10.21193790435791,414800,0.0,0.0
2008-03-11,10.439386786969978,10.549192026068674,10.22761825786462,10.462916374206543,489000,0.0,0.0
2008-03-12,10.502134752037543,10.611940011006345,10.360955707086537,10.494291305541992,487400,0.0,0.0
2008-03-13,10.353114992658533,10.58841321367195,10.180562864183036,10.478607177734375,583600,0.0,0.0
2008-03-14,10.5491935228129,10.557036969001965,10.008008451634758,10.204090118408203,304200,0.0,0.0
2008-03-17,9.921738016786877,10.423707655410453,9.906051862950985,10.306058883666992,460100,0.0,0.0
2008-03-18,10.541351878361253,10.659001347329392,10.211935310030508,10.486449241638184,379000,0.0,0.0
2008-03-19,10.659002754775218,10.659002754775218,10.408018384623533,10.478607177734375,396200,0.0,0.0
2008-03-20,10.525666420532813,11.545291478395182,10.298211663224409,11.380582809448242,1160600,0.0,0.0
2008-03-24,11.411957096956053,11.906083157631661,11.411957096956053,11.702157974243164,631200,0.0,0.0
2008-03-25,11.725682405392693,11.804115363820253,10.980572292299374,11.255086898803711,545500,0.0,0.0
2008-03-26,11.184500696329492,11.208030291625459,10.870769517749753,11.011948585510254,296800,0.0,0.0
2008-03-27,10.980578533011876,11.082541137720378,10.698221068583175,10.855086326599121,421800,0.0,0.0
2008-03-28,10.353114537851514,10.729591824533012,9.984480699390804,10.376644134521484,440100,0.0,0.0
2008-03-31,10.431544670778278,10.808021106491376,10.164873488152073,10.58056640625,421000,0.0,0.0
2008-04-01,10.76096652692472,11.03548052500388,10.596257828880223,11.004107475280762,380600,0.0,0.0
2008-04-02,11.106069754580403,11.294308047507279,10.84724191480783,10.996264457702637,270800,0.0,0.0
2008-04-03,10.902142947014527,11.160970748416128,10.80802381450416,11.066851615905762,236300,0.0,0.0
2008-04-04,11.00410467273343,11.270775901459828,10.721747297136703,11.082537651062012,270900,0.0,0.0
2008-04-07,11.153128162342465,11.168814310591637,10.92567340278661,11.051165580749512,126900,0.0,0.0
2008-04-08,10.917829083632908,10.949202125620669,10.737433531209048,10.92567253112793,180000,0.0,0.0
2008-04-09,10.909984218611848,10.964886847958889,10.274680013906229,10.321739196777344,300400,0.0,0.0
2008-04-10,10.298211488724911,10.486449750619677,10.125659374658529,10.353114128112793,255100,0.0,0.0
2008-04-11,10.251152700142923,10.266839597724822,10.03154136994346,10.070757865905762,268800,0.0,0.0
2008-04-14,10.031540029329093,10.180561796479644,9.945264348135865,10.015853881835938,447700,0.0,0.0
2008-04-15,10.102131496533989,10.102131496533989,9.717811459490097,9.874676704406738,671600,0.0,0.0
2008-04-16,9.984482333271572,10.015856131288794,9.811930932131936,9.992325782775879,470100,0.0,0.0
2008-04-17,9.929577416194443,10.031539992498825,9.874674778181445,9.906047821044922,270400,0.0,0.0
2008-04-18,10.086442536536328,10.290367687245121,9.953106918610759,10.235465049743652,340600,0.0,0.0
2008-04-21,10.17271465484534,10.368796274841632,10.117811292611805,10.196244239807129,251700,0.0,0.0
2008-04-22,10.125659006502218,10.149188601385466,9.7962416861674,9.921733856201172,202700,0.0,0.0
2008-04-23,9.921735330847506,10.172720456210767,9.819773488534945,10.070757865905762,429600,0.0,0.0
2008-04-24,10.062913312112105,10.298211514055508,9.858988153894998,10.149188995361328,264800,0.0,0.0
2008-04-25,10.211935436328382,10.368800648900299,10.047226776129785,10.266838073730469,166300,0.0,0.0
2008-04-28,10.337427585191653,10.41585981732064,9.80408511554828,9.953106880187988,892600,0.0,0.0
2008-04-29,9.553100282753414,10.59625482535381,9.160936898377557,10.117815017700195,871200,0.0,0.0
2008-04-30,10.196251672071899,10.65116130221724,10.196251672071899,10.415863037109375,645900,0.0,0.0
2008-05-01,10.415860685976883,10.784494526502474,10.235465863842645,10.596256256103516,500800,0.0,0.0
2008-05-02,10.659000954708072,10.760963524861099,10.557038384555042,10.604098320007324,225600,0.0,0.0
2008-05-05,10.509979821176362,10.635472749434731,10.360958044108619,10.596256256103516,226900,0.0,0.0
2008-05-06,10.525666217289317,10.721747926630783,10.486449725822553,10.557039260864258,206700,0.0,0.0
2008-05-07,10.462924161989157,10.698222453468729,10.298215432752722,10.306058883666992,193700,0.0,0.0
2008-05-08,10.329584685182985,10.400174221435867,10.211935956756431,10.27468204498291,219600,0.0,0.0
2008-05-09,10.196248559531602,10.38448681495864,10.149188621678674,10.235465049743652,365000,0.0,0.0
2008-05-12,10.29036850571091,10.611942404640564,10.282525057446188,10.596256256103516,190900,0.0,0.0
2008-05-13,10.588410309122049,10.784491981513197,10.502134642547142,10.745275497436523,176800,0.0,0.0
2008-05-14,10.737438755110114,11.035483172992409,10.627633428727423,10.713909149169922,190500,0.0,0.0
2008-05-15,10.737436988887506,10.737436988887506,10.290370809599224,10.666848182678223,149300,0.0,0.0
2008-05-16,10.67468951512664,10.745279060271736,10.164877297067012,10.251152992248535,336800,0.0,0.0
2008-05-19,10.227624426237385,10.23546787604406,9.80408786058003,10.157034873962402,481900,0.0,0.0
2008-05-20,10.094285424075487,10.1413453593172,10.015853195995692,10.117815017700195,235300,0.0,0.0
2008-05-21,10.125661458847455,10.298213608430656,9.906050108100438,9.960952758789062,336700,0.0,0.0
2008-05-22,9.960953197664564,10.196251457828343,9.960953197664564,10.062915802001953,186100,0.0,0.0
2008-05-23,9.9766363465587,10.062912018718848,9.804084254246131,10.000165939331055,256600,0.0,0.0
2008-05-27,10.031543068078932,10.243311733328005,9.913894308268942,10.180564880371094,199300,0.0,0.0
2008-05-28,10.19624931339772,10.39233103096306,9.953107654500045,10.376644134521484,538100,0.0,0.0
2008-05-29,10.353114027694629,10.729591295824948,10.353114027694629,10.682531356811523,388500,0.0,0.0
2008-05-30,10.713904478738959,10.713904478738959,10.486449725822553,10.557039260864258,296700,0.0,0.0
2008-06-02,10.564881927173186,10.572724626492453,10.117815154313538,10.243308067321777,402100,0.0,0.0
2008-06-03,10.306054976019853,10.43154715109593,10.157032457122735,10.29036808013916,215900,0.0,0.0
2008-06-04,10.211936615272764,10.549196674240195,10.188406269676202,10.541353225708008,283100,0.0,0.0
2008-06-05,10.557041418136148,10.933518017966302,10.549197968641558,10.76880931854248,370700,0.0,0.0
2008-06-06,10.698220554852213,10.706063256381988,10.21193790435791,10.21193790435791,265100,0.0,0.0
2008-06-09,10.21194031251666,10.321745639752736,10.07860463116483,10.141350746154785,297700,0.0,0.0
2008-06-10,10.055069877875331,10.298211528079507,10.008010686217984,10.29036808013916,344500,0.0,0.0
2008-06-11,10.243308476903131,10.243308476903131,9.921733856201172,9.921733856201172,444200,0.0,0.0
2008-06-12,9.937419811849264,10.204091021952916,9.827613799455916,9.890359878540039,214200,0.0,0.0
2008-06-13,9.953104175163345,10.149185824183832,9.804082451024312,10.109970092773438,270400,0.0,0.0
2008-06-16,10.055069903538604,10.14918903508588,9.882518536364781,10.086442947387695,270900,0.0,0.0
2008-06-17,10.09428369820806,10.09428369820806,9.882515895808034,9.913888931274414,206100,0.0,0.0
2008-06-18,9.843303184419371,9.929578877997091,9.45898316576527,9.662907600402832,424600,0.0,0.0
2008-06-19,9.647221089607292,9.874675862338208,9.52957160495807,9.71781063079834,335900,0.0,0.0
2008-06-20,9.521729469299316,9.80408690282334,9.38839382758152,9.521729469299316,787400,0.0,0.0
2008-06-23,9.521730556122344,9.568789759751514,9.255059242248535,9.255059242248535,368500,0.0,0.0
2008-06-24,9.17662378656956,9.59231679817179,9.019758569737808,9.482511520385742,1882400,0.0,0.0
2008-06-25,9.490355579975772,10.086443442360379,9.482512131630504,9.984480857849121,452200,0.0,0.0
2008-06-26,9.851141322382462,9.85898401903053,9.247209548950195,9.247209548950195,588000,0.0,0.0
2008-06-27,8.972699663624134,9.317803928374548,8.298178779600967,9.29427433013916,2038100,0.0,0.0
2008-06-30,9.278584047269364,9.372703153863055,9.004069425376972,9.019756317138672,437300,0.0,0.0
2008-07-01,8.862893636991917,8.980542366388683,8.564849341462079,8.698184967041016,692100,0.0,0.0
2008-07-02,8.682495239019595,8.753084752831484,8.274645795206212,8.306018829345703,547600,0.0,0.0
2008-07-03,8.235431894732892,8.815833582081614,8.235431894732892,8.713871002197266,402500,0.0,0.0
2008-07-07,8.768772484005385,8.878577740017628,8.525630885135609,8.682496070861816,622200,0.0,0.0
2008-07-08,8.737400741500373,9.215839815854746,8.682497357366888,9.207996368408203,644600,0.0,0.0
2008-07-09,9.192308873443823,9.364860204009,8.651123046875,8.651123046875,459700,0.0,0.0
2008-07-10,8.627594561678954,8.768773621136692,8.321706848851289,8.368766784667969,447000,0.0,0.0
2008-07-11,8.313862703642398,8.509944364124603,8.000131598075564,8.298175811767578,1061700,0.0,0.0
2008-07-14,8.384451917807336,8.392295364160756,7.968758984974841,8.023661613464355,547600,0.0,0.0
2008-07-15,7.882484440438103,8.306020879876957,7.725619231014882,8.055036544799805,605300,0.0,0.0
2008-07-16,8.117781964229849,8.690340118765935,8.000132505796334,8.533474922180176,533200,0.0,0.0
2008-07-17,8.666814614786082,8.666814614786082,8.180531901973586,8.313867568969727,1154600,0.0,0.0
2008-07-18,8.368764897624684,8.643279507339333,8.086407590369266,8.306018829345703,645600,0.0,0.0
2008-07-21,8.423672501843967,8.431515952015223,8.015822816842162,8.149158477783203,501400,0.0,0.0
2008-07-22,8.980541934583865,10.031539992498825,8.588378524794244,9.906047821044922,1272200,0.0,0.0
2008-07-23,9.898205447762392,11.137441897374973,9.898205447762392,10.478607177734375,1619600,0.0,0.0
2008-07-24,10.525666017237256,10.792337256552043,9.976637391114524,10.015853881835938,637200,0.0,0.0
2008-07-25,10.141349125762812,10.49429615318536,10.008013465715448,10.180564880371094,478200,0.0,0.0
2008-07-28,10.164875117271325,10.42370289530432,9.83545780923073,10.008009910583496,635700,0.0,0.0
2008-07-29,10.086444302907468,10.462921627683823,10.078601601885488,10.251152992248535,435100,0.0,0.0
2008-07-30,10.400174607214465,10.4786068464107,10.023697315898369,10.188405990600586,344100,0.0,0.0
2008-07-31,10.070755907308156,10.384486318006232,9.992322930637487,10.164875030517578,311100,0.0,0.0
2008-08-01,10.149188995361328,10.251151574469882,9.827615110168702,10.149188995361328,392800,0.0,0.0
2008-08-04,10.102131779539105,10.243310877915373,9.733497882663578,10.055071830749512,500200,0.0,0.0
2008-08-05,10.16487577113461,10.713904403854846,10.16487577113461,10.509979248046875,737700,0.0,0.0
2008-08-06,10.494293173714377,10.643314943697254,10.219778481439379,10.557039260864258,417800,0.0,0.0
2008-08-07,10.353114281269821,10.462920309662346,10.078600332277071,10.27468204498291,452100,0.0,0.0
2008-08-08,10.266838799215517,10.698218725265118,10.266838799215517,10.611942291259766,400600,0.0,0.0
2008-08-11,10.588411764988216,11.129596926082103,10.431546555105374,10.753120422363281,602600,0.0,0.0
2008-08-12,10.611944780525361,10.745280438908281,10.494296022183992,10.666848182678223,515500,0.0,0.0
2008-08-13,10.62762741931487,10.65115701195021,10.329583169962275,10.53350830078125,413600,0.0,0.0
2008-08-14,10.431548800107672,10.85508533193797,10.408019200559457,10.776652336120605,288300,0.0,0.0
2008-08-15,10.815863043318414,11.082534188733256,10.753116979455166,10.964884757995605,490000,0.0,0.0
2008-08-18,10.996263545697454,11.074695787249084,10.713905381732804,10.792338371276855,452600,0.0,0.0
2008-08-19,10.721747565149977,10.870769330108624,10.329584159688727,10.439390182495117,350700,0.0,0.0
2008-08-20,10.470763602791294,10.588412329477432,10.21977850560591,10.353114128112793,322500,0.0,0.0
2008-08-21,10.227617269086855,10.431542333401083,10.117811292611805,10.196244239807129,304200,0.0,0.0
2008-08-22,10.353112152654225,10.760962390264082,10.345268706240446,10.745275497436523,440200,0.0,0.0
2008-08-25,10.666846710835538,10.870771147289652,10.42370502968886,10.517824172973633,382900,0.0,0.0
2008-08-26,10.525667621912147,10.768808555066364,10.251152893003876,10.517824172973633,385300,0.0,0.0
2008-08-27,10.478605924647374,10.533509310046737,10.376643349468369,10.439390182495117,277000,0.0,0.0
2008-08-28,10.439391811312294,10.682532741758884,10.345271921083183,10.674689292907715,304000,0.0,0.0
2008-08-29,10.635472169461872,10.72174785169185,10.455076609172558,10.509979248046875,219000,0.0,0.0
2008-09-02,10.894300906909034,11.137441826958106,10.54135320362422,10.572726249694824,446800,0.0,0.0
2008-09-03,10.525664853905383,10.64331356507434,10.408016142736424,10.53350830078125,394400,0.0,0.0
2008-09-04,10.415861681589602,10.47076507669827,10.164877297067012,10.251152992248535,274300,0.0,0.0
2008-09-05,10.180563423263697,10.36880245920731,9.960952087320692,10.282526016235352,292100,0.0,0.0
2008-09-08,10.604096315344105,10.823707560622736,10.509976462232535,10.588409423828125,608800,0.0,0.0
2008-09-09,10.517817944757104,10.651153505786182,10.384482383728027,10.384482383728027,768300,0.0,0.0
2008-09-10,10.580567517426312,10.729590016540635,10.408016173599144,10.470762252807617,526800,0.0,0.0
2008-09-11,10.094283969457821,10.839394142800801,10.094283969457821,10.58056640625,540600,0.0,0.0
2008-09-12,10.376647697917479,10.470767612903426,10.157036308266449,10.306058883666992,615300,0.0,0.0
2008-09-15,10.062911488110803,10.509977467173526,10.031538450071178,10.227620124816895,658600,0.0,0.0
2008-09-16,9.968794988865659,10.580569765106604,9.898205447762392,10.478607177734375,462000,0.0,0.0
2008-09-17,10.31389939017333,10.353115888400612,9.874676704406738,9.874676704406738,634000,0.0,0.0
2008-09-18,10.094287465800345,10.094287465800345,9.490356120663119,9.92957878112793,761800,0.0,0.0
2008-09-19,10.564882220950276,10.745277026178833,10.35311362560302,10.486449241638184,1025300,0.0,0.0
2008-09-22,10.455078484594551,10.455078484594551,9.811930606440082,9.874676704406738,437200,0.0,0.0
2008-09-23,9.937420751451562,10.17271894426105,9.851145071551427,9.921733856201172,271700,0.0,0.0
2008-09-24,9.953104136961363,10.000164061662192,9.560940840425591,9.576627731323242,163900,0.0,0.0
2008-09-25,9.600156882704557,9.77270893476399,9.584470740513021,9.615843772888184,269000,0.0,0.0
2008-09-26,9.419764918922777,9.827614460398946,9.396234576689531,9.64721965789795,259300,0.0,0.0
2008-09-29,9.490355176617376,9.623690800850275,8.855050099508125,8.99622917175293,441500,0.0,0.0
2008-09-30,9.255058185863726,9.5452590684282,8.90211120696058,9.521729469299316,425100,0.0,0.0
2008-10-01,9.435452598224655,9.466825644972166,9.200154373622116,9.38839340209961,286900,0.0,0.0
2008-10-02,9.41976505077212,9.41976505077212,8.855049545139195,8.878579139709473,257400,0.0,0.0
2008-10-03,8.99623331660323,9.051135981997222,8.415830612182617,8.415830612182617,255400,0.0,0.0
2008-10-06,8.196216811588751,8.290335959661467,7.764836821927765,7.9138593673706055,992100,0.0,0.0
2008-10-07,7.984447041741357,8.141312251718213,7.568753300312285,7.647186279296875,472500,0.0,0.0
2008-10-08,7.506005439933862,7.960914815203057,7.506005439933862,7.662871360778809,498300,0.0,0.0
2008-10-09,7.639342505307531,7.8275807492347775,7.317768651600412,7.364828586578369,427200,0.0,0.0
2008-10-10,7.019723792200801,7.615812261748815,6.815798671356655,7.47463321685791,938100,0.0,0.0
2008-10-13,7.843266010284424,7.906012078527329,7.717773873798615,7.843266010284424,237300,0.0,0.0
2008-10-14,7.529537001641936,7.529537001641936,5.294205493906661,5.843234062194824,2020400,0.0,0.0
2008-10-15,5.843235265836324,5.843235265836324,5.184400922977204,5.270676612854004,887200,0.0,0.0
2008-10-16,5.309894181557018,5.600095104015227,4.941260627893386,5.090282440185547,1473600,0.0,0.0
2008-10-17,4.91772929829748,5.207930140899673,4.619685007734921,5.043221473693848,1075300,0.0,0.0
2008-10-20,5.082437549851846,5.207929714985226,4.964788458041227,5.019691467285156,478400,0.0,0.0
2008-10-21,4.925573367423504,5.0196925108401755,4.643215563177257,4.698118209838867,622800,0.0,0.0
2008-10-22,4.823609416822752,4.964788092194591,4.51772209985237,4.58046817779541,855600,0.0,0.0
2008-10-23,4.635371298582268,4.6745877884367495,4.313797428161713,4.392230033874512,632800,0.0,0.0
2008-10-24,4.180462890004232,4.2353659151661605,3.937321562566424,4.1177167892456055,905700,0.0,0.0
2008-10-27,4.000066768754516,4.313797576381496,3.898104190826416,3.898104190826416,484400,0.0,0.0
2008-10-28,3.9765371732302945,4.078499377162217,3.772612017374095,3.898104190826416,644000,0.0,0.0
2008-10-29,3.9216334615776067,4.180461210202351,3.8118278293723447,3.851043939590454,1128900,0.0,0.0
2008-10-30,3.9686936229094583,4.454976156476302,3.9059475378035646,4.415760040283203,626500,0.0,0.0
2008-10-31,4.517723856623631,4.7059621636514795,4.384388202147435,4.666745662689209,604000,0.0,0.0
2008-11-03,4.6588993255295845,4.839294430480926,4.50987724978752,4.549093723297119,571500,0.0,0.0
2008-11-04,4.627528656836978,4.6667447763548315,4.478506505078252,4.643215179443359,405000,0.0,0.0
2008-11-05,4.651056913054965,4.651056913054965,4.109871478140264,4.141244888305664,500000,0.0,0.0
2008-11-06,4.109872957444428,4.133402930038813,3.9373211964051005,3.9922242164611816,336200,0.0,0.0
2008-11-07,4.039284008717188,4.094186657781775,3.8902618381202774,3.953007936477661,353700,0.0,0.0
2008-11-10,4.070655416797599,4.070655416797599,3.66280556790438,3.764768123626709,334900,0.0,0.0
2008-11-11,3.7412397345315864,3.7412397345315864,3.443195387999583,3.4510388374328613,328000,0.0,0.0
2008-11-12,3.4039784154001693,3.435351457330443,3.0824043616187007,3.1059341430664062,397400,0.0,0.0
2008-11-13,3.1294638784171873,3.372605323791504,2.8549495785727985,3.372605323791504,470800,0.0,0.0
2008-11-14,3.3177028722125423,3.3490759189571726,2.980442245711545,3.0353450775146484,403600,0.0,0.0
2008-11-17,3.082404623800861,3.2706430783917098,3.058874840351767,3.066718101501465,431500,0.0,0.0
2008-11-18,3.074560868155771,3.1059339077086965,2.8235761777362334,2.9961280822753906,243700,0.0,0.0
2008-11-19,2.894166428183024,2.9882855704012785,2.4078836323943698,2.423570156097412,494100,0.0,0.0
2008-11-20,2.439256266563461,2.5725918824489065,2.219644784927368,2.219644784927368,675900,0.0,0.0
2008-11-21,2.4000406467987188,2.4000406467987188,2.0470934488581696,2.3765108585357666,576200,0.0,0.0
2008-11-24,2.509846353119105,2.509846353119105,2.188272226598223,2.26670503616333,837500,0.0,0.0
2008-11-25,2.290233982142937,2.7765164375305176,2.290233982142937,2.7765164375305176,417200,0.0,0.0
2008-11-26,2.7451438192443116,3.0431880950927734,2.651024692343586,3.0431880950927734,414200,0.0,0.0
2008-11-28,2.972598521421804,3.0745610944722794,2.925538958628391,3.027501344680786,129400,0.0,0.0
2008-12-01,2.949068983785382,2.972598767126983,2.470629681843311,2.486316204071045,325200,0.0,0.0
2008-12-02,2.533375698496138,2.6823978424072266,2.4000400763653658,2.6823978424072266,297700,0.0,0.0
2008-12-03,2.7216134087608093,2.8627922534942627,2.525531752685806,2.8627922534942627,392100,0.0,0.0
2008-12-04,2.8235762614170055,2.972598390707955,2.7137706197275167,2.729457139968872,297000,0.0,0.0
2008-12-05,2.6745540388209617,3.003971116363371,2.502002147252056,2.964754819869995,404500,0.0,0.0
2008-12-08,3.027501751440234,3.2235836634201656,3.0039719668821876,3.2000536918640137,346000,0.0,0.0
2008-12-09,3.168680226926954,3.2706428001984245,3.0353446117252094,3.1059341430664062,347800,0.0,0.0
2008-12-10,3.1529940389704376,3.356919207051269,3.1529940389704376,3.3255457878112793,252800,0.0,0.0
2008-12-11,3.372605271947693,3.4275079066749123,3.176523578787854,3.2784857749938965,615800,0.0,0.0
2008-12-12,3.20789791632283,3.70202369856137,3.1451518089907173,3.553001880645752,388400,0.0,0.0
2008-12-15,3.5922161179338636,3.5922161179338636,3.1529932240463623,3.2235827445983887,340300,0.0,0.0
2008-12-16,3.302015784971986,3.4824109599465656,3.2078966608103325,3.388291835784912,708700,0.0,0.0
2008-12-17,3.262799081418499,3.443194244515933,3.1765234102820825,3.3569185733795166,1211400,0.0,0.0
2008-12-18,3.3647618255248606,3.6157465274693616,3.3333887845313166,3.466724395751953,898500,0.0,0.0
2008-12-19,3.6235902536011486,3.678493272230093,3.4824115436932837,3.592217206954956,614200,0.0,0.0
2008-12-22,3.6706493751586446,3.6863358965654527,3.294172487399078,3.443194627761841,522500,0.0,0.0
2008-12-23,3.4902538034983768,3.6000598151202094,3.3255451600617576,3.3569185733795166,350100,0.0,0.0
2008-12-24,3.443194180426391,3.45103762710887,3.349075064213379,3.38044810295105,94000,0.0,0.0
2008-12-26,3.403979748063736,3.4902554601509896,3.2941736843223652,3.4353528022766113,272400,0.0,0.0
2008-12-29,3.4353523125625585,3.4510388374328613,3.3412331633407426,3.4510388374328613,245300,0.0,0.0
2008-12-30,3.474567634342015,3.6941793057433485,3.4118215493691104,3.678492784500122,365200,0.0,0.0
2008-12-31,3.6941797733306885,3.8196719591605537,3.5373145410433575,3.6941797733306885,722100,0.0,0.0
2009-01-02,3.702021387531488,3.9765359967349974,3.5922157682477245,3.93731951713562,588500,0.0,0.0
2009-01-05,3.984379784392586,4.078498903552379,3.7255520197050878,4.054969310760498,446400,0.0,0.0
2009-01-06,4.0863448450978765,4.549098024460997,4.054971786225431,4.494194984436035,708400,0.0,0.0
2009-01-07,4.423602144465748,4.925571463295799,4.2824234839175945,4.729489803314209,872300,0.0,0.0
2009-01-08,4.705961195511454,5.160870717904837,4.666744702617048,4.909886360168457,584400,0.0,0.0
2009-01-09,4.941257461036551,4.949100532132318,4.705959344226793,4.807921886444092,440200,0.0,0.0
2009-01-12,4.7451771646169325,5.200086636795848,4.7451771646169325,5.121654033660889,696400,0.0,0.0
2009-01-13,5.098125065439729,5.192244207657984,4.753021169976569,4.847140312194824,680600,0.0,0.0
2009-01-14,4.839296409605621,4.886355972665461,4.470662604642627,4.541252136230469,692600,0.0,0.0
2009-01-15,4.541253541812809,4.831454457501204,4.11771696918751,4.627529621124268,662100,0.0,0.0
2009-01-16,4.713804103612114,4.933415391469828,4.580468491843283,4.878512382507324,402500,0.0,0.0
2009-01-20,4.815766023136376,4.815766023136376,4.227520974945583,4.266737461090088,451700,0.0,0.0
2009-01-21,4.353014279352344,4.800080356023554,4.172619084240534,4.792237281799316,491400,0.0,0.0
2009-01-22,4.6510586381305306,4.870670346765663,4.509879923005522,4.698118209838867,662700,0.0,0.0
2009-01-23,4.564782362394549,5.278519670079669,4.549095840489256,5.215773582458496,764800,0.0,0.0
2009-01-26,5.309892586639921,5.670682955811594,5.215773457463704,5.505974292755127,655500,0.0,0.0
2009-01-27,5.654996868864327,5.8275486189478585,5.513818164250528,5.584407329559326,429400,0.0,0.0
2009-01-28,5.584407876232527,5.7177435195295905,5.435385708665,5.560878276824951,425100,0.0,0.0
2009-01-29,5.3569531193318545,5.513818736970339,5.325580070603405,5.388326168060303,384900,0.0,0.0
2009-01-30,5.435383880710851,5.482443437695815,5.082437016325566,5.247145652770996,353100,0.0,0.0
2009-02-02,5.184400406289195,5.513817731886452,5.098124351014635,5.435384750366211,349600,0.0,0.0
2009-02-03,5.37263916147896,5.607937379819554,5.37263916147896,5.545191287994385,478600,0.0,0.0
2009-02-04,5.427542665968985,5.647154007068124,5.294207021874957,5.388326168060303,299600,0.0,0.0
2009-02-05,5.372638645651656,5.529504234150115,4.956945640222509,5.466757774353027,504900,0.0,0.0
2009-02-06,5.451072236734424,5.545191756419041,5.419699188171632,5.490288734436035,371000,0.0,0.0
2009-02-09,5.451072236734424,5.490288734436035,5.270677020500248,5.490288734436035,392500,0.0,0.0
2009-02-10,5.466757964393493,5.5922505143539825,5.0824379885047195,5.1687140464782715,492000,0.0,0.0
2009-02-11,5.215772623035288,5.294205218134351,4.980474463741982,5.113810062408447,325000,0.0,0.0
2009-02-12,5.035379402463367,5.1608716028499595,4.88635722750616,5.105968952178955,515800,0.0,0.0
2009-02-13,5.192243119377273,5.262832648243695,5.0040048743950125,5.058907508850098,312600,0.0,0.0
2009-02-17,4.823608369492153,4.902040949891203,4.698115866857629,4.737332344055176,359000,0.0,0.0
2009-02-18,4.776551286593233,4.83145393421167,4.541253049954618,4.658902168273926,459700,0.0,0.0
2009-02-19,4.823609747540972,4.988318400432332,4.705960656333406,4.878512382507324,573500,0.0,0.0
2009-02-20,4.87851284756295,5.231460154831173,4.721647626996754,5.137341022491455,529800,0.0,0.0
2009-02-23,5.200088497869426,5.309894181557018,4.956947154134471,5.090282440185547,740500,0.0,0.0
2009-02-24,5.2314597444213025,5.2314597444213025,3.7333956965511277,4.823609828948975,3134100,0.0,0.0
2009-02-25,4.823609772266175,5.0745941025329335,4.6902741598138835,5.019691467285156,1050100,0.0,0.0
2009-02-26,5.090280096880671,5.411854297781004,5.02753402080142,5.113810062408447,656900,0.0,0.0
2009-02-27,5.0510670793880506,5.474603726274955,4.980477513574785,5.356954574584961,510000,0.0,0.0
2009-03-02,5.270676145701268,5.482444375350065,5.113810928922965,5.2549896240234375,603700,0.0,0.0
2009-03-03,5.34910977946501,5.34910977946501,4.705961564363375,4.964789390563965,760900,0.0,0.0
2009-03-04,4.964790784502207,5.168716022397826,4.917731200525448,5.051066875457764,466400,0.0,0.0
2009-03-05,4.705960738953999,4.737333780627332,4.517722488913994,4.635371208190918,1059400,0.0,0.0
2009-03-06,4.603999659171538,4.737335316509785,4.4941939777149775,4.611843109130859,621100,0.0,0.0
2009-03-09,4.5726276316171495,4.713806770539518,4.4000758078186974,4.494194984436035,577400,0.0,0.0
2009-03-10,4.6275286091321775,4.854983371577999,4.588312116022403,4.792237281799316,519800,0.0,0.0
2009-03-11,4.839295802098735,4.933414916403058,4.721646722220273,4.862825393676758,529600,0.0,0.0
2009-03-12,4.823609823081611,4.933415468730091,4.729490698240057,4.925572395324707,664500,0.0,0.0
2009-03-13,5.074595054918959,5.105968476086534,4.886356771890847,5.035378932952881,584000,0.0,0.0
2009-03-16,5.0745936302671755,5.176556191947003,4.862825434314674,4.886355400085449,349200,0.0,0.0
2009-03-17,4.7843946167230325,5.011849416400293,4.7843946167230325,4.9961628913879395,266600,0.0,0.0
2009-03-18,4.996159572467373,5.231457665341745,4.8549809411403535,5.192241191864014,625600,0.0,0.0
2009-03-19,5.317736213140674,5.317736213140674,5.090281082325409,5.137341022491455,681300,0.0,0.0
2009-03-20,5.231459607413318,5.231459607413318,5.011847947604533,5.058907508850098,465000,0.0,0.0
2009-03-23,5.270676612854004,5.356952676727014,5.090281410572007,5.270676612854004,776800,0.0,0.0
2009-03-24,5.200087060553202,5.44322833708334,5.090281033219966,5.215773582458496,544100,0.0,0.0
2009-03-25,5.34126430779541,5.4589133771469385,5.05890661615096,5.317734718322754,377200,0.0,0.0
2009-03-26,5.388325695118233,5.7177430518496895,5.388325695118233,5.529504776000977,1204500,0.0,0.0
2009-03-27,5.490288847946772,5.5922514448820255,5.349110126495361,5.349110126495361,279600,0.0,0.0
2009-03-30,5.1216558121452485,5.32558065110862,5.098125836035949,5.2079315185546875,311900,0.0,0.0
2009-03-31,5.200087110717933,5.309892765114271,5.090281082325409,5.137341022491455,349000,0.0,0.0
2009-04-01,5.0118489605762555,5.1844010940149134,5.0118489605762555,5.035378932952881,515900,0.0,0.0
2009-04-02,5.0981240196976065,5.6157795697112105,5.0981240196976065,5.302049160003662,1615300,0.0,0.0
2009-04-03,5.309892172365389,5.513817310333252,5.207929603381458,5.513817310333252,852200,0.0,0.0
2009-04-06,5.466756404632987,5.482442922152889,5.215772124314551,5.2942047119140625,637600,0.0,0.0
2009-04-07,5.294204251728838,5.427539826056191,5.098122612775918,5.2314581871032715,323800,0.0,0.0
2009-04-08,5.247147448782284,5.404012692424527,5.215774400053836,5.388326168060303,1047900,0.0,0.0
2009-04-09,5.505975134458817,5.898138606639633,5.451072113714859,5.788332939147949,1517600,0.0,0.0
2009-04-13,5.772645473480225,5.804018516216843,5.521660757591112,5.772645473480225,593400,0.0,0.0
2009-04-14,5.709899369282907,5.764802006893865,5.568720303434916,5.631466388702393,395500,0.0,0.0
2009-04-15,5.600093863096166,5.6157803858612905,5.419698664299137,5.568720817565918,534800,0.0,0.0
2009-04-16,5.600092894969592,5.749115022473893,5.474600734543292,5.686368942260742,476100,0.0,0.0
2009-04-17,5.678526557383103,5.725586500341491,5.458915235559605,5.529504776000977,421800,0.0,0.0
2009-04-20,5.411855293272754,5.451071411037896,5.027534945598793,5.215773582458496,432700,0.0,0.0
2009-04-21,5.176556450869779,5.654995870839923,5.129496890970506,5.647152423858643,1005400,0.0,0.0
2009-04-22,5.560875351404866,6.29029928124263,5.521658874361272,5.811859607696533,1449400,0.0,0.0
2009-04-23,5.937353982244835,6.251084401547574,5.749115356667031,6.2118682861328125,1035100,0.0,0.0
2009-04-24,6.266772642402919,6.643249996881203,6.196183465684971,6.572660446166992,1343300,0.0,0.0
2009-04-27,6.407949329756177,7.098156929616445,6.3922624363994185,6.658933639526367,1111000,0.0,0.0
2009-04-28,6.604031012213746,6.93344829295541,6.525598041373447,6.7608962059021,569500,0.0,0.0
2009-04-29,6.807958325319789,7.325614004804016,6.745212227684882,7.22365140914917,1413400,0.0,0.0
2009-04-30,7.529539483544784,7.898172634223868,7.255024734918433,7.404046535491943,1874000,0.0,0.0
2009-05-01,7.247181303804153,7.506009154083407,6.909921202284451,7.443263053894043,1341100,0.0,0.0
2009-05-04,7.411888243949485,7.451104734254556,7.153060455125293,7.294239521026611,1397000,0.0,0.0
2009-05-05,7.255020643444993,7.325610153168058,7.035409417189309,7.1609015464782715,539700,0.0,0.0
2009-05-06,7.255024193153847,7.2628676420700415,6.705995484892048,6.941293716430664,816900,0.0,0.0
2009-05-07,7.035411950391831,7.098158037628954,6.4628529693626255,6.604032039642334,865900,0.0,0.0
2009-05-08,6.768740443006274,7.231493379419212,6.549129146197404,7.215806484222412,931500,0.0,0.0
2009-05-11,7.066783775657739,7.098156813867416,6.862858653298727,7.011880397796631,662800,0.0,0.0
2009-05-12,7.043256923979313,7.043256923979313,6.690309882335395,6.815802097320557,533100,0.0,0.0
2009-05-13,6.721681412921767,6.721681412921767,6.29030220866068,6.384421348571777,718300,0.0,0.0
2009-05-14,6.41579439520881,6.525599684442207,6.298144909325613,6.384421348571777,657100,0.0,0.0
2009-05-15,6.345204420134451,6.462853149994155,6.196182271783143,6.321674823760986,521900,0.0,0.0
2009-05-18,6.455008593745854,6.807956218719482,6.368732923192441,6.807956218719482,327100,0.0,0.0
2009-05-19,6.839330588313985,7.058941904803328,6.7922706464986415,6.964822769165039,568500,0.0,0.0
2009-05-20,7.035411365697326,7.255022652775943,6.8079566313678255,6.831486225128174,683200,0.0,0.0
2009-05-21,6.7844282307434876,6.925607329683668,6.431481231385548,6.588346481323242,450600,0.0,0.0
2009-05-22,6.643248170858208,6.690307359737552,6.392263087529863,6.486382961273193,286900,0.0,0.0
2009-05-26,6.39226284040864,7.01188095530961,6.376576694052717,6.9569783210754395,598700,0.0,0.0
2009-05-27,6.956979338668472,7.215807149334277,6.831487157496252,6.862860202789307,476300,0.0,0.0
2009-05-28,6.9569802795222575,6.980509879676064,6.549130635555438,6.8942341804504395,492200,0.0,0.0
2009-05-29,6.925608141717229,7.137376814957561,6.745213270135554,7.106003761291504,511400,0.0,0.0
2009-06-01,7.215806425132814,7.804051526333733,7.106001151623731,7.584440231323242,567900,0.0,0.0
2009-06-02,7.560910757510286,7.560910757510286,7.137374307798668,7.294239521026611,403100,0.0,0.0
2009-06-03,7.176590116028636,7.262866545090711,6.988351858426128,7.09815788269043,300500,0.0,0.0
2009-06-04,7.145219921423935,7.207966032304184,6.941295435059449,7.129533767700195,183300,0.0,0.0
2009-06-05,7.176589540249329,7.333455490325042,6.95697825733253,6.980507850646973,273000,0.0,0.0
2009-06-08,6.89423394855136,6.909920846787911,6.423637473349519,6.580503463745117,652300,0.0,0.0
2009-06-09,6.627561215758626,6.800113318732398,6.580502027306342,6.682464599609375,290600,0.0,0.0
2009-06-10,6.721680255201311,6.737367149814184,6.360889907020583,6.462852478027344,329000,0.0,0.0
2009-06-11,6.462853090476,6.462853090476,6.164809170514342,6.172652244567871,629600,0.0,0.0
2009-06-12,6.141279663539448,6.298144896402746,5.984414430676151,6.1883392333984375,506600,0.0,0.0
2009-06-15,6.219711346136599,6.266770908930012,5.913824000981332,6.055002689361572,427500,0.0,0.0
2009-06-16,6.141277809743022,6.235396921050354,6.015785661333246,6.0942182540893555,377800,0.0,0.0
2009-06-17,6.125591802110428,6.235397441127566,5.866764037429107,6.031472682952881,1041600,0.0,0.0
2009-06-18,6.10990615615489,6.243241781030568,6.000100501432174,6.172652244567871,295700,0.0,0.0
2009-06-19,6.274613422877802,6.3216733526659565,5.804017490961187,5.92950963973999,949200,0.0,0.0
2009-06-22,5.851077509111349,5.9059805155386185,5.631465857398402,5.843234062194824,419400,0.0,0.0
2009-06-23,5.866765546721876,5.968728139038332,5.7569598794559695,5.804019451141357,265600,0.0,0.0
2009-06-24,5.772644989551893,5.890294076949619,5.647152455129454,5.686368942260742,286700,0.0,0.0
2009-06-25,5.592251170541344,5.843235551920128,5.529505075196648,5.764802932739258,366400,0.0,0.0
2009-06-26,5.7726468059608145,5.96872855532365,5.670684206533039,5.953042030334473,721500,0.0,0.0
2009-06-29,5.921668519300538,6.015787661907569,5.749116383858087,5.86676549911499,355000,0.0,0.0
2009-06-30,5.890294458083251,5.960883615892473,5.796174957677351,5.874607563018799,510800,0.0,0.0
2009-07-01,5.945197038642463,6.282457799417841,5.913823996802357,6.243241310119629,528200,0.0,0.0
2009-07-02,6.055003254021232,6.0785332246103065,5.953041045458424,6.000100612640381,528800,0.0,0.0
2009-07-06,5.960885047912598,6.031474596676144,5.882452423728798,5.960885047912598,267800,0.0,0.0
2009-07-07,5.9373545393553115,6.007943703323829,5.858921553173986,5.898138046264648,373200,0.0,0.0
2009-07-08,5.882450580485174,6.1804948329888285,5.827547573762036,5.984413146972656,447700,0.0,0.0
2009-07-09,6.007944213025536,6.0863772058609555,5.717743336322411,5.86676549911499,652900,0.0,0.0
2009-07-10,5.851077540642277,6.078532266501346,5.72558538127069,5.984413146972656,235700,0.0,0.0
2009-07-13,6.007943137553752,6.1491222001883,5.835391406995724,6.125592231750488,230000,0.0,0.0
2009-07-14,6.1255926316021485,6.549129473156246,6.007943529725798,6.407950401306152,579100,0.0,0.0
2009-07-15,6.431480407714844,6.549129891095294,6.290302074847688,6.431480407714844,342800,0.0,0.0
2009-07-16,6.376578327161907,6.407951375901016,6.094220514513683,6.2510857582092285,381300,0.0,0.0
2009-07-17,6.2589278016782375,6.329516958489253,6.188338270871064,6.204024791717529,217400,0.0,0.0
2009-07-20,6.20402341568265,6.376575480718367,6.125590828846449,6.345202445983887,419400,0.0,0.0
2009-07-21,6.400107785666123,6.580503372934624,6.298145192513051,6.564816474914551,500100,0.0,0.0
2009-07-22,6.564816382163275,6.7452119668830495,5.75695984535504,6.6197190284729,2311500,0.0,0.0
2009-07-23,6.619716730708924,6.698149696491413,6.439321956598275,6.533441066741943,1073600,0.0,0.0
2009-07-24,6.47853996994165,6.525599162134372,6.439323477786132,6.517756462097168,419400,0.0,0.0
2009-07-27,6.541286490719445,6.56481608837164,6.40795085736963,6.509913444519043,451900,0.0,0.0
2009-07-28,6.509912413873658,6.5412854551071,6.353047207706451,6.462852478027344,320900,0.0,0.0
2009-07-29,6.439323993188475,6.439323993188475,6.282458760003314,6.384421348571777,316700,0.0,0.0
2009-07-30,6.486383846866847,6.839330803619477,6.400107408821423,6.509913444519043,520400,0.0,0.0
2009-07-31,6.462851633768224,6.5491280468839035,6.447165489196777,6.447165489196777,380100,0.0,0.0
2009-08-03,6.509913444519043,6.509913444519043,6.368734362621021,6.509913444519043,330300,0.0,0.0
2009-08-04,6.447165903241098,6.509911981540922,6.4314790096700145,6.470695495605469,214900,0.0,0.0
2009-08-05,6.455008602034384,6.502068534755381,6.423635562884472,6.470695495605469,404100,0.0,0.0
2009-08-06,6.478541393002692,6.509914444019961,6.2981457886589896,6.337362289428711,282300,0.0,0.0
2009-08-07,6.455011043745336,6.455011043745336,6.2981457886589896,6.337362289428711,211000,0.0,0.0
2009-08-10,6.313831672326811,6.509913396635144,6.282458626357174,6.431480407714844,167800,0.0,0.0
2009-08-11,6.431480067444647,6.439323515520187,6.141279220581055,6.141279220581055,247000,0.0,0.0
2009-08-12,6.125592267987322,6.188338352197789,6.00010009956639,6.0628461837768555,380500,0.0,0.0
2009-08-13,6.047159700312163,6.17265186951313,5.937354052261316,6.086376190185547,491300,0.0,0.0
2009-08-14,6.133433811384469,6.133433811384469,5.88244917846473,5.968725204467773,443600,0.0,0.0
2009-08-17,5.8118600952150095,5.913822644884484,5.686367956542471,5.780487060546875,362600,0.0,0.0
2009-08-18,5.827549456424804,6.055004255765993,5.764803356468098,5.953042030334473,321800,0.0,0.0
2009-08-19,5.882452386003547,6.015788033259027,5.780489788220385,6.007944583892822,373700,0.0,0.0
2009-08-20,6.0471601637846755,6.164809268425645,6.007943670905621,6.102063179016113,165600,0.0,0.0
2009-08-21,6.172652321753324,6.251084933250304,6.086376636104742,6.13343620300293,255800,0.0,0.0
2009-08-24,6.156965262412048,6.204024825205461,6.015786574031808,6.055002689361572,170300,0.0,0.0
2009-08-25,6.070690702477158,6.1412802510163695,5.992258078542618,6.047161102294922,295200,0.0,0.0
2009-08-26,6.015785207275768,6.360888589355052,5.91382265739067,6.345202445983887,526000,0.0,0.0
2009-08-27,6.35304734612785,6.651090870343219,6.3138308567335155,6.486382961273193,701300,0.0,0.0
2009-08-28,6.564814116307064,6.580501008691147,6.353046305067325,6.502068042755127,296800,0.0,0.0
2009-08-31,6.478538030603466,6.494224173974631,6.3295155546205715,6.345202445983887,221800,0.0,0.0
2009-09-01,6.3373604908394015,6.431479617179512,6.12559226957607,6.14912223815918,349400,0.0,0.0
2009-09-02,6.109905784912646,6.274614443986998,6.031473179162042,6.086376190185547,189800,0.0,0.0
2009-09-03,6.1020635763977555,6.298144931573756,5.960884492036179,6.282458782196045,251900,0.0,0.0
2009-09-04,6.290302094747318,6.376577784438651,6.156966087960235,6.329517841339111,248700,0.0,0.0
2009-09-08,6.400107381992211,6.470696922645311,6.274615197716665,6.329517841339111,178400,0.0,0.0
2009-09-09,6.345204399651173,6.4393235328335825,6.29030175895953,6.353047847747803,191200,0.0,0.0
2009-09-10,6.3608898944669034,6.431479424100909,6.274614218243287,6.392262935638428,175500,0.0,0.0
2009-09-11,6.360890011923175,6.407949948545593,6.196181729729346,6.274614334106445,255400,0.0,0.0
2009-09-14,6.2589276976575245,6.415793277511298,6.196181615314476,6.392262935638428,159200,0.0,0.0
2009-09-15,6.643247987793261,7.004038333892822,6.572658458427127,7.004038333892822,605100,0.0,0.0
2009-09-16,7.255025869071085,7.372674638021131,7.082473693017404,7.145219802856445,455800,0.0,0.0
2009-09-17,7.200119944557729,7.207962643736311,6.949134871035818,7.058940887451172,265200,0.0,0.0
2009-09-18,7.058940391822077,7.098156876930647,6.980507421604935,6.988350868225098,329900,0.0,0.0
2009-09-21,6.980511077530802,7.255025869071085,6.784429297285638,7.145219802856445,333500,0.0,0.0
2009-09-22,7.176590040283549,7.176590040283549,6.980508337019055,7.051097869873047,255900,0.0,0.0
2009-09-23,7.05109947413547,7.066786373002027,6.815801227084678,6.902077674865723,263400,0.0,0.0
2009-09-24,6.847172737121582,6.980508355534491,6.760897056733604,6.847172737121582,203800,0.0,0.0
2009-09-25,6.823643142105286,6.886389227476968,6.745210909386854,6.847172737121582,109600,0.0,0.0
2009-09-28,6.909920237333396,7.0824716147615705,6.800114203339858,6.878547191619873,492100,0.0,0.0
2009-09-29,6.878546555814535,7.058941364994743,6.878546555814535,6.886389255523682,191600,0.0,0.0
2009-09-30,6.902075750510362,7.058940955478082,6.666777569062633,6.933448791503906,391000,0.0,0.0
2009-10-01,6.917764708994151,6.9569812131751645,6.721682936081685,6.815802097320557,199500,0.0,0.0
2009-10-02,6.73736712746828,6.815799356295594,6.588344621109471,6.596188068389893,274800,0.0,0.0
2009-10-05,6.604031118319881,6.768739761337066,6.549128486644905,6.643247604370117,237300,0.0,0.0
2009-10-06,6.651090301313416,6.7059936809651886,6.4079494342564844,6.541285037994385,510900,0.0,0.0
2009-10-07,6.517755009748804,6.588343782308623,6.407949005779851,6.447165489196777,278000,0.0,0.0
2009-10-08,6.533442056678763,6.784426388423962,6.533442056678763,6.745210647583008,607200,0.0,0.0
2009-10-09,6.760896567730173,7.011880891063658,6.627560958961188,6.980507850646973,767700,0.0,0.0
2009-10-12,7.082472679290487,7.356987431538985,7.035413477643188,7.349143981933594,1119200,0.0,0.0
2009-10-13,6.956978012838634,7.153059695549956,6.572658094242585,6.611874580383301,3587500,0.0,0.0
2009-10-14,6.831486792874998,6.839330240777729,6.478539865168087,6.604032039642334,1343400,0.0,0.0
2009-10-15,6.5569729332640545,6.705995470379406,6.5491302323572915,6.6197190284729,490300,0.0,0.0
2009-10-16,6.588346023947407,6.705995514227605,6.5805033229893635,6.6981520652771,425300,0.0,0.0
2009-10-19,6.7373672354678105,6.7530533822878,6.65893425739092,6.682464599609375,421900,0.0,0.0
2009-10-20,6.682465966087695,6.682465966087695,6.549130324886945,6.564816474914551,515600,0.0,0.0
2009-10-21,6.549128001526182,6.6589332567424435,6.251083402814714,6.305986404418945,975500,0.0,0.0
2009-10-22,6.3138313552570375,6.400107040342817,6.235398370275507,6.353047847747803,509800,0.0,0.0
2009-10-23,6.4001050693899035,6.455007693173936,6.156963863214129,6.19618034362793,623300,0.0,0.0
2009-10-26,6.2353964500456565,6.282456376140648,6.125590828481517,6.19618034362793,581900,0.0,0.0
2009-10-27,6.1883388649561235,6.266771476718039,6.031473641432292,6.102063179016113,562300,0.0,0.0
2009-10-28,6.062847282409109,6.1255933779896266,5.804019451141357,5.804019451141357,408700,0.0,0.0
2009-10-29,5.874608132102453,5.992257238509583,5.81186204175097,5.890295028686523,413300,0.0,0.0
2009-10-30,5.8667646112437914,5.9295106968192055,5.749115513791804,5.756958961486816,484800,0.0,0.0
2009-11-02,5.81186016638435,5.905979645537371,5.560875885965836,5.725584506988525,412200,0.0,0.0
2009-11-03,5.6785263581500915,5.953041061792337,5.64715331327604,5.898138046264648,432700,0.0,0.0
2009-11-04,5.9216655938201805,5.984411657893097,5.811859607696533,5.811859607696533,239300,0.0,0.0
2009-11-05,5.85892064498107,5.98441317902084,5.8432341249756155,5.921667098999023,199200,0.0,0.0
2009-11-06,5.968728102615236,5.968728102615236,5.788332891923961,5.851078987121582,189500,0.0,0.0
2009-11-09,5.8746090777496045,5.937355552197707,5.780489927071839,5.835392951965332,319900,0.0,0.0
2009-11-10,5.788331884141288,5.905980979151541,5.780488436609061,5.874607563018799,185500,0.0,0.0
2009-11-11,5.937353965180517,6.266770904501628,5.937353965180517,6.243241310119629,900400,0.0,0.0
2009-11-12,6.2353988608817685,6.2432423095955265,6.070690177855045,6.1099066734313965,449100,0.0,0.0
2009-11-13,6.149123169007748,6.211869262732933,5.9765710372672665,6.1099066734313965,226300,0.0,0.0
2009-11-16,6.17265278945723,6.3844214175391425,6.133436667735417,6.290302276611328,395500,0.0,0.0
2009-11-17,6.2903007573380645,6.2903007573380645,6.117748666650058,6.1569647789001465,285000,0.0,0.0
2009-11-18,6.14127874148091,6.164808709875697,6.0079431265681595,6.055002689361572,204500,0.0,0.0
2009-11-19,6.007943179097341,6.007943179097341,5.858921041950509,5.874607563018799,311200,0.0,0.0
2009-11-20,5.851077027357408,5.992255694265566,5.843233581086682,5.976569175720215,245400,0.0,0.0
2009-11-23,6.015786622179275,6.164808759215864,5.937354016895848,6.14912223815918,650400,0.0,0.0
2009-11-24,6.133435133556024,6.3295164411109655,6.094218647647359,6.266770362854004,381000,0.0,0.0
2009-11-25,6.266772737641721,6.353049188933614,6.172653584589912,6.337362289428711,380400,0.0,0.0
2009-11-27,6.149122138291855,6.3530472827129945,6.149122138291855,6.235397815704346,151000,0.0,0.0
2009-11-30,6.211868736824077,6.211868736824077,6.039316619692193,6.172652244567871,391500,0.0,0.0
2009-12-01,6.180496723965565,6.227556298128196,6.039317627481421,6.078534126281738,196400,0.0,0.0
2009-12-02,6.0942201500001,6.196182739301637,6.062847103137507,6.1099066734313965,302100,0.0,0.0
2009-12-03,6.102061222110128,6.117747739431909,5.9373526032333865,5.94519567489624,226200,0.0,0.0
2009-12-04,6.015787532843618,6.133436645576451,5.9765710372672665,6.1099066734313965,253100,0.0,0.0
2009-12-07,6.117750650834133,6.117750650834133,6.015788052721105,6.047161102294922,219700,0.0,0.0
2009-12-08,6.031474033596617,6.102063575770146,5.953041416735041,6.070690155029297,202800,0.0,0.0
2009-12-09,6.086377052397831,6.094220127085879,5.953041416735041,6.070690155029297,192500,0.0,0.0
2009-12-10,6.078534132203665,6.109907181675984,5.953041934314389,6.007944583892822,164300,0.0,0.0
2009-12-11,6.039315755884609,6.094218762391246,5.960883156586654,6.031472682952881,142300,0.0,0.0
2009-12-14,6.047161082731346,6.062847607467505,5.945198484948184,6.007944583892822,296700,0.0,0.0
2009-12-15,6.109906176271271,6.204025309200622,5.968727476877246,6.141279220581055,894200,0.0,0.0
2009-12-16,6.2118677848456265,6.2824573104903685,6.0079426547590975,6.1569647789001465,492200,0.0,0.0
2009-12-17,6.109905282250837,6.204024401408384,6.031472682952881,6.031472682952881,381200,0.0,0.0
2009-12-18,6.070689257305083,6.117749194459096,5.976570130989383,6.0628461837768555,710500,0.0,0.0
2009-12-21,6.078534431538104,6.353049188933614,6.06284790602947,6.337362289428711,392600,0.0,0.0
2009-12-22,6.329518812812251,6.415795263737967,6.2981457619281365,6.368735313415527,307200,0.0,0.0
2009-12-23,6.462851960520346,6.698150124926021,6.407949329756177,6.658933639526367,735200,0.0,0.0
2009-12-24,6.690306743791495,6.807956201143048,6.690306743791495,6.737366676330566,144400,0.0,0.0
2009-12-28,6.807958106606793,6.815800807564837,6.604032921848418,6.6981520652771,232200,0.0,0.0
2009-12-29,6.682465822049104,6.823644161224365,6.651092026685212,6.823644161224365,283800,0.0,0.0
2009-12-30,6.823643659312962,6.839330555841063,6.6667784339939375,6.784427165985107,240200,0.0,0.0
2009-12-31,6.768742199043122,6.815801400857579,6.556973546900489,6.572660446166992,168900,0.0,0.0
2010-01-04,6.690306761064188,6.807956218719482,6.5961876437353055,6.807956218719482,401300,0.0,0.0
2010-01-05,6.784429144473355,6.878549055104595,6.674623828724599,6.870705604553223,479300,0.0,0.0
2010-01-06,6.886389765021439,7.113844529246755,6.870703616450244,7.0667853355407715,883000,0.0,0.0
2010-01-07,7.113845729719528,7.364830881144377,7.082472679290487,7.349143981933594,585900,0.0,0.0
2010-01-08,7.294241330680904,7.349143981933594,7.153062229753959,7.349143981933594,381700,0.0,0.0
2010-01-11,7.388360384480659,7.411889984993842,7.215808235401452,7.404046535491943,657500,0.0,0.0
2010-01-12,7.639345148064106,8.157000871938104,7.600128646681293,7.780524253845215,2176900,0.0,0.0
2010-01-13,7.960916043617851,8.070722055554578,7.835423885971454,8.062878608703613,1474700,0.0,0.0
2010-01-14,8.470728378146358,9.07465953881836,8.392295410166621,8.870735168457031,5085400,0.0,0.0
2010-01-15,8.862893515004894,8.941325750859086,8.682497951354748,8.886423110961914,1827800,0.0,0.0
2010-01-19,8.925641985222708,9.17662640373401,8.870739330671503,8.957015037536621,2007900,0.0,0.0
2010-01-20,8.933480651615131,8.933480651615131,8.706025957138154,8.753085136413574,1559400,0.0,0.0
2010-01-21,8.77661519564684,8.815831679136092,8.627593455978332,8.651123046875,1078500,0.0,0.0
2010-01-22,8.64328033542442,8.72171255429142,8.447198666268608,8.682496070861816,731200,0.0,0.0
2010-01-25,8.941325374369534,9.098191335457551,8.753087118654717,8.80014705657959,792500,0.0,0.0
2010-01-26,8.768774982871202,8.784461131917851,8.549162912278751,8.627595901489258,735800,0.0,0.0
2010-01-27,8.666810938907814,8.807989248560444,8.549161474872943,8.760930061340332,465100,0.0,0.0
2010-01-28,8.823675629804553,8.886421707777115,8.58053401666668,8.721713066101074,433400,0.0,0.0
2010-01-29,8.77661289915626,8.94916493256364,8.75308331441635,8.862889289855957,847400,0.0,0.0
2010-02-01,8.925640969412868,9.035447014011034,8.839365272366619,8.909954071044922,771900,0.0,0.0
2010-02-02,8.917794746763398,8.94916778574968,8.596220910155948,8.721713066101074,1196600,0.0,0.0
2010-02-03,8.713868678140075,8.784458195232643,8.65112260694494,8.690339088439941,635000,0.0,0.0
2010-02-04,8.635441377340317,8.682500583520714,8.290337041385287,8.39229965209961,1065300,0.0,0.0
2010-02-05,8.353081294646064,8.502103826463625,8.141313417842726,8.329551696777344,716700,0.0,0.0
2010-02-08,8.345239954953415,8.517791364786818,8.282493851742624,8.353082656860352,568800,0.0,0.0
2010-02-09,8.431511440196275,8.784458281117683,8.423667994222155,8.737399101257324,765200,0.0,0.0
2010-02-10,8.745241690536949,8.823674653318871,8.549160031574306,8.753085136413574,561400,0.0,0.0
2010-02-11,8.753087519330473,9.011915319784368,8.674655283188537,8.99622917175293,613500,0.0,0.0
2010-02-12,8.941324709295586,9.051130724291136,8.862892482577864,9.04328727722168,725100,0.0,0.0
2010-02-16,9.11387772255233,9.294273283352728,9.074661231248559,9.278586387634277,550500,0.0,0.0
2010-02-17,9.325648055080649,9.639378547668457,9.30996115645501,9.639378547668457,801200,0.0,0.0
2010-02-18,9.647216276955115,9.69427544894472,9.474664234345108,9.607999801635742,886100,0.0,0.0
2010-02-19,9.568788481298709,9.804086711984835,9.568788481298709,9.631534576416016,853100,0.0,0.0
2010-02-22,9.772713640586485,9.788399790331319,9.608004954307233,9.662907600402832,571700,0.0,0.0
2010-02-23,9.64722166197666,9.694280860234429,9.490356421129981,9.521729469299316,644300,0.0,0.0
2010-02-24,9.576627779309732,9.804082462520523,9.498194820412715,9.74917984008789,581200,0.0,0.0
2010-02-25,9.670746881190874,9.804082462520523,9.537411299861224,9.74917984008789,667300,0.0,0.0
2010-02-26,9.85114706409159,10.023698458792929,9.796243667602539,9.796243667602539,900900,0.0,0.0
2010-03-01,9.898206632701754,10.070758781833906,9.804087482627631,9.992325782775879,1921000,0.0,0.0
2010-03-02,10.329585061242128,10.509979884462618,10.015854608688056,10.502137184143066,3628900,0.0,0.0
2010-03-03,10.604098198421406,11.08253725473774,10.54135136920705,11.027634620666504,3585700,0.0,0.0
2010-03-04,11.027633584394799,11.027633584394799,10.478604303305806,10.745275497436523,2982700,0.0,0.0
2010-03-05,10.745279818345956,10.972734619864495,10.643317217942124,10.894302368164062,1136700,0.0,0.0
2010-03-08,10.957043600512817,11.019789673192125,10.800178418814548,10.815864562988281,1485400,0.0,0.0
2010-03-09,10.831553191204888,11.184500093593373,10.721747172420606,11.129596710205078,2127000,0.0,0.0
2010-03-10,10.98057413865708,10.98057413865708,10.611940368850048,10.64331340789795,2236000,0.0,0.0
2010-03-11,10.674689740755026,10.917831429394866,10.588414043749914,10.776652336120605,1385500,0.0,0.0
2010-03-12,10.886453520331498,10.933512698418022,10.70605800968742,10.902139663696289,687400,0.0,0.0
2010-03-15,10.902140335970971,10.964886409283642,10.737431706527165,10.800178527832031,753700,0.0,0.0
2010-03-16,10.815866860715943,11.04332160949707,10.706060836203818,11.04332160949707,1017400,0.0,0.0
2010-03-17,11.059007928121227,11.176656646253287,11.004104544732932,11.129596710205078,915000,0.0,0.0
2010-03-18,11.00410241435506,11.00410241435506,10.431544333236715,10.635469436645508,1934900,0.0,0.0
2010-03-19,10.470762252807617,10.74527616234662,10.423702319405129,10.470762252807617,1229500,0.0,0.0
2010-03-22,10.494292139362745,10.964887746603413,10.470762545998783,10.917828559875488,1130800,0.0,0.0
2010-03-23,10.949199589774963,10.949199589774963,10.721744901044362,10.902139663696289,664200,0.0,0.0
2010-03-24,10.823711803167708,10.8629282993371,10.721749212324266,10.847241401672363,663200,0.0,0.0
2010-03-25,10.902140272940802,11.059006203307758,10.855081092224468,10.957043647766113,1296800,0.0,0.0
2010-03-26,10.996260082935432,11.019789673192125,10.745275044226013,10.815864562988281,462700,0.0,0.0
2010-03-29,10.855082433608287,10.972731147929395,10.706059930943113,10.808022499084473,583800,0.0,0.0
2010-03-30,10.894299843983903,10.98057552526229,10.768806923953047,10.870769500732422,1084900,0.0,0.0
2010-03-31,10.847242049746866,10.94136119738114,10.682533354388763,10.698220252990723,803100,0.0,0.0
2010-04-01,10.776649458732692,10.894298921046083,10.659000744411582,10.808022499084473,614700,0.0,0.0
2010-04-05,10.878614874044874,10.98057746887207,10.73743578151607,10.98057746887207,808900,0.0,0.0
2010-04-06,10.878612910628341,11.019791977676572,10.768806886480569,10.933515548706055,763900,0.0,0.0
2010-04-07,10.964888236693595,11.019791620986533,10.886456005977328,10.988418579101562,1122100,0.0,0.0
2010-04-08,10.980573116122068,11.64725106879778,10.81586448946055,11.537445068359375,2852100,0.0,0.0
2010-04-09,11.608037051913925,11.63156664700779,11.23155979045038,11.341365814208984,1304700,0.0,0.0
2010-04-12,11.317835283594924,11.443327444378943,11.215872715959836,11.309991836547852,945500,0.0,0.0
2010-04-13,11.42763852780582,11.960980864738533,11.176654250657318,11.89039134979248,2122400,0.0,0.0
2010-04-14,12.141380059340241,12.2119696000561,11.953141782759559,12.03941822052002,1609100,0.0,0.0
2010-04-15,12.1570615599304,12.266867546523052,11.827644348144531,11.827644348144531,1031800,0.0,0.0
2010-04-16,11.796271265589631,11.921763393735464,11.451167913188588,11.623719215393066,1072000,0.0,0.0
2010-04-19,11.600197213807434,11.76490592670095,11.380585845946936,11.655099868774414,924000,0.0,0.0
2010-04-20,11.741373797672574,12.08647730147664,11.6080381660229,12.05510425567627,833000,0.0,0.0
2010-04-21,12.094319400624325,12.204125422671336,11.84333506222239,12.172752380371094,913700,0.0,0.0
2010-04-22,11.835494511219524,11.976673610118368,11.764904961770101,11.906084060668945,1419700,0.0,0.0
2010-04-23,11.89039747713719,12.000203528970852,11.780592173296064,11.91392707824707,621700,0.0,0.0
2010-04-26,12.149225413323757,12.8002167829265,12.149225413323757,12.674724578857422,2180500,0.0,0.0
2010-04-27,12.643347593473175,12.643347593473175,12.259026925850943,12.313929557800293,966600,0.0,0.0
2010-04-28,12.047260921049899,12.18844000248162,11.780590403223478,12.03941822052002,1984700,0.0,0.0
2010-04-29,12.117850645574327,12.400208812720694,12.09432104764294,12.376678466796875,925800,0.0,0.0
2010-04-30,12.400207506663936,12.4158936543019,11.960984152915644,12.08647632598877,992800,0.0,0.0
2010-05-03,12.22765745486564,12.659036685487228,12.141381010347338,12.596290588378906,1728000,0.0,0.0
2010-05-04,11.3884279419632,11.843337523866058,10.635474022263217,10.996264457702637,4664900,0.0,0.0
2010-05-05,11.07469644445614,11.576665961743185,10.957047701150842,11.200188636779785,2832800,0.0,0.0
2010-05-06,11.333523623554084,11.372740118388391,9.749183664982935,10.478607177734375,2299200,0.0,0.0
2010-05-07,10.541353066024683,10.541353066024683,9.686437384762113,9.858988761901855,4268400,0.0,0.0
2010-05-10,10.713904478738959,10.831553953139254,10.353114103630967,10.557039260864258,2096200,0.0,0.0
2010-05-11,10.549198067106094,11.03548072042185,10.37664591657711,10.894302368164062,1174600,0.0,0.0
2010-05-12,10.964891476391587,11.26293583635546,10.964891476391587,11.153130531311035,1051400,0.0,0.0
2010-05-13,11.145283825042247,11.294305587486026,10.86292644715241,10.92567253112793,670200,0.0,0.0
2010-05-14,10.823710027095306,11.011948280229266,10.494292710114712,10.627628326416016,1012100,0.0,0.0
2010-05-17,10.59625521248044,10.933515226730469,10.392330065636584,10.753120422363281,867000,0.0,0.0
2010-05-18,10.886459547311977,11.06685440983442,10.564885576385839,10.666848182678223,1048800,0.0,0.0
2010-05-19,10.557042145772607,10.753123908697066,10.211938572142286,10.415863037109375,864200,0.0,0.0
2010-05-20,10.094285058412744,10.157031137800539,9.686435542392084,10.000165939331055,1736900,0.0,0.0
2010-05-21,9.764871747984207,10.306057838292343,9.568789982972506,10.180564880371094,1032300,0.0,0.0
2010-05-24,10.188404624321858,10.41585935907604,10.055069012777102,10.164875030517578,692500,0.0,0.0
2010-05-25,9.835457309846667,10.227620680650748,9.568786098021128,10.172718048095703,1097500,0.0,0.0
2010-05-26,10.266840555028915,10.494295355227742,10.078602254449025,10.21193790435791,1220200,0.0,0.0
2010-05-27,10.392329279800892,10.509977991318713,10.25899367448482,10.470762252807617,797400,0.0,0.0
2010-05-28,10.462915362680809,10.486444947642598,10.109968596285889,10.196244239807129,709100,0.0,0.0
2010-06-01,10.164874037077919,10.235463559584161,9.921732431555547,10.02369499206543,976400,0.0,0.0
2010-06-02,10.039385104805715,10.251152992248535,9.890362565501077,10.251152992248535,1212900,0.0,0.0
2010-06-03,10.243308387808138,10.541351915049834,10.243308387808138,10.42370319366455,861700,0.0,0.0
2010-06-04,10.196248520170212,10.266838052680933,9.843301605608941,9.953106880187988,1118000,0.0,0.0
2010-06-07,9.906044441299196,10.000163537778056,9.44329165595073,9.474664688110352,930600,0.0,0.0
2010-06-08,9.553101900963835,9.670750637008323,9.192311496303672,9.498198509216309,1240100,0.0,0.0
2010-06-09,9.55309770813786,9.953103683923146,9.513881230670885,9.615843772888184,932600,0.0,0.0
2010-06-10,9.811928207831482,9.960949967074542,9.568786576654345,9.835457801818848,750500,0.0,0.0
2010-06-11,9.694280132647904,9.937421798706055,9.56094450093737,9.937421798706055,980500,0.0,0.0
2010-06-14,10.055068030069068,10.306053082090406,9.960948916058152,10.02369499206543,968600,0.0,0.0
2010-06-15,10.180557351171256,10.290363327646308,10.008006064128775,10.196244239807129,588300,0.0,0.0
2010-06-16,10.047226313503876,10.26683760099253,10.000166377903014,10.164875030517578,488500,0.0,0.0
2010-06-17,10.117811849898871,10.188401356664315,9.984476281117935,10.047223091125488,577800,0.0,0.0
2010-06-18,9.984480053235956,10.16487561067765,9.945264310654684,10.07859992980957,717400,0.0,0.0
2010-06-21,10.235466627135176,10.235466627135176,9.623691828720297,9.694280624389648,632300,0.0,0.0
2010-06-22,9.757024887726653,9.757024887726653,9.38054838952142,9.537413597106934,1453100,0.0,0.0
2010-06-23,9.639375361824634,9.639375361824634,9.380547603984954,9.427607536315918,927900,0.0,0.0
2010-06-24,9.396233123287281,9.396233123287281,9.05112971849547,9.168778419494629,775000,0.0,0.0
2010-06-25,9.223679963021889,9.380545115864019,9.137403567964679,9.247209548950195,661200,0.0,0.0
2010-06-28,9.317802055272686,9.317802055272686,8.964855160722903,9.02760124206543,848400,0.0,0.0
2010-06-29,8.82367904389592,8.909954747492254,8.564851185114376,8.61975383758545,762800,0.0,0.0
2010-06-30,8.666807671708666,9.019754434775388,8.572688584757008,8.862889289855957,1470500,0.0,0.0
2010-07-01,8.784458754080877,8.972696979641587,8.36092237257317,8.870735168457031,1652100,0.0,0.0
2010-07-02,8.96485369195706,9.082502388201133,8.870734585363369,9.019756317138672,1388100,0.0,0.0
2010-07-06,9.082502383310185,9.168778043976568,8.666809475747192,8.753085136413574,1181500,0.0,0.0
2010-07-07,8.80798916547611,8.941324774662519,8.737400385311794,8.917795181274414,778400,0.0,0.0
2010-07-08,8.996227134757243,9.349173987459913,8.97269679604945,9.309957504272461,980800,0.0,0.0
2010-07-09,9.32564346089783,9.576627731323242,9.223680914039473,9.576627731323242,585000,0.0,0.0
2010-07-12,9.62368952535899,9.78839742382494,9.364861011216982,9.46682357788086,519900,0.0,0.0
2010-07-13,9.584476233625756,9.906050186771585,9.568789334451559,9.866833686828613,580500,0.0,0.0
2010-07-14,9.85899013317274,10.274683980990764,9.78840058361902,9.992325782775879,884600,0.0,0.0
2010-07-15,10.031540029329093,10.102129563029166,9.85898791895029,10.015853881835938,530700,0.0,0.0
2010-07-16,9.937420437444226,9.937420437444226,9.482510961450082,9.537413597106934,547400,0.0,0.0
2010-07-19,9.592313371710905,9.592313371710905,9.215836985795463,9.474664688110352,670700,0.0,0.0
2010-07-20,9.341333676712974,9.662907600402832,9.231528384521777,9.662907600402832,507100,0.0,0.0
2010-07-21,9.725653326442172,9.764869821305332,9.419766312092868,9.435452461242676,364000,0.0,0.0
2010-07-22,9.592315630540133,10.188404129933836,9.592315630540133,10.094285011291504,859100,0.0,0.0
2010-07-23,10.078600183181019,10.368801023933539,9.92957766485339,10.353114128112793,614300,0.0,0.0
2010-07-26,10.376642294780364,10.815865593370678,10.29036662362524,10.659000396728516,1433700,0.0,0.0
2010-07-27,10.886454161894237,10.980573271606083,10.008008389924814,10.360955238342285,2514000,0.0,0.0
2010-07-28,10.306053590929189,10.737432697779562,10.251150210717917,10.298210144042969,1204000,0.0,0.0
2010-07-29,10.431547136890357,10.470763628546317,10.023696820456143,10.149188995361328,813000,0.0,0.0
2010-07-30,9.984479979055019,10.243308515720942,9.945264236765105,10.031539916992188,693400,0.0,0.0
2010-08-02,10.227622659490033,10.227622659490033,9.882519155528453,9.937421798706055,810500,0.0,0.0
2010-08-03,9.921733400536876,9.984479482672093,9.686435966525963,9.788397789001465,756300,0.0,0.0
2010-08-04,9.796243982388027,10.07075872967688,9.796243982388027,10.055071830749512,785500,0.0,0.0
2010-08-05,9.992326249153564,10.094288853490953,9.913893994427337,10.062915802001953,608400,0.0,0.0
2010-08-06,9.874670502691936,10.211931128443002,9.796237555496612,10.196244239807129,1106300,0.0,0.0
2010-08-09,10.282525408085188,10.549196674240195,10.274682707545422,10.541353225708008,667400,0.0,0.0
2010-08-10,10.46292022867095,10.509979420480345,10.251151621551562,10.400174140930176,730700,0.0,0.0
2010-08-11,10.125663355905742,10.196252918869046,10.039387638946515,10.102133750915527,959700,0.0,0.0
2010-08-12,9.945266604540143,10.235467504932267,9.827617105683325,10.21193790435791,836000,0.0,0.0
2010-08-13,10.204089125831823,10.337424706107267,10.196245680405708,10.329581260681152,769500,0.0,0.0
2010-08-16,10.24331225233066,10.439394027277329,10.16487924315495,10.408020973205566,786700,0.0,0.0
2010-08-17,10.470763656678317,10.588412383969926,10.353114181394343,10.431547164916992,776700,0.0,0.0
2010-08-18,10.384487225204929,10.57272548806845,10.313897689633018,10.431547164916992,841500,0.0,0.0
2010-08-19,10.384488609207006,10.447234705190722,10.172720722260081,10.282526016235352,503200,0.0,0.0
2010-08-20,10.235466411765309,10.290369056572608,10.117816925473676,10.25899600982666,452400,0.0,0.0
2010-08-23,10.321741534800433,10.408017969594038,10.243309296251802,10.313898086547852,470800,0.0,0.0
2010-08-24,10.141344944608802,10.211934470588618,9.772711168932135,10.094285011291504,670700,0.0,0.0
2010-08-25,9.99232816205912,10.14919344953401,9.86683593207921,10.141350746154785,683700,0.0,0.0
2010-08-26,10.078597566178287,10.21193315406333,9.851142871784774,9.882515907287598,579300,0.0,0.0
2010-08-27,9.960950771991328,10.133502887157517,9.76486906093641,10.086442947387695,503500,0.0,0.0
2010-08-30,10.07075640727444,10.290367705665773,10.023696469337269,10.031539916992188,596900,0.0,0.0
2010-08-31,10.023698780887287,10.13350482940133,9.874676981039846,10.055071830749512,567000,0.0,0.0
2010-09-01,10.133502933018363,10.353114240955895,10.11781603702664,10.337428092956543,424100,0.0,0.0
2010-09-02,10.360957513301356,10.666845248022877,10.298211426382945,10.61978530883789,558200,0.0,0.0
2010-09-03,10.776651858165945,10.870771000177019,10.682532716154872,10.847241401672363,428400,0.0,0.0
2010-09-07,10.808024188385188,10.831554533321043,10.439391093632253,10.502137184143066,369000,0.0,0.0
2010-09-08,10.564883577489333,10.83155484380045,10.564883577489333,10.823711395263672,649400,0.0,0.0
2010-09-09,10.95704351465752,11.066848766989823,10.839394068311535,11.035475730895996,782500,0.0,0.0
2010-09-10,11.059008506782531,11.145284188060918,10.784493819454035,10.870769500732422,445800,0.0,0.0
2010-09-13,11.011944679889082,11.01978812487001,10.894295997143514,10.964884757995605,481000,0.0,0.0
2010-09-14,10.972731684162916,11.153127235995738,10.917829047862298,10.988418579101562,442400,0.0,0.0
2010-09-15,10.964890660889004,11.05116710614152,10.886458412832383,10.996264457702637,283400,0.0,0.0
2010-09-16,11.011949056860225,11.04332210126184,10.823710790450534,10.941359519958496,267800,0.0,0.0
2010-09-17,11.004102828482447,11.01978972071602,10.823708055749515,10.957043647766113,529500,0.0,0.0
2010-09-20,10.957045484130132,11.121754140226303,10.925672442397163,11.082537651062012,470500,0.0,0.0
2010-09-21,11.082535174340368,11.137437798105363,10.831550896566503,10.902139663696289,582400,0.0,0.0
2010-09-22,10.90998528247411,10.941358323444865,10.596254872766561,10.604098320007324,755700,0.0,0.0
2010-09-23,10.549195837917932,10.62762882103693,10.243308849337028,10.353114128112793,998800,0.0,0.0
2010-09-24,10.509977991318713,10.596254411224564,10.423702319405129,10.470762252807617,680800,0.0,0.0
2010-09-27,10.439389068688083,10.502135147027946,10.290366571636719,10.345269203186035,761200,0.0,0.0
2010-09-28,10.337428481303231,10.400174571642568,10.196249404043522,10.39233112335205,546500,0.0,0.0
2010-09-29,10.392325828021976,10.46291533068349,10.29036329617668,10.384482383728027,518700,0.0,0.0
2010-09-30,10.447236235437998,10.470766585872822,10.274684820204737,10.368803977966309,478900,0.0,0.0
2010-10-01,10.408017969594038,10.455077163124738,10.243309296251802,10.313898086547852,631100,0.0,0.0
2010-10-04,10.329584158759236,10.384486796161324,10.196248541075022,10.266838073730469,521600,0.0,0.0
2010-10-05,10.384487675061534,10.439391065102754,10.266838942673376,10.39233112335205,538800,0.0,0.0
2010-10-06,10.368800556750395,10.502136173249625,10.282524129608348,10.42370319366455,535900,0.0,0.0
2010-10-07,10.525665991000109,10.957045891875657,10.431546862298736,10.933515548706055,877200,0.0,0.0
2010-10-08,10.972734012086134,11.145286153057478,10.894301764730054,11.121756553649902,961700,0.0,0.0
2010-10-11,11.145284604096561,11.443328897809707,11.113911559915827,11.380582809448242,907600,0.0,0.0
2010-10-12,11.380581236568682,11.380581236568682,11.137439616777675,11.357050895690918,694800,0.0,0.0
2010-10-13,11.404113338424516,11.584508918214087,11.317837646868377,11.411956787109375,559800,0.0,0.0
2010-10-14,11.372739862347334,11.451172850250142,11.223718082922892,11.4197998046875,610200,0.0,0.0
2010-10-15,11.466854095458984,11.59234622404529,11.333518521838013,11.466854095458984,625600,0.0,0.0
2010-10-18,11.506075881705549,11.623724619541973,11.435486339806722,11.474702835083008,769500,0.0,0.0
2010-10-19,11.804118970793247,12.266871921336138,11.474701641525167,12.196282386779785,4663500,0.0,0.0
2010-10-20,12.243341558425188,12.313931092869705,12.062946746393512,12.227655410766602,1521100,0.0,0.0
2010-10-21,12.180595634861406,12.211968678590905,11.68646963512753,11.804119110107422,2348400,0.0,0.0
2010-10-22,11.804117538670306,12.023728815540785,11.804117538670306,11.984512329101562,1358300,0.0,0.0
2010-10-25,12.055103866661613,12.157066449220613,11.99235777708567,12.000201225280762,478300,0.0,0.0
2010-10-26,11.968829942253835,12.22765778685105,11.859023895336758,12.047262191772461,771800,0.0,0.0
2010-10-27,11.835494604614883,11.835494604614883,11.364898103233537,11.670785903930664,2072000,0.0,0.0
2010-10-28,11.717845105273287,11.804121554388962,11.537450253472366,11.670785903930664,597400,0.0,0.0
2010-10-29,11.662935791452718,11.74921144328742,11.615876616994548,11.639406204223633,654000,0.0,0.0
2010-11-01,11.725688554827897,11.78843465527974,11.537450253472366,11.670785903930664,1000700,0.0,0.0
2010-11-02,11.741370576997905,11.898235762971408,11.639408019117075,11.85901927947998,1477700,0.0,0.0
2010-11-03,11.764903546808915,11.866866133973682,11.7256870520544,11.835493087768555,678700,0.0,0.0
2010-11-04,11.960980995855063,11.960980995855063,11.749212448695493,11.811959266662598,907100,0.0,0.0
2010-11-05,11.827649503679913,11.906082492290135,11.804119906293812,11.882552146911621,881900,0.0,0.0
2010-11-08,11.921764923371827,12.219809139955146,11.772743189076259,12.133533477783203,1298100,0.0,0.0
2010-11-09,12.055103317667077,12.290401516857472,12.031573722145746,12.196282386779785,1389300,0.0,0.0
2010-11-10,12.078633496395762,12.078633496395762,11.69431350969053,11.796276092529297,2187300,0.0,0.0
2010-11-11,11.764899670351014,11.913921403725569,11.733526634483098,11.788429260253906,618400,0.0,0.0
2010-11-12,11.694314045255966,11.764903586453475,11.45117312334502,11.490388870239258,781800,0.0,0.0
2010-11-15,11.513918941375424,11.592351181285823,11.333523368395932,11.4197998046875,1074000,0.0,0.0
2010-11-16,11.333518444186247,11.427637539981117,10.957042061006762,10.964884757995605,905600,0.0,0.0
2010-11-17,11.035479050160427,11.153128531893163,10.95704681033101,11.137441635131836,555100,0.0,0.0
2010-11-18,11.231561184284278,11.537448950434483,11.223718483607941,11.30215072631836,589500,0.0,0.0
2010-11-19,11.239405696363674,11.459017043920669,11.066853549286925,11.286465644836426,638400,0.0,0.0
2010-11-22,11.28646253627445,11.600192946375577,11.26293219452264,11.553133010864258,518200,0.0,0.0
2010-11-23,11.451171239610552,11.466857386189368,11.239402650854268,11.459013938903809,463100,0.0,0.0
2010-11-24,11.560975965694327,11.694311571306173,11.560975965694327,11.686468124389648,530300,0.0,0.0
2010-11-26,11.608034036396255,11.655093214359022,11.537444521459957,11.592347145080566,246200,0.0,0.0
2010-11-29,11.52960358746536,11.709999136933243,11.474700951884499,11.615880012512207,492100,0.0,0.0
2010-11-30,11.53744610244749,11.647252112727685,11.513916510241824,11.584506034851074,755300,0.0,0.0
2010-12-01,11.741374542389432,11.741374542389432,11.592352004391355,11.608038902282715,647000,0.0,0.0
2010-12-02,11.63941138130911,11.764903566337926,11.5766652887947,11.662940979003906,455100,0.0,0.0
2010-12-03,11.608039399107565,11.678628946655,11.506076802427103,11.647255897521973,550700,0.0,0.0
2010-12-06,11.600189726847098,11.694308823755525,11.545287107315204,11.639406204223633,506700,0.0,0.0
2010-12-07,11.741375672784576,11.953143578758558,11.6629426717616,11.91392707824707,707300,0.0,0.0
2010-12-08,11.93745459206806,12.3217745602167,11.882551205195142,12.196282386779785,2554300,0.0,0.0
2010-12-09,12.227652585968643,12.274711766065273,11.984510995495453,12.133533477783203,962700,0.0,0.0
2010-12-10,12.180592042763235,12.19627893399805,12.039413761610632,12.078629493713379,933100,0.0,0.0
2010-12-13,12.086478937501404,12.227658036709265,11.827651087615338,11.874711036682129,1257000,0.0,0.0
2010-12-14,11.898238182067871,12.008044208570697,11.662939981271736,11.898238182067871,948000,0.0,0.0
2010-12-15,11.92961150567895,12.345304529781677,11.890395013293626,12.28255844116211,1371500,0.0,0.0
2010-12-16,12.274714601734711,12.274714601734711,12.11000593736162,12.227655410766602,704500,0.0,0.0
2010-12-17,12.243345292948263,12.572763470167487,12.1805991871901,12.431584358215332,1155300,0.0,0.0
2010-12-20,12.52570106895916,12.69040975138352,12.392365433282656,12.56491756439209,723200,0.0,0.0
2010-12-21,12.572758546869967,12.659033473512787,12.549228205430337,12.619817733764648,557300,0.0,0.0
2010-12-22,12.619820550973385,12.643350897665856,12.49432836058337,12.541387557983398,342500,0.0,0.0
2010-12-23,12.517855626462051,12.72178002384635,12.517855626462051,12.54922866821289,412400,0.0,0.0
2010-12-27,12.533540725708008,12.596286803964968,12.376675530065604,12.533540725708008,299700,0.0,0.0
2010-12-28,12.502170153326263,12.564916991955775,12.4080510173706,12.47864055633545,406300,0.0,0.0
2010-12-29,12.517855662079365,12.588444445225363,12.447266130941046,12.486482620239258,284900,0.0,0.0
2010-12-30,12.502168731590473,12.596287856842991,12.376676564587115,12.54922866821289,402600,0.0,0.0
2010-12-31,12.549231987229494,12.57276233576016,12.376679837967183,12.510015487670898,638500,0.0,0.0
2011-01-03,12.627663187229398,12.886491000250299,12.45511106255133,12.77668571472168,1220000,0.0,0.0
2011-01-04,12.823742838037173,12.902175813312622,12.470795197289942,12.682563781738281,1156400,0.0,0.0
2011-01-05,12.729622449628295,13.372770127898926,12.698250158387648,13.08257007598877,2015700,0.0,0.0
2011-01-06,13.051199187246064,13.12963217674328,12.839432060383878,13.019826889038086,630500,0.0,0.0
2011-01-07,12.949235656112764,13.137473908719542,12.659034081686906,13.043354034423828,589300,0.0,0.0
2011-01-10,13.011983825177756,13.200222107945269,12.78452829850979,13.074729919433594,592900,0.0,0.0
2011-01-11,13.16884800155782,13.16884800155782,12.831587230222985,12.886489868164062,494200,0.0,0.0
2011-01-12,13.004137856367516,13.466890772823248,12.831586504598357,13.255122184753418,1393300,0.0,0.0
2011-01-13,13.20022107149754,13.404146235813549,13.20022107149754,13.341400146484375,885100,0.0,0.0
2011-01-14,13.302183249483692,13.553169109272375,13.239437158532724,13.459049224853516,618000,0.0,0.0
2011-01-18,13.490420773883415,13.506106172022925,13.176688875340192,13.27865219116211,443300,0.0,0.0
2011-01-19,13.317869232077232,13.34924302339162,12.886490073397354,12.910018920898438,682100,0.0,0.0
2011-01-20,12.894333536868162,13.192377074792866,12.721780676399119,13.05119800567627,1051400,0.0,0.0
2011-01-21,13.113945667349158,13.137476013689431,12.933550833361735,13.074729919433594,564600,0.0,0.0
2011-01-24,13.12178705029547,13.13747394538598,12.964922587344342,12.980607986450195,376200,0.0,0.0
2011-01-25,13.15316039636228,13.333555195858173,13.043353630420976,13.192376136779785,753000,0.0,0.0
2011-01-26,13.192377074792866,13.325712696071347,12.988451918956084,13.05119800567627,647200,0.0,0.0
2011-01-27,13.08257037764199,13.364928485240883,12.957078217816825,13.325711250305176,549100,0.0,0.0
2011-01-28,13.317868166741743,13.349241955546448,12.83942985534668,12.83942985534668,535300,0.0,0.0
2011-01-31,12.941393804349987,13.051199091247508,12.792371274999901,12.862960815429688,525900,0.0,0.0
2011-02-01,12.941394478700012,13.247281505845022,12.83943263497998,13.2394380569458,808500,0.0,0.0
2011-02-02,13.200222677096658,13.33355832013743,13.121789681898857,13.161006927490234,588100,0.0,0.0
2011-02-03,13.168845176755383,13.341396501268923,12.596285585081922,12.90217399597168,2850900,0.0,0.0
2011-02-04,12.902179146656946,13.05904364175002,12.768843503036107,12.95708179473877,1009200,0.0,0.0
2011-02-07,12.925705422825365,13.004138402737478,12.85511589050293,12.85511589050293,874100,0.0,0.0
2011-02-08,12.894332943757718,12.972765922546387,12.784526175059726,12.972765922546387,943900,0.0,0.0
2011-02-09,12.980608471117973,13.153161331587016,12.870803193353826,13.05119800567627,601200,0.0,0.0
2011-02-10,12.957078282459639,13.137473076110233,12.957078282459639,12.996294021606445,366300,0.0,0.0
2011-02-11,12.957079943021771,13.451205201126909,12.957079943021771,13.372772216796875,1026200,0.0,0.0
2011-02-14,13.38061542048314,13.435518059716156,13.20806405489585,13.411989212036133,516300,0.0,0.0
2011-02-15,13.388457458061499,13.482577326821378,13.168846924262718,13.27865219116211,719200,0.0,0.0
2011-02-16,13.333557848734316,13.72572131487356,13.333557848734316,13.64728832244873,1009700,0.0,0.0
2011-02-17,13.576696060471159,13.811994990632922,13.50610653102109,13.600226402282715,1072100,0.0,0.0
2011-02-18,13.662969454571082,13.662969454571082,13.396298290448668,13.443357467651367,665600,0.0,0.0
2011-02-22,13.294340953483688,13.43551853248575,13.20022107149754,13.341400146484375,1010600,0.0,0.0
2011-02-23,13.302183951447578,13.333557746571081,12.619820363345186,12.933550834655762,1598700,0.0,0.0
2011-02-24,12.910016374972795,12.964920498945581,12.674718970455649,12.894330978393555,804200,0.0,0.0
2011-02-25,12.89433241748158,13.200219376689645,12.89433241748158,13.16884708404541,786300,0.0,0.0
2011-02-28,13.161007398112584,13.255125798927546,13.106103252321349,13.231596946716309,1114100,0.0,0.0
2011-03-01,12.933550355859474,13.137475528658321,12.392365125885139,12.862960815429688,3772600,0.0,0.0
2011-03-02,12.737465900021446,13.49826228863164,12.737465900021446,13.286495208740234,1958400,0.0,0.0
2011-03-03,13.38061542048314,13.521794490502161,13.247279798352368,13.411989212036133,3373000,0.0,0.0
2011-03-04,13.459050084557285,13.647288369434005,13.341401343507448,13.584542274475098,1599100,0.0,0.0
2011-03-07,13.592385336104735,13.827682811500937,13.325714066130447,13.388460159301758,885000,0.0,0.0
2011-03-08,13.411987309230257,13.764933438219378,13.349241231011003,13.615912437438965,783600,0.0,0.0
2011-03-09,13.639445903602633,13.91396064982731,13.537484052940046,13.804155349731445,752300,0.0,0.0
2011-03-10,13.686504659956597,13.804153392807452,13.513951788856192,13.725720405578613,864600,0.0,0.0
2011-03-11,13.75709233936588,14.219843759899446,13.631598679171397,14.008076667785645,1280100,0.0,0.0
2011-03-14,13.88258411235223,13.968859037824846,13.600226002844797,13.749248504638672,817500,0.0,0.0
2011-03-15,13.419831761819049,13.992389955480924,13.239435464431585,13.890426635742188,1021800,0.0,0.0
2011-03-16,13.81984215842929,14.06298310533446,13.702191913682752,13.788468360900879,1728800,0.0,0.0
2011-03-17,14.000235555052083,14.055138199050802,13.811997277348684,13.85905647277832,1472400,0.0,0.0
2011-03-18,13.961016692281875,13.992390482917836,13.725719246450874,13.898270606994629,1177500,0.0,0.0
2011-03-21,14.023761904836444,14.306120019049558,14.00807650647928,14.117881774902344,1237500,0.0,0.0
2011-03-22,14.102195475763148,14.164941559793837,13.992390202705602,14.00023365020752,418200,0.0,0.0
2011-03-23,13.968857078810593,14.172782185302236,13.906111007273498,14.07866382598877,967800,0.0,0.0
2011-03-24,14.141412150028815,14.149255597218332,14.047292279739194,14.055135726928711,525600,0.0,0.0
2011-03-25,14.078665638414058,14.502201301817468,14.008076111849398,14.2669038772583,830100,0.0,0.0
2011-03-28,14.274748030552994,14.376709853978042,14.133568970437837,14.157097816467285,560100,0.0,0.0
2011-03-29,14.164941263805307,14.235530793862885,14.086508286409707,14.157097816467285,482600,0.0,0.0
2011-03-30,14.204157074285309,14.321805780573536,13.976701612274864,14.023760795593262,1549100,0.0,0.0
2011-03-31,14.031605790304072,14.502202163364133,13.984546601793454,14.455142974853516,987500,0.0,0.0
2011-04-01,14.510045387050827,14.698283634175496,14.37670977500611,14.486515045166016,680600,0.0,0.0
2011-04-04,14.533580312736555,14.666915966834507,14.321811656936557,14.462990760803223,418200,0.0,0.0
2011-04-05,14.43161308083294,14.706127764976097,14.337494700888513,14.588479042053223,396400,0.0,0.0
2011-04-06,14.682601425640406,14.698288325236863,14.353184014040217,14.40024471282959,475900,0.0,0.0
2011-04-07,14.384548758436392,14.502197439382075,14.157093345421815,14.204154014587402,380700,0.0,0.0
2011-04-08,14.212001947833436,14.251217688538928,14.094351733747729,14.157097816467285,1079100,0.0,0.0
2011-04-11,14.157096394982444,14.212000520835785,14.000231951926295,14.023760795593262,926400,0.0,0.0
2011-04-12,14.000230886108403,14.196312546989516,13.874738742823238,14.015917778015137,773100,0.0,0.0
2011-04-13,14.125725839957433,14.235531113183571,14.023762518260604,14.141412734985352,330200,0.0,0.0
2011-04-14,14.078667762786756,14.259062581901407,14.055137418386458,14.227688789367676,473100,0.0,0.0
2011-04-15,14.196311755085825,14.43160913662398,14.149252577975048,14.164937973022461,1692200,0.0,0.0
2011-04-18,14.023762262214985,14.313963830994407,13.921800438364423,14.235530853271484,597600,0.0,0.0
2011-04-19,14.219845433645027,14.36886795717917,14.157099344154563,14.243375778198242,417000,0.0,0.0
2011-04-20,14.400242485777325,14.55710696952696,14.298279150154452,14.41592788696289,815100,0.0,0.0
2011-04-21,14.48651843591717,14.48651843591717,14.28259324647138,14.353182792663574,569800,0.0,0.0
2011-04-25,14.290438308399281,14.3688713125741,14.251222554304436,14.313968658447266,649900,0.0,0.0
2011-04-26,14.329651675907167,14.596322920256775,14.212002949514037,14.580636024475098,777000,0.0,0.0
2011-04-27,14.549260234668713,14.604164362363866,14.431611524433844,14.564947128295898,911400,0.0,0.0
2011-04-28,14.510040766398113,14.706122398376467,14.494353876803654,14.706122398376465,513400,0.0,0.0
2011-04-29,14.745341917055,14.753185363868594,14.51004449658526,14.564947128295898,501000,0.0,0.0
2011-05-02,14.57279864242356,14.706134320098533,14.353186498022032,14.557111740112305,620700,0.0,0.0
2011-05-03,14.580632311112527,14.886519221029017,14.455140168788617,14.862990379333496,882200,0.0,0.0
2011-05-04,14.894363117731219,15.121818567567932,14.690438006286561,15.059072494506836,1972500,0.0,0.0
2011-05-05,15.584578905825932,16.808128666428928,15.584578905825932,16.706165313720703,3989800,0.0,0.0
2011-05-06,17.027729812692936,17.3728339364758,16.97282718990608,17.208126068115234,2075400,0.0,0.0
2011-05-09,17.23165490874716,17.286559027518287,17.066947040386598,17.208126068115234,1398300,0.0,0.0
2011-05-10,17.25519137650846,17.890495731040524,17.223817583205737,17.882652282714844,1021900,0.0,0.0
2011-05-11,17.89833897517668,18.000302306262494,17.592451973888817,17.85912322998047,1313900,0.0,0.0
2011-05-12,17.804220241222378,18.149322980978752,17.647354271526023,18.078733444213867,1153300,0.0,0.0
2011-05-13,18.141477822246276,18.51795581482062,18.1257924235435,18.455209732055664,1199300,0.0,0.0
2011-05-16,18.353245002160907,18.61207276067401,18.149319874849905,18.32187271118164,1125900,0.0,0.0
2011-05-17,18.549330619345202,18.776786135150566,18.259130508265386,18.53364372253418,852100,0.0,0.0
2011-05-18,18.4944232870487,19.12188404054256,18.431677211699316,19.08266830444336,1187800,0.0,0.0
2011-05-19,19.176790015030978,19.443461234982,19.051297852228682,19.208162307739258,1289300,0.0,0.0
2011-05-20,19.129724255566973,19.302277055618504,18.784621647432292,19.231687545776367,1605100,0.0,0.0
2011-05-23,18.98855281009687,19.278754410313766,18.894434423421238,19.168949127197266,1112800,0.0,0.0
2011-05-24,19.168947031639437,19.25522196066302,19.03561141843795,19.1375732421875,1204600,0.0,0.0
2011-05-25,19.137579409149502,19.45130992484341,18.9807148992951,19.349348068237305,756800,0.0,0.0
2011-05-26,19.30228610188782,19.419934841434273,19.129733220967122,19.365032196044922,1258700,0.0,0.0
2011-05-27,19.388562393746398,19.59248758792472,19.176795246240246,19.278757095336914,662900,0.0,0.0
2011-05-31,19.52973470716387,19.647383414029388,19.404242553709384,19.545421600341797,1115300,0.0,0.0
2011-06-01,19.49051480124632,19.58463314821334,19.21600021328823,19.302276611328125,1448500,0.0,0.0
2011-06-02,19.278754975336167,19.435620952372698,18.949337620347315,18.972867965698242,1018800,0.0,0.0
2011-06-03,18.721886707370796,19.121892172850306,18.49443115250492,19.012086868286133,1066900,0.0,0.0
2011-06-06,18.957184658936953,19.114050665681,18.4630592808679,18.51011848449707,767600,0.0,0.0
2011-06-07,18.572859778562602,18.894433662729856,18.52580058711939,18.714038848876953,794300,0.0,0.0
2011-06-08,18.651303414725348,18.745421851369578,18.23560941425421,18.290512084960938,875600,0.0,0.0
2011-06-09,18.290503074325986,18.580704685649494,18.133638591868145,18.439525604248047,506500,0.0,0.0
2011-06-10,18.415996982555296,18.463057678084223,17.937558545891054,18.13364028930664,1045800,0.0,0.0
2011-06-13,18.196375961989702,18.408142986600858,18.03166661397644,18.2042179107666,741700,0.0,0.0
2011-06-14,18.431676290734,18.925801422422683,18.39246055659427,18.815996170043945,566900,0.0,0.0
2011-06-15,18.698349490346384,18.957177253171444,18.549326991754825,18.565013885498047,698700,0.0,0.0
2011-06-16,18.60423421769613,18.878748942048578,18.431682831867253,18.674823760986328,805100,0.0,0.0
2011-06-17,18.80031830523303,18.886594756948536,18.64345379736903,18.666982650756836,785300,0.0,0.0
2011-06-20,18.635603258281577,18.925803310224797,18.54932683938707,18.87874412536621,667500,0.0,0.0
2011-06-21,18.98855375652285,19.333658015498653,18.902278813767545,19.310129165649414,507900,0.0,0.0
2011-06-22,19.255217261512712,19.466985800678252,19.145412017197657,19.153255462646484,605300,0.0,0.0
2011-06-23,18.965018187938018,19.48267364501953,18.933644404607342,19.48267364501953,633100,0.0,0.0
2011-06-24,19.490521561632402,19.608170284140307,19.22385032608932,19.443462371826172,3009900,0.0,0.0
2011-06-27,19.38855638880818,19.866996176814943,19.231691939090137,19.780719757080078,688300,0.0,0.0
2011-06-28,19.83562614775264,20.282692199218246,19.788565461083326,20.24347496032715,627900,0.0,0.0
2011-06-29,20.243481263790223,20.274855064672348,19.83563232421875,19.83563232421875,731200,0.0,0.0
2011-06-30,19.88268220822921,20.141509960223388,19.772875452606144,19.796405792236328,613200,0.0,0.0
2011-07-01,19.80424655106911,20.423865280046293,19.80424655106911,20.219940185546875,710800,0.0,0.0
2011-07-05,20.274842360486954,20.392491048106105,20.01601464933113,20.290529251098633,447300,0.0,0.0
2011-07-06,20.219947587837407,20.40818586029083,20.078768509501135,20.251319885253906,490400,0.0,0.0
2011-07-07,20.306218861520275,20.51014399385654,20.27484656976791,20.345436096191406,399200,0.0,0.0
2011-07-08,20.149350802772403,20.51798376676503,20.094448180048424,20.49445343017578,432700,0.0,0.0
2011-07-11,20.314063166504102,20.596421284124673,20.172884107693818,20.329750061035156,820800,0.0,0.0
2011-07-12,20.298378544864065,20.533677501223444,20.086611428920826,20.102296829223633,427200,0.0,0.0
2011-07-13,20.180734895967856,20.52583922126429,20.157206041596947,20.361129760742188,414800,0.0,0.0
2011-07-14,20.392493881672667,20.596419000007526,20.000330537794348,20.14935302734375,415100,0.0,0.0
2011-07-15,20.219943277655403,20.25131556838443,19.74150350216567,19.9768009185791,374400,0.0,0.0
2011-07-18,19.85131277976663,20.00033530483526,19.655231061091772,19.945432662963867,359700,0.0,0.0
2011-07-19,20.01601212825755,20.4317042052199,20.01601212825755,20.392488479614258,413500,0.0,0.0
2011-07-20,20.4003349436095,20.4003349436095,20.05523082245785,20.219940185546875,389200,0.0,0.0
2011-07-21,20.21994479128698,20.510144860188475,20.149355261881837,20.329750061035156,440400,0.0,0.0
2011-07-22,20.34543976947302,20.455245054407985,20.212104139487078,20.251319885253906,312800,0.0,0.0
2011-07-25,19.96111364424883,20.54151518001294,19.827778055223,20.44739532470703,970000,0.0,0.0
2011-07-26,21.1454565568281,22.541559244838375,21.02780779848673,21.333696365356445,2376800,0.0,0.0
2011-07-27,21.529779499443038,21.78860738267635,21.176831705949787,21.247421264648438,1389100,0.0,0.0
2011-07-28,21.247421252899713,21.553308343101243,20.78466814434676,20.816041946411133,723100,0.0,0.0
2011-07-29,20.63563184375162,21.32584006999051,20.180722488451355,21.07485580444336,984000,0.0,0.0
2011-08-01,21.286629887394508,21.29447333528633,20.439556962878758,21.114078521728516,1139100,0.0,0.0
2011-08-02,20.972903339432644,21.176828534467944,20.180732907328792,20.212106704711914,1174800,0.0,0.0
2011-08-03,20.25131855988389,21.07486263095278,19.663073435970993,21.01995849609375,1210500,0.0,0.0
2011-08-04,20.784653116584497,21.01995047800123,19.992483139038086,19.992483139038086,1105100,0.0,0.0
2011-08-05,20.133672034378208,20.368969511261298,19.027771200254904,19.898374557495117,1342400,0.0,0.0
2011-08-08,19.208164689326296,19.78072294010034,17.914025664979217,18.172853469848633,1429900,0.0,0.0
2011-08-09,18.541491236995533,19.64739227294922,18.133642302363466,19.64739227294922,1162500,0.0,0.0
2011-08-10,19.22384601716128,20.85524535929244,19.035607804144338,19.765031814575195,1513600,0.0,0.0
2011-08-11,19.929744439000796,20.439556574402115,19.521894132285862,20.031707763671875,1223100,0.0,0.0
2011-08-12,20.306221438652322,20.659169115563607,19.890529170273172,20.298377990722656,802700,0.0,0.0
2011-08-15,20.51799004479909,20.70622830715687,20.07092398470128,20.298377990722656,864800,0.0,0.0
2011-08-16,20.055248636421208,20.572904529961527,19.92191293681321,20.267017364501953,1124300,0.0,0.0
2011-08-17,20.353281842997152,20.541520102735433,19.914057740956455,20.400341033935547,779100,0.0,0.0
2011-08-18,19.984644646933333,20.486614769533276,19.58463783660497,19.819936752319336,1664700,0.0,0.0
2011-08-19,19.42777579214244,20.18857227297079,19.419932344383216,19.623857498168945,1392200,0.0,0.0
2011-08-22,20.094455061790082,20.227790689490703,19.804253461741165,20.133670806884766,929000,0.0,0.0
2011-08-23,20.25916219722743,20.737602047867078,20.196416109929174,20.706228256225586,1067900,0.0,0.0
2011-08-24,20.768968644146636,21.498392643812284,20.494454026554227,21.17681884765625,1479100,0.0,0.0
2011-08-25,21.4199637992052,21.498396775875868,20.21994479128698,20.329750061035156,1057300,0.0,0.0
2011-08-26,20.259157457609895,21.325842188114713,20.219941723217254,21.1611328125,1166800,0.0,0.0
2011-08-29,21.49055685590388,21.616049040780425,21.239572486150788,21.58467674255371,1075400,0.0,0.0
2011-08-30,21.568990807871305,22.298415100004174,21.41212482178373,22.000370025634766,1625300,0.0,0.0
2011-08-31,22.204289560438575,22.306252874251758,21.537611533144982,21.749380111694336,926000,0.0,0.0
2011-09-01,21.686635459550633,22.314097789582572,21.4121207836607,21.47486686706543,1206300,0.0,0.0
2011-09-02,21.090545446205574,21.43564962882111,20.933680996641804,21.0670166015625,901300,0.0,0.0
2011-09-06,20.517989936454157,21.474868139049587,20.39249776221163,21.459182739257812,957600,0.0,0.0
2011-09-07,21.804285320450674,21.819972216119265,21.200354797056956,21.365062713623047,788500,0.0,0.0
2011-09-08,21.286633739105795,22.172924063450527,21.176828440720957,21.890565872192383,1092900,0.0,0.0
2011-09-09,21.57682433553766,21.6552572925172,20.925833335780656,21.07485580444336,1091100,0.0,0.0
2011-09-12,20.737608211902135,21.333696966409008,20.400347331432506,20.69839096069336,1465600,0.0,0.0
2011-09-13,20.698383916313087,21.310159363094996,20.604265537414122,21.129764556884766,1025600,0.0,0.0
2011-09-14,21.270947042731656,21.772915800228837,20.745447938732458,21.412124633789062,829900,0.0,0.0
2011-09-15,21.663106802601728,21.914091138414275,21.35721833434362,21.506240844726562,882900,0.0,0.0
2011-09-16,21.592519980122262,22.19645055294521,21.592519980122262,22.18076515197754,1355200,0.0,0.0
2011-09-19,21.843506484205843,22.729795304933315,21.796447284729734,22.64352035522461,1181900,0.0,0.0
2011-09-20,22.784695049558945,23.09842699537194,22.19644989513675,22.219980239868164,693600,0.0,0.0
2011-09-21,22.42390554964879,23.325881159667134,22.274883024033127,22.31410026550293,1094000,0.0,0.0
2011-09-22,21.608208799485354,22.141551412365942,21.200359886092908,21.56114959716797,981100,0.0,0.0
2011-09-23,21.302316395887857,22.3376275630306,21.302316395887857,22.08664321899414,714200,0.0,0.0
2011-09-26,22.26703759892286,22.447433901699203,21.655263646153767,22.439590454101562,506000,0.0,0.0
2011-09-27,22.78469138201294,23.16901280417295,22.447432137725162,22.58860969543457,864300,0.0,0.0
2011-09-28,22.651361877353906,22.73763832140547,21.310163497924805,21.310163497924805,1152500,0.0,0.0
2011-09-29,21.678791506583675,21.867029752408204,20.478772502454223,21.20819664001465,1002000,0.0,0.0
2011-09-30,20.925834083183638,21.976831854688733,20.745439322876535,21.372900009155273,1103000,0.0,0.0
2011-10-03,21.302307076718325,21.396426912549522,20.306212088101,20.392488479614258,1096900,0.0,0.0
2011-10-04,20.196419218682056,21.051335724705066,19.835629535178377,20.965059280395508,1100000,0.0,0.0
2011-10-05,20.941529950654953,21.168983985932147,20.533679581761803,21.035648345947266,1071900,0.0,0.0
2011-10-06,20.917995711778083,21.670948717959718,20.721914012753537,21.568986892700195,866500,0.0,0.0
2011-10-07,21.631736464756415,21.678795661235096,20.81603724319141,20.886625289916992,966800,0.0,0.0
2011-10-10,21.200361530867042,21.890568703681836,21.137615424247517,21.812135696411133,711400,0.0,0.0
2011-10-11,21.725848482713694,22.031735392983713,21.59251289434239,21.827810287475586,1026700,0.0,0.0
2011-10-12,22.02389732535468,22.32194086250509,21.733695740037298,21.772912979125977,1223900,0.0,0.0
2011-10-13,21.749377919048484,22.047422887548827,21.600356930782695,21.914087295532227,1245900,0.0,0.0
2011-10-14,22.133698532475215,22.345467096655984,22.031736721564712,22.21213150024414,1185800,0.0,0.0
2011-10-17,22.227821566108975,22.321939944079933,21.765068635795277,21.85134506225586,1411700,0.0,0.0
2011-10-18,22.37684584338109,23.741574399593667,21.898405980300588,23.41215705871582,3421800,0.0,0.0
2011-10-19,23.553335340214222,24.455310899222695,23.553335340214222,24.329818725585938,2355800,0.0,0.0
2011-10-20,24.28275440759886,24.502366426618003,23.765098894753613,23.953338623046875,1600800,0.0,0.0
2011-10-21,24.337664041210747,25.29454231262207,24.27491794957697,25.29454231262207,2749200,0.0,0.0
2011-10-24,25.39650337240316,25.882785165024927,25.255324304872744,25.521995544433594,1389800,0.0,0.0
2011-10-25,25.278858825239006,25.506314373080354,24.855323023582223,25.020030975341797,1051400,0.0,0.0
2011-10-26,25.310224031504916,25.490618821048358,24.47099466660023,24.627859115600586,1947800,0.0,0.0
2011-10-27,25.20826578903847,25.882787393773157,24.886691883521895,25.420034408569336,1598000,0.0,0.0
2011-10-28,25.18473072149113,25.584736020528258,24.98864904722473,25.21610450744629,654800,0.0,0.0
2011-10-31,24.957276584765747,25.576895426378783,24.86315821387803,25.121984481811523,771300,0.0,0.0
2011-11-01,24.596492448722884,25.12983498845053,24.369036926080565,24.75335693359375,691300,0.0,0.0
2011-11-02,25.26316622523168,25.29454001619263,24.49452629850463,24.894533157348633,1051900,0.0,0.0
2011-11-03,25.098459883911964,25.145520573303344,24.525901626846572,24.776885986328125,858000,0.0,0.0
2011-11-04,24.65139235128776,25.200421727230196,24.55727247404617,25.106300354003906,583100,0.0,0.0
2011-11-07,25.129835418816594,25.663177967678102,25.08277472616301,25.592588424682617,842800,0.0,0.0
2011-11-08,25.788665065916415,25.882783440676594,25.098456669747,25.545522689819336,604300,0.0,0.0
2011-11-09,25.04355411738196,25.310225340052533,24.902375058793467,25.01218032836914,678400,0.0,0.0
2011-11-10,25.26316995265433,25.420035938634307,24.9415960277818,25.082775115966797,768100,0.0,0.0
2011-11-11,25.30238399483895,25.6867054849739,25.30238399483895,25.388660430908203,448500,0.0,0.0
2011-11-14,25.372970048233608,25.88278365025356,25.333754307763428,25.56905174255371,685100,0.0,0.0
2011-11-15,25.357282543272756,26.431809237744353,25.357282543272756,26.133764266967773,878400,0.0,0.0
2011-11-16,26.023964408678477,26.078867047315274,25.129832302914203,25.263166427612305,742700,0.0,0.0
2011-11-17,25.16905430136368,25.56905976684319,25.074934400319332,25.349449157714844,748500,0.0,0.0
2011-11-18,25.349448190630376,25.529843040099458,24.957284693879323,25.49062728881836,971200,0.0,0.0
2011-11-21,25.051397335636306,25.067082734014736,24.588644423819506,24.64354705810547,1123600,0.0,0.0
2011-11-22,24.588639316144675,25.090607863613013,24.510206356606677,24.72981834411621,533500,0.0,0.0
2011-11-23,24.557266393952887,24.729819210176284,24.094513562055397,24.118043899536133,659500,0.0,0.0
2011-11-25,23.976864934726045,24.314125626319584,23.835685901409278,23.929805755615234,320100,0.0,0.0
2011-11-28,24.533744009506208,24.659236183796494,24.22785552568701,24.478839874267578,1035000,0.0,0.0
2011-11-29,24.361190678889965,25.13767405335725,24.353347231149726,24.894533157348633,1212500,0.0,0.0
2011-11-30,25.514150006614734,25.843568820505144,25.271010611949922,25.835723876953125,1018500,0.0,0.0
2011-12-01,25.702388698428017,26.400439047361974,25.57689653448449,26.227886199951172,995100,0.0,0.0
2011-12-02,26.572998242825463,26.706332389881283,26.227892465561165,26.32201385498047,516900,0.0,0.0
2011-12-05,26.400435453037602,26.471024972643402,25.969056385210504,26.133764266967773,826100,0.0,0.0
2011-12-06,26.05533897141134,26.25926263639073,25.96121759498747,26.063180923461914,652200,0.0,0.0
2011-12-07,25.929839562411647,26.35337367030807,25.820031320545073,26.243568420410156,524300,0.0,0.0
2011-12-08,26.25926150316857,27.255356920896656,26.25926150316857,26.86319351196289,1184400,0.0,0.0
2011-12-09,27.074965477643218,27.45144203798493,26.831823056769103,27.216144561767578,955100,0.0,0.0
2011-12-12,26.996528370561734,27.435752477646215,26.871036195961807,27.380849838256836,702200,0.0,0.0
2011-12-13,27.443607826744987,27.68674732423552,27.30242870279603,27.373018264770508,1508200,0.0,0.0
2011-12-14,27.420066298933193,27.420066298933193,25.92984706058198,25.96906280517578,1274200,0.0,0.0
2011-12-15,26.17298251877608,26.376909147011673,25.788664091051363,26.21219825744629,731100,0.0,0.0
2011-12-16,26.345539462325096,26.44750279232259,25.984749823219538,26.118083953857422,816800,0.0,0.0
2011-12-19,26.384752095356465,26.447499673176043,25.4906200552118,25.545522689819336,553900,0.0,0.0
2011-12-20,25.890631276111165,26.392603036843887,25.86710242506599,26.259265899658203,489300,0.0,0.0
2011-12-21,26.27495442231289,26.44750731923312,25.92200667496244,26.35338592529297,422700,0.0,0.0
2011-12-22,26.52592972915979,26.674950730525758,26.031803052255125,26.16514015197754,406800,0.0,0.0
2011-12-23,26.282793052422804,26.61221190561897,26.282793052422804,26.56515121459961,294000,0.0,0.0
2011-12-27,26.57300108426906,26.847514352837553,26.408290131157734,26.737709045410156,351500,0.0,0.0
2011-12-28,26.86319313734027,26.965156459992535,26.70632717756048,26.800445556640625,374300,0.0,0.0
2011-12-29,26.902408974254644,27.082803781448913,26.800445651242462,26.96515655517578,254500,0.0,0.0
2011-12-30,26.90241046438523,26.9337842565836,26.6200523185389,26.627897262573242,318000,0.0,0.0
2012-01-03,27.122018470752597,27.255352572371653,25.953370382118408,26.000431060791016,797200,0.0,0.0
2012-01-04,25.961217921590748,26.588681804432323,25.961217921590748,26.52593421936035,450500,0.0,0.0
2012-01-05,26.48671314044451,26.54161577034073,25.906310063295855,26.17298126220703,623500,0.0,0.0
2012-01-06,26.212202339717667,26.369068310797772,25.984749823219538,26.118083953857422,724400,0.0,0.0
2012-01-09,26.274946609010232,26.478870251300297,26.141612495199258,26.329849243164062,566200,0.0,0.0
2012-01-10,26.541621217981916,26.94162660246492,26.32985260550166,26.68280029296875,478300,0.0,0.0
2012-01-11,26.643590241937737,27.020066858366828,26.643590241937737,26.957319259643555,399600,0.0,0.0
2012-01-12,27.08280305982194,27.169079485304984,26.557305547471415,26.7298583984375,704500,0.0,0.0
2012-01-13,26.651428997704613,26.792608085920747,26.282794379365846,26.4788761138916,623800,0.0,0.0
2012-01-17,26.71417820512447,26.839670403134523,25.145524234013767,25.302387237548828,1329400,0.0,0.0
2012-01-18,25.333754221924842,26.09455215073917,25.114143682460583,25.702388763427734,1051700,0.0,0.0
2012-01-19,25.851412516524356,25.882786308910873,25.34944380621818,25.41219139099121,587900,0.0,0.0
2012-01-20,25.396502355047232,25.63179979418237,24.99649551172979,25.09845733642578,655400,0.0,0.0
2012-01-23,25.06708519257186,25.098458984375,24.47884006012557,24.51021385192871,973800,0.0,0.0
2012-01-24,24.400406402465144,25.09061330491659,24.23569700211704,25.01218032836914,1205700,0.0,0.0
2012-01-25,24.90238084626781,25.49062606310878,24.87885049903959,25.443565368652344,585500,0.0,0.0
2012-01-26,25.53767767774446,25.62395109895225,25.121982504436094,25.255319595336914,431300,0.0,0.0
2012-01-27,25.129835602255785,25.420035729146804,25.129835602255785,25.341604232788086,353400,0.0,0.0
2012-01-30,25.21611102945075,25.76513746582412,24.94943826781184,25.60042953491211,521100,0.0,0.0
2012-01-31,25.72592169955622,25.757295493602054,25.45140848157938,25.608274459838867,386000,0.0,0.0
2012-02-01,25.647482915683057,25.82787769221183,25.56904845286479,25.78866195678711,500000,0.0,0.0
2012-02-02,25.780822079786464,25.98474873121145,25.631801059106216,25.827882766723633,336800,0.0,0.0
2012-02-03,26.110243169291167,26.596525008612517,26.06318247827181,26.56515121459961,544200,0.0,0.0
2012-02-06,26.408282997115357,26.47887253167365,26.086709115676317,26.10239601135254,289000,0.0,0.0
2012-02-07,26.102405351310043,26.235742516283914,25.961226231676765,26.078876495361328,363200,0.0,0.0
2012-02-08,26.141615403815138,26.353381020845102,25.718078185816218,26.063180923461914,290700,0.0,0.0
2012-02-09,26.125930216121592,26.157301018344725,25.914161593274564,26.039653778076172,576800,0.0,0.0
2012-02-10,25.796502559645635,25.914152751743355,25.36512350856846,25.45924186706543,562300,0.0,0.0
2012-02-13,25.569056033178526,25.655332471872097,25.278855914639017,25.49846649169922,671700,0.0,0.0
2012-02-14,25.56904956829058,25.678857821026437,25.325910202869295,25.67101287841797,422700,0.0,0.0
2012-02-15,25.7651383138062,25.874946596664564,25.45925129148235,25.592588424682617,823900,0.0,0.0
2012-02-16,25.52983850431824,26.016120316142246,25.52983850431824,25.93768882751465,609400,0.0,0.0
2012-02-17,26.008277766139017,26.26710705820473,25.804354105213754,25.859256744384766,773800,0.0,0.0
2012-02-21,25.8906333332974,26.541626188991806,25.8906333332974,26.29064178466797,505500,0.0,0.0
2012-02-22,26.29063344717683,26.345536081213385,25.788664797717374,26.0474910736084,559100,0.0,0.0
2012-02-23,26.14161865246246,26.471034534974383,26.047497264342024,26.259265899658203,436500,0.0,0.0
2012-02-24,26.180832859974192,26.29063814767939,25.8357271077925,26.039653778076172,625400,0.0,0.0
2012-02-27,25.890617465173825,26.423959745473883,25.82002795772328,26.306312561035156,1263600,0.0,0.0
2012-02-28,27.671061452471477,30.573072564375757,27.671061452471477,30.447580337524414,5819800,0.0,0.0
2012-02-29,30.01618969557855,31.216208850113524,29.92207130886217,30.165210723876953,2518000,0.0,0.0
2012-03-01,30.400500073812026,30.565210946572027,29.733823608532028,30.118144989013672,1243900,0.0,0.0
2012-03-02,30.18873341434822,30.455404589191424,29.608330389582903,29.6867618560791,1257100,0.0,0.0
2012-03-05,29.600494055967676,30.45541036764582,29.529904525940335,30.220109939575195,1337200,0.0,0.0
2012-03-06,29.97696864237213,30.43187659092464,29.867163378651494,30.22795295715332,686800,0.0,0.0
2012-03-07,30.25932908704827,31.310324116577625,30.08677623528947,30.965221405029297,989900,0.0,0.0
2012-03-08,31.08286642538162,31.41228218698591,30.886784760054656,31.176984786987305,809900,0.0,0.0
2012-03-09,31.263269220150494,31.592685066278143,31.145618993979454,31.2397403717041,527900,0.0,0.0
2012-03-12,31.326012654837886,31.326012654837886,30.941694181901756,31.06718635559082,397500,0.0,0.0
2012-03-13,31.255431508377185,31.459358215332035,30.980918239749776,31.45935821533203,473600,0.0,0.0
2012-03-14,31.46719754057815,31.655437331890386,30.85542345476086,31.05934715270996,493300,0.0,0.0
2012-03-15,31.137771881744936,31.498561460658298,30.988747887694906,31.44365882873535,512300,0.0,0.0
2012-03-16,31.435807583077004,31.639731156785725,31.20835217980978,31.341686248779297,791300,0.0,0.0
2012-03-19,32.78484819965803,33.10642195574966,31.992679724592186,32.39268493652344,4343900,0.0,0.0
2012-03-20,32.06328671576868,32.06328671576868,31.396607009718,31.48288345336914,2039100,0.0,0.0
2012-03-21,31.647593873523693,32.04760232686733,31.404454413618854,31.569162368774414,1660500,0.0,0.0
2012-03-22,31.48440654452177,31.891203317287058,30.492836784148032,31.09455680847168,1709300,3.0,0.0
2012-03-23,30.9843791735204,31.20472617232409,30.3657089939927,30.721654891967773,822200,0.0,0.0
2012-03-26,31.04371883460139,31.187791321777183,30.687769527749623,31.035242080688477,823700,0.0,0.0
2012-03-27,30.92507054677582,30.92507054677582,30.45894606351526,30.484373092651367,583500,0.0,0.0
2012-03-28,30.509782324908286,30.789456881361055,30.094508865217684,30.238584518432617,1038400,0.0,0.0
2012-03-29,30.035203260729844,30.899648019818546,29.882653995423905,30.772525787353516,782300,0.0,0.0
2012-03-30,30.874209406194833,31.001334810598852,30.628435348578165,30.764034271240234,833400,0.0,0.0
2012-04-02,30.764035773560227,31.552205560314373,30.764035773560227,31.34033203125,1009900,0.0,0.0
2012-04-03,31.365749600511478,31.52677551974712,31.179303130301104,31.34880256652832,584500,0.0,0.0
2012-04-04,30.975919397757497,31.145418922836033,30.475897576889825,30.704721450805664,666200,0.0,0.0
2012-04-05,30.52673302798273,30.865728674453194,30.39113412280796,30.789457321166992,418400,0.0,0.0
2012-04-09,30.297909893855323,30.399608266599476,29.882636419672806,30.009761810302734,782300,0.0,0.0
2012-04-10,30.02671874928941,30.069092811269783,29.11142349243164,29.11142349243164,793400,0.0,0.0
2012-04-11,29.391095594689084,30.552161604415666,29.255496668246078,30.086040496826172,930900,0.0,0.0
2012-04-12,30.153836785137962,30.213161103971938,29.95891032847443,29.975860595703125,688400,0.0,0.0
2012-04-13,29.882641559589842,30.213166985492567,29.70466856844236,30.07756805419922,811400,0.0,0.0
2012-04-16,30.806404763783917,31.06065554317257,30.230108600920097,30.247058868408203,862300,0.0,0.0
2012-04-17,30.50131056199924,30.58605866904694,29.992812220913894,30.043663024902344,444500,0.0,0.0
2012-04-18,29.967391885717404,30.20468919911891,29.70466755092758,29.713144302368164,563500,0.0,0.0
2012-04-19,29.763983248569865,29.941959414946393,29.238537964287815,29.323286056518555,667500,0.0,0.0
2012-04-20,29.59449748404099,30.02672135944058,29.2894022715009,29.933496475219727,1551200,0.0,0.0
2012-04-23,29.60297052641702,29.848744602568914,29.35719645026513,29.560596466064453,632700,0.0,0.0
2012-04-24,29.458909816037636,29.679260214571624,28.984314926152532,29.128387451171875,414100,0.0,0.0
2012-04-25,29.730103631279786,30.55217096016737,29.662302530829372,30.484373092651367,1290900,0.0,0.0
2012-04-26,30.408076881957502,31.17929607089078,30.238577484107218,30.94199562072754,1512900,0.0,0.0
2012-04-27,30.958951247862082,31.61999869072037,30.628429142899275,31.484399795532227,1168500,0.0,0.0
2012-04-30,31.61153075605855,32.22172757102369,31.187783686317996,32.04375457763672,1955400,0.0,0.0
2012-05-01,28.653771489959613,30.06908482855686,27.458805154923,29.077518463134766,7719700,0.0,0.0
2012-05-02,28.79784555689949,28.92497094929953,28.17917532861421,28.348674774169922,1582400,0.0,0.0
2012-05-03,28.263927381681544,28.535125239267366,27.7723824771573,28.009679794311523,1191400,0.0,0.0
2012-05-04,27.772370297306036,28.255441471333416,27.535073084220887,27.662195205688477,1226200,0.0,0.0
2012-05-07,27.416440727621076,28.128336105700974,27.331692586418328,27.75543975830078,1987700,0.0,0.0
2012-05-08,27.78933730719601,27.840184893253273,27.340163155108154,27.67068862915039,2149900,0.0,0.0
2012-05-09,27.416428971267788,27.71305380415135,27.23845601129743,27.484230041503906,1040800,0.0,0.0
2012-05-10,27.687631931180476,28.662251482861308,27.5096589381397,28.55207633972168,1652300,0.0,0.0
2012-05-11,28.289358919474992,28.81480444831091,28.289358919474992,28.5181827545166,1067600,0.0,0.0
2012-05-14,28.238506008610372,28.365631429637617,27.577461578309702,27.594411849975586,1225100,0.0,0.0
2012-05-15,27.636783116662485,27.75543177338624,27.331684723410877,27.424909591674805,1239400,0.0,0.0
2012-05-16,27.441862143475774,27.653735686081195,26.84861557759385,26.907939910888672,1323600,0.0,0.0
2012-05-17,26.99268947347483,27.077439213252283,25.636698486436085,25.68754768371582,1578600,0.0,0.0
2012-05-18,25.679074528671567,26.196046526366988,25.246853893757155,25.390926361083984,1179100,0.0,0.0
2012-05-21,25.40786899008731,26.340112686157227,25.162096577826947,26.340112686157227,1115200,0.0,0.0
2012-05-22,26.433342900451308,27.10286243609229,26.424867765004358,26.61979103088379,1177300,0.0,0.0
2012-05-23,26.365544741857267,26.467243139334318,25.848572769203788,26.212995529174805,1048700,0.0,0.0
2012-05-24,26.306218531623333,26.32316718568315,25.704496859663685,25.916370391845703,670100,0.0,0.0
2012-05-25,26.009595401956382,26.19604352934265,25.848571064028786,26.11129379272461,555100,0.0,0.0
2012-05-29,26.26384129124568,26.272316426004263,25.721445598429764,26.246891021728516,771600,0.0,0.0
2012-05-30,25.992647766610002,26.128246712359886,25.738400147445706,25.848573684692383,793200,0.0,0.0
2012-05-31,25.814671033420193,26.128244580169525,25.44177477127161,26.02654457092285,902200,0.0,0.0
2012-06-01,25.484148625965638,25.484148625965638,24.356981480231276,24.49258041381836,1027600,0.0,0.0
2012-06-04,24.48410770913869,24.48410770913869,23.873912447417993,24.407833099365234,680900,0.0,0.0
2012-06-05,24.23833249774756,25.3315990874312,24.23833249774756,25.246850967407227,1134800,0.0,0.0
2012-06-06,25.32313089980851,25.577380179036773,25.179056793185993,25.45025634765625,532500,0.0,0.0
2012-06-07,25.797717074760776,25.90789058036439,25.25531983107684,25.314645767211914,655900,0.0,0.0
2012-06-08,25.170577348151593,25.399399544196477,24.772254056045966,25.37397575378418,512100,0.0,0.0
2012-06-11,25.619742647419567,25.83161614258473,24.899372440564715,24.916322708129883,756400,0.0,0.0
2012-06-12,24.967172122349158,25.10277264764228,24.636649984142583,25.051921844482422,517800,0.0,0.0
2012-06-13,25.001076209026834,25.051925402942985,24.229856699353853,24.365455627441406,532700,0.0,0.0
2012-06-14,24.416300080744453,24.899371370322683,24.356975763282765,24.848522186279297,725200,0.0,0.0
2012-06-15,24.882422617471097,24.933271801305057,24.399351329882457,24.890897750854492,620100,0.0,0.0
2012-06-18,24.76377773332731,25.306175072147,24.611230148765618,25.187524795532227,495000,0.0,0.0
2012-06-19,25.21294965807125,25.59432265242708,24.950226937774296,25.568897247314453,676900,0.0,0.0
2012-06-20,25.492619855281788,25.696018224496814,24.86547447941881,25.026498794555664,672100,0.0,0.0
2012-06-21,25.06887567307061,25.111249731922946,24.34850535731378,24.365455627441406,415500,0.0,0.0
2012-06-22,24.67055389841304,25.06040041056556,24.39088090859636,25.01802635192871,1631500,0.0,0.0
2012-06-25,24.704456069347394,24.958705303988864,24.509532787649118,24.865480422973633,398200,0.0,0.0
2012-06-26,24.806148686763798,25.026497311135778,24.551899527965457,24.704448699951172,588200,0.0,0.0
2012-06-27,24.670550028528865,25.492618598985747,24.5858003080825,25.13667106628418,885800,0.0,0.0
2012-06-28,24.941754751477397,25.35702671861224,24.712930927811186,25.340076446533203,565900,0.0,0.0
2012-06-29,25.797719483309773,26.204516241702578,25.467195702707322,26.196041107177734,649600,0.0,0.0
2012-07-02,26.229936599731445,26.39943440822416,25.68753940974234,26.229936599731445,471700,0.0,0.0
2012-07-03,26.229943217423482,26.229943217423482,25.975694015839053,26.179092407226562,187100,0.0,0.0
2012-07-05,26.068927680639327,26.374026178897108,25.93332870729526,26.128252029418945,420500,0.0,0.0
2012-07-06,25.857045452975115,26.10281790395977,25.611271385523732,25.823144912719727,348600,0.0,0.0
2012-07-09,25.712979727450065,26.170625854025907,25.70450458963809,26.051977157592773,344200,0.0,0.0
2012-07-10,26.060445248299736,26.390967451252692,25.73839818086696,25.907896041870117,423400,0.0,0.0
2012-07-11,25.967218864692203,26.119768062254852,25.645171815978507,25.865520477294922,294500,0.0,0.0
2012-07-12,25.628225884211474,26.128247620213045,25.560426408980767,26.035022735595703,521400,0.0,0.0
2012-07-13,26.145190626742828,26.96725923750032,26.145190626742828,26.958784103393555,652300,0.0,0.0
2012-07-16,26.840138360867595,27.043536752022316,26.374017249863034,26.47571563720703,471400,0.0,0.0
2012-07-17,26.54351256303928,27.39948333739916,26.45028770316512,27.272357940673828,675900,0.0,0.0
2012-07-18,27.331688459622082,28.297831348367215,27.331688459622082,27.95883560180664,1118000,0.0,0.0
2012-07-19,28.09443309783161,28.306306640853165,27.58593465481966,28.17070770263672,534200,0.0,0.0
2012-07-20,27.780851078312566,27.941877000392726,27.560504070377746,27.70457649230957,638100,0.0,0.0
2012-07-23,27.145244226110968,27.450342723206717,26.916421969756417,27.111345291137695,968400,0.0,0.0
2012-07-24,27.967299733596164,28.984293097768035,27.45880466797662,27.933399200439453,1474200,0.0,0.0
2012-07-25,28.526657911126197,28.899554237994646,28.094437242095363,28.2808837890625,890700,0.0,0.0
2012-07-26,28.780906084094706,28.882607729333856,28.399532996783492,28.594459533691406,541900,0.0,0.0
2012-07-27,28.704625746903208,28.874125222259483,28.450378150335588,28.68767547607422,531800,0.0,0.0
2012-07-30,28.68767565419566,28.92497621434128,28.501229139786346,28.730052947998047,400800,0.0,0.0
2012-07-31,28.619878758439384,29.306350205982074,28.560554424656726,28.93345069885254,590100,0.0,0.0
2012-08-01,29.255490906794876,29.314815223372275,28.585969924926758,28.585969924926758,485400,0.0,0.0
2012-08-02,28.399530584306856,28.670731715639086,28.204607296891474,28.44190788269043,508000,0.0,0.0
2012-08-03,28.916510260683047,29.509757033182478,28.60293821363678,29.20465850830078,589500,0.0,0.0
2012-08-06,29.179222911601478,29.560595913513044,28.77242612054031,29.09447479248047,368100,0.0,0.0
2012-08-07,29.085988618060206,29.45888474749548,29.00971404238794,29.408037185668945,445100,0.0,0.0
2012-08-08,29.111429385284186,29.492802486173996,29.094482343408508,29.247028350830078,287500,0.0,0.0
2012-08-09,29.238544184692987,29.34024256359237,28.84869770480104,29.162269592285156,160700,0.0,0.0
2012-08-10,29.153797554770033,29.153797554770033,28.670726189302663,28.89107322692871,408800,0.0,0.0
2012-08-13,28.831750130810047,28.984299329883125,28.408003074036706,28.857173919677734,312600,0.0,0.0
2012-08-14,28.687671720518992,28.891071710905777,28.416473888625386,28.628347396850586,532700,0.0,0.0
2012-08-15,28.636830356260692,29.094478009151874,28.619880083975772,29.001253128051758,447500,0.0,0.0
2012-08-16,28.90802297650278,30.323336508450886,28.840221899724455,29.958913803100586,847000,0.0,0.0
2012-08-17,30.492843551985843,30.73861766703905,30.3487710773965,30.552167892456055,822100,0.0,0.0
2012-08-20,30.399611256936094,30.569110716804925,30.09451287575886,30.374187469482422,509200,0.0,0.0
2012-08-21,30.416568387188526,30.594541405375644,30.077572623917927,30.145370483398438,352900,0.0,0.0
2012-08-22,30.111460183046887,30.272486108902527,29.975861275077023,30.009761810302734,390500,0.0,0.0
2012-08-23,29.933487657606232,30.272486548924867,29.196168786861186,29.687713623046875,581500,0.0,0.0
2012-08-24,29.6961890111374,30.179260307699202,29.46736525493451,30.119935989379883,299100,0.0,0.0
2012-08-27,30.204683382451137,30.789456267768507,30.204683382451137,30.51825523376465,499800,0.0,0.0
2012-08-28,30.425033616404374,30.66233088410835,30.179259598892227,30.51825523376465,344900,0.0,0.0
2012-08-29,30.518272888088358,30.90812278146602,30.204700855378533,30.670822143554688,390800,0.0,0.0
2012-08-30,30.560644092102404,30.721666837185886,30.111469937191167,30.145370483398438,242100,0.0,0.0
2012-08-31,30.331813539166824,30.467412461040382,29.933490291754914,30.035188674926758,232700,0.0,0.0
2012-09-04,29.984343653940133,30.501315597911553,29.552119831008728,30.28944206237793,351900,0.0,0.0
2012-09-05,30.20469964732499,30.374199172501093,29.93350170021704,29.941978454589844,364400,0.0,0.0
2012-09-06,30.179266720208926,30.653861367605643,30.00976724631,30.46741485595703,323000,0.0,0.0
2012-09-07,30.63690078296764,30.764022907481365,30.450451120828948,30.645374298095703,265500,0.0,0.0
2012-09-10,30.569122645858172,30.840320594305133,30.340298770680825,30.58607292175293,199200,0.0,0.0
2012-09-11,30.6623414312046,30.814890650896874,30.23011756443185,30.314868927001953,331500,0.0,0.0
2012-09-12,30.37418706165278,30.467411924975586,29.645341657056214,29.730093002319336,834800,0.0,0.0
2012-09-13,29.874169026308802,30.026718233162946,29.57754736461111,29.74704360961914,632600,0.0,0.0
2012-09-14,29.755514444766582,30.018235512047315,28.882596671406475,28.9588680267334,889800,0.0,0.0
2012-09-17,28.806322420742962,29.21311915191901,28.62834622409535,28.975818634033203,727000,0.0,0.0
2012-09-18,29.026671934688967,29.05209572228288,28.535123821651204,28.755474090576172,523500,0.0,0.0
2012-09-19,28.755470238992928,29.30634260458674,28.57749728380707,29.18769073486328,428600,0.0,0.0
2012-09-20,29.069048801620077,29.34872342392117,28.730053080176678,29.238548278808594,269200,0.0,0.0
2012-09-21,29.679250858741188,29.71315140674224,29.340251844599045,29.39957618713379,671000,0.0,0.0
2012-09-24,29.272446341822278,30.02671555685367,29.2385458026688,29.992815017700195,519300,0.0,0.0
2012-09-25,30.23011708697934,31.086088054281724,30.102994894532813,30.416566848754883,1214200,0.0,0.0
2012-09-26,30.391152624088665,30.90812477507714,30.15385520380604,30.772525787353516,1120200,0.0,0.0
2012-09-27,30.82334894920404,32.00136482725109,30.764024641168024,31.992891311645508,1558000,0.0,0.0
2012-09-28,31.738653672962005,31.975950978807457,31.475929346537885,31.95052719116211,829700,0.0,0.0
2012-10-01,31.984425599250702,32.45054666165237,31.93357479441424,32.408172607421875,990200,0.0,0.0
2012-10-02,32.586142604565254,32.586142604565254,31.78102271584398,31.98442268371582,637400,0.0,0.0
2012-10-03,32.0776611009782,32.255637378425114,31.797989635735046,32.02681350708008,310500,0.0,0.0
2012-10-04,32.06071521893503,32.103089293028944,31.662391809996016,32.05223846435547,388200,0.0,0.0
2012-10-05,32.238676080332624,32.51834744995545,31.848829573375514,32.01832580566406,294200,0.0,0.0
2012-10-08,31.823404782171632,32.111552923360556,31.518306369979403,32.0352783203125,536500,0.0,0.0
2012-10-09,31.984427268505904,32.416647816907364,31.942049979130648,32.27257537841797,643400,0.0,0.0
2012-10-10,32.289526402130896,32.50987669553383,31.50135656983129,31.62000846862793,592900,0.0,0.0
2012-10-11,31.857297299679317,32.10307131791905,31.78102271584398,31.98442268371582,316800,0.0,0.0
2012-10-12,31.967477460570116,32.28952288052228,31.80645151766071,31.95052719116211,427100,0.0,0.0
2012-10-15,32.20477262100914,32.68784395168963,32.136971547893864,32.408172607421875,794800,0.0,0.0
2012-10-16,34.679458262589634,35.179479928820335,33.925189003837154,34.88285827636719,4532000,0.0,0.0
2012-10-17,35.162529727867884,35.162529727867884,34.72183243177426,34.91675567626953,1360000,0.0,0.0
2012-10-18,34.81506513659548,34.95066408647885,34.48453966537916,34.83201217651367,827400,0.0,0.0
2012-10-19,34.48452425530518,34.73029825243181,33.772629278307974,34.043827056884766,1017000,0.0,0.0
2012-10-22,34.2557199743533,34.53539466083853,33.89130037922567,34.28114700317383,744800,0.0,0.0
2012-10-23,33.992981824969725,34.40825203748358,33.34041111522948,34.221805572509766,1015900,0.0,0.0
2012-10-24,34.33199475808003,34.35742178702138,33.98452220326919,34.162498474121094,469800,0.0,0.0
2012-10-25,34.44215432522997,34.730302403524895,34.17095651423863,34.3997802734375,720200,0.0,0.0
2012-10-26,34.30656002242612,34.4760594852696,33.84043892430657,34.31503677368164,328100,0.0,0.0
2012-10-31,34.21333552281887,34.425209045410156,33.891290096192165,34.425209045410156,443400,0.0,0.0
2012-11-01,34.518433786383596,34.64555919264682,34.077736473053385,34.54385757446289,845700,0.0,0.0
2012-11-02,34.33198116565723,35.26422652301676,34.33198116565723,34.340457916259766,658000,0.0,0.0
2012-11-05,34.28113486249981,35.04387756536835,34.137059193322486,34.84048080444336,554300,0.0,0.0
2012-11-06,34.88285890500889,35.03540810985783,34.509962644785695,34.755733489990234,604200,0.0,0.0
2012-11-07,34.41673300151308,34.696404349686055,34.19638274374465,34.33198165893555,475000,0.0,0.0
2012-11-08,34.19639133706103,34.281142700935995,33.8065447620381,33.81502151489258,469600,0.0,0.0
2012-11-09,33.57771044686393,34.0184077026373,33.03531481912224,33.76416015625,628900,0.0,0.0
2012-11-12,33.84890531243681,34.13705336869301,33.543810223106135,33.99298095703125,353000,0.0,0.0
2012-11-13,33.68788359675504,34.391305107941555,33.34041121601777,34.10315704345703,457200,0.0,0.0
2012-11-14,34.45063024387845,34.45063024387845,33.696357915271996,33.73873519897461,630500,0.0,0.0
2012-11-15,33.62008762393083,33.9675632902403,33.34041626679059,33.730262756347656,709400,0.0,0.0
2012-11-16,33.64551742362528,34.1963866653532,33.13701900864544,33.89976501464844,783300,0.0,0.0
2012-11-19,34.137050462849274,34.66249896554522,33.78110460579628,34.654022216796875,370500,0.0,0.0
2012-11-20,34.501484733133246,34.90828152141159,34.357412285026406,34.730308532714844,274800,0.0,0.0
2012-11-21,34.815052029056325,34.96759796142578,34.586228281103004,34.96759796142578,186200,0.0,0.0
2012-11-23,35.06930633657633,35.374404726133925,34.789631735170744,35.332027435302734,184300,0.0,0.0
2012-11-26,35.09471386623905,35.32353755239904,34.628592979438416,35.18793869018555,380000,0.0,0.0
2012-11-27,35.06081879167652,35.45914192574454,34.84047181868228,35.052345275878906,339800,0.0,0.0
2012-11-28,34.89981041469314,35.450682922083196,34.49301359830066,35.41678237915039,763500,0.0,0.0
2012-11-29,35.58628737419626,36.128683213418604,35.42526138678486,35.59476089477539,388400,0.0,0.0
2012-11-30,35.47610667406263,35.58628182200703,35.04388283447583,35.25575637817383,677400,0.0,0.0
2012-12-03,35.54390452692046,35.59475534126411,35.196432044573086,35.25575637817383,429100,0.0,0.0
2012-12-04,35.12015305957153,35.17947738577373,34.58623412375167,34.78963088989258,644900,0.0,0.0
2012-12-05,34.899805187096455,34.95912951187589,34.15400951895513,34.56080627441406,447200,0.0,0.0
2012-12-06,34.59469783243042,35.2303182040203,34.450625433344264,35.052345275878906,278200,0.0,0.0
2012-12-07,35.10319741657099,35.45914655222815,34.89132393173047,35.39982223510742,444900,0.0,0.0
2012-12-10,35.28966571769722,35.6456150409626,35.145593223877924,35.44221496582031,516700,0.0,0.0
2012-12-11,35.535434446742116,35.993082121324505,35.213385723932205,35.93375778198242,469100,0.0,0.0
2012-12-12,36.04391549578859,36.086292778267314,35.54389395210747,35.64559555053711,566800,0.0,0.0
2012-12-13,35.594756936611574,36.17952677957114,35.46763151152156,35.71340560913086,450500,0.0,0.0
2012-12-14,35.62865748102676,35.865954826065334,35.535432600351925,35.71340560913086,222600,0.0,0.0
2012-12-17,35.79816469242522,36.17106106263059,35.704939791640236,36.06936264038086,342800,0.0,0.0
2012-12-18,36.060873114972026,36.44224610451292,35.95917472873893,36.315120697021484,532200,0.0,0.0
2012-12-19,36.29816810396198,36.44224052632803,36.09476812969664,36.137142181396484,513800,0.0,0.0
2012-12-20,36.11172360359649,36.83209228515625,36.06087279446519,36.83209228515625,545500,0.0,0.0
2012-12-21,36.17952195098556,36.78971873728546,36.03544950584998,36.35749816894531,541400,0.0,0.0
2012-12-24,36.2134219436709,36.42529546538646,35.73035057279411,36.20494842529297,103900,0.0,0.0
2012-12-26,36.20494489272915,36.484616232980436,36.103243284516815,36.281219482421875,484800,0.0,0.0
2012-12-27,36.40834469606432,37.069392273139975,36.35749712062773,36.679542541503906,481100,0.0,0.0
2012-12-28,36.51005039120692,36.654122848282164,36.06935303490559,36.12867736816406,346700,0.0,0.0
2012-12-31,35.916811755184376,37.010077018693444,35.916811755184376,36.90837860107422,426000,0.0,0.0
2013-01-02,37.44228761085812,38.58640329200582,37.12871571570998,38.544029235839844,775400,0.0,0.0
2013-01-03,38.73048963758103,38.9677870038622,37.713495844622365,37.80672073364258,391600,0.0,0.0
2013-01-04,37.95078171420705,38.48470385952904,37.89993414136992,38.39995574951172,431300,0.0,0.0
2013-01-07,38.145716830302206,38.6287915531929,38.128769789368796,38.55251693725586,217100,0.0,0.0
2013-01-08,38.49317781645714,38.92540158810218,38.36605564998105,38.6711540222168,577200,0.0,0.0
2013-01-09,38.71353834793762,38.80676323451143,38.07791764813514,38.48471450805664,408300,0.0,0.0
2013-01-10,38.74743370080348,38.74743370080348,37.97621415106787,38.103336334228516,564700,0.0,0.0
2013-01-11,38.07790772063361,38.3321552876815,37.67958448473421,38.272830963134766,247800,0.0,0.0
2013-01-14,38.31519855701794,38.71352172574072,38.18807641139957,38.298248291015625,281200,0.0,0.0
2013-01-15,38.06097188393895,38.34064657679345,38.01012105807419,38.205047607421875,387100,0.0,0.0
2013-01-16,38.044005457929835,38.17960436973596,37.61178493683937,38.09485626220703,308000,0.0,0.0
2013-01-17,38.34063403457826,38.67115621224071,37.7473875252935,38.52708053588867,474100,0.0,0.0
2013-01-18,38.54403957118881,39.21356083011238,38.15419297723362,39.0271110534668,567200,0.0,0.0
2013-01-22,39.12032770385735,39.93392126763806,38.54403145461264,39.7813720703125,833800,0.0,0.0
2013-01-23,39.637299881503125,40.04409666603143,39.40847608403093,39.54407501220703,439800,0.0,0.0
2013-01-24,39.40846574925313,40.03561264818321,39.29829063871151,39.53559112548828,381500,0.0,0.0
2013-01-25,39.12879637464116,39.383047160639634,38.8999758399354,39.32372283935547,521000,0.0,0.0
2013-01-28,39.44236864928367,39.51016648319665,38.96777088016158,39.15422058105469,330600,0.0,0.0
2013-01-29,39.17965281445628,39.52712527464765,39.05253063610345,39.383052825927734,302500,0.0,0.0
2013-01-30,39.3321907837396,39.569488035252796,39.1457410958749,39.29829025268555,299900,0.0,0.0
2013-01-31,39.29829307646924,39.85763894732264,39.2304952424221,39.46779251098633,389200,0.0,0.0
2013-02-01,39.75595290015676,40.603447102447824,39.5017052860562,40.484798431396484,597300,0.0,0.0
2013-02-04,40.20512554080596,40.24750283910998,39.47628321081261,39.561031341552734,668800,0.0,0.0
2013-02-05,39.6796768654625,39.925450951191195,39.5440779272904,39.59492874145508,276400,0.0,0.0
2013-02-06,39.476280164384136,40.01019916612491,39.12033093028991,39.62882614135742,572600,0.0,0.0
2013-02-07,39.65425569989896,39.78137789432539,39.17118424862393,39.40848159790039,411600,0.0,0.0
2013-02-08,39.35763089605829,40.03562886672782,39.35763089605829,39.6034049987793,744600,0.0,0.0
2013-02-11,39.58645986886515,40.19665682856436,39.44238738278858,39.67121124267578,354700,0.0,0.0
2013-02-12,39.77290170203813,39.78985197340948,39.323730825965285,39.433902740478516,443900,0.0,0.0
2013-02-13,39.42543273483901,39.51018086631479,38.38301519960384,38.53556442260742,938700,0.0,0.0
2013-02-14,38.50165857367808,38.628783986315646,37.93383582561275,37.95926284790039,704000,0.0,0.0
2013-02-15,38.035535373580586,39.11185324760247,38.035535373580586,38.4508056640625,581900,0.0,0.0
2013-02-19,38.459282689848536,38.62030540301057,38.07790970295595,38.52708053588867,378800,0.0,0.0
2013-02-20,38.51013313962309,38.93388021602581,38.094862815191256,38.103336334228516,395200,0.0,0.0
2013-02-21,38.03554349547969,38.57793930748309,37.67112070311478,37.81519317626953,420500,0.0,0.0
2013-02-22,38.4084353147134,39.10338027166002,38.20503852547392,39.0440559387207,714200,0.0,0.0
2013-02-25,39.12879852654709,39.23050013971282,38.24740717630994,38.272830963134766,554300,0.0,0.0
2013-02-26,38.44231899738762,39.10336312189896,38.323670383545306,38.98471450805664,502800,0.0,0.0
2013-02-27,38.84066190251603,40.05257567055837,38.79828460489823,39.68815612792969,866600,0.0,0.0
2013-02-28,40.8915920409488,41.28991531920248,40.086471965576564,40.357669830322266,1723100,0.0,0.0
2013-03-01,40.24749823666144,41.1034658978159,39.96782361791973,40.90854263305664,863100,0.0,0.0
2013-03-04,40.91702101030041,41.400092470090684,40.62887283841376,41.213645935058594,722100,0.0,0.0
2013-03-05,41.48484608868849,42.09503977830784,41.47636933535628,42.05266571044922,717600,0.0,0.0
2013-03-06,42.018765108825086,42.535733868952875,42.018765108825086,42.2052116394043,408800,0.0,0.0
2013-03-07,42.196722966157694,42.34079538045449,41.950948953957926,42.0865478515625,370200,0.0,0.0
2013-03-08,42.29843418292474,42.332334725859276,42.05266009604989,42.154361724853516,536700,0.0,0.0
2013-03-11,41.950957777313306,42.273006439208984,41.950957777313306,42.273006439208984,481300,0.0,0.0
2013-03-12,42.31537385709044,42.484873296380634,41.90857714255373,42.10350036621094,548100,0.0,0.0
2013-03-13,42.07798664906218,42.477916765743394,41.98438494749799,42.392826080322266,305600,0.2,0.0
2013-03-14,42.52045864663634,42.52045864663634,42.069468996245845,42.51194763183594,374400,0.0,0.0
2013-03-15,42.477916765743394,42.537484140740084,42.17158835062637,42.392826080322266,491600,0.0,0.0
2013-03-18,41.975870555448864,42.67362445303296,41.703573263854054,42.51194763183594,1422200,0.0,0.0
2013-03-19,42.73318620253575,42.97144266771567,42.282196577158324,42.8012580871582,474900,0.0,0.0
2013-03-20,43.19267467632025,43.38838902815229,42.64808668687578,43.34584045410156,429500,0.0,0.0
2013-03-21,43.005478394668316,43.439445972838165,42.90336570309832,43.2607536315918,337200,0.0,0.0
2013-03-22,43.31181803703028,43.60963866119399,43.31181803703028,43.5585823059082,338500,0.0,0.0
2013-03-25,43.70323130443688,43.72875785379206,43.073549370336835,43.490501403808594,287500,0.0,0.0
2013-03-26,43.643673405270754,43.7117452952425,43.03101016551927,43.550071716308594,310500,0.0,0.0
2013-03-27,43.28628543341534,43.58410928429504,42.94591949155429,43.550071716308594,225400,0.0,0.0
2013-03-28,43.66068025810811,43.96700854827237,43.524533269368355,43.771297454833984,438100,0.0,0.0
2013-04-01,43.771304105438766,44.1627295977889,43.24373484966347,43.2607536315918,473300,0.0,0.0
2013-04-02,43.396906873788964,43.56709147151387,42.58853246909658,42.6225700378418,538900,0.0,0.0
2013-04-03,42.5800117659825,42.90335883283991,41.856728256853565,42.24815368652344,546600,0.0,0.0
2013-04-04,41.933316541299064,43.65217451019493,41.90778999220676,43.584102630615234,670400,0.0,0.0
2013-04-05,42.801254782404385,43.15864269858066,42.66510777767072,43.01398468017578,417000,0.0,0.0
2013-04-08,43.09907020415639,43.524529916947664,42.80124645760249,43.507511138916016,273000,0.0,0.0
2013-04-09,43.51603361521771,43.51603361521771,42.903370382971815,43.1161003112793,411400,0.0,0.0
2013-04-10,43.14162268943731,44.171234586308174,43.082058579436556,44.03508758544922,489300,0.0,0.0
2013-04-11,43.9585236738413,45.02217359166169,43.91597832632887,44.34143829345703,692400,0.0,0.0
2013-04-12,44.19676068899876,44.332907688485065,43.66919147173938,44.12868881225586,537800,0.0,0.0
2013-04-15,44.00105174735082,44.196762865876956,42.7246723470494,42.877838134765625,682600,0.0,0.0
2013-04-16,43.12460563242437,43.44795598964006,42.937402281509925,43.26926040649414,506200,0.0,0.0
2013-04-17,42.877836137833356,43.022494151050765,42.060954138724924,42.333248138427734,606100,0.0,0.0
2013-04-18,42.443876754325004,42.58853154936646,41.77164939312953,42.46089553833008,398500,0.0,0.0
2013-04-19,42.5374661969705,43.218201131186824,42.520447417865064,43.03950881958008,322100,0.0,0.0
2013-04-22,43.20970587812478,43.46498441181155,42.86082889422111,43.2947998046875,309100,0.0,0.0
2013-04-23,43.45647093434412,43.78832911413547,43.03101106363701,43.40541458129883,337700,0.0,0.0
2013-04-24,43.39689881357946,44.00956195319725,43.294789372310035,43.762794494628906,331000,0.0,0.0
2013-04-25,44.01808256486596,44.741366370406745,43.76280726420516,44.17975616455078,402100,0.0,0.0
2013-04-26,44.16273355669023,44.783904545754915,43.95000363251735,44.57117462158203,522700,0.0,0.0
2013-04-29,44.843471994844606,45.52420715354787,44.4945950231341,45.05620193481445,795500,0.0,0.0
2013-04-30,46.783560803095234,48.034413696183336,46.07729919909366,46.97076416015625,1259400,0.0,0.0
2013-05-01,46.98779008372517,47.09840731516367,46.16239687959994,46.49425506591797,911600,0.0,0.0
2013-05-02,46.604873686096994,47.4387746263312,46.545309565080345,47.21753692626953,895000,0.0,0.0
2013-05-03,47.472817370125185,47.66001752258675,47.02182765982795,47.634490966796875,801700,0.0,0.0
2013-05-06,47.642987837063195,48.4088134973918,47.60895027544844,48.32372283935547,606600,0.0,0.0
2013-05-07,48.79173280034001,49.2852645088076,48.51092775810778,49.18315505981445,1364600,0.0,0.0
2013-05-08,48.92788030511532,49.56607004822553,48.85129740610207,49.3958854675293,891500,0.0,0.0
2013-05-09,49.24272970845812,49.60011772537983,48.91938250981652,49.06403732299805,800300,0.0,0.0
2013-05-10,49.038499375801926,49.53203107519393,48.987443029243806,49.370357513427734,632900,0.0,0.0
2013-05-13,49.35334443841369,49.983026468109834,49.25974274856686,49.56607437133789,578700,0.0,0.0
2013-05-14,49.57458354692123,50.20426559448242,49.57458354692123,50.20426559448242,335000,0.0,0.0
2013-05-15,49.2257085205403,49.812845252692846,48.88534255236627,49.04701614379883,744800,0.0,0.0
2013-05-16,48.92788504232801,48.96192261096296,48.17907476236508,48.468387603759766,790300,0.0,0.0
2013-05-17,48.553482002638674,49.038505999450415,48.4683880802148,48.987449645996094,431800,0.0,0.0
2013-05-20,48.92789960029076,49.08106545871967,48.238653237360666,48.264183044433594,422900,0.0,0.0
2013-05-21,48.425831823470496,48.69812582183051,48.374775481527806,48.459869384765625,449200,0.0,0.0
2013-05-22,48.510932504114606,49.17465210250639,48.034419531526964,48.17056655883789,379000,0.0,0.0
2013-05-23,49.04701000137019,50.587175795928495,48.93638953371658,50.38295364379883,1930600,0.0,0.0
2013-05-24,49.965999603271484,50.20425605089451,49.6171226995375,49.965999603271484,662600,0.0,0.0
2013-05-28,50.32338672593162,51.233870476269516,50.13618336739458,50.765865325927734,657200,0.0,0.0
2013-05-29,50.37444825168096,50.79139709819761,50.00004149611369,50.44252014160156,541600,0.0,0.0
2013-05-30,50.58716732894609,50.961570758183875,50.24679821436595,50.87648010253906,10295500,0.0,0.0
2013-05-31,50.44251350517502,50.859465542836865,50.25531339802134,50.43400573730469,1303800,0.0,0.0
2013-06-03,50.36594296643835,50.8424592340967,49.97452062836265,50.816932678222656,1334600,0.0,0.0
2013-06-04,50.72333091296372,51.64232262925518,50.62972921354483,51.20835494995117,1270900,0.0,0.0
2013-06-05,51.2253645229505,51.284928639867815,49.54054397443032,49.651161193847656,849000,0.0,0.0
2013-06-06,49.583095500733826,50.61270764574651,49.27676386347355,50.587181091308594,1011000,0.0,0.0
2013-06-07,50.99561406735932,51.616785012389634,50.5361166846791,51.50616455078125,500200,0.0,0.0
2013-06-10,51.863561655833024,52.11032917305094,51.421082977166854,51.667850494384766,527900,0.0,0.0
2013-06-11,50.94457389940702,51.259416601971246,50.459549812323786,50.885009765625,614800,0.0,0.0
2013-06-12,51.055744932257205,51.36310445687364,50.449565456982114,50.73984909057617,464400,0.2,0.0
2013-06-13,50.586165141179706,51.42286419066236,50.278805642003846,51.24357223510742,448800,0.0,0.0
2013-06-14,51.286268862466976,51.31188107269473,50.697165228974214,50.87645721435547,341500,0.0,0.0
2013-06-17,51.17527982209412,51.516791174865425,50.50933626677307,50.842308044433594,524500,0.0,0.0
2013-06-18,50.98744937259103,51.798533101869694,50.98744937259103,51.60216522216797,478100,0.0,0.0
2013-06-19,51.58509951595591,51.935150498292565,51.01307165650595,51.030147552490234,416300,0.0,0.0
2013-06-20,50.500793656440806,50.56909396434905,48.98107190854028,49.11767578125,726300,0.0,0.0
2013-06-21,49.26281573210423,49.44210769164493,48.50295654052347,49.09206008911133,1156600,0.0,0.0
2013-06-24,48.2382860653675,48.86154140600436,47.59795483441129,48.673709869384766,955600,0.0,0.0
2013-06-25,49.06645637274346,49.4933439256453,48.63956881984162,49.151832580566406,673500,0.0,0.0
2013-06-26,49.612878822338764,49.749482727998256,49.18599121004109,49.25429153442383,699300,0.0,0.0
2013-06-27,49.74948834231995,50.27029180919979,49.62142074142037,50.201988220214844,542900,0.0,0.0
2013-06-28,50.17636188543803,50.560561323146054,49.57018235977285,49.64702224731445,4688500,0.0,0.0
2013-07-01,50.031230478974635,51.525337230135584,49.8690143470448,51.14967727661133,737800,0.0,0.0
2013-07-02,51.21797449546011,51.68755019321178,51.11551912886808,51.346038818359375,677200,0.0,0.0
2013-07-03,50.99600202808215,51.74732525925991,50.97892612999919,51.422889709472656,577800,0.0,0.0
2013-07-05,52.03758936372603,52.35348521674371,51.43994618406774,52.08881378173828,435800,0.0,0.0
2013-07-08,52.310810545728444,52.49010256858714,51.9607628195735,52.233970642089844,742300,0.0,0.0
2013-07-09,52.56692971845112,53.156033332156156,52.06320230723318,53.05358123779297,423100,0.0,0.0
2013-07-10,52.96822133636335,53.28411729105514,52.55840957589699,53.13897705078125,295600,0.0,0.0
2013-07-11,53.69392218840741,53.98420588874572,53.22434647644973,53.787837982177734,406700,0.0,0.0
2013-07-12,53.685376833980946,54.46231201046517,53.61707326568223,54.069576263427734,423600,0.0,0.0
2013-07-15,54.385487062756866,54.70138301067277,53.992751207845814,54.30864715576172,389100,0.0,0.0
2013-07-16,54.6074502208361,54.76966956119641,53.7792906551543,53.92443084716797,520500,0.0,0.0
2013-07-17,54.00982410552099,54.10373990972938,53.74515584663661,53.83053207397461,390300,0.0,0.0
2013-07-18,53.83053129636737,54.607466678739485,53.8219949765146,54.59893035888672,622100,0.0,0.0
2013-07-19,54.47085980222335,54.66722771710654,54.120812083189136,54.28303146362305,417700,0.0,0.0
2013-07-22,54.21473135200162,54.53916687674715,54.06959111484096,54.30864715576172,576500,0.0,0.0
2013-07-23,54.91480836719867,55.02579677350434,50.09097825929854,50.73984909057617,3135900,0.0,0.0
2013-07-24,51.337494091149935,52.28518490709627,51.17527474906232,52.08881378173828,2134200,0.0,0.0
2013-07-25,52.114420699559496,52.5498444657097,51.75583354782453,52.50715637207031,1069200,0.0,0.0
2013-07-26,52.37909848436346,53.463393198412234,52.30225859889879,53.24141311645508,1332700,0.0,0.0
2013-07-29,52.95114346656933,53.17312360721682,52.63524752364605,52.83161544799805,542600,0.0,0.0
2013-07-30,53.002371091363095,53.32680335369081,52.618171562928445,53.04505920410156,500600,0.0,0.0
2013-07-31,53.13042176899117,53.702452754670844,53.05358188306087,53.42924499511719,507000,0.0,0.0
2013-08-01,53.787837733865416,55.239252971962514,53.65977015078912,54.47939682006836,810900,0.0,0.0
2013-08-02,54.385461466193036,54.51352574631519,53.79635470419577,53.91588592529297,562900,0.0,0.0
2013-08-05,53.91589033047194,54.98310903648371,53.85612634348672,54.641597747802734,590800,0.0,0.0
2013-08-06,54.59036780236489,54.76112343958909,53.634140793559396,53.74513244628906,745100,0.0,0.0
2013-08-07,53.69392227980029,53.91590565761598,53.34387457499304,53.3609504699707,651900,0.0,0.0
2013-08-08,53.719528444091104,53.95858768996234,53.463396562058826,53.531700134277344,476100,0.0,0.0
2013-08-09,53.54023731634733,53.847596882503424,53.198729220424504,53.59146499633789,421500,0.0,0.0
2013-08-12,53.35241460343919,53.932978753134115,53.24995923270423,53.28411102294922,513000,0.0,0.0
2013-08-13,53.29265002285756,53.3694899263271,52.26812231912263,53.03651809692383,645100,0.0,0.0
2013-08-14,52.908445903899235,53.46339778484616,52.54132233706199,53.35240936279297,485800,0.0,0.0
2013-08-15,52.8316076290178,53.04505141827559,52.39618047507141,52.59254837036133,517000,0.0,0.0
2013-08-16,52.584006502173345,52.584006502173345,52.080279082411984,52.47301483154297,424500,0.0,0.0
2013-08-19,52.47301188541599,52.70353153137024,52.07173984117851,52.10588836669922,503200,0.0,0.0
2013-08-20,52.20836331512613,53.13043898823533,52.08029571143858,52.85723114013672,276200,0.0,0.0
2013-08-21,52.7462123019651,53.01088369355775,52.38762840712291,52.50715637207031,244100,0.0,0.0
2013-08-22,52.57546466950992,53.57437982971952,52.57546466950992,53.42070007324219,228400,0.0,0.0
2013-08-23,53.480475022408584,53.66830659813266,52.780379658029055,53.121891021728516,251400,0.0,0.0
2013-08-26,53.18165780244559,53.463401923868965,52.68646662487967,52.82307052612305,382400,0.0,0.0
2013-08-27,52.27664097093244,52.48154839656414,52.0205091315626,52.21687698364258,361000,0.0,0.0
2013-08-28,52.14005394086536,52.96821697055098,51.960761921106844,52.763309478759766,290100,0.0,0.0
2013-08-29,52.703545417355215,53.13043303932332,52.43033759984716,52.97675323486328,249600,0.0,0.0
2013-08-30,52.92552299945328,52.959671530225606,52.379104167477536,52.4559440612793,481300,0.0,0.0
2013-09-03,52.6096187119752,53.07919434740515,52.03759098044443,52.47301483154297,690400,0.0,0.0
2013-09-04,52.43033995860612,53.104823213314255,52.336424156444956,53.04505920410156,340300,0.0,0.0
2013-09-05,52.976742990582636,53.275566222312364,52.763299220872874,53.010894775390625,210900,0.0,0.0
2013-09-06,53.06214074635471,53.267045012058716,52.15713767829401,52.57548904418945,514800,0.0,0.0
2013-09-09,52.96821198759382,53.847599364828774,52.96821198759382,53.82198715209961,1119300,0.0,0.0
2013-09-10,54.41961879470566,55.264857460058295,54.129335170501975,55.23923873901367,451900,0.0,0.0
2013-09-11,55.042273074520175,55.66746439576463,54.89668281271851,55.530433654785156,373100,0.2,0.0
2013-09-12,55.59893652535814,55.98433049722848,55.26493233679419,55.88155746459961,379400,0.0,0.0
2013-09-13,55.92439695542692,56.67804647181094,55.59039267273514,56.62666320800781,381600,0.0,0.0
2013-09-16,57.226145979137414,57.36317670297588,56.3611575033646,56.746551513671875,375600,0.0,0.0
2013-09-17,56.87503415483431,57.26042175292969,56.463948387410845,57.26042175292969,374300,0.0,0.0
2013-09-18,57.29467512636158,57.74001201801716,56.772256800504664,57.620113372802734,301100,0.0,0.0
2013-09-19,57.56016045259665,57.98837173988035,57.44882787013774,57.91129684448242,230200,0.0,0.0
2013-09-20,57.979818883259455,57.979818883259455,56.6951847289717,57.15765380859375,497600,0.0,0.0
2013-09-23,57.07199501947334,57.56015558433017,56.46393582703661,57.363182067871094,333800,0.0,0.0
2013-09-24,57.34607392346321,58.06547252356127,57.02919511301684,57.64582061767578,475500,0.0,0.0
2013-09-25,57.560172573925044,57.83422759413915,56.84934011918664,57.28611755371094,225700,0.0,0.0
2013-09-26,57.32892203366091,58.039747715464785,57.21758293119707,57.936981201171875,277900,0.0,0.0
2013-09-27,57.74857962128999,58.022634608264774,57.38888367600801,57.85135269165039,443100,0.0,0.0
2013-09-30,56.95210609473564,58.56217832081792,56.92641446073221,58.19391632080078,956500,0.0,0.0
2013-10-01,58.3395189545646,59.5642037247516,58.22817981746502,59.53850555419922,732200,0.0,0.0
2013-10-02,58.288126142344694,59.881072867146926,58.288126142344694,59.63270950317383,841800,0.0,0.0
2013-10-03,58.64781348197811,59.444286638555575,58.21103619379437,58.52790832519531,1576400,0.0,0.0
2013-10-04,58.45939600699914,59.14453002012715,58.16820898758175,58.861915588378906,365800,0.0,0.0
2013-10-07,58.27955885258852,58.97325904758503,58.245301165504216,58.545047760009766,574800,0.0,0.0
2013-10-08,58.54505427753396,58.83623484918766,57.72288929794027,57.74858093261719,717700,0.0,0.0
2013-10-09,57.74001095578332,57.842784021499035,56.98636140915938,57.029178619384766,776600,0.0,0.0
2013-10-10,57.6286575069794,57.72286448295295,57.063415651138136,57.53445053100586,937300,0.0,0.0
2013-10-11,57.31179716091756,58.570739391826564,57.31179716091756,58.545047760009766,584600,0.0,0.0
2013-10-14,58.30524113059585,59.127405886763604,58.02262015798,58.964683532714844,556400,0.0,0.0
2013-10-15,57.67148789421142,57.67148789421142,55.5732553871523,55.58182144165039,2366800,0.0,0.0
2013-10-16,56.18129928400639,57.22613549287025,56.05283463744417,57.089111328125,1017900,0.0,0.0
2013-10-17,56.900699733365414,57.10623925596014,56.46392253061595,57.06341552734375,666400,0.0,0.0
2013-10-18,57.38031392140848,57.62867725828094,56.79794629487654,57.42313766479492,784200,0.0,0.0
2013-10-21,57.37174158842312,57.714311896073646,57.26897506991757,57.363182067871094,522500,0.0,0.0
2013-10-22,57.45738091158905,57.63723538187232,57.00347804369548,57.56015396118164,632100,0.0,0.0
2013-10-23,57.380318771864076,57.56016674811543,56.56671985063371,56.82364273071289,537900,0.0,0.0
2013-10-24,57.04631252329583,57.79996209360257,56.70374216079778,57.71432113647461,933200,0.0,0.0
2013-10-25,57.85135058438009,58.15109719452996,57.50878022964337,57.81709289550781,430800,0.0,0.0
2013-10-28,57.9540956278298,58.22815050320336,57.56014215285429,57.919837951660156,320800,0.0,0.0
2013-10-29,58.13396204898379,58.58787150236157,57.83421545447825,58.545047760009766,425400,0.0,0.0
2013-10-30,58.73347903974858,58.75917067911878,57.851364573437706,58.12541961669922,378400,0.0,0.0
2013-10-31,58.168198627345824,58.168198627345824,57.29465079264873,57.43167495727539,489100,0.0,0.0
2013-11-01,57.54304699378101,57.72289498823523,57.02062859056238,57.28611755371094,379300,0.0,0.0
2013-11-04,57.44882062313247,57.91984905933422,57.31178989217458,57.465946197509766,299500,0.0,0.0
2013-11-05,57.29464821145117,58.64779689633885,57.02915287835103,58.245277404785156,424600,0.0,0.0
2013-11-06,58.553612531057794,58.707768852563305,58.091143566541255,58.17678451538086,252000,0.0,0.0
2013-11-07,58.27099609640425,58.46796964080877,57.08913522801887,57.12338638305664,312400,0.0,0.0
2013-11-08,57.097684254724065,58.039747660768974,57.097684254724065,57.89415740966797,281800,0.0,0.0
2013-11-11,58.03118411230797,58.63067718345379,58.03118411230797,58.07400131225586,292100,0.0,0.0
2013-11-12,58.02262231332509,58.63924753685262,57.88559158188123,58.613555908203125,430300,0.0,0.0
2013-11-13,58.176794062005065,59.28158012508881,58.04832935067223,59.273014068603516,361400,0.0,0.0
2013-11-14,59.24728606076597,59.3072353513864,58.81907497519639,59.28154373168945,295700,0.0,0.0
2013-11-15,59.28156809256922,59.4785416138443,58.53647814526077,58.95612335205078,319500,0.0,0.0
2013-11-18,59.024659664594346,59.11030064049089,57.842798515651765,58.12541961669922,327800,0.0,0.0
2013-11-19,57.94554901123047,58.15965463447507,57.51733776474128,57.94554901123047,639300,0.0,0.0
2013-11-20,58.19389173853363,58.52789590746072,57.911277349891606,58.2281494140625,365800,0.0,0.0
2013-11-21,58.48509099408126,59.45284602854027,58.29667700610157,59.221614837646484,457300,0.0,0.0
2013-11-22,59.213062910528315,60.03522789005881,59.187371275853366,59.73548126220703,380200,0.0,0.0
2013-11-25,59.863950374660256,59.89820806807652,59.07604302804696,59.53850555419922,330900,0.0,0.0
2013-11-26,59.50423008051589,59.63268821085345,59.31581611070847,59.43571472167969,343200,0.0,0.0
2013-11-27,59.52136112211875,59.75259231195638,59.11027546531481,59.358638763427734,303900,0.0,0.0
2013-11-29,59.46997077757826,59.64125263600855,59.14452609898302,59.20447540283203,169700,0.0,0.0
2013-12-02,59.04176651048095,59.20448233484624,58.570731543669964,58.72488784790039,347200,0.0,0.0
2013-12-03,58.322392587987274,58.67352907961499,58.04833754763854,58.442291259765625,600100,0.0,0.0
2013-12-04,58.16820551522207,59.13596697029666,58.16820551522207,58.84477996826172,347500,0.0,0.0
2013-12-05,58.99037684332717,59.59843600740301,58.62211492322661,59.358638763427734,400800,0.0,0.0
2013-12-06,59.3929036541025,59.89819636578989,59.23874733084023,59.761165618896484,246900,0.0,0.0
2013-12-09,60.300693342068975,60.95156954310279,60.163662646704054,60.48054122924805,627600,0.0,0.0
2013-12-10,60.4634142793763,60.60900450512459,59.726890563964844,59.726890563964844,427900,0.0,0.0
2013-12-11,59.71834529955436,60.00177926535901,59.03124039937451,59.280311584472656,339200,0.2,0.0
2013-12-12,59.048400043103925,59.486433645474456,58.644722659819195,59.28888702392578,397100,0.0,0.0
2013-12-13,59.349008362312055,59.59808603439271,59.17723382083927,59.42631149291992,368700,0.0,0.0
2013-12-16,59.5808978946901,60.17352451736039,59.50359478134694,59.701141357421875,315800,0.0,0.0
2013-12-17,59.66678407764993,59.89009616991412,59.50359371567489,59.70972442626953,437200,0.0,0.0
2013-12-18,59.82995430346557,60.087615966796875,58.85940970187033,60.087615966796875,440500,0.0,0.0
2013-12-19,59.97597803018566,60.11339630730726,58.79930249709471,58.988258361816406,367900,0.0,0.0
2013-12-20,58.27540732680432,59.24595259295186,58.13798898948944,59.22018051147461,822600,0.0,0.0
2013-12-23,59.2545119572035,59.950213705039815,59.185806093664574,59.847145080566406,358800,0.0,0.0
2013-12-24,59.93303090196578,60.25082090529969,59.88149986734059,60.00174331665039,454700,0.0,0.0
2013-12-26,60.06187517609422,61.03241362437013,59.993162749815134,60.70603942871094,310200,0.0,0.0
2013-12-27,60.92074767925658,61.02381629639866,60.18210563834556,60.293758392333984,239700,0.0,0.0
2013-12-30,60.25942862310374,60.31095967229028,59.78703882963244,60.05329132080078,240100,0.0,0.0
2013-12-31,60.25082723768021,60.44836725968931,59.54654129508364,59.82138442993164,361300,0.0,0.0
2014-01-02,59.82138638978875,59.82138638978875,59.039797308747005,59.211578369140625,407300,0.0,0.0
2014-01-03,59.27168760405482,59.47781828028501,59.09990657988295,59.24592208862305,415500,0.0,0.0
2014-01-06,59.357593530242404,59.60667117913902,58.988272402951296,59.349002838134766,799600,0.0,0.0
2014-01-07,59.72689400524997,60.09621500483777,59.56370367552313,59.83854675292969,487000,0.0,0.0
2014-01-08,59.79563373787625,60.27660770493661,59.615268500228616,59.93305206298828,851400,0.0,0.0
2014-01-09,60.225058066173325,60.62872877664929,59.72690286672194,60.36247634887695,576500,0.0,0.0
2014-01-10,60.517071682844715,61.290069945177734,60.32811582396594,61.16123580932617,623700,0.0,0.0
2014-01-13,61.21278951992166,61.814013525704276,60.706050031358245,60.93794631958008,624000,0.0,0.0
2014-01-14,61.041002470286706,61.22136766923277,60.697446902056264,60.98088073730469,360300,0.0,0.0
2014-01-15,61.08393925948105,61.59926925011094,60.4569499598175,61.16123580932617,612700,0.0,0.0
2014-01-16,61.09253141352103,61.513390082716114,60.800513449861306,61.049591064453125,445500,0.0,0.0
2014-01-17,61.14406746626368,61.56491957208161,61.01523331675046,61.539154052734375,660300,0.0,0.0
2014-01-21,61.83975220625746,62.02011736385926,61.539143610254456,61.84834289550781,579700,0.0,0.0
2014-01-22,61.84834034412301,63.05078123130756,61.839749655227045,63.033599853515625,615700,0.0,0.0
2014-01-23,62.96491854640958,63.04222167910214,62.44099766217619,62.56983184814453,693400,0.0,0.0
2014-01-24,62.277798425881,62.43239810029934,61.13547897338867,61.13547897338867,645700,0.0,0.0
2014-01-27,61.28149674678353,61.36738401094035,59.7956280738138,60.21648025512695,477300,0.0,0.0
2014-01-28,60.328117457237475,60.748976082598304,59.82137814268569,60.00174331665039,480900,0.0,0.0
2014-01-29,59.580901958495616,59.71832025980022,58.8508438885443,59.00544357299805,786500,0.0,0.0
2014-01-30,59.58089959477273,60.08763898034782,59.08274434765396,59.7526741027832,978600,0.0,0.0
2014-01-31,59.09991920127737,60.980880862807695,58.8336667479201,60.64591598510742,645900,0.0,0.0
2014-02-03,60.71463811788113,61.02383752408894,57.708537876355145,58.04350280761719,1001900,0.0,0.0
2014-02-04,58.23243775617978,59.09132323014835,58.11219431404627,58.66188049316406,864000,0.0,0.0
2014-02-05,58.524457570671345,58.55881377707782,56.841042773412035,57.69133758544922,1333200,0.0,0.0
2014-02-06,57.742880627875536,58.61894103930705,57.56250888900317,58.11220169067383,527500,0.0,0.0
2014-02-07,58.36127159590481,59.709721672582766,58.18090641335542,59.69254684448242,520800,0.0,0.0
2014-02-10,59.59807638243594,60.09623164592059,59.288877015637034,60.01892852783203,473700,0.0,0.0
2014-02-11,60.164919749707316,60.79190236857409,59.881486019262056,60.517059326171875,346600,0.0,0.0
2014-02-12,60.34531240426405,60.90358943173064,60.122000282721814,60.81769561767578,415400,0.0,0.0
2014-02-13,60.49989915744656,61.83116780448396,60.31094329137989,61.66798400878906,425300,0.0,0.0
2014-02-14,61.52199489767294,62.18334071280582,61.32445480945983,61.994384765625,348600,0.0,0.0
2014-02-18,62.04588458951614,62.303552851923484,61.71091978005226,61.89128494262695,574000,0.0,0.0
2014-02-19,61.62504261267695,62.526875125680654,61.470442940527086,61.70233917236328,467600,0.0,0.0
2014-02-20,61.77961561436125,62.28635476094986,61.59925050018016,62.06304931640625,357300,0.0,0.0
2014-02-21,62.20909740529087,63.0078614440575,61.91707283218706,62.91338348388672,538500,0.0,0.0
2014-02-24,62.91340190594915,64.27902755283925,62.896227068515614,64.15019989013672,936600,0.0,0.0
2014-02-25,66.0912510247898,66.76977150417397,63.71214055389707,64.44219207763672,1204200,0.0,0.0
2014-02-26,64.84586142445559,66.89859744068971,64.63973071960572,66.69246673583984,1360100,0.0,0.0
2014-02-27,66.5636221478424,67.2936734672958,66.24583217342756,66.9844741821289,925500,0.0,0.0
2014-02-28,67.22497535476414,68.19552031012236,67.08755706145355,67.90349578857422,854300,0.0,0.0
2014-03-03,67.23357440469971,67.86056387556638,66.71824427335591,67.66301727294922,749300,0.0,0.0
2014-03-04,68.26424407958984,68.65074005609253,67.97221950950333,68.26424407958984,652600,0.0,0.0
2014-03-05,68.39306696732372,68.39306696732372,67.73172785153473,67.94644927978516,349500,0.0,0.0
2014-03-06,67.92068927599853,68.42742874251319,67.76608957298451,68.01516723632812,344100,0.0,0.0
2014-03-07,68.24707348977786,68.42743874419418,67.76609947800101,68.14400482177734,324800,0.0,0.0
2014-03-10,68.1783546955239,68.52191033742018,67.78326800081577,68.33295440673828,321100,0.0,0.0
2014-03-11,68.43601600616961,68.82251196795023,67.60289579015813,67.8949203491211,387900,0.0,0.0
2014-03-12,67.67952188591627,68.91162542749399,67.55889691599128,68.85992431640625,544200,0.25,0.0
2014-03-13,69.19594221744734,69.33380306285233,67.73120688963738,67.98969268798828,647200,0.0,0.0
2014-03-14,68.6617419641945,69.04946405477416,68.2826312455361,68.54972839355469,429900,0.0,0.0
2014-03-17,68.92885374778052,69.37688840477128,68.71345107981871,68.94608306884766,377900,0.0,0.0
2014-03-18,69.10113930907181,69.45440266631276,68.66172281524733,68.91159057617188,379600,0.0,0.0
2014-03-19,68.74789925851384,68.92883666593397,67.32624068756573,67.43824768066406,425600,0.0,0.0
2014-03-20,67.28316676245991,68.08446486153434,67.09361795742934,67.92937469482422,520000,0.0,0.0
2014-03-21,68.14475385343876,68.55832967998603,66.7661787208891,66.80064392089844,747700,0.0,0.0
2014-03-24,67.0419094590232,67.29177728747516,65.31868849609904,66.20614624023438,716800,0.0,0.0
2014-03-25,66.74897474588897,67.27455774180679,65.92182935237093,66.0338363647461,328100,0.0,0.0
2014-03-26,66.3095527057608,66.42155972017956,65.05160198598571,65.08606719970703,397300,0.0,0.0
2014-03-27,64.92233700138051,65.103274381715,64.40537211848695,64.84479522705078,377500,0.0,0.0
2014-03-28,64.87927446715382,66.38709286975704,64.87927446715382,65.68057250976562,408900,0.0,0.0
2014-03-31,66.06830077841498,66.57664787485194,66.00798829962471,66.31816864013672,312000,0.0,0.0
2014-04-01,66.34400348727948,67.7828913359062,66.34400348727948,67.73981475830078,472000,0.0,0.0
2014-04-02,67.89493961862657,67.98971734081684,67.119488515965,67.37796783447266,469400,0.0,0.0
2014-04-03,67.57611440367404,68.01553761634682,66.67142071409477,66.87821197509766,431100,0.0,0.0
2014-04-04,67.2659228760915,67.2659228760915,64.78448731968003,64.99127197265625,512500,0.0,0.0
2014-04-07,64.75004347415941,64.7931200637243,62.90619715744717,63.48347473144531,715700,0.0,0.0
2014-04-08,63.673034995645224,65.28424287223328,63.42316709223692,65.26701354980469,629800,0.0,0.0
2014-04-09,65.31008550012669,66.06830045456886,64.86204431110899,66.00798797607422,391900,0.0,0.0
2014-04-10,65.97353518858053,66.10277811642895,63.836737625715756,64.00906372070312,356200,0.0,0.0
2014-04-11,63.44040455642214,63.99183497486175,62.3978562161357,62.64772415161133,635100,0.0,0.0
2014-04-14,63.48345355759967,64.26751559127469,63.02680110440045,63.543766021728516,370700,0.0,0.0
2014-04-15,63.53518485172828,64.1813930158081,63.173309857500236,63.905677795410156,537300,0.0,0.0
2014-04-16,64.55187227976631,64.68111519990721,64.17276804053913,64.59495544433594,223900,0.0,0.0
2014-04-17,64.60355854360608,65.00850995907459,63.97457998271985,64.00042724609375,250200,0.0,0.0
2014-04-21,63.888421405219525,64.45708093045424,63.75917851244045,64.0693588256836,196800,0.0,0.0
2014-04-22,64.16414299043309,65.15499650374278,64.02628213792482,65.06021881103516,270700,0.0,0.0
2014-04-23,65.19805204382808,65.36176010994434,64.65523990282462,64.84479522705078,426200,0.0,0.0
2014-04-24,65.16358117828665,65.18943500771466,64.16411670136723,64.69831085205078,372800,0.0,0.0
2014-04-25,64.29338817086666,64.65526306115258,63.52655522896997,63.55240249633789,215200,0.0,0.0
2014-04-28,63.862569682322466,64.07797229739208,61.75162011050058,62.63046646118164,386200,0.0,0.0
2014-04-29,62.91480980063814,63.328385824925896,62.08766432563052,62.53570556640625,488600,0.0,0.0
2014-04-30,62.46676807737302,64.22445447830923,62.251365428830354,64.08659362792969,685600,0.0,0.0
2014-05-01,64.25893987200884,64.31063442035274,61.62240615579355,61.86366271972656,960100,0.0,0.0
2014-05-02,62.044560661099425,63.30251093292891,61.90669985530522,62.88893508911133,531000,0.0,0.0
2014-05-05,62.535677143107755,62.88893394780571,61.95839981984224,62.475364685058594,404000,0.0,0.0
2014-05-06,62.225533647923555,62.81142926070546,61.96704777591994,62.251380920410156,481600,0.0,0.0
2014-05-07,62.50983036879436,62.75108020285475,61.2346442227488,61.64822006225586,504800,0.0,0.0
2014-05-08,61.42422637361165,62.259989787806965,60.907261278578126,61.2863655090332,518200,0.0,0.0
2014-05-09,61.25190198387773,61.55347099007659,60.812485256430506,61.3466796875,491200,0.0,0.0
2014-05-12,61.68269755042531,62.518460855088406,61.44144764259823,62.423683166503906,412300,0.0,0.0
2014-05-13,62.37197857748903,62.54429803427174,61.68268760322637,61.78608322143555,287000,0.0,0.0
2014-05-14,61.61375287391262,61.74299573043786,61.17432979115269,61.389732360839844,317600,0.0,0.0
2014-05-15,61.27772480201404,61.46727353972219,60.57120464317464,61.35526657104492,371800,0.0,0.0
2014-05-16,61.28633222988317,61.70852596822297,61.02785310950732,61.630977630615234,172200,0.0,0.0
2014-05-19,61.44144562816496,62.54430606982555,61.44144562816496,62.05318832397461,281400,0.0,0.0
2014-05-20,61.958410399209974,61.958410399209974,60.993404332084204,61.381126403808594,438800,0.0,0.0
2014-05-21,61.41560675437406,61.98427294492862,61.139891606290306,61.811946868896484,223500,0.0,0.0
2014-05-22,61.84642660017338,63.130224943488706,61.84642660017338,63.03545379638672,378100,0.0,0.0
2014-05-23,63.15605835917003,63.17328767845939,62.57016289982591,62.8114128112793,288100,0.0,0.0
2014-05-27,63.09573488152515,63.24220707743422,62.8286311773526,63.19050598144531,281300,0.0,0.0
2014-05-28,63.21636101925193,63.27667348774848,62.3978271484375,62.3978271484375,316500,0.0,0.0
2014-05-29,62.61322979986305,62.81140309565621,62.10488278986945,62.44091033935547,206900,0.0,0.0
2014-05-30,62.294446839858665,62.47538427072898,62.001495827806515,62.423683166503906,311500,0.0,0.0
2014-06-02,62.54428964819084,62.932018234313276,61.76884562307604,62.88893508911133,245000,0.0,0.0
2014-06-03,62.682146799024295,62.914778678281095,62.27718892257297,62.613216400146484,241500,0.0,0.0
2014-06-04,62.466777806683055,63.29392331708819,62.44093053660292,63.09575653076172,204200,0.0,0.0
2014-06-05,63.216370141298434,63.543779792729396,62.785564854568065,63.164669036865234,212600,0.0,0.0
2014-06-06,63.19914180553627,63.853967760264624,62.98373913641476,63.68164825439453,210100,0.0,0.0
2014-06-09,63.64714701666877,63.81084848252628,63.10432839061366,63.25941848754883,145500,0.0,0.0
2014-06-10,63.52654089001318,63.70747829431567,62.29443769289678,62.949256896972656,358000,0.0,0.0
2014-06-11,62.71582417334247,63.56309793903401,62.560201518971425,63.42477035522461,240900,0.25,0.0
2014-06-12,63.44205702311572,63.44205702311572,62.465096640578125,62.56019973754883,262400,0.0,0.0
2014-06-13,62.56886423124513,63.01843723284713,62.36136291099343,62.71583938598633,213300,0.0,0.0
2014-06-16,62.58616843390678,62.75043870467577,62.30085899398379,62.40460968017578,239300,0.0,0.0
2014-06-17,61.2720040102013,61.64376892345141,60.71868040854592,61.384395599365234,975400,0.0,0.0
2014-06-18,61.29794880114062,62.240325927734375,61.00399188533967,62.240325927734375,423600,0.0,0.0
2014-06-19,62.61207391713893,62.83686366284286,62.05010285094751,62.11062240600586,334500,0.0,0.0
2014-06-20,61.95501830061169,62.24896859728594,61.85126764500651,62.07605743408203,634400,0.0,0.0
2014-06-23,62.20573913361916,62.20573913361916,61.54867141936716,61.8858528137207,569900,0.0,0.0
2014-06-24,61.90313499441464,62.594792787212036,61.609184719965164,62.35271453857422,526200,0.0,0.0
2014-06-25,62.14521161189783,62.871452934886854,61.87719735738887,62.61207962036133,324500,0.0,0.0
2014-06-26,62.61208502953143,62.862810829596775,62.21438408340162,62.74177169799805,422000,0.0,0.0
2014-06-27,62.6293767879287,63.41613110167292,62.491042589917015,63.09624481201172,421100,0.0,0.0
2014-06-30,62.94926694957079,63.22592876647389,62.64666911797959,63.19134521484375,431400,0.0,0.0
2014-07-01,63.32101477092101,64.25475062416392,63.32101477092101,64.0126724243164,419100,0.0,0.0
2014-07-02,63.85704349608445,64.02131365672591,63.199969449654176,63.47663116455078,320200,0.0,0.0
2014-07-03,63.485307207879686,63.77925752615333,63.26051740228666,63.65821838378906,271600,0.0,0.0
2014-07-07,63.61497867414409,63.882992911548676,63.390188922310294,63.58904266357422,290500,0.0,0.0
2014-07-08,63.44204026164866,63.91755562087039,63.13079504400076,63.45933532714844,488500,0.0,0.0
2014-07-09,63.70145853428641,64.56602772905352,63.70145853428641,64.52279663085938,269600,0.0,0.0
2014-07-10,63.71871185302734,64.03860465317014,63.40746658697917,63.718711853027344,316400,0.0,0.0
2014-07-11,63.61497116088867,63.831113351626016,63.303725878536,63.61497116088867,186700,0.0,0.0
2014-07-14,63.831129271787155,63.96081593780203,63.51988391180659,63.675506591796875,196600,0.0,0.0
2014-07-15,63.65821525300996,63.87435751033585,62.99250000274705,63.329681396484375,265600,0.0,0.0
2014-07-16,63.65820573561236,63.865707020841676,62.845515454944554,63.14811325073242,626000,0.0,0.0
2014-07-17,62.73312808590701,63.26051573349843,62.24897152922179,62.7677116394043,424000,0.0,0.0
2014-07-18,63.122194552309615,63.87436548012578,62.854173634409776,63.312400817871094,385600,0.0,0.0
2014-07-21,63.269174443994935,63.63229192563398,63.070320625303346,63.45073318481445,529200,0.0,0.0
2014-07-22,64.22016012923443,66.08763163354278,64.02131302780293,65.80232238769531,1233300,0.0,0.0
2014-07-23,65.95794610446535,66.07898519328793,65.15389695949496,65.21441650390625,588300,0.0,0.0
2014-07-24,65.30953486776005,65.37005442633098,64.48819046299789,64.50548553466797,449100,0.0,0.0
2014-07-25,64.36715580534587,64.53142601690672,63.95216640243312,64.17695617675781,439200,0.0,0.0
2014-07-28,64.3066226395209,64.53141236629483,63.94350533974961,64.0126724243164,332500,0.0,0.0
2014-07-29,64.34122786690497,64.50549809908148,63.82248775009414,63.865718841552734,393300,0.0,0.0
2014-07-30,64.11643019895142,64.2547577873697,63.2172777877532,63.58904266357422,301900,0.0,0.0
2014-07-31,62.86281710255126,63.34697367725918,62.24897384643555,62.24897384643555,395700,0.0,0.0
2014-08-01,61.9031508809452,62.60345638981347,60.312346783847374,60.66681671142578,985100,0.0,0.0
2014-08-04,61.71291735603157,61.8944760089255,61.254696956422634,61.64375686645508,811300,0.0,0.0
2014-08-05,61.43625560931657,62.127913274172236,61.33251157688366,61.64375686645508,575400,0.0,0.0
2014-08-06,61.47085447997847,62.28355144941005,61.418982450827684,61.669708251953125,453800,0.0,0.0
2014-08-07,61.94637324463712,62.36136269140254,61.5832558296828,61.67835235595703,315900,0.0,0.0
2014-08-08,61.7993934760701,62.300838470458984,61.73022637472755,62.300838470458984,405400,0.0,0.0
2014-08-11,62.62074565936177,62.91469601295085,62.240333111291825,62.89740753173828,271400,0.0,0.0
2014-08-12,62.9233102158535,63.813814939660716,62.90602174380008,63.718711853027344,541800,0.0,0.0
2014-08-13,63.97808891906461,64.52276486903679,63.60632408447324,64.40172576904297,333100,0.0,0.0
2014-08-14,64.37581530361776,64.64382961763842,64.08186497161302,64.62654113769531,192600,0.0,0.0
2014-08-15,64.83402678127024,64.83402678127024,64.00404134153514,64.45362091064453,214200,0.0,0.0
2014-08-18,64.67838931722942,65.15390479200795,64.67838931722942,64.87724304199219,225100,0.0,0.0
2014-08-19,65.10206065616747,65.18851625329779,64.81675124911204,64.97237396240234,157700,0.0,0.0
2014-08-20,64.87724747337332,64.97235057482496,64.33257147098955,64.54871368408203,261400,0.0,0.0
2014-08-21,64.68706071170445,64.76487536179556,64.15967302556525,64.62654113769531,337700,0.0,0.0
2014-08-22,64.49685534543956,64.49685534543956,63.99540367033528,64.0040512084961,253200,0.0,0.0
2014-08-25,64.49684924469473,64.92048622855779,64.28070698409176,64.86861419677734,177200,0.0,0.0
2014-08-26,64.8512974813429,65.29222275177017,64.60921931025291,65.05879211425781,221900,0.0,0.0
2014-08-27,65.13661888000155,65.19714503633416,64.82538013909547,64.98100280761719,230800,0.0,0.0
2014-08-28,64.80806299368751,65.20576376753556,64.52275376588292,65.06743621826172,184600,0.0,0.0
2014-08-29,65.0934076050261,65.4565250399056,64.86861779461269,65.23173522949219,276000,0.0,0.0
2014-09-02,65.40463944399457,65.83692389954491,65.21443322817045,65.70723724365234,311400,0.0,0.0
2014-09-03,65.83693184158838,65.91473988682768,65.1106904386644,65.37006378173828,325500,0.0,0.0
2014-09-04,65.31820828434977,65.65538975800735,64.96373173216936,65.17122650146484,162800,0.0,0.0
2014-09-05,65.05018579346181,66.1136088286403,64.97237773037392,66.07902526855469,198100,0.0,0.0
2014-09-08,65.99256211067517,66.13953727710653,65.43059086687067,65.75912475585938,334500,0.0,0.0
2014-09-09,65.57757704290442,65.91475852656764,65.22310707634516,65.30956268310547,268900,0.0,0.0
2014-09-10,65.24039409718938,65.93205212805164,65.23174655786514,65.89746856689453,262100,0.0,0.0
2014-09-11,65.80203783800847,66.25309028339989,65.706621752241,66.13165283203125,198300,0.25,0.0
2014-09-12,66.13164957628831,66.149001564398,65.67192115904793,65.94949340820312,271500,0.0,0.0
2014-09-15,66.07091635773368,66.21837513509168,65.7933441694774,66.1056137084961,203900,0.0,0.0
2014-09-16,65.88877557175238,66.58270951289643,65.71529539538862,66.42657470703125,420300,0.0,0.0
2014-09-17,66.43524545630625,66.73884569798379,66.12298245596718,66.41790008544922,304700,0.0,0.0
2014-09-18,66.6174256435898,66.79090586883784,66.16636646939068,66.56537628173828,378700,0.0,0.0
2014-09-19,66.59135494995317,66.99037112426556,66.18367602027251,66.79086303710938,510500,0.0,0.0
2014-09-22,66.73885673902576,66.75620211275233,65.62856752084335,65.80204772949219,258700,0.0,0.0
2014-09-23,65.74129599928357,66.26174298186477,65.63720395563034,65.77599334716797,270000,0.0,0.0
2014-09-24,65.77601982769114,66.34850975365434,65.75866783784205,66.23574829101562,172100,0.0,0.0
2014-09-25,66.29645437325753,66.34849709718708,65.71528856323148,66.1836929321289,302600,0.0,0.0
2014-09-26,66.27042432103511,67.53684784071987,66.10561355974527,67.02507019042969,338000,0.0,0.0
2014-09-29,66.443921071835,67.45012463976686,66.30513825223608,67.33735656738281,359300,0.0,0.0
2014-09-30,67.1638731193059,67.25928919844293,66.36585374638196,66.75618743896484,599900,0.0,0.0
2014-10-01,66.70413673255918,67.06844901777187,65.9928575299729,66.87761688232422,1339600,0.0,0.0
2014-10-02,66.99039746109295,67.47614726553174,66.67812783885523,67.29399108886719,553500,0.0,0.0
2014-10-03,67.58023406934974,67.81443295882099,67.29398583500604,67.3980712890625,553700,0.0,0.0
2014-10-06,67.51080710437832,67.70163916944567,67.08576964387699,67.52815246582031,349900,0.0,0.0
2014-10-07,67.18121255324711,67.38072068777218,66.55668002386557,66.62606811523438,460000,0.0,0.0
2014-10-08,66.83425175588279,67.66696840683429,66.1923606271097,67.58889770507812,607300,0.0,0.0
2014-10-09,67.58024722966644,67.61493797587798,66.4786274288528,66.53067016601562,403700,0.0,0.0
2014-10-10,66.40921294433768,67.12049215129164,66.09694337856828,66.27910614013672,496100,0.0,0.0
2014-10-13,66.04488470924613,67.17252527088614,65.61117781905259,65.68057250976562,782800,0.0,0.0
2014-10-14,67.84912251645842,73.30515724013588,67.65829038216658,73.12300109863281,2277200,0.0,0.0
2014-10-15,72.51582311663275,73.49600536183134,72.26427221378731,72.55919647216797,1553000,0.0,0.0
2014-10-16,71.60504896482591,73.14904527054343,71.57035160069405,72.80207824707031,1071100,0.0,0.0
2014-10-17,73.46997033343773,73.73019720600841,73.13167936980241,73.5914077758789,562000,0.0,0.0
2014-10-20,73.60875142898632,74.72771626579113,73.60875142898632,74.59760284423828,400100,0.0,0.0
2014-10-21,74.51088700322452,74.83182604721507,73.94706640501306,74.58895111083984,858400,0.0,0.0
2014-10-22,74.70169633575988,75.32622885905643,74.3980961403741,74.9879379272461,553500,0.0,0.0
2014-10-23,75.42162723180836,75.83798876748745,75.0746670062249,75.72522735595703,765900,0.0,0.0
2014-10-24,75.7512541890243,76.35844124554602,75.5083793664156,76.05484771728516,489000,0.0,0.0
2014-10-27,76.02884502428324,76.63603222986092,75.77729414830273,76.55796813964844,320000,0.0,0.0
2014-10-28,76.90492678318026,77.19984436035156,76.34110637158652,77.19984436035156,393600,0.0,0.0
2014-10-29,76.79214728356112,77.28657291464746,76.48855375883136,77.18248748779297,342700,0.0,0.0
2014-10-30,77.17380432330516,77.4600524562345,76.87021082679308,77.09573364257812,275700,0.0,0.0
2014-10-31,77.37333654178512,77.47742861818529,76.87891076011229,77.0177001953125,533600,0.0,0.0
2014-11-03,77.32998911994628,77.78971765763694,77.05241679806629,77.67695617675781,395800,0.0,0.0
2014-11-04,77.76366396298583,78.38820308207927,77.76366396298583,78.28411102294922,464500,0.0,0.0
2014-11-05,77.93716364484781,78.5270055587383,77.71163410246012,78.50098419189453,486300,0.0,0.0
2014-11-06,78.6050486832335,79.12549569094377,78.1192924072402,78.80455017089844,490800,0.0,0.0
2014-11-07,78.62240290790032,78.83925640370055,78.37085205863085,78.76119232177734,299500,0.0,0.0
2014-11-10,78.82192023055026,80.01027329073831,78.5963907156136,79.87149047851562,264900,0.0,0.0
2014-11-11,80.00158877111762,80.13169556487195,79.17754157622984,79.42909240722656,265100,0.0,0.0
2014-11-12,79.11686309021995,79.6806837485643,78.72652927482191,79.49852752685547,432400,0.0,0.0
2014-11-13,79.7934165051351,80.19242617348692,79.24694803675317,79.6893310546875,256300,0.0,0.0
2014-11-14,79.7587255229378,80.21846056458234,79.17755965201493,79.33369445800781,241900,0.0,0.0
2014-11-17,79.3336753461797,79.88881971867447,78.93466574206425,78.95201110839844,295100,0.0,0.0
2014-11-18,79.07345637553772,79.65462211550586,78.93466697133117,79.3857192993164,305300,0.0,0.0
2014-11-19,79.46380151266038,79.55921758742308,78.61373283327744,79.29032135009766,271500,0.0,0.0
2014-11-20,79.08212940380785,80.74756262417756,78.99538933109255,80.20977020263672,361300,0.0,0.0
2014-11-21,80.8429628780396,80.91235756977679,80.06229575844351,80.40925598144531,337900,0.0,0.0
2014-11-24,80.51336006389035,81.23331520822462,80.07965310241327,80.99044036865234,254600,0.0,0.0
2014-11-25,80.91238929358094,81.22465891098962,80.51337958641312,80.80830383300781,312800,0.0,0.0
2014-11-26,80.7649264814222,81.19863352659453,80.51337560108091,80.8690185546875,194100,0.0,0.0
2014-11-28,80.52205507663949,82.82937321544247,80.52205507663949,81.40681457519531,228600,0.0,0.0
2014-12-01,81.35479749668802,83.02890755600595,81.1726412665463,81.71043395996094,382600,0.0,0.0
2014-12-02,81.71038589437677,82.60382776119656,81.67569516243448,82.48238372802734,582100,0.0,0.0
2014-12-03,82.67321424538895,83.24571057901612,82.28288064907419,83.01150512695312,232500,0.0,0.0
2014-12-04,83.03754889201618,83.57534136094895,82.81201938880737,83.21102905273438,304000,0.0,0.0
2014-12-05,83.35847660698646,83.45389266786407,82.11807443342056,82.30890655517578,361200,0.0,0.0
2014-12-08,81.7537846474672,83.34115414985993,81.55427647865082,82.75131225585938,270800,0.0,0.0
2014-12-09,82.35228240488759,82.43034648370356,81.43281911915898,82.33493041992188,191000,0.0,0.0
2014-12-10,82.02268186764923,82.62119976317156,80.85167406071656,80.94709014892578,239700,0.0,0.0
2014-12-11,81.31234767528566,82.3038550968152,81.22537462062178,81.86029052734375,380800,0.25,0.0
2014-12-12,81.47760292299317,83.21709059715134,80.92096739811207,82.6865463256836,257800,0.0,0.0
2014-12-15,82.54740589083806,82.89529818093325,81.33845563096297,81.75593566894531,322200,0.0,0.0
2014-12-16,81.52110171179461,81.62546673689666,80.24257706933777,80.81660461425781,418000,0.0,0.0
2014-12-17,81.02534205784617,81.68634262093988,79.92946292443632,81.26016998291016,432700,0.0,0.0
2014-12-18,81.6602766435682,82.14733123779297,80.99926924024804,82.14733123779297,432500,0.0,0.0
2014-12-19,82.36476338510016,83.86942359355974,82.32997946054395,83.22581481933594,759200,0.0,0.0
2014-12-22,83.34756545372242,84.49562721789952,82.67785888717421,83.408447265625,337800,0.0,0.0
2014-12-23,83.51281691707149,84.32167911176282,83.05185365348979,83.16492462158203,317800,0.0,0.0
2014-12-24,83.15621134992129,84.04334717133722,82.90398483314151,82.9648666381836,125600,0.0,0.0
2014-12-26,82.92137171736748,83.36494291874597,82.86048991605033,83.01704406738281,162600,0.0,0.0
2014-12-29,83.10402654023129,83.59108096708076,82.91268183379216,83.00835418701172,327100,0.0,0.0
2014-12-30,83.08664330916267,83.83462368047016,82.45173390472127,82.55609893798828,347600,0.0,0.0
2014-12-31,82.93880630089845,83.13015108396337,81.88641662966299,81.90380859375,293600,0.0,0.0
2015-01-02,82.01687038042095,82.64308055159857,81.3645623126094,82.00817108154297,400800,0.0,0.0
2015-01-05,82.93881246463874,83.44326572373163,81.83423354781044,83.03448486328125,570800,0.0,0.0
2015-01-06,82.12123542447348,83.1823242764796,81.03405531145422,82.00817108154297,727800,0.0,0.0
2015-01-07,82.93009770632936,84.87832261117605,82.59089804186652,84.800048828125,624600,0.0,0.0
2015-01-08,85.61759623415368,87.67019247915789,85.3827616526042,87.65279388427734,706100,0.0,0.0
2015-01-09,87.6527984964184,87.75717016433444,86.79175380187628,87.40927124023438,679300,0.0,0.0
2015-01-12,87.59189538837865,88.89651105988077,87.41794928642574,88.8182373046875,427000,0.0,0.0
2015-01-13,89.14876265770604,90.38379758197613,88.05288332706202,88.45296478271484,634500,0.0,0.0
2015-01-14,87.18313692619203,88.80086130120114,85.90461218120547,86.02638244628906,767500,0.0,0.0
2015-01-15,85.24362161283416,85.57412198400294,82.52131831662638,84.21732330322266,1481300,0.0,0.0
2015-01-16,83.9215840398005,85.73065287939407,83.31276598590802,85.66107177734375,704300,0.0,0.0
2015-01-20,86.06115780550635,86.06115780550635,84.47822414433435,84.80873107910156,477100,0.0,0.0
2015-01-21,84.60869800584267,85.06966127911255,84.22600851001695,84.69567108154297,391100,0.0,0.0
2015-01-22,85.23491422306049,86.23512117627149,84.71306913657398,86.11335754394531,325400,0.0,0.0
2015-01-23,86.22641870181995,86.60910818110271,85.30449219513334,85.32188415527344,399100,0.0,0.0
2015-01-26,85.23490090324955,86.03506368652737,85.21750894518668,85.87850952148438,372100,0.0,0.0
2015-01-27,85.27839754393402,86.4351519623957,85.02617100040816,86.04376983642578,346300,0.0,0.0
2015-01-28,86.80047986375251,87.80068045496354,86.05249926877276,86.87875366210938,478700,0.0,0.0
2015-01-29,87.08748332536295,88.36600834591444,86.13076604382248,88.09638977050781,530700,0.0,0.0
2015-01-30,87.34837646689068,87.99198506783485,86.12203443439667,86.14813232421875,468700,0.0,0.0
2015-02-02,86.6264970344387,86.78305121256511,84.15642737468843,85.30448913574219,423200,0.0,0.0
2015-02-03,85.93070647105648,86.48734207829149,84.77394540405068,86.42646026611328,286800,0.0,0.0
2015-02-04,85.51324522021073,87.41798704675787,85.46975535812777,86.73088836669922,300900,0.0,0.0
2015-02-05,86.97442638219289,87.33971738044879,86.1394726851985,86.748291015625,230600,0.0,0.0
2015-02-06,86.77436545493575,87.30490988383605,86.0611755623253,86.85264587402344,284000,0.0,0.0
2015-02-09,86.26991334688566,86.86133955879673,85.23491581713618,85.78285217285156,250000,0.0,0.0
2015-02-10,86.39164502217922,88.27898729595829,86.27857409214752,87.78323364257812,305600,0.0,0.0
2015-02-11,87.9572022062524,88.13984763725942,86.73086670217108,87.36577606201172,219900,0.0,0.0
2015-02-12,87.41798070491555,87.77457233276547,86.60041913354031,87.46146392822266,320000,0.0,0.0
2015-02-13,87.06137645760492,87.53103903213865,86.26121353904541,86.97440338134766,228600,0.0,0.0
2015-02-17,86.97439442674501,87.74846600629346,86.50473190056621,87.55712127685547,201900,0.0,0.0
2015-02-18,87.61801103266949,88.792164136778,87.43536558408553,88.58342742919922,366200,0.0,0.0
2015-02-19,88.91394770355193,89.15747500475466,88.33991337732724,88.49646759033203,301000,0.0,0.0
2015-02-20,88.65300413148091,89.6532110354318,88.42686883874647,89.14875793457031,461300,0.0,0.0
2015-02-23,89.174862921893,91.1230878787367,89.14877166017962,90.88825988769531,922400,0.0,0.0
2015-02-24,90.01852543470527,92.59296749144252,88.7747909531294,90.04461669921875,1615800,0.0,0.0
2015-02-25,90.04460287450448,91.25354660591043,89.1574668391411,90.39250183105469,661600,0.0,0.0
2015-02-26,90.36641894052053,91.2274637951285,90.18377346442922,90.4533920288086,364600,0.0,0.0
2015-02-27,90.4533680399527,90.4533680399527,88.1485453156569,88.30509948730469,667800,0.0,0.0
2015-03-02,88.63560845525281,90.89694138092452,88.48774694180675,90.8360595703125,591700,0.0,0.0
2015-03-03,90.94043689583064,90.94043689583064,89.2531379296928,89.43578338623047,476100,0.0,0.0
2015-03-04,88.8443553165558,89.87065355268577,88.47906441105712,89.82716369628906,348000,0.0,0.0
2015-03-05,90.22726249922506,90.90566192141429,89.77499842963947,89.91415405273438,303300,0.0,0.0
2015-03-06,89.67060449307445,89.67060449307445,87.56582561923258,87.7310791015625,353800,0.0,0.0
2015-03-09,87.68760967621208,88.67041822999937,87.6006365836363,88.15727233886719,319900,0.0,0.0
2015-03-10,87.81808148736786,87.81808148736786,86.12207615083896,86.13077545166016,581200,0.0,0.0
2015-03-11,86.44484939983977,86.7676609823273,85.50257453193791,85.64217376708984,489900,0.31,0.0
2015-03-12,85.65088751474684,88.0240210885449,85.64216755552573,87.87570190429688,483600,0.0,0.0
2015-03-13,87.64885701232643,88.33811321296048,86.83745481729724,87.00322723388672,212600,0.0,0.0
2015-03-16,87.6052522268666,88.73073955961206,87.24753414178515,88.5824203491211,314600,0.0,0.0
2015-03-17,88.58239980941572,89.35890215071241,88.3468344506955,89.12333679199219,314700,0.0,0.0
2015-03-18,89.12336152668553,89.3327537543787,87.8059218371791,89.14080810546875,362100,0.0,0.0
2015-03-19,89.13208683302975,90.929383961911,89.13208683302975,90.5367660522461,292200,0.0,0.0
2015-03-20,91.08643612454021,91.60992005068081,90.92066366295296,91.28710174560547,696500,0.0,0.0
2015-03-23,91.29578922536206,91.43538842926523,90.22264863529617,90.75485229492188,255800,0.0,0.0
2015-03-24,90.63271424872956,91.46156961739005,90.19647668305255,90.81593322753906,376100,0.0,0.0
2015-03-25,90.71998710563904,90.71998710563904,88.21598052978516,88.21598052978516,213100,0.0,0.0
2015-03-26,87.81462361517879,88.56495276333513,86.96832166971477,87.7186508178711,260100,0.0,0.0
2015-03-27,87.77099457307159,88.84414188523631,87.54414918108142,88.16361236572266,287900,0.0,0.0
2015-03-30,88.76562636603698,89.6381015796191,88.26831576055348,89.47233581542969,267400,0.0,0.0
2015-03-31,89.33273769238016,89.48105688297596,87.64886024305662,87.72738647460938,323500,0.0,0.0
2015-04-01,87.4918083662042,87.95421913801344,86.55826020713916,87.68375396728516,324400,0.0,0.0
2015-04-02,87.5005371227846,88.18979331786987,86.88980049926806,88.11126708984375,241200,0.0,0.0
2015-04-06,87.40455148438826,88.59111809453162,87.24750570785586,87.95420837402344,499200,0.0,0.0
2015-04-07,87.91058708803705,88.07635281961225,86.68039408382563,86.71529388427734,377300,0.0,0.0
2015-04-08,86.64552058691369,87.9804067412639,86.64552058691369,87.50054931640625,521200,0.0,0.0
2015-04-09,87.09045165078871,87.83205404750285,86.06965752861315,86.54951477050781,602300,0.0,0.0
2015-04-10,86.74147919277354,88.06764516944705,86.73275923378422,87.68375396728516,434700,0.0,0.0
2015-04-13,87.4394884534612,88.1200182222231,87.24754279428029,87.42203521728516,320200,0.0,0.0
2015-04-14,87.42200832315676,87.68375353360113,85.58981181941773,85.9300765991211,554200,0.0,0.0
2015-04-15,86.33140749866004,87.31730861055789,85.51128544039602,85.816650390625,522300,0.0,0.0
2015-04-16,86.17439871521141,87.81465684889842,86.17439871521141,87.62271118164062,559000,0.0,0.0
2015-04-17,87.31734019960429,87.52673243316278,86.13077311534101,86.58445739746094,298300,0.0,0.0
2015-04-20,87.2475279874598,87.8059116340629,86.66297114749378,86.95088958740234,292000,0.0,0.0
2015-04-21,87.20390988506087,87.36095571668767,86.63680622417516,86.72405242919922,270200,0.0,0.0
2015-04-22,86.34885741118309,87.70118975495228,86.02603924393753,87.07301330566406,608000,0.0,0.0
2015-04-23,93.23273715636839,96.54814688586838,93.23273715636839,95.30050659179688,2411500,0.0,0.0
2015-04-24,95.97226076381648,99.46216115522797,95.71051557187792,99.42726135253906,1178100,0.0,0.0
2015-04-27,99.22660818874314,99.30512776224802,96.00717254589173,96.19039154052734,786500,0.0,0.0
2015-04-28,96.27766790746594,97.85685305299899,95.1870735572308,97.5340347290039,496500,0.0,0.0
2015-04-29,96.96688735520753,97.19373275735283,94.3320153387461,95.44005584716797,517000,0.0,0.0
2015-04-30,94.93402621506233,95.69308205004403,93.9830314237987,94.09645080566406,430000,0.0,0.0
2015-05-01,94.71588661062614,96.01587919089096,93.76489202820711,94.52394104003906,350700,0.0,0.0
2015-05-04,94.92529260325465,95.9024604454528,94.09643727258248,94.1662368774414,409700,0.0,0.0
2015-05-05,94.16625091500224,95.50986355477656,92.15955524313434,92.22935485839844,493600,0.0,0.0
2015-05-06,92.56962911284722,93.19781240144115,91.82802643021319,92.5958023071289,343100,0.0,0.0
2015-05-07,92.37766027755747,94.75079359110734,92.15954150471585,94.1662368774414,348700,0.0,0.0
2015-05-08,95.23941380006374,95.95484333131428,94.54143084722766,95.2132339477539,363700,0.0,0.0
2015-05-11,95.18702718336336,96.41722020619537,94.72461646917762,95.83265686035156,349600,0.0,0.0
2015-05-12,95.21319548202412,95.91990476678923,93.79979022540604,95.1521224975586,528100,0.0,0.0
2015-05-13,95.10852082269194,95.74542397371069,94.66355661901571,94.82060241699219,227800,0.0,0.0
2015-05-14,95.3789740421678,96.12930313217834,94.64609818110998,95.89373779296875,290000,0.0,0.0
2015-05-15,96.17293949630772,96.32125867546551,95.3004643392047,96.26890563964844,246700,0.0,0.0
2015-05-18,96.19040274468662,97.09777786413713,95.79779151851614,96.92327880859375,287800,0.0,0.0
2015-05-19,97.15884362510249,97.21119000963327,96.20784214856015,96.45214080810547,255800,0.0,0.0
2015-05-20,96.21655291978966,96.9668820379695,95.31790463222602,96.3299789428711,178800,0.0,0.0
2015-05-21,95.9984635288436,96.30382857588373,95.63202547239545,96.03336334228516,168400,0.0,0.0
2015-05-22,96.0333285254522,96.18164768646169,95.04743411488423,95.1259536743164,190300,0.0,0.0
2015-05-26,94.92532601229831,95.25686426737832,93.73875893791016,94.71592712402344,324200,0.0,0.0
2015-05-27,94.68973417145659,95.46623658154088,94.68973417145659,94.79443359375,421000,0.0,0.0
2015-05-28,94.96895121381785,95.96357269233853,94.75083235174823,95.28304290771484,366900,0.0,0.0
2015-05-29,95.1957804727285,95.70181774405103,94.44545118254909,94.80316925048828,404900,0.0,0.0
2015-06-01,95.60585112028792,95.73672375499645,94.6112297468371,95.14344024658203,546000,0.0,0.0
2015-06-02,94.64610911848958,95.47495786520022,94.27094453012998,94.98637390136719,606400,0.0,0.0
2015-06-03,95.52731735562321,95.8239624147037,94.88168750674195,95.09107971191406,484800,0.0,0.0
2015-06-04,94.88166172525223,95.40514542416923,94.41052439929,95.1259536743164,580900,0.0,0.0
2015-06-05,94.96020032385448,96.12932058708128,94.40181671219497,95.97227478027344,526300,0.0,0.0
2015-06-08,95.71054558790198,96.4957747535186,95.10854210797825,95.85887145996094,443800,0.0,0.0
2015-06-09,95.93737819227822,96.45214205382479,94.91658374199679,96.34744262695312,355700,0.0,0.0
2015-06-10,96.4259414576992,98.22324462176853,95.96353073731,98.0574722290039,310800,0.0,0.0
2015-06-11,98.37244920443482,98.77489704851907,97.47131526280391,97.92625427246094,255300,0.31,0.0
2015-06-12,97.6987929469109,98.94113296094845,97.45382524553665,98.24122619628906,226300,0.0,0.0
2015-06-15,97.2525968924357,97.41882114806272,96.51768717196872,96.94638061523438,220200,0.0,0.0
2015-06-16,96.7101647799242,97.47132009278901,96.54393384754862,96.90264129638672,203100,0.0,0.0
2015-06-17,97.08634962126207,97.55003932316016,96.15021946605246,97.0426025390625,211400,0.0,0.0
2015-06-18,97.41878055766836,99.03732207407717,97.366289411959,98.48614501953125,269200,0.0,0.0
2015-06-19,98.6086974931836,98.66118867545454,97.83879789543727,97.9087905883789,356800,0.0,0.0
2015-06-22,98.67868423994504,99.6323095930467,98.11875607989322,99.61481475830078,346300,0.0,0.0
2015-06-23,99.71979131760726,99.71979131760726,98.71366823638172,99.40483093261719,211100,0.0,0.0
2015-06-24,99.13360850167582,99.57980348179613,97.60255370849023,97.67254638671875,379300,0.0,0.0
2015-06-25,98.23245851166415,98.7486460861936,97.26133195226141,97.74252319335938,589200,0.0,0.0
2015-06-26,98.38996613897041,100.82215525499508,98.02251454767243,100.52469635009766,878000,0.0,0.0
2015-06-29,98.11870950380629,100.09595863502105,97.85624038311806,99.73725128173828,733600,0.0,0.0
2015-06-30,99.83351892005638,100.58592350112343,98.93238490839605,99.21234893798828,558200,0.0,0.0
2015-07-01,100.4109451952979,100.98837478040858,100.09599149190113,100.21847534179688,381800,0.0,0.0
2015-07-02,100.33220712703188,100.62966599435745,99.04612004506386,99.63229370117188,295800,0.0,0.0
2015-07-06,98.8711452827685,99.15985339743149,98.40745547375157,98.97612762451172,412000,0.0,0.0
2015-07-07,99.18607984541127,99.69350993981051,98.0749680687458,99.22982025146484,445100,0.0,0.0
2015-07-08,98.34621247680477,100.16597535415394,98.33746172346524,99.0723648071289,424800,0.0,0.0
2015-07-09,100.13097483202947,100.61216612256315,99.36107544204435,99.466064453125,599500,0.0,0.0
2015-07-10,100.6296826743426,101.70579857687305,99.74605000444149,101.41708374023438,345600,0.0,0.0
2015-07-13,102.63312686763014,104.75036126615066,102.09070048587326,104.4878921508789,703500,0.0,0.0
2015-07-14,104.304203710194,104.72414643484282,103.42931524649484,103.9280014038086,536200,0.0,0.0
2015-07-15,103.93676244281676,104.38295079755152,103.14936141259378,103.70928955078125,548300,0.0,0.0
2015-07-16,102.32692631694198,104.11169910254107,100.20094765650883,101.11083221435547,1306800,0.0,0.0
2015-07-17,100.78714899713113,100.89213801640395,95.86152931774333,96.2727279663086,2245500,0.0,0.0
2015-07-20,96.21149071411993,97.83878388011661,96.21149071411993,97.14762115478516,762300,0.0,0.0
2015-07-21,97.06886686645012,97.61130008610023,96.32521304950016,97.43632507324219,535800,0.0,0.0
2015-07-22,97.30508762910355,98.73990405213837,97.30508762910355,98.25871276855469,608300,0.0,0.0
2015-07-23,98.6086846300976,99.06363040000195,97.57631590592354,97.68130493164062,467300,0.0,0.0
2015-07-24,98.27620559036225,98.65240783113967,97.01636428638803,97.07760620117188,530800,0.0,0.0
2015-07-27,96.86763107132919,98.34619439501867,96.72764574311033,97.3838119506836,452600,0.0,0.0
2015-07-28,97.52379241778645,97.97873136208544,96.89387182193592,97.7862548828125,371400,0.0,0.0
2015-07-29,97.63753853854278,99.56229691373026,97.63753853854278,99.30857849121094,436500,0.0,0.0
2015-07-30,99.30858194637771,99.80726805630242,98.06623537308175,99.5972900390625,295100,0.0,0.0
2015-07-31,99.90350631215355,100.53342701413605,99.21234369052658,99.5972900390625,365700,0.0,0.0
2015-08-03,99.59729320082,100.34095368779909,99.20359608701719,99.97349548339844,337100,0.0,0.0
2015-08-04,100.10472092491244,101.14584017157634,99.69352234262105,100.81338500976562,354200,0.0,0.0
2015-08-05,101.0846067410947,101.72327153645779,99.95599990183156,100.08723449707031,399800,0.0,0.0
2015-08-06,100.1047482856777,100.41970870394937,97.69006064542172,97.8475341796875,481800,0.0,0.0
2015-08-07,97.93501217429875,99.36982865355633,96.937639906397,99.23859405517578,415900,0.0,0.0
2015-08-10,99.50108153400282,100.08725528295308,98.43371639420074,98.98489379882812,295000,0.0,0.0
2015-08-11,98.59116998727926,99.35231857746884,97.63753821784793,99.29107666015625,555800,0.0,0.0
2015-08-12,97.98748869280467,98.34619609642031,95.8702606283749,97.88249969482422,410700,0.0,0.0
2015-08-13,97.96124942535421,100.13971954361858,97.93500384288464,99.91224670410156,333100,0.0,0.0
2015-08-14,99.9122548009051,100.17472399660798,99.01112079712425,99.8860092163086,239400,0.0,0.0
2015-08-17,99.51855668293904,100.6034164428711,98.75740136293872,100.6034164428711,295900,0.0,0.0
2015-08-18,100.61217443214903,100.66466560459023,98.73991363322729,98.77490997314453,319900,0.0,0.0
2015-08-19,98.33744424738816,98.33744424738816,96.59641843489472,96.70140075683594,751100,0.0,0.0
2015-08-20,96.13272962601839,96.50018780641899,93.8930175829249,94.19048309326172,569900,0.0,0.0
2015-08-21,92.89565577676763,93.68305671579867,91.38209582313743,91.4083480834961,891200,0.0,0.0
2015-08-24,86.8326908165716,92.09077300601479,86.61396867345681,89.04615783691406,735500,0.0,0.0
2015-08-25,90.57719362419397,93.00063819373753,90.18349652005202,91.88077545166016,1039200,0.0,0.0
2015-08-26,93.3156241971601,93.3156241971601,90.34100152919373,93.00066375732422,572400,0.0,0.0
2015-08-27,93.84927655947806,94.9428870691315,92.9743881517553,94.31297302246094,327800,0.0,0.0
2015-08-28,95.18786274906638,95.18786274906638,93.6130609233981,94.8466567993164,255100,0.0,0.0
2015-08-31,94.26922239734958,94.72416141536445,92.5106948948024,92.68567657470703,330500,0.0,0.0
2015-09-01,90.77840285216666,92.16947190693594,90.40220065357234,90.85713958740234,812700,0.0,0.0
2015-09-02,91.51333031019216,92.36197317258623,91.18962585640371,92.02076721191406,454200,0.0,0.0
2015-09-03,92.1782402240946,92.6856770863161,91.29460109158728,91.99451446533203,303500,0.0,0.0
2015-09-04,91.18087174026826,92.32697342872682,91.05838789607584,92.30072784423828,496200,0.0,0.0
2015-09-08,94.04174030117835,95.5203036453186,93.33308292315512,95.36282348632812,455200,0.0,0.0
2015-09-09,97.75129602410327,97.97001815130089,94.45296260803617,94.64543914794922,561900,0.0,0.0
2015-09-10,94.29548505055914,95.04788972318244,94.07676291723537,94.42671966552734,384500,0.0,0.0
2015-09-11,94.42671626591269,96.72552252157968,94.15471504699374,96.70797729492188,304600,0.31,0.0
2015-09-14,96.70797558753587,97.3572560679539,95.96217962696294,96.76939392089844,262800,0.0,0.0
2015-09-15,96.64653081375184,98.19954064339007,95.75157055062925,98.11180114746094,638100,0.0,0.0
2015-09-16,97.86616891640136,98.26100016068195,96.5939222626469,97.93636322021484,339100,0.0,0.0
2015-09-17,97.94510110224236,99.70869392937368,97.2782755119827,98.79618835449219,386900,0.0,0.0
2015-09-18,97.98897552490234,99.22611795293206,97.74330223105787,97.98897552490234,594900,0.0,0.0
2015-09-21,98.4189081623405,98.84006718057022,96.70796429411615,97.41866302490234,358600,0.0,0.0
2015-09-22,96.4184037718632,97.54148539726326,95.97969959356038,97.27826690673828,299900,0.0,0.0
2015-09-23,97.54151450747894,97.67312713906705,96.69042707651847,97.36603546142578,177300,0.0,0.0
2015-09-24,96.67287844074352,97.146679881296,95.55857247999518,96.76939392089844,383900,0.0,0.0
2015-09-25,97.2168713200628,100.63875935562938,97.08525869698036,99.1032943725586,666300,0.0,0.0
2015-09-28,98.26974977427776,99.00676968441901,94.30386638950355,95.23391723632812,839300,0.0,0.0
2015-09-29,94.59339542961354,94.59339542961354,91.5136968315271,92.89122772216797,1031100,0.0,0.0
2015-09-30,94.29509806850587,95.38308279764684,93.86516975276481,94.68115997314453,539600,0.0,0.0
2015-10-01,94.75134553696842,95.5673357398422,90.81178310094573,92.41744232177734,724000,0.0,0.0
2015-10-02,92.49641946062546,93.84762960221627,91.03114860294919,93.77743530273438,1005100,0.0,0.0
2015-10-05,93.94412555464937,95.13740162131067,92.92633520020028,95.06720733642578,767300,0.0,0.0
2015-10-06,95.40937750223269,95.821760477895,93.75985229367758,94.1108169555664,655100,0.0,0.0
2015-10-07,94.2073670320831,95.01458136526364,92.77718668067118,94.78645324707031,958000,0.0,0.0
2015-10-08,90.00457045882149,94.54077104531774,88.23220144319929,90.05721282958984,3791600,0.0,0.0
2015-10-09,90.22391609133416,93.29484578788798,90.1624977651669,92.4613037109375,1251500,0.0,0.0
2015-10-12,92.26827110329708,93.88269935568728,92.09278540580148,93.07548522949219,587500,0.0,0.0
2015-10-13,92.53150545062755,93.55807185387842,92.53150545062755,93.15446472167969,648700,0.0,0.0
2015-10-14,93.65458829077389,94.13716567883782,91.22416951276054,91.57513427734375,716600,0.0,0.0
2015-10-15,91.601445979728,93.01407415770643,90.82055297377663,92.88246154785156,650000,0.0,0.0
2015-10-16,93.00528756826735,93.49663411519697,92.45252270297152,93.19831848144531,407100,0.0,0.0
2015-10-19,92.89122206942582,94.26875287623932,92.46128716907737,94.10204315185547,494500,0.0,0.0
2015-10-20,94.25998157614276,94.29507871427853,92.89999592328395,93.1719970703125,346800,0.0,0.0
2015-10-21,92.75085685614208,92.777178041541,89.82031551739718,90.77668762207031,771300,0.0,0.0
2015-10-22,91.4084087295227,91.86465815885806,90.14493847275564,91.21537780761719,365100,0.0,0.0
2015-10-23,92.05771642169093,92.52274194761394,90.69773699415533,91.33824157714844,499000,0.0,0.0
2015-10-26,91.06624524762711,92.88248089854301,90.95218453217424,92.83860778808594,381000,0.0,0.0
2015-10-27,92.82106237438138,93.15447525325797,91.61901010769216,92.09281158447266,418700,0.0,0.0
2015-10-28,92.57535520377292,96.60265624406291,92.55780328839836,96.26046752929688,1465600,0.0,0.0
2015-10-29,96.62898399299681,96.97117273102884,95.40061759703303,95.98847961425781,524200,0.0,0.0
2015-10-30,96.28682204591871,96.56759254227444,93.47034112163556,93.59317779541016,531600,0.0,0.0
