date,open,high,low,close,volume,dividends,stock_splits
1990-03-26,0.9389026187165026,0.949948787689209,0.9278570777283028,0.949948787689209,56633,0.0,0.0
1990-03-27,0.9609951376914978,0.9609951376914978,0.9389027955843913,0.9609951376914978,208648,0.0,0.0
1990-03-28,0.9389026187165026,0.9609949566619154,0.9389026187165026,0.949948787689209,715366,0.0,0.0
1990-03-29,0.9609951376914978,0.9609951376914978,0.9554716989233697,0.9609951376914978,32788,0.0,0.0
1990-03-30,0.9609947780471721,0.9609947780471721,0.9389024442079383,0.9444258809089661,149035,0.0,0.0
1990-04-02,0.9499489666379446,0.9609951376914978,0.9389027955843913,0.9609951376914978,110286,0.0,0.0
1990-04-03,0.9499485504459927,0.9720401763916016,0.9499485504459927,0.9720401763916016,111776,0.0,0.0
1990-04-04,0.9609949566619154,0.9720404191520519,0.949948787689209,0.949948787689209,152015,0.0,0.0
1990-04-05,0.9609949566619154,0.9609949566619154,0.949948787689209,0.949948787689209,58123,0.0,0.0
1990-04-06,0.9499487540994208,0.9499487540994208,0.9057654142379761,0.9057654142379761,344270,0.0,0.0
1990-04-09,0.8947191834449768,0.916810891088667,0.8947191834449768,0.8947191834449768,144564,0.0,0.0
1990-04-10,0.8947194299753327,0.8947194299753327,0.8615816238848647,0.8726277947425842,387490,0.0,0.0
1990-04-11,0.8726277947425842,0.8726277947425842,0.8615816238848647,0.8726277947425842,53652,0.0,0.0
1990-04-12,0.8615818481116789,0.9057658365587565,0.8615818481116789,0.8836734890937805,174370,0.0,0.0
1990-04-16,0.9057658365587565,0.9057658365587565,0.8836734890937806,0.8836734890937805,37259,0.0,0.0
1990-04-17,0.8836730770737391,0.9057654142379761,0.8836730770737391,0.9057654142379761,128170,0.0,0.0
1990-04-18,0.916810891088667,0.916810891088667,0.8947191834449768,0.8947191834449768,34278,0.0,0.0
1990-04-19,0.8947191834449768,0.9057653512590422,0.8836730156309114,0.8947191834449768,28317,0.0,0.0
1990-04-20,0.9057654142379761,0.9057654142379761,0.8836730770737391,0.9057654142379761,26826,0.0,0.0
1990-04-23,0.9057653512590422,0.9057653512590422,0.8836730156309114,0.8947191834449768,53652,0.0,0.0
1990-04-24,0.8947196628262686,0.8947196628262686,0.8836734890937806,0.8836734890937805,28317,0.0,0.0
1990-04-25,0.8947196628262686,0.9057658365587565,0.8836734890937806,0.8836734890937805,162448,0.0,0.0
1990-04-26,0.8836732591176132,0.8836732591176132,0.8726277947425842,0.8726277947425842,137112,0.0,0.0
1990-04-27,0.8781507554689737,0.8836734890937806,0.8726280218441669,0.8836734890937805,275714,0.0,0.0
1990-04-30,0.8947196628262686,0.8947196628262686,0.8836734890937806,0.8836734890937805,321915,0.0,0.0
1990-05-01,0.8836730156309114,0.9057653512590422,0.8836730156309114,0.8947191834449768,287637,0.0,0.0
1990-05-02,0.916810891088667,0.916810891088667,0.8947191834449768,0.8947191834449768,150525,0.0,0.0
1990-05-03,0.8947191630309503,0.9168108701705933,0.8947191630309503,0.9168108701705933,34278,0.0,0.0
1990-05-04,0.916810891088667,0.916810891088667,0.8947191834449768,0.8947191834449768,38749,0.0,0.0
1990-05-07,0.8947191834449768,0.916810891088667,0.8947191834449768,0.8947191834449768,78988,0.0,0.0
1990-05-08,0.9168108712047545,0.9333797693252563,0.9112880621606939,0.9333797693252563,217591,0.0,0.0
1990-05-09,0.9278571933455948,0.9389027357101439,0.9168111014945338,0.938902735710144,122208,0.0,0.0
1990-05-10,0.9168108168511432,0.9444258809089661,0.9168108168511432,0.9444258809089661,159467,0.0,0.0
1990-05-11,0.9278571009635925,0.9499488114777168,0.9278571009635925,0.9278571009635925,59614,0.0,0.0
1990-05-14,0.949948787689209,0.9720404191520519,0.9389026187165026,0.949948787689209,402393,0.0,0.0
1990-05-15,0.9499488452271715,0.9775639160902846,0.9499488452271715,0.9665177464485168,846517,0.0,0.0
1990-05-16,0.9609951376914978,0.9720406022623481,0.9609951376914978,0.9609951376914978,43220,0.0,0.0
1990-05-17,0.9609947166599938,0.9720401763916016,0.9609947166599938,0.9720401763916016,189274,0.0,0.0
1990-05-18,0.9609949566619154,0.9720404191520519,0.949948787689209,0.949948787689209,773490,0.0,0.0
1990-05-21,0.949948787689209,0.9609949566619154,0.949948787689209,0.949948787689209,53652,0.0,0.0
1990-05-22,0.9720406022623481,0.9720406022623481,0.9499489666379446,0.9609951376914978,639358,0.0,0.0
1990-05-23,0.9720406022623481,0.9720406022623481,0.9609951376914978,0.9609951376914978,73027,0.0,0.0
1990-05-24,0.9609950148689393,0.9720404780280943,0.9609950148689393,0.9665177464485168,274224,0.0,0.0
1990-05-25,0.9609311517692067,0.9721050255728678,0.9441706983888248,0.9497572779655457,345760,0.016775,0.0
1990-05-29,0.9385845638677571,0.9497578086701519,0.9162375184235975,0.9329973459243774,190764,0.0,0.0
1990-05-30,0.9329971704100793,0.9385843873023986,0.9162373460621372,0.9385843873023987,58123,0.0,0.0
1990-05-31,0.9162373460621372,0.9385843873023986,0.9162373460621372,0.9385843873023987,5961,0.0,0.0
1990-06-01,0.916237218739022,0.9218237996101379,0.916237218739022,0.9218237996101379,5961,0.0,0.0
1990-06-04,0.9218236361357434,0.9385840904272102,0.9162370562553406,0.9162370562553406,108795,0.0,0.0
1990-06-05,0.9162373460621372,0.9385843873023986,0.9162373460621372,0.9385843873023987,205668,0.0,0.0
1990-06-06,0.9274104237556458,0.9385842203073418,0.9274104237556458,0.9274104237556458,208648,0.0,0.0
1990-06-07,0.9274105887626352,0.9385843873023986,0.9274105887626352,0.9385843873023987,5961,0.0,0.0
1990-06-08,0.9385841820294739,0.9944522096423696,0.9385841820294739,0.9832783341407776,1026848,0.0,0.0
1990-06-11,0.9832783341407776,0.9832783341407776,0.9721051732895137,0.9832783341407776,585706,0.0,0.0
1990-06-12,0.9832783341407776,0.9944522096423696,0.9832783341407776,0.9832783341407776,411335,0.0,0.0
1990-06-13,0.9832778705544829,0.9944517407879271,0.9776912927627563,0.9776912927627563,339799,0.0,0.0
1990-06-14,0.9776917537151456,0.9944522096423696,0.9776917537151456,0.9832783341407776,236965,0.0,0.0
1990-06-15,0.9776917537151456,0.9944522096423696,0.9776917537151456,0.9832783341407776,2029851,0.0,0.0
1990-06-18,0.9776912927627563,0.9776912927627563,0.9776912927627563,0.9776912927627563,149035,0.0,0.0
1990-06-19,0.9776920603235433,0.9832786425011512,0.9609315991401672,0.9609315991401672,104324,0.0,0.0
1990-06-20,0.9609313369771623,0.9609313369771623,0.9274104237556458,0.9274104237556458,269753,0.0,0.0
1990-06-21,0.9497573295936002,0.9497573295936002,0.9162370562553406,0.9162370562553406,220571,0.0,0.0
1990-06-22,0.9385842203073418,0.9385842203073418,0.9274104237556458,0.9274104237556458,1163960,0.0,0.0
1990-06-25,0.916237218739022,0.9274104598868522,0.916237218739022,0.9218237996101379,56633,0.0,0.0
1990-06-26,0.9162370562553406,0.9274102954217305,0.9162370562553406,0.9162370562553406,52162,0.0,0.0
1990-06-27,0.9162370568114612,0.9162370568114612,0.8938893079757689,0.893889307975769,198216,0.0,0.0
1990-06-28,0.8938893079757689,0.905063182393615,0.8938893079757689,0.893889307975769,463498,0.0,0.0
1990-06-29,0.8938893079757689,0.905063182393615,0.8938893079757689,0.893889307975769,536525,0.0,0.0
1990-07-02,0.8938892193979895,0.9050630927085878,0.8938892193979895,0.9050630927085876,467969,0.0,0.0
1990-07-03,0.9050632275394745,0.9050632275394745,0.8938893525642594,0.8994766473770142,630416,0.0,0.0
1990-07-05,0.8994765133783825,0.9050630927085878,0.8938892193979895,0.9050630927085876,55143,0.0,0.0
1990-07-06,0.8938892193979895,0.9050630927085878,0.8938892193979895,0.9050630927085876,110286,0.0,0.0
1990-07-09,0.9274104237556458,0.9274104237556458,0.9050633070858253,0.9274104237556458,41730,0.0,0.0
1990-07-10,0.9162371310501515,0.9162371310501515,0.910649836063385,0.910649836063385,44710,0.0,0.0
1990-07-11,0.910649836063385,0.9218237113866014,0.910649836063385,0.910649836063385,31297,0.0,0.0
1990-07-12,0.9218237636965835,0.9274104237556458,0.9106498877392923,0.9274104237556458,29807,0.0,0.0
1990-07-13,0.9274105887626352,0.9385843873023986,0.9162373460621372,0.9385843873023987,201197,0.0,0.0
1990-07-16,0.9385844763735665,0.9609315991401672,0.9385844763735665,0.9609315991401672,140093,0.0,0.0
1990-07-17,0.9441705942153931,0.9721049183173506,0.9441705942153931,0.9441705942153931,101344,0.0,0.0
1990-07-18,0.9441711379567913,0.9609315991401672,0.9385844763735665,0.9609315991401672,190764,0.0,0.0
1990-07-19,0.9497577201343993,0.9721054781459353,0.9497577201343993,0.9609315991401672,138602,0.0,0.0
1990-07-20,0.9497572779655457,0.9832781847263093,0.9497572779655457,0.9497572779655457,20865,0.0,0.0
1990-07-23,0.9497572779655457,0.9609311517692067,0.9385840394065241,0.9497572779655457,558880,0.0,0.0
1990-07-24,0.9497572779655457,0.9497572779655457,0.9497572779655457,0.9497572779655457,56633,0.0,0.0
1990-07-25,0.9497572779655457,0.9609311517692067,0.9497572779655457,0.9497572779655457,499266,0.0,0.0
1990-07-26,0.9497576300028965,0.9553449263008251,0.9385843873023986,0.9385843873023987,213119,0.0,0.0
1990-07-27,0.9274104237556458,0.9385842203073418,0.9274104237556458,0.9274104237556458,98363,0.0,0.0
1990-07-30,0.9274104237556458,0.949757461019871,0.9162371830431165,0.9274104237556458,397922,0.0,0.0
1990-07-31,0.916236966019186,0.916236966019186,0.8938892193979895,0.9050630927085876,368115,0.0,0.0
1990-08-01,0.9050632275394745,0.9050632275394745,0.8938893525642594,0.8994766473770142,321915,0.0,0.0
1990-08-02,0.8938893074332126,0.9162370562553406,0.8938893074332126,0.9162370562553406,93892,0.0,0.0
1990-08-03,0.9050632275394745,0.9050632275394745,0.8994766473770142,0.8994766473770142,47691,0.0,0.0
1990-08-06,0.8994766784001551,0.9050632587552978,0.8883028030395507,0.8883028030395508,308502,0.0,0.0
1990-08-07,0.8938893079757689,0.8994766025098214,0.8883027280919753,0.893889307975769,292108,0.0,0.0
1990-08-08,0.9050631818442766,0.9385840904272102,0.9050631818442766,0.9162370562553406,278695,0.0,0.0
1990-08-09,0.9162373460621372,0.9385843873023986,0.9162373460621372,0.9385843873023987,10432,0.0,0.0
1990-08-10,0.9162370562553406,0.9274102954217305,0.9050631818442766,0.9162370562553406,129660,0.0,0.0
1990-08-13,0.9050630927085878,0.9050630927085878,0.9050630927085878,0.9050630927085876,43220,0.0,0.0
1990-08-14,0.916236966019186,0.916236966019186,0.9050630927085878,0.9050630927085876,125189,0.0,0.0
1990-08-15,0.916236966019186,0.916236966019186,0.9050630927085878,0.9050630927085876,10432,0.0,0.0
1990-08-16,0.905063182393615,0.905063182393615,0.8938893079757689,0.893889307975769,180332,0.0,0.0
1990-08-17,0.8938893079757689,0.8938893079757689,0.8827161482081817,0.893889307975769,359173,0.0,0.0
1990-08-20,0.882716060737579,0.9050630927085878,0.882716060737579,0.9050630927085876,14903,0.0,0.0
1990-08-21,0.8827160000801086,0.9050630305154995,0.8827160000801086,0.8827160000801086,166919,0.0,0.0
1990-08-22,0.8827159682782004,0.8938891257682873,0.8715420961380004,0.8715420961380005,110286,0.0,0.0
1990-08-23,0.8603683278122044,0.8603683278122044,0.7709794044494629,0.7709794044494629,774980,0.0,0.0
1990-08-24,0.7933274507522583,0.8045006138062116,0.7821535730478361,0.7933274507522583,138602,0.0,0.0
1990-08-27,0.8273269320439369,0.8273269320439369,0.8103270387533178,0.8159934282302856,43220,0.016775,0.0
1990-08-28,0.8273267149925232,0.8273267149925232,0.8273267149925232,0.8273267149925232,43220,0.0,0.0
1990-08-29,0.8273267149925232,0.8273267149925232,0.8159932141522467,0.8273267149925232,49181,0.0,0.0
1990-08-30,0.8386598229408264,0.8386598229408264,0.8386598229408264,0.8386598229408264,7452,0.0,0.0
1990-08-31,0.8499933977298862,0.8726596832275391,0.8443269270304458,0.8726596832275391,177351,0.0,0.0
1990-09-04,0.8499928712844849,0.8499928712844849,0.8499928712844849,0.8499928712844849,104324,0.0,0.0
1990-09-05,0.838659710000307,0.8613266348838806,0.838659710000307,0.8613266348838806,71537,0.0,0.0
1990-09-06,0.8726600389289896,0.895327058525658,0.8613271734507428,0.8896599411964417,126679,0.0,0.0
1990-09-07,0.9066596954917665,0.9066596954917665,0.8953269124031067,0.8953269124031067,87930,0.0,0.0
1990-09-10,0.9066592680661482,0.9293262732775407,0.9066592680661482,0.9179927706718445,56633,0.0,0.0
1990-09-11,0.9293263723276199,0.9293263723276199,0.9066593647003174,0.9066593647003174,44710,0.0,0.0
1990-09-12,0.9066593647003174,0.9066593647003174,0.9066593647003174,0.9066593647003174,43220,0.0,0.0
1990-09-13,0.9293263723276199,0.9293263723276199,0.9066593647003174,0.9066593647003174,38749,0.0,0.0
1990-09-14,0.917993353262228,0.917993353262228,0.8839935487273237,0.8896599411964417,32788,0.0,0.0
1990-09-17,0.8953265931058777,0.8953265931058777,0.8839930891990662,0.8839930891990662,35768,0.0,0.0
1990-09-18,0.9066594739039195,0.9066594739039195,0.8669932930680766,0.8726596832275391,672146,0.0,0.0
1990-09-19,0.8613266348838806,0.8613266348838806,0.8613266348838806,0.8613266348838806,14903,0.0,0.0
1990-09-20,0.8613262889038515,0.8613262889038515,0.8499928712844849,0.8499928712844849,76008,0.0,0.0
1990-09-21,0.838659791537841,0.8499932953514923,0.8159934282302856,0.8159934282302856,152015,0.0,0.0
1990-09-24,0.8159936990435068,0.8386600698736115,0.8046609163284301,0.8046609163284302,105815,0.0,0.0
1990-09-25,0.8046609163284301,0.8273272066185396,0.8046609163284301,0.8046609163284302,19374,0.0,0.0
1990-09-26,0.8103268261618711,0.8273267149925232,0.8046604381714956,0.8273267149925232,463498,0.0,0.0
1990-09-27,0.8046609163284301,0.8159936990435068,0.8046609163284301,0.8046609163284302,59614,0.0,0.0
1990-09-28,0.8159936990435068,0.8159936990435068,0.7933274087533972,0.8046609163284302,111776,0.0,0.0
1990-10-01,0.8273269320439369,0.8273269320439369,0.80466064927635,0.8159934282302856,119228,0.0,0.0
1990-10-02,0.8273269320439369,0.8273269320439369,0.8159934282302856,0.8159934282302856,138602,0.0,0.0
1990-10-03,0.8159936196270863,0.8159936196270863,0.7933273315429688,0.7933273315429688,122208,0.0,0.0
1990-10-04,0.8046608380149703,0.8046608380149703,0.7933273315429688,0.7933273315429688,19374,0.0,0.0
1990-10-05,0.7933273315429688,0.8159936196270863,0.7933273315429688,0.7933273315429688,25336,0.0,0.0
1990-10-08,0.8046608380149703,0.8046608380149703,0.7933273315429688,0.7933273315429688,96872,0.0,0.0
1990-10-09,0.7989937223490268,0.7989937223490268,0.7933273315429688,0.7933273315429688,102834,0.0,0.0
1990-10-10,0.7933274939685059,0.7933274939685059,0.7706611207036973,0.7819939851760864,381529,0.0,0.0
1990-10-11,0.7933274939685059,0.7933274939685059,0.7819939851760864,0.7819939851760864,67066,0.0,0.0
1990-10-12,0.7876610173958589,0.8046609163284301,0.7876610173958589,0.8046609163284302,87930,0.0,0.0
1990-10-15,0.8159936990435068,0.8159936990435068,0.7933274087533972,0.8046609163284302,199706,0.0,0.0
1990-10-16,0.8046607226808338,0.8159935026685926,0.8046607226808338,0.8103271126747131,153506,0.0,0.0
1990-10-17,0.8159934282302856,0.8216605425669691,0.8103270387533178,0.8159934282302856,283166,0.0,0.0
1990-10-18,0.8216605425669691,0.8216605425669691,0.80466064927635,0.8159934282302856,25336,0.0,0.0
1990-10-19,0.8273267149925232,0.8273267149925232,0.8273267149925232,0.8273267149925232,4471,0.0,0.0
1990-10-22,0.8159934282302856,0.8273269320439369,0.8159934282302856,0.8159934282302856,128170,0.0,0.0
1990-10-23,0.8273269320439369,0.8273269320439369,0.8159934282302856,0.8159934282302856,99853,0.0,0.0
1990-10-24,0.8273270075161331,0.8273270075161331,0.8103271126747131,0.8103271126747131,105815,0.0,0.0
1990-10-25,0.8046607226808338,0.8103271126747131,0.8046607226808338,0.8103271126747131,61104,0.0,0.0
1990-10-26,0.8046609163284301,0.8046609163284301,0.8046609163284301,0.8046609163284302,58123,0.0,0.0
1990-10-29,0.8103271126747131,0.8273270075161331,0.8103271126747131,0.8103271126747131,65575,0.0,0.0
1990-10-30,0.8103271126747131,0.8103271126747131,0.8103271126747131,0.8103271126747131,41730,0.0,0.0
1990-10-31,0.8273269320439369,0.8273269320439369,0.8103270387533178,0.8159934282302856,184803,0.0,0.0
1990-11-01,0.8216606378555298,0.8216606378555298,0.8216606378555298,0.8216606378555298,1490,0.0,0.0
1990-11-02,0.8159934282302856,0.8216605425669691,0.8159934282302856,0.8159934282302856,394942,0.0,0.0
1990-11-05,0.8159935228616271,0.8216606378555298,0.8159935228616271,0.8216606378555298,508208,0.0,0.0
1990-11-06,0.8159935228616271,0.8216606378555298,0.8159935228616271,0.8216606378555298,156486,0.0,0.0
1990-11-07,0.8216603270021476,0.8273267149925232,0.8159932141522467,0.8273267149925232,722818,0.0,0.0
1990-11-08,0.8273269320439369,0.8273269320439369,0.8159934282302856,0.8159934282302856,29807,0.0,0.0
1990-11-09,0.8159934282302856,0.8273269320439369,0.8159934282302856,0.8159934282302856,338309,0.0,0.0
1990-11-12,0.8273267846757016,0.8443266749382019,0.8273267846757016,0.8443266749382019,359173,0.0,0.0
1990-11-13,0.8443269533121192,0.8443269533121192,0.8329934477806091,0.8329934477806091,8942,0.0,0.0
1990-11-14,0.8443266749382019,0.8443266749382019,0.8329931731433395,0.8443266749382019,244417,0.0,0.0
1990-11-15,0.8329933215209048,0.8329933215209048,0.8159934282302856,0.8159934282302856,50672,0.0,0.0
1990-11-16,0.8216603270021476,0.8329931029828987,0.8216603270021476,0.8273267149925232,664694,0.0,0.0
1990-11-19,0.8329933215209048,0.8329933215209048,0.8159934282302856,0.8159934282302856,359173,0.0,0.0
1990-11-20,0.8159932141522467,0.8273267149925232,0.8159932141522467,0.8273267149925232,122208,0.0,0.0
1990-11-21,0.8046609163284301,0.8046609163284301,0.7933274087533972,0.8046609163284302,289127,0.0,0.0
1990-11-23,0.7933271454626987,0.8159934282302856,0.7933271454626987,0.8159934282302856,46201,0.0,0.0
1990-11-26,0.8274866938591003,0.8274866938591003,0.8102473571091455,0.8274866938591003,22355,0.016775,0.0
1990-11-27,0.8102473571091455,0.8274866938591003,0.8102473571091455,0.8274866938591003,116247,0.0,0.0
1990-11-28,0.8274868962776214,0.8389800352788123,0.8274868962776214,0.8332338333129883,377058,0.0,0.0
1990-11-29,0.8274868962776214,0.8389800352788123,0.8274868962776214,0.8332338333129883,309992,0.0,0.0
1990-11-30,0.8332338333129883,0.8389800352788123,0.8217406943117975,0.8332338333129883,338309,0.0,0.0
1990-12-03,0.8389798300488578,0.8389798300488578,0.8274866938591003,0.8274866938591003,386000,0.0,0.0
1990-12-04,0.8389798300488578,0.8389798300488578,0.8217404932989031,0.8274866938591003,134131,0.0,0.0
1990-12-05,0.8332336294886606,0.8389798300488578,0.8274866938591003,0.8274866938591003,491814,0.0,0.0
1990-12-06,0.8274864687962342,0.8389796018600464,0.8274864687962342,0.8389796018600464,156486,0.0,0.0
1990-12-07,0.8389798300488578,0.8389798300488578,0.8274866938591003,0.8274866938591003,8942,0.0,0.0
1990-12-10,0.8274866938591003,0.8389798300488578,0.8274866938591003,0.8274866938591003,259320,0.0,0.0
1990-12-11,0.8389800352788123,0.8389800352788123,0.8332338333129883,0.8332338333129883,259320,0.0,0.0
1990-12-12,0.8274867087430827,0.833233644476013,0.8217405080795287,0.8217405080795288,76008,0.0,0.0
1990-12-13,0.8274866938591003,0.8332336294886606,0.8217404932989031,0.8274866938591003,801806,0.0,0.0
1990-12-14,0.8217406943117975,0.8332338333129883,0.8217406943117975,0.8332338333129883,96872,0.0,0.0
1990-12-17,0.8274866938591003,0.8332336294886606,0.8274866938591003,0.8274866938591003,129660,0.0,0.0
1990-12-18,0.8274864687962342,0.8619652145928591,0.8274864687962342,0.8389796018600464,3275781,0.0,0.0
1990-12-19,0.8389798300488578,0.8389798300488578,0.8274866938591003,0.8274866938591003,189274,0.0,0.0
1990-12-20,0.8274864687962342,0.8389796018600464,0.8159940708015853,0.8389796018600464,855459,0.0,0.0
1990-12-21,0.8389796018600464,0.8389796018600464,0.8274864687962342,0.8389796018600464,67066,0.0,0.0
1990-12-24,0.8389796018600464,0.8389796018600464,0.8389796018600464,0.8389796018600464,8942,0.0,0.0
1990-12-26,0.8389795676478615,0.8619651794433593,0.8389795676478615,0.8619651794433594,120718,0.0,0.0
1990-12-27,0.8389796018600464,0.8619652145928591,0.8389796018600464,0.8389796018600464,55143,0.0,0.0
1990-12-28,0.8389797304078986,0.8504722118377686,0.8389797304078986,0.8504722118377686,29807,0.0,0.0
1990-12-31,0.8619651676162643,0.9194293596652341,0.8389795561361539,0.8849506974220276,490324,0.0,0.0
1991-01-02,0.8849509394069405,0.9424158822385025,0.8849509394069405,0.9309227466583252,83459,0.0,0.0
1991-01-03,0.919429361820221,0.9539081058185869,0.919429361820221,0.919429361820221,146054,0.0,0.0
1991-01-04,0.9194299915743873,0.9194299915743873,0.9079375863075256,0.9079375863075256,99853,0.0,0.0
1991-01-07,0.919429554758024,0.919429554758024,0.8964440200749842,0.9136833548545837,84950,0.0,0.0
1991-01-08,0.9136833548545839,0.9136833548545839,0.9136833548545839,0.9136833548545837,0,0.0,0.0
1991-01-09,0.9194293740058277,0.9194293740058277,0.8964438438415527,0.8964438438415527,107305,0.0,0.0
1991-01-10,0.8964444459710356,0.9136837889409565,0.8964444459710356,0.9079375863075256,117737,0.0,0.0
1991-01-11,0.9194296846984806,0.9309228211989333,0.907937283267411,0.9251766204833984,242926,0.0,0.0
1991-01-14,0.9079369644249646,0.919429361820221,0.8964438319605834,0.919429361820221,86440,0.0,0.0
1991-01-15,0.907936962296914,0.907936962296914,0.8849506974220276,0.8849506974220276,52162,0.0,0.0
1991-01-16,0.8964438438415527,0.8964438438415527,0.8964438438415527,0.8964438438415527,19374,0.0,0.0
1991-01-17,0.9194293596652341,0.9194293596652341,0.8849506974220276,0.8849506974220276,199706,0.0,0.0
1991-01-18,0.8964438438415527,0.9079369764582575,0.8734582320029295,0.8964438438415527,70046,0.0,0.0
1991-01-21,0.9079369764582575,0.9079369764582575,0.8964438438415527,0.8964438438415527,40239,0.0,0.0
1991-01-22,0.8964438298594708,0.907936962296914,0.8849506974220276,0.8849506974220276,53652,0.0,0.0
1991-01-23,0.907936962296914,0.907936962296914,0.8849506974220276,0.8849506974220276,184803,0.0,0.0
1991-01-24,0.8964444459710356,0.9194299915743873,0.8964444459710356,0.9079375863075256,2181867,0.0,0.0
1991-01-25,0.930922639609998,0.9424157738685608,0.907937106162112,0.9424157738685608,102834,0.0,0.0
1991-01-28,0.9539081058185869,0.9539081058185869,0.919429361820221,0.919429361820221,111776,0.0,0.0
1991-01-29,0.9424157109994947,0.9768937230110168,0.9424157109994947,0.9768937230110168,347251,0.0,0.0
1991-01-30,0.9768935590537121,1.0113722186733314,0.9768935590537121,0.9883866906166077,387490,0.0,0.0
1991-01-31,0.9998802542686462,1.0171195915282782,0.9998802542686462,0.9998802542686462,794354,0.0,0.0
1991-02-01,0.9998802542686462,1.0228657922583608,0.9998802542686462,0.9998802542686462,372587,0.0,0.0
1991-02-04,0.9998802542686462,1.0228657922583608,0.9998802542686462,0.9998802542686462,326386,0.0,0.0
1991-02-05,1.0228657315311849,1.0458513498306274,0.9998801949061134,1.0458513498306274,707914,0.0,0.0
1991-02-06,1.0458518124584804,1.0458518124584804,1.0113730430603027,1.0113730430603027,239946,0.0,0.0
1991-02-07,0.9998799899947161,1.011372388417375,0.9768937230110168,0.9768937230110168,232494,0.0,0.0
1991-02-08,0.9654014183295329,0.9883870360949325,0.8964440749871176,0.9309227466583252,736231,0.0,0.0
1991-02-11,0.9424157109994947,0.9768937230110168,0.9079370455931365,0.9768937230110168,284656,0.0,0.0
1991-02-12,0.9654010694610438,1.0573440790176392,0.9654010694610438,1.0573440790176392,980648,0.0,0.0
1991-02-13,1.0343593806565112,1.051598072052002,1.0228662391060859,1.051598072052002,1397945,0.0,0.0
1991-02-14,1.0515971457696667,1.068836475375467,1.034358469558585,1.0573440790176392,481382,0.0,0.0
1991-02-15,1.0343586667534364,1.0573442805945727,1.0343586667534364,1.040104866027832,326386,0.0,0.0
1991-02-19,1.03435885239555,1.1492874322742332,1.03435885239555,1.1148086786270142,2432245,0.0,0.0
1991-02-20,1.0803298210504124,1.114808487099728,1.0803298210504124,1.1033153533935547,859930,0.0,0.0
1991-02-21,1.0918230235398876,1.1033154229008615,1.0343587398529053,1.0343587398529053,119228,0.0,0.0
1991-02-22,1.0918234586715698,1.0975696606421288,1.0688371806502461,1.0918234586715698,190764,0.0,0.0
1991-02-25,1.1034384965896606,1.109245827814444,1.0802076859118046,1.1034384965896606,272733,0.016775,0.0
1991-02-26,1.0802076859118046,1.1034384965896606,1.0802076859118046,1.1034384965896606,263791,0.0,0.0
1991-02-27,1.1034387379741943,1.1266688108444214,1.091823330094319,1.1266688108444214,916563,0.0,0.0
1991-02-28,1.1266688108444214,1.1498989662579286,1.1150534029645458,1.1266688108444214,669165,0.0,0.0
1991-03-01,1.1440915512194725,1.1498989662579286,1.1208614783492457,1.1266688108444214,4985207,0.0,0.0
1991-03-04,1.115052979008047,1.1847439965541726,1.115052979008047,1.1498985290527344,2143118,0.0,0.0
1991-03-05,1.161514163017273,1.173128825896506,1.1498987572486508,1.161514163017273,2839109,0.0,0.0
1991-03-06,1.161514163017273,1.1963596374337504,1.161514163017273,1.161514163017273,3602166,0.0,0.0
1991-03-07,1.1731288618198221,1.1731288618198221,1.1150532344338437,1.1324759721755981,836084,0.0,0.0
1991-03-08,1.1382840118261521,1.161514163017273,1.1382840118261521,1.161514163017273,924015,0.0,0.0
1991-03-11,1.1382839466140449,1.312510730912149,1.1382839466140449,1.2428197860717773,3898745,0.0,0.0
1991-03-12,1.24281961047907,1.24281961047907,1.231204867362976,1.231204867362976,1739234,0.0,0.0
1991-03-13,1.2428202259456298,1.2428202259456298,1.2195900678634644,1.2195900678634644,1248910,0.0,0.0
1991-03-14,1.2079743003129835,1.2312051118502279,1.161514163017273,1.161514163017273,1105837,0.0,0.0
1991-03-15,1.1847442492485072,1.1847442492485072,1.1498987743148708,1.1731288433074951,290617,0.0,0.0
1991-03-18,1.173128825896506,1.1847442316651282,1.1498987572486508,1.161514163017273,828632,0.0,0.0
1991-03-19,1.173128758688145,1.2776652584919632,1.1382839466140449,1.2428197860717773,1535056,0.0,0.0
1991-03-20,1.2544350815003025,1.2776651467863176,1.2428196774126543,1.2660497426986694,2897233,0.0,0.0
1991-03-21,1.277665005924064,1.277665005924064,1.2312047979310068,1.2544349431991577,2310036,0.0,0.0
1991-03-22,1.2544354470477652,1.2544354470477652,1.2195898849767135,1.2370126247406006,634887,0.0,0.0
1991-03-25,1.2428197860717773,1.2428197860717773,1.2195896362115082,1.2428197860717773,640849,0.0,0.0
1991-03-26,1.2428202259456298,1.2428202259456298,1.2195900678634644,1.2195900678634644,336818,0.0,0.0
1991-03-27,1.2428202259456298,1.2428202259456298,1.2021673254869052,1.2195900678634644,819690,0.0,0.0
1991-03-28,1.2195894639008897,1.231204867362976,1.1963593998659585,1.231204867362976,301050,0.0,0.0
1991-04-01,1.2312051087275127,1.2312051087275127,1.196359634399414,1.196359634399414,333838,0.0,0.0
1991-04-02,1.2079741954803467,1.2079741954803467,1.1847441288484857,1.2079741954803467,576764,0.0,0.0
1991-04-03,1.2079743003129835,1.2079743003129835,1.161514163017273,1.161514163017273,904640,0.0,0.0
1991-04-04,1.1615141809110148,1.173128843969178,1.1092458859378125,1.120861291885376,1912114,0.0,0.0
1991-04-05,1.1150534808033203,1.1382842981847499,1.0918234063114667,1.0976307392120361,405374,0.0,0.0
1991-04-08,1.1150532907861892,1.1150532907861892,1.068593149719792,1.0918232202529907,800316,0.0,0.0
1991-04-09,1.0918230912507327,1.1266685643781553,1.0860157600259495,1.1034384965896606,1581257,0.0,0.0
1991-04-10,1.1266688108444214,1.1266688108444214,1.1034387379741943,1.1266688108444214,2828677,0.0,0.0
1991-04-11,1.1266685626506832,1.1382839679718018,1.1150531573295646,1.1382839679718018,5703554,0.0,0.0
1991-04-12,1.1382839697170832,1.1382839697170832,1.1034384965896606,1.1034384965896606,3538081,0.0,0.0
1991-04-15,1.1266685643781553,1.1266685643781553,1.1034384965896606,1.1034384965896606,181822,0.0,0.0
1991-04-16,1.1266685643781553,1.1266685643781553,1.1034384965896606,1.1034384965896606,481382,0.0,0.0
1991-04-17,1.1266688233068187,1.1266688233068187,1.1034387501796374,1.115053415298462,1213142,0.0,0.0
1991-04-18,1.1150532907861892,1.1150532907861892,1.0918232202529907,1.0918232202529907,366625,0.0,0.0
1991-04-19,1.1034386269643146,1.1150532907861892,1.068593149719792,1.0918232202529907,464988,0.0,0.0
1991-04-22,1.0685931607651038,1.1034386383698,1.0685931607651038,1.0802078247070312,560370,0.0,0.0
1991-04-23,1.1034386269643146,1.1034386269643146,1.0802078135416668,1.0918232202529907,406864,0.0,0.0
1991-04-24,1.0918231031693653,1.1034385086350902,1.05697762966156,1.05697762966156,1003003,0.0,0.0
1991-04-25,1.0685932232556956,1.0685932232556956,1.033747661069982,1.0453630685806274,330857,0.0,0.0
1991-04-26,1.0569775842023341,1.0569775842023341,1.0337474346160889,1.0337474346160889,153506,0.0,0.0
1991-04-29,1.0569775939436805,1.0569775939436805,1.0221320390701294,1.0221320390701294,68556,0.0,0.0
1991-04-30,1.0453628395822505,1.0453628395822505,1.0105173675731036,1.0337474346160889,143073,0.0,0.0
1991-05-01,1.033747791469874,1.033747791469874,0.9989023074319296,1.0105177164077759,397922,0.0,0.0
1991-05-02,1.0221323824940278,1.0221323824940278,0.9989023074319296,1.0105177164077759,198216,0.0,0.0
1991-05-03,0.9989023344604775,1.0105177437506163,0.9640568494796753,0.9640568494796753,1555921,0.0,0.0
1991-05-06,0.9640568494796753,0.9872869251703387,0.9640568494796753,0.9640568494796753,233984,0.0,0.0
1991-05-07,0.9640564336775188,0.998901903629303,0.9640564336775188,0.998901903629303,661714,0.0,0.0
1991-05-08,0.9989023074319296,1.0105177164077759,0.9872868984560835,1.0105177164077759,1067088,0.0,0.0
1991-05-09,1.010517376886262,1.0221320390701294,0.9989019718130504,1.0221320390701294,566331,0.0,0.0
1991-05-10,1.0337473735810871,1.0337473735810871,0.998901903629303,0.998901903629303,199706,0.0,0.0
1991-05-13,0.9989023074319296,1.0221323824940278,0.9989023074319296,1.0105177164077759,44710,0.0,0.0
1991-05-14,0.9989017315487865,1.022131793218375,0.9872863292694092,0.9872863292694092,59614,0.0,0.0
1991-05-15,0.9989023344604775,0.9989023344604775,0.9640568494796753,0.9640568494796753,159467,0.0,0.0
1991-05-16,0.9872863292694092,0.9872863292694092,0.9524415256663683,0.9872863292694092,169899,0.0,0.0
1991-05-17,0.9524415256663683,0.9872863292694092,0.9524415256663683,0.9872863292694092,193745,0.0,0.0
1991-05-20,0.9756721762265236,0.9756721762265236,0.9524421005358602,0.9640568494796753,552918,0.0,0.0
1991-05-21,0.9524418185839144,0.9756718873977661,0.9524418185839144,0.9756718873977661,552918,0.0,0.0
1991-05-22,0.9524415256663683,0.9989017315487865,0.9524415256663683,0.9872863292694092,511189,0.0,0.0
1991-05-23,0.9872863292694092,1.0105171338281638,0.9640562675998204,0.9872863292694092,523111,0.0,0.0
1991-05-24,0.9755339623021198,0.9990405924301274,0.96378093957901,0.96378093957901,345760,0.016775,0.0
1991-05-28,0.9637804850868534,0.999040121310504,0.9637804850868534,0.9872871041297913,108795,0.0,0.0
1991-05-29,0.9990403652191161,0.9990403652191161,0.987287345168987,0.9990403652191162,570803,0.0,0.0
1991-05-30,0.9990403652191161,0.9990403652191161,0.987287345168987,0.9990403652191162,81969,0.0,0.0
1991-05-31,0.999040121310504,0.999040121310504,0.9872871041297911,0.9872871041297913,359173,0.0,0.0
1991-06-03,0.999040121310504,0.999040121310504,0.9872871041297911,0.9872871041297913,378548,0.0,0.0
1991-06-04,0.987287345168987,0.9990403652191161,0.987287345168987,0.9990403652191162,38749,0.0,0.0
1991-06-05,0.9990402375756527,1.010793924331665,0.9872872190271608,1.010793924331665,485853,0.0,0.0
1991-06-06,1.010793924331665,1.010793924331665,0.9872872190271608,1.010793924331665,229513,0.0,0.0
1991-06-07,1.0107939159944377,1.0225476026535034,1.0107939159944377,1.0225476026535034,305521,0.0,0.0
1991-06-10,1.0225475652412994,1.0225475652412994,1.0107938790122688,1.0166703462600708,108795,0.0,0.0
1991-06-11,1.010793924331665,1.0343005461102293,1.010793924331665,1.010793924331665,92401,0.0,0.0
1991-06-12,1.0107938790122688,1.0343004997369032,1.0107938790122688,1.0166703462600708,81969,0.0,0.0
1991-06-13,1.0343005461102293,1.0343005461102293,1.010793924331665,1.010793924331665,10432,0.0,0.0
1991-06-14,1.010793924331665,1.0343005461102293,1.010793924331665,1.010793924331665,40239,0.0,0.0
1991-06-17,1.0343005461102293,1.0343005461102293,1.010793924331665,1.010793924331665,175861,0.0,0.0
1991-06-18,1.010794053476851,1.0225477417345858,0.987287345168987,0.9990403652191162,518640,0.0,0.0
1991-06-19,0.9872871041297911,1.0107938066986593,0.9637804850868534,0.9872871041297913,360664,0.0,0.0
1991-06-20,0.9755339623021198,0.9755339623021198,0.96378093957901,0.96378093957901,126679,0.0,0.0
1991-06-21,0.963780939527277,0.9755339622497559,0.9520272485970404,0.9755339622497559,257830,0.0,0.0
1991-06-24,0.9520266652107239,0.963780348938496,0.9167663657606743,0.9520266652107239,408355,0.0,0.0
1991-06-25,0.9520267913836734,0.9520267913836734,0.9167664872605447,0.940273106098175,28317,0.0,0.0
1991-06-26,0.9402732137580687,0.9520269003893468,0.9050129055976868,0.9050129055976868,67066,0.0,0.0
1991-06-27,0.9050128385543156,0.9285202100754452,0.8932598210012145,0.9167665243148804,180332,0.0,0.0
1991-06-28,0.8932597041130066,0.9050127201281575,0.8815061034164016,0.8932597041130066,491814,0.0,0.0
1991-07-01,0.8815061034164016,0.9402730210624405,0.8815061034164016,0.8932597041130066,849497,0.0,0.0
1991-07-02,0.8932597041130066,0.9050127201281575,0.8815061034164016,0.8932597041130066,202687,0.0,0.0
1991-07-03,0.8932596363215053,0.9050126514446931,0.8932596363215053,0.8991361856460571,41730,0.0,0.0
1991-07-05,0.9167665758204557,0.9285202622413635,0.8932598711861415,0.9285202622413635,105815,0.0,0.0
1991-07-08,0.9285202622413635,0.9285202622413635,0.8932598711861415,0.9285202622413635,141583,0.0,0.0
1991-07-09,0.9285202622413635,0.9285202622413635,0.905012889399548,0.9285202622413635,44710,0.0,0.0
1991-07-10,0.9285202622413635,0.9285202622413635,0.905012889399548,0.9285202622413635,275714,0.0,0.0
1991-07-11,0.9285202622413635,0.9285202622413635,0.905012889399548,0.9285202622413635,119228,0.0,0.0
1991-07-12,0.9050127201281575,0.922642870595299,0.8932597041130066,0.8932597041130066,1242949,0.0,0.0
1991-07-15,0.8932596363215053,0.9167663347752065,0.8932596363215053,0.8991361856460571,210139,0.0,0.0
1991-07-16,0.9050127201281575,0.9167664043506846,0.8932597041130066,0.8932597041130066,222062,0.0,0.0
1991-07-17,0.9050126514446931,0.9050126514446931,0.8932596363215053,0.8991361856460571,377058,0.0,0.0
1991-07-18,0.8932598871739219,0.9050129055976868,0.8815062840685829,0.9050129055976868,333838,0.0,0.0
1991-07-19,0.9050129055976868,0.9050129055976868,0.8873827515174958,0.9050129055976868,43220,0.0,0.0
1991-07-22,0.8873826265335083,0.905012778130569,0.8873826265335083,0.8873826265335083,89421,0.0,0.0
1991-07-23,0.905012778130569,0.905012778130569,0.8873826265335083,0.8873826265335083,162448,0.0,0.0
1991-07-24,0.8873825696610159,0.9050127201281575,0.8873825696610159,0.8932597041130066,29807,0.0,0.0
1991-07-25,0.9050129464033747,0.9050129464033747,0.8815063238143922,0.8815063238143921,105815,0.0,0.0
1991-07-26,0.8815062840685829,0.9050129055976868,0.8815062840685829,0.9050129055976868,68556,0.0,0.0
1991-07-29,0.8815061034164016,0.9050127201281575,0.8815061034164016,0.8932597041130066,71537,0.0,0.0
1991-07-30,0.9050129464033747,0.9050129464033747,0.8579996176994668,0.8815063238143921,1210161,0.0,0.0
1991-07-31,0.8579996176994668,0.8815063238143922,0.8579996176994668,0.8815063238143921,104324,0.0,0.0
1991-08-01,0.8697525818702635,0.9285202622413635,0.8697525818702635,0.9285202622413635,538015,0.0,0.0
1991-08-02,0.9050126514446931,0.9285200181057199,0.8932596363215053,0.8991361856460571,180332,0.0,0.0
1991-08-05,0.9050126820329022,0.9755333644589198,0.8815060663106247,0.9520266652107239,1390493,0.0,0.0
1991-08-06,0.963780348938496,0.9872869646607734,0.9402729814829518,0.9520266652107239,956802,0.0,0.0
1991-08-07,0.9520268295029682,0.9637805152590859,0.9402731437468506,0.9461503624916077,901659,0.0,0.0
1991-08-08,0.9285202788602429,0.9520269003893468,0.9050129055976868,0.9050129055976868,529073,0.0,0.0
1991-08-09,0.9285202788602429,0.9285202788602429,0.9050129055976868,0.9050129055976868,93892,0.0,0.0
1991-08-12,0.9050128385543156,0.9285202100754452,0.9050128385543156,0.9167665243148804,372587,0.0,0.0
1991-08-13,0.9285202788602429,0.9285202788602429,0.9050129055976868,0.9050129055976868,1459049,0.0,0.0
1991-08-14,0.9285202788602429,0.9285202788602429,0.9050129055976868,0.9050129055976868,289127,0.0,0.0
1991-08-15,0.9285202788602429,0.9285202788602429,0.9050129055976868,0.9050129055976868,137112,0.0,0.0
1991-08-16,0.9167665243148804,0.9285202100754452,0.9050128385543156,0.9167665243148804,90911,0.0,0.0
1991-08-19,0.8815060911327155,0.9050127075169094,0.8579993912226007,0.8697524070739746,406864,0.0,0.0
1991-08-20,0.8815060911327155,0.8815060911327155,0.8579993912226007,0.8697524070739746,518640,0.0,0.0
1991-08-21,0.8815060911327155,0.8932596916655355,0.8697524070739746,0.8697524070739746,433691,0.0,0.0
1991-08-22,0.8697526366531578,0.8815063238143922,0.8579996176994668,0.8815063238143921,727289,0.0,0.0
1991-08-23,0.8815061034164016,0.9050127201281575,0.8579994031787236,0.8932597041130066,1213142,0.0,0.0
1991-08-26,0.9051703468669349,0.9409008900511234,0.9051703468669349,0.9289904832839966,532054,0.016775,0.0
1991-08-27,0.940900981426239,0.9528106275931241,0.917080165578639,0.940900981426239,277204,0.0,0.0
1991-08-28,0.9170800297328168,0.9587660704127625,0.9170800297328168,0.9468556642532349,184803,0.0,0.0
1991-08-29,0.940900880998465,0.9647209325466987,0.9289904743459313,0.952810525894165,247397,0.0,0.0
1991-08-30,0.940900981426239,0.940900981426239,0.928990573502439,0.940900981426239,29807,0.0,0.0
1991-09-03,0.9409008900511234,0.9409008900511234,0.9170800765168697,0.9289904832839966,356193,0.0,0.0
1991-09-04,0.8932598488106996,0.9170798958967213,0.8813494443893434,0.8813494443893433,724308,0.0,0.0
1991-09-05,0.8873049175202492,0.9051701427641693,0.8694396922763291,0.8932598233222961,482872,0.0,0.0
1991-09-06,0.8813494443893434,0.9051701685924236,0.8813494443893434,0.8813494443893433,245907,0.0,0.0
1991-09-09,0.8813497505724752,0.9051704830509383,0.8575296105716443,0.8694400191307068,695992,0.0,0.0
1991-09-10,0.8575293126636894,0.8813494443893434,0.8575293126636894,0.8813494443893433,202687,0.0,0.0
1991-09-11,0.8813497505724752,0.8813497505724752,0.8456199637695376,0.8694400191307068,439652,0.0,0.0
1991-09-12,0.8813497505724752,0.8813497505724752,0.8575296105716443,0.8694400191307068,281675,0.0,0.0
1991-09-13,0.8694400191307068,0.8694400191307068,0.8575296105716443,0.8694400191307068,374077,0.0,0.0
1991-09-16,0.8694398678707809,0.8694398678707809,0.8575294613838196,0.8575294613838196,697482,0.0,0.0
1991-09-17,0.8694398678707809,0.8694398678707809,0.8575294613838196,0.8575294613838196,685559,0.0,0.0
1991-09-18,0.8575296105716443,0.8694400191307068,0.8575296105716443,0.8694400191307068,117737,0.0,0.0
1991-09-19,0.8694396922763291,0.9051701427641693,0.857529288194826,0.8932598233222961,698972,0.0,0.0
1991-09-20,0.8813494443893434,0.9051701685924236,0.8813494443893434,0.8813494443893433,262301,0.0,0.0
1991-09-23,0.8932601591315376,0.8932601591315376,0.8694400191307068,0.8694400191307068,59614,0.0,0.0
1991-09-24,0.8694398678707809,0.8813495972405663,0.8575294613838196,0.8575294613838196,330857,0.0,0.0
1991-09-25,0.8575296105716443,0.8694400191307068,0.8575296105716443,0.8694400191307068,938918,0.0,0.0
1991-09-26,0.8694400191307068,0.8694400191307068,0.8575296105716443,0.8694400191307068,359173,0.0,0.0
1991-09-27,0.8694398678707809,0.8694398678707809,0.8337094101667198,0.8575294613838196,435181,0.0,0.0
1991-09-30,0.8575294613838196,0.8694398678707809,0.8337094101667198,0.8575294613838196,694501,0.0,0.0
1991-10-01,0.8575292250061847,0.8694396282100475,0.833709180355072,0.833709180355072,780941,0.0,0.0
1991-10-02,0.833709180355072,0.8575292250061847,0.8217987771512092,0.833709180355072,265282,0.0,0.0
1991-10-03,0.821798869415208,0.8456196784973145,0.821798869415208,0.8456196784973145,70046,0.0,0.0
1991-10-04,0.8456199151951441,0.8456199151951441,0.821799099445343,0.821799099445343,125189,0.0,0.0
1991-10-07,0.8456195835589349,0.8456195835589349,0.8217987771512092,0.833709180355072,208648,0.0,0.0
1991-10-08,0.8456195835589349,0.8456195835589349,0.8217987771512092,0.833709180355072,467969,0.0,0.0
1991-10-09,0.8337092739562613,0.8456196784973145,0.821798869415208,0.8456196784973145,308502,0.0,0.0
1991-10-10,0.8337095552104753,0.8694400191307068,0.821799146651413,0.8694400191307068,2305565,0.0,0.0
1991-10-11,0.8575296190504647,0.9230358087772281,0.8575296190504647,0.9170802235603333,1320447,0.0,0.0
1991-10-14,0.917080165578639,0.9766314434407241,0.917080165578639,0.940900981426239,1366647,0.0,0.0
1991-10-15,0.9289904832839966,0.9409008900511234,0.9170800765168697,0.9289904832839966,119228,0.0,0.0
1991-10-16,0.9170802235603334,0.9409010409139863,0.9170802235603334,0.9170802235603333,129660,0.0,0.0
1991-10-17,0.9170798958967213,0.9349451216504103,0.8694397170850456,0.8813494443893433,622965,0.0,0.0
1991-10-18,0.8694400191307068,0.8932601591315376,0.8694400191307068,0.8694400191307068,432200,0.0,0.0
1991-10-21,0.8932598488106996,0.9051701685924236,0.8694397170850456,0.8813494443893433,89421,0.0,0.0
1991-10-22,0.9051701427641693,0.9051701427641693,0.881349419240793,0.8932598233222961,259320,0.0,0.0
1991-10-23,0.8932599408509471,0.9051702618598938,0.8813495352023594,0.9051702618598938,478401,0.0,0.0
1991-10-24,0.9051701685924236,0.9051701685924236,0.8694397170850456,0.8813494443893433,1175883,0.0,0.0
1991-10-25,0.8694397170850456,0.8813494443893434,0.8694397170850456,0.8813494443893433,326386,0.0,0.0
1991-10-28,0.8813494443893434,0.9051701685924236,0.8694397170850456,0.8813494443893433,327876,0.0,0.0
1991-10-29,0.8813496999238434,0.8932601077984488,0.8694399691664928,0.8873052000999451,330857,0.0,0.0
1991-10-30,0.9051702618598938,0.9170799903913531,0.8813495352023594,0.9051702618598938,1783944,0.0,0.0
1991-10-31,0.9051702618598938,0.9170799903913531,0.8932599408509471,0.9051702618598938,774980,0.0,0.0
1991-11-01,0.9051702618598938,0.9170799903913531,0.9051702618598938,0.9051702618598938,152015,0.0,0.0
1991-11-04,0.911125168445444,0.9170799903913531,0.9051702618598938,0.9051702618598938,867381,0.0,0.0
1991-11-05,0.9170800765168697,0.9528105350614093,0.9051703468669349,0.9289904832839966,1543998,0.0,0.0
1991-11-06,0.9289904832839966,0.9528105350614093,0.9289904832839966,0.9289904832839966,108795,0.0,0.0
1991-11-07,0.9289903444954829,0.9528103927142483,0.9289903444954829,0.9349451661109924,555899,0.0,0.0
1991-11-08,0.9528106162543455,0.9647210240364075,0.9289905624471274,0.9647210240364075,146054,0.0,0.0
1991-11-11,0.9647209366613823,0.9766313433647156,0.9528105299580488,0.9766313433647156,199706,0.0,0.0
1991-11-12,0.9528106162543455,0.9766314318184695,0.9528106162543455,0.9647210240364075,153506,0.0,0.0
1991-11-13,0.9647209366613823,0.9766313433647156,0.9647209366613823,0.9766313433647156,195235,0.0,0.0
1991-11-14,0.9766313927257819,1.0004514455795288,0.9647209854204707,1.0004514455795288,1235497,0.0,0.0
1991-11-15,1.0004513950145455,1.0123611246006905,0.9766313433647156,0.9766313433647156,387490,0.0,0.0
1991-11-18,0.9647210240364075,0.9766314318184695,0.9528106162543455,0.9647210240364075,2049226,0.0,0.0
1991-11-19,0.9409010316108314,0.9528106784129382,0.8456199637695376,0.8694400191307068,1129682,0.0,0.0
1991-11-20,0.8932598233222961,0.9289902738101363,0.8694396922763291,0.8932598233222961,1096895,0.0,0.0
1991-11-21,0.9289904832839966,0.9409008900511234,0.9170800765168697,0.9289904832839966,244417,0.0,0.0
1991-11-22,0.9410555362701416,0.9410555362701416,0.9169260412394231,0.9410555362701416,47691,0.016775,0.0
1991-11-25,0.9289907291995643,0.9289907291995643,0.8927962183952332,0.8927962183952332,183313,0.0,0.0
1991-11-26,0.9169259071350098,0.9169259071350098,0.8927958154612119,0.9169259071350098,34278,0.0,0.0
1991-11-27,0.8927962183952332,0.9169263209593541,0.8927962183952332,0.8927962183952332,204177,0.0,0.0
1991-11-29,0.9048609041675482,0.9169259071350098,0.8927958154612119,0.9169259071350098,122208,0.0,0.0
1991-12-02,0.8927958154612119,0.9169259071350098,0.8927958154612119,0.9169259071350098,143073,0.0,0.0
1991-12-03,0.9169260782373875,0.9531206651994656,0.9169260782373875,0.9289904832839966,463498,0.0,0.0
1991-12-04,0.9531204873430211,0.9531204873430211,0.9169259071350098,0.9169259071350098,602100,0.0,0.0
1991-12-05,0.9169259071350098,0.9410553986366849,0.9048609041675482,0.9169259071350098,198216,0.0,0.0
1991-12-06,0.9048611521720886,0.9410556565614229,0.9048611521720886,0.9048611521720886,141583,0.0,0.0
1991-12-09,0.9108933123536165,0.9289905645482835,0.8927960601589493,0.9048611521720886,1473952,0.0,0.0
1991-12-10,0.8927960601589493,0.9169261584463297,0.8927960601589493,0.9048611521720886,138602,0.0,0.0
1991-12-11,0.9048609897257853,0.9169259938340415,0.8927958998786464,0.8988287448883057,853968,0.0,0.0
1991-12-12,0.9169263209593541,0.9169263209593541,0.8927962183952332,0.8927962183952332,84950,0.0,0.0
1991-12-13,0.8927962183952332,0.9169263209593541,0.8927962183952332,0.8927962183952332,405374,0.0,0.0
1991-12-16,0.8927958154612119,0.9410553986366849,0.8927958154612119,0.9169259071350098,974686,0.0,0.0
1991-12-17,0.9169260782373875,0.9289904832839966,0.9169260782373875,0.9289904832839966,569312,0.0,0.0
1991-12-18,0.9169259071350098,0.9410553986366849,0.9169259071350098,0.9169259071350098,226533,0.0,0.0
1991-12-19,0.9169259071350098,0.9289903099303486,0.9169259071350098,0.9169259071350098,378548,0.0,0.0
1991-12-20,0.9169259071350098,0.9410553986366849,0.9169259071350098,0.9169259071350098,117737,0.0,0.0
1991-12-23,0.9169259071350098,0.9410553986366849,0.9169259071350098,0.9169259071350098,497776,0.0,0.0
1991-12-24,0.941055574241731,0.941055574241731,0.9169260782373875,0.9289904832839966,196726,0.0,0.0
1991-12-26,0.9169260782373875,0.941055574241731,0.9169260782373875,0.9289904832839966,275714,0.0,0.0
1991-12-27,0.9289904832839966,0.9531206651994656,0.9289904832839966,0.9289904832839966,96872,0.0,0.0
1991-12-30,0.9651848901940463,0.9893150697516324,0.9410554822864009,0.9772499799728394,731760,0.0,0.0
1991-12-31,0.9772501791398622,0.9893152713775635,0.9772501791398622,0.9893152713775635,383019,0.0,0.0
1992-01-02,0.9772501379248463,0.9893152296537085,0.9410556343883247,0.9651850461959839,578254,0.0,0.0
1992-01-03,0.9651850461959839,0.9772501379248463,0.953120726117187,0.9651850461959839,691521,0.0,0.0
1992-01-06,1.0375738497715161,1.0617032548528085,1.0013793563246527,1.0255087614059448,1652794,0.0,0.0
1992-01-07,0.9893150185989611,1.085833502627864,0.9893150185989611,1.0617033243179321,1005984,0.0,0.0
1992-01-08,1.0255089620841231,1.037574052810669,1.0134445572686896,1.037574052810669,581235,0.0,0.0
1992-01-09,1.0375744042271045,1.0496394990399813,1.0134449005126953,1.0134449005126953,1147566,0.0,0.0
1992-01-10,1.0134449005126953,1.0375744042271045,1.0134449005126953,1.0134449005126953,1740724,0.0,0.0
1992-01-13,1.0496391435372145,1.0496391435372145,1.0134445572686896,1.037574052810669,597629,0.0,0.0
1992-01-14,1.0134444252589923,1.0617033243179321,1.0134444252589923,1.0617033243179321,1169922,0.0,0.0
1992-01-15,1.0737683789547832,1.0737683789547832,1.0315417257447015,1.0436060428619385,508208,0.0,0.0
1992-01-16,1.0496391435372145,1.061703462613759,1.037574052810669,1.037574052810669,895698,0.0,0.0
1992-01-17,1.061703642164998,1.0858338276988937,1.0496393210481818,1.0737687349319458,1470972,0.0,0.0
1992-01-20,1.0858338276988937,1.0858338276988937,1.061703642164998,1.0737687349319458,1630439,0.0,0.0
1992-01-21,1.085833502627864,1.085833502627864,1.0617033243179321,1.0617033243179321,1116269,0.0,0.0
1992-01-22,1.061703462613759,1.079800712878577,1.037574052810669,1.037574052810669,1400925,0.0,0.0
1992-01-23,1.0375742282812341,1.0737687349319458,1.0375742282812341,1.0737687349319458,3114823,0.0,0.0
1992-01-24,1.0737683464822272,1.1461574193348618,1.0737683464822272,1.1340923309326172,1912114,0.0,0.0
1992-01-27,1.1099632172186484,1.1340926287088928,1.0978981256484985,1.0978981256484985,1274246,0.0,0.0
1992-01-28,1.109962607030713,1.1340920052561252,1.0978975220931912,1.1220269203186035,1450107,0.0,0.0
1992-01-29,1.1220273609658464,1.1220273609658464,1.073768459823738,1.0858335494995117,922524,0.0,0.0
1992-01-30,1.08583367012113,1.1099631662420897,1.08583367012113,1.1039302349090576,837574,0.0,0.0
1992-01-31,1.1099630098528075,1.1340924168351407,1.0858335171315954,1.115995168685913,684069,0.0,0.0
1992-02-03,1.1340921020830257,1.1340921020830257,1.1099627017974854,1.1099627017974854,332347,0.0,0.0
1992-02-04,1.1099629257779808,1.1340923309326172,1.1099629257779808,1.1340923309326172,412826,0.0,0.0
1992-02-05,1.1220276746581457,1.1461578607559204,1.1220276746581457,1.1461578607559204,721327,0.0,0.0
1992-02-06,1.1220276746581457,1.1461578607559204,1.1220276746581457,1.1461578607559204,572293,0.0,0.0
1992-02-07,1.1340927677070332,1.1461578607559204,1.1220276746581457,1.1461578607559204,415807,0.0,0.0
1992-02-10,1.1340927677070332,1.1461578607559204,1.1220276746581457,1.1461578607559204,792864,0.0,0.0
1992-02-11,1.1220269203186035,1.1461570901936469,1.1220269203186035,1.1220269203186035,141583,0.0,0.0
1992-02-12,1.1220269203186035,1.1461570901936469,1.1220269203186035,1.1220269203186035,101344,0.0,0.0
1992-02-13,1.1099632172186484,1.1340926287088928,1.0978981256484985,1.0978981256484985,257830,0.0,0.0
1992-02-14,1.085833502627864,1.1099629950267729,1.0617033243179321,1.0617033243179321,593158,0.0,0.0
1992-02-18,1.0496387032853973,1.0737681029678505,1.001379132270813,1.001379132270813,591667,0.0,0.0
1992-02-19,0.9893152206536006,1.00137962636154,0.9169261285002075,0.9953473806381226,2186338,0.0,0.0
1992-02-20,1.0255088285029352,1.0617033243179321,1.0013794218429042,1.0617033243179321,2017928,0.0,0.0
1992-02-21,1.0496389381370874,1.0496389381370874,1.0255087614059448,1.0255087614059448,548447,0.0,0.0
1992-02-24,1.037717580795288,1.0621350305177795,1.037717580795288,1.037717580795288,871852,0.016775,0.0
1992-02-25,1.0621348310821743,1.0621348310821743,1.0255093574523926,1.0255093574523926,456046,0.0,0.0
1992-02-26,1.0499266199808444,1.0499266199808444,1.025509857025366,1.0438226461410522,1160980,0.0,0.0
1992-02-27,1.0255093574523926,1.0377173859445132,1.0255093574523926,1.0255093574523926,779451,0.0,0.0
1992-02-28,1.037717585102736,1.037717585102736,1.013300916115339,1.0194048881530762,214610,0.0,0.0
1992-03-02,1.037717580795288,1.037717580795288,1.0133009119092422,1.037717580795288,743683,0.0,0.0
1992-03-03,1.037717580795288,1.037717580795288,1.0133009119092422,1.037717580795288,706424,0.0,0.0
1992-03-04,1.037717858662544,1.037717858662544,1.0010931491851807,1.0010931491851807,175861,0.0,0.0
1992-03-05,1.0010927367224376,1.0255094020865072,0.9278418730343037,0.9461546540260315,1333860,0.0,0.0
1992-03-06,0.952258800138584,0.9644675254821776,0.9278420435282643,0.9644675254821777,673636,0.0,0.0
1992-03-09,0.9400500747949903,0.9888841953328888,0.9400500747949903,0.9644675254821777,259320,0.0,0.0
1992-03-10,0.9888836931078341,1.0133004373176047,0.9644670356576278,0.9766749739646912,426239,0.0,0.0
1992-03-11,1.0010929361184626,1.0010929361184626,0.9644675403592066,0.9888842105865479,460517,0.0,0.0
1992-03-12,0.9766754850546331,0.9888842105865479,0.9644675403592066,0.9888842105865479,345760,0.0,0.0
1992-03-13,1.0010931491851807,1.0010931491851807,0.9766756929244849,1.0010931491851807,132641,0.0,0.0
1992-03-16,1.001092412250977,1.001092412250977,0.9766749739646912,0.9766749739646912,32788,0.0,0.0
1992-03-17,1.0010926931510302,1.0377173859445132,1.0010926931510302,1.0255093574523926,417297,0.0,0.0
1992-03-18,1.0255093574523926,1.0255093574523926,1.0133007216431509,1.0255093574523926,120718,0.0,0.0
1992-03-19,1.0133004278857456,1.0743424613611183,1.0133004278857456,1.0499258041381836,1104346,0.0,0.0
1992-03-20,1.062134523167687,1.0743424613611183,1.0499258041381836,1.0499258041381836,281675,0.0,0.0
1992-03-23,1.0743424613611183,1.0743424613611183,1.03771708510868,1.0499258041381836,1558902,0.0,0.0
1992-03-24,1.0499263056565338,1.056030277668934,1.037717580795288,1.037717580795288,1068578,0.0,0.0
1992-03-25,1.037717580795288,1.0621350305177795,1.037717580795288,1.037717580795288,71537,0.0,0.0
1992-03-26,1.0377175325676973,1.0621349811553955,1.0377175325676973,1.0621349811553955,180332,0.0,0.0
1992-03-27,1.037717342330269,1.0865514497168427,1.037717342330269,1.0743427276611328,800316,0.0,0.0
1992-03-30,1.0621354642403376,1.0865521430969238,1.0621354642403376,1.0865521430969238,450084,0.0,0.0
1992-03-31,1.0743429180023625,1.0987603664398193,1.0743429180023625,1.0987603664398193,967235,0.0,0.0
1992-04-01,1.074343313695127,1.0926560163497925,1.074343313695127,1.0926560163497925,925505,0.0,0.0
1992-04-02,1.08655150161676,1.1964277496172548,1.08655150161676,1.1353849172592163,1891249,0.0,0.0
1992-04-03,1.1109683280782638,1.1475937176396847,1.1109683280782638,1.1231770515441895,724308,0.0,0.0
1992-04-06,1.1109685897827148,1.1109685897827148,1.1109685897827148,1.1109685897827148,74517,0.0,0.0
1992-04-07,1.1109685897827148,1.147593987971769,1.1109685897827148,1.1109685897827148,728779,0.0,0.0
1992-04-08,1.0987603697628823,1.0987603697628823,1.074342921251578,1.0804476737976074,718347,0.0,0.0
1992-04-09,1.098760771125809,1.1231775344794312,1.062135365816478,1.0926560163497925,561860,0.0,0.0
1992-04-10,1.086552042410468,1.098760771125809,1.086552042410468,1.0926560163497925,232494,0.0,0.0
1992-04-13,1.0865521430969238,1.0987608729435991,1.0865521430969238,1.0865521430969238,289127,0.0,0.0
1992-04-14,1.1109689087131507,1.1109689087131507,1.0865521430969238,1.0865521430969238,552918,0.0,0.0
1992-04-15,1.0865516489066847,1.0865516489066847,1.0133008648164081,1.0621349811553955,913582,0.0,0.0
1992-04-16,1.037717342330269,1.0987601717725526,1.037717342330269,1.0743427276611328,709405,0.0,0.0
1992-04-20,1.074343313695127,1.098760771125809,1.062135365816478,1.0926560163497925,244417,0.0,0.0
1992-04-21,1.0987608729435991,1.0987608729435991,1.0865521430969238,1.0865521430969238,274224,0.0,0.0
1992-04-22,1.0865514497168427,1.0987601717725526,1.0743427276611328,1.0743427276611328,236965,0.0,0.0
1992-04-23,1.0865521430969238,1.0987608729435991,1.0865521430969238,1.0865521430969238,1202709,0.0,0.0
1992-04-24,1.0865521430969238,1.1109689087131507,1.0865521430969238,1.0865521430969238,46201,0.0,0.0
1992-04-27,1.0987608729435991,1.1109689087131507,1.0865521430969238,1.0865521430969238,377058,0.0,0.0
1992-04-28,1.098760771125809,1.1109688057640905,1.086552042410468,1.0926560163497925,421768,0.0,0.0
1992-04-29,1.08655183117591,1.1109685897827148,1.08655183117591,1.1109685897827148,205668,0.0,0.0
1992-04-30,1.08655183117591,1.1109685897827148,1.08655183117591,1.1109685897827148,166919,0.0,0.0
1992-05-01,1.08655183117591,1.1109685897827148,1.08655183117591,1.1109685897827148,694501,0.0,0.0
1992-05-04,1.086552042410468,1.1109688057640905,1.0804480684711435,1.0926560163497925,1918075,0.0,0.0
1992-05-05,1.0743434132502485,1.1109689087131507,1.0743434132502485,1.0865521430969238,232494,0.0,0.0
1992-05-06,1.0865521430969238,1.0987608729435991,1.0865521430969238,1.0865521430969238,444123,0.0,0.0
1992-05-07,1.0865516422210908,1.1109683965817438,1.0865516422210908,1.0987603664398193,52162,0.0,0.0
1992-05-08,1.0865521430969238,1.0926561176018794,1.0865521430969238,1.0865521430969238,59614,0.0,0.0
1992-05-11,1.1109685897827148,1.1109685897827148,1.0682391320813827,1.1109685897827148,5155107,0.0,0.0
1992-05-12,1.0865516422210908,1.1231771208004722,1.0865516422210908,1.0987603664398193,798825,0.0,0.0
1992-05-13,1.0987603664398193,1.1231771208004722,1.0987603664398193,1.0987603664398193,131150,0.0,0.0
1992-05-14,1.0987608729435991,1.0987608729435991,1.0743434132502485,1.0865521430969238,144564,0.0,0.0
1992-05-15,1.0987601717725526,1.0987601717725526,1.0743427276611328,1.0743427276611328,317444,0.0,0.0
1992-05-18,1.062134523167687,1.0743424613611183,1.0255090601556855,1.0499258041381836,441142,0.0,0.0
1992-05-19,1.031613371720547,1.0743427276611328,1.0133006790551151,1.0743427276611328,1433713,0.0,0.0
1992-05-20,1.0621349811553955,1.0865516489066847,1.0621349811553955,1.0621349811553955,172880,0.0,0.0
1992-05-21,1.0621349811553955,1.0987603732005338,1.0621349811553955,1.0621349811553955,184803,0.0,0.0
1992-05-22,1.0987603664398193,1.0987603664398193,1.0621349746200384,1.0987603664398193,122208,0.0,0.0
1992-05-26,1.0740689884541361,1.1111058985301658,1.0740689884541361,1.086414098739624,99853,0.016775,0.0
1992-05-27,1.074069619178772,1.098760643858812,1.074069619178772,1.074069619178772,49181,0.0,0.0
1992-05-28,1.086414098739624,1.086414098739624,1.086414098739624,1.086414098739624,47691,0.0,0.0
1992-05-29,1.086414098739624,1.1111058985301658,1.086414098739624,1.086414098739624,2001535,0.0,0.0
1992-06-01,1.0864147014420837,1.111106514930725,1.0864147014420837,1.111106514930725,122208,0.0,0.0
1992-06-02,1.1111058985301658,1.1111058985301658,1.086414098739624,1.086414098739624,1295111,0.0,0.0
1992-06-03,1.086414098739624,1.1111058985301658,1.086414098739624,1.086414098739624,25336,0.0,0.0
1992-06-04,1.0864147014420837,1.111106514930725,1.0864147014420837,1.111106514930725,1099875,0.0,0.0
1992-06-05,1.086414098739624,1.086414098739624,1.086414098739624,1.086414098739624,74517,0.0,0.0
1992-06-08,1.0864147367136687,1.0864147367136687,1.074069619178772,1.074069619178772,22355,0.0,0.0
1992-06-09,1.0740689884541361,1.092587443492151,1.0432046335208502,1.086414098739624,418787,0.0,0.0
1992-06-10,1.086414360402625,1.086414360402625,1.04937744140625,1.04937744140625,26826,0.0,0.0
1992-06-11,1.086414098739624,1.1111058985301658,1.0493771886635943,1.086414098739624,305521,0.0,0.0
1992-06-12,1.0864147367136687,1.1111065510039555,1.074069619178772,1.074069619178772,147544,0.0,0.0
1992-06-15,1.074069619178772,1.0864147367136687,1.074069619178772,1.074069619178772,186293,0.0,0.0
1992-06-16,1.098760724067688,1.098760724067688,1.0740696975852178,1.098760724067688,342780,0.0,0.0
1992-06-17,1.0740696975852178,1.098760724067688,1.0740696975852178,1.098760724067688,154996,0.0,0.0
1992-06-18,1.0864146917214899,1.1357976163811714,1.0864146917214899,1.1234517097473145,287637,0.0,0.0
1992-06-19,1.086414352931761,1.1357972621917725,1.086414352931761,1.1357972621917725,296579,0.0,0.0
1992-06-22,1.1111066321140755,1.129624397502678,1.0740696975852178,1.098760724067688,1435203,0.0,0.0
1992-06-23,1.074069619178772,1.098760643858812,1.074069619178772,1.074069619178772,52162,0.0,0.0
1992-06-24,1.074069619178772,1.098760643858812,1.074069619178772,1.074069619178772,43220,0.0,0.0
1992-06-25,1.0740689884541361,1.086414098739624,1.0740689884541361,1.086414098739624,31297,0.0,0.0
1992-06-26,1.0740694798066401,1.0802420377731323,1.0740694798066401,1.0802420377731323,87930,0.0,0.0
1992-06-29,1.074069619178772,1.098760643858812,1.074069619178772,1.074069619178772,62595,0.0,0.0
1992-06-30,1.098760724067688,1.1111066321140755,1.0864148160213007,1.098760724067688,470949,0.0,0.0
1992-07-01,1.086414360402625,1.086414360402625,1.0370322404129988,1.04937744140625,569312,0.0,0.0
1992-07-02,1.04937721169266,1.04937721169266,0.9876492023468018,0.9876492023468018,792864,0.0,0.0
1992-07-06,0.9876496515617752,0.9876496515617752,0.9382675199215351,0.9506127238273621,375567,0.0,0.0
1992-07-07,0.9629580974578857,0.9629580974578857,0.9382670014153562,0.9629580974578857,566331,0.0,0.0
1992-07-08,0.9382675400710089,0.9629586502886064,0.9382675400710089,0.9444401860237122,341289,0.0,0.0
1992-07-09,0.9382677002007623,0.9753047227859497,0.9382677002007623,0.9753047227859497,233984,0.0,0.0
1992-07-10,0.9629588146322765,0.9876498413293118,0.9629588146322765,0.9753047227859497,287637,0.0,0.0
1992-07-13,0.9629585777641338,0.9753044828809666,0.9382674694061279,0.9382674694061279,332347,0.0,0.0
1992-07-14,0.9382677002007623,0.9753047227859497,0.9382677002007623,0.9753047227859497,214610,0.0,0.0
1992-07-15,0.9753043993286662,0.9753043993286662,0.9629584952694814,0.9691310524940491,131150,0.0,0.0
1992-07-16,0.9753040917903947,0.9876492023468018,0.9691307469023909,0.9876492023468018,144564,0.0,0.0
1992-07-17,0.9876496242119978,0.9999955296516418,0.9629586029428472,0.9999955296516418,244417,0.0,0.0
1992-07-20,0.9999955296516418,1.0061680875663952,0.9753045083824913,0.9999955296516418,141583,0.0,0.0
1992-07-21,1.0123415749390765,1.074069619178772,0.9876497606487897,1.074069619178772,262301,0.0,0.0
1992-07-22,1.0740692544311234,1.0740692544311234,1.0493774485260299,1.0617233514785767,543976,0.0,0.0
1992-07-23,1.0617237120336285,1.074069619178772,1.0493778048884852,1.074069619178772,73027,0.0,0.0
1992-07-24,1.0493776889132396,1.0617235946939367,1.0246866669620047,1.0370324850082397,187784,0.0,0.0
1992-07-27,1.0246869450019576,1.0246869450019576,0.9999958286165395,1.0123417377471924,76008,0.0,0.0
1992-07-28,1.0123417377471924,1.0123417377471924,0.9999958286165395,1.0123417377471924,78988,0.0,0.0
1992-07-29,1.0123413548864417,1.0123413548864417,0.9999954504249274,1.006168007850647,253359,0.0,0.0
1992-07-30,0.9999955296516418,1.012341435091286,0.9999955296516418,0.9999955296516418,143073,0.0,0.0
1992-07-31,0.9999958286165395,1.0123417377471924,0.9876499194858864,1.0123417377471924,198216,0.0,0.0
1992-08-03,0.9876496242119978,1.0061680875663952,0.9876496242119978,0.9999955296516418,214610,0.0,0.0
1992-08-04,1.0123416076857872,1.0246868133544922,0.9876497925967821,1.0246868133544922,153506,0.0,0.0
1992-08-05,1.0246866669620047,1.0370324850082397,1.012341463057005,1.0370324850082397,266772,0.0,0.0
1992-08-06,0.9382672985582148,1.04937744140625,0.9259214834238735,1.04937744140625,779451,0.0,0.0
1992-08-07,1.0370322474490195,1.0617233514785767,1.0370322474490195,1.0617233514785767,333838,0.0,0.0
1992-08-10,1.0370324850082397,1.0617235946939367,1.0370324850082397,1.0370324850082397,52162,0.0,0.0
1992-08-11,1.037031990643686,1.086414098739624,1.0246861784828354,1.086414098739624,336818,0.0,0.0
1992-08-12,1.0617237120336285,1.1111065510039555,1.0617237120336285,1.074069619178772,943389,0.0,0.0
1992-08-13,1.0802418111024077,1.0864143677736917,1.0617233514785767,1.0617233514785767,427729,0.0,0.0
1992-08-14,1.0864147367136687,1.0864147367136687,1.0617237120336285,1.074069619178772,1011945,0.0,0.0
1992-08-17,1.0617233514785767,1.0864143677736917,1.0617233514785767,1.0617233514785767,61104,0.0,0.0
1992-08-18,1.061723088558865,1.086414098739624,1.061723088558865,1.086414098739624,169899,0.0,0.0
1992-08-19,1.0802421779462203,1.0802421779462203,1.0617237120336285,1.074069619178772,70046,0.0,0.0
1992-08-20,1.0740692544311234,1.0802418111024077,1.0617233514785767,1.0617233514785767,162448,0.0,0.0
1992-08-21,1.0864143677736917,1.0864143677736917,1.0617233514785767,1.0617233514785767,403884,0.0,0.0
1992-08-24,1.0617233442750327,1.0740692471438156,1.04937744140625,1.04937744140625,433691,0.0,0.0
1992-08-25,1.0493777001726774,1.0617236060858415,1.024686677956517,1.0432051420211792,521621,0.0,0.0
1992-08-26,1.0494521856307983,1.0744390007980191,1.0494521856307983,1.0494521856307983,34278,0.016775,0.0
1992-08-27,1.0494521856307983,1.0494521856307983,1.0494521856307983,1.0494521856307983,67066,0.0,0.0
1992-08-28,1.0369586944580078,1.0494523705992185,0.9994781099603887,1.0369586944580078,457536,0.0,0.0
1992-08-31,1.0307119410776024,1.0494521856307983,1.0244654592487645,1.0494521856307983,357683,0.0,0.0
1992-09-01,1.0244654592487645,1.0494521856307983,1.0244654592487645,1.0494521856307983,113266,0.0,0.0
1992-09-02,1.0244654585636652,1.124413251876831,1.0244654585636652,1.124413251876831,1067088,0.0,0.0
1992-09-03,1.1119195222854614,1.1369063381803421,1.099425759197263,1.1119195222854614,482872,0.0,0.0
1992-09-04,1.0994258861510995,1.1618931994571484,1.0994258861510995,1.1431529521942139,478401,0.0,0.0
1992-09-08,1.1369063381803421,1.1369063381803421,1.099425759197263,1.1119195222854614,684069,0.0,0.0
1992-09-09,1.1119199182565636,1.1369067430496216,1.0994261507191498,1.1369067430496216,314463,0.0,0.0
1992-09-10,1.174386964222378,1.174386964222378,1.1244134154372463,1.149400234222412,877814,0.0,0.0
1992-09-11,1.1244136857939773,1.1494005105870353,1.1244136857939773,1.1369067430496216,538015,0.0,0.0
1992-09-14,1.1369064008614689,1.1618931293487549,1.1369064008614689,1.1618931293487549,627436,0.0,0.0
1992-09-15,1.1369067430496216,1.1494005105870353,1.1244136857939773,1.1369067430496216,2456090,0.0,0.0
1992-09-16,1.1244136857939773,1.1431532272848333,1.1244136857939773,1.1369067430496216,281675,0.0,0.0
1992-09-17,1.1369067430496216,1.1494005105870353,1.1369067430496216,1.1369067430496216,1019397,0.0,0.0
1992-09-18,1.1369064696890299,1.149400234222412,1.1369064696890299,1.149400234222412,61104,0.0,0.0
1992-09-21,1.1494001646384868,1.1681404107706388,1.1494001646384868,1.1618931293487549,713876,0.0,0.0
1992-09-22,1.1618931643287744,1.1618931643287744,1.1369064350892366,1.1556466817855835,256340,0.0,0.0
1992-09-23,1.149400234222412,1.1618931996889958,1.149400234222412,1.149400234222412,128170,0.0,0.0
1992-09-24,1.149400234222412,1.1618931996889958,1.149400234222412,1.149400234222412,26826,0.0,0.0
1992-09-25,1.1494001992423926,1.1618931643287744,1.1494001992423926,1.1556466817855835,1056655,0.0,0.0
1992-09-28,1.1494001646384868,1.1618931293487549,1.1494001646384868,1.1618931293487549,165428,0.0,0.0
1992-09-29,1.1618931293487549,1.1743868931257728,1.1618931293487549,1.1618931293487549,271243,0.0,0.0
1992-09-30,1.1618932958160133,1.1868808269500732,1.1618932958160133,1.1868808269500732,473930,0.0,0.0
1992-10-01,1.1993737934502386,1.1993737934502386,1.1868808269500732,1.1868808269500732,157977,0.0,0.0
1992-10-02,1.1993738866029482,1.2243614196777344,1.1868809191324816,1.2243614196777344,1919566,0.0,0.0
1992-10-05,1.211867653910334,1.2368544767192837,1.211867653910334,1.2181141376495361,2846561,0.0,0.0
1992-10-06,1.249348243264615,1.2555947270038172,1.211867653910334,1.2181141376495361,1630439,0.0,0.0
1992-10-07,1.2243615176775364,1.2243615176775364,1.1369067430496216,1.1369067430496216,997041,0.0,0.0
1992-10-08,1.136906304311339,1.136906304311339,1.0869327627955037,1.124413251876831,1441165,0.0,0.0
1992-10-09,1.136906271340778,1.2118672473295462,1.136906271340778,1.2056207656860352,1667697,0.0,0.0
1992-10-12,1.1868808269500732,1.1993737934502386,1.1868808269500732,1.1868808269500732,108795,0.0,0.0
1992-10-13,1.2118676531403412,1.236854475933415,1.2118676531403412,1.2243614196777344,1040262,0.0,0.0
1992-10-14,1.2243613734163605,1.2243613734163605,1.1868808742872743,1.1993738412857056,1359196,0.0,0.0
1992-10-15,1.1868808269500732,1.1993737934502386,1.1868808269500732,1.1868808269500732,157977,0.0,0.0
1992-10-16,1.1993738873650026,1.2243614204556654,1.1993738873650026,1.2181141376495361,467969,0.0,0.0
1992-10-19,1.2118676531403412,1.236854475933415,1.2118676531403412,1.2243614196777344,715366,0.0,0.0
1992-10-20,1.236853905305211,1.236853905305211,1.211867094039917,1.211867094039917,1348763,0.0,0.0
1992-10-21,1.236854076385498,1.236854076385498,1.2118672616640556,1.236854076385498,220571,0.0,0.0
1992-10-22,1.236853807770174,1.2493475675582886,1.2243607582633886,1.2493475675582886,1430732,0.0,0.0
1992-10-23,1.2618405282799081,1.2618405282799081,1.2493475675582886,1.2493475675582886,186293,0.0,0.0
1992-10-26,1.2618408053045533,1.3118150563618678,1.2618408053045533,1.2993212938308716,2278739,0.0,0.0
1992-10-27,1.3118151260267896,1.3118151260267896,1.2618408723155552,1.2868283987045288,895698,0.0,0.0
1992-10-28,1.2743348237713068,1.2868285888115345,1.261841058731079,1.261841058731079,321915,0.0,0.0
1992-10-29,1.286828327324681,1.286828327324681,1.236854076385498,1.236854076385498,408355,0.0,0.0
1992-10-30,1.236854475933415,1.249348242470808,1.205621169405108,1.2243614196777344,438162,0.0,0.0
1992-11-02,1.2118676531403412,1.236854475933415,1.1993738866029482,1.2243614196777344,1257852,0.0,0.0
1992-11-03,1.2118673288858433,1.2868283987045288,1.2118673288858433,1.2868283987045288,690030,0.0,0.0
1992-11-04,1.286828531931649,1.3118152618408203,1.2618410029556824,1.3118152618408203,634887,0.0,0.0
1992-11-05,1.3118149577227556,1.3368017706244333,1.2868282336062566,1.3305552005767822,1615535,0.0,0.0
1992-11-06,1.3243088722229004,1.361788651977048,1.3243088722229004,1.3243088722229004,2268307,0.0,0.0
1992-11-09,1.3118154538369522,1.3180620262469884,1.2868287202707451,1.2930752038955688,1189296,0.0,0.0
1992-11-10,1.3118150563618678,1.3118150563618678,1.2868283303665458,1.2993212938308716,406864,0.0,0.0
1992-11-11,1.3118150563618678,1.3118150563618678,1.2868283303665458,1.2993212938308716,1147566,0.0,0.0
1992-11-12,1.2993210085777565,1.2993210085777565,1.2493475675582886,1.2493475675582886,427729,0.0,0.0
1992-11-13,1.261840627785332,1.261840627785332,1.211867094039917,1.211867094039917,348741,0.0,0.0
1992-11-16,1.236853807770174,1.2493475675582886,1.2118669984752741,1.2493475675582886,113266,0.0,0.0
1992-11-17,1.2243610241655183,1.2618408023217553,1.2243610241655183,1.236854076385498,105815,0.0,0.0
1992-11-18,1.2493477073882724,1.27433443069458,1.2493477073882724,1.27433443069458,459027,0.0,0.0
1992-11-19,1.2618408723155552,1.3118151260267896,1.2618408723155552,1.2868283987045288,475420,0.0,0.0
1992-11-20,1.3118153054520556,1.3492958898804497,1.2993215405487175,1.3368021249771118,587196,0.0,0.0
1992-11-23,1.3118152618408203,1.336802080535191,1.3118152618408203,1.3118152618408203,242926,0.0,0.0
1992-11-24,1.3370434149761918,1.3370434149761918,1.3244295120239258,1.3244295120239258,769019,0.016775,0.0
1992-11-25,1.3244291358098228,1.3622701168060303,1.3118152364406301,1.3622701168060303,1016416,0.0,0.0
1992-11-27,1.3622698421313262,1.387496829032898,1.3622698421313262,1.387496829032898,628926,0.0,0.0
1992-11-30,1.387496829032898,1.387496829032898,1.3622698421313262,1.387496829032898,997041,0.0,0.0
1992-12-01,1.3748830556869507,1.3874969536456705,1.3622699644784324,1.3748830556869507,1828655,0.0,0.0
1992-12-02,1.362269885883409,1.3748829763642254,1.3370428085327148,1.3370428085327148,944879,0.0,0.0
1992-12-03,1.3748829763642254,1.3748829763642254,1.3244289113017433,1.3370428085327148,1389002,0.0,0.0
1992-12-04,1.3496559886524375,1.3496559886524375,1.3244289113017433,1.3370428085327148,101344,0.0,0.0
1992-12-07,1.3244295120239258,1.3370434149761918,1.3244295120239258,1.3244295120239258,467969,0.0,0.0
1992-12-08,1.3244289113017433,1.3370428085327148,1.3244289113017433,1.3370428085327148,850988,0.0,0.0
1992-12-09,1.3307355461810577,1.3370428085327148,1.3244289113017433,1.3370428085327148,643829,0.0,0.0
1992-12-10,1.3370434149761918,1.3496566008168838,1.3244295120239258,1.3244295120239258,998532,0.0,0.0
1992-12-11,1.3370434149761918,1.3496566008168838,1.3244295120239258,1.3244295120239258,733250,0.0,0.0
1992-12-14,1.3244292594775064,1.349656343460083,1.3244292594775064,1.349656343460083,216100,0.0,0.0
1992-12-15,1.3370429464433884,1.3496561278641106,1.3244290479113434,1.330735683441162,766038,0.0,0.0
1992-12-16,1.349656343460083,1.349656343460083,1.3244292594775064,1.349656343460083,394942,0.0,0.0
1992-12-17,1.3244295120239258,1.3433499630770644,1.3244295120239258,1.3244295120239258,342780,0.0,0.0
1992-12-18,1.3244295120239258,1.3370434149761918,1.3244295120239258,1.3244295120239258,362154,0.0,0.0
1992-12-21,1.3118150613987272,1.3370428567708443,1.2865880727767944,1.2865880727767944,359173,0.0,0.0
1992-12-22,1.2865878016969716,1.3244286800320144,1.2865878016969716,1.311814785003662,275714,0.0,0.0
1992-12-23,1.2992018341690537,1.3118149237817418,1.286587937806266,1.2928944826126099,709405,0.0,0.0
1992-12-24,1.2865878016969716,1.311814785003662,1.2865878016969716,1.311814785003662,152015,0.0,0.0
1992-12-28,1.2992020845413208,1.3118151765847073,1.286588185747679,1.2992020845413208,451575,0.0,0.0
1992-12-29,1.3118149237817418,1.3118149237817418,1.286587937806266,1.2928944826126099,134131,0.0,0.0
1992-12-30,1.3118150613987272,1.3118150613987272,1.2865880727767944,1.2865880727767944,377058,0.0,0.0
1992-12-31,1.3118149237817418,1.3118149237817418,1.286587937806266,1.2928944826126099,40239,0.0,0.0
1993-01-04,1.2865886099176487,1.3370434149761918,1.2865886099176487,1.3244295120239258,630416,0.0,0.0
1993-01-05,1.311814785003662,1.3370425750603667,1.311814785003662,1.311814785003662,566331,0.0,0.0
1993-01-06,1.3118150140707718,1.3370428085327148,1.3118150140707718,1.3370428085327148,426239,0.0,0.0
1993-01-07,1.3118156090716597,1.3244295120239258,1.3118156090716597,1.3244295120239258,204177,0.0,0.0
1993-01-08,1.3118150140707718,1.3370428085327148,1.3118150140707718,1.3370428085327148,539505,0.0,0.0
1993-01-11,1.3244286800320144,1.3244286800320144,1.311814785003662,1.311814785003662,383019,0.0,0.0
1993-01-12,1.2361342422094035,1.3118153121822822,1.2361342422094035,1.2739744186401367,342780,0.0,0.0
1993-01-13,1.2739739726443045,1.2739739726443045,1.2487469880311763,1.2613608837127686,153506,0.0,0.0
1993-01-14,1.248747186468803,1.299201970462853,1.248747186468803,1.2865880727767944,192255,0.0,0.0
1993-01-15,1.2865880727767944,1.3118150613987272,1.2865880727767944,1.2865880727767944,278695,0.0,0.0
1993-01-18,1.286588185747679,1.3118151765847073,1.286588185747679,1.2992020845413208,175861,0.0,0.0
1993-01-19,1.311814785003662,1.311814785003662,1.2865878016969716,1.311814785003662,49181,0.0,0.0
1993-01-20,1.2865878016969716,1.311814785003662,1.2865878016969716,1.311814785003662,473930,0.0,0.0
1993-01-21,1.3118156090716597,1.3244295120239258,1.2992025128699147,1.3244295120239258,383019,0.0,0.0
1993-01-22,1.3244295120239258,1.3496566008168838,1.3118156090716597,1.3244295120239258,271243,0.0,0.0
1993-01-25,1.3244295120239258,1.3496566008168838,1.3244295120239258,1.3244295120239258,180332,0.0,0.0
1993-01-26,1.3622701168060303,1.3811905624846734,1.3370430351790155,1.3622701168060303,2848051,0.0,0.0
1993-01-27,1.362270301925784,1.406417745591744,1.362270301925784,1.400111198425293,816710,0.0,0.0
1993-01-28,1.387496829032898,1.4127238159344695,1.387496829032898,1.387496829032898,153506,0.0,0.0
1993-01-29,1.3874969536456705,1.3938034992499295,1.3685765100826917,1.3748830556869507,1633419,0.0,0.0
1993-02-01,1.3748829322070475,1.387496829032898,1.3748829322070475,1.387496829032898,615513,0.0,0.0
1993-02-02,1.387496829032898,1.4001107258587484,1.3748829322070475,1.387496829032898,381529,0.0,0.0
1993-02-03,1.3748829322070475,1.4001107258587484,1.3748829322070475,1.387496829032898,1609574,0.0,0.0
1993-02-04,1.387496829032898,1.4001107258587484,1.3748829322070475,1.387496829032898,441142,0.0,0.0
1993-02-05,1.3748830556869507,1.3811904080414115,1.3748830556869507,1.3748830556869507,96872,0.0,0.0
1993-02-08,1.3748830723224112,1.3874969704337534,1.3622699809612804,1.3685765266418457,269753,0.0,0.0
1993-02-09,1.36227024400709,1.37488333780373,1.3244292594775064,1.349656343460083,1250400,0.0,0.0
1993-02-10,1.3496566008168838,1.3496566008168838,1.3244295120239258,1.3244295120239258,4471,0.0,0.0
1993-02-11,1.337042792413443,1.349655972381102,1.337042792413443,1.3433493375778198,870362,0.0,0.0
1993-02-12,1.3370431600245134,1.349656343460083,1.3370431600245134,1.349656343460083,46201,0.0,0.0
1993-02-16,1.3496559886524375,1.3496559886524375,1.3370428085327148,1.3370428085327148,68556,0.0,0.0
1993-02-17,1.3370431123772712,1.349656295363354,1.2739744186401367,1.2739744186401367,1696014,0.0,0.0
1993-02-18,1.273974079287617,1.2802814310314243,1.236133912936489,1.2550543546676636,608061,0.0,0.0
1993-02-19,1.2613610841548615,1.2865880727767944,1.248747186468803,1.2865880727767944,703443,0.0,0.0
1993-02-22,1.286588185747679,1.3118151765847073,1.2739742869540374,1.2992020845413208,207158,0.0,0.0
1993-02-23,1.311939822215748,1.3374141454696655,1.311939822215748,1.3374141454696655,56633,0.016775,0.0
1993-02-24,1.337413720957832,1.337413720957832,1.3119394057897806,1.3246761560440063,99853,0.0,0.0
1993-02-25,1.337413809598188,1.362888216972351,1.337413809598188,1.362888216972351,305521,0.0,0.0
1993-02-26,1.3756258487701416,1.4138377332190444,1.3628882824006097,1.3756258487701416,631907,0.0,0.0
1993-03-01,1.3756254881810874,1.4393116740154706,1.3756254881810874,1.4265741109848022,1020887,0.0,0.0
1993-03-02,1.4393123388290405,1.4393123388290405,1.4138380156606782,1.4393123388290405,208648,0.0,0.0
1993-03-03,1.4138379096984863,1.4393122309576374,1.4138379096984863,1.4138379096984863,456046,0.0,0.0
1993-03-04,1.4265741109848022,1.4520492370461389,1.4138373626136131,1.4265741109848022,409845,0.0,0.0
1993-03-05,1.4265747699149316,1.4647867525151645,1.4265747699149316,1.4393123388290405,950841,0.0,0.0
1993-03-08,1.4393123388290405,1.4647867525151645,1.4393123388290405,1.4393123388290405,263791,0.0,0.0
1993-03-09,1.4393123388290405,1.4647867525151645,1.4393123388290405,1.4393123388290405,1709427,0.0,0.0
1993-03-10,1.4393121868508114,1.4775241654162083,1.4393121868508114,1.4584181308746338,387490,0.0,0.0
1993-03-11,1.477523946077312,1.4902606970959058,1.4647863803990695,1.4838923215866089,2313017,0.0,0.0
1993-03-12,1.4647868871688843,1.4902612126790293,1.4647868871688843,1.4647868871688843,89421,0.0,0.0
1993-03-15,1.4647866375033942,1.4902609586715698,1.4647866375033942,1.4902609586715698,177351,0.0,0.0
1993-03-16,1.4647868871688843,1.5029987827640672,1.4647868871688843,1.4647868871688843,235475,0.0,0.0
1993-03-17,1.4647862392600195,1.4775238037109375,1.4393118345000233,1.4775238037109375,254849,0.0,0.0
1993-03-18,1.4393121868508114,1.4584181308746338,1.4393121868508114,1.4584181308746338,508208,0.0,0.0
1993-03-19,1.4393121324573628,1.464786542490911,1.4138378129415634,1.4202061891555786,406864,0.0,0.0
1993-03-22,1.4011003417390133,1.4265746629981646,1.4011003417390133,1.4138379096984863,219081,0.0,0.0
1993-03-23,1.4265741109848022,1.4265741109848022,1.4138373626136131,1.4265741109848022,117737,0.0,0.0
1993-03-24,1.4138373626136131,1.4265741109848022,1.4138373626136131,1.4265741109848022,83459,0.0,0.0
1993-03-25,1.4265745653695936,1.4265745653695936,1.4011002458537942,1.4202061891555786,481382,0.0,0.0
1993-03-26,1.4138373626136131,1.4265741109848022,1.4138373626136131,1.4265741109848022,256340,0.0,0.0
1993-03-29,1.350151608702956,1.4265746629981646,1.337414040743483,1.4138379096984863,889737,0.0,0.0
1993-03-30,1.4138373626136131,1.4265741109848022,1.4010997995829448,1.4265741109848022,643829,0.0,0.0
1993-03-31,1.4011004467465693,1.4520499077431495,1.4011004467465693,1.4393123388290405,386000,0.0,0.0
1993-04-01,1.4265747699149316,1.4647867525151645,1.4265747699149316,1.4393123388290405,256340,0.0,0.0
1993-04-02,1.4393122309576374,1.4520497989171104,1.4138379096984863,1.4138379096984863,388980,0.0,0.0
1993-04-05,1.4265746629981646,1.4520497989171104,1.4138379096984863,1.4138379096984863,43220,0.0,0.0
1993-04-06,1.4265747699149316,1.4393123388290405,1.4138380156606782,1.4393123388290405,643829,0.0,0.0
1993-04-07,1.4138380156606782,1.4393123388290405,1.4138380156606782,1.4393123388290405,171390,0.0,0.0
1993-04-08,1.4138379608173253,1.4520498514175415,1.4138379608173253,1.4520498514175415,26826,0.0,0.0
1993-04-12,1.4647867525151645,1.4647867525151645,1.4265747699149316,1.4393123388290405,466478,0.0,0.0
1993-04-13,1.4520500412260071,1.4647868871688843,1.4265749010559314,1.4647868871688843,517150,0.0,0.0
1993-04-14,1.4393121868508114,1.4647865978470702,1.4393121868508114,1.4584181308746338,52162,0.0,0.0
1993-04-15,1.4647868871688843,1.4902612126790293,1.4393124711409693,1.4647868871688843,622965,0.0,0.0
1993-04-16,1.4584181703585435,1.4902609586715698,1.4520497937314476,1.4902609586715698,858439,0.0,0.0
1993-04-19,1.4520492566655878,1.5412099361419678,1.4520492566655878,1.5412099361419678,1248910,0.0,0.0
1993-04-20,1.5157358646392822,1.5539477479266368,1.5157358646392822,1.5157358646392822,1312995,0.0,0.0
1993-04-21,1.5157360810172222,1.5857906672715247,1.5157360810172222,1.5666847229003906,1722840,0.0,0.0
1993-04-22,1.592159691082539,1.604896623919629,1.5539478063583374,1.5539478063583374,679598,0.0,0.0
1993-04-23,1.5539478378527827,1.5666845899125248,1.5157359523541265,1.5348418951034546,1456068,0.0,0.0
1993-04-26,1.5157357019359017,1.5284724518913755,1.5029981373208472,1.509366512298584,548447,0.0,0.0
1993-04-27,1.515736094499537,1.515736094499537,1.4902609586715698,1.4902609586715698,551428,0.0,0.0
1993-04-28,1.4902613586796971,1.5284732580184937,1.4902613586796971,1.5284732580184937,257830,0.0,0.0
1993-04-29,1.5284727044138684,1.5412103616510717,1.5157359523541265,1.5348418951034546,265282,0.0,0.0
1993-04-30,1.5157359216341357,1.5666845581599387,1.5157359216341357,1.5539478063583374,861420,0.0,0.0
1993-05-03,1.528472282421474,1.5475782198958878,1.528472282421474,1.5412099361419678,1611064,0.0,0.0
1993-05-04,1.566684614242854,1.5921597480773926,1.5157359758932327,1.5921597480773926,1178864,0.0,0.0
1993-05-05,1.5666845581599387,1.592159691082539,1.5539478063583374,1.5539478063583374,1175883,0.0,0.0
1993-05-06,1.5539478378527827,1.5794222471497281,1.5284727044138684,1.5348418951034546,423258,0.0,0.0
1993-05-07,1.522104147817526,1.534841621750714,1.4393118345000233,1.4775238037109375,2147589,0.0,0.0
1993-05-10,1.4520500412260071,1.4775244572539221,1.4520500412260071,1.4647868871688843,840555,0.0,0.0
1993-05-11,1.4775244572539221,1.4775244572539221,1.4393124711409693,1.4647868871688843,397922,0.0,0.0
1993-05-12,1.426574270049105,1.4775238037109375,1.3883623913559209,1.4775238037109375,3353279,0.0,0.0
1993-05-13,1.4520493989509415,1.4775238037109375,1.4520493989509415,1.4775238037109375,645320,0.0,0.0
1993-05-14,1.4838923215866089,1.4838923215866089,1.452049538862737,1.4838923215866089,822671,0.0,0.0
1993-05-17,1.4902612126790293,1.4902612126790293,1.4393124711409693,1.4647868871688843,2007496,0.0,0.0
1993-05-18,1.4902609586715698,1.5093669032126493,1.4775242054173778,1.4902609586715698,412826,0.0,0.0
1993-05-19,1.5157365013455684,1.541210919869208,1.4902613586796971,1.5284732580184937,475420,0.0,0.0
1993-05-20,1.528472282421474,1.5475782198958878,1.528472282421474,1.5412099361419678,1381551,0.0,0.0
1993-05-21,1.5284732580184937,1.541210919869208,1.5284732580184937,1.5284732580184937,3828699,0.0,0.0
1993-05-24,1.5284727044138684,1.5412103616510717,1.5157359523541265,1.5348418951034546,673636,0.0,0.0
1993-05-25,1.5284202706623884,1.5733736899139168,1.5284202706623884,1.5476861000061035,356193,0.016775,0.0
1993-05-26,1.5926395818765773,1.6183271727943678,1.5669519909587868,1.6054836511611938,421768,0.0,0.0
1993-05-27,1.6054833490975902,1.6054833490975902,1.5797950328110033,1.5862175226211548,190764,0.0,0.0
1993-05-28,1.5797951336047116,1.5797951336047116,1.573373556137085,1.573373556137085,64085,0.0,0.0
1993-06-01,1.5669517517089844,1.5669517517089844,1.5605292616710909,1.5669517517089844,92401,0.0,0.0
1993-06-02,1.560528884119761,1.560528884119761,1.5412630616212935,1.5541073083877563,353212,0.0,0.0
1993-06-03,1.547686190673795,1.547686190673795,1.5412636995315552,1.5412636995315552,321915,0.0,0.0
1993-06-04,1.5348420143127441,1.5348420143127441,1.5348420143127441,1.5348420143127441,68556,0.0,0.0
1993-06-07,1.5412635479516497,1.5412635479516497,1.5284202098846436,1.5284202098846436,143073,0.0,0.0
1993-06-08,1.5284202098846436,1.5284202098846436,1.5284202098846436,1.5284202098846436,412826,0.0,0.0
1993-06-09,1.528420060875977,1.5412633976908612,1.5219975709915161,1.5219975709915161,454556,0.0,0.0
1993-06-10,1.5155762434005737,1.5219979132520942,1.5091545735490532,1.5155762434005737,421768,0.0,0.0
1993-06-11,1.5219977482315286,1.5284202388639028,1.5027319192886353,1.5027319192886353,163938,0.0,0.0
1993-06-14,1.5027317834352478,1.5091542734870014,1.4963101148605347,1.4963101148605347,131150,0.0,0.0
1993-06-15,1.5027319192886353,1.5027319192886353,1.5027319192886353,1.5027319192886353,330857,0.0,0.0
1993-06-16,1.4963102501333756,1.5027319192886353,1.4963102501333756,1.5027319192886353,1268284,0.0,0.0
1993-06-17,1.4963101148605347,1.5091542734870014,1.4963101148605347,1.4963101148605347,369606,0.0,0.0
1993-06-18,1.4834666698635235,1.4898884296417236,1.4834666698635235,1.4898884296417236,186293,0.0,0.0
1993-06-21,1.4834666698635235,1.4898884296417236,1.4834666698635235,1.4898884296417236,180332,0.0,0.0
1993-06-22,1.4834667444229126,1.4834667444229126,1.4706225852943822,1.4834667444229126,163938,0.0,0.0
1993-06-23,1.4770442711587437,1.4898884296417236,1.4770442711587437,1.4898884296417236,435181,0.0,0.0
1993-06-24,1.4963102812638192,1.5476861000061035,1.4963102812638192,1.5476861000061035,716856,0.0,0.0
1993-06-25,1.5412636092401106,1.5476861000061035,1.5348420312264863,1.5476861000061035,144564,0.0,0.0
1993-06-28,1.5476861000061035,1.5476861000061035,1.5476861000061035,1.5476861000061035,43220,0.0,0.0
1993-06-29,1.5476858916029204,1.6247484683990479,1.5476858916029204,1.6247484683990479,226533,0.0,0.0
1993-06-30,1.6440139129590705,1.6568581595736775,1.6375923373029873,1.6504364013671875,327876,0.0,0.0
1993-07-01,1.6504369802897807,1.6761245697773786,1.6375929117202759,1.6375929117202759,594648,0.0,0.0
1993-07-02,1.6375928542796678,1.6697027507514295,1.6375928542796678,1.6568586826324463,143073,0.0,0.0
1993-07-06,1.6632797035875269,1.6632797035875269,1.6440138816833496,1.6440138816833496,13413,0.0,0.0
1993-07-07,1.6311712420789843,1.6311712420789843,1.6054836511611938,1.6054836511611938,137112,0.0,0.0
1993-07-08,1.5990611601426834,1.6054836511611938,1.5990611601426834,1.6054836511611938,204177,0.0,0.0
1993-07-09,1.5990606546401978,1.5990606546401978,1.59263907840411,1.5990606546401978,196726,0.0,0.0
1993-07-12,1.5990606546401978,1.5990606546401978,1.59263907840411,1.5990606546401978,23846,0.0,0.0
1993-07-13,1.5990608592874387,1.5990608592874387,1.5733734557530845,1.5862175226211548,238455,0.0,0.0
1993-07-14,1.5797950328110033,1.5862175226211548,1.5797950328110033,1.5862175226211548,92401,0.0,0.0
1993-07-15,1.5862180421746497,1.5926398038864136,1.5797955502608605,1.5926398038864136,32788,0.0,0.0
1993-07-16,1.59263907840411,1.6054831436284012,1.59263907840411,1.5990606546401978,78988,0.0,0.0
1993-07-19,1.5926398038864136,1.6054838749614602,1.5862180421746497,1.5926398038864136,171390,0.0,0.0
1993-07-20,1.599061383047671,1.599061383047671,1.5862180421746497,1.5926398038864136,1541018,0.0,0.0
1993-07-21,1.5797950888306944,1.5797950888306944,1.5605292616710909,1.5669517517089844,241436,0.0,0.0
1993-07-22,1.5797950888306944,1.5797950888306944,1.5605292616710909,1.5669517517089844,268262,0.0,0.0
1993-07-23,1.5605292616710909,1.5669517517089844,1.5605292616710909,1.5669517517089844,65575,0.0,0.0
1993-07-26,1.573373511545066,1.573373511545066,1.5605292616710909,1.5669517517089844,238455,0.0,0.0
1993-07-27,1.573373556137085,1.573373556137085,1.573373556137085,1.573373556137085,8942,0.0,0.0
1993-07-28,1.5733740196244577,1.5797955989837646,1.5669522577146384,1.5797955989837646,117737,0.0,0.0
1993-07-29,1.573373556137085,1.573373556137085,1.566951796119,1.573373556137085,114757,0.0,0.0
1993-07-30,1.573373556137085,1.573373556137085,1.566951796119,1.573373556137085,58123,0.0,0.0
1993-08-02,1.5669517219410296,1.5669517219410296,1.554107654861511,1.5605292320251465,67066,0.0,0.0
1993-08-03,1.566951796119,1.5797951336047116,1.5412634781934536,1.573373556137085,952331,0.0,0.0
1993-08-04,1.592638904256753,1.6953897718619622,1.592638904256753,1.6440138816833496,1003003,0.0,0.0
1993-08-05,1.6568593834979914,1.663280963897705,1.6568593834979914,1.663280963897705,143073,0.0,0.0
1993-08-06,1.6568581595736775,1.6568581595736775,1.6440139129590705,1.6504364013671875,265282,0.0,0.0
1993-08-09,1.656858740748827,1.656858740748827,1.6311711512612295,1.6375929117202759,43220,0.0,0.0
1993-08-10,1.6247484453722394,1.6247484453722394,1.5862175226211548,1.5862175226211548,166919,0.0,0.0
1993-08-11,1.5862173196175993,1.5990606546401978,1.5797948306293959,1.5990606546401978,50672,0.0,0.0
1993-08-12,1.6054837531609767,1.6375931069353293,1.6054837531609767,1.6311713457107544,117737,0.0,0.0
1993-08-13,1.6311710940458726,1.6568586826324463,1.6311710940458726,1.6568586826324463,301050,0.0,0.0
1993-08-16,1.6568593834979914,1.6761252200003818,1.6504376205477362,1.663280963897705,172880,0.0,0.0
1993-08-17,1.6568581280536077,1.6568581280536077,1.6375923061494302,1.6440138816833496,108795,0.0,0.0
1993-08-18,1.6311713457107544,1.644014685609412,1.6247488542842092,1.6311713457107544,538015,0.0,0.0
1993-08-19,1.6311713457107544,1.6375931069353293,1.6311713457107544,1.6311713457107544,37259,0.0,0.0
1993-08-20,1.6311713457107544,1.6311713457107544,1.6247488542842092,1.6311713457107544,35768,0.0,0.0
1993-08-23,1.6247488386296052,1.631171329994269,1.618327260017395,1.618327260017395,76008,0.0,0.0
1993-08-24,1.618327260017395,1.618327260017395,1.6119054988546944,1.618327260017395,166919,0.0,0.0
1993-08-25,1.6311717840453457,1.663280963897705,1.6311717840453457,1.663280963897705,125189,0.0,0.0
1993-08-26,1.6568085872239053,1.68269681930542,1.6568085872239053,1.68269681930542,207158,0.016775,0.0
1993-08-27,1.6762239098007703,1.6762239098007703,1.6697523593902588,1.6697523593902588,22355,0.0,0.0
1993-08-30,1.6632810591793048,1.68269681930542,1.6632810591793048,1.68269681930542,53652,0.0,0.0
1993-08-31,1.6826964442142986,1.6956397294998171,1.6826964442142986,1.695639729499817,92401,0.0,0.0
1993-09-01,1.6956399823438972,1.708584189414978,1.6956399823438972,1.708584189414978,38749,0.0,0.0
1993-09-02,1.7085839151149795,1.7215279361368907,1.7085839151149795,1.7150554656982422,910601,0.0,0.0
1993-09-03,1.708584189414978,1.708584189414978,1.7021124538216512,1.708584189414978,83459,0.0,0.0
1993-09-07,1.6956401074761358,1.7085843155024532,1.68269681930542,1.68269681930542,184803,0.0,0.0
1993-09-08,1.6826966050981997,1.6826966050981997,1.6568083763122559,1.6568083763122559,1098385,0.0,0.0
1993-09-09,1.6568083763122559,1.6762241339667459,1.6568083763122559,1.6568083763122559,417297,0.0,0.0
1993-09-10,1.6697527952502227,1.689168555376338,1.6697527952502227,1.68269681930542,204177,0.0,0.0
1993-09-13,1.6697523593902588,1.6891681144482271,1.6697523593902588,1.6697523593902588,554409,0.0,0.0
1993-09-14,1.6697523593902588,1.6697523593902588,1.6697523593902588,1.6697523593902588,56633,0.0,0.0
1993-09-15,1.6697527952502227,1.689168555376338,1.6697527952502227,1.68269681930542,26826,0.0,0.0
1993-09-16,1.6762243473500205,1.689168555376338,1.6697527952502227,1.68269681930542,38749,0.0,0.0
1993-09-17,1.6697527952502227,1.689168555376338,1.6697527952502227,1.68269681930542,93892,0.0,0.0
1993-09-20,1.6956397294998171,1.708583934640732,1.6891681788425974,1.695639729499817,172880,0.0,0.0
1993-09-21,1.689168799242922,1.689168799242922,1.6762245893478394,1.6762245893478394,25336,0.0,0.0
1993-09-22,1.6697530363137385,1.6762245893478394,1.663281299308491,1.6762245893478394,44710,0.0,0.0
1993-09-23,1.6697523593902588,1.6697523593902588,1.6697523593902588,1.6697523593902588,1490,0.0,0.0
1993-09-24,1.6632812023162842,1.6762244916008606,1.6632812023162842,1.6632812023162842,98363,0.0,0.0
1993-09-27,1.6632812023162842,1.6632812023162842,1.6632812023162842,1.6632812023162842,152015,0.0,0.0
1993-09-28,1.6762241339667459,1.6762241339667459,1.6568083763122559,1.6568083763122559,1017906,0.0,0.0
1993-09-29,1.6568083951602703,1.6568083951602703,1.6309210859353143,1.6438651084899902,467969,0.0,0.0
1993-09-30,1.6309216824437218,1.6373932361602783,1.6309216824437218,1.6373932361602783,28317,0.0,0.0
1993-10-01,1.630921483039856,1.643865508746205,1.630921483039856,1.630921483039856,20865,0.0,0.0
1993-10-04,1.6309212749979924,1.689168555376338,1.6309212749979924,1.68269681930542,281675,0.0,0.0
1993-10-05,1.6762243473500205,1.689168555376338,1.6697527952502227,1.68269681930542,65575,0.0,0.0
1993-10-06,1.6891682950251288,1.7085840521586968,1.6891682950251288,1.7021123170852661,64085,0.0,0.0
1993-10-07,1.6956399823438972,1.708584189414978,1.6956399823438972,1.708584189414978,16394,0.0,0.0
1993-10-08,1.7021123170852661,1.7085840521586968,1.7021123170852661,1.7021123170852661,25336,0.0,0.0
1993-10-11,1.6956397101219913,1.715055465698242,1.6956397101219913,1.7150554656982422,50672,0.0,0.0
1993-10-12,1.715055741037198,1.715055741037198,1.7021124538216512,1.708584189414978,25336,0.0,0.0
1993-10-13,1.7021123170852661,1.7021123170852661,1.6956398461274675,1.7021123170852661,11923,0.0,0.0
1993-10-14,1.689168799242922,1.689168799242922,1.663281299308491,1.6762245893478394,253359,0.0,0.0
1993-10-15,1.6697530363137385,1.6762245893478394,1.650337273384555,1.6762245893478394,58123,0.0,0.0
1993-10-18,1.6697525826907762,1.6697525826907762,1.64386508978922,1.6568083763122559,55143,0.0,0.0
1993-10-19,1.6503366043322907,1.6826963800666432,1.6503366043322907,1.6697523593902588,1168431,0.0,0.0
1993-10-20,1.6826969641132614,1.6826969641132614,1.6568087298038832,1.6632812023162842,84950,0.0,0.0
1993-10-21,1.6568083763122559,1.66328084744371,1.6503368250362864,1.6568083763122559,31297,0.0,0.0
1993-10-22,1.66328084744371,1.66328084744371,1.6568083763122559,1.6568083763122559,29807,0.0,0.0
1993-10-25,1.6632806250086751,1.6762239098007703,1.6632806250086751,1.6697523593902588,19374,0.0,0.0
1993-10-26,1.6632806250086751,1.6697523593902588,1.6632806250086751,1.6697523593902588,7452,0.0,0.0
1993-10-27,1.6762244916008606,1.6826969641132614,1.6632812023162842,1.6632812023162842,19374,0.0,0.0
1993-10-28,1.6697530363137385,1.6762245893478394,1.6697530363137385,1.6762245893478394,156486,0.0,0.0
1993-10-29,1.6762243473500205,1.68269681930542,1.6697527952502227,1.68269681930542,140093,0.0,0.0
1993-11-01,1.6826970622376745,1.6826970622376745,1.663281299308491,1.6762245893478394,143073,0.0,0.0
1993-11-02,1.6697525826907762,1.6762241339667459,1.64386508978922,1.6568083763122559,233984,0.0,0.0
1993-11-03,1.6697530363137385,1.689168799242922,1.6568088264186556,1.6762245893478394,292108,0.0,0.0
1993-11-04,1.669752860918695,1.669752860918695,1.6438653637035514,1.6503371000289917,156486,0.0,0.0
1993-11-05,1.6503366043322907,1.6697523593902588,1.6503366043322907,1.6697523593902588,32788,0.0,0.0
1993-11-08,1.656808154742802,1.6697523593902588,1.656808154742802,1.6697523593902588,92401,0.0,0.0
1993-11-09,1.663281299308491,1.6762245893478394,1.663281299308491,1.6762245893478394,44710,0.0,0.0
1993-11-10,1.6697529389441403,1.6697529389441403,1.6632812023162842,1.6632812023162842,19374,0.0,0.0
1993-11-11,1.6568083763122559,1.6568083763122559,1.6568083763122559,1.6568083763122559,4471,0.0,0.0
1993-11-12,1.6632812023162842,1.6632812023162842,1.650337177147163,1.6632812023162842,47691,0.0,0.0
1993-11-15,1.669753008245472,1.669753008245472,1.630921483039856,1.630921483039856,493305,0.0,0.0
1993-11-16,1.6179777791681191,1.6179777791681191,1.553258027781905,1.6050337553024292,1256362,0.0,0.0
1993-11-17,1.6179782305563402,1.6244499683380127,1.6050342030794882,1.6244499683380127,870362,0.0,0.0
1993-11-18,1.6244494977223956,1.6244494977223956,1.5985620021820068,1.5985620021820068,341289,0.0,0.0
1993-11-19,1.5920895474656216,1.6050337553024292,1.585617995460571,1.6050337553024292,295089,0.0,0.0
1993-11-22,1.6050337553024292,1.6050337553024292,1.5920895474656216,1.6050337553024292,499266,0.0,0.0
1993-11-23,1.6050342030794882,1.6244499683380127,1.585618437820964,1.6244499683380127,1314485,0.0,0.0
1993-11-24,1.624449449103473,1.6505448818206787,1.624449449103473,1.6505448818206787,22355,0.016775,0.0
1993-11-26,1.6505448818206787,1.6505448818206787,1.6505448818206787,1.6505448818206787,0,0.0,0.0
1993-11-29,1.6570691731590117,1.6701164245605469,1.6570691731590117,1.6701164245605469,65575,0.0,0.0
1993-11-30,1.6701164245605469,1.6766408847809833,1.650544712938575,1.6701164245605469,499266,0.0,0.0
1993-12-01,1.657069444656372,1.657069444656372,1.6440214493217677,1.657069444656372,244417,0.0,0.0
1993-12-02,1.6570695069026211,1.6570695069026211,1.6440215110778809,1.6440215110778809,460517,0.0,0.0
1993-12-03,1.6505450453681194,1.6505450453681194,1.6309740715996988,1.6440215110778809,98363,0.0,0.0
1993-12-06,1.6505450453681194,1.6505450453681194,1.6309740715996988,1.6440215110778809,661714,0.0,0.0
1993-12-07,1.6374977913387898,1.6505450453681194,1.6374977913387898,1.6440215110778809,171390,0.0,0.0
1993-12-08,1.6440217340025045,1.6440217340025045,1.630974292755127,1.630974292755127,31297,0.0,0.0
1993-12-09,1.6244492530822754,1.6244492530822754,1.6244492530822754,1.6244492530822754,62595,0.0,0.0
1993-12-10,1.630973909991486,1.6505448818206787,1.630973909991486,1.6505448818206787,174370,0.0,0.0
1993-12-13,1.6374973865470754,1.66359281539917,1.624449208499011,1.66359281539917,324895,0.0,0.0
1993-12-14,1.663592993400869,1.683164706220686,1.650544813956671,1.6766409873962402,572293,0.0,0.0
1993-12-15,1.6635928915841869,1.6701164245605469,1.6570691731590117,1.6701164245605469,52162,0.0,0.0
1993-12-16,1.6570693427086916,1.6570693427086916,1.6505448818206787,1.6505448818206787,65575,0.0,0.0
1993-12-17,1.6635927892034603,1.7223079204559326,1.6440210787859695,1.7223079204559326,250378,0.0,0.0
1993-12-20,1.7288314530308218,1.7288314530308218,1.7157842024322396,1.7223079204559326,163938,0.0,0.0
1993-12-21,1.722307877993963,1.72883141040802,1.722307877993963,1.72883141040802,80479,0.0,0.0
1993-12-22,1.7157843279644105,1.7157843279644105,1.7027363346159805,1.7092598676681519,52162,0.0,0.0
1993-12-23,1.696212887763977,1.7027366073097414,1.689688426422824,1.696212887763977,68556,0.0,0.0
1993-12-27,1.696212887763977,1.696212887763977,1.696212887763977,1.696212887763977,1490,0.0,0.0
1993-12-28,1.6896881361825187,1.6896881361825187,1.6701164245605469,1.6701164245605469,38749,0.0,0.0
1993-12-29,1.6701164245605469,1.6831646032061587,1.650544712938575,1.6701164245605469,853968,0.0,0.0
1993-12-30,1.670116526776488,1.683164706220686,1.670116526776488,1.6766409873962402,26826,0.0,0.0
1993-12-31,1.6831645965576172,1.6831645965576172,1.6766408781582107,1.6831645965576172,56633,0.0,0.0
1994-01-03,1.6831646032061587,1.6831646032061587,1.6635928915841869,1.6701164245605469,467969,0.0,0.0
1994-01-04,1.6701163480767818,1.6701163480767818,1.66359281539917,1.66359281539917,40239,0.0,0.0
1994-01-05,1.6570691731590117,1.6896881361825187,1.6570691731590117,1.6701164245605469,251868,0.0,0.0
1994-01-06,1.6635930618013672,1.6635930618013672,1.6440213481768373,1.6505448818206787,46201,0.0,0.0
1994-01-07,1.6440213481768373,1.6505448818206787,1.6440213481768373,1.6505448818206787,16394,0.0,0.0
1994-01-10,1.6505450453681194,1.6505450453681194,1.6440215110778809,1.6440215110778809,46201,0.0,0.0
1994-01-11,1.6374980133788157,1.6505452691773157,1.630974292755127,1.630974292755127,1217613,0.0,0.0
1994-01-12,1.630974292755127,1.6440217340025045,1.630974292755127,1.630974292755127,154996,0.0,0.0
1994-01-13,1.6440213481768373,1.6505448818206787,1.624449449103473,1.6505448818206787,546957,0.0,0.0
1994-01-14,1.6440213481768373,1.6570693427086916,1.6440213481768373,1.6505448818206787,117737,0.0,0.0
1994-01-17,1.6440213145224902,1.6440213145224902,1.6179258823394775,1.6179258823394775,2175905,0.0,0.0
1994-01-18,1.6179257114405667,1.6179257114405667,1.5331151485443115,1.5331151485443115,281675,0.0,0.0
1994-01-19,1.5396390799185913,1.5592108876872275,1.5396390799185913,1.552687168121338,2269797,0.0,0.0
1994-01-20,1.5592102589113181,1.572258249127835,1.5592102589113181,1.565733790397644,259320,0.0,0.0
1994-01-21,1.565733790397644,1.565733790397644,1.5526865419762195,1.565733790397644,718347,0.0,0.0
1994-01-24,1.5461627067600572,1.5657344218042695,1.5461627067600572,1.552687168121338,204177,0.0,0.0
1994-01-25,1.5526867229581935,1.5592104406537002,1.5331150135252893,1.539638638496399,104324,0.0,0.0
1994-01-26,1.533115284772225,1.533115284772225,1.5135435718765888,1.5265908241271973,1067088,0.0,0.0
1994-01-27,1.5331151485443115,1.5396387740899462,1.5331151485443115,1.5331151485443115,560370,0.0,0.0
1994-01-28,1.5200674715221856,1.5200674715221856,1.5004957551048232,1.5135438442230225,153506,0.0,0.0
1994-01-31,1.5070198774337769,1.5135435963891495,1.5004955094074979,1.5070198774337769,271243,0.0,0.0
1994-02-01,1.5070201241994292,1.5135438442230225,1.4939720350812298,1.5135438442230225,99853,0.0,0.0
1994-02-02,1.5070198530268708,1.5265908241271973,1.500495485106257,1.5265908241271973,447104,0.0,0.0
1994-02-03,1.5396390799185913,1.552687168121338,1.5331154530771254,1.552687168121338,752625,0.0,0.0
1994-02-04,1.5592108964920044,1.5657344306458845,1.5526871768892758,1.5592108964920044,910601,0.0,0.0
1994-02-07,1.559210785356465,1.559210785356465,1.5396389788723233,1.5461626052856445,448594,0.0,0.0
1994-02-08,1.5461627367547537,1.585306167602539,1.5461627367547537,1.585306167602539,365135,0.0,0.0
1994-02-09,1.5918305586206405,1.6114022731781006,1.5918305586206405,1.6114022731781006,603590,0.0,0.0
1994-02-10,1.6179261304757278,1.6179261304757278,1.5983544142501926,1.6048779487609863,436671,0.0,0.0
1994-02-11,1.611402410516075,1.6179261304757278,1.5983544142501926,1.6048779487609863,146054,0.0,0.0
1994-02-14,1.598354278024284,1.6179259925817442,1.598354278024284,1.6114022731781006,52162,0.0,0.0
1994-02-15,1.6179256825618857,1.6179256825618857,1.5918302536010742,1.5918302536010742,223552,0.0,0.0
1994-02-16,1.6048777541098926,1.6114022150736476,1.5918305012219105,1.5983542203903198,251868,0.0,0.0
1994-02-17,1.611402410516075,1.611402410516075,1.5983544142501926,1.6048779487609863,119228,0.0,0.0
1994-02-18,1.6114023445142833,1.6114023445142833,1.585306167602539,1.585306167602539,269753,0.0,0.0
1994-02-22,1.591830450156465,1.6179258823394775,1.591830450156465,1.6179258823394775,184803,0.0,0.0
1994-02-23,1.6310800616419623,1.6310800616419623,1.6113492250442505,1.6113492250442505,92401,0.016775,0.0
1994-02-24,1.6047721363817256,1.6047721363817256,1.5916180610656738,1.5916180610656738,156486,0.0,0.0
1994-02-25,1.5981946313323454,1.5981946313323454,1.5916180610656738,1.5916180610656738,31297,0.0,0.0
1994-02-28,1.5981951427767944,1.5981951427767944,1.571887731552124,1.571887731552124,93892,0.0,0.0
1994-03-01,1.5653109231633264,1.5850417613983154,1.5653109231633264,1.5850417613983154,29807,0.0,0.0
1994-03-02,1.598195092685188,1.598195092685188,1.5784642544501988,1.5850417613983154,37259,0.0,0.0
1994-03-03,1.5718873691085329,1.5784639399633817,1.5455797769932287,1.5587331056594849,226533,0.0,0.0
1994-03-04,1.5455796718597412,1.552156335745511,1.5390021666695157,1.5455796718597412,244417,0.0,0.0
1994-03-07,1.5390021666695157,1.5455796718597412,1.5258488388979758,1.5455796718597412,625945,0.0,0.0
1994-03-08,1.5390025147318807,1.552156686782837,1.5390025147318807,1.552156686782837,52162,0.0,0.0
1994-03-09,1.5455796718597412,1.552156335745511,1.5390021666695157,1.5455796718597412,87930,0.0,0.0
1994-03-10,1.5390021666695157,1.552156335745511,1.5390021666695157,1.5455796718597412,165428,0.0,0.0
1994-03-11,1.54557994031649,1.54557994031649,1.5258491039276123,1.5258491039276123,81969,0.0,0.0
1994-03-14,1.5258491615698135,1.5916184317274022,1.5258491615698135,1.5653108358383179,339799,0.0,0.0
1994-03-15,1.5653107017927899,1.5784640312194824,1.5653107017927899,1.5784640312194824,11923,0.0,0.0
1994-03-16,1.5653107017927899,1.5784640312194824,1.5653107017927899,1.5784640312194824,290617,0.0,0.0
1994-03-17,1.5718875342876912,1.6113492070422486,1.5718875342876912,1.6047724485397339,281675,0.0,0.0
1994-03-18,1.6113489541976336,1.6179255247116089,1.5981946914303913,1.6179255247116089,128170,0.0,0.0
1994-03-21,1.6113494621116624,1.6113494621116624,1.598195195198059,1.598195195198059,26826,0.0,0.0
1994-03-22,1.598194960065949,1.6113492250442505,1.598194960065949,1.6113492250442505,166919,0.0,0.0
1994-03-23,1.6179255112299524,1.6245030164718628,1.6179255112299524,1.6245030164718628,31297,0.0,0.0
1994-03-24,1.6179255247116089,1.6179255247116089,1.6047721967271098,1.6179255247116089,98363,0.0,0.0
1994-03-25,1.611349312930378,1.631080150604248,1.6047725539956783,1.631080150604248,184803,0.0,0.0
1994-03-28,1.6179257966636609,1.6310800616419623,1.6113492250442505,1.6113492250442505,153506,0.0,0.0
1994-03-29,1.6179259309201772,1.6179259309201772,1.5850417613983154,1.5850417613983154,445613,0.0,0.0
1994-03-30,1.571887073401199,1.571887073401199,1.460079407292438,1.4798102378845215,324895,0.0,0.0
1994-03-31,1.4600796699523926,1.4600796699523926,1.4140412439120051,1.4600796699523926,611042,0.0,0.0
1994-04-04,1.4469254932000246,1.4732329914953173,1.4469254932000246,1.4666563272476196,99853,0.0,0.0
1994-04-05,1.4732327334842572,1.4863869009804314,1.4732327334842572,1.4798102378845215,128170,0.0,0.0
1994-04-06,1.473233375003887,1.473233375003887,1.4535025358200073,1.4535025358200073,289127,0.0,0.0
1994-04-07,1.4469255493596125,1.4469255493596125,1.4206180500432455,1.4271947145462036,490324,0.0,0.0
1994-04-08,1.4206180500432455,1.4271947145462036,1.4206180500432455,1.4271947145462036,150525,0.0,0.0
1994-04-11,1.4206179584485383,1.4206179584485383,1.4008870314290043,1.407463788986206,190764,0.0,0.0
1994-04-12,1.4008871792165427,1.4074639374675637,1.3745796788210307,1.3877331018447876,123699,0.0,0.0
1994-04-13,1.4008872587511638,1.407464017375577,1.3877331806325932,1.3943105936050415,312973,0.0,0.0
1994-04-14,1.3943105936050415,1.3943105936050415,1.3877331806325932,1.3943105936050415,181822,0.0,0.0
1994-04-15,1.4074641292567664,1.414041542752062,1.3943107044406478,1.400887370109558,815219,0.0,0.0
1994-04-18,1.4074639374675637,1.4074639374675637,1.3811563435937666,1.3877331018447876,591667,0.0,0.0
1994-04-19,1.3877331130762784,1.3877331130762784,1.361425518989563,1.361425518989563,755605,0.0,0.0
1994-04-20,1.3745798507337705,1.3745798507337705,1.3351181745529175,1.3351181745529175,450084,0.0,0.0
1994-04-21,1.3416946293357686,1.3482712938976675,1.3153871297836304,1.3153871297836304,503737,0.0,0.0
1994-04-22,1.3219637943455294,1.3219637943455294,1.3153871297836304,1.3153871297836304,71537,0.0,0.0
1994-04-25,1.3153872310348271,1.3219638961029612,1.289079635979394,1.3088104724884033,536525,0.0,0.0
1994-04-26,1.3088105773889431,1.341694840148168,1.3088105773889431,1.3351181745529175,1098385,0.0,0.0
1994-04-28,1.3416946293357686,1.3482712938976675,1.3153871297836304,1.3153871297836304,242926,0.0,0.0
1994-04-29,1.3153871297836304,1.3153871297836304,1.3153871297836304,1.3153871297836304,122208,0.0,0.0
1994-05-02,1.3219637943455294,1.3285404589074283,1.3153871297836304,1.3153871297836304,552918,0.0,0.0
1994-05-03,1.3219637589673594,1.348271257815461,1.3219637589673594,1.3416945934295654,110286,0.0,0.0
1994-05-04,1.341694683207097,1.361425518989563,1.341694683207097,1.361425518989563,40239,0.0,0.0
1994-05-05,1.3680018186569214,1.3680018186569214,1.3680018186569214,1.3680018186569214,52162,0.0,0.0
1994-05-06,1.3680018186569214,1.3811559861022025,1.3680018186569214,1.3680018186569214,160957,0.0,0.0
1994-05-09,1.3811559861022025,1.3811559861022025,1.3614251555864565,1.3680018186569214,241436,0.0,0.0
1994-05-10,1.3680023908119514,1.3877333230582483,1.3680023908119514,1.38115656375885,37259,0.0,0.0
1994-05-11,1.374579906463623,1.374579906463623,1.368002399297025,1.374579906463623,459027,0.0,0.0
1994-05-12,1.368002399297025,1.374579906463623,1.368002399297025,1.374579906463623,16394,0.0,0.0
1994-05-13,1.368002399297025,1.3811565723255128,1.368002399297025,1.374579906463623,17884,0.0,0.0
1994-05-16,1.3811565723255128,1.3811565723255128,1.374579906463623,1.374579906463623,141583,0.0,0.0
1994-05-17,1.3811565723255128,1.3811565723255128,1.374579906463623,1.374579906463623,16394,0.0,0.0
1994-05-18,1.3745798979377524,1.3877333230582483,1.3680023908119514,1.38115656375885,594648,0.0,0.0
1994-05-19,1.3745793230317376,1.3745793230317376,1.3680018186569214,1.3680018186569214,439652,0.0,0.0
1994-05-20,1.38115656375885,1.3877333230582483,1.3745798979377524,1.38115656375885,65575,0.0,0.0
1994-05-23,1.3745796788210307,1.3877331018447876,1.368002172743726,1.3877331018447876,484362,0.0,0.0
1994-05-24,1.3943105936050415,1.3943105936050415,1.3943105936050415,1.3943105936050415,22355,0.0,0.0
1994-05-25,1.3943107729813544,1.3943107729813544,1.3876714706420898,1.3876714706420898,26826,0.016775,0.0
1994-05-26,1.387671486773526,1.387671486773526,1.374392032623291,1.374392032623291,28317,0.0,0.0
1994-05-27,1.3810312747955322,1.387671426239661,1.3810312747955322,1.3810312747955322,55143,0.0,0.0
1994-05-31,1.381031109499605,1.3876712601489727,1.361112356185913,1.361112356185913,105815,0.0,0.0
1994-06-01,1.3677525665752142,1.3677525665752142,1.3544731140136719,1.3544731140136719,508208,0.0,0.0
1994-06-02,1.3611124011636804,1.3677525520324707,1.3611124011636804,1.3677525520324707,104324,0.0,0.0
1994-06-03,1.3743919726687106,1.3810312747955322,1.3743919726687106,1.3810312747955322,41730,0.0,0.0
1994-06-06,1.3810311413175627,1.3943105936050415,1.3810311413175627,1.3943105936050415,19374,0.0,0.0
1994-06-07,1.3876712579744774,1.4009499549865723,1.3876712579744774,1.4009499549865723,8942,0.0,0.0
1994-06-08,1.394310697555623,1.4142294528132393,1.394310697555623,1.4075901508331299,98363,0.0,0.0
1994-06-09,1.414229393005371,1.414229393005371,1.414229393005371,1.414229393005371,2981,0.0,0.0
1994-06-10,1.4075900913060384,1.4208687890732874,1.4075900913060384,1.414229393005371,90911,0.0,0.0
1994-06-13,1.4142295957855706,1.420868992805481,1.4142295957855706,1.420868992805481,317444,0.0,0.0
1994-06-14,1.4341481790259598,1.4607062339782715,1.4341481790259598,1.4607062339782715,34278,0.0,0.0
1994-06-15,1.4607065329924833,1.4607065329924833,1.4341484726035987,1.4540672302246094,110286,0.0,0.0
1994-06-16,1.4507471541819779,1.4540672302246094,1.4407877753714726,1.4540672302246094,134131,0.0,0.0
1994-06-17,1.4673450662981176,1.4673450662981176,1.4474263191223145,1.4474263191223145,64085,0.0,0.0
1994-06-20,1.4540664677255446,1.4540664677255446,1.4341477205497415,1.4474263191223145,59614,0.0,0.0
1994-06-21,1.440787733398739,1.440787733398739,1.4341484308242798,1.4341484308242798,469459,0.0,0.0
1994-06-22,1.4341484474254818,1.4341484474254818,1.420868992805481,1.420868992805481,101344,0.0,0.0
1994-06-23,1.4208688491619361,1.4208688491619361,1.4075901508331299,1.4075901508331299,16394,0.0,0.0
1994-06-24,1.4009499549865723,1.4009499549865723,1.3943105592962357,1.4009499549865723,460517,0.0,0.0
1994-06-27,1.3544726752654903,1.3544726752654903,1.314635179802485,1.321275234222412,305521,0.0,0.0
1994-06-28,1.321275234222412,1.321275234222412,1.314635179802485,1.321275234222412,137112,0.0,0.0
1994-06-29,1.3279148945999086,1.3411934962081966,1.3279148945999086,1.3345541954040527,78988,0.0,0.0
1994-06-30,1.3411932270054994,1.3411932270054994,1.321275234222412,1.321275234222412,135621,0.0,0.0
1994-07-01,1.3279148945999086,1.3411934962081966,1.3279148945999086,1.3345541954040527,16394,0.0,0.0
1994-07-05,1.3345539275339877,1.3345539275339877,1.314635179802485,1.321275234222412,567822,0.0,0.0
1994-07-06,1.3245950117321488,1.3245950117321488,1.3146356344223022,1.3146356344223022,482872,0.0,0.0
1994-07-07,1.321275234222412,1.321275234222412,1.314635179802485,1.321275234222412,642339,0.0,0.0
1994-07-08,1.327915072441101,1.327915072441101,1.327915072441101,1.327915072441101,788393,0.0,0.0
1994-07-11,1.321275234222412,1.3279146280624758,1.314635179802485,1.321275234222412,137112,0.0,0.0
1994-07-12,1.321275234222412,1.3279146280624758,1.321275234222412,1.321275234222412,38749,0.0,0.0
1994-07-13,1.321275234222412,1.3279146280624758,1.321275234222412,1.321275234222412,682578,0.0,0.0
1994-07-14,1.321275691138456,1.321275691138456,1.3146356344223022,1.3146356344223022,68556,0.0,0.0
1994-07-15,1.3212754994271938,1.3345541954040527,1.3146354436744827,1.3345541954040527,594648,0.0,0.0
1994-07-18,1.3279146280624758,1.3279146280624758,1.321275234222412,1.321275234222412,62595,0.0,0.0
1994-07-19,1.3146356344223022,1.321275691138456,1.3146356344223022,1.3146356344223022,572293,0.0,0.0
1994-07-20,1.3146356344223022,1.3146356344223022,1.3146356344223022,1.3146356344223022,47691,0.0,0.0
1994-07-21,1.314636168946309,1.314636168946309,1.2947173118591309,1.2947173118591309,654262,0.0,0.0
1994-07-22,1.301357208305265,1.3212759670849608,1.301357208305265,1.3079965114593506,222062,0.0,0.0
1994-07-25,1.3079965114593506,1.3079965114593506,1.3079965114593506,1.3079965114593506,0,0.0,0.0
1994-07-26,1.3079965114593506,1.3079965114593506,1.301357208305265,1.3079965114593506,123699,0.0,0.0
1994-07-27,1.3013569116592407,1.3013569116592407,1.3013569116592407,1.3013569116592407,184803,0.0,0.0
1994-07-28,1.3013574656437203,1.3013574656437203,1.2947173118591309,1.2947173118591309,472440,0.0,0.0
1994-07-29,1.2947173118591309,1.3013574656437203,1.2947173118591309,1.2947173118591309,527582,0.0,0.0
1994-08-01,1.2947173118591309,1.3013574656437203,1.2947173118591309,1.2947173118591309,265282,0.0,0.0
1994-08-02,1.2880769968032837,1.2880769968032837,1.2880769968032837,1.2880769968032837,168409,0.0,0.0
1994-08-03,1.2947167607013474,1.307996213299889,1.281438157420051,1.3013569116592407,163938,0.0,0.0
1994-08-04,1.3079965114593506,1.3079965114593506,1.3079965114593506,1.3079965114593506,7452,0.0,0.0
1994-08-05,1.3013574656437203,1.3013574656437203,1.288078007392148,1.2947173118591309,38749,0.0,0.0
1994-08-08,1.2947165481725746,1.2947165481725746,1.274797797203064,1.274797797203064,330857,0.0,0.0
1994-08-09,1.274797797203064,1.2814379470709711,1.274797797203064,1.274797797203064,192255,0.0,0.0
1994-08-10,1.2814379470709711,1.2814379470709711,1.274797797203064,1.274797797203064,110286,0.0,0.0
1994-08-11,1.274797797203064,1.274797797203064,1.274797797203064,1.274797797203064,147544,0.0,0.0
1994-08-12,1.274797797203064,1.2814379470709711,1.274797797203064,1.274797797203064,344270,0.0,0.0
1994-08-15,1.2814379470709711,1.2947165481725746,1.274797797203064,1.274797797203064,380038,0.0,0.0
1994-08-16,1.288078007392148,1.2947173118591309,1.2814387029251653,1.2947173118591309,37259,0.0,0.0
1994-08-17,1.3013564864909095,1.321275234222412,1.3013564864909095,1.321275234222412,1052184,0.0,0.0
1994-08-18,1.3146359089820407,1.3146359089820407,1.3079965114593506,1.3079965114593506,508208,0.0,0.0
1994-08-19,1.307996223675326,1.327915072441101,1.307996223675326,1.327915072441101,76008,0.0,0.0
1994-08-22,1.327915072441101,1.3345543741344144,1.327915072441101,1.327915072441101,76008,0.0,0.0
1994-08-23,1.3345543741344144,1.3345543741344144,1.327915072441101,1.327915072441101,93892,0.0,0.0
1994-08-24,1.334554137062395,1.3478335874072935,1.334554137062395,1.341193437576294,65575,0.0,0.0
1994-08-25,1.3411936028722211,1.361112356185913,1.3411936028722211,1.361112356185913,95382,0.0,0.0
1994-08-26,1.3611136857798891,1.4013437032699585,1.3611136857798891,1.4013437032699585,25336,0.016775,0.0
1994-08-29,1.4013437032699585,1.4080484202898516,1.4013437032699585,1.4013437032699585,107305,0.0,0.0
1994-08-30,1.4013437032699585,1.4013437032699585,1.4013437032699585,1.4013437032699585,19374,0.0,0.0
1994-08-31,1.4013429611313235,1.41475248336792,1.4013429611313235,1.41475248336792,80479,0.0,0.0
1994-09-01,1.4147525298292236,1.4214580059051514,1.4147525298292236,1.4214580059051514,499266,0.0,0.0
1994-09-02,1.4214580059051514,1.4214580059051514,1.4214580059051514,1.4214580059051514,342780,0.0,0.0
1994-09-06,1.4214583331228914,1.4348678588867188,1.4214583331228914,1.4348678588867188,184803,0.0,0.0
1994-09-07,1.4348675285821246,1.4348675285821246,1.4214580059051514,1.4214580059051514,131150,0.0,0.0
1994-09-08,1.4214583363572288,1.4281630516052246,1.4214583363572288,1.4281630516052246,38749,0.0,0.0
1994-09-09,1.4214578403791114,1.4214578403791114,1.4080475568771362,1.4080475568771362,62595,0.0,0.0
1994-09-12,1.41475248336792,1.4214579592236358,1.41475248336792,1.41475248336792,38749,0.0,0.0
1994-09-13,1.4214580059051514,1.4214580059051514,1.4147525298292236,1.4214580059051514,35768,0.0,0.0
1994-09-14,1.4147523650840235,1.4147523650840235,1.4080475568771362,1.4080475568771362,116247,0.0,0.0
1994-09-15,1.4214580059051514,1.4281627195944753,1.4214580059051514,1.4214580059051514,38749,0.0,0.0
1994-09-16,1.4214583331228914,1.4348678588867188,1.414752855503372,1.4348678588867188,208648,0.0,0.0
1994-09-19,1.4348677849407085,1.4415732622146606,1.4348677849407085,1.4415732622146606,38749,0.0,0.0
1994-09-20,1.4348674814602325,1.4348674814602325,1.41475248336792,1.41475248336792,93892,0.0,0.0
1994-09-21,1.4080476746004604,1.41475248336792,1.4080476746004604,1.41475248336792,119228,0.0,0.0
1994-09-22,1.4080475568771362,1.4080475568771362,1.4080475568771362,1.4080475568771362,37259,0.0,0.0
1994-09-23,1.401343276558961,1.408047991537259,1.3946377038955688,1.3946377038955688,134131,0.0,0.0
1994-09-26,1.3946377038955688,1.401343276558961,1.3946377038955688,1.3946377038955688,13413,0.0,0.0
1994-09-27,1.394637273375161,1.4080475568771362,1.394637273375161,1.4080475568771362,56633,0.0,0.0
1994-09-28,1.414752855503372,1.4348678588867188,1.414752855503372,1.4348678588867188,53652,0.0,0.0
1994-09-29,1.4281630516052246,1.4281630516052246,1.4281630516052246,1.4281630516052246,13413,0.0,0.0
1994-09-30,1.428162971891428,1.4482780694961548,1.4214582570176602,1.4482780694961548,193745,0.0,0.0
1994-10-03,1.4415733397863446,1.4415733397863446,1.4281630516052246,1.4281630516052246,89421,0.0,0.0
1994-10-04,1.4214580059051514,1.4281627195944753,1.4214580059051514,1.4214580059051514,40239,0.0,0.0
1994-10-05,1.4214582791789492,1.4214582791789492,1.3946377038955688,1.3946377038955688,357683,0.0,0.0
1994-10-06,1.387932988917271,1.3946377038955688,1.387932988917271,1.3946377038955688,126679,0.0,0.0
1994-10-07,1.3879327774047852,1.3879327774047852,1.3879327774047852,1.3879327774047852,512679,0.0,0.0
1994-10-10,1.3946374913613258,1.3946374913613258,1.3812280634482448,1.3879327774047852,165428,0.0,0.0
1994-10-11,1.3812280634482448,1.3879327774047852,1.3812280634482448,1.3879327774047852,29807,0.0,0.0
1994-10-12,1.3879327774047852,1.3879327774047852,1.3812280634482448,1.3879327774047852,68556,0.0,0.0
1994-10-13,1.3879327774047852,1.4013430630028296,1.3879327774047852,1.3879327774047852,70046,0.0,0.0
1994-10-14,1.387932988917271,1.401343276558961,1.387932988917271,1.3946377038955688,93892,0.0,0.0
1994-10-17,1.39463812856471,1.4013437032699585,1.39463812856471,1.4013437032699585,29807,0.0,0.0
1994-10-18,1.401343276558961,1.401343276558961,1.3946377038955688,1.3946377038955688,23846,0.0,0.0
1994-10-19,1.39463812856471,1.4080484202898516,1.39463812856471,1.4013437032699585,44710,0.0,0.0
1994-10-20,1.401343276558961,1.401343276558961,1.3946377038955688,1.3946377038955688,43220,0.0,0.0
1994-10-21,1.387932988917271,1.3946377038955688,1.387932988917271,1.3946377038955688,14903,0.0,0.0
1994-10-24,1.3946377038955688,1.3946377038955688,1.387932988917271,1.3946377038955688,114757,0.0,0.0
1994-10-25,1.387932988917271,1.3946377038955688,1.387932988917271,1.3946377038955688,17884,0.0,0.0
1994-10-26,1.3879327774047852,1.3946374913613258,1.3879327774047852,1.3879327774047852,22355,0.0,0.0
1994-10-27,1.387932988917271,1.3946377038955688,1.387932988917271,1.3946377038955688,10432,0.0,0.0
1994-10-28,1.3879327774047852,1.3946374913613258,1.3879327774047852,1.3879327774047852,59614,0.0,0.0
1994-10-31,1.3946377582301825,1.3946377582301825,1.3745227548265206,1.3812283277511597,96872,0.0,0.0
1994-11-01,1.3745225667953491,1.3745225667953491,1.3745225667953491,1.3745225667953491,5961,0.0,0.0
1994-11-02,1.3812283277511597,1.3812283277511597,1.3745227548265206,1.3812283277511597,125189,0.0,0.0
1994-11-03,1.381228138802683,1.381228138802683,1.3745225667953491,1.3745225667953491,89421,0.0,0.0
1994-11-04,1.381228138802683,1.381228138802683,1.3745225667953491,1.3745225667953491,83459,0.0,0.0
1994-11-07,1.3678178524730256,1.3745225667953491,1.3678178524730256,1.3745225667953491,13413,0.0,0.0
1994-11-08,1.3678178524730256,1.3745225667953491,1.3678178524730256,1.3745225667953491,101344,0.0,0.0
1994-11-09,1.3745225667953491,1.3745225667953491,1.3745225667953491,1.3745225667953491,0,0.0,0.0
1994-11-10,1.3678181448248812,1.3745228605802433,1.3544078556289634,1.361113429069519,92401,0.0,0.0
1994-11-11,1.3544076681137085,1.3544076681137085,1.3544076681137085,1.3544076681137085,11923,0.0,0.0
1994-11-14,1.361113429069519,1.361113429069519,1.3544078556289634,1.361113429069519,20865,0.0,0.0
1994-11-15,1.3544078556289634,1.361113429069519,1.3477031398736012,1.361113429069519,26826,0.0,0.0
1994-11-16,1.3544079673296874,1.3544079673296874,1.3342937231063843,1.3342937231063843,11923,0.0,0.0
1994-11-17,1.3141783475875854,1.3141783475875854,1.3141783475875854,1.3141783475875854,162448,0.0,0.0
1994-11-18,1.32088306201379,1.32088306201379,1.3141783475875854,1.3141783475875854,23846,0.0,0.0
1994-11-21,1.3208829147549408,1.3275877237319946,1.3208829147549408,1.3275877237319946,295089,0.0,0.0
1994-11-22,1.32088306201379,1.32088306201379,1.3141783475875854,1.3141783475875854,40239,0.0,0.0
1994-11-23,1.3141783475875854,1.3141783475875854,1.3074727754763573,1.3141783475875854,74517,0.0,0.0
1994-11-25,1.3074043989181519,1.3074043989181519,1.3074043989181519,1.3074043989181519,19374,0.016775,0.0
1994-11-28,1.3074047974067073,1.3074047974067073,1.3006300926208496,1.3006300926208496,41730,0.0,0.0
1994-11-29,1.3006296961971804,1.3074043989181519,1.3006296961971804,1.3074043989181519,17884,0.0,0.0
1994-11-30,1.3006299816316995,1.3074046858394384,1.293856143951416,1.293856143951416,83459,0.0,0.0
1994-12-01,1.2938559593562793,1.2938559593562793,1.273533582687378,1.273533582687378,244417,0.0,0.0
1994-12-02,1.2599848571394259,1.2599848571394259,1.2532110214233398,1.2532110214233398,205668,0.0,0.0
1994-12-05,1.2464373891772054,1.2464373891772054,1.2125663757324219,1.2125663757324219,90911,0.0,0.0
1994-12-06,1.2193410325543557,1.2396626385253116,1.2125663294636622,1.2261148691177368,137112,0.0,0.0
1994-12-07,1.2193410325543557,1.2261148691177368,1.2193410325543557,1.2261148691177368,28317,0.0,0.0
1994-12-08,1.2261148691177368,1.2328888019619304,1.2261148691177368,1.2261148691177368,55143,0.0,0.0
1994-12-09,1.2261154082630148,1.2261154082630148,1.205793023109436,1.205793023109436,81969,0.0,0.0
1994-12-12,1.1990191835674742,1.205793023109436,1.1990191835674742,1.205793023109436,111776,0.0,0.0
1994-12-13,1.2057925389105666,1.2193410790816226,1.1990187020887113,1.2125663757324219,119228,0.0,0.0
1994-12-14,1.2125668626513977,1.2193415687210531,1.205793023109436,1.205793023109436,43220,0.0,0.0
1994-12-15,1.2125661047877496,1.2396624088287354,1.2057922694794898,1.2396624088287354,108795,0.0,0.0
1994-12-16,1.246437110664147,1.246437110664147,1.2328885735204755,1.2396624088287354,128170,0.0,0.0
1994-12-19,1.2261151160035066,1.2261151160035066,1.2125665736213502,1.2193412780761719,154996,0.0,0.0
1994-12-20,1.2125663757324219,1.2125663757324219,1.1990187020887113,1.2125663757324219,394942,0.0,0.0
1994-12-21,1.205793023109436,1.2125668626513977,1.1990191835674742,1.205793023109436,207158,0.0,0.0
1994-12-22,1.1990186984327613,1.1990186984327613,1.1651477813720703,1.1651477813720703,283166,0.0,0.0
1994-12-23,1.1719219272698689,1.178696632385254,1.165148088682055,1.178696632385254,154996,0.0,0.0
1994-12-27,1.1854699850082397,1.1854699850082397,1.1854699850082397,1.1854699850082397,23846,0.0,0.0
1994-12-28,1.1786964340167412,1.1786964340167412,1.171921730041504,1.171921730041504,87930,0.0,0.0
1994-12-29,1.1719219272698689,1.178696632385254,1.1719219272698689,1.178696632385254,17884,0.0,0.0
1994-12-30,1.171921730041504,1.1786964340167412,1.165147892593692,1.171921730041504,180332,0.0,0.0
1995-01-03,1.1719216181732715,1.1719216181732715,1.1651477813720703,1.1651477813720703,23846,0.0,0.0
1995-01-04,1.1719216181732715,1.1719216181732715,1.1651477813720703,1.1651477813720703,38749,0.0,0.0
1995-01-05,1.171921730041504,1.1786964340167412,1.171921730041504,1.171921730041504,13413,0.0,0.0
1995-01-06,1.1786963215018154,1.1786963215018154,1.1651477813720703,1.1651477813720703,122208,0.0,0.0
1995-01-09,1.165148088682055,1.178696632385254,1.165148088682055,1.178696632385254,74517,0.0,0.0
1995-01-10,1.1719219272698689,1.1854704709730675,1.1719219272698689,1.178696632385254,58123,0.0,0.0
1995-01-11,1.1719219083685781,1.1719219083685781,1.1515995264053345,1.1515995264053345,76008,0.0,0.0
1995-01-12,1.1515992801986905,1.1515992801986905,1.1380515098571777,1.1380515098571777,101344,0.0,0.0
1995-01-13,1.1448254044411244,1.1651477813720703,1.1448254044411244,1.1651477813720703,162448,0.0,0.0
1995-01-16,1.1719217921483913,1.1990188764305205,1.1719217921483913,1.1922441720962524,181822,0.0,0.0
1995-01-17,1.192244477497819,1.205793023109436,1.192244477497819,1.205793023109436,83459,0.0,0.0
1995-01-18,1.205792492900281,1.2261148691177368,1.205792492900281,1.2261148691177368,61104,0.0,0.0
1995-01-19,1.2261149564362295,1.246437430381775,1.2261149564362295,1.246437430381775,71537,0.0,0.0
1995-01-20,1.2599851138426041,1.2870821952819824,1.2599851138426041,1.2870821952819824,120718,0.0,0.0
1995-01-23,1.2870823062711325,1.293856143951416,1.2803076020633937,1.293856143951416,96872,0.0,0.0
1995-01-24,1.2938562543625212,1.3141786356650356,1.2938562543625212,1.3006300926208496,211629,0.0,0.0
1995-01-25,1.2938562543625212,1.3006300926208496,1.2938562543625212,1.3006300926208496,14903,0.0,0.0
1995-01-26,1.3006299098027887,1.3006299098027887,1.2803075313568115,1.2803075313568115,46201,0.0,0.0
1995-01-27,1.2803074916584476,1.2870821952819824,1.2803074916584476,1.2870821952819824,92401,0.0,0.0
1995-01-30,1.2803074916584476,1.2870821952819824,1.2803074916584476,1.2870821952819824,17884,0.0,0.0
1995-01-31,1.2803075313568115,1.287082235190409,1.2803075313568115,1.2803075313568115,17884,0.0,0.0
1995-02-01,1.2803074194012345,1.2803074194012345,1.273533582687378,1.273533582687378,17884,0.0,0.0
1995-02-02,1.287082235190409,1.287082235190409,1.2803075313568115,1.2803075313568115,53652,0.0,0.0
1995-02-03,1.2803076677009289,1.2870823722559865,1.266759991645813,1.266759991645813,251868,0.0,0.0
1995-02-06,1.273533582687378,1.273533582687378,1.273533582687378,1.273533582687378,147544,0.0,0.0
1995-02-07,1.266759991645813,1.266759991645813,1.266759991645813,1.266759991645813,13413,0.0,0.0
1995-02-08,1.266759792793648,1.266759792793648,1.259985089302063,1.259985089302063,150525,0.0,0.0
1995-02-09,1.2532110214233398,1.2532110214233398,1.2532110214233398,1.2532110214233398,2981,0.0,0.0
1995-02-10,1.2532110214233398,1.2532110214233398,1.2532110214233398,1.2532110214233398,23846,0.0,0.0
1995-02-13,1.2532114490631974,1.266759991645813,1.2532114490631974,1.266759991645813,56633,0.0,0.0
1995-02-14,1.266759991645813,1.273533829673371,1.2599852870907553,1.266759991645813,642339,0.0,0.0
1995-02-15,1.2532110214233398,1.2599848571394259,1.246437185707254,1.2532110214233398,329366,0.0,0.0
1995-02-16,1.246437430381775,1.246437430381775,1.246437430381775,1.246437430381775,1490,0.0,0.0
1995-02-17,1.2328885735204755,1.2396624088287354,1.226114641931421,1.2396624088287354,90911,0.0,0.0
1995-02-21,1.2396624088287354,1.2396624088287354,1.2396624088287354,1.2396624088287354,0,0.0,0.0
1995-02-22,1.246437185707254,1.2599848571394259,1.239662483463964,1.2532110214233398,193745,0.0,0.0
1995-02-23,1.2463632715574167,1.2532111406326294,1.2463632715574167,1.2532111406326294,19374,0.016775,0.0
1995-02-24,1.2600596638763508,1.3490854501724243,1.2600596638763508,1.3490854501724243,633397,0.0,0.0
1995-02-27,1.3422377628472661,1.3422377628472661,1.3353890180587769,1.3353890180587769,56633,0.0,0.0
1995-02-28,1.3422377628472661,1.3422377628472661,1.3285411492680008,1.3353890180587769,52162,0.0,0.0
1995-03-01,1.328540930445157,1.328540930445157,1.3079964514589795,1.3216930627822876,339799,0.0,0.0
1995-03-02,1.3148446300130312,1.3148446300130312,1.3011488914489746,1.3011488914489746,32788,0.0,0.0
1995-03-03,1.29430014616917,1.3011488914489746,1.29430014616917,1.3011488914489746,195235,0.0,0.0
1995-03-06,1.3011488914489746,1.3011488914489746,1.3011488914489746,1.3011488914489746,315953,0.0,0.0
1995-03-07,1.2942999700577182,1.2942999700577182,1.2737554890092821,1.2874521017074585,114757,0.0,0.0
1995-03-08,1.2806042333571988,1.2874521017074585,1.2806042333571988,1.2874521017074585,463498,0.0,0.0
1995-03-09,1.2874521017074585,1.2942999700577182,1.2874521017074585,1.2874521017074585,56633,0.0,0.0
1995-03-10,1.287452276887142,1.3011488914489746,1.287452276887142,1.3011488914489746,80479,0.0,0.0
1995-03-13,1.3079971075057983,1.3148449786033267,1.3079971075057983,1.3079971075057983,25336,0.0,0.0
1995-03-14,1.3079967391379046,1.3148446083068848,1.3079967391379046,1.3148446083068848,47691,0.0,0.0
1995-03-15,1.3079971075057983,1.3148449786033267,1.3011492364082697,1.3079971075057983,70046,0.0,0.0
1995-03-16,1.314844319121849,1.3216930627822876,1.314844319121849,1.3216930627822876,46201,0.0,0.0
1995-03-17,1.314844663924031,1.3422378937541917,1.314844663924031,1.3285412788391113,116247,0.0,0.0
1995-03-20,1.328540930445157,1.342237541768465,1.3216930627822876,1.3216930627822876,140093,0.0,0.0
1995-03-21,1.328540930445157,1.328540930445157,1.3216930627822876,1.3216930627822876,68556,0.0,0.0
1995-03-22,1.328540930445157,1.328540930445157,1.314844319121849,1.3216930627822876,269753,0.0,0.0
1995-03-23,1.3148446083068848,1.3148446083068848,1.3148446083068848,1.3148446083068848,25336,0.0,0.0
1995-03-24,1.3216930627822876,1.3216930627822876,1.314844319121849,1.3216930627822876,65575,0.0,0.0
1995-03-27,1.3285412788391113,1.3285412788391113,1.3216934093804704,1.3285412788391113,117737,0.0,0.0
1995-03-28,1.3216930627822876,1.328540930445157,1.314844319121849,1.3216930627822876,41730,0.0,0.0
1995-03-29,1.328540970565823,1.3696300271120918,1.328540970565823,1.3490854501724243,1302562,0.0,0.0
1995-03-30,1.3490854501724243,1.3490854501724243,1.3422375823027557,1.3490854501724243,204177,0.0,0.0
1995-03-31,1.3559332366545687,1.3627818822860718,1.3559332366545687,1.3627818822860718,80479,0.0,0.0
1995-04-03,1.3696306690884175,1.3833264112472534,1.362782700675888,1.3833264112472534,50672,0.0,0.0
1995-04-04,1.3970227478105124,1.4792007855242888,1.3970227478105124,1.4518083333969116,664694,0.0,0.0
1995-04-05,1.4586559174652947,1.4586559174652947,1.4449594020843506,1.4449594020843506,470949,0.0,0.0
1995-04-06,1.4586564302444458,1.4586564302444458,1.4449599100485981,1.4586564302444458,803296,0.0,0.0
1995-04-07,1.4518082777356238,1.4586561471721953,1.438111662864685,1.438111662864685,65575,0.0,0.0
1995-04-10,1.4449596843782504,1.4655041694641113,1.4449596843782504,1.4655041694641113,220571,0.0,0.0
1995-04-11,1.4655045505778816,1.4723532007196642,1.462080955505371,1.462080955505371,126679,0.0,0.0
1995-04-12,1.4655041694641113,1.4655041694641113,1.4655041694641113,1.4655041694641113,28317,0.0,0.0
1995-04-13,1.479200681413564,1.5271375179290771,1.479200681413564,1.5271375179290771,241436,0.0,0.0
1995-04-17,1.5339859177147388,1.5476825368841143,1.5339859177147388,1.540834665298462,1132663,0.0,0.0
1995-04-18,1.5339854737651242,1.5339854737651242,1.49974524974823,1.49974524974823,99853,0.0,0.0
1995-04-19,1.5065932928462418,1.5065932928462418,1.4928966760635376,1.4928966760635376,52162,0.0,0.0
1995-04-20,1.4723528178248588,1.4723528178248588,1.4586562024350085,1.4655041694641113,172880,0.0,0.0
1995-04-21,1.4655041694641113,1.4792007848539617,1.4655041694641113,1.4655041694641113,25336,0.0,0.0
1995-04-24,1.4655041701282316,1.4655041701282316,1.4518083333969116,1.4518083333969116,165428,0.0,0.0
1995-04-25,1.438111662864685,1.444959629634345,1.438111662864685,1.438111662864685,238455,0.0,0.0
1995-04-26,1.4312645196914673,1.4312645196914673,1.4312645196914673,1.4312645196914673,16394,0.0,0.0
1995-04-27,1.4244151343876574,1.4244151343876574,1.410719394683838,1.410719394683838,43220,0.0,0.0
1995-04-28,1.4244157707818546,1.4312645196914673,1.4244157707818546,1.4312645196914673,62595,0.0,0.0
1995-05-01,1.4312639770641222,1.4312639770641222,1.4244152307510376,1.4244152307510376,37259,0.0,0.0
1995-05-02,1.4312639770641222,1.4312639770641222,1.4244152307510376,1.4244152307510376,17884,0.0,0.0
1995-05-03,1.4175673604358612,1.4244152307510376,1.4175673604358612,1.4244152307510376,29807,0.0,0.0
1995-05-04,1.4312637934281136,1.438111662864685,1.4312637934281136,1.438111662864685,180332,0.0,0.0
1995-05-05,1.4381123926028396,1.4449603628473497,1.4312645196914673,1.4312645196914673,34278,0.0,0.0
1995-05-08,1.4381123926028396,1.4381123926028396,1.4312645196914673,1.4312645196914673,35768,0.0,0.0
1995-05-09,1.4244157218353026,1.4244157218353026,1.4175678491592407,1.4175678491592407,61104,0.0,0.0
1995-05-10,1.4175678491592407,1.4244157218353026,1.4175678491592407,1.4175678491592407,28317,0.0,0.0
1995-05-11,1.4175672645357478,1.4244151343876574,1.410719394683838,1.410719394683838,128170,0.0,0.0
1995-05-12,1.410719394683838,1.410719394683838,1.410719394683838,1.410719394683838,2981,0.0,0.0
1995-05-15,1.4244157707818546,1.4312645196914673,1.4175678978704822,1.4312645196914673,309992,0.0,0.0
1995-05-16,1.4381117180008545,1.4518083333969116,1.4312638483017406,1.4518083333969116,83459,0.0,0.0
1995-05-17,1.4449594020843506,1.4449594020843506,1.4381114363930978,1.4449594020843506,32788,0.0,0.0
1995-05-18,1.438111662864685,1.438111662864685,1.438111662864685,1.438111662864685,11923,0.0,0.0
1995-05-19,1.4312637934281136,1.438111662864685,1.4244150479937463,1.438111662864685,68556,0.0,0.0
1995-05-22,1.4518083333969116,1.4586562030960255,1.4518083333969116,1.4518083333969116,110286,0.0,0.0
1995-05-23,1.4449596850330604,1.4518083333969116,1.4449596850330604,1.4518083333969116,17884,0.0,0.0
1995-05-24,1.4449596850330604,1.4518083333969116,1.4449596850330604,1.4518083333969116,26826,0.0,0.0
1995-05-25,1.4518078839985538,1.4656349420547485,1.4518078839985538,1.4656349420547485,67066,0.016775,0.0
1995-05-26,1.4587215206547168,1.4656353957331887,1.4518083333969116,1.4518083333969116,70046,0.0,0.0
1995-05-30,1.4587210691164243,1.4725480289125543,1.4587210691164243,1.4656349420547485,49181,0.0,0.0
1995-05-31,1.4725483622332016,1.4725483622332016,1.458721399307251,1.458721399307251,26826,0.0,0.0
1995-06-01,1.4587215206547168,1.4587215206547168,1.4448952443992016,1.4518083333969116,43220,0.0,0.0
1995-06-02,1.4587217846630305,1.4587217846630305,1.4448955059051514,1.4448955059051514,50672,0.0,0.0
1995-06-05,1.4448951242019097,1.4656352738105745,1.4448951242019097,1.458721399307251,111776,0.0,0.0
1995-06-06,1.4656352738105745,1.4656352738105745,1.458721399307251,1.458721399307251,40239,0.0,0.0
1995-06-07,1.458721399307251,1.458721399307251,1.458721399307251,1.458721399307251,13413,0.0,0.0
1995-06-08,1.458721399307251,1.458721399307251,1.458721399307251,1.458721399307251,7452,0.0,0.0
1995-06-09,1.4587210691164243,1.4656349420547485,1.4587210691164243,1.4656349420547485,17884,0.0,0.0
1995-06-12,1.4656358888227208,1.4863760471343994,1.4656358888227208,1.4863760471343994,211629,0.0,0.0
1995-06-13,1.4863758053762388,1.4932889938354492,1.4794619290962427,1.4932889938354492,131150,0.0,0.0
1995-06-14,1.5071156024932861,1.5071156024932861,1.5002025103297745,1.5071156024932861,119228,0.0,0.0
1995-06-15,1.5071151466648471,1.520942211151123,1.5071151466648471,1.520942211151123,93892,0.0,0.0
1995-06-16,1.5209420684282458,1.5278551578521729,1.5209420684282458,1.5278551578521729,463498,0.0,0.0
1995-06-19,1.5278553012237637,1.5278553012237637,1.520942211151123,1.520942211151123,25336,0.0,0.0
1995-06-20,1.5209423451696433,1.5555095672607422,1.5209423451696433,1.5555095672607422,769019,0.0,0.0
1995-06-21,1.5485955972638623,1.5485955972638623,1.5347694158554077,1.5347694158554077,120718,0.0,0.0
1995-06-22,1.5347694158554077,1.5347694158554077,1.5347694158554077,1.5347694158554077,49181,0.0,0.0
1995-06-23,1.5347690122754685,1.5485951900482178,1.5347690122754685,1.5485951900482178,80479,0.0,0.0
1995-06-26,1.5485951900482178,1.5485951900482178,1.5485951900482178,1.5485951900482178,149035,0.0,0.0
1995-06-27,1.5555095425988943,1.5693358220033864,1.5555095425988943,1.5624226331710815,93892,0.0,0.0
1995-06-28,1.5693350462304474,1.5831620066206498,1.5624218608155531,1.5797051191329956,160957,0.0,0.0
1995-06-29,1.583162331744408,1.596989393234253,1.583162331744408,1.596989393234253,272733,0.0,0.0
1995-06-30,1.596989393234253,1.596989393234253,1.5935325050366802,1.596989393234253,23846,0.0,0.0
1995-07-03,1.5900757312774658,1.5900757312774658,1.5900757312774658,1.5900757312774658,5961,0.0,0.0
1995-07-05,1.5969896095203313,1.5969896095203313,1.5762494566470509,1.583162546157837,68556,0.0,0.0
1995-07-06,1.5624221547381505,1.5693353414535522,1.5624221547381505,1.5693353414535522,96872,0.0,0.0
1995-07-07,1.5624218316305765,1.6039022207260132,1.5624218316305765,1.6039022207260132,442633,0.0,0.0
1995-07-10,1.5969894872504142,1.6108157634735107,1.5969894872504142,1.6108157634735107,305521,0.0,0.0
1995-07-11,1.6108157634735107,1.6177288524550115,1.6108157634735107,1.6108157634735107,214610,0.0,0.0
1995-07-12,1.6177288524550115,1.6177288524550115,1.6108157634735107,1.6108157634735107,383019,0.0,0.0
1995-07-13,1.6108160197046282,1.6453832387924194,1.6108160197046282,1.6453832387924194,539505,0.0,0.0
1995-07-14,1.638469264370264,1.6453832387924194,1.638469264370264,1.6453832387924194,125189,0.0,0.0
1995-07-17,1.6384690038608543,1.6384690038608543,1.6315559148788452,1.6315559148788452,55143,0.0,0.0
1995-07-18,1.6384686280370402,1.666122746303622,1.6384686280370402,1.6592087745666504,621474,0.0,0.0
1995-07-19,1.6522962624967088,1.6592092536289387,1.6177289485931396,1.6177289485931396,87930,0.0,0.0
1995-07-20,1.6108158592008088,1.6246429223263776,1.6108158592008088,1.6177289485931396,53652,0.0,0.0
1995-07-21,1.6108158592008088,1.6177289485931396,1.6108158592008088,1.6177289485931396,19374,0.0,0.0
1995-07-24,1.6177288524550115,1.6177288524550115,1.6108157634735107,1.6108157634735107,47691,0.0,0.0
1995-07-25,1.6039027972912197,1.6108158868020057,1.583162546157837,1.583162546157837,308502,0.0,0.0
1995-07-26,1.5762494566470509,1.583162546157837,1.5762494566470509,1.583162546157837,107305,0.0,0.0
1995-07-27,1.583162546157837,1.583162546157837,1.5762494566470509,1.583162546157837,59614,0.0,0.0
1995-07-28,1.5693358220033864,1.5693358220033864,1.5624226331710815,1.5624226331710815,46201,0.0,0.0
1995-07-31,1.5624226331710815,1.5624226331710815,1.5624226331710815,1.5624226331710815,14903,0.0,0.0
1995-08-01,1.562422657942533,1.562422657942533,1.5485955922378791,1.5555095672607422,84950,0.0,0.0
1995-08-02,1.5485951900482178,1.5485951900482178,1.5485951900482178,1.5485951900482178,201197,0.0,0.0
1995-08-03,1.5416823625564575,1.5416823625564575,1.5416823625564575,1.5416823625564575,8942,0.0,0.0
1995-08-04,1.5485951900482178,1.5485951900482178,1.5416821011618431,1.5485951900482178,43220,0.0,0.0
1995-08-07,1.5416821011618431,1.5485951900482178,1.5416821011618431,1.5485951900482178,99853,0.0,0.0
1995-08-08,1.5416823625564575,1.5416823625564575,1.5416823625564575,1.5416823625564575,8942,0.0,0.0
1995-08-09,1.5347692756373987,1.5347692756373987,1.520942211151123,1.520942211151123,28317,0.0,0.0
1995-08-10,1.5209420684282458,1.5278551578521729,1.5209420684282458,1.5278551578521729,11923,0.0,0.0
1995-08-11,1.5209420684282458,1.5278551578521729,1.5140289790043187,1.5278551578521729,217591,0.0,0.0
1995-08-14,1.5278551578521729,1.5278551578521729,1.5278551578521729,1.5278551578521729,0,0.0,0.0
1995-08-15,1.520942211151123,1.520942211151123,1.5140291210784822,1.520942211151123,13413,0.0,0.0
1995-08-16,1.514028787612915,1.514028787612915,1.514028787612915,1.514028787612915,2981,0.0,0.0
1995-08-17,1.514028787612915,1.514028787612915,1.514028787612915,1.514028787612915,14903,0.0,0.0
1995-08-18,1.520942671161571,1.520942671161571,1.5071156024932861,1.5071156024932861,77498,0.0,0.0
1995-08-21,1.514028787612915,1.514028787612915,1.5071148147220856,1.514028787612915,65575,0.0,0.0
1995-08-22,1.514028787612915,1.514028787612915,1.514028787612915,1.514028787612915,0,0.0,0.0
1995-08-23,1.5071156024932861,1.5071156024932861,1.5071156024932861,1.5071156024932861,4471,0.0,0.0
1995-08-24,1.5002018213272095,1.5002018213272095,1.5002018213272095,1.5002018213272095,11923,0.0,0.0
1995-08-25,1.4932892367180357,1.4932892367180357,1.4863760471343994,1.4863760471343994,38749,0.0,0.0
1995-08-28,1.4932894181662628,1.5071156024932861,1.4932894181662628,1.5071156024932861,104324,0.0,0.0
1995-08-29,1.5002018213272095,1.5002018213272095,1.5002018213272095,1.5002018213272095,20865,0.0,0.0
1995-08-30,1.5071802139282227,1.5141576126823781,1.5071802139282227,1.5071802139282227,128170,0.016775,0.0
1995-08-31,1.5141574382862908,1.5281131267547607,1.5141574382862908,1.5281131267547607,52162,0.0,0.0
1995-09-01,1.5211353302001953,1.5211353302001953,1.5211353302001953,1.5211353302001953,10432,0.0,0.0
1995-09-05,1.5141574144363403,1.5141574144363403,1.5141574144363403,1.5141574144363403,14903,0.0,0.0
1995-09-06,1.514157831043793,1.576957106590271,1.514157831043793,1.576957106590271,372587,0.0,0.0
1995-09-07,1.569979292873624,1.5909123792030255,1.569979292873624,1.5839341878890991,110286,0.0,0.0
1995-09-08,1.583934487266853,1.6048675775527954,1.583934487266853,1.6048675775527954,95382,0.0,0.0
1995-09-11,1.60486740237828,1.6258004903793335,1.60486740237828,1.6258004903793335,76008,0.0,0.0
1995-09-12,1.6327779293060303,1.6327779293060303,1.6258005306553271,1.6327779293060303,34278,0.0,0.0
1995-09-13,1.6327779293060303,1.6397562205242533,1.6327779293060303,1.6327779293060303,99853,0.0,0.0
1995-09-14,1.6397559642791748,1.6467333618395184,1.6397559642791748,1.6397559642791748,37259,0.0,0.0
1995-09-15,1.6467333618395184,1.6467333618395184,1.6397559642791748,1.6397559642791748,50672,0.0,0.0
1995-09-18,1.6467333618395184,1.6467333618395184,1.632777674151451,1.6397559642791748,229513,0.0,0.0
1995-09-19,1.6467336191749566,1.6467336191749566,1.6327779293060303,1.6327779293060303,76008,0.0,0.0
1995-09-20,1.6397559281103984,1.6537107229232788,1.6397559281103984,1.6537107229232788,341289,0.0,0.0
1995-09-21,1.653711040370275,1.653711040370275,1.6467336416244507,1.6467336416244507,153506,0.0,0.0
1995-09-22,1.6467333255168386,1.6606890128970797,1.6467333255168386,1.6537107229232788,998532,0.0,0.0
1995-09-25,1.6467333255168386,1.6537107229232788,1.6397559281103984,1.6537107229232788,190764,0.0,0.0
1995-09-26,1.6537107229232788,1.6537107229232788,1.6537107229232788,1.6537107229232788,11923,0.0,0.0
1995-09-27,1.6467336416244507,1.6467336416244507,1.6467336416244507,1.6467336416244507,38749,0.0,0.0
1995-09-28,1.6537111812443472,1.6606894731521606,1.6537111812443472,1.6606894731521606,84950,0.0,0.0
1995-09-29,1.6537107229232788,1.6537107229232788,1.6467333255168386,1.6537107229232788,65575,0.0,0.0
1995-10-02,1.6606890128970797,1.6606890128970797,1.6467333255168386,1.6537107229232788,144564,0.0,0.0
1995-10-03,1.6467336416244507,1.653711040370275,1.6467336416244507,1.6467336416244507,83459,0.0,0.0
1995-10-04,1.6467333255168386,1.6537107229232788,1.6467333255168386,1.6537107229232788,122208,0.0,0.0
1995-10-05,1.6397559642791748,1.6467333618395184,1.6397559642791748,1.6397559642791748,199706,0.0,0.0
1995-10-06,1.6397562428786265,1.6467336416244507,1.6397562428786265,1.6467336416244507,20865,0.0,0.0
1995-10-09,1.6397559642791748,1.6397559642791748,1.6397559642791748,1.6397559642791748,14903,0.0,0.0
1995-10-10,1.6397562205242533,1.6397562205242533,1.6327779293060303,1.6327779293060303,55143,0.0,0.0
1995-10-11,1.6327774873489174,1.6327774873489174,1.618822693824768,1.618822693824768,245907,0.0,0.0
1995-10-12,1.6188232685992887,1.6188232685992887,1.6048675775527954,1.6048675775527954,111776,0.0,0.0
1995-10-13,1.6048675775527954,1.6048675775527954,1.6048675775527954,1.6048675775527954,122208,0.0,0.0
1995-10-16,1.6048674421356977,1.6327779293060303,1.6048674421356977,1.6327779293060303,177351,0.0,0.0
1995-10-17,1.6327774873489174,1.6327774873489174,1.618822693824768,1.618822693824768,46201,0.0,0.0
1995-10-18,1.6188230919014817,1.6258004903793335,1.6188230919014817,1.6258004903793335,25336,0.0,0.0
1995-10-19,1.618822693824768,1.618822693824768,1.618822693824768,1.618822693824768,165428,0.0,0.0
1995-10-20,1.6188230873235416,1.6188230873235416,1.5978899002075195,1.5978899002075195,236965,0.0,0.0
1995-10-23,1.5909125017493992,1.5978899002075195,1.5909125017493992,1.5978899002075195,25336,0.0,0.0
1995-10-24,1.5909125017493992,1.5978899002075195,1.5909125017493992,1.5978899002075195,99853,0.0,0.0
1995-10-25,1.5978899002075195,1.5978899002075195,1.5909125017493992,1.5978899002075195,1038771,0.0,0.0
1995-10-26,1.5978895003651095,1.5978895003651095,1.590912103652954,1.590912103652954,160957,0.0,0.0
1995-10-27,1.5909123792030255,1.6048672742185006,1.5839341878890991,1.5839341878890991,299560,0.0,0.0
1995-10-30,1.5839346055248438,1.5874236525146839,1.576957106590271,1.576957106590271,132641,0.0,0.0
1995-10-31,1.569979292873624,1.5839341878890991,1.569979292873624,1.5839341878890991,98363,0.0,0.0
1995-11-01,1.5839339135476684,1.590912103652954,1.5839339135476684,1.590912103652954,144564,0.0,0.0
1995-11-02,1.5839339135476684,1.590912103652954,1.5839339135476684,1.590912103652954,46201,0.0,0.0
1995-11-03,1.5909123792030255,1.5909123792030255,1.5839341878890991,1.5839341878890991,81969,0.0,0.0
1995-11-06,1.5839341878890991,1.5839341878890991,1.5839341878890991,1.5839341878890991,0,0.0,0.0
1995-11-07,1.576957106590271,1.576957106590271,1.576957106590271,1.576957106590271,141583,0.0,0.0
1995-11-08,1.5699796676635742,1.5699796676635742,1.5699796676635742,1.5699796676635742,7452,0.0,0.0
1995-11-09,1.5699796676635742,1.576957067249897,1.5699796676635742,1.5699796676635742,150525,0.0,0.0
1995-11-10,1.5699796676635742,1.576957067249897,1.5699796676635742,1.5699796676635742,13413,0.0,0.0
1995-11-13,1.5699796676635742,1.576957067249897,1.5699796676635742,1.5699796676635742,83459,0.0,0.0
1995-11-14,1.5769568122656636,1.5978899002075195,1.5769568122656636,1.5978899002075195,251868,0.0,0.0
1995-11-15,1.5978899002075195,1.5978899002075195,1.5909125017493992,1.5978899002075195,70046,0.0,0.0
1995-11-16,1.5978895117971237,1.618822693824768,1.5978895117971237,1.618822693824768,87930,0.0,0.0
1995-11-17,1.611845346743126,1.6537107229232788,1.611845346743126,1.6537107229232788,202687,0.0,0.0
1995-11-20,1.6537107229232788,1.6537107229232788,1.6327776381365977,1.6537107229232788,134131,0.0,0.0
1995-11-21,1.6467337819041419,1.6606894731521606,1.6467337819041419,1.6606894731521606,95382,0.0,0.0
1995-11-22,1.6537107229232788,1.6606890128970797,1.6537107229232788,1.6537107229232788,295089,0.0,0.0
1995-11-24,1.6537107229232788,1.6537107229232788,1.6537107229232788,1.6537107229232788,0,0.0,0.0
1995-11-27,1.6537107229232788,1.6606890128970797,1.6537107229232788,1.6537107229232788,137112,0.0,0.0
1995-11-28,1.653711040370275,1.653711040370275,1.6397562428786265,1.6467336416244507,177351,0.0,0.0
1995-11-29,1.6467333550415943,1.6678453596018,1.6467333550415943,1.6608083248138428,186293,0.016775,0.0
1995-11-30,1.6537712812423706,1.6537712812423706,1.6467333462954592,1.6537712812423706,90911,0.0,0.0
1995-12-01,1.6537712812423706,1.6537712812423706,1.6432152790183328,1.6537712812423706,62595,0.0,0.0
1995-12-04,1.6537712900258856,1.6608083248138428,1.6467333550415943,1.6608083248138428,327876,0.0,0.0
1995-12-05,1.6608082148539807,1.6678452491760254,1.6537711805319362,1.6678452491760254,226533,0.0,0.0
1995-12-06,1.6678452491760254,1.6678452491760254,1.6678452491760254,1.6678452491760254,825652,0.0,0.0
1995-12-07,1.6748835118983307,1.6819206476211548,1.6748835118983307,1.6819206476211548,178842,0.0,0.0
1995-12-08,1.6819206476211548,1.6819206476211548,1.6819206476211548,1.6819206476211548,178842,0.0,0.0
1995-12-11,1.688957276980255,1.6959952116012573,1.688957276980255,1.6959952116012573,178842,0.0,0.0
1995-12-12,1.6889570951461792,1.6889570951461792,1.6889570951461792,1.6889570951461792,17884,0.0,0.0
1995-12-13,1.6889575833003232,1.6889575833003232,1.6819206476211548,1.6819206476211548,117737,0.0,0.0
1995-12-14,1.6819204293958634,1.6819204293958634,1.6537712900258856,1.6608083248138428,187784,0.0,0.0
1995-12-15,1.6678452491760254,1.6819203180381976,1.6608082148539807,1.6678452491760254,117737,0.0,0.0
1995-12-18,1.6608086316768405,1.6748836040496826,1.6608086316768405,1.6748836040496826,78988,0.0,0.0
1995-12-19,1.6678452491760254,1.6748831836943447,1.6678452491760254,1.6678452491760254,84950,0.0,0.0
1995-12-20,1.6819206476211548,1.6889575833003232,1.6819206476211548,1.6819206476211548,89421,0.0,0.0
1995-12-21,1.6889570951461792,1.6889570951461792,1.6819201615008743,1.6889570951461792,55143,0.0,0.0
1995-12-22,1.68192034257735,1.6959952116012573,1.68192034257735,1.6959952116012573,135621,0.0,0.0
1995-12-26,1.6889575833003232,1.6959955191977703,1.6748835118983307,1.6819206476211548,278695,0.0,0.0
1995-12-27,1.6819207401596867,1.6819207401596867,1.6748836040496826,1.6748836040496826,138602,0.0,0.0
1995-12-28,1.6748835118983307,1.6889575833003232,1.6748835118983307,1.6819206476211548,244417,0.0,0.0
1995-12-29,1.6889571504502896,1.7241442203521729,1.6748830826552337,1.7241442203521729,563351,0.0,0.0
1996-01-02,1.7241442203521729,1.7241442203521729,1.7206252533052986,1.7241442203521729,20865,0.0,0.0
1996-01-03,1.7241442203521729,1.7241442203521729,1.710069152339094,1.7241442203521729,83459,0.0,0.0
1996-01-04,1.7100697171993804,1.7241447898616553,1.7100697171993804,1.7171076536178589,169899,0.0,0.0
1996-01-05,1.7171076536178589,1.7241447898616553,1.7171076536178589,1.7171076536178589,29807,0.0,0.0
1996-01-08,1.7030321626983762,1.7030321626983762,1.6889570951461792,1.6889570951461792,73027,0.0,0.0
1996-01-09,1.6889570951461792,1.6889570951461792,1.6889570951461792,1.6889570951461792,47691,0.0,0.0
1996-01-10,1.6889575833003232,1.6889575833003232,1.6748835118983307,1.6819206476211548,37259,0.0,0.0
1996-01-11,1.6819206476211548,1.6889575833003232,1.6819206476211548,1.6819206476211548,53652,0.0,0.0
1996-01-12,1.6819203180381976,1.6819203180381976,1.6678452491760254,1.6678452491760254,68556,0.0,0.0
1996-01-15,1.6608083248138428,1.6678453596018,1.6608083248138428,1.6608083248138428,11923,0.0,0.0
1996-01-16,1.6608083248138428,1.6608083248138428,1.6608083248138428,1.6608083248138428,5961,0.0,0.0
1996-01-17,1.6608087457166203,1.6608087457166203,1.611547589302063,1.611547589302063,107305,0.0,0.0
1996-01-18,1.6115471834871784,1.6256221532821655,1.6115471834871784,1.6256221532821655,5961,0.0,0.0
1996-01-19,1.6256221532821655,1.6256221532821655,1.6185843183083193,1.6256221532821655,65575,0.0,0.0
1996-01-22,1.6256223494875273,1.6256223494875273,1.6185845136642456,1.6185845136642456,38749,0.0,0.0
1996-01-23,1.632659485158019,1.632659485158019,1.6185845136642456,1.6185845136642456,172880,0.0,0.0
1996-01-24,1.6326591968536377,1.6326591968536377,1.6326591968536377,1.6326591968536377,14903,0.0,0.0
1996-01-25,1.6396963229026322,1.6396963229026322,1.6256221532821655,1.6256221532821655,472440,0.0,0.0
1996-01-26,1.6256221532821655,1.6326592881033064,1.6256221532821655,1.6256221532821655,177351,0.0,0.0
1996-01-29,1.6256221532821655,1.6256221532821655,1.6185843183083193,1.6256221532821655,605080,0.0,0.0
1996-01-30,1.6256223494875273,1.6256223494875273,1.6185845136642456,1.6185845136642456,77498,0.0,0.0
1996-01-31,1.611547377993754,1.6185845136642456,1.611547377993754,1.6185845136642456,89421,0.0,0.0
1996-02-01,1.611547589302063,1.6185847258952735,1.611547589302063,1.611547589302063,49181,0.0,0.0
1996-02-02,1.6185847258952735,1.6185847258952735,1.611547589302063,1.611547589302063,5961,0.0,0.0
1996-02-05,1.611547377993754,1.6185845136642456,1.6045103423450893,1.6185845136642456,67066,0.0,0.0
1996-02-06,1.6115471834871784,1.6256221532821655,1.6115471834871784,1.6256221532821655,44710,0.0,0.0
1996-02-07,1.625622562641366,1.625622562641366,1.611547589302063,1.611547589302063,73027,0.0,0.0
1996-02-08,1.6185847258952735,1.6185847258952735,1.611547589302063,1.611547589302063,113266,0.0,0.0
1996-02-09,1.6185847258952735,1.6185847258952735,1.6045105527306927,1.611547589302063,46201,0.0,0.0
1996-02-12,1.611547589302063,1.611547589302063,1.6045105527306927,1.611547589302063,38749,0.0,0.0
1996-02-13,1.6115468638785657,1.6115468638785657,1.6045098304748535,1.6045098304748535,67066,0.0,0.0
1996-02-14,1.5974726337822132,1.6045104701661541,1.583398461341858,1.583398461341858,114757,0.0,0.0
1996-02-15,1.5904355564415615,1.5904355564415615,1.5763605833053589,1.5763605833053589,20865,0.0,0.0
1996-02-16,1.5622867345809937,1.5622867345809937,1.5552487969045514,1.5622867345809937,76008,0.0,0.0
1996-02-20,1.569323323546868,1.6467335143122623,1.5552483524133003,1.639696478843689,2602144,0.0,0.0
1996-02-21,1.6537712046603936,1.7030323460477819,1.6537712046603936,1.6959952116012573,496285,0.0,0.0
1996-02-22,1.7030324829847623,1.7206255205593093,1.7030324829847623,1.7100694179534912,277204,0.0,0.0
1996-02-23,1.724144740264981,1.724144740264981,1.6889576597524958,1.7030327320098877,110286,0.0,0.0
1996-02-26,1.6959950290094736,1.7065511296300235,1.6889570951461792,1.6889570951461792,529073,0.0,0.0
1996-02-27,1.703032854996703,1.7452568745561543,1.703032854996703,1.7382197380065918,268262,0.0,0.0
1996-02-28,1.7382200790646178,1.809167742729187,1.7382200790646178,1.809167742729187,128170,0.016775,0.0
1996-02-29,1.8020731578718088,1.8233575174742058,1.78788338312679,1.809167742729187,143073,0.0,0.0
1996-03-01,1.8233570676373998,1.8872101306915283,1.8233570676373998,1.8872101306915283,78988,0.0,0.0
1996-03-04,1.873019584550694,1.8801139630460255,1.8588296175003052,1.8588296175003052,1177373,0.0,0.0
1996-03-05,1.873019584550694,1.873019584550694,1.8588296175003052,1.8588296175003052,131150,0.0,0.0
1996-03-06,1.8588303189235043,1.8730202913284302,1.8446413549020637,1.8730202913284302,287637,0.0,0.0
1996-03-07,1.873019584550694,1.873019584550694,1.8517352390049737,1.8588296175003052,290617,0.0,0.0
1996-03-08,1.8588299387618241,1.8588299387618241,1.8233566284179688,1.8233566284179688,23846,0.0,0.0
1996-03-11,1.8304513692855835,1.8304513692855835,1.8162613985465081,1.8304513692855835,81969,0.0,0.0
1996-03-12,1.8233568567589256,1.8446412086486816,1.8162614677656304,1.8446412086486816,74517,0.0,0.0
1996-03-13,1.844641141259413,1.8517357232868015,1.8304513721746147,1.8375457525253296,43220,0.0,0.0
1996-03-14,1.8375462597121148,1.8375462597121148,1.7949775457382202,1.7949775457382202,126679,0.0,0.0
1996-03-15,1.7878825187212857,1.802072286605835,1.7878825187212857,1.802072286605835,23846,0.0,0.0
1996-03-18,1.8162613985465081,1.8375457496251013,1.8162613985465081,1.8304513692855835,78988,0.0,0.0
1996-03-19,1.8375457525253296,1.8517357232868015,1.8304513721746147,1.8375457525253296,93892,0.0,0.0
1996-03-20,1.8375457496251013,1.8446411383479857,1.8304513692855835,1.8304513692855835,269753,0.0,0.0
1996-03-21,1.8304513692855835,1.8446411383479857,1.8162613985465081,1.8304513692855835,80479,0.0,0.0
1996-03-22,1.8162614677656304,1.8446412086486816,1.8162614677656304,1.8446412086486816,46201,0.0,0.0
1996-03-25,1.8517359758437515,1.8517359758437515,1.816261649131775,1.816261649131775,38749,0.0,0.0
1996-03-26,1.8020729124350827,1.8020729124350827,1.7595041990280151,1.7595041990280151,201197,0.0,0.0
1996-03-27,1.7595036063964333,1.7665979862213135,1.7524090248948945,1.7665979862213135,14903,0.0,0.0
1996-03-28,1.7807885794437768,1.7949775457382202,1.7807885794437768,1.7949775457382202,529073,0.0,0.0
1996-03-29,1.7949770660743727,1.7949770660743727,1.7878826856613157,1.787882685661316,132641,0.0,0.0
1996-04-01,1.7949768984719188,1.802072286605835,1.7949768984719188,1.802072286605835,37259,0.0,0.0
1996-04-02,1.8162613985465081,1.8304513692855835,1.8091670182069906,1.8304513692855835,46201,0.0,0.0
1996-04-03,1.8233567872693925,1.8304513692855835,1.8162613985465081,1.8304513692855835,41730,0.0,0.0
1996-04-04,1.8162613985465081,1.8446411383479857,1.8162613985465081,1.8304513692855835,83459,0.0,0.0
1996-04-08,1.8162612403132368,1.8233566284179688,1.8162612403132368,1.8233566284179688,29807,0.0,0.0
1996-04-09,1.8269039269776979,1.830451621828607,1.816261649131775,1.816261649131775,56633,0.0,0.0
1996-04-10,1.8304514390454965,1.8446412086486816,1.8304514390454965,1.8446412086486816,78988,0.0,0.0
1996-04-11,1.844641392848738,1.844641392848738,1.816261649131775,1.816261649131775,35768,0.0,0.0
1996-04-12,1.8162612403132368,1.8233566284179688,1.8162612403132368,1.8233566284179688,7452,0.0,0.0
1996-04-15,1.8588303189235043,1.8730202913284302,1.8588303189235043,1.8730202913284302,308502,0.0,0.0
1996-04-16,1.8730202913284302,1.880114672500802,1.8659257084793615,1.8730202913284302,1160980,0.0,0.0
1996-04-17,1.8801146333964305,1.8801146333964305,1.865925669670105,1.865925669670105,511189,0.0,0.0
1996-04-18,1.8730202913284302,1.8730202913284302,1.8659257084793615,1.8730202913284302,628926,0.0,0.0
1996-04-19,1.8730202913284302,1.8730202913284302,1.8588303189235043,1.8730202913284302,514169,0.0,0.0
1996-04-22,1.8872100641318352,1.8872100641318352,1.8730202933880034,1.8801146745681763,78988,0.0,0.0
1996-04-23,1.8730202913284302,1.880114672500802,1.8659257084793615,1.8730202913284302,536525,0.0,0.0
1996-04-24,1.880114672500802,1.880114672500802,1.8588303189235043,1.8730202913284302,365135,0.0,0.0
1996-04-25,1.8659250043787414,1.8659250043787414,1.8588296175003052,1.8588296175003052,442633,0.0,0.0
1996-04-26,1.865925669670105,1.8730202523716142,1.8588302802618246,1.865925669670105,365135,0.0,0.0
1996-04-29,1.880114570871497,1.9226834774017334,1.8588302184447218,1.9226834774017334,476911,0.0,0.0
1996-04-30,1.9297780990600586,1.936873489118002,1.9155891340345736,1.9297780990600586,32788,0.0,0.0
1996-05-01,1.9368737118839567,1.9652526535824346,1.9226839385196162,1.9439682960510254,190764,0.0,0.0
1996-05-02,1.9510624541434867,1.95815784420143,1.9297780990600586,1.9297780990600586,110286,0.0,0.0
1996-05-03,1.9439680320058117,1.9439680320058117,1.9155890941619873,1.9155890941619873,61104,0.0,0.0
1996-05-06,1.9155887855310922,1.9226833675914714,1.90139901638031,1.90139901638031,225042,0.0,0.0
1996-05-07,1.9013990760797936,1.936873197555542,1.9013990760797936,1.936873197555542,231004,0.0,0.0
1996-05-08,1.951062845600129,1.9865371812100856,1.951062845600129,1.9794425964355469,171390,0.0,0.0
1996-05-09,1.9723466497854782,1.9865366220474243,1.9723466497854782,1.9865366220474243,56633,0.0,0.0
1996-05-10,1.993630891736046,2.0574841499328613,1.993630891736046,2.0574841499328613,149035,0.0,0.0
1996-05-13,2.0716741490855766,2.156810760498047,2.0716741490855766,2.156810760498047,451575,0.0,0.0
1996-05-14,2.1710007335380084,2.2135694425976555,2.156810760498047,2.156810760498047,266772,0.0,0.0
1996-05-15,2.170999968034099,2.170999968034099,2.1426210403442383,2.1426210403442383,68556,0.0,0.0
1996-05-16,2.156810500429355,2.156810500429355,2.100052833557129,2.100052833557129,233984,0.0,0.0
1996-05-17,2.100052836153683,2.121337188143351,2.100052836153683,2.107147216796875,241436,0.0,0.0
1996-05-20,2.1071476400961195,2.1213376142931817,2.100053258027756,2.1142430305480957,707914,0.0,0.0
1996-05-21,2.114243105869078,2.128432273864746,2.114243105869078,2.128432273864746,86440,0.0,0.0
1996-05-22,2.1000532955605946,2.121337652206421,2.092958711688712,2.121337652206421,254849,0.0,0.0
1996-05-23,2.1284321836329965,2.1355273723602295,2.1284321836329965,2.1355273723602295,157977,0.0,0.0
1996-05-24,2.1355264596792494,2.1426210403442383,2.1284312739843556,2.1426210403442383,154996,0.0,0.0
1996-05-28,2.156809999997581,2.156809999997581,2.1426210403442383,2.1426210403442383,152015,0.0,0.0
1996-05-29,2.1283380979644004,2.1283380979644004,2.106911844844101,2.114053726196289,251868,0.016775,0.0
1996-05-30,2.1211954045272328,2.1211954045272328,2.099769151406933,2.114053726196289,73027,0.0,0.0
1996-05-31,2.114053163049015,2.121194839477539,2.1069112835993002,2.121194839477539,168409,0.0,0.0
1996-06-03,2.114053061510252,2.114053061510252,2.099768491212153,2.1069111824035645,58123,0.0,0.0
1996-06-04,2.099768491212153,2.1069111824035645,2.099768491212153,2.1069111824035645,34278,0.0,0.0
1996-06-05,2.1069111824035645,2.1069111824035645,2.092626815126646,2.1069111824035645,37259,0.0,0.0
1996-06-06,2.106911808762846,2.106911808762846,2.092627437239357,2.099769115447998,25336,0.0,0.0
1996-06-07,2.099769151406933,2.114053726196289,2.0926274730759897,2.114053726196289,52162,0.0,0.0
1996-06-10,2.114053726196289,2.114053726196289,2.106911844844101,2.114053726196289,111776,0.0,0.0
1996-06-11,2.114053726196289,2.114053726196289,2.0926274730759897,2.114053726196289,178842,0.0,0.0
1996-06-12,2.114053163049015,2.121194839477539,2.114053163049015,2.121194839477539,44710,0.0,0.0
1996-06-13,2.114053163049015,2.121194839477539,2.114053163049015,2.121194839477539,47691,0.0,0.0
1996-06-14,2.11405396357255,2.12833833694458,2.1069120814184363,2.12833833694458,78988,0.0,0.0
1996-06-17,2.114053163049015,2.128337531012017,2.114053163049015,2.121194839477539,153506,0.0,0.0
1996-06-18,2.114053726196289,2.1211954045272328,2.114053726196289,2.114053726196289,265282,0.0,0.0
1996-06-19,2.121194839477539,2.121194839477539,2.1069112835993002,2.121194839477539,47691,0.0,0.0
1996-06-20,2.1211947375957587,2.1211947375957587,2.1069111824035645,2.1069111824035645,23846,0.0,0.0
1996-06-21,2.1140532972654524,2.1140532972654524,2.085485168589295,2.0926270484924316,116247,0.0,0.0
1996-06-24,2.1069114173623156,2.1069114173623156,2.085485168589295,2.0926270484924316,29807,0.0,0.0
1996-06-25,2.078342485744724,2.092627057698655,2.0569162368774414,2.0569162368774414,1770531,0.0,0.0
1996-06-26,2.05691703953785,2.07120161706598,2.05691703953785,2.0640597343444824,61104,0.0,0.0
1996-06-27,2.0569171332143155,2.078343391418457,2.0569171332143155,2.078343391418457,52162,0.0,0.0
1996-06-28,2.0926271463081294,2.099768823523886,2.049774646759033,2.049774646759033,318934,0.0,0.0
1996-07-01,2.056916428463135,2.056916428463135,2.0354909896850586,2.0354909896850586,783922,0.0,0.0
1996-07-02,2.035491175389282,2.0569166161220687,2.035491175389282,2.042633056640625,38749,0.0,0.0
1996-07-03,2.046203136444092,2.0569161589613207,2.0140644749347985,2.046203136444092,29807,0.0,1.5
1996-07-05,2.0569162368774414,2.0569162368774414,2.0569162368774414,2.0569162368774414,3974,0.0,0.0
1996-07-08,2.0569162368774414,2.0569162368774414,2.0462032139544024,2.0569162368774414,15897,0.0,0.0
1996-07-09,2.0569171332143155,2.078343391418457,2.0462041056228912,2.078343391418457,92401,0.0,0.0
1996-07-10,2.099767960021651,2.1747599049037154,2.089054941050573,2.1533336639404297,83459,0.0,0.0
1996-07-11,2.1319082094235324,2.1319082094235324,2.0569162368774414,2.0569162368774414,76504,0.0,0.0
1996-07-12,2.0569169665055895,2.0569169665055895,2.0140652656555176,2.0140652656555176,147047,0.0,0.0
1996-07-15,2.046203136444092,2.067629384499747,2.0354907229904535,2.046203136444092,189771,0.0,0.0
1996-07-16,2.0569160972393883,2.131908064694493,2.014064414498718,2.121194839477539,149035,0.0,0.0
1996-07-17,2.1426222464115754,2.239040301300736,2.1426222464115754,2.2283272743225098,212623,0.0,0.0
1996-07-18,2.239040301300736,2.2604665582784693,2.206901017344776,2.2283272743225098,136118,0.0,0.0
1996-07-19,2.2390398744475424,2.2390398744475424,2.185474343725645,2.2069005966186523,39743,0.0,0.0
1996-07-22,2.2069010207642217,2.2176140477590467,2.1747615337371826,2.1747615337371826,127176,0.0,0.0
1996-07-23,2.185474157333374,2.228326659464633,2.1747609302899464,2.185474157333374,149035,0.0,0.0
1996-07-24,2.1747607221841974,2.2176132202148438,2.1747607221841974,2.2176132202148438,41730,0.0,0.0
1996-07-25,2.2390398461630583,2.3140318318518758,2.2390398461630583,2.2604660987854004,122208,0.0,0.0
1996-07-26,2.2926056385040283,2.3140318916803384,2.271179385327718,2.2926056385040283,169899,0.0,0.0
1996-07-29,2.3140319716884505,2.4425886831062043,2.303318946240513,2.356884479522705,337812,0.0,0.0
1996-07-30,2.3461711913216288,2.35688421556979,2.3140317125346863,2.324744939804077,112273,0.0,0.0
1996-07-31,2.335457217981583,2.335457217981583,2.2711784839630127,2.2711784839630127,180829,0.0,0.0
1996-08-01,2.281892619392371,2.3461713790893555,2.281892619392371,2.3461713790893555,207655,0.0,0.0
1996-08-02,2.3461708546757407,2.3997363742730298,2.3461708546757407,2.3675971031188965,284159,0.0,0.0
1996-08-05,2.3890249113500435,2.4318766241293215,2.3890249113500435,2.4104511737823486,245410,0.0,0.0
1996-08-06,2.3997363742730298,2.410449600005208,2.3675971031188965,2.3675971031188965,165925,0.0,0.0
1996-08-07,2.378310657427224,2.3890238855540114,2.3461713790893555,2.3461713790893555,97369,0.0,0.0
1996-08-08,2.3568839069943133,2.3997364044189453,2.3568839069943133,2.3997364044189453,26826,0.0,0.0
1996-08-09,2.4104511737823486,2.4318766241293215,2.3997379410555295,2.4104511737823486,239449,0.0,0.0
1996-08-12,2.431875652712144,2.464015135033094,2.421162424264744,2.4533019065856934,201693,0.0,0.0
1996-08-13,2.4640149555727207,2.485441207885742,2.4533017279055915,2.485441207885742,432200,0.0,0.0
1996-08-14,2.485441207885742,2.485441207885742,2.4533017279055915,2.485441207885742,406368,0.0,0.0
1996-08-15,2.485441207885742,2.496154232531634,2.474727980218613,2.485441207885742,204674,0.0,0.0
1996-08-16,2.506867777276809,2.549720287322998,2.506867777276809,2.549720287322998,468962,0.0,0.0
1996-08-19,2.571146543844324,2.603286027908325,2.549720288808744,2.603286027908325,332844,0.0,0.0
1996-08-20,2.6032859741816403,2.6354252545610874,2.5604332619736128,2.6247122287750244,124196,0.0,0.0
1996-08-21,2.6461382231627106,2.742556460862366,2.6461382231627106,2.7318432331085205,184803,0.0,0.0
1996-08-22,2.7318438187471146,2.7425570487976074,2.721130588696622,2.7425570487976074,331850,0.0,0.0
1996-08-23,2.753269069853832,2.7854075301350574,2.753269069853832,2.7639822959899902,81472,0.0,0.0
1996-08-26,2.731843414179021,2.731843414179021,2.6782776779018564,2.6997039318084717,176854,0.0,0.0
1996-08-27,2.6997043316169194,2.753270075826818,2.678278074537216,2.7425570487976074,940905,0.0,0.0
1996-08-28,2.7462604445322842,2.7462604445322842,2.7031817868955867,2.713951349258423,417297,0.016909,0.0
1996-08-29,2.7139517057213505,2.757030573108902,2.7139517057213505,2.7354910373687744,496782,0.0,0.0
1996-08-30,2.746261853877405,2.746261853877405,2.703183174133301,2.703183174133301,114260,0.0,0.0
1996-09-03,2.724722514005353,2.735492081894988,2.6816438342612487,2.703183174133301,474924,0.0,0.0
1996-09-04,2.713952325097307,2.7893401051145794,2.703182758862125,2.757031202316284,256340,0.0,0.0
1996-09-05,2.789339102168982,2.789339102168982,2.7031817868955867,2.713951349258423,183809,0.0,0.0
1996-09-06,2.703183174133301,2.735492081894988,2.692413402150884,2.703183174133301,68556,0.0,0.0
1996-09-09,2.681643172875414,2.681643172875414,2.649334068989486,2.6708734035491943,186790,0.0,0.0
1996-09-10,2.6708732874810956,2.6708732874810956,2.649333953857422,2.649333953857422,295089,0.0,0.0
1996-09-11,2.6708734035491943,2.6708734035491943,2.649334068989486,2.6708734035491943,574280,0.0,0.0
1996-09-12,2.6601037227156197,2.6708732874810956,2.649333953857422,2.649333953857422,576267,0.0,0.0
1996-09-13,2.6708734035491943,2.6708734035491943,2.660103838315706,2.6708734035491943,302043,0.0,0.0
1996-09-16,2.6601034786491424,2.7354910373687744,2.6601034786491424,2.7354910373687744,922027,0.0,0.0
1996-09-17,2.746261471083141,2.7893401448226207,2.746261471083141,2.767800807952881,468962,0.0,0.0
1996-09-18,2.7893401051145794,2.7893401051145794,2.757031202316284,2.757031202316284,607068,0.0,0.0
1996-09-19,2.778570578434127,2.8001088948401023,2.767800807952881,2.767800807952881,538512,0.0,0.0
1996-09-20,2.7678003512139924,2.8001084327697754,2.757030786602679,2.8001084327697754,319928,0.0,0.0
1996-09-23,2.7785705388793978,2.7785705388793978,2.757031202316284,2.757031202316284,92401,0.0,0.0
1996-09-24,2.7785704135894775,2.7785704135894775,2.7570310779976053,2.7785704135894775,588190,0.0,0.0
1996-09-25,2.8001090080977047,2.8001090080977047,2.778570690820557,2.7893402576446533,345760,0.0,0.0
1996-09-26,2.8001084327697754,2.810878201473808,2.7785701199180255,2.8001084327697754,65575,0.0,0.0
1996-09-27,2.7893399793390437,2.7893399793390437,2.7462613081552987,2.7785704135894775,89421,0.0,0.0
1996-09-30,2.767800807952881,2.7893401448226207,2.757031241564387,2.767800807952881,321915,0.0,0.0
1996-10-01,2.7570310132446885,2.767800578741315,2.724721908569336,2.724721908569336,99356,0.0,0.0
1996-10-02,2.713952363732155,2.767800807952881,2.713952363732155,2.767800807952881,395438,0.0,0.0
1996-10-03,2.778570690820557,2.7893402576446533,2.7678009199036997,2.7893402576446533,344767,0.0,0.0
1996-10-04,2.8001090080977047,2.8001090080977047,2.7678009199036997,2.7893402576446533,319928,0.0,0.0
1996-10-07,2.7678009199036997,2.7893402576446533,2.7678009199036997,2.7893402576446533,593158,0.0,0.0
1996-10-08,2.7893402576446533,2.7893402576446533,2.778570690820557,2.7893402576446533,238455,0.0,0.0
1996-10-09,2.7893402576446533,2.7893402576446533,2.778570690820557,2.7893402576446533,370599,0.0,0.0
1996-10-10,2.7893402576446533,2.8001090080977047,2.778570690820557,2.7893402576446533,34775,0.0,0.0
1996-10-11,2.7893402576446533,2.7893402576446533,2.746261582162746,2.7893402576446533,197719,0.0,0.0
1996-10-14,2.7893399793390437,2.7893399793390437,2.7570310779976053,2.7785704135894775,198713,0.0,0.0
1996-10-15,2.778570578434127,2.7893401448226207,2.746261471083141,2.767800807952881,78492,0.0,0.0
1996-10-16,2.7139517057213505,2.7354910373687744,2.7139517057213505,2.7354910373687744,121215,0.0,0.0
1996-10-17,2.713952138979973,2.7354914740659626,2.713952138979973,2.724721908569336,68556,0.0,0.0
1996-10-18,2.7354906780767716,2.7354906780767716,2.7031817868955867,2.713951349258423,81472,0.0,0.0
1996-10-21,2.7139517057213505,2.7354910373687744,2.7031821419439903,2.7354910373687744,206661,0.0,0.0
1996-10-22,2.7247220954252387,2.757031202316284,2.7247220954252387,2.757031202316284,267269,0.0,0.0
1996-10-23,2.7462614319883523,2.767800768551466,2.7462614319883523,2.757031202316284,54646,0.0,0.0
1996-10-24,2.7678003512139924,2.810878201473808,2.7678003512139924,2.8001084327697754,128170,0.0,0.0
1996-10-25,2.8216475264957634,2.918574409127466,2.8216475264957634,2.886265516281128,379541,0.0,0.0
1996-10-28,2.9293452575270744,2.972423933286789,2.897036148660907,2.907805919647217,443130,0.0,0.0
1996-10-29,2.929344578518002,2.940114142915212,2.907805245630866,2.918574810028076,123202,0.0,0.0
1996-10-30,2.940114824420622,2.940114824420622,2.8862665817673596,2.907805919647217,235475,0.0,0.0
1996-10-31,2.9293441761380374,2.9293441761380374,2.886265516281128,2.886265516281128,76504,0.0,0.0
1996-11-01,2.886265516281128,2.9078048462095825,2.875495749270557,2.886265516281128,114260,0.0,0.0
1996-11-04,2.897035080294847,2.950883507182696,2.897035080294847,2.9293441772460938,102337,0.0,0.0
1996-11-05,2.929345588101424,2.972424268722534,2.9185758158997537,2.972424268722534,119228,0.0,0.0
1996-11-06,2.97242399177281,2.9939633300764803,2.9508846534691404,2.9616544246673584,82466,0.0,0.0
1996-11-07,2.972422955847982,3.0801196098327637,2.9616533924958515,3.0801196098327637,94389,0.0,0.0
1996-11-08,3.0693498355269804,3.349360504364445,3.0693498355269804,3.273972749710083,642836,0.0,0.0
1996-11-11,3.263203454395678,3.3385912199402763,3.2201247895395393,3.317051887512207,557389,0.0,0.0
1996-11-12,3.317052729389565,3.3278225003833537,3.295513391494751,3.295513391494751,607068,0.0,0.0
1996-11-13,3.2847429909164583,3.317051887512207,3.2416641219676086,3.317051887512207,134131,0.0,0.0
1996-11-14,3.338591452964299,3.413979223770746,3.3170521190328466,3.360130786895752,550434,0.0,0.0
1996-11-15,3.370900679753121,3.370900679753121,3.3170522408997614,3.3385915756225586,438162,0.0,0.0
1996-11-18,3.338591446197334,3.4032094478607178,3.327821881299799,3.4032094478607178,567325,0.0,0.0
1996-11-19,3.424749763167178,3.55398497945596,3.424749763167178,3.5432162284851074,257333,0.0,0.0
1996-11-20,3.543216257511569,3.618603229522705,3.543216257511569,3.618603229522705,539505,0.0,0.0
1996-11-21,3.618602603897062,3.618602603897062,3.5970630645751953,3.5970630645751953,160957,0.0,0.0
1996-11-22,3.575523801246383,3.607832908630371,3.575523801246383,3.607832908630371,128170,0.0,0.0
1996-11-25,3.6293730164759963,3.693990833150933,3.6293730164759963,3.66168212890625,272237,0.0,0.0
1996-11-26,3.683220601355504,3.7801479211800264,3.683220601355504,3.7693779468536377,368612,0.0,0.0
1996-11-27,3.751474380493164,3.7730969509313623,3.740663300153544,3.751474380493164,213616,0.016909,0.0
1996-11-29,3.7190413106661007,3.8055307768821884,3.7190413106661007,3.794719696044922,86440,0.0,0.0
1996-12-02,3.7947195213695606,3.7947195213695606,3.740663300153544,3.751474380493164,110286,0.0,0.0
1996-12-03,3.751475477364076,3.751475477364076,3.5460636615753174,3.5460636615753174,400406,0.0,0.0
1996-12-04,3.459573268890381,3.4811958399933474,3.373083803996456,3.459573268890381,539505,0.0,0.0
1996-12-05,3.459573368670651,3.459573368670651,3.2001049665053447,3.29740571975708,624952,0.0,0.0
1996-12-06,3.2325382667847298,3.2541606326448704,3.156860908231906,3.243349552154541,404381,0.0,0.0
1996-12-09,3.2757831712435244,3.405517578125,3.264972090183105,3.405517578125,502743,0.0,0.0
1996-12-10,3.383895211124669,3.4163286591854187,3.383895211124669,3.405517578125,524602,0.0,0.0
1996-12-11,3.4055170455494355,3.4055170455494355,3.351461034062472,3.383894681930542,249385,0.0,0.0
1996-12-12,3.405517112175975,3.448761840259814,3.394705827715283,3.416328191757202,566331,0.0,0.0
1996-12-13,3.3947058902960974,3.3947058902960974,3.329838796974525,3.3406500816345215,112273,0.0,0.0
1996-12-16,3.351461116899911,3.3622724014163086,3.329838752746582,3.329838752746582,140093,0.0,0.0
1996-12-17,3.340649910483211,3.3947057163753493,3.329838626377109,3.3730833530426025,447104,0.0,0.0
1996-12-18,3.3947062921850883,3.405517578125,3.373083925184758,3.405517578125,118234,0.0,0.0
1996-12-19,3.394706170219937,3.459573268890381,3.373083803996456,3.459573268890381,124196,0.0,0.0
1996-12-20,3.4811958399933474,3.4920069206653452,3.4055174557714203,3.459573268890381,191758,0.0,0.0
1996-12-23,3.4487627464783355,3.5136300605285005,3.4487627464783355,3.481196403503418,260314,0.0,0.0
1996-12-24,3.481196061569707,3.481196061569707,3.427140040130623,3.4379513263702393,150028,0.0,0.0
1996-12-26,3.4163286159638364,3.437951187570102,3.3947062492370605,3.3947062492370605,119228,0.0,0.0
1996-12-27,3.4163279983778376,3.4271392822265625,3.4163279983778376,3.4271392822265625,93395,0.0,0.0
1996-12-30,3.4271398219949014,3.470384759321349,3.394706170219937,3.459573268890381,261307,0.0,0.0
1996-12-31,3.4811945239237896,3.5136281634371795,3.4703834473389312,3.502816677093506,337812,0.0,0.0
1997-01-02,3.5136294917683117,3.5244405724403096,3.373083803996456,3.459573268890381,233488,0.0,0.0
1997-01-03,3.459573349417388,3.459573349417388,3.3947062492370605,3.3947062492370605,100350,0.0,0.0
1997-01-06,3.3947062492370605,3.437951187570102,3.3730838825102847,3.3947062492370605,206661,0.0,0.0
1997-01-07,3.4055169194085653,3.4271392822265625,3.3838945565905676,3.4271392822265625,570306,0.0,0.0
1997-01-08,3.427139812258965,3.5028179913864177,3.427139812258965,3.4487621784210205,285153,0.0,0.0
1997-01-09,3.459572919841041,3.459572919841041,3.405517112175975,3.416328191757202,103331,0.0,0.0
1997-01-10,3.394705827715283,3.437950760678586,3.394705827715283,3.416328191757202,201693,0.0,0.0
1997-01-13,3.4055175350401936,3.4055175350401936,3.3730838825102847,3.3947062492370605,216597,0.0,0.0
1997-01-14,3.3947062492370605,3.4055175350401936,3.3838951683134177,3.3947062492370605,173874,0.0,0.0
1997-01-15,3.3947057163753493,3.3947057163753493,3.362272273815958,3.3730833530426025,162944,0.0,0.0
1997-01-16,3.394705590272313,3.4055168739768087,3.3190274238586426,3.3190274238586426,123202,0.0,0.0
1997-01-17,3.308216954618803,3.308216954618803,3.264972218913106,3.2757833003997803,206661,0.0,0.0
1997-01-20,3.2649717036529533,3.3514611614150494,3.2649717036529533,3.3406500816345215,349735,0.0,0.0
1997-01-21,3.3190278569230056,3.3190278569230056,3.2757829213419045,3.3082165718078613,549441,0.0,0.0
1997-01-22,3.308216576782467,3.308216576782467,3.135238473233768,3.1676719188690186,337812,0.0,0.0
1997-01-23,3.167672590818968,3.232538881210951,3.167672590818968,3.2001054286956787,119228,0.0,0.0
1997-01-24,3.200104553879613,3.2109156334694267,3.1568606452792864,3.178483009338379,104324,0.0,0.0
1997-01-27,3.200104553879613,3.2217269179387054,3.1568606452792864,3.178483009338379,131150,0.0,0.0
1997-01-28,3.200104553879613,3.200104553879613,3.1676717248691,3.178483009338379,245410,0.0,0.0
1997-01-29,3.167671463902441,3.1784827474810387,3.0919930934906006,3.0919930934906006,225539,0.0,0.0
1997-01-30,3.0919930934906006,3.113615660647796,3.070370731212853,3.0919930934906006,272237,0.0,0.0
1997-01-31,3.081182014791451,3.102804377069198,3.0487483689351054,3.0919930934906006,264288,0.0,0.0
1997-02-03,3.070371627807617,3.1352389384625394,3.070371627807617,3.070371627807617,513673,0.0,0.0
1997-02-04,3.070371324540153,3.189293622970581,3.070371324540153,3.189293622970581,381529,0.0,0.0
1997-02-05,3.200104256139379,3.22172661818671,3.146049068099112,3.1568603515625,664694,0.0,0.0
1997-02-06,3.15686048865505,3.15686048865505,3.081182115763195,3.12442684173584,222558,0.0,0.0
1997-02-07,3.135237586886962,3.156859946157543,3.0919926634663817,3.102803945541382,590177,0.0,0.0
1997-02-10,3.1460497095763,3.2217272750944974,3.1460497095763,3.189293622970581,1024364,0.0,0.0
1997-02-11,3.1892930066623975,3.1892930066623975,3.081182014791451,3.0919930934906006,895201,0.0,0.0
1997-02-12,3.113616853394988,3.124427936235588,3.0811831951141357,3.0811831951141357,361657,0.0,0.0
1997-02-13,3.091993935964155,3.091993935964155,3.027126831456615,3.037938117980957,1218109,0.0,0.0
1997-02-14,3.0163157498117767,3.048749199625795,3.0055044632874353,3.037938117980957,456046,0.0,0.0
1997-02-18,3.037938117980957,3.070371567794975,3.037938117980957,3.037938117980957,244417,0.0,0.0
1997-02-19,3.048749199625795,3.048749199625795,3.027126831456615,3.037938117980957,252365,0.0,0.0
1997-02-20,3.0379373233866502,3.0379373233866502,2.908202943425025,2.9298253059387207,928982,0.0,0.0
1997-02-21,2.940637004071267,2.9514480844120397,2.8865809877289674,2.8973922729492188,973693,0.0,0.0
1997-02-24,2.897393036304541,2.940637778819971,2.897393036304541,2.919015407562256,275217,0.0,0.0
1997-02-25,2.929825642664659,2.983881657601301,2.929825642664659,2.962259292602539,675624,0.0,0.0
1997-02-26,2.9730702133940863,3.016314938094911,2.9730702133940863,3.0055036544799805,326883,0.0,0.0
1997-02-27,2.998377380975669,3.03096859387062,2.987513780593872,2.987513780593872,383516,0.016909,0.0
1997-02-28,2.976649466591093,2.976649466591093,2.9114672577945186,2.922330856323242,397426,0.0,0.0
1997-03-03,2.93319466072671,2.9440582592554336,2.922330856323242,2.922330856323242,771999,0.0,0.0
1997-03-04,2.922331487486223,2.9549227018609088,2.922331487486223,2.944058895111084,133138,0.0,0.0
1997-03-05,2.9657861680807183,2.987513780593872,2.9657861680807183,2.987513780593872,97369,0.0,0.0
1997-03-06,2.998377535727278,3.052696158064084,2.998377535727278,3.0092413425445557,404381,0.0,0.0
1997-03-07,3.0092417367692317,3.085287570953369,3.0092417367692317,3.085287570953369,128170,0.0,0.0
1997-03-10,3.1070151329040527,3.1287427504433913,3.1070151329040527,3.1070151329040527,182816,0.0,0.0
1997-03-11,3.1287421341648898,3.1504695415496826,3.1178783275350996,3.1504695415496826,431207,0.0,0.0
1997-03-12,3.139606861021446,3.1721980867257185,3.139606861021446,3.161334276199341,323902,0.0,0.0
1997-03-13,3.161333765002744,3.161333765002744,3.1070151329040527,3.1070151329040527,120221,0.0,0.0
1997-03-14,3.0961520306656563,3.161334276199341,3.0961520306656563,3.161334276199341,106311,0.0,0.0
1997-03-17,3.139605760574341,3.161333168136674,3.117878353012008,3.139605760574341,233488,0.0,0.0
1997-03-18,3.1287427504433913,3.161333765002744,3.1070151329040527,3.1070151329040527,127176,0.0,0.0
1997-03-19,3.107015553469488,3.107015553469488,3.0309697052875517,3.063560724258423,152015,0.0,0.0
1997-03-20,3.085286831037852,3.107014236433327,3.074423231277498,3.0961506366729736,111279,0.0,0.0
1997-03-21,3.1070145462934473,3.161333168136674,3.1070145462934473,3.139605760574341,388484,0.0,0.0
1997-03-24,3.139606861021446,3.1721980867257185,3.139606861021446,3.161334276199341,113266,0.0,0.0
1997-03-25,3.1613331423046858,3.172196948934476,3.1504695415496826,3.1504695415496826,102337,0.0,0.0
1997-03-26,3.161334276199341,3.1721980867257185,3.150470671547824,3.161334276199341,466975,0.0,0.0
1997-03-27,3.183061691377236,3.183061691377236,3.150470671547824,3.161334276199341,615016,0.0,0.0
1997-03-31,3.1504695672929017,3.1504695672929017,3.139605760574341,3.139605760574341,378548,0.0,0.0
1997-04-01,3.1396054474639246,3.1396054474639246,3.074423231277498,3.0961506366729736,163938,0.0,0.0
1997-04-02,3.0852882312384344,3.096152041803894,3.009242380779662,3.0418334007263184,382522,0.0,0.0
1997-04-03,3.052695941636401,3.052695941636401,2.987513722978347,2.9983773231506348,75511,0.0,0.0
1997-04-04,2.9983779285287446,3.085287570953369,2.9875143261630757,3.085287570953369,368612,0.0,0.0
1997-04-07,3.0961506056047416,3.1830602263145513,3.0961506056047416,3.172196626663208,220571,0.0,0.0
1997-04-08,3.1830602263145513,3.1830602263145513,3.161332821137099,3.172196626663208,81472,0.0,0.0
1997-04-09,3.161334276199341,3.1721980867257185,3.150470671547824,3.161334276199341,89421,0.0,0.0
1997-04-10,3.183061691377236,3.183061691377236,3.150470671547824,3.161334276199341,113266,0.0,0.0
1997-04-11,3.139606353338233,3.139606353338233,3.1070151329040527,3.1070151329040527,174867,0.0,0.0
1997-04-14,3.1070149815595256,3.1070149815595256,3.0744239685877,3.085287570953369,308005,0.0,0.0
1997-04-15,3.096152041803894,3.096152041803894,3.03096979603572,3.0418334007263184,693508,0.0,0.0
1997-04-16,3.0418327452634966,3.052696553487992,3.0201053346893234,3.0309691429138184,176854,0.0,0.0
1997-04-17,3.0092413425445557,3.0309687503043197,3.0092413425445557,3.0092413425445557,105318,0.0,0.0
1997-04-18,3.0201049434870426,3.0201049434870426,2.998377535727278,3.0092413425445557,144067,0.0,0.0
1997-04-21,3.009241129197698,3.020104729369986,2.987513722978347,2.9983773231506348,469956,0.0,0.0
1997-04-22,2.99837792411515,3.0309691429138184,2.9875143217654716,3.0309691429138184,512679,0.0,0.0
1997-04-23,3.041831637270126,3.237377643585205,3.041831637270126,3.237377643585205,538512,0.0,0.0
1997-04-24,3.237378300799714,3.3351517355555518,3.237378300799714,3.248241901397705,320921,0.0,0.0
1997-04-25,3.22651467378949,3.389470338821411,3.22651467378949,3.389470338821411,223552,0.0,0.0
1997-04-28,3.411197180519843,3.487243405678626,3.411197180519843,3.47637939453125,308998,0.0,0.0
1997-04-29,3.4546525733209656,3.465516173906186,3.4111975533557346,3.443788766860962,102337,0.0,0.0
1997-04-30,3.422060828023418,3.5958792338744856,3.422060828023418,3.519834041595459,1581754,0.0,0.0
1997-05-01,3.5089704426984554,3.5524252500359736,3.4981068438014513,3.519834041595459,337812,0.0,0.0
1997-05-02,3.5415630271082157,3.6936542942558255,3.5415630271082157,3.6827902793884277,811742,0.0,0.0
1997-05-05,3.6827903401285726,3.6827903401285726,3.6393355151912723,3.671926736831665,248391,0.0,0.0
1997-05-06,3.6501995304342607,3.6501995304342607,3.5741543073518156,3.6176083087921143,307011,0.0,0.0
1997-05-07,3.606744059475703,3.606744059475703,3.5198352387407645,3.5306992530822754,305024,0.0,0.0
1997-05-08,3.53069858872081,3.53069858872081,3.4763797624832047,3.5089709758758545,213616,0.0,0.0
1997-05-09,3.508971990682895,3.508971990682895,3.454653560485775,3.498108386993408,134131,0.0,0.0
1997-05-12,3.519835594372382,3.552426817190528,3.465517164175262,3.498108386993408,424252,0.0,0.0
1997-05-13,3.4763798781037436,3.487243890762329,3.4546526762857317,3.487243890762329,472936,0.0,0.0
1997-05-14,3.476380708518684,3.5306995495382005,3.443789692131749,3.45465350151062,345760,0.0,0.0
1997-05-15,3.4546520364639326,3.519834041595459,3.4546520364639326,3.519834041595459,395438,0.0,0.0
1997-05-16,3.5306988446378087,3.5741536617279053,3.498107628882837,3.5741536617279053,379541,0.0,0.0
1997-05-19,3.574153415492856,3.5958797931671143,3.5415622019831994,3.5958797931671143,360664,0.0,0.0
1997-05-20,3.6176083087921143,3.6393355153870983,3.59588069044746,3.6176083087921143,433194,0.0,0.0
1997-05-21,3.6284710778501137,3.6501986911992663,3.6284710778501137,3.6393346786499023,160957,0.0,0.0
1997-05-22,3.65019953023785,3.671926736831665,3.6393355151912723,3.671926736831665,249385,0.0,0.0
1997-05-23,3.650197481598906,3.726243073747057,3.650197481598906,3.715379476547241,205668,0.0,0.0
1997-05-27,3.726244741560616,3.726244741560616,3.595880281565249,3.661062717437744,225539,0.0,0.0
1997-05-28,3.661062960598643,3.769699811935425,3.6556315709564196,3.769699811935425,172880,0.0,0.0
1997-05-29,3.795263468232286,3.882511037315987,3.795263468232286,3.860698938369751,257333,0.016909,0.0
1997-05-30,3.8606983692581838,3.9152284019101056,3.8497925280680234,3.9043221473693848,325889,0.0,0.0
1997-06-02,3.926136384566812,4.002477314537227,3.915230537428181,3.9806652069091797,273230,0.0,0.0
1997-06-03,3.991569366689449,3.991569366689449,3.9261347248696734,3.9370405673980713,238455,0.0,0.0
1997-06-04,3.9479476429445506,3.9479476429445506,3.904323437072539,3.926135540008545,217591,0.0,0.0
1997-06-05,3.9261348854876346,3.9261348854876346,3.8170752156901977,3.827981472015381,159964,0.0,0.0
1997-06-06,3.8279816097123724,3.849793296446075,3.817075352994878,3.8388874530792236,199706,0.0,0.0
1997-06-09,3.849792673345814,3.849792673345814,3.7734509554327005,3.7952630519866943,289127,0.0,0.0
1997-06-10,3.795263666261176,3.8388874530792236,3.77345156617683,3.8388874530792236,408355,0.0,0.0
1997-06-11,3.860698842998064,3.958852665805478,3.860698842998064,3.9370405673980713,130157,0.0,0.0
1997-06-12,3.937039329796401,3.937039329796401,3.9152276515960693,3.9152276515960693,152015,0.0,0.0
1997-06-13,3.9370392743347153,4.01338014696045,3.9370392743347153,4.002474308013916,211629,0.0,0.0
1997-06-16,4.002474308013916,4.002474308013916,3.980662216770374,4.002474308013916,148041,0.0,0.0
1997-06-17,4.002475976308075,4.0460997636277565,3.9806638759729105,4.035193920135498,608061,0.0,0.0
1997-06-18,4.046099936989374,4.078817882218649,4.024287835719635,4.067911624908447,144067,0.0,0.0
1997-06-19,4.067911521460076,4.144253253936768,4.067911521460076,4.144253253936768,268262,0.0,0.0
1997-06-20,4.078817504676802,4.133347132777802,4.057005405426025,4.057005405426025,614023,0.0,0.0
1997-06-23,4.078817504676802,4.089723347626876,4.057005405426025,4.057005405426025,179835,0.0,0.0
1997-06-24,4.078817242423492,4.111534769170095,4.067910986824023,4.073364734649658,287140,0.0,0.0
1997-06-25,4.07881770745518,4.07881770745518,4.013381819800333,4.035193920135498,217591,0.0,0.0
1997-06-26,4.035193344008433,4.0460991859436035,3.991569149566573,4.0460991859436035,634887,0.0,0.0
1997-06-27,4.057005269036221,4.078817367553711,4.057005269036221,4.078817367553711,109292,0.0,0.0
1997-06-30,4.078817367553711,4.078817367553711,3.9915693868343656,4.078817367553711,360664,0.0,0.0
1997-07-01,4.040646895120111,4.212414741516113,4.040646895120111,4.212414741516113,168906,0.0,1.5
1997-07-02,4.245131822666874,4.25331161625107,4.179696367446995,4.187875747680664,331188,0.0,0.0
1997-07-03,4.1878761738133905,4.1878761738133905,4.130620093001151,4.146978855133057,99356,0.0,0.0
1997-07-07,4.155159535874906,4.28603090089766,4.155159535874906,4.277851104736328,651116,0.0,0.0
1997-07-08,4.286028639442207,4.343284702257322,4.269669055751421,4.318746566772461,266938,0.0,0.0
1997-07-09,4.3351072212620325,4.416901463162829,4.236953800300548,4.2942094802856445,408686,0.0,0.0
1997-07-10,4.310568727569711,4.351465225219727,4.302388932018956,4.351465225219727,130488,0.0,0.0
1997-07-11,4.367824411241491,4.605028126449032,4.367824411241491,4.588669776916504,362320,0.0,0.0
1997-07-14,4.588670172084972,4.629566669464111,4.580490376588395,4.629566669464111,304031,0.0,0.0
1997-07-15,4.613207120925862,4.621386500948433,4.547771254044264,4.5968475341796875,317278,0.0,0.0
1997-07-16,4.596849688776474,4.825874916858335,4.564131740000392,4.801336765289307,525264,0.0,0.0
1997-07-17,4.768616199493408,4.866768751903335,4.760436406775431,4.768616199493408,508705,0.0,0.0
1997-07-18,4.760438053386142,4.78497619997624,4.7113617602059445,4.776796817779541,773655,0.0,0.0
1997-07-21,4.752257494329674,4.825872742570977,4.6786426594388955,4.809513568878174,558383,0.0,0.0
1997-07-22,4.809513751722735,4.891308796595324,4.809513751722735,4.842231273651123,797501,0.0,0.0
1997-07-23,4.842231273651123,4.858590861316396,4.842231273651123,4.842231273651123,388815,0.0,0.0
1997-07-24,4.858590199236808,4.858590199236808,4.760436406775431,4.768616199493408,188777,0.0,0.0
1997-07-25,4.744078875642116,4.776796817779541,4.727720524599344,4.776796817779541,210636,0.0,0.0
1997-07-28,4.776795608871678,4.940384864807129,4.760436848618342,4.940384864807129,500756,0.0,0.0
1997-07-29,4.940384864807129,4.940384864807129,4.858590650189925,4.940384864807129,298732,0.0,0.0
1997-07-30,4.948566063311859,5.05489887073217,4.93220688369673,5.046719074249268,788890,0.0,0.0
1997-07-31,5.0467188559022995,5.071257830938649,5.030360090345608,5.038539886474609,198713,0.0,0.0
1997-08-01,5.054896541991964,5.087614059448242,5.046716749277411,5.087614059448242,202025,0.0,0.0
1997-08-04,5.087616140243605,5.087616140243605,4.973104368961723,4.997642517089844,270912,0.0,0.0
1997-08-05,4.964925422001168,4.964925422001168,4.891310965027293,4.956745624542236,156321,0.0,0.0
1997-08-06,4.956743968626663,5.087615310689551,4.956743968626663,5.054897785186768,329201,0.0,0.0
1997-08-07,5.0221803175641595,5.071257437124406,4.97310402470516,4.989462375640869,129163,0.0,0.0
1997-08-08,4.940385575434697,4.964923719344281,4.883129492961754,4.907667636871338,127176,0.0,0.0
1997-08-11,4.924026196418578,4.93220599142169,4.858591556549072,4.858591556549072,117903,0.0,0.0
1997-08-12,4.883129727144447,4.907667872230818,4.858591582058075,4.874949932098389,94720,0.0,0.0
1997-08-13,4.858592642442866,4.907668943326481,4.776797567584767,4.850412845611572,357021,0.0,0.0
1997-08-14,4.866769609109123,4.899487545692338,4.825873118418857,4.834052085876465,103331,0.0,0.0
1997-08-15,4.842230494875822,4.842230494875822,4.637744775659187,4.6459245681762695,224545,0.0,0.0
1997-08-18,4.6459245681762695,4.6459245681762695,4.613206638159362,4.6459245681762695,239780,0.0,0.0
1997-08-19,4.678643581898883,4.744078636169434,4.66228440498064,4.744078636169434,613360,0.0,0.0
1997-08-20,4.7113617602059445,4.776796817779541,4.7113617602059445,4.776796817779541,694170,0.0,0.0
1997-08-21,4.784975771122074,4.8258735051413595,4.7604376267312105,4.817693710327148,151022,0.0,0.0
1997-08-22,4.7849771708752,4.801336765289307,4.7359008677371435,4.801336765289307,103993,0.0,0.0
1997-08-25,4.801334602057559,4.858590676606059,4.7931548085358955,4.809513568878174,127176,0.0,0.0
1997-08-26,4.8095154615444615,4.817694844934396,4.711362447514565,4.727721214294434,176192,0.0,0.0
1997-08-27,4.711361568774988,4.793155800769166,4.662284450887628,4.784976005554199,125189,0.0,0.0
1997-08-28,4.750451877256188,4.79147445192605,4.742247362322216,4.7750654220581055,64913,0.016909,0.0
1997-08-29,4.758655240513348,4.7914737097867945,4.725837600481225,4.742246627807617,278198,0.0,0.0
1997-09-02,4.734041703313631,4.881723778610714,4.725837604264529,4.824292182922363,253028,0.0,0.0
1997-09-03,4.840700955859828,4.95556496060275,4.840700955859828,4.873519420623779,449753,0.0,0.0
1997-09-04,4.889928807111328,4.9227472770836025,4.799678325653076,4.799678325653076,292770,0.0,0.0
1997-09-05,4.816089160987018,4.840702707501108,4.709429215563699,4.725838661193848,123202,0.0,0.0
1997-09-08,4.725836598506333,4.848904691981961,4.725836598506333,4.750450134277344,169568,0.0,0.0
1997-09-09,4.750450134277344,4.848904691981961,4.725836598506333,4.750450134277344,90083,0.0,0.0
1997-09-10,4.725838231369121,4.742247260886078,4.651996769301376,4.709428787231445,232494,0.0,0.0
1997-09-11,4.701223373413086,4.709428301946803,4.63558726210875,4.701223373413086,133800,0.0,0.0
1997-09-12,4.717633723528527,4.816089153289795,4.684815661562192,4.816089153289795,164269,0.0,0.0
1997-09-15,4.7914737097867945,4.807883151733849,4.725837600481225,4.742246627807617,152346,0.0,0.0
1997-09-16,4.742246008210638,4.848905086517334,4.742246008210638,4.848905086517334,183478,0.0,0.0
1997-09-17,4.881723441172093,4.988383769989014,4.873519757310715,4.988383769989014,186790,0.0,0.0
1997-09-18,4.98838607445881,5.09504520868683,4.98838607445881,5.086841106414795,511354,0.0,0.0
1997-09-19,5.119656351246443,5.160679331035705,5.086838713732167,5.152474403381348,235143,0.0,0.0
1997-09-22,5.160678582973669,5.341179502033806,5.119655609130859,5.119655609130859,257664,0.0,0.0
1997-09-23,5.1196559046289645,5.25092934557873,5.1196559046289645,5.242724418640137,304031,0.0,0.0
1997-09-24,5.185294059075174,5.201703918146511,5.037611961364746,5.037611961364746,163607,0.0,0.0
1997-09-25,4.97197439140442,5.070429801940918,4.955565778246014,5.070429801940918,253028,0.0,0.0
1997-09-26,5.095042523666816,5.111451963425806,5.02940559387207,5.02940559387207,189440,0.0,0.0
1997-09-29,5.029406371596985,5.037611300055557,4.775064784139373,4.799678325653076,579579,0.0,0.0
1997-09-30,4.775064028850246,4.791473053930573,4.660200438667351,4.684813976287842,674299,0.0,0.0
1997-10-01,4.717634142087381,5.021203729933864,4.717634142087381,4.971975803375244,395438,0.0,0.0
1997-10-02,4.971975006526662,5.054021399434688,4.906339301910707,4.939156532287598,451740,0.0,0.0
1997-10-03,4.955566092208738,5.021202622104169,4.898134076722647,4.930952548980713,121877,0.0,0.0
1997-10-06,4.914541908203307,5.021201822399593,4.914541908203307,4.988383769989014,504068,0.0,0.0
1997-10-07,4.980179158145497,5.0212021408813365,4.980179158145497,5.012997627258301,288796,0.0,0.0
1997-10-08,5.004793167114258,5.021202610515769,4.988384552954144,5.004793167114258,303368,0.0,0.0
1997-10-09,4.988384400592784,4.988384400592784,4.9309523869933995,4.955565929412842,205337,0.0,0.0
1997-10-10,4.971974966246657,5.05402135848999,4.922747877217955,5.05402135848999,221896,0.0,0.0
1997-10-13,5.037610613129921,5.037610613129921,4.430471696466311,4.471494674682617,925339,0.0,0.0
1997-10-14,4.397653532765797,4.717632453115605,4.381244920822065,4.693018913269043,2864776,0.0,0.0
1997-10-15,4.717633639738262,4.717633639738262,4.561746604304631,4.56995153427124,470287,0.0,0.0
1997-10-16,4.537133058267043,4.643792172384004,4.463291590912784,4.56995153427124,1426096,0.0,0.0
1997-10-17,4.537130343911742,4.537130343911742,4.463288920733393,4.52892541885376,471612,0.0,0.0
1997-10-20,4.561746284331882,4.594564758034107,4.537132740020752,4.537132740020752,492145,0.0,0.0
1997-10-21,4.569950429936682,4.660200906173519,4.569950429936682,4.602768898010254,861089,0.0,0.0
1997-10-22,4.610972414015047,4.6355867824485895,3.97921993263233,4.069470405578613,2933663,0.0,0.0
1997-10-23,4.069471142256719,4.414064070293778,4.061267042328107,4.364835739135742,701456,0.0,0.0
1997-10-24,4.397652574953991,4.4304710355555,4.135106548624131,4.2335615158081055,1320778,0.0,0.0
1997-10-27,4.200743877581636,4.23356234460798,4.061266325616099,4.085880279541016,557058,0.0,0.0
1997-10-28,3.888968775185894,4.135106170647189,3.7412863379091164,4.0038323402404785,1504256,0.0,0.0
1997-10-29,4.135108149976978,4.200744681977701,4.08588106194197,4.10228967666626,304031,0.0,0.0
1997-10-30,4.110494249008376,4.110494249008376,3.9381982119857204,3.9464023113250732,552422,0.0,0.0
1997-10-31,3.9792211055755615,4.003834652023102,3.9381989427837487,3.9792211055755615,130488,0.0,0.0
1997-11-03,3.9381966688986676,4.020242190972089,3.9381966688986676,4.0038323402404785,697482,0.0,0.0
1997-11-04,3.987425636072058,4.217153705042853,3.9381985481103556,4.184335231781006,786903,0.0,0.0
1997-11-05,4.217154151598158,4.217154151598158,4.118699550628662,4.118699550628662,136449,0.0,0.0
1997-11-06,4.1351085582263325,4.1351085582263325,3.962812489231289,3.9792211055755615,677611,0.0,0.0
1997-11-07,3.979220406956717,3.9956302642822266,3.905379780578056,3.9956302642822266,1247254,0.0,0.0
1997-11-10,3.9546066972516747,4.036652248816361,3.938198084483534,4.012038707733154,1141936,0.0,0.0
1997-11-11,4.003833949082937,4.012038877745692,3.9874253356194718,3.9956302642822266,282172,0.0,0.0
1997-11-12,4.020244858198971,4.020244858198971,3.92178983469458,3.938199281692505,1441993,0.0,0.0
1997-11-13,3.971017115306019,3.971017115306019,3.8725616931915283,3.8725616931915283,1277723,0.0,0.0
1997-11-14,3.872561537882876,3.9217890396554966,3.872561537882876,3.9053800106048584,729276,0.0,0.0
1997-11-17,3.938196971246414,3.987424039497475,3.938196971246414,3.9546055793762207,735900,0.0,0.0
1997-11-18,3.946401274211706,3.9710156388645004,3.905378715192277,3.921787738800049,247066,0.0,0.0
1997-11-19,3.91358426746333,3.929993711792773,3.8561522488620854,3.8725616931915283,237793,0.0,0.0
1997-11-20,3.905379780578056,4.0366524198719125,3.897174851915301,3.9956302642822266,429220,0.0,0.0
1997-11-21,4.028448254878782,4.069470405578613,3.9956297880017795,4.069470405578613,547785,0.0,0.0
1997-11-24,4.036652272340303,4.332018084025365,4.028448587839421,4.192539691925049,683572,0.0,0.0
1997-11-25,4.1761291890268595,4.241766105016587,4.09408283672944,4.200742721557617,621971,0.0,0.0
1997-11-26,4.190798549621188,4.347233494883478,4.174331472391136,4.3389997482299805,212623,0.016909,0.0
1997-11-28,4.347234310131152,4.404867634975146,4.330766813735965,4.388400554656982,163607,0.0,0.0
1997-12-01,4.388399705212411,4.487200503688837,4.3636997136317754,4.371933460235596,563682,0.0,0.0
1997-12-02,4.371934151843915,4.610702439202572,4.371934151843915,4.594234943389893,475586,0.0,0.0
1997-12-03,4.5283673739641666,4.610701084136963,4.5283673739641666,4.610701084136963,413323,0.0,0.0
1997-12-04,4.610701433525837,4.668335159837219,4.610701433525837,4.660101413726807,167581,0.0,0.0
1997-12-05,4.660103992669729,4.833006099443267,4.660103992669729,4.808305263519287,290121,0.0,0.0
1997-12-08,4.808303538928559,4.808303538928559,4.709503143209333,4.74243688583374,175530,0.0,0.0
1997-12-09,4.72596855923103,4.742435634235831,4.709501900303117,4.7177348136901855,162282,0.0,0.0
1997-12-10,4.734202216182094,4.775368866349569,4.62716767751591,4.660101413726807,584216,0.0,0.0
1997-12-11,4.627167498900778,4.627167498900778,4.478966731864792,4.495433807373047,237793,0.0,0.0
1997-12-12,4.495434250292657,4.495434250292657,4.355465967027955,4.371933460235596,298732,0.0,0.0
1997-12-15,4.3966333094018335,4.3966333094018335,4.264898777008057,4.264898777008057,384178,0.0,0.0
1997-12-16,4.273131627762679,4.3142991065979,4.273131627762679,4.3142991065979,398750,0.0,0.0
1997-12-17,4.297831183461674,4.421332359313965,4.297831183461674,4.421332359313965,117241,0.0,0.0
1997-12-18,4.421333470072458,4.446033461802118,4.330766001576483,4.3389997482299805,255677,0.0,0.0
1997-12-19,4.26490077555409,4.28136785986792,4.174333268097955,4.215500354766846,165594,0.0,0.0
1997-12-22,4.182566058290971,4.223733135510998,4.182566058290971,4.199032306671143,259651,0.0,0.0
1997-12-23,4.1825662041432325,4.2813670264858175,4.10846496327073,4.273133277893066,338474,0.0,0.0
1997-12-24,4.273134109672443,4.28136785986792,4.215500354766846,4.215500354766846,59614,0.0,0.0
1997-12-26,4.223731822584566,4.223731822584566,4.133164364068364,4.149631023406982,49016,0.0,0.0
1997-12-29,4.116698280115632,4.141398275072291,3.968497062144686,4.13316535949707,303368,0.0,0.0
1997-12-30,4.199032548341807,4.363700866699219,4.199032548341807,4.363700866699219,292108,0.0,0.0
1997-12-31,4.347232861765865,4.363699104443935,4.281365394592285,4.281365394592285,344436,0.0,0.0
1998-01-02,4.248433423519906,4.281367170769663,4.207266343476974,4.223733425140381,328538,0.0,0.0
1998-01-05,4.19079935785463,4.264899763411485,4.149632280955477,4.231966018676758,538512,0.0,0.0
1998-01-06,4.21550033372479,4.21550033372479,4.116699492643474,4.124933242797852,308005,0.0,0.0
1998-01-07,4.116697510380356,4.141397500718639,4.06729752970379,4.108463764190674,180166,0.0,0.0
1998-01-08,4.108464532386415,4.1660991021829465,4.100232032888193,4.13316535949707,263626,0.0,0.0
1998-01-09,4.124932574783773,4.133165907527678,3.9849650859832764,3.9849650859832764,279523,0.0,0.0
1998-01-12,3.8367618547547373,3.968496387010102,3.8202956103285928,3.943796396255493,262301,0.0,0.0
1998-01-13,3.9273298620278574,3.960263603658981,3.886163205085185,3.9190969467163086,306680,0.0,0.0
1998-01-14,3.902629867862254,3.9190969467163086,3.8696961262311307,3.9190969467163086,788227,0.0,0.0
1998-01-15,3.9520310654131796,4.034364803231023,3.935563984987991,3.976731061935425,377554,0.0,0.0
1998-01-16,4.001431335394033,4.017897584804789,3.9520313389306017,3.9849650859832764,123202,0.0,0.0
1998-01-20,4.017895601537153,4.034363091050578,3.984963118971395,4.009663105010986,130488,0.0,0.0
1998-01-21,4.009664202869648,4.06729793548584,4.009664202869648,4.06729793548584,295420,0.0,0.0
1998-01-22,4.04259916673226,4.059065417509426,3.9931979179382324,3.9931979179382324,117903,0.0,0.0
1998-01-23,4.009663105010986,4.050829332333456,3.9767293742146825,4.009663105010986,125851,0.0,0.0
1998-01-26,3.9931969292131186,4.009664424144158,3.8285294692884584,3.9190969467163086,643829,0.0,0.0
1998-01-27,3.9520289405085625,4.182563781738281,3.9520289405085625,4.182563781738281,733250,0.0,0.0
1998-01-28,4.231964347507259,4.380165100097656,4.231964347507259,4.380165100097656,443792,0.0,0.0
1998-01-29,4.314300505017931,4.429567985242113,4.248433016823813,4.34723424911499,632569,0.0,0.0
1998-01-30,4.330766452583476,4.55306848168572,4.330766452583476,4.478967666625977,337812,0.0,0.0
1998-02-02,4.446033327042148,4.742436131352663,4.446033327042148,4.7342023849487305,541161,0.0,0.0
1998-02-03,4.701271042071921,4.874171883854468,4.6765710406964445,4.824771881103516,1036618,0.0,0.0
1998-02-04,4.824770420942497,5.1211724281311035,4.783603348365002,5.1211724281311035,1095570,0.0,0.0
1998-02-05,5.1211732389362785,5.401109043922246,5.1211732389362785,5.1705732345581055,1247916,0.0,0.0
1998-02-06,5.137639663103961,5.335241716705726,5.005905931549183,5.088239669799805,1795701,0.0,0.0
1998-02-09,5.104706321204332,5.21174004710966,5.104706321204332,5.178806304931641,702119,0.0,0.0
1998-02-10,5.162340350682878,5.170572850520964,5.1211728585682526,5.13763952255249,73524,0.0,0.0
1998-02-11,5.11293889730721,5.129405975341797,5.096472235349588,5.129405975341797,88096,0.0,0.0
1998-02-12,5.129406987616964,5.1705732345581055,5.088239908521727,5.1705732345581055,455052,0.0,0.0
1998-02-13,5.178806304931641,5.203506299507411,5.137639231228365,5.178806304931641,1080335,0.0,0.0
1998-02-17,5.187039795066964,5.261139775116203,5.187039795066964,5.2529072761535645,188115,0.0,0.0
1998-02-18,5.252906745996768,5.3023067277105005,5.170571778832828,5.203505516052246,293433,0.0,0.0
1998-02-19,5.203506299507411,5.219973794711908,5.170572557329392,5.178806304931641,406699,0.0,0.0
1998-02-20,5.170572158451828,5.203505898089213,5.145872165781509,5.195273399353027,420609,0.0,0.0
1998-02-23,5.19527444250296,5.203506942892135,5.071773206122892,5.080006122589111,651778,0.0,0.0
1998-02-24,5.080005782530645,5.13763952255249,5.055305786554289,5.13763952255249,280847,0.0,0.0
1998-02-25,5.121171619453728,5.2364390716074,5.112938289453739,5.228206157684326,534537,0.0,0.0
1998-02-26,5.226488726255685,5.226488726255685,5.168691892055806,5.218231678009033,641180,0.016909,0.0
1998-02-27,5.218232470863912,5.218232470863912,5.135665731142283,5.209976673126221,453728,0.0,0.0
1998-03-02,5.176950452739813,5.176950452739813,4.887965362805021,5.152179718017578,897519,0.0,0.0
1998-03-03,5.152179473212703,5.152179473212703,5.028329560777349,5.102639675140381,288796,0.0,0.0
1998-03-04,5.102639589698391,5.102639589698391,5.0613555908203125,5.0613555908203125,239780,0.0,0.0
1998-03-05,4.962275617219078,5.0365853074060425,4.962275617219078,5.0200724601745605,102668,0.0,0.0
1998-03-06,4.995301803646263,5.028328747607987,4.929248332977295,4.929248332977295,913417,0.0,0.0
1998-03-09,4.912735302593326,4.912735302593326,4.887965402180691,4.904479503631592,410673,0.0,0.0
1998-03-10,4.871450901031494,4.879707114448876,4.838423961089813,4.871450901031494,256340,0.0,0.0
1998-03-11,4.8714510369566835,4.912733774213204,4.854937357897857,4.863193988800049,442467,0.0,0.0
1998-03-12,4.846682773432486,5.028329966103626,4.846682773432486,4.978789329528809,1591690,0.0,0.0
1998-03-13,5.0118154106770545,5.0448423569035485,5.003558361179548,5.0200724601745605,490158,0.0,0.0
1998-03-16,5.03658685373427,5.152180575134711,5.03658685373427,5.119154453277588,457702,0.0,0.0
1998-03-17,5.094382624873779,5.160436106224757,5.094382624873779,5.102639675140381,116578,0.0,0.0
1998-03-18,5.086126767032153,5.13566656859064,5.086126767032153,5.127409934997559,271574,0.0,0.0
1998-03-19,5.143922328948975,5.168692223514034,5.119152434383916,5.143922328948975,74186,0.0,0.0
1998-03-20,5.119153718659056,5.1439236194383,5.119153718659056,5.127409934997559,125189,0.0,0.0
1998-03-23,5.13566613901716,5.234746985610239,5.13566613901716,5.185205936431885,272899,0.0,0.0
1998-03-24,5.185205217473695,5.342082889886515,5.185205217473695,5.243002891540527,765044,0.0,0.0
1998-03-25,5.259517204038043,5.259517204038043,5.135666451208846,5.152179718017578,258327,0.0,0.0
1998-03-26,5.16869237121293,5.284286050328653,5.16869237121293,5.243002891540527,345098,0.0,0.0
1998-03-27,5.276030042359584,5.300800777029083,5.234747292680213,5.259517192840576,140424,0.0,0.0
1998-03-30,5.193462256160482,5.218232151384112,5.119152570489594,5.135665416717529,335162,0.0,0.0
1998-03-31,5.135666207188596,5.168693156491359,5.102639675140381,5.102639675140381,181491,0.0,0.0
1998-04-01,5.119153415311383,5.119153415311383,5.028329616660314,5.077869415283203,122540,0.0,0.0
1998-04-02,5.061355608385987,5.185205936431885,5.053099392738075,5.185205936431885,542486,0.0,0.0
1998-04-03,5.218232470863912,5.234746569866356,5.185205524622554,5.209976673126221,71537,0.0,0.0
1998-04-06,5.176949638347045,5.1934624853035505,5.069612169211979,5.08612585067749,133800,0.0,0.0
1998-04-07,5.077869716184493,5.127409934997559,5.0530998154052496,5.127409934997559,221896,0.0,0.0
1998-04-08,5.1026407664670685,5.119154453277588,5.061356758068091,5.119154453277588,488833,0.0,0.0
1998-04-09,5.284286025866425,5.383366441008231,5.243002867269409,5.366852760314941,1128689,0.0,0.0
1998-04-13,5.515473777647488,5.697120912750459,5.48244683614947,5.664093971252441,1180354,0.0,0.0
1998-04-14,5.812716228468926,5.90353961311743,5.771432226962546,5.845743179321289,706093,0.0,0.0
1998-04-15,5.862253838287751,6.176008711006417,5.8539967907191865,6.109954833984375,604087,0.0,0.0
1998-04-16,6.076928124106602,6.076928124106602,5.878767737348295,5.994361400604248,373580,0.0,0.0
1998-04-17,5.977849600126163,6.010876133001085,5.928309800813779,5.953079700469971,345098,0.0,0.0
1998-04-20,5.944821752040015,6.010875225067139,5.862255015069736,6.010875225067139,304031,0.0,0.0
1998-04-21,6.019132274293214,6.060416268660098,5.9943623783784785,6.010875225067139,355696,0.0,0.0
1998-04-22,6.0191334292310845,6.043903329898613,5.961336577085609,6.027390480041504,96045,0.0,0.0
1998-04-23,6.027388340357846,6.060415280111445,5.977847722100234,5.994361400604248,341786,0.0,0.0
1998-04-24,6.010876015720519,6.043902965205599,5.97784948348999,5.97784948348999,71537,0.0,0.0
1998-04-27,5.96133721533326,5.97785048421293,5.787947057587476,5.812716960906982,197388,0.0,0.0
1998-04-28,5.779688973131617,5.829228770918459,5.771431922912598,5.771431922912598,184803,0.0,0.0
1998-04-29,5.779690331010681,5.944823863605678,5.754920426297825,5.920053958892822,458364,0.0,0.0
1998-04-30,5.944822191234234,6.209036937371494,5.944822191234234,6.159496307373047,283497,0.0,0.0
1998-05-01,6.184265467312166,6.184265467312166,6.043901080094297,6.167751789093018,297407,0.0,0.0
1998-05-04,6.035646103480191,6.093443784457534,5.969593041521634,6.052159786224365,117241,0.0,0.0
1998-05-05,6.03564669634277,6.07693028137656,6.010876378420665,6.027390480041504,137774,0.0,0.0
1998-05-06,6.043903000474363,6.043903000474363,5.920052669378058,5.936566352844238,219909,0.0,0.0
1998-05-07,5.920051121962368,5.920051121962368,5.870511336276472,5.878767967224121,162282,0.0,0.0
1998-05-08,5.845742123005947,6.060416221618652,5.845742123005947,6.060416221618652,119228,0.0,0.0
1998-05-11,6.060416268660098,6.076929115348759,5.9943623783784785,6.010875225067139,113266,0.0,0.0
1998-05-12,6.010876813663335,6.109957675271541,6.010876813663335,6.09344482421875,232494,0.0,0.0
1998-05-13,6.093443914944153,6.126469612121582,6.093443914944153,6.126469612121582,384840,0.0,0.0
1998-05-14,6.109955066306178,6.151238636701096,6.09344222230441,6.142982006072998,65575,0.0,0.0
1998-05-15,6.142982957948043,6.142982957948043,6.043902123294687,6.060416221618652,225208,0.0,0.0
1998-05-18,6.076929081127076,6.076929081127076,5.763174147192507,5.804458141326904,313966,0.0,0.0
1998-05-19,5.796200405984294,5.89528122911942,5.77968756134344,5.878767967224121,217259,0.0,0.0
1998-05-20,5.895282979717981,5.895282979717981,5.76317517630853,5.845743179321289,176192,0.0,0.0
1998-05-21,5.845741311754429,5.845741311754429,5.68060702750342,5.796200275421143,261639,0.0,0.0
1998-05-22,5.787946620319228,5.787946620319228,5.6640958613145225,5.746662616729736,193414,0.0,0.0
1998-05-26,5.763174398513011,5.763174398513011,5.688864707946777,5.688864707946777,69549,0.0,0.0
1998-05-27,5.672350278259763,5.672350278259763,5.4989597713687495,5.531986713409424,201362,0.0,0.0
1998-05-28,5.538544226560724,5.563380552640159,5.472313605308705,5.4888715744018555,222558,0.016909,0.0
1998-05-29,5.497149237894144,5.538542684796983,5.414360252221411,5.430918216705322,135787,0.0,0.0
1998-06-01,5.397803783416748,5.4226401075393875,5.348131135171469,5.397803783416748,227195,0.0,0.0
1998-06-02,5.422640922985054,5.422640922985054,5.281901313419135,5.290179252624512,351059,0.0,0.0
1998-06-03,5.298458363446278,5.32329469091233,5.273622035980225,5.273622035980225,202687,0.0,0.0
1998-06-04,5.290179669106006,5.480593204498291,5.281901729248929,5.480593204498291,549110,0.0,0.0
1998-06-05,5.472314022386069,5.579939365386963,5.472314022386069,5.579939365386963,413985,0.0,0.0
1998-06-08,5.613054887723666,5.695843066005084,5.579939365386963,5.579939365386963,270249,0.0,0.0
1998-06-09,5.579937103149177,5.596494230044541,5.447475067505592,5.546821594238281,160957,0.0,0.0
1998-06-10,5.530264748488555,5.5468218762256445,5.430918216705322,5.430918216705322,88096,0.0,0.0
1998-06-11,5.44747622402964,5.44747622402964,5.215669285933254,5.2239484786987305,125189,0.0,0.0
1998-06-12,5.240505607254919,5.257063574406535,5.132881121823546,5.182553768157959,70874,0.0,0.0
1998-06-15,5.05009290577853,5.215670092724897,5.05009290577853,5.116323947906494,194076,0.0,0.0
1998-06-16,5.174275233401888,5.18255442721729,5.074929091352374,5.099766254425049,247066,0.0,0.0
1998-06-17,5.099766205854091,5.157718051768777,5.066650686028473,5.149438858032227,223221,0.0,0.0
1998-06-18,5.141160082669204,5.149438858032227,5.108044562843586,5.149438858032227,649128,0.0,0.0
1998-06-19,5.141159564257317,5.257063662772958,5.141159564257317,5.240505695343018,388152,0.0,0.0
1998-06-22,5.2073922642110295,5.30673885345459,5.2073922642110295,5.30673885345459,170231,0.0,0.0
1998-06-23,5.306736887552847,5.397803828469441,5.306736887552847,5.34813117980957,98032,0.0,0.0
1998-06-24,5.34813117980957,5.381245860542653,5.339851986659427,5.34813117980957,189440,0.0,0.0
1998-06-25,5.348130094026666,5.348130094026666,5.306735810173852,5.339850902557373,170231,0.0,0.0
1998-06-26,5.356408448749133,5.364687640218426,5.3232929379922,5.339850902557373,47691,0.0,0.0
1998-06-29,5.315015590230252,5.3315731395589365,5.298457622528076,5.298457622528076,204012,0.0,0.0
1998-06-30,5.331572129461493,5.356408448749133,5.315014583269733,5.339850902557373,313304,0.0,0.0
1998-07-01,5.364689104342268,5.530266284942627,5.348131553631643,5.530266284942627,125189,0.0,0.0
1998-07-02,5.5468218762256445,5.5468218762256445,5.430918216705322,5.430918216705322,72861,0.0,0.0
1998-07-06,5.447475565163373,5.488870268863677,5.447475565163373,5.45575475692749,51665,0.0,0.0
1998-07-07,5.430918216705322,5.439197408133984,5.372966386945161,5.430918216705322,194076,0.0,0.0
1998-07-08,5.4143620045358265,5.4143620045358265,5.331573828816193,5.364689350128174,137774,0.0,0.0
1998-07-09,5.381247031911202,5.381247031911202,5.33985314901752,5.372968673706055,140424,0.0,0.0
1998-07-10,5.381245484892659,5.414361000061035,5.364688354868675,5.414361000061035,558383,0.0,0.0
1998-07-13,5.323294475136041,5.323294475136041,5.149438934800143,5.248785495758057,429882,0.0,0.0
1998-07-14,5.182555688871385,5.190834884702295,4.9010747450821714,4.934190273284912,926002,0.0,0.0
1998-07-15,4.959025512567511,4.983861839464814,4.901073664766929,4.967304706573486,427233,0.0,0.0
1998-07-16,4.959025298528013,5.000420011650606,4.917631840525991,4.942468166351318,381529,0.0,0.0
1998-07-17,4.950747098831187,4.950747098831187,4.9176315811041835,4.925909519195557,297407,0.0,0.0
1998-07-20,4.925910726957621,4.925910726957621,4.73549802224154,4.793449878692627,497444,0.0,0.0
1998-07-21,4.818285658804165,4.826564853100076,4.785170555114746,4.785170555114746,168906,0.0,0.0
1998-07-22,4.785169774970195,4.785169774970195,4.644429770488431,4.702381610870361,458364,0.0,0.0
1998-07-23,4.685822656314389,4.702381040197135,4.6444292068481445,4.6444292068481445,190102,0.0,0.0
1998-07-24,4.611314840698408,4.627871973577387,4.511968278062666,4.5285258293151855,119890,0.0,0.0
1998-07-27,4.503689552864883,4.536805074114264,4.478853225708008,4.478853225708008,81472,0.0,0.0
1998-07-28,4.487131595611572,4.511967920522255,4.478852820641345,4.487131595611572,217259,0.0,0.0
1998-07-29,4.4954096195248265,4.511967586613415,4.487131263540748,4.503688812255859,125851,0.0,0.0
1998-07-30,4.503689014741429,4.536804532034001,4.503689014741429,4.520246982574463,953159,0.0,0.0
1998-07-31,4.520246556100155,4.536804103997528,4.420900431969002,4.43745756149292,300056,0.0,0.0
1998-08-03,4.454016074777189,4.454016074777189,4.404342174530029,4.404342174530029,102668,0.0,0.0
1998-08-04,4.404342883902502,4.420901271691951,4.263602863295217,4.271882057189941,149035,0.0,0.0
1998-08-05,4.288439886314148,4.288439886314148,4.17253618475471,4.255324363708496,245741,0.0,0.0
1998-08-06,4.271881249086849,4.304996763280747,4.1973714467439445,4.28843879699707,130488,0.0,0.0
1998-08-07,4.255323402402827,4.454016074777189,4.255323402402827,4.404342174530029,327214,0.0,0.0
1998-08-10,4.420900027731766,4.437457155741736,4.329832685876294,4.338111877441406,243754,0.0,0.0
1998-08-11,4.271881402256896,4.271881402256896,4.0980258878455516,4.155977725982666,202687,0.0,0.0
1998-08-12,4.139421324087218,4.387786737412012,4.139421324087218,4.379507541656494,1197576,0.0,0.0
1998-08-13,4.371229050793795,4.387786185099815,4.271882479595489,4.321555137634277,487509,0.0,0.0
1998-08-14,4.3546702860431035,4.536805023314987,4.3546702860431035,4.5285258293151855,643829,0.0,0.0
1998-08-17,4.53680422873261,4.9176311878303185,4.528525036182839,4.826563835144043,700131,0.0,0.0
1998-08-18,4.843123086538567,4.909354145706878,4.843123086538567,4.851402282714844,366294,0.0,0.0
1998-08-19,4.8514006628335915,4.8514006628335915,4.586478188112485,4.594756126403809,189440,0.0,0.0
1998-08-20,4.586478103017772,4.603035234413761,4.528525423704036,4.5781989097595215,139099,0.0,0.0
1998-08-21,4.553362111865943,4.553362111865943,4.304996799269102,4.387784957885742,187452,0.0,0.0
1998-08-24,4.354668920729729,4.437457069409415,4.354668920729729,4.429178714752197,229844,0.0,0.0
1998-08-25,4.462294312063654,4.5036881780221245,4.338111877441406,4.338111877441406,558383,0.0,0.0
1998-08-26,4.271880855161018,4.338111877441406,4.139419228973658,4.338111877441406,176854,0.0,0.0
1998-08-27,4.238766350516494,4.238766350516494,4.0235165229276735,4.056632041931152,394776,0.0,0.0
1998-08-28,4.054902809997601,4.071521974884823,3.988429929631186,3.9967386722564697,209973,0.016909,0.0
1998-08-31,3.8721002884825375,3.9385744339665174,3.48987626145024,3.498185634613037,441142,0.0,0.0
1998-09-01,3.523113053324331,3.6477513313293457,3.523113053324331,3.6477513313293457,478898,0.0,0.0
1998-09-02,3.6145148466648864,3.6643702499235955,3.539731531822206,3.6228244304656982,222558,0.0,0.0
1998-09-03,3.539731178228408,3.539731178228408,3.257218164453419,3.373547077178955,423258,0.0,0.0
1998-09-04,3.406783973708314,3.5064941352613084,3.406783973708314,3.473257064819336,99356,0.0,0.0
1998-09-08,3.589586724806722,3.7723899779656866,3.589586724806722,3.7391529083251953,262963,0.0,0.0
1998-09-09,3.7225350879226338,3.755771745907225,3.6726796810364837,3.6809892654418945,429882,0.0,0.0
1998-09-10,3.697606345507018,3.697606345507018,3.473257064819336,3.473257064819336,362982,0.0,0.0
1998-09-11,3.4649483918763004,3.680988291236359,3.4649483918763004,3.6726787090301514,320590,0.0,0.0
1998-09-14,3.7059153447743514,3.7391524099851328,3.656059537003628,3.7308428287506104,220571,0.0,0.0
1998-09-15,3.7474617614272834,3.772390089279674,3.6892972027719986,3.7142255306243896,96707,0.0,0.0
1998-09-16,3.6976065300908836,3.7059161130480662,3.5480407554086337,3.5729682445526123,401400,0.0,0.0
1998-09-17,3.556350311358466,3.556350311358466,3.4234022339180408,3.5064942836761475,322577,0.0,0.0
1998-09-18,3.5895866415039834,3.6809882659623288,3.5563499925439666,3.597895383834839,603425,0.0,0.0
1998-09-21,3.614514018403058,3.614514018403058,3.5646582066595194,3.581277370452881,154996,0.0,0.0
1998-09-22,3.614515806555196,3.7806999683380127,3.614515806555196,3.7806999683380127,164932,0.0,0.0
1998-09-23,3.797316793710423,4.187850298352019,3.797316793710423,4.146303653717041,401400,0.0,0.0
1998-09-24,4.137995459881761,4.154613362410668,4.113067556315658,4.129685878753662,190102,0.0,0.0
1998-09-25,4.104758346588369,4.113067507709177,4.03828421780372,4.071521282196045,188777,0.0,0.0
1998-09-28,4.0715221805519395,4.196160464682903,4.0715221805519395,4.162923812866211,197388,0.0,0.0
1998-09-29,4.162923338329003,4.162923338329003,3.9635013506153096,4.013357162475586,143736,0.0,0.0
1998-09-30,4.038285829488336,4.038285829488336,3.988430842866304,4.005048751831055,56964,0.0,0.0
1998-10-01,4.029976237807814,4.038285822138956,3.9385750092578387,3.9551937580108643,160295,0.0,0.0
1998-10-02,3.9219565391540527,3.9219565391540527,3.838863638200261,3.9219565391540527,180166,0.0,0.0
1998-10-05,3.9385748397195615,3.9385748397195615,3.822245703002134,3.8388636112213135,60276,0.0,0.0
1998-10-06,3.822244370884261,3.8887185000490496,3.7225335970461733,3.7474610805511475,196063,0.0,0.0
1998-10-07,3.7640806576986265,3.7640806576986265,3.523113250732422,3.523113250732422,252365,0.0,0.0
1998-10-08,3.456639099984024,3.456639099984024,3.282145627317729,3.3070731163024902,298732,0.0,0.0
1998-10-09,3.30707273727336,3.440020799636841,3.30707273727336,3.440020799636841,628595,0.0,0.0
1998-10-12,3.5231132662646556,3.6726790409469054,3.4981855671660824,3.5729682445526123,877648,0.0,0.0
1998-10-13,3.5729682288005846,3.6643698617439253,3.523113250732422,3.523113250732422,292108,0.0,0.0
1998-10-14,3.523113680288668,3.523113680288668,3.456639528274536,3.456639528274536,434519,0.0,0.0
1998-10-15,3.4483293738313203,3.5397307872772217,3.3901648189153315,3.5397307872772217,364969,0.0,0.0
1998-10-16,3.572968706639896,3.980121107921538,3.572968706639896,3.9219565391540527,534537,0.0,0.0
1998-10-19,3.9385755381133074,4.196161769325587,3.93026679248502,4.1795430183410645,463663,0.0,0.0
1998-10-20,4.212779514725146,4.586694851299458,4.212779514725146,4.570076942443848,759745,0.0,0.0
1998-10-21,4.595004841118608,4.919064380179348,4.595004841118608,4.835972309112549,954484,0.0,0.0
1998-10-22,4.919063915424579,4.919063915424579,4.7279514561815095,4.819353103637695,804124,0.0,0.0
1998-10-23,4.852589835294386,5.143413085613472,4.852589835294386,5.126794338226318,929314,0.0,0.0
1998-10-26,5.110174439140534,5.160029826150775,4.968918279111528,5.118484020233154,1051853,0.0,0.0
1998-10-27,5.0852466817231665,5.093555422550127,4.8525880815688796,4.902443885803223,865063,0.0,0.0
1998-10-28,4.869208075903288,4.869208075903288,4.63654899597168,4.63654899597168,606736,0.0,0.0
1998-10-29,4.64485703113373,4.752877372234043,4.503600469519938,4.719640731811523,806112,0.0,0.0
1998-10-30,4.719642344828307,4.7362602508099725,4.653168201446533,4.653168201446533,258989,0.0,0.0
1998-11-02,4.661477175842471,4.661477175842471,4.611620944950055,4.62824010848999,544473,0.0,0.0
1998-11-03,4.644857754713536,4.935681343078613,4.628239851822567,4.935681343078613,490158,0.0,0.0
1998-11-04,4.968920376721163,5.085249102307298,4.910754964154914,5.0520124435424805,320590,0.0,0.0
1998-11-05,5.0437019191826495,5.184958532432267,5.010464846701401,5.16834020614624,227195,0.0,0.0
1998-11-06,5.118484020233154,5.135102342600203,4.985536181569481,5.118484020233154,244417,0.0,0.0
1998-11-09,5.151723259655479,5.151723259655479,4.885827470081301,5.0520124435424805,315953,0.0,0.0
1998-11-10,5.035393274341526,5.0520124435424805,4.919064128846118,5.0520124435424805,404049,0.0,0.0
1998-11-11,5.035392103379907,5.11848499069683,5.035392103379907,5.101866245269775,348410,0.0,0.0
1998-11-12,5.101865494378307,5.1267929789863045,4.943989745557872,5.110174655914307,307342,0.0,0.0
1998-11-13,5.093555733179426,5.1101744755740555,5.027082443237305,5.027082443237305,274886,0.0,0.0
1998-11-16,5.052010310855866,5.135102342600203,4.985536181569481,5.118484020233154,345760,0.0,0.0
1998-11-17,5.126794338226318,5.168340576830363,5.085248519531499,5.126794338226318,239118,0.0,0.0
1998-11-18,5.126794718173426,5.168340959856465,5.118485973727926,5.160031795501709,166256,0.0,0.0
1998-11-19,5.176650172148544,5.351143870787831,5.168340588481622,5.201577663421631,535862,0.0,0.0
1998-11-20,5.168340588481622,5.2348147383616395,5.168340588481622,5.201577663421631,169568,0.0,0.0
1998-11-23,5.20157828551209,5.317907431850838,5.20157828551209,5.284670352935791,153671,0.0,0.0
1998-11-24,5.292978799475382,5.3511433601379395,5.292978799475382,5.3511433601379395,427233,0.0,0.0
1998-11-25,5.334525034208404,5.400998337926543,5.334525034208404,5.3511433601379395,118565,0.0,0.0
1998-11-27,5.349410057067871,5.366074753416471,5.332744939638406,5.349410057067871,100019,0.016909,0.0
1998-11-30,5.34941100528552,5.399405524274036,5.291084136645742,5.2994160652160645,353046,0.0,0.0
1998-12-01,5.282751560211182,5.291083909504744,5.249421741956007,5.282751560211182,200038,0.0,0.0
1998-12-02,5.266085132125929,5.266085132125929,5.082772215313035,5.091104984283447,119228,0.0,0.0
1998-12-03,5.06610938438701,5.06610938438701,4.849466172113802,4.907793045043945,263626,0.0,0.0
1998-12-04,4.932788012340848,4.974450588226318,4.924455665596071,4.974450588226318,360333,0.0,0.0
1998-12-07,4.941122888199985,5.11610350773474,4.941122888199985,5.082773685455322,306018,0.0,0.0
1998-12-08,5.074440668084526,5.241088480503099,5.074440668084526,5.099437713623047,276873,0.0,0.0
1998-12-09,5.116102410648728,5.132767528755291,4.999448689307197,5.099437713623047,294757,0.0,0.0
1998-12-10,5.082771674943851,5.082771674943851,4.98278351089925,5.0077805519104,121215,0.0,0.0
1998-12-11,5.007781737686991,5.124435044441795,5.007781737686991,5.116102695465088,431869,0.0,0.0
1998-12-14,5.182762988350779,5.2160928122838275,5.066109657287598,5.066109657287598,200038,0.0,0.0
1998-12-15,4.966120158255086,5.049444086009279,4.932790334504812,4.982785701751709,470949,0.0,0.0
1998-12-16,4.974452289929602,5.1327681954808035,4.95778674857737,5.1244354248046875,557721,0.0,0.0
1998-12-17,5.1077718206179945,5.182763831395541,5.1077718206179945,5.166099548339844,204012,0.0,0.0
1998-12-18,5.199426286374486,5.449398845698555,5.191094358991377,5.416069030761719,615347,0.0,0.0
1998-12-21,5.407737538669091,5.5660538565519175,5.407737538669091,5.424402236938477,335162,0.0,0.0
1998-12-22,5.424402049132616,5.424402049132616,5.332745369662538,5.399405002593994,184803,0.0,0.0
1998-12-23,5.391071985369752,5.49939377864425,5.391071985369752,5.416069030761719,378879,0.0,0.0
1998-12-24,5.416068842462269,5.416068842462269,5.341077708893572,5.349410057067871,49016,0.0,0.0
1998-12-28,5.3494118816347065,5.3577438115699785,5.2994169333749985,5.31608247756958,335162,0.0,0.0
1998-12-29,5.2994137181735494,5.432732516791381,5.2994137181735494,5.391070365905762,180829,0.0,0.0
1998-12-30,5.37440588978987,5.616046037764776,5.37440588978987,5.566051959991455,200038,0.0,0.0
1998-12-31,5.5493897008599715,5.916016101837158,5.5493897008599715,5.916016101837158,325889,0.0,0.0
1999-01-04,5.849355907082285,6.065998702860111,5.832691627282196,5.841024398803711,429882,0.0,0.0
1999-01-05,5.8410233343059215,5.866020381071937,5.6910389483053105,5.707704067230225,273561,0.0,0.0
1999-01-06,5.707705010331455,5.83269152805614,5.666042837756559,5.799361705780029,191427,0.0,0.0
1999-01-07,5.82435885576068,5.849355907082285,5.682708056109628,5.841024398803711,237131,0.0,0.0
1999-01-08,5.84102386088519,5.84102386088519,5.741034401564179,5.7910284996032715,200038,0.0,0.0
1999-01-11,5.657709366149462,5.766030311584473,5.6327114799060185,5.766030311584473,249716,0.0,0.0
1999-01-12,5.732701736098749,5.732701736098749,5.52439132142044,5.649377822875977,197388,0.0,0.0
1999-01-13,5.599381733711867,5.632711547300482,5.524390600569429,5.574384689331055,126514,0.0,0.0
1999-01-14,5.574384609832326,5.624379540042679,5.574384609832326,5.591050148010254,264950,0.0,0.0
1999-01-15,5.582716231501791,5.582716231501791,5.557719192615131,5.566051959991455,421271,0.0,0.0
1999-01-19,5.591051295240524,5.591051295240524,5.382740867971127,5.432734966278076,133800,0.0,0.0
1999-01-20,5.416069030761719,5.457731194162544,5.382740057986644,5.416069030761719,251703,0.0,0.0
1999-01-21,5.41606980249562,5.41606980249562,5.2994160652160645,5.2994160652160645,228520,0.0,0.0
1999-01-22,5.316080246930123,5.316080246930123,5.19942569732666,5.19942569732666,206661,0.0,0.0
1999-01-25,5.1994267958536815,5.1994267958536815,5.032778968082726,5.14109992980957,247729,0.0,0.0
1999-01-26,5.174428476671025,5.457730388004707,5.174428476671025,5.449398040771484,467637,0.0,0.0
1999-01-27,5.482728340637326,5.482728340637326,5.366075038909912,5.366075038909912,624621,0.0,0.0
1999-01-28,5.366075474227734,5.374407823521297,5.26608601946221,5.282751560211182,271574,0.0,0.0
1999-01-29,5.2827517869944804,5.34941100528552,5.2827517869944804,5.2994160652160645,176192,0.0,0.0
1999-02-01,5.31608085846932,5.507725715637207,5.31608085846932,5.507725715637207,616010,0.0,0.0
1999-02-02,5.507726639544415,5.507726639544415,5.3327460289001465,5.3327460289001465,249716,0.0,0.0
1999-02-03,5.349410341674694,5.466064064482997,5.332745223358588,5.366075038909912,341124,0.0,0.0
1999-02-04,5.357741801072802,5.382739686903188,5.066107940614764,5.091104984283447,483534,0.0,0.0
1999-02-05,5.091105833493017,5.099438182772435,5.032778967456167,5.049443244934082,268262,0.0,0.0
1999-02-08,5.049443641210763,5.049443641210763,4.899460500248823,4.924457550048828,967731,0.0,0.0
1999-02-09,4.94945408018911,5.091104832243102,4.924456195105259,5.057775020599365,443792,0.0,0.0
1999-02-10,5.049443205337481,5.1827620560054815,5.049443205337481,5.14943265914917,257664,0.0,0.0
1999-02-11,5.232755620899952,5.257753929251122,5.1952604743180135,5.241088390350342,523277,0.0,0.0
1999-02-12,5.2160921125135244,5.232756390622943,5.11610307520951,5.1244354248046875,160957,0.0,0.0
1999-02-16,5.107769925407474,5.157764861429529,5.107769925407474,5.116102695465088,115253,0.0,0.0
1999-02-17,5.11610350773474,5.132768629414936,5.082773685455322,5.082773685455322,115253,0.0,0.0
1999-02-18,5.091105834126838,5.149432700170948,5.08277306376546,5.14109992980957,157645,0.0,0.0
1999-02-19,5.232757943805822,5.232757943805822,5.166099548339844,5.166099548339844,129163,0.0,0.0
1999-02-22,5.149432072776381,5.149432072776381,5.032778354900971,5.10776948928833,223883,0.0,0.0
1999-02-23,5.082772878477353,5.116102695465088,5.057775831547232,5.116102695465088,111279,0.0,0.0
1999-02-24,5.099437179883826,5.14943168680901,5.0077809347550195,5.057775020599365,264950,0.0,0.0
1999-02-25,5.072752233976165,5.114537764317425,4.897253513336182,4.897253513336182,219909,0.016909,0.0
1999-02-26,4.905610642276568,4.964110212066962,4.855467671224542,4.9306817054748535,283497,0.0,0.0
1999-03-01,4.9139672404465164,4.947395324707031,4.905610641709115,4.947395324707031,214610,0.0,0.0
1999-03-02,4.930681249206124,5.056037398252969,4.922323806585671,5.047680377960205,217922,0.0,0.0
1999-03-03,5.04767995850444,5.04767995850444,4.930680839472837,4.972465515136719,86771,0.0,0.0
1999-03-04,4.9473954860047655,5.0226099450262875,4.930681865657329,4.980823993682861,86771,0.0,0.0
1999-03-05,4.997538605931964,5.147965826384018,4.980823719521349,5.139608383178711,137774,0.0,0.0
1999-03-08,5.131251997271449,5.2983941248172375,5.131251997271449,5.273323059082031,650453,0.0,0.0
1999-03-09,5.2733228973046025,5.3067509839260225,5.214822478733848,5.256608009338379,192089,0.0,0.0
1999-03-10,5.223178697542242,5.223178697542242,5.147965514204953,5.173036575317383,296744,0.0,0.0
1999-03-11,5.189751702802681,5.239894680182958,5.1813951030096765,5.214822769165039,442467,0.0,0.0
1999-03-12,5.21482367952875,5.21482367952875,5.181396007537842,5.181396007537842,112604,0.0,0.0
1999-03-15,5.206465244293213,5.206465244293213,5.1813941823854535,5.206465244293213,61601,0.0,0.0
1999-03-16,5.214822318963234,5.248250404560491,5.214822318963234,5.223179340362549,316616,0.0,0.0
1999-03-17,5.214821924560342,5.25660745072437,5.214821924560342,5.2482500076293945,76173,0.0,0.0
1999-03-18,5.2566087318892025,5.281679800301428,5.189752127128786,5.198109149932861,144398,0.0,0.0
1999-03-19,5.231536944372315,5.290036518287556,5.214822478733848,5.256608009338379,186790,0.0,0.0
1999-03-22,5.28167851302616,5.28167851302616,5.2231789453276045,5.2482500076293945,69549,0.0,0.0
1999-03-23,5.231536595228575,5.239894038653926,5.164680004119873,5.164680004119873,115253,0.0,0.0
1999-03-24,5.156321352199568,5.156321352199568,5.0811081799488,5.106179237365723,162282,0.0,0.0
1999-03-25,5.1312521256294,5.214822769165039,5.081109992904686,5.214822769165039,210636,0.0,0.0
1999-03-26,5.2315363884225805,5.25660745072437,5.2064653261207905,5.2482500076293945,125189,0.0,0.0
1999-03-29,5.24825090047284,5.48225005573091,5.24825090047284,5.448821544647217,332513,0.0,0.0
1999-03-30,5.448820645422617,5.48224915098957,5.432106181475285,5.465534687042236,259651,0.0,0.0
1999-03-31,5.448820764426152,5.641033936560608,5.432106300113771,5.59924840927124,302043,0.0,0.0
1999-04-01,5.603426360126447,5.628497420599467,5.503141273579005,5.590890407562256,300277,0.0,1.5
1999-04-05,5.590890719939009,5.590890719939009,5.515677534317605,5.540748596191406,529459,0.0,0.0
1999-04-06,5.54074897826846,5.54074897826846,5.465534942805062,5.528213024139404,281289,0.0,0.0
1999-04-07,5.540748162821811,5.540748162821811,5.415392018602124,5.4279279708862305,897299,0.0,0.0
1999-04-08,5.440463341082321,5.540748430229091,5.42792823284859,5.490606307983398,230065,0.0,0.0
1999-04-09,5.465534927259465,5.866674900054932,5.440463863728131,5.866674900054932,276432,0.0,0.0
1999-04-12,5.866673226419806,6.230206500210083,5.866673226419806,6.2176713943481445,545356,0.0,0.0
1999-04-13,6.255279040497714,6.568668966573585,6.242743088699449,6.48091983795166,1410861,0.0,0.0
1999-04-14,6.568669144918474,7.019952441389708,6.568669144918474,6.71909761428833,691521,0.0,0.0
1999-04-15,6.719098683108226,6.994882494457142,6.694026774842735,6.869525909423828,400958,0.0,0.0
1999-04-16,6.907131428389691,7.170380105331068,6.856989305918223,6.944738864898682,596580,0.0,0.0
1999-04-19,7.120239101510098,7.721948888978424,7.107703568922791,7.4210944175720215,989590,0.0,0.0
1999-04-20,7.370952236942946,7.383487770881221,6.794313030176428,6.8193840980529785,754667,0.0,0.0
1999-04-21,6.819381701069379,7.070094403349464,6.781775534800768,7.032487392425537,465430,0.0,0.0
1999-04-22,7.032487882125152,7.157844453158091,6.957274699695225,7.019952774047852,306901,0.0,0.0
1999-04-23,7.019953426838419,7.107702992488604,6.982346409798665,7.057560443878174,363424,0.0,0.0
1999-04-26,7.095167264253503,7.295738321668531,7.045025133391392,7.245594501495361,585982,0.0,0.0
1999-04-27,7.270666162282469,7.7470197677612305,7.270666162282469,7.7470197677612305,861089,0.0,0.0
1999-04-28,7.747019706075665,7.747019706075665,7.458700776489204,7.496307373046875,462338,0.0,0.0
1999-04-29,7.496306301502213,7.64673351088587,7.446164179926119,7.5715203285217285,140424,0.0,0.0
1999-04-30,7.546451396737993,7.646735668182373,7.408558834190748,7.646735668182373,257443,0.0,0.0
1999-05-03,7.646735204714196,8.022804578459523,7.621664138372657,7.734485626220703,628816,0.0,0.0
1999-05-04,8.022803013166081,8.022803013166081,7.772089864699538,7.8222336769104,641622,0.0,0.0
1999-05-05,7.872376259118952,7.884911790575346,7.496306936805324,7.508842468261719,228741,0.0,0.0
1999-05-06,7.50884095149474,7.5715194407712625,7.446163306873491,7.48376989364624,217259,0.0,0.0
1999-05-07,7.508842468261719,7.747019255244113,7.421093748066954,7.508842468261719,491483,0.0,0.0
1999-05-10,7.533911635334585,7.533911635334585,7.396020824013201,7.408555507659912,646037,0.0,0.0
1999-05-11,7.446165482746634,7.471236547921248,7.396023352397408,7.4210944175720215,132475,0.0,0.0
1999-05-12,7.446164482027221,7.446164482027221,7.270665360079905,7.295737266540527,128943,0.0,0.0
1999-05-13,7.170380079524808,7.270665168762207,7.170380079524808,7.270665168762207,221675,0.0,0.0
1999-05-14,7.22052352950846,7.421094589519172,7.22052352950846,7.3584160804748535,306459,0.0,0.0
1999-05-17,7.3082727098789455,7.521379291265997,7.2832016454765265,7.383486747741699,971485,0.0,0.0
1999-05-18,7.295736314958922,7.3584139612969235,7.195450391507524,7.220521450042725,146164,0.0,0.0
1999-05-19,7.2205208938202885,7.408555507659912,7.1453077240086245,7.408555507659912,143073,0.0,0.0
1999-05-20,7.383484451056025,7.458698465522921,7.383484451056025,7.408555507659912,335162,0.0,0.0
1999-05-21,7.421091880617088,7.4461629372209766,7.2957357529424165,7.408555507659912,334721,0.0,0.0
1999-05-24,7.408558730629971,7.421095109040889,7.345881061853375,7.370952129364014,82576,0.0,0.0
1999-05-25,7.396023266316412,7.446165396082043,7.1954522132873535,7.1954522132873535,344436,0.0,0.0
1999-05-26,7.195451166566802,7.220522227802537,6.944738864898682,6.944738864898682,139099,0.0,0.0
1999-05-27,6.919668570938489,6.919668570938489,6.744170267461955,6.7692413330078125,460131,0.0,0.0
1999-05-28,6.769241962299879,6.9071332579487095,6.606278331791079,6.8193840980529785,1638277,0.0,0.0
1999-06-01,6.856989425864052,7.408557005975442,6.856989425864052,7.396022319793701,842101,0.0,0.0
1999-06-02,7.370951442567273,7.4210944175720215,7.370951442567273,7.4210944175720215,385503,0.0,0.0
1999-06-03,7.408558347044026,7.408558347044026,7.245594727351292,7.283202171325684,194739,0.0,0.0
1999-06-04,7.258130972797268,7.3584160804748535,7.258130972797268,7.3584160804748535,331188,0.0,0.0
1999-06-07,7.4085580403291935,7.471236547921248,7.34588037739266,7.4210944175720215,384620,0.0,0.0
1999-06-08,7.421093224945999,7.421093224945999,7.195451140670311,7.270665168762207,176634,0.0,0.0
1999-06-09,7.270667014665861,7.370952129364014,7.233060413399904,7.370952129364014,76394,0.0,0.0
1999-06-10,7.370949490564524,7.370949490564524,7.145308274437123,7.220521450042725,126735,0.0,0.0
1999-06-11,7.233058887855765,7.233058887855765,7.107702732086182,7.107702732086182,61822,0.0,0.0
1999-06-14,7.107702234005527,7.107702234005527,6.819382082353357,7.007416725158691,290121,0.0,0.0
1999-06-15,7.3208096153000755,7.358416214618911,7.245594727351292,7.283202171325684,653544,0.0,0.0
1999-06-16,7.33334461893686,7.421094189000824,7.33334461893686,7.383486747741699,138216,0.0,0.0
1999-06-17,7.358415483061762,7.421093987017355,7.3082725109661935,7.3208088874816895,212843,0.0,0.0
1999-06-18,7.370952129364014,7.370952129364014,7.320809994342738,7.370952129364014,340461,0.0,0.0
1999-06-21,7.383485944301153,7.4210933814679905,7.3709504134640085,7.396022319793701,228299,0.0,0.0
1999-06-22,7.383483073109248,7.847301756996907,7.383483073109248,7.621659755706787,808540,0.0,0.0
1999-06-23,7.671806415499938,7.734484920288633,7.621663442737885,7.696877479553223,208428,0.0,0.0
1999-06-24,7.6968772777833605,7.834768971117147,7.634199619293213,7.634199619293213,430103,0.0,0.0
1999-06-25,7.634199977189892,7.847305715357865,7.634199977189892,7.7470197677612305,370931,0.0,0.0
1999-06-28,7.872375695744713,7.985195470778497,7.872375695744713,7.93505334854126,396984,0.0,0.0
1999-06-29,7.985196738944249,8.123089286306769,7.90998354364344,7.997733116149902,390360,0.0,0.0
1999-06-30,8.072946802949446,8.423944232965145,8.072946802949446,8.34873104095459,502523,0.0,0.0
1999-07-01,8.248447952217067,8.248447952217067,7.94759339067248,8.010271072387695,435843,0.0,0.0
1999-07-02,8.02280271270295,8.098016738891602,7.922517626003203,8.098016738891602,309109,0.0,0.0
1999-07-06,8.09801934538109,8.22337553294002,8.047876363564137,8.135626792907715,242871,0.0,0.0
1999-07-07,8.135624966710111,8.248444749998503,8.123088590578176,8.160696029663086,309550,0.0,0.0
1999-07-08,8.210836649717075,8.22337217889457,8.022802022744058,8.173229217529297,311758,0.0,0.0
1999-07-09,8.173232992106534,8.185769371728894,8.010270192884025,8.035341262817383,282172,0.0,0.0
1999-07-12,8.135625872015687,8.774942271734828,8.135625872015687,8.49915885925293,1231136,0.0,0.0
1999-07-13,8.411411655295353,8.411411655295353,8.210841383510143,8.373805046081543,547123,0.0,0.0
1999-07-14,8.373799183015176,8.373799183015176,8.192032765431792,8.260977745056152,302043,0.0,0.0
1999-07-15,8.26098310905999,8.286055025250075,7.997735168637843,8.047877311706543,264509,0.0,0.0
1999-07-16,7.997732202826675,8.010267733945279,7.797162860273572,7.897447109222412,544915,0.0,0.0
1999-07-19,7.947587865055081,8.298584327939036,7.7971606888683604,8.260977745056152,710067,0.0,0.0
1999-07-20,8.223373687045527,8.3487306911213,8.135624966710111,8.160696029663086,422596,0.0,0.0
1999-07-21,8.17323071648413,8.21083815556904,8.123088590578176,8.160696029663086,143515,0.0,0.0
1999-07-22,8.185765591362083,8.22337217889457,8.098016042464323,8.173229217529297,258327,0.0,0.0
1999-07-23,8.123087100819314,8.22337217889457,8.060409454931836,8.173229217529297,201362,0.0,0.0
1999-07-26,8.173229217529297,8.260978766427057,8.123087100819314,8.173229217529297,157204,0.0,0.0
1999-07-27,8.173227904751352,8.198299803734603,8.047871788455712,8.072943687438965,193855,0.0,0.0
1999-07-28,8.08548424733978,8.098019782306459,8.022805727850704,8.035341262817383,112162,0.0,0.0
1999-07-29,8.047874206231276,8.085481643676758,7.997732082511178,8.085481643676758,204895,0.0,0.0
1999-07-30,8.085479877884364,8.33619213104248,8.07294434969198,8.33619213104248,319265,0.0,0.0
1999-08-02,8.311123881512163,8.32365941393808,7.972661972045898,7.972661972045898,304693,0.0,0.0
1999-08-03,7.872376045790138,7.897447108023542,7.646733951723235,7.6718058586120605,302043,0.0,0.0
1999-08-04,7.721947427675472,7.847304419136998,7.7094118974603925,7.759554862976074,388152,0.0,0.0
1999-08-05,7.784626483317801,7.784626483317801,7.634199265261954,7.6718058586120605,244196,0.0,0.0
1999-08-06,7.6968776784807496,7.6968776784807496,7.558985977968358,7.609128952026367,116578,0.0,0.0
1999-08-09,7.621663521748983,7.772090752283601,7.621663521748983,7.721948623657227,220792,0.0,0.0
1999-08-10,7.696878648560174,7.709414182490722,7.571522464599088,7.646735668182373,320590,0.0,0.0
1999-08-11,7.6341990267243425,7.88491133053549,7.6341990267243425,7.8222336769104,680923,0.0,0.0
1999-08-12,7.822237298950342,7.997735655019446,7.822237298950342,7.922521591186523,259210,0.0,0.0
1999-08-13,7.909982204437256,8.035338353370594,7.847304552298275,7.909982204437256,194739,0.0,0.0
1999-08-16,7.884914767441674,7.935056912197892,7.822237086496402,7.847308158874512,154996,0.0,0.0
1999-08-17,7.872377964133137,7.872377964133137,7.596593678396243,7.659272193908691,407140,0.0,0.0
1999-08-18,7.62166288948983,7.6718058586120605,7.596591827256426,7.6718058586120605,209311,0.0,0.0
1999-08-19,7.671807580699079,7.671807580699079,7.609129911046342,7.646735668182373,127176,0.0,0.0
1999-08-20,7.646735668182373,7.734486095007428,7.621664600321278,7.646735668182373,121436,0.0,0.0
1999-08-23,7.6467358150816995,7.68434326225142,7.584058144224879,7.659272193908691,263184,0.0,0.0
1999-08-24,7.684341746085331,7.684341746085331,7.533913676398054,7.634199619293213,166477,0.0,0.0
1999-08-25,7.634200978907437,7.646735668182373,7.615396411028199,7.646735668182373,216376,0.0,0.0
1999-08-26,7.634199223244257,7.634199223244257,7.546449661254883,7.546449661254883,216818,0.0,0.0
1999-08-27,7.521379522925995,7.533914210857781,7.358415909979967,7.4210944175720215,266275,0.0,0.0
1999-08-30,7.4361663801523745,7.649704933166504,7.4110443965909445,7.649704933166504,485301,0.016984,0.0
1999-08-31,7.624581128750144,7.662263248722296,7.448724746704102,7.448724746704102,507822,0.0,0.0
1999-09-01,7.448727892538389,7.586900520225402,7.411045756651874,7.473850727081299,154113,0.0,0.0
1999-09-02,7.486409925507532,7.486409925507532,7.297993366669804,7.323115348815918,257885,0.0,0.0
1999-09-03,7.323116656426377,7.624583881493263,7.323116656426377,7.5617780685424805,259651,0.0,0.0
1999-09-07,7.586896799183934,7.75019133495388,7.586896799183934,7.63714075088501,302485,0.0,0.0
1999-09-08,7.486411375447927,7.486411375447927,7.034212223753874,7.373361587524414,946315,0.0,0.0
1999-09-09,7.360800906375731,7.4361677169799805,7.360800906375731,7.4361677169799805,250378,0.0,0.0
1999-09-10,7.461289583833142,7.498972565337458,7.436167596163598,7.4864115715026855,148814,0.0,0.0
1999-09-13,7.4612897329954135,7.486411721167183,7.436167744823644,7.473850727081299,213285,0.0,0.0
1999-09-14,7.4361666781800215,7.4361666781800215,7.210066277952511,7.222628116607666,723315,0.0,0.0
1999-09-15,7.22263037200873,7.247752364421814,7.159824544604739,7.184946537017822,367839,0.0,0.0
1999-09-16,7.197505291487844,7.197505291487844,7.084454681391052,7.122138500213623,322356,0.0,0.0
1999-09-17,7.097017202786623,7.134700604303716,7.0467723853068165,7.059333801269531,227416,0.0,0.0
1999-09-20,7.059334887312665,7.059334887312665,6.845796284506513,6.870918273925781,453507,0.0,0.0
1999-09-21,6.870915611976398,6.870915611976398,6.7704268468597775,6.8583550453186035,805449,0.0,0.0
1999-09-22,6.833232219261308,6.908599004691487,6.820671652603514,6.8583550453186035,332513,0.0,0.0
1999-09-23,6.870917876295345,6.870917876295345,6.632257297881573,6.69506311416626,289238,0.0,0.0
1999-09-24,6.682500958269049,6.682500958269049,6.556890178002067,6.632256984710693,158087,0.0,0.0
1999-09-27,6.657379557421616,6.757868782939261,6.657379557421616,6.7076239585876465,210636,0.0,0.0
1999-09-28,6.720183615399793,6.720183615399793,6.5568890370085695,6.6448163986206055,283055,0.0,0.0
1999-09-29,6.632256532074528,6.7327457418897225,6.5443291611626995,6.720184326171875,783812,0.0,0.0
1999-09-30,6.745304867173337,6.958843387249797,6.745304867173337,6.8583550453186035,321473,0.0,0.0
1999-10-01,6.8834794793770655,6.8834794793770655,6.4689632812675555,6.58201265335083,206220,0.0,0.0
1999-10-04,6.56945217277025,6.757868782939261,6.56945217277025,6.7076239585876465,186790,0.0,0.0
1999-10-05,6.695060483101064,6.695060483101064,6.582009888941704,6.619693279266357,173543,0.0,0.0
1999-10-06,6.619695568135558,6.632256984710693,6.582012164781244,6.632256984710693,191647,0.0,0.0
1999-10-07,6.644815678871289,6.8583550453186035,6.619693699184848,6.8583550453186035,98473,0.0,0.0
1999-10-08,6.858357029591039,7.159822988976155,6.808112209310378,7.021650791168213,409790,0.0,0.0
1999-10-11,7.021651032647763,7.021651032647763,6.682501234795774,6.782990455627441,250378,0.0,0.0
1999-10-12,6.808111191640644,6.833233174840216,5.476635502426196,5.916273593902588,2903856,0.0,0.0
1999-10-13,5.9539573622004776,6.293106671495891,5.9539573622004776,6.192617893218994,699469,0.0,0.0
1999-10-14,6.2051799882026755,6.280545945394933,6.154934747184585,6.180058002471924,408907,0.0,0.0
1999-10-15,6.079568002405796,6.20517918434366,6.0293231910822715,6.067006587982178,354150,0.0,0.0
1999-10-18,6.067008275606335,6.180058920938164,5.790664275570802,5.828347682952881,889350,0.0,0.0
1999-10-19,5.828346856538795,5.891152244479885,5.564563465452259,5.727858066558838,672974,0.0,0.0
1999-10-20,5.752981041379167,5.903713829074031,5.752981041379167,5.8534698486328125,550655,0.0,0.0
1999-10-21,5.840906615750883,5.840906615750883,5.727856441703894,5.790661811828613,416855,0.0,0.0
1999-10-22,5.790662941972807,5.891151723058579,5.790662941972807,5.866029739379883,612035,0.0,0.0
1999-10-25,5.86603109033496,5.86603109033496,5.803225693488556,5.828347682952881,525043,0.0,0.0
1999-10-26,5.8283466590745325,5.966518423226569,5.8283466590745325,5.928835868835449,521952,0.0,0.0
1999-10-27,5.928835868835449,5.991641254648695,5.803224674023442,5.928835868835449,745394,0.0,0.0
1999-10-28,5.96651917832442,6.067007977617263,5.928836619164352,5.941397190093994,294537,0.0,0.0
1999-10-29,5.9665184878676705,6.0293238743613475,5.928835933068299,6.004201889038086,430103,0.0,0.0
1999-11-01,6.029323390718872,6.129812170322252,5.9916408389422084,6.054446220397949,245079,0.0,0.0
1999-11-02,6.079568453262564,6.217740213499823,6.079568453262564,6.154934406280518,135125,0.0,0.0
1999-11-03,6.1800595533686264,6.1800595533686264,6.004203493194332,6.029325485229492,202687,0.0,0.0
1999-11-04,6.079569255836145,6.142374648160985,5.8911526556760645,5.903713226318359,162503,0.0,0.0
1999-11-05,5.953958014967509,6.2051799882026755,5.941396598916604,6.180058002471924,336487,0.0,0.0
1999-11-08,6.154936291776561,6.230303537438946,6.004203493194332,6.029325485229492,237572,0.0,0.0
1999-11-09,6.029324751403448,6.05444758675219,5.90371353695882,5.966519355773926,233156,0.0,0.0
1999-11-10,5.941396438175477,6.016763239699785,5.903712614227806,5.928835868835449,189881,0.0,0.0
1999-11-11,5.903712500105226,6.004201707923621,5.903712500105226,5.979079723358154,502081,0.0,0.0
1999-11-12,5.979080889295606,5.991642307213359,5.828347682952881,5.828347682952881,282614,0.0,0.0
1999-11-15,5.8283478584122035,5.8785918388534215,5.752981041379167,5.8534698486328125,352384,0.0,0.0
1999-11-16,5.853469672417206,5.878591661881531,5.815786265035126,5.828347682952881,400517,0.0,0.0
1999-11-17,5.8283451652820935,5.8283451652820935,5.225412600360029,5.476634502410889,832386,0.0,0.0
1999-11-18,5.727857399484719,6.381034035099064,5.7027354165082365,6.192617893218994,1451045,0.0,0.0
1999-11-19,6.330789866203008,6.4815230287863725,5.953957171337333,5.991640567779541,664584,0.0,0.0
1999-11-22,5.991642920362388,6.104692307706242,5.9539595091240125,6.029325485229492,323239,0.0,0.0
1999-11-23,6.029321104876369,6.167493230243428,5.979077157308706,6.041882514953613,583774,0.0,0.0
1999-11-24,6.067006331388799,6.280544866147909,6.0418843499750015,6.2303009033203125,404049,0.0,0.0
1999-11-26,6.2303012908692015,6.280545256822167,6.129812089406823,6.192617893218994,110396,0.0,0.0
1999-11-29,6.169952302940622,6.220320138387324,6.094402458751877,6.106993675231934,389477,0.016984,0.0
1999-11-30,6.132177023192989,6.195136067092276,6.09440168169702,6.144768238067627,200038,0.0,0.0
1999-12-01,6.119586763354105,6.245504464043219,6.119586763354105,6.220321178436279,288354,0.0,0.0
1999-12-02,6.220319194349564,6.270685749498091,6.182543429552161,6.245502471923828,256560,0.0,0.0
1999-12-03,6.232911290499677,6.371420609402852,6.195136793013472,6.358828544616699,330305,0.0,0.0
1999-12-06,6.384010719885607,6.4469693360381415,6.258093487580539,6.346236228942871,617776,0.0,0.0
1999-12-07,6.346236505081018,6.409195123973015,6.169951438903809,6.169951438903809,290562,0.0,0.0
1999-12-08,6.19513789282934,6.245504464043219,6.157362115982653,6.220321178436279,224325,0.0,0.0
1999-12-09,6.220319679729062,6.232910895280699,6.081809945390505,6.132177352905273,338695,0.0,0.0
1999-12-10,6.106992896571658,6.16995151625293,6.044034276890385,6.144768238067627,277315,0.0,0.0
1999-12-13,6.044034601863448,6.132177352905273,5.943301483706059,6.132177352905273,511354,0.0,0.0
1999-12-14,6.119585193855378,6.119585193855378,6.0062600134706825,6.069218635559082,184582,0.0,0.0
1999-12-15,6.056627527123952,6.056627527123952,5.867751206847854,5.9307098388671875,276432,0.0,0.0
1999-12-16,5.918118476867676,5.918118476867676,5.867751904637126,5.918118476867676,121877,0.0,0.0
1999-12-17,5.892934899611115,5.9055269662647865,5.64109992980957,5.64109992980957,365190,0.0,0.0
1999-12-20,5.641098275174571,5.653690338134766,5.338896824271934,5.653690338134766,715366,0.0,0.0
1999-12-21,5.666284128728701,5.842568397521973,5.540366854478954,5.842568397521973,202245,0.0,0.0
1999-12-22,5.86775137048078,5.86775137048078,5.641099694985248,5.792201519012451,297628,0.0,0.0
1999-12-23,5.7670147143090436,6.10699143367939,5.7670147143090436,6.056624889373779,294095,0.0,0.0
1999-12-27,6.106993224929853,6.220319679729062,5.9684847632454066,6.132177352905273,653986,0.0,0.0
1999-12-28,6.157360343697844,6.446969741691375,6.144768280300633,6.371419906616211,442026,0.0,0.0
1999-12-29,6.421786560374908,6.44696983911385,6.220319482027328,6.434378623962402,249937,0.0,0.0
1999-12-30,6.409195243239244,6.547704122535493,6.409195243239244,6.484745502471924,211960,0.0,0.0
1999-12-31,6.459563935271414,6.849907398223877,6.446971444330521,6.849907398223877,217259,0.0,0.0
2000-01-03,6.547705662154661,6.572888946414448,6.182545070860944,6.232912063598633,671649,0.0,0.0
2000-01-04,6.182544703966288,6.207728410949698,6.04403537610276,6.09440279006958,325447,0.0,0.0
2000-01-05,6.094403477747166,6.295871035257098,5.955894134254582,6.220321178436279,489275,0.0,0.0
2000-01-06,6.220318996637803,6.346236228942871,6.220318996637803,6.346236228942871,147931,0.0,0.0
2000-01-07,6.144769552495093,6.572888766968331,6.144769552495093,6.50993013381958,415089,0.0,0.0
2000-01-10,6.497337418238465,6.535112759105551,6.434378375387319,6.472154140472412,404491,0.0,0.0
2000-01-11,6.472156155596368,6.472156155596368,6.19513789282934,6.220321178436279,425687,0.0,0.0
2000-01-12,6.169955132063202,6.169955132063202,5.993671233021497,6.044037818908691,663701,0.0,0.0
2000-01-13,6.069218306048994,6.119584861610789,6.044034179832083,6.0818095207214355,175750,0.0,0.0
2000-01-14,5.993671233021497,6.119588546176008,5.993671233021497,6.044037818908691,283939,0.0,0.0
2000-01-18,6.069217392424264,6.069217392424264,5.892932353404874,5.9684834480285645,349293,0.0,0.0
2000-01-19,6.006260621279749,6.144769094829085,5.981076491147009,5.993668556213379,291445,0.0,0.0
2000-01-20,5.968485778426213,6.044035629894542,5.779609452882954,5.792201519012451,552863,0.0,0.0
2000-01-21,5.779608474826237,5.867750377508211,5.754425195265111,5.767016410827637,547564,0.0,0.0
2000-01-24,5.817384144160524,5.880342770807069,5.615915775299072,5.615915775299072,447766,0.0,0.0
2000-01-25,5.62850831437883,5.754426002502441,5.4899989847082855,5.754426002502441,995330,0.0,0.0
2000-01-26,5.754426002502441,5.842567917549063,5.741833936737412,5.754426002502441,456156,0.0,0.0
2000-01-27,5.729242470047801,5.792201099260333,5.69146712283305,5.741833686828613,379321,0.0,0.0
2000-01-28,5.704057317321539,5.754424720726314,5.653690338134766,5.653690338134766,326331,0.0,0.0
2000-01-31,5.64110059411204,5.678875950085272,5.490000018655463,5.502592086791992,362099,0.0,0.0
2000-02-01,5.5403663176468445,5.578140817512609,5.452224403899758,5.552957534790039,277315,0.0,0.0
2000-02-02,5.540365762706906,5.653690947825567,5.515182482506771,5.5781402587890625,340461,0.0,0.0
2000-02-03,5.5403666496276855,5.615916502322372,5.5403666496276855,5.5403666496276855,665909,0.0,0.0
2000-02-04,5.540365762706906,5.590732323107178,5.502590418188654,5.5781402587890625,251703,0.0,0.0
2000-02-07,5.6159161016945,5.653691449565144,5.489998841083136,5.515182971954346,179725,0.0,0.0
2000-02-08,5.515182797642179,5.515182797642179,5.313714423439026,5.338897705078125,563903,0.0,0.0
2000-02-09,5.389265598480825,5.540366574474922,5.389265598480825,5.427040100097656,566994,0.0,0.0
2000-02-10,5.4270404385957525,5.4270404385957525,5.225573306473833,5.32630729675293,399634,0.0,0.0
2000-02-11,5.301122029310947,5.351489437898511,5.09965451605092,5.150021076202393,310434,0.0,0.0
2000-02-14,5.162614837665056,5.238165126947425,5.061880835809773,5.074472904205322,619101,0.0,0.0
2000-02-15,5.087062060358032,5.1877964455638494,4.961144821232283,5.175205230712891,1208174,0.0,0.0
2000-02-16,5.150021327007076,5.238163660000753,5.150021327007076,5.162613391876221,348410,0.0,0.0
2000-02-17,5.137430179311117,5.427039615033044,5.137430179311117,5.338897705078125,1556142,0.0,0.0
2000-02-18,5.376672267913818,5.427038823849301,5.351488989946077,5.376672267913818,324123,0.0,0.0
2000-02-22,5.364080378421237,5.489998044991667,5.364080378421237,5.414447784423828,624841,0.0,0.0
2000-02-23,5.414447483010237,5.603323760242431,5.414447483010237,5.565548419952393,942782,0.0,0.0
2000-02-24,5.540365142571034,5.918116424381421,5.389264205628878,5.565548419952393,901273,0.0,0.0
2000-02-25,5.515183634580769,5.515183634580769,5.32630729675293,5.32630729675293,646921,0.0,0.0
2000-02-28,5.3162028245968,5.4551065986539,5.303575788898256,5.404596328735352,233156,0.016984,0.0
2000-02-29,5.35408646656203,5.442479133605957,5.240438873341249,5.442479133605957,383736,0.0,0.0
2000-03-01,5.391969437191949,5.391969437191949,5.215184097991333,5.253066062927246,443792,0.0,0.0
2000-03-02,5.253065290010516,5.379340756816935,5.253065290010516,5.341458797454834,372255,0.0,0.0
2000-03-03,5.354086850838406,5.480362767060637,5.316204033429239,5.429852485656738,512237,0.0,0.0
2000-03-06,5.3793415483133735,5.429852252977768,5.227811136020002,5.253066062927246,400517,0.0,0.0
2000-03-07,5.240439539568862,5.290949398343988,5.051025867462158,5.051025867462158,617334,0.0,0.0
2000-03-08,5.101535150839104,5.24043894850383,5.101535150839104,5.202556133270264,735237,0.0,0.0
2000-03-09,5.177300031009795,5.455106735229492,5.15204510813067,5.455106735229492,438934,0.0,0.0
2000-03-10,5.303577148570046,5.442479681962799,5.278322219848633,5.278322219848633,433635,0.0,0.0
2000-03-13,5.278321763737396,5.3035766902764765,5.202556133270264,5.202556133270264,420830,0.0,0.0
2000-03-14,5.202556720062522,5.2530665788376485,5.0257709380745945,5.051025867462158,771447,0.0,0.0
2000-03-15,5.076280731744096,5.341460039462433,4.9626331255326495,5.328832149505615,418622,0.0,0.0
2000-03-16,5.32883134862965,5.859189033508301,5.316203460570691,5.859189033508301,554630,0.0,0.0
2000-03-17,5.808679484032912,5.808679484032912,5.594010055578593,5.6445207595825195,311758,0.0,0.0
2000-03-20,5.631892204284668,5.7455410621296785,5.594009393477963,5.631892204284668,189440,0.0,0.0
2000-03-21,5.581381887270803,5.594008922576904,5.4677343152672835,5.594008922576904,312641,0.0,0.0
2000-03-22,5.594009426195663,5.758168132176533,5.594009426195663,5.745541095733643,455273,0.0,0.0
2000-03-23,5.745541444377076,5.960210010855342,5.745541444377076,5.859189033508301,665467,0.0,0.0
2000-03-24,5.859189915666519,5.922327663767615,5.783424277605214,5.808680057525635,556396,0.0,0.0
2000-03-27,5.796050909305421,5.796050909305421,5.5308725099331815,5.631892204284668,328980,0.0,0.0
2000-03-28,5.6066376943786445,5.695030358883083,5.505617141723633,5.505617141723633,456598,0.0,0.0
2000-03-29,5.455107282229021,5.5813827601364325,5.455107282229021,5.543499946594238,439376,0.0,0.0
2000-03-30,5.543499727078279,5.745541249494404,5.543499727078279,5.682403087615967,283055,0.0,0.0
2000-03-31,5.669775132134152,6.035974509692128,5.467734888410611,5.556127548217773,865063,0.0,0.0
2000-04-03,5.480360794506044,5.884442474870525,5.480360794506044,5.581381320953369,495016,0.0,0.0
2000-04-04,5.707658672458584,5.859189076016174,5.455107290821056,5.505617141723633,757317,0.0,0.0
2000-04-05,5.530873164561001,5.682403574872991,5.50561738713409,5.6445207595825195,750251,0.0,0.0
2000-04-06,5.644521145968294,5.846561848689603,5.644521145968294,5.758169174194336,783812,0.0,0.0
2000-04-07,5.758169353856151,5.846562031109377,5.568755683952829,5.657148361206055,952055,0.0,0.0
2000-04-10,5.657148770225726,5.833935413789066,5.581383977466482,5.6066389083862305,263626,0.0,0.0
2000-04-11,5.606637944292049,5.758168780028986,5.606637944292049,5.6445207595825195,316616,0.0,0.0
2000-04-12,5.6697753922981,5.960210010855342,5.6697753922981,5.859189033508301,718457,0.0,0.0
2000-04-13,5.909700120983778,6.187506484203847,5.8591902598755965,5.8844451904296875,547123,0.0,0.0
2000-04-14,6.010719861391475,6.212761390660635,5.78342340685425,5.859189033508301,786020,0.0,0.0
2000-04-17,5.833933244898903,5.998091085698099,5.732912707926427,5.909698009490967,464546,0.0,0.0
2000-04-18,5.884443952837719,6.061229705810547,5.884443952837719,6.061229705810547,429661,0.0,0.0
2000-04-19,6.061230630106481,6.073858520078362,5.657148361206055,5.657148361206055,1057152,0.0,0.0
2000-04-20,5.65714704906657,5.859188562079521,5.65714704906657,5.821305751800537,461897,0.0,0.0
2000-04-24,5.821305751800537,5.897071372358505,5.758168018285491,5.821305751800537,377113,0.0,0.0
2000-04-25,5.871817255803818,6.3390363778326515,5.871817255803818,6.326409339904785,732588,0.0,0.0
2000-04-26,6.288527011871338,6.313781940534585,6.212762225881598,6.288527011871338,645596,0.0,0.0
2000-04-27,6.288525845266885,6.629469871520996,6.238015997310634,6.629469871520996,781162,0.0,0.0
2000-04-28,6.629470330074553,6.869393826161615,6.629470330074553,6.705235958099365,803683,0.0,0.0
2000-05-01,6.705235487746639,6.705235487746639,6.61684197763495,6.667352676391602,606295,0.0,0.0
2000-05-02,6.642097840172371,6.7431179627453215,6.642097840172371,6.6799798011779785,642946,0.0,0.0
2000-05-03,6.679980412189327,6.679980412189327,6.566332817077637,6.566332817077637,743186,0.0,0.0
2000-05-04,6.566332530528767,6.667353083358432,6.566332530528767,6.578960418701172,351942,0.0,0.0
2000-05-05,6.591588822680135,6.818885326385498,6.578961782739581,6.818885326385498,499432,0.0,0.0
2000-05-08,6.768373737882149,6.768373737882149,6.642097840172371,6.6799798011779785,264509,0.0,0.0
2000-05-09,6.667352330813934,6.793628220310711,6.629469521422412,6.7557454109191895,254794,0.0,0.0
2000-05-10,6.755746883372066,6.755746883372066,6.5158233642578125,6.5158233642578125,371814,0.0,0.0
2000-05-11,6.566332204911862,7.020924244677723,6.566332204911862,6.9577860832214355,322798,0.0,0.0
2000-05-12,6.957785912409647,6.970413799645838,6.856766217919298,6.894649028778076,149697,0.0,0.0
2000-05-15,6.919905008169544,6.9704148631209994,6.743118814139601,6.869394302368164,383295,0.0,0.0
2000-05-16,6.869393531889105,7.020924356022487,6.856766494992466,6.9199042320251465,451299,0.0,0.0
2000-05-17,6.932530988787059,6.932530988787059,6.768373559815346,6.894649028778076,264067,0.0,0.0
2000-05-18,6.869393539394276,6.9072763518252405,6.818883690052879,6.882021427154541,232273,0.0,0.0
2000-05-19,6.8567673915899015,6.8567673915899015,6.642098802353569,6.7936296463012695,214168,0.0,0.0
2000-05-22,6.8441388389754305,6.8441388389754305,6.578960419544721,6.7431182861328125,149697,0.0,0.0
2000-05-23,6.692608156832383,6.831511951825609,6.679980268380766,6.717863082885742,116137,0.0,0.0
2000-05-24,6.679979895366148,6.9199042320251465,6.5663323090472545,6.9199042320251465,196063,0.0,0.0
2000-05-25,6.919902356863014,7.020922453485827,6.654723167419434,6.654723167419434,176634,0.0,0.0
2000-05-26,6.692608505737473,6.692608505737473,6.364292322803045,6.541078090667725,315733,0.0,0.0
2000-05-30,6.581579462284766,6.75877571105957,6.4803239147399,6.75877571105957,246404,0.016984,0.0
2000-05-31,6.708148139150101,6.7208053490797806,6.480323903781732,6.6195502281188965,365632,0.0,0.0
2000-06-01,6.60689235416451,6.872687339782715,6.5562652251851,6.872687339782715,254794,0.0,0.0
2000-06-02,6.822060116103578,7.062541563956434,6.822060116103578,6.898001670837402,267158,0.0,0.0
2000-06-05,6.872688364066066,6.872688364066066,6.341099166428746,6.41703987121582,663259,0.0,0.0
2000-06-06,6.455010471685959,6.809403828870189,6.429696904122953,6.530952453613281,270691,0.0,0.0
2000-06-07,6.37906931577455,6.442353656598585,6.29047055636052,6.303127765655518,236689,0.0,0.0
2000-06-08,6.353754605242222,6.467666925186727,6.252500346836578,6.277813911437988,475144,0.0,0.0
2000-06-09,6.2778125939464395,6.328439712524414,6.189214283609727,6.328439712524414,312200,0.0,0.0
2000-06-12,6.15124459759965,6.4296959307004755,6.15124459759965,6.1639018058776855,435402,0.0,0.0
2000-06-13,6.214529147109024,6.277813911437988,6.1006176799899565,6.277813911437988,306901,0.0,0.0
2000-06-14,6.2271877730541,6.379070037654261,6.176559356557545,6.265157699584961,377996,0.0,0.0
2000-06-15,6.265155387889317,6.353753271813402,6.265155387889317,6.328439712524414,404491,0.0,0.0
2000-06-16,6.429695781215641,6.50563774988016,6.176558017730713,6.176558017730713,406699,0.0,0.0
2000-06-19,6.1765581613303135,6.18921536960835,6.138587389321613,6.1639018058776855,185907,0.0,0.0
2000-06-20,6.201871452002487,6.201871452002487,6.024675660864076,6.049989223480225,97590,0.0,0.0
2000-06-21,6.087961039878245,6.087961039878245,5.948734715916189,5.961391925811768,234481,0.0,0.0
2000-06-22,5.92342128873515,6.530952453613281,5.822167018483126,6.530952453613281,879635,0.0,0.0
2000-06-23,6.480322907499933,6.530951313022307,6.151244454588566,6.176558017730713,740978,0.0,0.0
2000-06-26,6.151244287182658,6.467666376324229,6.151244287182658,6.4296956062316895,638972,0.0,0.0
2000-06-27,6.4550095200538635,6.644862954438271,6.075303077697754,6.075303077697754,532109,0.0,0.0
2000-06-28,6.125932693481445,6.303128966839491,6.024677558301756,6.125932693481445,543148,0.0,0.0
2000-06-29,6.075303644130428,6.087960853638804,5.961391743444257,5.999362945556641,1062010,0.0,0.0
2000-06-30,6.024677012350694,6.049990580645313,5.417146682739258,5.417146682739258,864621,0.0,0.0
2000-07-03,5.518400331853127,6.125930972228395,5.518400331853127,6.100617408752441,593930,0.0,0.0
2000-07-05,5.974049149013618,6.239843289424169,5.9487343045602294,6.0373334884643555,524602,0.0,0.0
2000-07-06,6.012018741707187,6.125931058185454,5.569028389773215,6.075303077697754,641622,0.0,0.0
2000-07-07,6.075303699480078,6.252500796497012,6.012019357012618,6.062647342681885,341786,0.0,0.0
2000-07-10,6.062646431200984,6.062646431200984,5.936077338882186,6.049989223480225,382853,0.0,0.0
2000-07-11,6.024675660864076,6.087959993817132,5.961390901498335,6.049989223480225,201362,0.0,0.0
2000-07-12,6.04998951386661,6.125931058185454,5.948733979303914,6.075303077697754,450416,0.0,0.0
2000-07-13,6.049988174804655,6.2145275825272135,5.809507665984227,5.8348212242126465,881843,0.0,0.0
2000-07-14,5.5690278750626545,5.670282121028936,5.265262152275153,5.341203689575195,2785070,0.0,0.0
2000-07-17,5.290576791795619,5.328546709236571,5.21463525126298,5.3032331466674805,1916475,0.0,0.0
2000-07-18,5.315890498067839,5.315890498067839,5.2652625187356765,5.290576934814453,973251,0.0,0.0
2000-07-19,5.290577526793203,5.290577526793203,5.113380432128906,5.113380432128906,746719,0.0,0.0
2000-07-20,5.138694906131129,5.239949597972593,5.138694906131129,5.17666482925415,722431,0.0,0.0
2000-07-21,5.201979619080169,5.239949541796122,5.113380432128906,5.113380432128906,458364,0.0,0.0
2000-07-24,5.088067088679394,5.1007242986888714,4.936184406280518,4.936184406280518,986057,0.0,0.0
2000-07-25,4.974154836191305,5.113379860512186,4.91087007522583,4.91087007522583,340903,0.0,0.0
2000-07-26,4.910869969045362,4.936183531754078,4.834928428093841,4.86024284362793,573618,0.0,0.0
2000-07-27,4.809615802289411,4.872900147801561,4.708360252492093,4.784302234649658,483093,0.0,0.0
2000-07-28,4.809615802289411,4.936184493313711,4.683046684852341,4.784302234649658,1389223,0.0,0.0
2000-07-31,4.822273531365534,5.100724937426113,4.822273531365534,4.986812591552734,597463,0.0,0.0
2000-08-01,5.037439843839348,5.100724186848088,4.809615612030029,4.809615612030029,387269,0.0,0.0
2000-08-02,4.860243704700222,4.948842042702758,4.860243704700222,4.936184406280518,234923,0.0,0.0
2000-08-03,4.885557396643493,4.923527321990418,4.632419586181641,4.632419586181641,420388,0.0,0.0
2000-08-04,4.657731835793902,4.733673797058583,4.619761068367887,4.695703029632568,573618,0.0,0.0
2000-08-07,4.6577335322067945,4.70836067199707,4.569135611161005,4.70836067199707,1482397,0.0,0.0
2000-08-08,4.6830447185715975,4.986809961182631,4.6830447185715975,4.872898101806641,913637,0.0,0.0
2000-08-09,4.910870925673959,4.936184493313711,4.784302234649658,4.784302234649658,361216,0.0,0.0
2000-08-10,4.834928594332172,4.834928594332172,4.721017131813669,4.758987903594971,364307,0.0,0.0
2000-08-11,4.7463316959057416,4.986812306250299,4.721018126990647,4.961498737335205,985615,0.0,0.0
2000-08-14,4.910870925673959,4.923527283081065,4.74633145677726,4.784302234649658,273340,0.0,0.0
2000-08-15,4.784302066994767,4.784302066994767,4.581791400909424,4.581791400909424,290562,0.0,0.0
2000-08-16,4.632419387240326,4.695704156947575,4.4678799241095355,4.581791400909424,1237760,0.0,0.0
2000-08-17,4.581790712677831,4.581790712677831,4.391938137724888,4.480536460876465,1475332,0.0,0.0
2000-08-18,4.467879541801285,4.619761782146687,4.467879541801285,4.505850315093994,334721,0.0,0.0
2000-08-21,4.556478454381561,4.569135665893555,4.493194102472842,4.569135665893555,219026,0.0,0.0
2000-08-22,4.6071060119641105,4.645075937258473,4.480537320114783,4.556478023529053,152788,0.0,0.0
2000-08-23,4.556475553841504,4.556475553841504,4.48053489158837,4.493191242218018,134242,0.0,0.0
2000-08-24,4.493192474433109,4.619761132390327,4.493192474433109,4.607104778289795,285263,0.0,0.0
2000-08-25,4.645075753746906,4.733674943214382,4.6197621869422045,4.657732963562012,855790,0.0,0.0
2000-08-28,4.670389445524826,4.733674205499538,4.531163570558223,4.6197614669799805,385061,0.0,0.0
2000-08-29,4.594448217560026,4.657732555439397,4.467879541801285,4.505850315093994,315291,0.0,0.0
2000-08-30,4.533789286088476,4.648086006004478,4.533789286088476,4.635385990142822,636764,0.016984,0.0
2000-08-31,4.635386496262007,4.686185709545466,4.609987317475187,4.660785675048828,2195997,0.0,0.0
2000-09-01,4.660784718615615,4.660784718615615,4.55918802431685,4.622686386108398,223883,0.0,0.0
2000-09-05,4.584587638115649,4.635385990142822,4.52108927022682,4.635385990142822,491925,0.0,0.0
2000-09-06,4.635387084014551,4.724284648895264,4.635387084014551,4.724284648895264,369606,0.0,0.0
2000-09-07,4.724282821568477,4.724282821568477,4.648085305019189,4.711584091186523,459247,0.0,0.0
2000-09-08,4.711584899604659,4.7242836321654735,4.667135484947974,4.673485279083252,361657,0.0,0.0
2000-09-11,4.686185190539785,5.079875413117777,4.686185190539785,4.813182353973389,1073049,0.0,0.0
2000-09-12,4.8385816581575645,4.927479204276304,4.8385816581575645,4.876680850982666,459689,0.0,0.0
2000-09-13,4.863980863921038,4.965578854681115,4.863980863921038,4.940178394317627,460131,0.0,0.0
2000-09-14,4.9401790112662995,5.003677816903184,4.9401790112662995,4.978278636932373,336487,0.0,0.0
2000-09-15,4.9528791665395415,4.997328588431704,4.673486039833354,4.800483226776123,1029774,0.0,0.0
2000-09-18,4.775084248261389,4.9528793762276395,4.775084248261389,4.90208101272583,1145469,0.0,0.0
2000-09-19,4.3686935894963685,4.3686935894963685,3.8607057140578798,4.241696834564209,3894771,0.0,0.0
2000-09-20,4.1908995372398765,4.305196742892136,4.114701114901651,4.279797554016113,1722619,0.0,0.0
2000-09-21,4.267095187659267,4.330593552822543,4.254395172342737,4.30519437789917,1077907,0.0,0.0
2000-09-22,4.279796038683048,4.279796038683048,4.000402920695191,4.038501262664795,1723061,0.0,0.0
2000-09-25,4.076600138844793,4.2035968839542,4.076600138844793,4.089300155639648,1010344,0.0,0.0
2000-09-26,4.127399096108352,4.216297068922655,4.063900727464507,4.190897464752197,837685,0.0,0.0
2000-09-27,4.178197013333067,4.178197013333067,3.9877019272528664,4.013101100921631,987823,0.0,0.0
2000-09-28,4.013101425761369,4.152798175811768,4.013101425761369,4.152798175811768,428778,0.0,0.0
2000-09-29,4.127398665995537,4.165496998643862,3.9115031226821064,4.013101100921631,1393639,0.0,0.0
2000-10-02,3.9623032573595443,4.013101611155681,3.9496028132007566,4.000402450561523,855790,0.0,0.0
2000-10-03,3.9115041210853807,3.9623037649538797,3.8861049409335284,3.949603319168091,840334,0.0,0.0
2000-10-04,3.9242037880005696,4.152798528194352,3.9242037880005696,4.089300155639648,306459,0.0,0.0
2000-10-05,4.051200960964869,4.152798528194352,4.038500944170014,4.089300155639648,252144,0.0,0.0
2000-10-06,4.089300605079412,4.101999767560199,4.0512014062172925,4.063901424407959,287471,0.0,0.0
2000-10-09,4.013102082781775,4.076600460344252,3.9623037230157343,4.038501262664795,447325,0.0,0.0
2000-10-10,4.000402171853223,4.01310133156263,3.898804187774658,3.898804187774658,229182,0.0,0.0
2000-10-11,3.8861049775442584,3.9877029826736097,3.7591082198787062,3.8099074363708496,415089,0.0,0.0
2000-10-12,3.8353067230440443,3.8353067230440443,3.5813127728194543,3.6448111534118652,441142,0.0,0.0
2000-10-13,3.59401188642549,3.9115032816037916,3.59401188642549,3.886104106903076,361657,0.0,0.0
2000-10-16,3.936904268152586,4.063901456063923,3.936904268152586,3.962303876876831,838568,0.0,0.0
2000-10-17,3.9623030145657725,4.000402205433189,3.924203395843506,3.924203395843506,961770,0.0,0.0
2000-10-18,3.924204219295206,4.114699785750865,3.911504201104539,4.063901424407959,1414835,0.0,0.0
2000-10-19,4.076600586888746,4.203597345955892,4.063901424407959,4.063901424407959,577592,0.0,0.0
2000-10-20,4.114699069819834,4.5083892967123855,4.114699069819834,4.406792163848877,1050970,0.0,0.0
2000-10-23,4.457590474483131,4.648086006004478,4.419491282607888,4.635385990142822,1155625,0.0,0.0
2000-10-24,4.6861853147120325,4.914779188098023,4.648086121886932,4.876680850982666,833269,0.0,0.0
2000-10-25,4.838582425644448,4.838582425644448,4.762384027907799,4.800483226776123,672974,0.0,0.0
2000-10-26,4.8004833950221615,4.940179321488869,4.8004833950221615,4.914780139923096,967952,0.0,0.0
2000-10-27,4.889381144725824,5.041777523494221,4.889381144725824,5.003678321838379,627491,0.0,0.0
2000-10-30,5.003676528923804,5.33386877853518,5.003676528923804,5.2576704025268555,609828,0.0,0.0
2000-10-31,5.270371499350067,5.524365425109863,5.270371499350067,5.524365425109863,549772,0.0,0.0
2000-11-01,5.511666081525192,5.524366100256462,5.384668889197196,5.397368907928467,584216,0.0,0.0
2000-11-02,5.42276700342662,5.42276700342662,5.32116944105759,5.333869457244873,427012,0.0,0.0
2000-11-03,5.079876038479555,5.156074431491148,5.0290776802783785,5.117975234985352,765265,0.0,0.0
2000-11-06,5.11797526381056,5.16877362229784,5.054476887846542,5.143374443054199,424362,0.0,0.0
2000-11-07,5.14337522385588,5.14337522385588,4.927480456090881,5.067176818847656,369606,0.0,0.0
2000-11-08,5.067175928870807,5.168773499134294,5.016377571593969,5.079875946044922,721107,0.0,0.0
2000-11-09,5.079876009583538,5.092576026916504,4.902080473326039,5.092576026916504,437610,0.0,0.0
2000-11-10,5.054477386796133,5.054477386796133,4.800483430012294,4.90208101272583,547564,0.0,0.0
2000-11-13,4.902080412011273,5.105275124683341,4.83858203756032,5.079875946044922,263626,0.0,0.0
2000-11-14,5.105274429951196,5.232271589426075,5.09257527021501,5.20687198638916,208869,0.0,0.0
2000-11-15,5.232273639094448,5.244973659515381,5.143375635422996,5.244973659515381,273340,0.0,0.0
2000-11-16,5.219573462719946,5.295771003346758,5.168773818737275,5.232272624969482,358125,0.0,0.0
2000-11-17,5.232271589426075,5.257670764608142,5.156073636025026,5.20687198638916,551097,0.0,0.0
2000-11-20,5.206872789692325,5.206872789692325,5.092576055884763,5.117975234985352,391685,0.0,0.0
2000-11-21,5.156074278795164,5.270371437072754,5.07987588804017,5.270371437072754,232715,0.0,0.0
2000-11-22,5.270369932619743,5.270369932619743,5.130672780161191,5.219571590423584,242430,0.0,0.0
2000-11-24,5.219573855235357,5.47356653213501,5.194173389551491,5.47356653213501,165152,0.0,0.0
2000-11-27,5.448167360096916,5.448167360096916,5.333870612495089,5.4354681968688965,215051,0.0,0.0
2000-11-28,5.422766313405135,5.422766313405135,5.244971243665225,5.2576704025268555,401841,0.0,0.0
2000-11-29,5.247481455063111,5.285691397505148,5.19653500817326,5.27295446395874,146606,0.016984,0.0
2000-11-30,5.272954513565709,5.285691447231944,5.094642162322998,5.094642162322998,210194,0.0,0.0
2000-12-01,5.09464232047465,5.272954677252665,5.09464232047465,5.222008228302002,256560,0.0,0.0
2000-12-04,5.234745717054312,5.34937469357022,5.196535343051307,5.285691738128662,987382,0.0,0.0
2000-12-05,5.311165292487702,5.591370582580566,5.2984283568163315,5.591370582580566,495457,0.0,0.0
2000-12-06,5.680526557688175,5.680526557688175,5.527687620618369,5.591370582580566,444675,0.0,0.0
2000-12-07,5.591370444556373,5.655053404946542,5.591370444556373,5.60410737991333,386386,0.0,0.0
2000-12-08,5.616842932964866,5.70599889755249,5.55315997851696,5.70599889755249,316174,0.0,0.0
2000-12-11,5.705999429318853,5.884312662407712,5.64231646893606,5.846102714538574,278198,0.0,0.0
2000-12-12,5.820630038629692,5.8843130026952455,5.7951570246429425,5.858839988708496,280406,0.0,0.0
2000-12-13,5.8588398336579175,5.8588398336579175,5.6550535816636005,5.693263530731201,273340,0.0,0.0
2000-12-14,5.642316049645731,5.642316049645731,5.425793742975193,5.527687072753906,292770,0.0,0.0
2000-12-15,5.514951584997351,5.527687662568047,5.1455890296977875,5.3111653327941895,705210,0.0,0.0
2000-12-18,5.311165108003484,5.464004039764404,5.311165108003484,5.464004039764404,598788,0.0,0.0
2000-12-19,5.4130579739435705,5.476740933207851,5.298428132349488,5.3621110916137695,424362,0.0,0.0
2000-12-20,5.349373987010164,5.3875839268676735,5.1073787024759225,5.234745025634766,654869,0.0,0.0
2000-12-21,5.272954049501357,5.3875838678174945,5.247481042607922,5.374846935272217,139541,0.0,0.0
2000-12-22,5.374846962327543,5.705998199101911,5.374846962327543,5.655052185058594,400075,0.0,0.0
2000-12-26,5.629579867133339,5.7569462051277664,5.604106856993622,5.70599889755249,163386,0.0,0.0
2000-12-27,5.705999171735572,5.986204442229876,5.6550531490080935,5.897048473358154,338253,0.0,0.0
2000-12-28,5.8970478427920225,6.253672967441203,5.8970478427920225,6.2281999588012695,378879,0.0,0.0
2000-12-29,6.202728470099585,6.330093973607925,5.909786224365234,5.909786224365234,571851,0.0,0.0
2001-01-02,5.9607311444427316,5.9607311444427316,5.667789811441529,5.70599889755249,335162,0.0,0.0
2001-01-03,5.756946377372801,5.871575355529785,5.655053046469491,5.871575355529785,312641,0.0,0.0
2001-01-04,5.897048739565886,5.960731699948678,5.731473300029816,5.846102714538574,482210,0.0,0.0
2001-01-05,5.884312480549979,5.947995438964616,5.756946563720703,5.756946563720703,287913,0.0,0.0
2001-01-08,5.756946481758955,5.909785408138658,5.731473041296581,5.897048473358154,421271,0.0,0.0
2001-01-09,5.8970474935197,6.037150749135604,5.8970474935197,6.0116777420043945,132475,0.0,0.0
2001-01-10,5.9989417687969295,6.304620499717264,5.9989417687969295,6.291884422302246,665909,0.0,0.0
2001-01-11,6.304619706873644,6.304619706873644,6.062624397151399,6.139044284820557,299394,0.0,0.0
2001-01-12,6.088098760988456,6.126308713321053,6.049888808655859,6.075362682342529,134683,0.0,0.0
2001-01-16,6.088097464563223,6.100834398694301,5.960731126942727,6.062624454498291,247729,0.0,0.0
2001-01-17,6.100835253528279,6.113571331246679,6.037152290344238,6.037152290344238,168685,0.0,0.0
2001-01-18,6.0880967633980205,6.100833696062189,5.807891539461906,6.0116777420043945,183699,0.0,0.0
2001-01-19,5.986204637296806,5.998941572492358,5.756946669355267,5.782419681549072,233156,0.0,0.0
2001-01-22,5.833365440368652,5.871575386018473,5.718736032517818,5.833365440368652,147489,0.0,0.0
2001-01-23,5.833366321522059,5.909786224365234,5.833366321522059,5.909786224365234,219909,0.0,0.0
2001-01-24,5.935259554824058,6.100835876755044,5.935259554824058,6.024415969848633,159853,0.0,0.0
2001-01-25,6.024415354428491,6.062625303978385,5.960731962145777,6.037152290344238,83901,0.0,0.0
2001-01-26,6.011678552559277,6.024414628743524,5.807892322540283,5.807892322540283,170451,0.0,0.0
2001-01-29,5.858839546038566,6.062624929831413,5.858839546038566,6.04020881652832,204012,0.0,0.0
2001-01-30,6.03817112581573,6.080965995788574,5.930164841508638,6.080965995788574,216818,0.0,0.0
2001-01-31,6.078928729876621,6.131912978029421,6.003527078816041,6.1033830642700195,625725,0.0,0.0
2001-02-01,6.093192585668912,6.113570478816482,5.940353237878777,6.0320563316345215,152346,0.0,0.0
2001-02-02,6.019832050024515,6.072816310204272,5.950544181383901,5.9933390617370605,155438,0.0,0.0
2001-02-05,5.98111078983302,5.98111078983302,5.807893093515888,5.934240341186523,162944,0.0,0.0
2001-02-06,5.9505432005062975,6.0626259310245425,5.858840513578199,5.89959716796875,208428,0.0,0.0
2001-02-07,5.889405677200051,6.042245007282994,5.848649037429542,6.0116777420043945,120552,0.0,0.0
2001-02-08,6.011677565717024,6.011677565717024,5.793626416919454,5.838459491729736,364748,0.0,0.0
2001-02-09,5.838459491729736,5.877178770384729,5.756945356381925,5.838459491729736,197830,0.0,0.0
2001-02-12,5.838460239918537,6.013715267186271,5.797702737923076,5.960731029510498,298952,0.0,0.0
2001-02-13,5.960731407618352,5.97295900227151,5.840497970581055,5.840497970581055,264950,0.0,0.0
2001-02-14,5.854763439348951,5.956656351545727,5.854763439348951,5.919975280761719,134242,0.0,0.0
2001-02-15,5.909785010213383,5.960731029510498,5.909785010213383,5.960731029510498,281289,0.0,0.0
2001-02-16,5.9607328379943665,5.989262754768269,5.869029288878971,5.924051761627197,148372,0.0,0.0
2001-02-20,5.922012745245568,5.991300167051364,5.8690284986285945,5.934240341186523,160737,0.0,0.0
2001-02-21,5.889407271145111,5.905710446383981,5.828271865844727,5.828271865844727,154113,0.0,0.0
2001-02-22,5.828271782802704,5.828271782802704,5.667281255127442,5.726378440856934,127618,0.0,0.0
2001-02-23,5.726378583149853,5.777325899036722,5.648940001789707,5.771212100982666,185907,0.0,0.0
2001-02-26,5.795665628330433,5.946466332560544,5.767135718978939,5.9403533935546875,187673,0.0,0.0
2001-02-27,5.92503057334297,5.939332326922949,5.792228698730469,5.792228698730469,116137,0.016984,0.0
2001-02-28,5.794270971885281,5.820831861482894,5.618563416723565,5.761580944061279,541382,0.0,0.0
2001-03-01,5.761579957828602,5.792227364536634,5.618562454971765,5.700286865234375,128943,0.0,0.0
2001-03-02,5.690071659322963,5.822873944121968,5.516407166140071,5.798356533050537,384178,0.0,0.0
2001-03-05,5.798357064036206,5.951590251956767,5.761580944061279,5.761580944061279,365632,0.0,0.0
2001-03-06,5.812659003749784,5.8290042332903385,5.683942794799805,5.683942794799805,360774,0.0,0.0
2001-03-07,5.683942655550699,5.922986791912653,5.683942655550699,5.808572769165039,525485,0.0,0.0
2001-03-08,5.849435181205652,5.884167393591153,5.792228172087135,5.8106160163879395,404933,0.0,0.0
2001-03-09,5.812658816769978,5.820831861482894,5.757494851910354,5.761580944061279,350618,0.0,0.0
2001-03-12,5.720717473120697,5.794270132622452,5.655338287353516,5.655338287353516,143073,0.0,0.0
2001-03-13,5.655338244839059,5.720717430114746,5.618562560672851,5.720717430114746,215493,0.0,0.0
2001-03-14,5.669642135172828,5.720719589170912,5.5674863667654,5.614478588104248,120994,0.0,0.0
2001-03-15,5.577700038048917,5.618562674985798,5.516406943054549,5.567484378814697,74628,0.0,0.0
2001-03-16,5.567485957296303,5.598132943687931,5.489847183227539,5.489847183227539,245521,0.0,0.0
2001-03-19,5.489845992956127,5.553182998392068,5.3693032709378565,5.547054290771484,202245,0.0,0.0
2001-03-20,5.526623184424084,5.5777006255643675,5.393820030596157,5.475544452667236,207103,0.0,0.0
2001-03-21,5.465328901837372,5.465328901837372,5.220155239105225,5.220155239105225,157645,0.0,0.0
2001-03-22,5.169077365669107,5.209940004624544,4.774756599516414,5.013801574707031,426570,0.0,0.0
2001-03-23,5.005626789568634,5.056705070496438,4.862608893586826,4.964764595031738,363424,0.0,0.0
2001-03-26,4.699161390364057,5.173163535234119,4.699161390364057,5.05670690536499,2017156,0.0,0.0
2001-03-27,4.9545510469992085,5.209940409279229,4.842179641554893,5.195638656616211,774538,0.0,0.0
2001-03-28,5.144560188977034,5.205854150205279,5.056707059956411,5.058749675750732,239780,0.0,0.0
2001-03-29,5.0587492210028255,5.10165447375908,4.954550442733725,5.026059627532959,265392,0.0,0.0
2001-03-30,5.077137464324083,5.111870536557308,4.891214257498758,5.066922664642334,365190,0.0,0.0
2001-04-02,5.064878757983094,5.097568351254987,4.862610340118408,4.862610340118408,332954,0.0,0.0
2001-04-03,4.8626109416799554,4.8626109416799554,4.556144138469181,4.840137004852295,455715,0.0,0.0
2001-04-04,4.840135037239828,5.087351253284418,4.821747200000309,4.960678577423096,409348,0.0,0.0
2001-04-05,4.985197420592887,5.087352722840328,4.903473006712742,5.026059627532959,301160,0.0,0.0
2001-04-06,5.046491100998713,5.056706760598653,4.862610518816287,4.9627227783203125,412881,0.0,0.0
2001-04-09,4.962722275676266,5.365215609421623,4.954550092988419,5.214025497436523,612919,0.0,0.0
2001-04-10,5.189508287832321,5.312094904696773,5.189508287832321,5.252845287322998,181491,0.0,0.0
2001-04-11,5.252846190373018,5.330484523462774,5.1976813643996245,5.271234035491943,721107,0.0,0.0
2001-04-12,5.23037052154541,5.281449251010195,5.169077422845274,5.23037052154541,299394,0.0,0.0
2001-04-16,5.209939278871567,5.250801051723899,5.209939278871567,5.244672775268555,257443,0.0,0.0
2001-04-17,5.230371001417027,5.271234074779026,5.0056290452897585,5.183379650115967,484418,0.0,0.0
2001-04-18,5.234458211643662,5.387691840404218,5.199725135333711,5.312096118927002,340461,0.0,0.0
2001-04-19,5.189508535958182,5.301880359649658,5.066922343437983,5.301880359649658,672091,0.0,0.0
2001-04-20,5.291665052474546,5.465329553781611,5.27327720841352,5.418337345123291,843425,0.0,0.0
2001-04-23,5.404033924068183,5.485758319419633,5.373387813568115,5.373387813568115,180166,0.0,0.0
2001-04-24,5.373389073625081,5.512320922466296,5.373389073625081,5.41425085067749,171335,0.0,0.0
2001-04-25,5.414250878029279,5.577700138092041,5.399949126927041,5.577700138092041,293653,0.0,0.0
2001-04-26,5.5777001668350366,5.761580316474787,5.573614075129193,5.638993263244629,314408,0.0,0.0
2001-04-27,5.679855547565992,5.743192116091426,5.626734637874751,5.700286865234375,206661,0.0,0.0
2001-04-30,5.720717570309613,5.755450639768293,5.46532909982979,5.618562698364258,228741,0.0,0.0
2001-05-01,5.618562560672851,5.720717430114746,5.455113306867229,5.720717430114746,177958,0.0,0.0
2001-05-02,5.700287112167116,5.702329727775887,5.5164069660079464,5.618562698364258,116578,0.0,0.0
2001-05-03,5.638995507300072,5.638995507300072,5.516409265697318,5.538883209228516,107746,0.0,0.0
2001-05-04,5.549096319063634,5.74114864016022,5.549096319063634,5.700286865234375,175309,0.0,0.0
2001-05-07,5.720717430114746,5.792227473504849,5.688027837476902,5.720717430114746,192089,0.0,0.0
2001-05-08,5.730933089141122,5.730933089141122,5.690071313446551,5.720717430114746,122760,0.0,0.0
2001-05-09,5.741148748167499,5.759536590250603,5.700286972472928,5.720717430114746,152788,0.0,0.0
2001-05-10,5.741148444745175,5.741148444745175,5.688027536862043,5.726846694946289,135566,0.0,0.0
2001-05-11,5.76157977393272,5.76157977393272,5.598130958624398,5.647165775299072,173984,0.0,0.0
2001-05-14,5.679855918241078,5.679855918241078,5.485759678340844,5.5123209953308105,137333,0.0,0.0
2001-05-15,5.547054735320886,5.7002879255139876,5.487803817020545,5.673727035522461,215935,0.0,0.0
2001-05-16,5.6226495519946305,5.82287452200849,5.6226495519946305,5.808572769165039,260976,0.0,0.0
2001-05-17,5.818789053583215,5.945462226867676,5.818789053583215,5.945462226867676,159412,0.0,0.0
2001-05-18,5.9454608445833435,6.027185689427451,5.904598207058549,5.927073001861572,213285,0.0,0.0
2001-05-21,5.927074184761442,5.931160277247214,5.89846981653877,5.925030708312988,74628,0.0,0.0
2001-05-22,5.904598731032027,5.965891832347398,5.894383070744291,5.955677032470703,87875,0.0,0.0
2001-05-23,5.945460873809649,5.945460873809649,5.894382576652569,5.904598236083984,216376,0.0,0.0
2001-05-24,5.904599170482834,6.006754920552106,5.843306064605713,5.843306064605713,170451,0.0,0.0
2001-05-25,5.84330425864369,5.896425163429,5.829002509678832,5.853519916534424,172659,0.0,0.0
2001-05-29,5.8433048541645105,5.863736172028236,5.692113876342773,5.692113876342773,158529,0.0,0.0
2001-05-30,5.671683610356663,5.76158020741652,5.618562698364258,5.618562698364258,649128,0.0,0.0
2001-05-31,5.638993358745072,5.741149094765123,5.638993358745072,5.685985565185547,297186,0.0,0.0
2001-06-01,5.665554042708436,5.665554042708436,5.475543898695562,5.618562698364258,1035073,0.0,0.0
2001-06-04,5.61651897904056,5.749320823063206,5.56748416080081,5.700286865234375,178842,0.0,0.0
2001-06-05,5.7002874120817335,5.892340181808033,5.692114367983763,5.845348834991455,121436,0.0,0.0
2001-06-06,5.824916956559495,5.824916956559495,5.692113821920471,5.700286865234375,161620,0.0,0.0
2001-06-07,5.7002877431572685,5.761580845191479,5.7002877431572685,5.7513651847839355,89642,0.0,0.0
2001-06-08,5.976107937407993,6.021056673937138,5.843306064605713,5.843306064605713,480002,0.0,0.0
2001-06-11,5.822874668094613,5.937288693712682,5.812659007177129,5.8473920822143555,287913,0.0,0.0
2001-06-12,5.853519670242465,5.878037076066465,5.608346042207858,5.753407001495361,440259,0.0,0.0
2001-06-13,5.753407071564401,5.7820109988443615,5.669639195611313,5.7125444412231445,354150,0.0,0.0
2001-06-14,5.737061891599477,5.841260653321539,5.690070554673207,5.829002380371094,345760,0.0,0.0
2001-06-15,5.822874377431214,5.851477882407916,5.747279092703128,5.7513651847839355,965744,0.0,0.0
2001-06-18,5.771796580176655,5.822874018656198,5.751364830414941,5.7942705154418945,121436,0.0,0.0
2001-06-19,5.794270664092352,5.843305488120847,5.779968912118293,5.786098480224609,164269,0.0,0.0
2001-06-20,5.788139878115898,5.925028661358717,5.788139878115898,5.853519916534424,345760,0.0,0.0
2001-06-21,5.863737466630363,5.9107288197629915,5.782013037543181,5.792228698730469,129384,0.0,0.0
2001-06-22,5.812657931146667,5.86373622627855,5.720717430114746,5.720717430114746,103331,0.0,0.0
2001-06-25,5.669640640165865,5.718675464904516,5.669640640165865,5.679856300354004,119228,0.0,0.0
2001-06-26,5.681899023497198,5.759536481897396,5.681899023497198,5.700286865234375,139099,0.0,0.0
2001-06-27,5.700287076713704,5.904598109950119,5.669640099074135,5.880080699920654,205778,0.0,0.0
2001-06-28,5.880081398827457,5.965891913924551,5.880081398827457,5.914814472198486,207544,0.0,0.0
2001-06-29,5.9148131537780255,6.027184963226318,5.896425313271761,6.027184963226318,345760,0.0,0.0
2001-07-02,6.0271850454422085,6.0271850454422085,5.851476669311523,5.851476669311523,283055,0.0,0.0
2001-07-03,5.8003997626331065,5.910727677560223,5.8003997626331065,5.880080699920654,120994,0.0,0.0
2001-07-05,5.880082231768709,5.920944879266789,5.720719025060724,5.773839950561523,328538,0.0,0.0
2001-07-06,5.761580567767147,5.761580567767147,5.516407311024529,5.547054290771484,296744,0.0,0.0
2001-07-09,5.557268992365806,5.602217723120547,5.555226376665269,5.583829879760742,527251,0.0,0.0
2001-07-10,5.587915697283138,5.6410366090545105,5.5531826279689795,5.567484378814697,289679,0.0,0.0
2001-07-11,5.5695282263393135,5.577700410107431,5.52662297094018,5.547054290771484,166477,0.0,0.0
2001-07-12,5.516405713111519,5.824915885925293,5.475542655080028,5.824915885925293,258768,0.0,0.0
2001-07-13,5.812658848927017,5.976107698334662,5.812658848927017,5.939332008361816,128059,0.0,0.0
2001-07-16,5.941375573681747,5.941375573681747,5.802443275233476,5.8044867515563965,219909,0.0,0.0
2001-07-17,5.822874954524162,5.925030708312988,5.782013169255312,5.925030708312988,124527,0.0,0.0
2001-07-18,5.900510714910684,5.965889886939547,5.792226299910861,5.824915885925293,111279,0.0,0.0
2001-07-19,5.884166689264072,5.982236327677601,5.853520572568046,5.906641483306885,215051,0.0,0.0
2001-07-20,5.855564235378642,5.855564235378642,5.669641014540899,5.71663236618042,217701,0.0,0.0
2001-07-23,5.7207179008047735,5.7207179008047735,5.653295234012025,5.710503101348877,149697,0.0,0.0
2001-07-24,5.700286784828261,5.720717241797541,5.655338058674035,5.657381534576416,298952,0.0,0.0
2001-07-25,5.657381159004687,5.67985509038439,5.602216777822519,5.667596817016602,189440,0.0,0.0
2001-07-26,5.659423411789041,5.690070383861383,5.522535496102992,5.608345985412598,263184,0.0,0.0
2001-07-27,5.587915925029486,5.649209022521973,5.538881102871101,5.649209022521973,146164,0.0,0.0
2001-07-30,5.649208325069779,5.698243141174316,5.587915235144546,5.698243141174316,101564,0.0,0.0
2001-07-31,5.710501592885581,5.7207163896431785,5.667596349024874,5.677811145782471,230065,0.0,0.0
2001-08-01,5.677812824151963,5.716631988702476,5.618563199636206,5.679856300354004,127176,0.0,0.0
2001-08-02,5.669639888731802,5.700286865234375,5.6512520469946255,5.700286865234375,94057,0.0,0.0
2001-08-03,5.698242692685867,5.763623159355121,5.659423538025999,5.7125444412231445,222558,0.0,0.0
2001-08-06,5.714587601028311,5.771795022220663,5.663509315925115,5.671682357788086,179283,0.0,0.0
2001-08-07,5.671683063224942,5.702329177687821,5.661467404933693,5.669639587402344,137774,0.0,0.0
2001-08-08,5.669639587402344,5.735018767973298,5.659423929111093,5.669639587402344,145723,0.0,0.0
2001-08-09,5.669641045224081,5.671684521572114,5.561356588233467,5.636951446533203,89642,0.0,0.0
2001-08-10,5.634906996150602,5.822873661851163,5.598131311531695,5.771796226501465,238897,0.0,0.0
2001-08-13,5.751365051895934,5.8228742428909595,5.732977207751635,5.782012462615967,81251,0.0,0.0
2001-08-14,5.8024429225479475,5.808572490733057,5.724805023778843,5.782012462615967,155879,0.0,0.0
2001-08-15,5.7820122902116875,5.7820122902116875,5.710503101348877,5.710503101348877,186348,0.0,0.0
2001-08-16,5.720718700888508,5.7820130988678855,5.690072577412726,5.76566743850708,160737,0.0,0.0
2001-08-17,5.765666205865663,5.765666205865663,5.675769610258631,5.702329635620117,100240,0.0,0.0
2001-08-20,5.702330734403854,5.74114990234375,5.671684611574693,5.74114990234375,106422,0.0,0.0
2001-08-21,5.737063128674017,5.751364880405479,5.710503101348877,5.710503101348877,128059,0.0,0.0
2001-08-22,5.7166311432207,5.8024420738220215,5.585872777137987,5.8024420738220215,437168,0.0,0.0
2001-08-23,5.782011043444824,5.904597214592554,5.782011043444824,5.829002380371094,248170,0.0,0.0
2001-08-24,5.782012043728928,5.904598236083984,5.761580294660611,5.904598236083984,145281,0.0,0.0
2001-08-27,5.884167137710063,5.892340181808033,5.845348834991455,5.845348834991455,147047,0.0,0.0
2001-08-28,5.847391106685018,5.89438245073693,5.833089355868743,5.880080699920654,84343,0.0,0.0
2001-08-29,5.882124101958915,5.884166717529297,5.80244230526243,5.884166717529297,77719,0.0,0.0
2001-08-30,5.88416708853276,5.90459840799043,5.863736629486084,5.863736629486084,151022,0.0,0.0
2001-08-31,5.8637355744251565,5.904597345577251,5.853519916534424,5.853519916534424,86550,0.0,0.0
2001-09-04,5.8555638391931595,5.904598663851975,5.782012462615967,5.782012462615967,272899,0.0,0.0
2001-09-05,5.751363673971302,5.765665422702759,5.614475753373307,5.763623237609863,232273,0.0,0.0
2001-09-06,5.782012012921621,5.782012012921621,5.69007150873423,5.694157600402832,116578,0.0,0.0
2001-09-07,5.694157005182247,5.694157005182247,5.516406443507404,5.553182125091553,102447,0.0,0.0
2001-09-10,5.532750943770437,5.547052691446671,5.342740842657286,5.373387813568115,168244,0.0,0.0
2001-09-17,5.3733895144993475,5.414251294904373,5.105741024017334,5.105741024017334,243313,0.0,0.0
2001-09-18,5.12617128678929,5.150688694138266,5.066921674405883,5.132300853729248,81693,0.0,0.0
2001-09-19,5.13230206967541,5.13230206967541,4.8013178524582365,4.985198020935059,137333,0.0,0.0
2001-09-20,4.98315367432596,4.98315367432596,4.780885696411133,4.780885696411133,116578,0.0,0.0
2001-09-21,4.597005940993326,4.719593007001579,4.576575480334502,4.654212951660156,491925,0.0,0.0
2001-09-24,4.67872919895785,4.856480185272848,4.67872919895785,4.805402755737305,272899,0.0,0.0
2001-09-25,4.846266752669216,4.940250333080938,4.821750194730063,4.897345066070557,139541,0.0,0.0
2001-09-26,4.852394936328627,4.872826255853192,4.658299551872761,4.678730010986328,166036,0.0,0.0
2001-09-27,4.699161593119173,4.797231674194336,4.59700585019847,4.797231674194336,140865,0.0,0.0
2001-09-28,4.797232618978332,4.952508449554443,4.797232618978332,4.952508449554443,182374,0.0,0.0
2001-10-01,4.901429056424955,4.923902988433838,4.709376315204859,4.923902988433838,257443,0.0,0.0
2001-10-02,4.913689123094415,4.913689123094415,4.699162371586662,4.852396011352539,250378,0.0,0.0
2001-10-03,4.883041518870493,5.019929885864258,4.883041518870493,5.019929885864258,199596,0.0,0.0
2001-10-04,5.019930187737645,5.105740695435765,4.954550568927201,5.097568511962891,155879,0.0,0.0
2001-10-05,5.0996123335533845,5.258975514743222,5.077137536863765,5.250802040100098,258768,0.0,0.0
2001-10-08,5.250801282141092,5.250801282141092,5.087352462737507,5.187464714050293,294095,0.0,0.0
2001-10-09,5.1874656039718205,5.189509080239566,4.968852792026274,4.985198020935059,223442,0.0,0.0
2001-10-10,4.987239383207398,5.434681415557861,4.987239383207398,5.434681415557861,403166,0.0,0.0
2001-10-11,5.432638544462131,5.567484297943059,5.393819384100352,5.5613555908203125,211077,0.0,0.0
2001-10-12,5.561356019720374,5.649209145894187,5.536838608105749,5.626735210418701,250820,0.0,0.0
2001-10-15,5.626735233538157,5.626735233538157,5.455113781736122,5.547054290771484,204895,0.0,0.0
2001-10-16,5.312095094900685,5.5572687676136985,5.117999718800257,5.549096584320068,506055,0.0,0.0
2001-10-17,5.557269304943837,5.557269304943837,5.459200084499646,5.475544452667236,244638,0.0,0.0
2001-10-18,5.477587170022571,5.477587170022571,5.436725394853589,5.448983669281006,226533,0.0,0.0
2001-10-19,5.451026640358137,5.471457095844927,5.346827445526712,5.434681415557861,158529,0.0,0.0
2001-10-22,5.424467410261246,5.585874080657959,5.424467410261246,5.585874080657959,151463,0.0,0.0
2001-10-23,5.5858725660714885,5.675769154459268,5.567483864900715,5.669639587402344,126735,0.0,0.0
2001-10-24,5.669639486233963,5.6921134178271675,5.5981307398820785,5.659423828125,151022,0.0,0.0
2001-10-25,5.655339091964261,5.663511276245117,5.567485099506336,5.663511276245117,109513,0.0,0.0
2001-10-26,5.663510109372721,5.76362364824179,5.64920835962233,5.759536266326904,99356,0.0,0.0
2001-10-29,5.759537603086877,5.759537603086877,5.44489860534668,5.44489860534668,202245,0.0,0.0
2001-10-30,5.455114572350191,5.589960356327993,5.434683249557759,5.555227279663086,204895,0.0,0.0
2001-10-31,5.555226127095126,5.645122724154983,5.46532909982979,5.618562698364258,195180,0.0,0.0
2001-11-01,5.61651897904056,5.714588615520058,5.516406727040774,5.700286865234375,147047,0.0,0.0
2001-11-02,5.679856121748171,5.7207179008047735,5.647166526420688,5.710503101348877,101123,0.0,0.0
2001-11-05,5.710502605149199,5.720717403717507,5.681899104171705,5.70641565322876,83901,0.0,0.0
2001-11-06,5.6798556282114845,5.70641565322876,5.59813121678851,5.70641565322876,157645,0.0,0.0
2001-11-07,5.706416826753668,5.757495132154115,5.698244642054039,5.74114990234375,160295,0.0,0.0
2001-11-08,5.730932987267143,5.82083087114231,5.726846895811414,5.747278213500977,119228,0.0,0.0
2001-11-09,5.749321404267697,5.749321404267697,5.6594248020143665,5.710503101348877,125851,0.0,0.0
2001-11-12,5.71050312644056,5.73093358585313,5.663510918764129,5.724804878234863,79485,0.0,0.0
2001-11-13,5.724805593017707,5.822874821881213,5.659425533501292,5.792228698730469,117020,0.0,0.0
2001-11-14,5.802441425372905,5.833088397979736,5.730932252829034,5.833088397979736,487067,0.0,0.0
2001-11-15,5.833090615944157,5.945462031152981,5.771797507835316,5.925030708312988,113929,0.0,0.0
2001-11-16,5.925030806001905,5.945462129178759,5.873953358470921,5.935246467590332,127176,0.0,0.0
2001-11-19,5.955677032470703,5.963849216536476,5.884167410456556,5.955677032470703,149255,0.0,0.0
2001-11-20,5.965891084938274,5.996538061962015,5.927072785283508,5.986322402954102,103772,0.0,0.0
2001-11-21,5.986322628384746,5.996538287777358,5.904598213654824,5.9372878074646,185024,0.0,0.0
2001-11-23,5.939331133228674,5.982236385345459,5.925029382523078,5.982236385345459,57406,0.0,0.0
2001-11-26,5.9822365367098955,5.996538287777358,5.929115624114897,5.9372878074646,145281,0.0,0.0
2001-11-27,5.945461961469997,5.945461961469997,5.882125377655029,5.882125377655029,205337,0.0,0.0
2001-11-28,5.868739665673143,5.870799237857429,5.749305725097656,5.749305725097656,321032,0.050953,0.0
2001-11-29,5.755483677300308,5.8069634437561035,5.722535724892764,5.8069634437561035,356800,0.0,0.0
2001-11-30,5.817260570132801,5.899628724789962,5.817260570132801,5.8584442138671875,146164,0.0,0.0
2001-12-03,5.860503216027135,5.860503216027135,5.7575423823330905,5.8069634437561035,126735,0.0,0.0
2001-12-04,5.827555859570857,6.105548233151085,5.827555859570857,6.0478901863098145,246845,0.0,0.0
2001-12-05,6.027296465054319,6.229099363025543,6.023178188995692,6.214684963226318,669441,0.0,0.0
2001-12-06,6.212626233348697,6.22086278658192,6.1158436976997335,6.1570281982421875,280406,0.0,0.0
2001-12-07,6.1673251114307535,6.259988515115348,6.138495437054315,6.198212623596191,277756,0.0,0.0
2001-12-10,6.177620528859797,6.187916655574648,6.074660996087882,6.084957122802734,185024,0.0,0.0
2001-12-11,6.095251953401021,6.241455554962158,6.093193248515905,6.241455554962158,117903,0.0,0.0
2001-12-12,6.241455981645127,6.241455981645127,6.187916643148394,6.189976215362549,109071,0.0,0.0
2001-12-13,6.17762044456581,6.204390547096805,6.157029058605379,6.171443462371826,112604,0.0,0.0
2001-12-14,6.173502526981923,6.239397567458577,6.157029417254015,6.218805313110352,159412,0.0,0.0
2001-12-17,6.229101281265221,6.352653503417969,6.218805154353952,6.352653503417969,320148,0.0,0.0
2001-12-18,6.35265278268239,6.632704714612026,6.35265278268239,6.620349884033203,359008,0.0,0.0
2001-12-19,6.620349991346099,6.702718131438064,6.558573669480066,6.67800760269165,619542,0.0,0.0
2001-12-20,6.678008016204315,6.678008016204315,6.5894615880516385,6.599758148193359,238014,0.0,0.0
2001-12-21,6.620349700921508,6.754197597503662,6.5894608909523615,6.754197597503662,452182,0.0,0.0
2001-12-24,6.754198978856933,6.754198978856933,6.618291482512342,6.6306471824646,155879,0.0,0.0
2001-12-26,6.610053590199822,6.713013977824666,6.591520911208754,6.675948619842529,181933,0.0,0.0
2001-12-27,6.675949201370951,6.762435622321726,6.661533930690881,6.733606815338135,127176,0.0,0.0
2001-12-28,6.7274280002864995,6.7274280002864995,6.548276901245117,6.548276901245117,634998,0.0,0.0
2001-12-31,6.579165343290908,6.579165343290908,6.4041337966918945,6.4041337966918945,466754,0.0,0.0
2002-01-02,6.424725303933559,6.424725303933559,6.229101067309505,6.342357158660889,323681,0.0,0.0
2002-01-03,6.3526532158648,6.455613613128662,6.342357089419586,6.455613613128662,183699,0.0,0.0
2002-01-04,6.455614400185346,6.692423169325863,6.455614400185346,6.661534786224365,126735,0.0,0.0
2002-01-07,6.655355349228768,6.655355349228768,6.5894598960876465,6.5894598960876465,167802,0.0,0.0
2002-01-08,6.579164254867182,6.610053062438965,6.529744070566213,6.610053062438965,188998,0.0,0.0
2002-01-09,6.610053646162032,6.692421783521614,6.610053646162032,6.622409343719482,122319,0.0,0.0
2002-01-10,6.5894598960876465,6.616230425269327,6.558572391564133,6.5894598960876465,190764,0.0,0.0
2002-01-11,6.6018177203781905,6.6883041427518926,6.599758148193359,6.599758148193359,82135,0.0,0.0
2002-01-14,6.6306464405922965,6.6306464405922965,6.486501971605252,6.488560676574707,241105,0.0,0.0
2002-01-15,6.4967974928501375,6.513270599824437,6.408251507704592,6.4638495445251465,99798,0.0,0.0
2002-01-16,6.4638486104888955,6.4638486104888955,6.332060304985332,6.338237285614014,82135,0.0,0.0
2002-01-17,6.3444167012311645,6.43502140045166,6.313527888108354,6.43502140045166,197830,0.0,0.0
2002-01-18,6.4453182647451674,6.4865027754977085,6.4247260093688965,6.4247260093688965,126735,0.0,0.0
2002-01-22,6.424724962779251,6.455613340811931,6.342356821880348,6.3938374519348145,166477,0.0,0.0
2002-01-23,6.3938375050774825,6.451495117467114,6.342356874595132,6.445317268371582,140424,0.0,0.0
2002-01-24,6.447376505822892,6.5070928200193645,6.441198657048013,6.496797561645508,127176,0.0,0.0
2002-01-25,6.486501568372401,6.5070929527282715,6.4144295551563,6.5070929527282715,103331,0.0,0.0
2002-01-28,6.527686017914474,6.739784240722656,6.521508168243564,6.739784240722656,156321,0.0,0.0
2002-01-29,6.713014011932352,6.733606262999586,6.507092802042314,6.529744625091553,203570,0.0,0.0
2002-01-30,6.527685002642557,6.708895683288574,6.507092751734526,6.708895683288574,132475,0.0,0.0
2002-01-31,6.708896602975025,6.86745548248291,6.702718753418088,6.86745548248291,686663,0.0,0.0
2002-02-01,6.888046797796922,7.01159856897326,6.888046797796922,6.939526557922363,340020,0.0,0.0
2002-02-04,6.97041497284359,7.011598607733969,6.912757363684135,6.918934345245361,196946,0.0,0.0
2002-02-05,6.918935040285659,7.001303185528897,6.869514846890347,6.9292311668396,195180,0.0,0.0
2002-02-06,6.927172136840043,6.927172136840043,6.8509805437590705,6.861277103424072,68004,0.0,0.0
2002-02-07,6.881869867739816,6.890106422334214,6.836566649499846,6.855100631713867,111279,0.0,0.0
2002-02-08,6.855099441931103,6.94158585172649,6.8283289097690245,6.877750396728516,268925,0.0,0.0
2002-02-11,6.877750780277467,7.001302553392897,6.877750780277467,6.9971842765808105,126293,0.0,0.0
2002-02-12,6.986889050691031,6.991007328033447,6.916876601493312,6.991007328033447,120552,0.0,0.0
2002-02-13,7.00130238747439,7.050723442424655,6.970414878521618,6.99306583404541,194739,0.0,0.0
2002-02-14,6.9971850870639445,7.011599491169971,6.960119724273682,6.960119724273682,239780,0.0,0.0
2002-02-15,6.970416116610254,7.052784267094901,6.96011998940113,7.021895885467529,238014,0.0,0.0
2002-02-19,7.001304157915818,7.007482008143861,6.939528257200621,6.956002235412598,113487,0.0,0.0
2002-02-20,6.980711793445788,7.201046560097203,6.980711793445788,7.18663215637207,306901,0.0,0.0
2002-02-21,7.188690970494656,7.188690970494656,6.99924373626709,6.99924373626709,223442,0.0,0.0
2002-02-22,6.9992446865696225,7.19692850112915,6.97247458330368,7.19692850112915,314849,0.0,0.0
2002-02-25,7.155743263182337,7.207223892211914,7.151624986297617,7.207223892211914,270691,0.0,0.0
2002-02-26,7.176335530233249,7.299888172981816,7.166039404405184,7.279295921325684,176634,0.0,0.0
2002-02-27,7.279295921325684,7.361664060761985,7.258703669669551,7.279295921325684,203570,0.0,0.0
2002-02-28,7.279297524255286,7.466684800900104,7.279297524255286,7.454329967498779,387269,0.0,0.0
2002-03-01,7.454328472312003,7.567584991455078,7.454328472312003,7.567584991455078,891117,0.0,0.0
2002-03-04,7.6087687414588405,7.763208882227351,7.598472616449185,7.670544624328613,1136196,0.0,0.0
2002-03-05,7.670546485592199,7.81263183113913,7.588178332716424,7.6190667152404785,1012994,0.0,0.0
2002-03-06,7.608770587732461,7.705553145681786,7.608770587732461,7.6190667152404785,307784,0.0,0.0
2002-03-07,7.629362885259642,7.68084265589821,7.516106349228743,7.598474502563477,536966,0.0,0.0
2002-03-08,7.649953014039197,7.691137517521886,7.5737627232221,7.629361629486084,322798,0.0,0.0
2002-03-11,7.619066757694253,7.619066757694253,7.516106349228743,7.598474502563477,172659,0.0,0.0
2002-03-12,7.619065969018797,7.666427457166336,7.534638252035037,7.557290077209473,281289,0.0,0.0
2002-03-13,7.577881664959441,7.602592195779326,7.458447288131948,7.499630928039551,215493,0.0,0.0
2002-03-14,7.501692330174905,7.549053825662613,7.376080087725131,7.454329967498779,194297,0.0,0.0
2002-03-15,7.341072228543652,7.421381667715819,7.3101847164829,7.332835674285889,804566,0.0,0.0
2002-03-18,7.289592926662517,7.34725054450565,7.2792967995921956,7.306066036224365,618659,0.0,0.0
2002-03-19,7.330774706225583,7.979424476623535,7.330774706225583,7.979424476623535,2095758,0.0,0.0
2002-03-20,7.979425008942625,8.391266545896306,7.948537500702819,8.269773483276367,2115629,0.0,0.0
2002-03-21,8.236828804016113,8.30890083383422,8.115335705983183,8.236828804016113,799709,0.0,0.0
2002-03-22,8.216233279872876,8.226529403921573,8.11327377376207,8.150339126586914,264509,0.0,0.0
2002-03-25,8.185349030485586,8.236828804016113,8.123573128811268,8.236828804016113,478677,0.0,0.0
2002-03-26,8.23682821450851,8.257420469322309,8.18740714983074,8.238887786865234,340020,0.0,0.0
2002-03-27,8.238887244703303,8.337728500366211,8.236827672482109,8.337728500366211,325447,0.0,0.0
2002-03-28,8.339787085969265,8.442747473894084,8.133866310119629,8.133866310119629,485742,0.0,0.0
2002-04-01,8.18534643005323,8.18534643005323,7.874405713584552,8.016491889953613,300719,0.0,0.0
2002-04-02,8.028847337154223,8.154458682764455,7.907353401184082,7.907353401184082,274224,0.0,0.0
2002-04-03,7.909414180854675,7.909414180854675,7.824986457824707,7.824986457824707,330746,0.0,0.0
2002-04-04,7.83528073751832,8.051497624134038,7.824984612709177,7.995898723602295,323239,0.0,0.0
2002-04-05,8.026787911069245,8.123570442996526,7.989720821380615,7.989720821380615,134242,0.0,0.0
2002-04-08,8.010314190822044,8.133865957220802,7.938241315369909,8.113274574279785,108188,0.0,0.0
2002-04-09,8.117392533329337,8.27801051711515,8.117392533329337,8.255358695983887,196505,0.0,0.0
2002-04-10,8.275950917523678,8.380970001220703,8.228589437988795,8.380970001220703,177075,0.0,0.0
2002-04-11,8.350082654365364,8.496286239370066,8.339786529541016,8.339786529541016,287471,0.0,0.0
2002-04-12,8.370676972020393,8.562183380126953,8.278012692896361,8.562183380126953,307784,0.0,0.0
2002-04-15,8.597189285869424,8.597189285869424,8.370676238011686,8.413919448852539,270691,0.0,0.0
2002-04-16,8.420095419602292,8.586892127990723,8.401562741066304,8.586892127990723,164711,0.0,0.0
2002-04-17,8.46333853281031,8.467457676607252,8.154458248082358,8.31713581085205,689313,0.0,0.0
2002-04-18,8.317138688543004,8.418039535527793,8.31507911593193,8.329493522644043,550214,0.0,0.0
2002-04-19,8.432451778449026,8.483931541442871,8.422155652412608,8.483931541442871,221675,0.0,0.0
2002-04-22,8.483932039772823,8.483932039772823,8.422156147113963,8.450984954833984,294095,0.0,0.0
2002-04-23,8.45098341218119,8.483930491105829,8.442746859247064,8.453042984008789,283497,0.0,0.0
2002-04-24,8.473635415406452,8.63013601084706,8.473635415406452,8.483931541442871,139982,0.0,0.0
2002-04-25,8.473635894743904,8.570419311523438,8.422156128837946,8.570419311523438,143073,0.0,0.0
2002-04-26,8.549828787885092,8.570420176011528,8.498347282409668,8.498347282409668,108630,0.0,0.0
2002-04-29,8.494228971897625,8.545709609985352,8.442749200998277,8.545709609985352,612477,0.0,0.0
2002-04-30,8.54571012150942,8.998735427856445,8.54571012150942,8.998735427856445,524602,0.0,0.0
2002-05-01,8.978141847592719,9.14082030282572,8.741333534696146,8.792813301086426,737445,0.0,0.0
2002-05-02,8.761926227309464,8.92666252864155,8.731037845614068,8.885478019714355,271133,0.0,0.0
2002-05-03,8.875181143385447,8.87724071553331,8.61572188092146,8.646610260009766,365190,0.0,0.0
2002-05-06,8.68985032509851,8.763981020577342,8.582771690309134,8.597186088562012,411556,0.0,0.0
2002-05-07,8.599248181604963,8.681616327965402,8.599248181604963,8.648669242858887,266275,0.0,0.0
2002-05-08,8.66926236643305,8.724860415533206,8.646611405746512,8.689854621887207,272899,0.0,0.0
2002-05-09,8.689852426077488,8.759864862866666,8.52717399597168,8.52717399597168,441584,0.0,0.0
2002-05-10,8.53747034285824,8.549826038949886,8.298601645508702,8.325371742248535,200479,0.0,0.0
2002-05-13,8.350084919628747,8.59924895328356,8.350084919628747,8.545709609985352,306459,0.0,0.0
2002-05-14,8.545707414049982,8.749568607240374,8.514819039134533,8.741332054138184,389477,0.0,0.0
2002-05-15,8.741333832862969,8.906070131556982,8.737215555473867,8.84841251373291,426570,0.0,0.0
2002-05-16,8.833996682272568,8.833996682272568,8.681615240360872,8.683674812316895,178400,0.0,0.0
2002-05-17,8.648667367282256,8.854588122120894,8.648667367282256,8.840173721313477,390360,0.0,0.0
2002-05-20,8.823701681233576,8.844293934665009,8.772221914843294,8.792813301086426,245521,0.0,0.0
2002-05-21,8.79281335766235,8.79281335766235,8.383031327368686,8.403623580932617,352826,0.0,0.0
2002-05-22,8.403622520269149,8.405681225052717,8.317136106842495,8.391266822814941,283497,0.0,0.0
2002-05-23,8.399504872341687,8.520998815254824,8.292426199933724,8.514820098876953,471170,0.0,0.0
2002-05-24,8.494227827963705,8.494227827963705,8.310958862304688,8.310958862304688,213285,0.0,0.0
2002-05-28,8.32949303760084,8.32949303760084,8.142105761255314,8.230650901794434,308226,0.0,0.0
2002-05-29,8.232709429719355,8.236827706990692,8.185347940316518,8.199762344360352,369606,0.0,0.0
2002-05-30,8.195644338181669,8.216235725219468,8.035026316156818,8.129749298095703,581566,0.0,0.0
2002-05-31,8.129748377691872,8.27389327376722,8.11121569786185,8.123571395874023,545356,0.0,0.0
2002-06-03,8.102978248179754,8.133865755419041,7.99383915176521,7.995898723602295,366956,0.0,0.0
2002-06-04,7.979426602237547,7.995900579192884,7.701434636630287,7.785861492156982,292329,0.0,0.0
2002-06-05,7.7673277621855075,7.880584278901701,7.765269057336544,7.859992027282715,249937,0.0,0.0
2002-06-06,7.845578031475345,7.845578031475345,7.526401583580812,7.649953365325928,307784,0.0,0.0
2002-06-07,7.656130477879251,7.77350526627483,7.561407512135007,7.719965934753418,241546,0.0,0.0
2002-06-10,7.678782738645993,7.73232207926847,7.5614087974864,7.563467502593994,253028,0.0,0.0
2002-06-11,7.563466586882808,7.602591518261917,7.497572422027588,7.497572422027588,244638,0.0,0.0
2002-06-12,7.516106083933586,7.516106083933586,7.386375574939475,7.495512962341309,351059,0.0,0.0
2002-06-13,7.497572727437931,7.5284602390771544,7.4069671630859375,7.4069671630859375,202245,0.0,0.0
2002-06-14,7.3822562500523725,7.44197256528715,7.236052652030135,7.392552375793457,296744,0.0,0.0
2002-06-17,7.3822579983794165,7.462566584115701,7.339014780338582,7.44609260559082,347968,0.0,0.0
2002-06-18,7.446092051059023,7.617007072359412,7.446092051059023,7.600533962249756,224325,0.0,0.0
2002-06-19,7.600532280452568,7.71790619917138,7.400788493469949,7.476978778839111,339578,0.0,0.0
2002-06-20,7.476979770199613,7.608769842519195,7.476979770199613,7.557290077209473,313525,0.0,0.0
2002-06-21,7.608770361562947,7.608770361562947,7.43579663863358,7.495512962341309,351059,0.0,0.0
2002-06-24,7.5264022111355535,7.561408870184573,7.454329320721783,7.495512962341309,158529,0.0,0.0
2002-06-25,7.520224364402186,7.557290595781848,7.4955129653568475,7.536698341369629,442467,0.0,0.0
2002-06-26,7.536697646031576,7.569644729738411,7.4378546605345415,7.526401519775391,359008,0.0,0.0
2002-06-27,7.553169572174634,7.71378755569458,7.5469925911382685,7.71378755569458,268041,0.0,0.0
2002-06-28,7.713788750734148,7.81880871806799,7.289592338717003,7.308125019073486,741420,0.0,0.0
2002-07-01,7.308126222422632,7.308126222422632,7.100146259226576,7.12691593170166,642505,0.0,0.0
2002-07-02,7.124855191309383,7.124855191309383,6.795381793056751,6.898342609405518,1266021,0.0,0.0
2002-07-03,6.89834325314337,6.929230763820419,6.589461208866973,6.8221516609191895,641180,0.0,0.0
2002-07-05,6.838624457701953,6.980710190933815,6.838624457701953,6.925111293792725,337812,0.0,0.0
2002-07-08,6.894225440698026,6.980712741989054,6.826271256424848,6.8448052406311035,189881,0.0,0.0
2002-07-09,6.828330341593854,7.032192012676653,6.828330341593854,7.021895885467529,330746,0.0,0.0
2002-07-10,7.00747997340625,7.021894374960617,6.836565425845731,6.898342609405518,357241,0.0,0.0
2002-07-11,6.888046234006299,6.888046234006299,6.6100530372370505,6.795381546020508,395659,0.0,0.0
2002-07-12,6.80567867873941,6.980711522423885,6.7953825525943,6.846862316131592,270249,0.0,0.0
2002-07-15,6.8427444246634845,6.918935155398458,6.653297600733312,6.881869792938232,558162,0.0,0.0
2002-07-16,6.861277967064629,6.898344199023029,6.694482524816902,6.809797763824463,631465,0.0,0.0
2002-07-17,6.795383271983977,6.941587324815264,6.6038768663500775,6.692422866821289,324564,0.0,0.0
2002-07-18,6.610053271037719,6.630645521006044,6.383540689356534,6.49473762512207,973693,0.0,0.0
2002-07-19,6.546216696004276,6.649177501448839,6.509151343700833,6.5894598960876465,613802,0.0,0.0
2002-07-22,6.58946116994022,6.58946116994022,6.290876554165143,6.294994831085205,579800,0.0,0.0
2002-07-23,6.2949946306653,6.317645586598599,6.126140079189337,6.146732330322266,440701,0.0,0.0
2002-07-24,6.095252147679732,6.28058068703585,5.994350890228062,6.239397048950195,820021,0.0,0.0
2002-07-25,6.249694200489057,6.455614592667859,6.233220222239388,6.422667503356934,453507,0.0,0.0
2002-07-26,6.422664943534092,6.595638177461608,6.342355523959213,6.5894598960876465,294095,0.0,0.0
2002-07-29,6.5894609959601524,7.122796053979582,6.548277360658659,7.102203369140625,629699,0.0,0.0
2002-07-30,7.081611163796335,7.081611163796335,6.655355688247338,6.830388069152832,385944,0.0,0.0
2002-07-31,6.8200937614507104,6.857159559109818,6.713015079498291,6.713015079498291,359891,0.0,0.0
2002-08-01,6.7130140028229555,6.972473677634597,6.638882419394429,6.918934345245361,422596,0.0,0.0
2002-08-02,6.918935036009243,6.980711795294706,6.579165461504061,6.599758148193359,553305,0.0,0.0
2002-08-05,6.579165159182181,6.708896087563849,6.3732452392578125,6.3732452392578125,341786,0.0,0.0
2002-08-06,6.373245388547716,6.799500942230225,6.373245388547716,6.799500942230225,306901,0.0,0.0
2002-08-07,6.81597599566936,6.881870607478397,6.6924233275310385,6.8448052406311035,274665,0.0,0.0
2002-08-08,6.803619787249556,7.083671758128529,6.7953832323848085,7.054842948913574,276432,0.0,0.0
2002-08-09,7.054842915424164,7.248408457739415,6.945705528825151,7.168099880218506,869037,0.0,0.0
2002-08-12,7.147508387997282,7.147508387997282,6.949824547193154,7.104264736175537,381087,0.0,0.0
2002-08-13,7.100144186007073,7.2175194031636565,6.838624954223633,6.838624954223633,338695,0.0,0.0
2002-08-14,6.840685662108618,6.873634051998644,6.537982709155239,6.8448052406311035,459247,0.0,0.0
2002-08-15,6.844803030915243,6.997183594039501,6.783025849601277,6.795381546020508,300719,0.0,0.0
2002-08-16,6.832448297938243,6.935409131596504,6.754198428577053,6.881869792938232,343994,0.0,0.0
2002-08-19,6.8901071815966,7.071317472960195,6.8901071815966,7.0013041496276855,421271,0.0,0.0
2002-08-20,6.991007251274683,6.991007251274683,6.795383009339544,6.855100631713867,362099,0.0,0.0
2002-08-21,6.937467694419724,7.1227957805381905,6.937467694419724,7.120737075805664,354592,0.0,0.0
2002-08-22,7.120739368584332,7.16192301556536,6.958061318084477,7.042489051818848,367398,0.0,0.0
2002-08-23,7.032190538104301,7.0466049397368655,6.8427433114015885,6.877750396728516,438934,0.0,0.0
2002-08-26,6.881870626094567,7.032192533542924,6.836567402862362,7.0013041496276855,350176,0.0,0.0
2002-08-27,7.001302907525849,7.001302907525849,6.815974804884519,6.846862316131592,401400,0.0,0.0
2002-08-28,6.836566229659448,6.949823184318759,6.805678718233133,6.82627010345459,257885,0.0,0.0
2002-08-29,6.842743912829381,6.931290335886733,6.772731470398264,6.8221516609191895,162061,0.0,0.0
2002-08-30,6.805677670640491,6.904519339647773,6.795381546020508,6.795381546020508,259651,0.0,0.0
2002-09-03,6.79126398906735,6.79126398906735,6.525626460576055,6.527685165405273,314408,0.0,0.0
2002-09-04,6.527685434266959,6.669771194458008,6.449435569392952,6.669771194458008,487509,0.0,0.0
2002-09-05,6.66977007820457,6.717131556747703,6.550335295185785,6.552394866943359,207986,0.0,0.0
2002-09-06,6.591521585142501,6.855100429879997,6.564751049122284,6.83656644821167,217259,0.0,0.0
2002-09-09,6.713014881446059,6.844804524877234,6.710955309197285,6.801560878753662,389036,0.0,0.0
2002-09-10,6.801559950941747,6.951882255352915,6.770671574553564,6.939526557922363,308226,0.0,0.0
2002-09-11,6.939528159245413,6.945706009386252,6.805679798126221,6.805679798126221,185024,0.0,0.0
2002-09-12,6.795382431922042,6.826269942620616,6.6574153846535,6.717132568359375,256119,0.0,0.0
2002-09-13,6.754199068340473,6.754199068340473,6.564751792871543,6.661534786224365,422154,0.0,0.0
2002-09-16,6.651239476685349,6.65741645950941,6.517390251159668,6.517390251159668,253911,0.0,0.0
2002-09-17,6.5173899500336425,6.5173899500336425,6.338239245457325,6.344417095184326,397867,0.0,0.0
2002-09-18,6.31764593336383,6.31764593336383,5.920220060781742,6.09525203704834,711392,0.0,0.0
2002-09-19,6.054068143048985,6.173502082321349,5.940811619479644,6.126140594482422,744511,0.0,0.0
2002-09-20,6.126140539315911,6.126140539315911,5.944929843080303,6.054068088531494,411556,0.0,0.0
2002-09-23,6.043772652150493,6.093194150942301,5.747246694558947,5.833733558654785,496782,0.0,0.0
2002-09-24,5.730772894342964,5.784312230663256,5.570154885382089,5.580451011657715,965303,0.0,0.0
2002-09-25,5.580451800297818,5.909924852520655,5.580451800297818,5.8584442138671875,789552,0.0,0.0
2002-09-26,5.868739982375542,6.025239726801401,5.837852468262457,6.014943599700928,423037,0.0,0.0
2002-09-27,6.023179884784895,6.023179884784895,5.741069223461825,5.755483627319336,298069,0.0,0.0
2002-09-30,5.724594613563743,5.802844473608638,5.568094893473951,5.631930351257324,940132,0.0,0.0
2002-10-01,5.631931236455938,5.837852478027344,5.522793416353203,5.837852478027344,980316,0.0,0.0
2002-10-02,5.827556089191301,5.827556089191301,5.487786511131573,5.498082637786865,488833,0.0,0.0
2002-10-03,5.48778650214078,5.675174185864659,5.456898122225511,5.62369441986084,349735,0.0,0.0
2002-10-04,5.640167266201927,5.668996072572314,5.220089134535912,5.376589298248291,373580,0.0,0.0
2002-10-07,5.312753243284023,5.329227216737279,5.086240661039593,5.133602142333984,201362,0.0,0.0
2002-10-08,4.9379777291103695,5.255095907026593,4.55084710581672,5.203616142272949,3942904,0.0,0.0
2002-10-09,5.197437700365413,5.2056742536616385,4.839135924939221,4.8411946296691895,786461,0.0,0.0
2002-10-10,4.841194896192415,5.213911094000307,4.769122449318095,5.148016929626465,858439,0.0,0.0
2002-10-11,5.178905318272464,5.432187151321719,5.178905318272464,5.279806137084961,488833,0.0,0.0
2002-10-14,5.267450315269022,5.3230496534567315,5.189201321941591,5.195378303527832,267600,0.0,0.0
2002-10-15,5.236563266822841,5.638108730316162,5.236563266822841,5.638108730316162,381970,0.0,0.0
2002-10-16,5.617516850661491,5.732832087262882,5.353937990102706,5.355997562408447,446441,0.0,0.0
2002-10-17,5.467194092250465,5.539266109466553,5.3539375696604585,5.539266109466553,474261,0.0,0.0
2002-10-18,5.559856895195656,5.652521133422852,5.461014376242534,5.652521133422852,271133,0.0,0.0
2002-10-21,5.652522861250893,5.668995969054163,5.477490020523472,5.621634483337402,535641,0.0,0.0
2002-10-22,5.623693789993283,5.623693789993283,4.925622465693148,5.1109514236450195,1736750,0.0,0.0
2002-10-23,5.1212480174175035,5.215970993041992,5.024465036038223,5.215970993041992,663701,0.0,0.0
2002-10-24,5.246859559782039,5.267450946182871,5.0224056433181925,5.034760475158691,935716,0.0,0.0
2002-10-25,5.03476034341279,5.148017301595285,4.944155644055081,5.024465084075928,858439,0.0,0.0
2002-10-28,5.024465450709876,5.024465450709876,4.890616663304314,4.940037727355957,602762,0.0,0.0
2002-10-29,4.942097370219929,4.95857048034668,4.8535513681293745,4.95857048034668,586424,0.0,0.0
2002-10-30,4.942095841941967,4.954450670716462,4.795892265242588,4.867964267730713,694170,0.0,0.0
2002-10-31,4.870022751187271,4.902970694133082,4.820602571144663,4.857667922973633,714924,0.0,0.0
2002-11-01,4.849433207602769,4.9112091064453125,4.843255357562,4.9112091064453125,454832,0.0,0.0
2002-11-04,4.962689829938176,5.00387434852862,4.878262954329446,4.983282089233398,340020,0.0,0.0
2002-11-05,5.01416929971299,5.016228004845532,4.8844387903940545,4.972984790802002,256560,0.0,0.0
2002-11-06,4.99357709785669,5.055353428279712,4.849433049526601,4.979162693023682,299394,0.0,0.0
2002-11-07,4.9585700002467155,4.9585700002467155,4.818544241785132,4.826780796051025,590398,0.0,0.0
2002-11-08,4.839136560040066,4.890616325680078,4.777360667834393,4.859728813171387,342669,0.0,0.0
2002-11-11,4.859729106600414,4.870024366599409,4.715583759571858,4.736176013946533,199154,0.0,0.0
2002-11-12,4.740294740993124,4.915327618996938,4.740294740993124,4.861788272857666,316616,0.0,0.0
2002-11-13,4.857667999756932,4.900911199970277,4.779417718008825,4.8762006759643555,864621,0.0,0.0
2002-11-14,4.8967951322311505,4.962689314505731,4.8967951322311505,4.931801795959473,696378,0.0,0.0
2002-11-15,4.9318000918389115,4.9318000918389115,4.855608940124512,4.855608940124512,416855,0.0,0.0
2002-11-18,4.861786495598839,5.014167922656837,4.839135542231502,4.8864970207214355,722431,0.0,0.0
2002-11-19,4.8906168511016705,5.01416951597514,4.8906168511016705,4.9112091064453125,401400,0.0,0.0
2002-11-20,4.890617316093199,5.09036073769754,4.890617316093199,5.07594633102417,355917,0.0,0.0
2002-11-21,5.051234497775674,5.1871419735424675,5.051234497775674,5.100655555725098,379762,0.0,0.0
2002-11-22,5.113010697202375,5.318931929031465,5.113010697202375,5.2736287117004395,396984,0.0,0.0
2002-11-25,5.290102922428047,5.306576030666928,5.108892227888384,5.2303853034973145,283055,0.0,0.0
2002-11-26,5.211853401781406,5.323050801353843,5.096538158128176,5.271569728851318,445558,0.0,0.0
2002-11-27,5.313207298367195,5.625504128440754,5.313207298367195,5.61509370803833,411115,0.063408,0.0
2002-11-29,5.662980863440783,5.662980863440783,5.5797014236450195,5.5797014236450195,349293,0.0,0.0
2002-12-02,5.59427515025455,5.710866890436514,5.579701347127671,5.650489330291748,371372,0.0,0.0
2002-12-03,5.6442427661650525,5.6442427661650525,5.340273516015732,5.367340087890625,443792,0.0,0.0
2002-12-04,5.340274104315292,5.431882060372273,5.3090450259640125,5.3548479080200195,158087,0.0,0.0
2002-12-05,5.365260212507001,5.392326358463992,5.1841278997750235,5.240341663360596,271133,0.0,0.0
2002-12-06,5.240339041517471,5.404815114694711,5.179961488018489,5.346519470214844,387711,0.0,0.0
2002-12-09,5.304882495665643,5.34860435578727,5.211193484302172,5.213274955749512,194297,0.0,0.0
2002-12-10,5.22368371561519,5.298635082446027,5.123749436618734,5.292388916015625,260976,0.0,0.0
2002-12-11,5.254913424848222,5.3819142729646785,5.204945849301486,5.3444390296936035,180608,0.0,0.0
2002-12-12,5.3132078835230745,5.325699337248418,5.192453657066771,5.236175060272217,300277,0.0,0.0
2002-12-13,5.229929966991344,5.2528314085707954,5.132077157363678,5.167470932006836,384178,0.0,0.0
2002-12-16,5.173717450506361,5.267406463623047,5.152898351752377,5.267406463623047,223442,0.0,0.0
2002-12-17,5.256994301407607,5.292388069816789,5.1862076413670986,5.223682880401611,264950,0.0,0.0
2002-12-18,5.204946332358342,5.267405369199437,5.140404947685395,5.1570611000061035,259651,0.0,0.0
2002-12-19,5.163307161647817,5.246586168000521,5.007157819166724,5.0363054275512695,283939,0.0,0.0
2002-12-20,5.057126683738645,5.204947549412502,5.048799044020085,5.200783729553223,287030,0.0,0.0
2002-12-23,5.192454923181721,5.2549139605939486,5.15497879931195,5.242421627044678,251703,0.0,0.0
2002-12-24,5.238256530837527,5.269486480317629,5.209108928700562,5.236175060272217,44158,0.0,0.0
2002-12-26,5.246584867868665,5.304880070191893,5.173714988186831,5.215354919433594,138657,0.0,0.0
2002-12-27,5.215356026127858,5.238257467106565,5.165388448739784,5.204946041107178,147047,0.0,0.0
2002-12-30,5.236175211732635,5.259076649280455,5.05296064262759,5.225765228271484,340020,0.0,0.0
2002-12-31,5.256996331066218,5.41314482808968,5.1987011026042245,5.309046268463135,514004,0.0,0.0
2003-01-02,5.329864331935005,5.527652740478516,5.319455223254578,5.527652740478516,413764,0.0,0.0
2003-01-03,5.525572425057098,5.525572425057098,5.392325810811332,5.425637245178223,421713,0.0,0.0
2003-01-06,5.425636018720476,5.538062632281223,5.423553670952792,5.504751205444336,214610,0.0,0.0
2003-01-07,5.504751298706066,5.504751298706066,5.236176216526068,5.311126708984375,569202,0.0,0.0
2003-01-08,5.311126485473345,5.311126485473345,5.188289889718491,5.204946041107178,231390,0.0,0.0
2003-01-09,5.215356396601859,5.373587215700384,5.215356396601859,5.302799224853516,307342,0.0,0.0
2003-01-10,5.296553042422011,5.423553903865535,5.26740543309075,5.273651599884033,189440,0.0,0.0
2003-01-13,5.27365161453742,5.3027992239496715,5.1258312196132705,5.152897357940674,279964,0.0,0.0
2003-01-14,5.150815010063817,5.184126438423721,5.0987659580500955,5.148732662200928,156762,0.0,0.0
2003-01-15,5.150814686475082,5.150814686475082,5.071699062715273,5.142487049102783,150139,0.0,0.0
2003-01-16,5.15914369071369,5.256996524486352,5.15914369071369,5.17579984664917,189881,0.0,0.0
2003-01-17,5.171635447185472,5.225766851935561,5.12375020980835,5.12375020980835,171776,0.0,0.0
2003-01-21,5.123749481114571,5.127913299845001,4.8926496505737305,4.8926496505737305,196063,0.0,0.0
2003-01-22,4.905141250255766,4.969682634410462,4.744828963776592,4.78855037689209,220792,0.0,0.0
2003-01-23,4.819780672409341,4.875993984423842,4.778140727402553,4.828108310699463,257002,0.0,0.0
2003-01-24,4.828107218965691,4.828107218965691,4.7365005881542155,4.746910572052002,286588,0.0,0.0
2003-01-27,4.755239525911822,4.813534750467975,4.663632869720459,4.663632869720459,131150,0.0,0.0
2003-01-28,4.6886144868688175,4.786467283374544,4.653221593749812,4.746910572052002,198713,0.0,0.0
2003-01-29,4.746910839160631,4.790632247924805,4.726090870193518,4.790632247924805,189881,0.0,0.0
2003-01-30,4.790631992211842,4.80728726507416,4.653221607208252,4.653221607208252,293653,0.0,0.0
2003-01-31,4.642813485073295,4.78855156494979,4.642813485073295,4.771895408630371,199154,0.0,0.0
2003-02-03,4.7906336117075785,4.840600323963903,4.767731288612816,4.823945045471191,226533,0.0,0.0
2003-02-04,4.826026506322481,4.826026506322481,4.719846037440365,4.792715072631836,315733,0.0,0.0
2003-02-05,4.805206541312417,4.823944164584187,4.621992373901492,4.6677961349487305,249937,0.0,0.0
2003-02-06,4.6677959645678015,4.721927361364839,4.603254582604642,4.6490583419799805,160295,0.0,0.0
2003-02-07,4.663631877773734,4.676123333188227,4.599090499520657,4.601171970367432,279523,0.0,0.0
2003-02-10,4.018218229596287,4.247236607562593,3.934939217962208,4.159792900085449,2339070,0.0,0.0
2003-02-11,4.159791902964592,4.195185671700096,4.084841424204539,4.101496696472168,899948,0.0,0.0
2003-02-12,4.14313766720642,4.14313766720642,3.980743022913858,4.0036444664001465,366515,0.0,0.0
2003-02-13,4.0244646847372225,4.0244646847372225,3.959923292663441,4.018218517303467,315291,0.0,0.0
2003-02-14,4.028627244089606,4.049447649560555,3.9807420212232487,4.039037227630615,307342,0.0,0.0
2003-02-18,4.101497436425013,4.145218849182129,4.082759813354537,4.145218849182129,317499,0.0,0.0
2003-02-19,4.157711620233396,4.157711620233396,3.9661693585955384,4.059858798980713,448208,0.0,0.0
2003-02-20,4.059858474948633,4.059858474948633,3.9724152088165283,3.9724152088165283,375788,0.0,0.0
2003-02-21,3.989070716993791,3.9932345361606916,3.9328578430734935,3.955759286880493,608944,0.0,0.0
2003-02-24,3.9453481868607785,3.9536766996216577,3.9016267827830884,3.949512004852295,269366,0.0,0.0
2003-02-25,3.939104713200726,3.9474323530207096,3.8641533244861215,3.928694725036621,335162,0.0,0.0
2003-02-26,3.91411919996786,3.9349382903851726,3.8516592983823243,3.8537416458129883,149697,0.0,0.0
2003-02-27,3.8308408833050374,3.851659977392554,3.7163314819335938,3.7163314819335938,605853,0.0,0.0
2003-02-28,3.7579715407386716,3.793364440179073,3.7371515692245194,3.782954454421997,395218,0.0,0.0
2003-03-03,3.7787910017641533,3.8183490391533246,3.737151931477698,3.81002140045166,370931,0.0,0.0
2003-03-04,3.8225131245591393,3.9349397619692716,3.8204316531279146,3.8828907012939453,473378,0.0,0.0
2003-03-05,3.8620707280032986,3.9182844851220713,3.7538074717973164,3.776709794998169,597022,0.0,0.0
2003-03-06,3.7558885730113376,3.7975276323895635,3.6767733957370154,3.68510103225708,406699,0.0,0.0
2003-03-07,3.705921512858084,3.8412508856923835,3.6996753462152494,3.747561454772949,269366,0.0,0.0
2003-03-10,3.7496431274996,3.7496431274996,3.6663641159682174,3.670527935028076,265392,0.0,0.0
2003-03-11,3.6642826434655267,3.7059217108267077,3.518543496561699,3.5497734546661377,434077,0.0,0.0
2003-03-12,3.570593822651272,3.5955778357440105,3.508134776294865,3.5393638610839844,238014,0.0,0.0
2003-03-13,3.5393628537943758,3.666363477706909,3.5393628537943758,3.666363477706909,270249,0.0,0.0
2003-03-14,3.6767735014035394,3.7350687122751394,3.6497082435465518,3.726741075515747,209752,0.0,0.0
2003-03-17,3.68926626330187,3.893299963521413,3.6746924588854037,3.868316173553467,294537,0.0,0.0
2003-03-18,3.9037099490728933,3.9037099490728933,3.8037747892011073,3.868316173553467,227857,0.0,0.0
2003-03-19,3.884972607486997,3.9849068978268902,3.8620702869019037,3.955759286880493,322356,0.0,0.0
2003-03-20,3.9245305953914826,3.9973996300109342,3.857906851754998,3.94534969329834,236689,0.0,0.0
2003-03-21,3.94743235711807,4.099417044660032,3.939104717289442,4.080679416656494,383736,0.0,0.0
2003-03-24,4.080679090361995,4.080679090361995,3.916202079450559,3.94534969329834,208428,0.0,0.0
2003-03-25,3.966168187210895,3.9973981375787213,3.926610600789456,3.9953157901763916,291445,0.0,0.0
2003-03-26,3.5393637125280817,3.705921966200956,3.476904668793236,3.566429853439331,2004791,0.0,0.0
2003-03-27,3.564346780731932,3.612232227828609,3.5102153866926895,3.5476906299591064,716249,0.0,0.0
2003-03-28,3.5643474348968667,3.643462850420917,3.5206260174692017,3.585167407989502,713600,0.0,0.0
2003-03-31,3.570592996230113,3.570592996230113,3.4977239795502952,3.499805450439453,1167548,0.0,0.0
2003-04-01,3.5039694394646643,3.5310355765642076,3.4769041791431285,3.520625591278076,547123,0.0,0.0
2003-04-02,3.5393634537296492,3.5393634537296492,3.4935605675029997,3.5227081775665283,774097,0.0,0.0
2003-04-03,3.53936295553946,3.5497729400651656,3.4935600757598877,3.4935600757598877,1577338,0.0,0.0
2003-04-04,3.528953629277173,3.5393636157446764,3.51854364280967,3.526872158050537,495899,0.0,0.0
2003-04-07,3.5518562904868873,3.674693134276444,3.5518562904868873,3.5789215564727783,710950,0.0,0.0
2003-04-08,3.5789214616912814,3.612233113824029,3.524790054374884,3.5393638610839844,433635,0.0,0.0
2003-04-09,3.5581012406749393,3.5705935751471856,3.512298352351654,3.526872158050537,463663,0.0,0.0
2003-04-10,3.526872011456392,3.591413617999907,3.510215858445077,3.5497734546661377,293212,0.0,0.0
2003-04-11,3.5601835886796827,3.591413767276719,3.5081345331202742,3.526872158050537,291445,0.0,0.0
2003-04-14,3.570592565388002,3.5810025489115747,3.528952631293712,3.572674036026001,553746,0.0,0.0
2003-04-15,3.5601834959144423,3.622642755508423,3.5435273426448135,3.622642755508423,389036,0.0,0.0
2003-04-16,3.695510887257848,3.701757052818747,3.6143142420776506,3.62056040763855,312641,0.0,0.0
2003-04-17,3.651789491791091,3.6559533099170256,3.6101504337538732,3.630969524383545,182816,0.0,0.0
2003-04-21,3.6268064207008863,3.6330525875091553,3.581003316320529,3.6330525875091553,249937,0.0,0.0
2003-04-22,3.6018228997947297,3.7059218883514404,3.5872488748089486,3.7059218883514404,474261,0.0,0.0
2003-04-23,3.7267416991618174,3.7267416991618174,3.6622003115311266,3.6996755599975586,468521,0.0,0.0
2003-04-24,3.6892664359645457,3.695511726165298,3.6434626727499606,3.670527935028076,209311,0.0,0.0
2003-04-25,3.6955119660211952,3.714249591395753,3.6538728959419706,3.6726105213165283,242430,0.0,0.0
2003-04-28,3.6934304305781294,3.7475618344853703,3.6851019152844757,3.7059218883514404,226533,0.0,0.0
2003-04-29,3.747561693330799,3.778790774976868,3.728823192209462,3.7433969974517822,241546,0.0,0.0
2003-04-30,3.7454788282659046,3.9245296007208776,3.7454788282659046,3.8724796772003174,1448837,0.0,0.0
2003-05-01,3.8308409002136674,3.878726131993343,3.73506912148728,3.747561454772949,1963724,0.0,0.0
2003-05-02,3.7496432970552522,3.9515955448150635,3.7496432970552522,3.9515955448150635,1138404,0.0,0.0
2003-05-05,3.9515955175034088,3.9640869751615018,3.88497265643737,3.8933002948760986,589515,0.0,0.0
2003-05-06,3.8724798730182397,3.934938907623291,3.8516599025572216,3.934938907623291,634115,0.0,0.0
2003-05-07,3.9557592170554448,4.0286282431351905,3.9245301354658837,3.976579189300537,621750,0.0,0.0
2003-05-08,3.9661680438233935,4.016135611894314,3.9120366578761994,3.914119005203247,651336,0.0,0.0
2003-05-09,3.930775342193869,3.976579104804196,3.930775342193869,3.9640867710113525,1424992,0.0,0.0
2003-05-12,3.9661705208073696,4.070269978227406,3.9661705208073696,4.045286178588867,571410,0.0,0.0
2003-05-13,4.045284993193677,4.061940270219939,4.00364460868274,4.059858798980713,415089,0.0,0.0
2003-05-14,4.059858491487887,4.099416086596345,4.043201900556023,4.078596115112305,300719,0.0,0.0
2003-05-15,4.095252479184475,4.191022950112952,4.095252479184475,4.184776782989502,403608,0.0,0.0
2003-05-16,4.205597521198914,4.220171329288138,4.080679416656494,4.080679416656494,536966,0.0,0.0
2003-05-19,4.103579674206005,4.126481115480595,3.9245297707707576,4.091087341308594,609386,0.0,0.0
2003-05-20,4.09108805262273,4.09108805262273,3.976579511173275,3.9869894981384277,999746,0.0,0.0
2003-05-21,4.007808595290584,4.018218582255736,3.9557595372429697,3.9869894981384277,260093,0.0,0.0
2003-05-22,3.991152155263417,4.072349240845015,3.991152155263417,4.030709743499756,269808,0.0,0.0
2003-05-23,4.0286286591359355,4.066105226791629,3.9744972517758708,4.0119733810424805,220350,0.0,0.0
2003-05-27,4.022383823235187,4.099417123465604,3.9869900381157466,4.074433326721191,364748,0.0,0.0
2003-05-28,4.091087517290469,4.134809807534165,4.045284632771034,4.047365665435791,295861,0.0,0.0
2003-05-29,4.072349718740474,4.1431372670844775,4.05985826262106,4.091087341308594,404933,0.0,0.0
2003-05-30,4.122317769266123,4.247236728668213,4.122317769266123,4.247236728668213,595255,0.0,0.0
2003-06-02,4.265974367490766,4.401302875299662,4.257645852317688,4.272219657897949,734796,0.0,0.0
2003-06-03,4.251399803352584,4.268055077170815,4.197268409887443,4.203514575958252,351501,0.0,0.0
2003-06-04,4.213923626636347,4.265973548558266,4.184776021071245,4.236825942993164,491925,0.0,0.0
2003-06-05,4.236825833725232,4.367990493774414,4.216005865493412,4.367990493774414,285263,0.0,0.0
2003-06-06,4.420039748964676,4.51581108134457,4.4075482934949255,4.445023536682129,438493,0.0,0.0
2003-06-09,4.445023478998063,4.4679257955623255,4.326350708074694,4.355498313903809,386828,0.0,0.0
2003-06-10,4.3617447450706175,4.403384685516357,4.3617447450706175,4.403384685516357,299836,0.0,0.0
2003-06-11,4.392974837359755,4.580353260040283,4.382564851923779,4.580353260040283,237131,0.0,0.0
2003-06-12,4.642812040534616,4.736501027527706,4.6324020556711645,4.684451103210449,771006,0.0,0.0
2003-06-13,4.674042298780839,4.674042298780839,4.544959944396723,4.549123764038086,294537,0.0,0.0
2003-06-16,4.5699444451350475,4.771895408630371,4.5699444451350475,4.771895408630371,470729,0.0,0.0
2003-06-17,4.78230390472823,4.80937004070579,4.746911008356147,4.807287693023682,566994,0.0,0.0
2003-06-18,4.78855037689209,4.8052065290790535,4.746911311591722,4.78855037689209,552863,0.0,0.0
2003-06-19,4.78855037689209,4.809370347931288,4.776058920335388,4.78855037689209,717132,0.0,0.0
2003-06-20,4.796877426183231,4.9925834640669775,4.796877426183231,4.921796798706055,844309,0.0,0.0
2003-06-23,4.923877713211078,4.953025315086366,4.76772928237915,4.76772928237915,684455,0.0,0.0
2003-06-24,4.773976572520257,4.846846032768435,4.773976572520257,4.78855037689209,383295,0.0,0.0
2003-06-25,4.790632247924805,4.842681731953617,4.776058445003414,4.790632247924805,347527,0.0,0.0
2003-06-26,4.790632247924805,4.869746990188512,4.778139915833361,4.790632247924805,487509,0.0,0.0
2003-06-27,4.801042667439585,4.80937118336883,4.661550766157435,4.674042224884033,514887,0.0,0.0
2003-06-30,4.663631743744604,4.684450835503767,4.582434217161143,4.6428117752075195,706976,0.0,0.0
2003-07-01,4.621992582063372,4.626156401113734,4.4554341209914625,4.530385494232178,641622,0.0,0.0
2003-07-02,4.530385500093498,4.621992588043213,4.530385500093498,4.621992588043213,413764,0.0,0.0
2003-07-03,4.6115834567671845,4.680288675866655,4.559533955366864,4.569944381713867,155438,0.0,0.0
2003-07-07,4.594927173010192,4.684451471677273,4.594927173010192,4.632402420043945,310875,0.0,0.0
2003-07-08,4.638649089344528,4.7531571906988805,4.6178291157244145,4.692780494689941,438051,0.0,0.0
2003-07-09,4.744830140986841,4.77397775696214,4.659468764614469,4.771895408630371,362099,0.0,0.0
2003-07-10,4.765649324087165,4.765649324087165,4.517893314361572,4.517893314361572,611594,0.0,0.0
2003-07-11,4.455435040826473,4.455435040826473,3.851660987977896,3.928694725036621,7607168,0.0,0.0
2003-07-14,3.893300116457269,4.007808208465576,3.893300116457269,4.007808208465576,1652849,0.0,0.0
2003-07-15,4.059857765223717,4.059857765223717,3.9682506961816864,4.001562118530273,1379950,0.0,0.0
2003-07-16,4.007807730756192,4.076513366872087,3.9765786533753866,4.072349548339844,641622,0.0,0.0
2003-07-17,4.072349093225956,4.132726647140765,4.0598576390252346,4.101496696472168,561253,0.0,0.0
2003-07-18,4.1139893162405565,4.18269451111208,4.107743150312802,4.176448345184326,502964,0.0,0.0
2003-07-21,4.176448185502341,4.176448185502341,3.955758368290502,4.061939239501953,670325,0.0,0.0
2003-07-22,4.066103934479839,4.101496827568748,4.034873544424091,4.061939239501953,414206,0.0,0.0
2003-07-23,4.08276042326082,4.132728010098547,4.0619404492820745,4.109826564788818,122760,0.0,0.0
2003-07-24,4.1431379318237305,4.184777002347156,4.12231795817295,4.1431379318237305,238014,0.0,0.0
2003-07-25,4.163956890407005,4.197268314060889,4.143136921831606,4.178530693054199,218584,0.0,0.0
2003-07-28,4.174366582228444,4.257645591409189,4.153547487516793,4.2305803298950195,271133,0.0,0.0
2003-07-29,4.2472363613722095,4.320105821119939,4.205596419579787,4.299285411834717,538291,0.0,0.0
2003-07-30,4.2888741135543205,4.413793462304534,4.272217966580224,4.386727333068848,771447,0.0,0.0
2003-07-31,4.382564204352083,4.746910572052002,4.353416600149437,4.746910572052002,1939879,0.0,0.0
2003-08-01,4.726091914034924,4.726091914034924,4.642812896550761,4.659468173980713,866829,0.0,0.0
2003-08-04,4.621992095405835,4.621992095405835,4.517892684606293,4.5283026695251465,1132221,0.0,0.0
2003-08-05,4.52830390484614,4.559533868122231,4.417959612804741,4.420041084289551,657960,0.0,0.0
2003-08-06,4.420039883258394,4.465843641595034,4.376318472618955,4.405466079711914,502081,0.0,0.0
2003-08-07,4.409630983772369,4.549123764038086,4.409630983772369,4.549123764038086,899065,0.0,0.0
2003-08-08,4.538713287101403,4.547040925486095,4.472090426467664,4.517893314361572,198713,0.0,0.0
2003-08-11,4.497074218399841,4.55120562145654,4.486664232029925,4.517893314361572,245962,0.0,0.0
2003-08-12,4.580353505986975,4.590762615203857,4.549123109613091,4.590762615203857,1887772,0.0,0.0
2003-08-13,4.642812796656042,4.880157947540283,4.642812796656042,4.880157947540283,1153859,0.0,0.0
2003-08-14,4.871829955956491,4.996748908831517,4.857256151185909,4.963436603546143,643388,0.0,0.0
2003-08-15,4.963437223436777,4.986339545778033,4.85101059019716,4.925961971282959,367398,0.0,0.0
2003-08-18,4.928043809779506,5.094602271060211,4.925961461862681,5.017568111419678,635439,0.0,0.0
2003-08-19,5.019649923818393,5.06337133440471,4.975928513232074,5.052961349487305,707859,0.0,0.0
2003-08-20,5.052962149726515,5.157061576997842,5.052962149726515,5.154979228973389,1021384,0.0,0.0
2003-08-21,5.175797485959573,5.221601236307311,5.144567536616413,5.207027435302734,390360,0.0,0.0
2003-08-22,5.2153554257309915,5.244503029722202,5.077944603732658,5.088354587554932,643388,0.0,0.0
2003-08-25,5.109177697907553,5.109177697907553,5.00924206335055,5.038389682769775,328980,0.0,0.0
2003-08-26,5.040469570175138,5.057124843551734,4.975928193896028,5.044633388519287,424362,0.0,0.0
2003-08-27,5.055045266287821,5.055045266287821,4.944700093334128,4.986340045928955,814722,0.0,0.0
2003-08-28,4.99674936170383,5.179963111877441,4.969683220803623,5.179963111877441,320590,0.0,0.0
2003-08-29,5.179961931452107,5.336109943531099,5.16955194707645,5.319454669952393,644271,0.0,0.0
2003-09-02,5.298634876484116,5.298634876484116,4.975928418886126,5.092519283294678,1177263,0.0,0.0
2003-09-03,5.113338825242214,5.113338825242214,4.944698051332468,4.996747970581055,989590,0.0,0.0
2003-09-04,4.998830225411765,5.023814015214521,4.913469747298869,4.975928783416748,1108376,0.0,0.0
2003-09-05,4.978011065141934,5.032142472400489,4.961355787079713,5.013404846191406,578917,0.0,0.0
2003-09-08,4.9884202399291135,5.013404029731871,4.917633566136324,4.975928783416748,552863,0.0,0.0
2003-09-09,4.944699597359868,4.9946671847504005,4.880158203378611,4.925961971282959,537408,0.0,0.0
2003-09-10,4.915551581469055,4.915551581469055,4.792714532799311,4.828108310699463,515329,0.0,0.0
2003-09-11,4.819779582558619,4.821861053271442,4.740664406357752,4.746910572052002,568760,0.0,0.0
2003-09-12,4.715681370961853,4.819780349731445,4.644893819900681,4.819780349731445,367839,0.0,0.0
2003-09-15,4.819780048309194,4.830190471601918,4.692779635328369,4.715681076049805,448649,0.0,0.0
2003-09-16,4.705271913550645,4.882240372678393,4.705271913550645,4.878076553344727,729055,0.0,0.0
2003-09-17,4.878076476295391,4.913470255239708,4.834355058815275,4.880157947540283,425687,0.0,0.0
2003-09-18,4.869748850245473,4.9946678349844635,4.832273154823776,4.944700241088867,438934,0.0,0.0
2003-09-19,4.944700179885989,5.019651569801675,4.942618708286763,5.007159233093262,659726,0.0,0.0
2003-09-22,5.0071579080412985,5.0071579080412985,4.88432130573242,4.9134697914123535,483093,0.0,0.0
2003-09-23,4.913470513086151,4.932208139164059,4.89265053887596,4.923879623413086,326331,0.0,0.0
2003-09-24,4.96551851513514,5.059207502365144,4.884320983706083,4.903059482574463,400075,0.0,0.0
2003-09-25,4.923878106369649,4.95510805806301,4.746910572052002,4.746910572052002,520186,0.0,0.0
2003-09-26,4.746912416117299,4.746912416117299,4.413795870702694,4.415877342224121,1121623,0.0,0.0
2003-09-29,4.4741705561510745,4.555368074779119,4.467925267624175,4.513728141784668,910988,0.0,0.0
2003-09-30,4.532467197219436,4.538713364503526,4.403385292942974,4.515811920166016,562136,0.0,0.0
2003-10-01,4.5095650233826134,4.684451103210449,4.5095650233826134,4.684451103210449,761291,0.0,0.0
2003-10-02,4.684450668290946,4.759402026282287,4.684450668290946,4.744828224182129,598788,0.0,0.0
2003-10-03,4.755237074792813,4.786466142263157,4.694859533291037,4.7260894775390625,711392,0.0,0.0
2003-10-06,4.7260894775390625,4.765647056208821,4.696941880285312,4.7260894775390625,294095,0.0,0.0
2003-10-07,4.726089978348332,4.75315523147583,4.696942378005899,4.75315523147583,503406,0.0,0.0
2003-10-08,4.805206887811903,4.830191117957547,4.705271720785515,4.7073540687561035,419946,0.0,0.0
2003-10-09,4.736502203049887,4.915552145904768,4.736502203049887,4.823945045471191,275107,0.0,0.0
2003-10-10,4.782303772330159,4.821861362971307,4.690697135634945,4.724008560180664,481327,0.0,0.0
2003-10-13,4.736501574585912,4.934289117890695,4.736501574585912,4.896813869476318,376230,0.0,0.0
2003-10-14,4.875993624205722,4.986338768899398,4.875993624205722,4.975928783416748,264509,0.0,0.0
2003-10-15,4.955108996737372,4.955108996737372,4.873912334442139,4.873912334442139,315733,0.0,0.0
2003-10-16,4.873912721284618,4.873912721284618,4.736501861352696,4.755239486694336,487950,0.0,0.0
2003-10-17,4.767729832874183,4.782303635494558,4.6428117752075195,4.6428117752075195,625725,0.0,0.0
2003-10-20,4.642812545137825,4.6698778073020035,4.563696914610319,4.5928449630737305,722431,0.0,0.0
2003-10-21,4.592845064599062,4.611582689092778,4.551205558088215,4.553287029266357,457923,0.0,0.0
2003-10-22,4.5532870926636635,4.5532870926636635,4.507483327991657,4.517893314361572,1281918,0.0,0.0
2003-10-23,4.476254125823848,4.522057012491543,4.436696529388428,4.436696529388428,1016085,0.0,0.0
2003-10-24,4.436696851379595,4.478335921988351,4.403385419536962,4.447106838226318,486626,0.0,0.0
2003-10-27,4.455434030186029,4.528303054027398,4.455434030186029,4.505401611328125,200038,0.0,0.0
2003-10-28,4.474171806936681,4.507483236577981,4.459598001669983,4.497074127197266,499873,0.0,0.0
2003-10-29,4.476254485483583,4.638649141743323,4.476254485483583,4.628239154815674,496782,0.0,0.0
2003-10-30,4.655304354228056,4.705271940069939,4.634485257442383,4.663632869720459,452624,0.0,0.0
2003-10-31,4.663632685151335,4.7135993922375885,4.517893314361572,4.517893314361572,888909,0.0,0.0
2003-11-03,4.517892671986697,4.925960923265184,4.517892671986697,4.903059482574463,1787974,0.0,0.0
2003-11-04,4.892649608601495,4.986338597955437,4.861419653224183,4.955108642578125,587307,0.0,0.0
2003-11-05,4.944698871362658,4.944698871362658,4.85100987795568,4.9134697914123535,358125,0.0,0.0
2003-11-06,4.9155504472644145,5.007157077652885,4.9155504472644145,4.996747970581055,431428,0.0,0.0
2003-11-07,5.038389260448541,5.048799248908313,4.8926511755682816,4.944700241088867,882285,0.0,0.0
2003-11-10,4.8718302179462,4.886404023500509,4.834354968457432,4.859338760375977,870804,0.0,0.0
2003-11-11,4.851010168372204,4.890567765218421,4.846846349248089,4.861420154571533,479560,0.0,0.0
2003-11-12,4.867666136990332,4.973846589350566,4.867666136990332,4.963436603546143,501198,0.0,0.0
2003-11-13,4.942616580629257,5.084190782785217,4.936370414963849,4.996747970581055,455273,0.0,0.0
2003-11-14,5.007157077652885,5.02797704535232,4.97592800288162,4.996747970581055,885376,0.0,0.0
2003-11-17,5.059207191112769,5.1008466897211395,4.988419648928475,5.044633388519287,1383041,0.0,0.0
2003-11-18,5.171634153770856,5.171634153770856,5.0300595099301795,5.048797130584717,1691267,0.0,0.0
2003-11-19,5.080028661671398,5.1133405334411055,5.038388712361991,5.100848197937012,627049,0.0,0.0
2003-11-20,5.100847184747196,5.175798552549505,5.059207682097803,5.1383233070373535,1215239,0.0,0.0
2003-11-21,5.1424867441302275,5.179961986861112,5.111256790669196,5.163306713104248,365632,0.0,0.0
2003-11-24,5.173714560589974,5.400650501251221,5.173714560589974,5.400650501251221,812515,0.0,0.0
2003-11-25,5.454783655226369,5.8295391818448135,5.45061983644731,5.6255059242248535,2574435,0.0,0.0
2003-11-26,5.65075146096449,5.675997305527571,5.606572229682968,5.648647308349609,813398,0.063408,0.0
2003-11-28,5.650751129373987,5.711761363096932,5.6486469768825796,5.680204391479492,283939,0.0,0.0
2003-12-01,5.732798332945059,5.90530782490777,5.732798332945059,5.886373996734619,747160,0.0,0.0
2003-12-02,5.8884780814415425,5.8884780814415425,5.705449601275022,5.745421409606934,911871,0.0,0.0
2003-12-03,5.785393510300528,5.913723779548423,5.785393510300528,5.831676006317139,518420,0.0,0.0
2003-12-04,5.82326253501856,5.829574108123779,5.711762801941906,5.829574108123779,651778,0.0,0.0
2003-12-05,5.848506049663045,5.886373704126972,5.791703682008275,5.86954402923584,1229370,0.0,0.0
2003-12-08,5.8884786360785535,6.006290362729232,5.8884786360785535,5.985252380371094,834594,0.0,0.0
2003-12-09,6.037846793651838,6.037846793651838,5.8821665355555215,5.9242424964904785,1017410,0.0,0.0
2003-12-10,5.924242931118885,5.985252281587459,5.9011007965232825,5.972630023956299,810748,0.0,0.0
2003-12-11,5.962111394931226,6.225083971136206,5.962111394931226,6.189319133758545,724639,0.0,0.0
2003-12-12,6.231395132027745,6.330272583805324,6.193526144437091,6.269262790679932,990914,0.0,0.0
2003-12-15,6.31133792535497,6.336583326670094,6.25032901763916,6.25032901763916,1069958,0.0,0.0
2003-12-16,6.260847325053582,6.260847325053582,6.143034726814632,6.22718620300293,774097,0.0,0.0
2003-12-17,6.244016877203314,6.262950704975682,6.189318217348736,6.2587432861328125,367398,0.0,0.0
2003-12-18,6.305027355145749,6.353414006071025,6.294508363908253,6.302923202514648,1016085,0.0,0.0
2003-12-19,6.302922502825466,6.462810177331317,6.300819236386853,6.4270453453063965,1011669,0.0,0.0
2003-12-22,6.406007592732607,6.443876135520829,6.353413526474274,6.372347354888916,585540,0.0,0.0
2003-12-23,6.4775363019374455,6.532234516324245,6.46070529839328,6.490158557891846,999746,0.0,0.0
2003-12-24,6.5006772967664945,6.5217152751712515,6.44597864151001,6.44597864151001,155438,0.0,0.0
2003-12-26,6.448083225665747,6.473329067230225,6.427045245851739,6.473329067230225,117461,0.0,0.0
2003-12-29,6.469122292592827,6.658461471894826,6.469122292592827,6.645839214324951,517536,0.0,0.0
2003-12-30,6.645839860246678,6.6900190949735725,6.618490303915325,6.679500102996826,329863,0.0,0.0
2003-12-31,6.629008967309311,6.679499771911368,6.563791751861572,6.563791751861572,394776,0.0,0.0
2004-01-02,6.563791401009918,6.740509650650579,6.563791401009918,6.704744815826416,372697,0.0,0.0
2004-01-05,6.757340630202028,6.858322253478781,6.757340630202028,6.780482769012451,579800,0.0,0.0
2004-01-06,6.801518860080058,6.862528655590589,6.7299909591674805,6.7299909591674805,853582,0.0,0.0
2004-01-07,6.7363021530499285,6.805725897409754,6.721574414224436,6.742612838745117,1312388,0.0,0.0
2004-01-08,6.805725825838372,6.849905940993864,6.727885915125798,6.732093334197998,974134,0.0,0.0
2004-01-09,6.774168872492059,6.816243943785971,6.723677635192871,6.723677635192871,799709,0.0,0.0
2004-01-12,6.776272793335701,6.818348754652795,6.742612555857381,6.816244602203369,558162,0.0,0.0
2004-01-13,6.837282797818308,6.847801788478287,6.679499266857059,6.732093334197998,1498736,0.0,0.0
2004-01-14,6.826764370777968,6.873047756311253,6.784689290623277,6.8520097732543945,1167548,0.0,0.0
2004-01-15,6.927744783530966,6.927744783530966,6.795207107902247,6.837282180786133,1137079,0.0,0.0
2004-01-16,6.910915124014589,6.913019276614667,6.774170011861229,6.835179805755615,1009903,0.0,0.0
2004-01-20,6.856217258104877,6.971925280062812,6.847802419185438,6.942472457885742,1023592,0.0,0.0
2004-01-21,6.959300888909575,6.967716612280304,6.852008611052393,6.877254009246826,1130013,0.0,0.0
2004-01-22,6.908810380358313,6.984545682426049,6.858319588340621,6.944573879241943,3559167,0.0,0.0
2004-01-23,6.997170201117499,7.102359217546399,6.963509520949289,7.01189661026001,1184328,0.0,0.0
2004-01-26,7.016104268184758,7.037142249379033,6.931952786387134,6.9887542724609375,672532,0.0,0.0
2004-01-27,7.0013779276767005,7.005585346765312,6.8478018151886175,6.849905967712402,1024916,0.0,0.0
2004-01-28,6.868838866248138,6.927744497428211,6.668979398937159,6.683705806732178,1318570,0.0,0.0
2004-01-29,6.671084773552368,6.732093682191364,6.332376003265381,6.332376003265381,1718645,0.0,0.0
2004-01-30,6.218772343126974,6.374452177719382,6.208252908597795,6.286093711853027,1493437,0.0,0.0
2004-02-02,6.290300717963439,6.3323757954384385,6.1851112523579985,6.218771934509277,959120,0.0,0.0
2004-02-03,6.113583538029533,6.216669755066076,5.997876390269527,6.121999263763428,1614873,0.0,0.0
2004-02-04,6.174592072801349,6.204044891921448,5.9978751580807455,6.016808986663818,1069516,0.0,0.0
2004-02-05,5.9957703063695025,6.277676650605297,5.911618834866405,6.229290008544922,2303744,0.0,0.0
2004-02-06,5.997876385247077,6.382867708048114,5.997876385247077,6.351310729980469,1130455,0.0,0.0
2004-02-09,6.393386014551951,6.393386014551951,6.176696826116789,6.216669082641602,938808,0.0,0.0
2004-02-10,6.269262106758876,6.311337180009178,6.15355366191306,6.187213897705078,1069516,0.0,0.0
2004-02-11,6.18511167159559,6.416527271270752,6.176696832722012,6.416527271270752,1528764,0.0,0.0
2004-02-12,6.416526041072161,6.626904503228889,6.374450968812018,6.597451686859131,1963282,0.0,0.0
2004-02-13,6.702640103446374,6.75733876292595,6.462810143375745,6.544857025146484,1549960,0.0,0.0
2004-02-17,6.58482921259458,6.692121499396395,6.58482921259458,6.601659774780273,627049,0.0,0.0
2004-02-18,6.637424071668235,6.641631490665314,6.5006780814889975,6.540649890899658,362099,0.0,0.0
2004-02-19,6.490160200193682,6.521717177003312,6.334480797921773,6.34499979019165,437610,0.0,0.0
2004-02-20,6.311338683750222,6.3344808212126775,6.248225615857994,6.315546989440918,669441,0.0,0.0
2004-02-23,6.315546726233592,6.315546726233592,6.206150273934762,6.290301322937012,885376,0.0,0.0
2004-02-24,6.2924030902098025,6.401799516438661,6.206148794963986,6.338686466217041,1300465,0.0,0.0
2004-02-25,6.340791104667522,6.542754769595406,6.328168846275268,6.525924205780029,701235,0.0,0.0
2004-02-26,6.528027366938505,6.528027366938505,6.43756431836512,6.456498146057129,1152534,0.0,0.0
2004-02-27,6.4564975208355815,6.52171516418457,6.40600672790695,6.52171516418457,696820,0.0,0.0
2004-03-01,6.521714753766869,6.589035216129292,6.4691206979186475,6.572205543518066,732146,0.0,0.0
2004-03-02,6.572205996036526,6.589035669806531,6.523818469050707,6.532234191894531,539616,0.0,0.0
2004-03-03,6.549064058678022,6.549064058678022,6.460705167925513,6.536441802978516,355475,0.0,0.0
2004-03-04,6.5385452013220124,6.5385452013220124,6.46070529839328,6.490158557891846,340903,0.0,0.0
2004-03-05,6.498574698415108,6.582725734724223,6.496470545974838,6.557480335235596,309992,0.0,0.0
2004-03-08,6.5679998634327745,6.614282361319986,6.458603418675556,6.469122409820557,288354,0.0,0.0
2004-03-09,6.469123018760369,6.500679109206759,6.366036807239933,6.393386363983154,486184,0.0,0.0
2004-03-10,6.414423496693758,6.464913411896907,6.208252429962158,6.208252429962158,446000,0.0,0.0
2004-03-11,6.187213917422087,6.206149073681331,6.029430841802597,6.037846565246582,616010,0.0,0.0
2004-03-12,6.0799214771072005,6.214563746065657,6.048365394396976,6.20194149017334,386386,0.0,0.0
2004-03-15,6.201942533743222,6.265055595742251,6.100960482798061,6.115686893463135,845192,0.0,0.0
2004-03-16,6.115686241873847,6.185110868463711,6.048365767708672,6.08202600479126,632790,0.0,0.0
2004-03-17,6.140933096236219,6.166178501519651,6.090442285669357,6.121999263763428,701677,0.0,0.0
2004-03-18,6.134620973547404,6.155658957057707,6.065196336730643,6.100960731506348,374022,0.0,0.0
2004-03-19,6.161970049923452,6.161970049923452,5.926346159069138,6.031535625457764,1174613,0.0,0.0
2004-03-22,6.037847184831388,6.037847184831388,5.869544659125965,5.932657718658447,912754,0.0,0.0
2004-03-23,5.95369645546233,6.037847501235098,5.920034885406494,5.920034885406494,697261,0.0,0.0
2004-03-24,5.932658735241343,5.934763331148099,5.804328441619873,5.804328441619873,1067309,0.0,0.0
2004-03-25,5.837987931161041,5.91793155670166,5.8358846644651905,5.91793155670166,1185211,0.0,0.0
2004-03-26,5.938969104236888,5.938969104236888,5.8716473037233445,5.890581130981445,892000,0.0,0.0
2004-03-29,5.869544736704423,6.191422939300537,5.861129012285612,6.191422939300537,755109,0.0,0.0
2004-03-30,6.191422245872062,6.326063632965088,6.111478631580317,6.326063632965088,368723,0.0,0.0
2004-03-31,6.326063934107269,6.342894495902103,6.1977332260638525,6.2229790687561035,409348,0.0,0.0
2004-04-01,6.311337471008301,6.399696812229827,6.265054976894892,6.311337471008301,800592,0.0,0.0
2004-04-02,6.420735344519591,6.519613255188819,6.420735344519591,6.479641437530518,827528,0.0,0.0
2004-04-05,6.519611341345746,6.597451686859131,6.475432116791108,6.597451686859131,385061,0.0,0.0
2004-04-06,6.5658939733094766,6.668978818908895,6.542752730489661,6.572205543518066,604087,0.0,0.0
2004-04-07,6.593243826313727,6.593243826313727,6.448083444003697,6.538545608520508,447766,0.0,0.0
2004-04-08,6.538544924758836,6.553272218354342,6.406006813049316,6.406006813049316,283055,0.0,0.0
2004-04-12,6.39128110340884,6.5511687815958215,6.36603570385192,6.528027534484863,315733,0.0,0.0
2004-04-13,6.574309371455486,6.574309371455486,6.288195610046387,6.288195610046387,427453,0.0,0.0
2004-04-14,6.313442765190017,6.437565632684381,6.1766971956640635,6.19563102722168,428336,0.0,0.0
2004-04-15,6.235601926495038,6.290300142378737,6.178799115269144,6.22718620300293,642946,0.0,0.0
2004-04-16,6.290300319755344,6.498574642246627,6.204044688772023,6.448083400726318,547123,0.0,0.0
2004-04-19,6.469121656319017,6.532234709878833,6.3534132101808325,6.49436616897583,493691,0.0,0.0
2004-04-20,6.511196251938278,6.563790311716458,6.336582183837891,6.336582183837891,683130,0.0,0.0
2004-04-21,6.410214750323732,6.637423782890635,6.3744512474250685,6.544857025146484,803241,0.0,0.0
2004-04-22,6.544857554649362,6.757339309619377,6.528027878031679,6.664772987365723,975459,0.0,0.0
2004-04-23,6.68581061724642,6.68581061724642,6.47964000185806,6.528027534484863,476469,0.0,0.0
2004-04-26,6.576413818069936,6.666876420991229,6.435459975842953,6.511196613311768,436285,0.0,0.0
2004-04-27,6.498574678705587,6.576414143416736,6.464913112537435,6.517508506774902,344436,0.0,0.0
2004-04-28,6.532235635507219,6.532235635507219,6.3660363685869195,6.403904914855957,638089,0.0,0.0
2004-04-29,6.403902764706733,6.727884136126411,6.332374001516226,6.506988048553467,1011669,0.0,0.0
2004-04-30,6.509093658141483,6.509093658141483,6.349206845334196,6.3975934982299805,732146,0.0,0.0
2004-05-03,6.399698022328,6.595349240961293,6.399698022328,6.574311256408691,508263,0.0,0.0
2004-05-04,6.584829010362753,6.687913874941962,6.532234944831012,6.647942066192627,723756,0.0,0.0
2004-05-05,6.647942729846613,6.72999095095869,6.605867650412714,6.721574783325195,676065,0.0,0.0
2004-05-06,6.721575618689299,6.732094611344838,6.597453631655837,6.62900972366333,790435,0.0,0.0
2004-05-07,6.6500454127355315,6.685809798223214,6.479639208091105,6.52171516418457,743186,0.0,0.0
2004-05-10,6.492264152384876,6.51119798350186,6.206150317959882,6.231395721435547,1010344,0.0,0.0
2004-05-11,6.3050261025480685,6.408110955853409,6.18511024643519,6.384969711303711,1054503,0.0,0.0
2004-05-12,6.414423473320125,6.414423473320125,6.216668574454933,6.296611309051514,1128689,0.0,0.0
2004-05-13,6.349206711829771,6.416527193924967,6.269263085617339,6.374452114105225,461455,0.0,0.0
2004-05-14,6.374451370093025,6.464913091232631,6.258743363665637,6.34920597076416,615568,0.0,0.0
2004-05-17,6.349205878427366,6.420733770519819,6.2671581103120495,6.357620716094971,679598,0.0,0.0
2004-05-18,6.3786597392542745,6.4228389731716975,6.290301271419428,6.418631553649902,816047,0.0,0.0
2004-05-19,6.4712246658780606,6.561687266830541,6.414422742736975,6.429149150848389,812515,0.0,0.0
2004-05-20,6.429149587645747,6.456498253442649,6.332375409225278,6.34920597076416,364307,0.0,0.0
2004-05-21,6.38076356573446,6.3975941312570095,6.290301823183244,6.391282558441162,416855,0.0,0.0
2004-05-24,6.420733674715758,6.494366161085343,6.3765544486816745,6.473329067230225,559487,0.0,0.0
2004-05-25,6.485952024448835,6.62690544128418,6.427045940391582,6.62690544128418,536525,0.0,0.0
2004-05-26,6.62690544128418,6.6332161271432355,6.5217164168057575,6.62690544128418,760408,0.0,0.0
2004-05-27,6.656357119741721,6.723677587720199,6.574309358061689,6.643733978271484,561695,0.0,0.0
2004-05-28,6.656358852223424,6.679500102996826,6.568000382769635,6.679500102996826,526368,0.0,0.0
2004-06-01,6.679498156850153,6.729989392223253,6.574309153689754,6.668979167938232,573618,0.0,0.0
2004-06-02,6.696329636130394,6.786791801452637,6.662668512604925,6.786791801452637,380204,0.0,0.0
2004-06-03,6.784687789463095,6.826762860308379,6.647941372829135,6.652149677276611,427895,0.0,0.0
2004-06-04,6.753130129885787,6.8162431726661135,6.679497656002913,6.727884292602539,307342,0.0,0.0
2004-06-07,6.776273407766384,6.938264810374867,6.757339577840459,6.927745819091797,249495,0.0,0.0
2004-06-08,6.889875697537972,6.942470641924645,6.8688386057421065,6.934055805206299,339137,0.0,0.0
2004-06-09,6.942471579036919,7.013999915694947,6.940367426593907,6.963509559631348,540499,0.0,0.0
2004-06-10,6.9635100618834995,7.016104574183557,6.904604420737591,6.955094337463379,631024,0.0,0.0
2004-06-14,6.955093857015499,6.963509580854273,6.816244602203369,6.816244602203369,956913,0.0,0.0
2004-06-15,6.847801387453888,7.0139997468265465,6.847801387453888,6.950886249542236,606295,0.0,0.0
2004-06-16,6.98875516424286,7.047662139274764,6.934057823692552,6.98665189743042,386386,0.0,0.0
2004-06-17,6.9908579400112085,7.007688943970333,6.8814615085405,6.967716693878174,336929,0.0,0.0
2004-06-18,6.969821203801209,6.995066606795461,6.92564197005103,6.9845476150512695,790435,0.0,0.0
2004-06-21,6.988753727851606,6.988753727851606,6.910914266649286,6.9172258377075195,340461,0.0,0.0
2004-06-22,6.917225771489535,6.917225771489535,6.73419730022392,6.7973103523254395,536083,0.0,0.0
2004-06-23,6.812037423358962,6.936160273276699,6.76365077490602,6.919330596923828,814722,0.0,0.0
2004-06-24,6.919329267986744,6.952989500186609,6.877253313267823,6.931951522827148,506055,0.0,0.0
2004-06-25,6.934056839185806,6.9866509054562975,6.906707286834717,6.906707286834717,1014318,0.0,0.0
2004-06-28,6.910914836039712,6.934056969840288,6.835179520936596,6.839386940002441,617776,0.0,0.0
2004-06-29,6.847801985097447,6.963509999720553,6.839387146711433,6.952991008758545,944990,0.0,0.0
2004-06-30,6.978236886498813,7.121294021606445,6.978236886498813,7.121294021606445,487950,0.0,0.0
2004-07-01,7.131811823295605,7.150745650777596,6.921433353727855,7.037141799926758,547123,0.0,0.0
2004-07-02,7.108670391674198,7.108670391674198,6.917226616679514,6.952991008758545,331630,0.0,0.0
2004-07-06,6.952990339625502,6.9719241671513945,6.80362209987407,6.948782920837402,737004,0.0,0.0
2004-07-07,6.965613431512613,7.091840883070437,6.965613431512613,7.045557498931885,486626,0.0,0.0
2004-07-08,7.0581801142810905,7.068699106025282,6.952991525777739,6.9845476150512695,711392,0.0,0.0
2004-07-09,7.016104781476957,7.148642477971125,7.007689942767204,7.146539211273193,459689,0.0,0.0
2004-07-12,7.093943533186637,7.098150952113739,6.934056741182717,6.963509559631348,804124,0.0,0.0
2004-07-13,6.9845464073207895,7.1233960997800265,6.9656125798387984,7.037141799926758,308226,0.0,0.0
2004-07-14,7.047661965802199,7.255934988814758,6.997171160119562,7.121294021606445,771447,0.0,0.0
2004-07-15,7.096047079507912,7.289594978314243,7.079216519278196,7.258037567138672,963095,0.0,0.0
2004-07-16,7.285389641178094,7.340086984144259,7.274870648774108,7.281181335449219,601879,0.0,0.0
2004-07-19,7.289596114747224,7.289596114747224,7.131812578106629,7.1528496742248535,642063,0.0,0.0
2004-07-20,7.1801983700551775,7.272764682769775,7.0876325003200185,7.272764682769775,270249,0.0,0.0
2004-07-21,7.3022172106186325,7.310632047727102,7.194924493650265,7.2180657386779785,978550,0.0,0.0
2004-07-22,7.218066574432693,7.234897136557229,7.114981707062145,7.165472507476807,489717,0.0,0.0
2004-07-23,7.178094534554938,7.211754771766308,7.131812040623898,7.150745868682861,517978,0.0,0.0
2004-07-26,7.171784446414481,7.220171096807721,7.121293643413278,7.133915901184082,622633,0.0,0.0
2004-07-27,7.161264858928712,7.188613524800788,7.110774060132197,7.150745868682861,868596,0.0,0.0
2004-07-28,7.150746843928143,7.175992246769462,7.077114788123898,7.121294021606445,823996,0.0,0.0
2004-07-29,7.205444436033036,7.2285856841214935,7.123396662517568,7.148642063140869,1061126,0.0,0.0
2004-07-30,7.194925695307119,7.203340533820989,7.117086224156343,7.133915901184082,939691,0.0,0.0
2004-08-02,7.16757600488619,7.16757600488619,7.018208637290192,7.110774517059326,589956,0.0,0.0
2004-08-03,7.110775643308347,7.194926698052014,6.9046054262924965,6.936161518096924,1771635,0.0,0.0
2004-08-04,6.929848436296693,7.037142048732388,6.885669208623746,6.963509559631348,1153859,0.0,0.0
2004-08-05,6.921433830554436,6.9550940690589735,6.6963298227342225,6.711056232452393,952055,0.0,0.0
2004-08-06,6.690017878451681,6.690017878451681,6.311337337005334,6.357620716094971,1041255,0.0,0.0
2004-08-09,6.359724071507488,6.393384303918602,6.279780465806847,6.30081844329834,640297,0.0,0.0
2004-08-10,6.321856837813209,6.424941708425783,6.281885026724399,6.36814022064209,740978,0.0,0.0
2004-08-11,6.368140568905882,6.551169514685136,6.27978210354863,6.53433895111084,737445,0.0,0.0
2004-08-12,6.49015957531803,6.49015957531803,6.332376035399985,6.412319660186768,706976,0.0,0.0
2004-08-13,6.43335649990891,6.4691213296176615,6.292403105252846,6.309233665466309,402725,0.0,0.0
2004-08-16,6.332376185141699,6.553273677825928,6.332376185141699,6.553273677825928,554630,0.0,0.0
2004-08-17,6.55327382590917,6.622697576690266,6.521716850678544,6.616386890411377,644713,0.0,0.0
2004-08-18,6.616387188406223,6.761547597682782,6.553274121061472,6.7510294914245605,812515,0.0,0.0
2004-08-19,6.753130807018529,6.753130807018529,6.5764134721513985,6.633214950561523,585982,0.0,0.0
2004-08-20,6.633215296537791,6.738404750823975,6.603762479686966,6.738404750823975,543590,0.0,0.0
2004-08-23,6.755234910957411,6.828866948717704,6.727884919119134,6.759442329406738,409348,0.0,0.0
2004-08-24,6.786791776627715,6.8078297572644475,6.711056020890295,6.795207500457764,333396,0.0,0.0
2004-08-25,6.8078300488407795,6.8393870211474495,6.7152637274376135,6.812037467956543,397426,0.0,0.0
2004-08-26,6.824659770743566,6.849905168287908,6.801517639518588,6.843593597412109,901715,0.0,0.0
2004-08-27,6.843594109438875,6.938264135823505,6.7720653300517615,6.784688472747803,684897,0.0,0.0
2004-08-30,6.803622512178478,6.94247177039458,6.772065540417019,6.898292541503906,408907,0.0,0.0
2004-08-31,6.891980878425501,6.980339335033334,6.864632212029286,6.976131916046143,648687,0.0,0.0
2004-09-01,6.986650071778557,7.083423797778409,6.986650071778557,7.066594123840332,729055,0.0,0.0
2004-09-02,7.039245434111338,7.232792909739525,7.035038015113173,7.2138590812683105,427895,0.0,0.0
2004-09-03,7.230690261262759,7.27486993643763,7.133916072197428,7.167576313018799,409348,0.0,0.0
2004-09-07,7.173888202010909,7.342190742492676,7.173888202010909,7.342190742492676,456156,0.0,0.0
2004-09-08,7.335878839029589,7.4242373033355875,7.310633436948017,7.384266376495361,1292075,0.0,0.0
2004-09-09,7.382160947984504,7.415821182956119,7.3379817234669735,7.37795352935791,660168,0.0,0.0
2004-09-10,7.361123982331252,7.3905768027311725,7.3001150749079775,7.3800578117370605,305576,0.0,0.0
2004-09-13,7.380058060476577,7.384266365783245,7.321152417691364,7.365331649780273,536525,0.0,0.0
2004-09-14,7.371643938899125,7.396889343399963,7.211756229400635,7.211756229400635,501639,0.0,0.0
2004-09-15,7.194924778557564,7.35481244868227,7.1528488194313855,7.272764682769775,554630,0.0,0.0
2004-09-16,7.272765745953528,7.403200175161839,7.258038892318827,7.394784450531006,623517,0.0,0.0
2004-09-17,7.428444324794762,7.438963314340677,7.260142263977829,7.37795352935791,757758,0.0,0.0
2004-09-20,7.3779550535301395,7.39478473151327,7.34008650615001,7.369540214538574,567877,0.0,0.0
2004-09-21,7.3779543711947975,7.422133600753252,7.346397398956348,7.4158220291137695,599229,0.0,0.0
2004-09-22,7.373747848156612,7.398993251823438,7.25803937886738,7.344295024871826,754225,0.0,0.0
2004-09-23,7.344293108793338,7.352707945833881,7.207546691131495,7.274868488311768,567877,0.0,0.0
2004-09-24,7.276971509174622,7.34850027948342,7.2580372405131275,7.289594650268555,364307,0.0,0.0
2004-09-27,7.289596033791193,7.289596033791193,7.110774517059326,7.110774517059326,438934,0.0,0.0
2004-09-28,7.1212945085814106,7.260144233703613,7.089737531382044,7.260144233703613,612477,0.0,0.0
2004-09-29,7.274869781829218,7.411614894866943,7.239104946130025,7.411614894866943,728614,0.0,0.0
2004-09-30,7.405302300132396,7.491557484076664,7.289595185377519,7.460000514984131,1139287,0.0,0.0
2004-10-01,7.615682913842715,7.617786180922653,7.426342806771307,7.582022666931152,1065984,0.0,0.0
2004-10-04,7.582021016081228,7.613577103082904,7.510492231753996,7.518907070159912,552422,0.0,0.0
2004-10-05,7.548360024591218,7.548360024591218,7.411614911251202,7.451586723327637,365190,0.0,0.0
2004-10-06,7.411613809188905,7.506283829716285,7.411613809188905,7.457897186279297,504731,0.0,0.0
2004-10-07,7.474726660100591,7.491557220215592,7.335877418518066,7.335877418518066,415531,0.0,0.0
2004-10-08,7.300113959642716,7.352708020619306,7.188612937927246,7.188612937927246,332513,0.0,0.0
2004-10-11,7.266453281264677,7.302218115324434,7.222274052033373,7.2959065437316895,279081,0.0,0.0
2004-10-12,7.295905866633659,7.295905866633659,7.163367748260498,7.163367748260498,363424,0.0,0.0
2004-10-13,7.171783844355224,7.201236662640246,6.9908581868029875,7.01189661026001,292770,0.0,0.0
2004-10-14,7.011896076585982,7.045556311212859,6.904603358871245,6.971923828125,352826,0.0,0.0
2004-10-15,6.963509559631348,7.018208220580971,6.961405407188336,6.963509559631348,419946,0.0,0.0
2004-10-18,6.9740277262655495,7.005585140418543,6.9193303937657245,6.965612888336182,586865,0.0,0.0
2004-10-19,6.990859110611066,7.08342543958151,6.927746046797208,6.942472457885742,262301,0.0,0.0
2004-10-20,6.925640226432078,6.946678204623881,6.837281781177094,6.8583197593688965,402283,0.0,0.0
2004-10-21,6.894085048065172,7.152849290052221,6.860423924165948,7.144434452056885,587307,0.0,0.0
2004-10-22,7.152848794073748,7.184405763306508,6.877254009246826,6.877254009246826,367839,0.0,0.0
2004-10-25,6.90039514778495,7.0497638252754085,6.837282096259923,7.0224151611328125,619984,0.0,0.0
2004-10-26,7.049764271089832,7.171783849174562,6.967716944535226,7.150745868682861,616010,0.0,0.0
2004-10-27,7.16757655805983,7.188614541527051,7.079218090648353,7.131813049316406,527693,0.0,0.0
2004-10-28,7.1023600570546375,7.407407709180127,7.08342534081137,7.356916904449463,1673603,0.0,0.0
2004-10-29,7.306425155733985,7.441066988967123,7.287491327895978,7.426340579986572,953380,0.0,0.0
2004-11-01,7.430548509621916,7.613577001235589,7.375850288797199,7.575709342956543,812073,0.0,0.0
2004-11-02,7.590435144937738,7.762945517845722,7.518906367296974,7.573604583740234,495457,0.0,0.0
2004-11-03,7.626199927611077,7.870238204804214,7.626199927611077,7.857615947723389,608061,0.0,0.0
2004-11-04,7.8576177543968715,7.994362891029049,7.805023675528914,7.975429058074951,854465,0.0,0.0
2004-11-05,7.975428697216086,8.383562593546761,7.973325430293656,8.156353950500488,1589702,0.0,0.0
2004-11-08,8.133211754166856,8.175288609781358,7.9985698916123225,8.06589126586914,1071283,0.0,0.0
2004-11-09,8.011192077103637,8.187909888141716,7.9775318369874775,8.18370246887207,1383041,0.0,0.0
2004-11-10,8.225774518075324,8.33517092263273,8.101651708518217,8.190011024475098,540940,0.0,0.0
2004-11-11,8.204739653219804,8.26364528918391,8.09954975191403,8.246814727783203,736562,0.0,0.0
2004-11-12,8.225777626037598,8.248919761180018,8.099550616948495,8.225777626037598,498990,0.0,0.0
2004-11-15,8.202633277635414,8.223671252194608,8.086925303518514,8.190011024475098,600996,0.0,0.0
2004-11-16,8.190013862547657,8.253126922137039,8.147937012889775,8.152144432067871,536966,0.0,0.0
2004-11-17,8.15214520292343,8.223674879550703,8.038541330536729,8.078513145446777,821346,0.0,0.0
2004-11-18,8.078511430499358,8.095341991189313,8.01329422601923,8.082718849182129,696820,0.0,0.0
2004-11-19,8.08482252314213,8.08482252314213,7.851303269414747,7.863926410675049,573176,0.0,0.0
2004-11-22,7.884965569214982,8.177390529567834,7.884965569214982,8.03643798828125,757317,0.0,0.0
2004-11-23,8.097445289819758,8.097445289819758,7.981738174726413,8.023813247680664,551097,0.0,0.0
2004-11-24,8.032227101239812,8.244709226753802,8.032227101239812,8.190011024475098,563461,0.0,0.0
2004-11-26,8.204739540213739,8.215258530199435,8.097445487976074,8.097445487976074,209311,0.0,0.0
2004-11-29,8.084731797208951,8.095327870715844,7.788044416369666,7.843143463134766,1402029,0.063408,0.0
2004-11-30,7.843142530786757,7.978771006120514,7.741421843624787,7.915195465087891,1089829,0.0,0.0
2004-12-01,7.9575800265722645,8.10804284658894,7.925792697628026,8.050825119018555,921586,0.0,0.0
2004-12-02,8.078374345772074,8.082612596879308,7.970295818958124,8.008440971374512,1125598,0.0,0.0
2004-12-03,8.008441006561887,8.04234790802002,7.904600730398919,8.04234790802002,589515,0.0,0.0
2004-12-06,8.042346774201436,8.042346774201436,7.8495005742293005,7.887645721435547,878311,0.0,0.0
2004-12-07,7.946983998443982,8.124995877407914,7.866454560117109,7.88552713394165,1250566,0.0,0.0
2004-12-08,7.885526483515539,8.067776598024384,7.872810840380568,8.052942276000977,6236491,0.0,0.0
2004-12-09,7.9999645825759576,8.099566608587502,7.946985104307517,8.057182312011719,1307530,0.0,0.0
2004-12-10,8.029631453521649,8.059300097568462,7.976651986995507,8.052942276000977,770564,0.0,0.0
2004-12-13,8.052944139338925,8.072016716003418,7.978772512059619,8.072016716003418,672974,0.0,0.0
2004-12-14,8.0190353248036,8.11651775670799,7.946983286537548,8.110160827636719,979433,0.0,0.0
2004-12-15,8.133473084479572,8.211882958097403,8.116519188246768,8.19916820526123,971485,0.0,0.0
2004-12-16,8.14618851504236,8.188571915830329,8.082612075183581,8.1165189743042,1031982,0.0,0.0
2004-12-17,8.116517674419551,8.124995067180441,8.065657780109598,8.09532642364502,584657,0.0,0.0
2004-12-20,8.11651850834289,8.173737122440683,8.074135109988111,8.099565505981445,454390,0.0,0.0
2004-12-21,8.116518524607168,8.226716609982047,8.074135126167459,8.224597930908203,763499,0.0,0.0
2004-12-22,8.224596523185886,8.226715201897095,8.148305348111009,8.1694974899292,377113,0.0,0.0
2004-12-23,8.1906922916459,8.201287473544728,8.086851119995117,8.086851119995117,399192,0.0,0.0
2004-12-27,8.129232327654378,8.137708826932233,7.932147026062012,7.932147026062012,387269,0.0,0.0
2004-12-28,7.879167797157867,8.277576661624531,7.857975655892949,8.105921745300293,911871,0.0,0.0
2004-12-29,8.06353581053987,8.0826083767899,7.993602472655883,8.059297561645508,459247,0.0,0.0
2004-12-30,8.095329038943932,8.141950698160699,8.055064310787676,8.103805541992188,406257,0.0,0.0
2004-12-31,8.103804100303243,8.116518852613636,7.902480495337982,7.978771686553955,823554,0.0,0.0
2005-01-03,7.978771531155035,8.114400015413677,7.978771531155035,8.038108825683594,1069958,0.0,0.0
2005-01-04,7.999963150615097,8.078373014303704,7.896122892023217,7.915195465087891,976342,0.0,0.0
2005-01-05,7.9045999850020054,7.9215538803579735,7.654534267644645,7.675726413726807,1177705,0.0,0.0
2005-01-06,7.718109844882666,7.900361766461017,7.696918591165368,7.8198323249816895,1092037,0.0,0.0
2005-01-07,7.83890486761802,7.83890486761802,7.658772518370839,7.675726413726807,884934,0.0,0.0
2005-01-10,7.639701658096159,7.809237972343318,7.633343834354685,7.756258487701416,696820,0.0,0.0
2005-01-11,7.735063781310218,7.735063781310218,7.5973157388290105,7.633341312408447,771447,0.0,0.0
2005-01-12,7.718110844718735,7.718110844718735,7.576125410389065,7.618508815765381,1096895,0.0,0.0
2005-01-13,7.626985494260254,7.70327579526055,7.5379795481257545,7.574005126953125,853582,0.0,0.0
2005-01-14,7.576124753921192,7.656654198854798,7.56552868038243,7.626985549926758,367398,0.0,0.0
2005-01-18,7.533740143426783,7.728706817411941,7.501952816596472,7.7096333503723145,345319,0.0,0.0
2005-01-19,7.752018412509936,7.853739106188706,7.665130257535147,7.713871479034424,666792,0.0,0.0
2005-01-20,7.650295883243559,7.677845851159224,7.499833076611183,7.501952648162842,1127364,0.0,0.0
2005-01-21,7.501953149217527,7.582482594340235,7.313345181667624,7.374801158905029,677831,0.0,0.0
2005-01-24,7.3642045835297765,7.432019271225827,7.26884126663208,7.26884126663208,725523,0.0,0.0
2005-01-25,7.300628476534526,7.487118195392764,7.300628476534526,7.417184829711914,661934,0.0,0.0
2005-01-26,7.448969967526701,7.470162106648591,7.343011056819055,7.427778720855713,1144586,0.0,0.0
2005-01-27,7.374800943564464,7.599435376181296,7.321821469744455,7.527383327484131,857556,0.0,0.0
2005-01-28,7.5061885646656235,7.523142454453316,7.408706152626372,7.427778720855713,1493879,0.0,0.0
2005-01-31,7.514667449905915,7.768971415230805,7.463806656840938,7.713871479034424,1981387,0.0,0.0
2005-02-01,7.756258594091728,7.940628345512281,7.756258594091728,7.841026306152344,908780,0.0,0.0
2005-02-02,7.849499070447054,8.02327266352507,7.802876538664764,7.946982383728027,1194485,0.0,0.0
2005-02-03,7.894003543453639,7.925791761092946,7.7350642401594065,7.887645721435547,651778,0.0,0.0
2005-02-04,8.063539119765096,8.226716677644493,7.999963575357057,8.061420440673828,997980,0.0,0.0
2005-02-07,8.061422102332038,8.146189809832533,7.997845652368147,8.06989860534668,495016,0.0,0.0
2005-02-08,7.946985525603189,8.343274971299946,7.735065816392295,8.237314224243164,2261352,0.0,0.0
2005-02-09,8.237314513426144,8.296652712351364,8.078375172163842,8.137712478637695,1052295,0.0,0.0
2005-02-10,8.137712878101258,8.254269709677152,8.065660813468135,8.158905029296875,712717,0.0,0.0
2005-02-11,8.105925543759243,8.233076666030124,8.055064737870326,8.158905029296875,1010344,0.0,0.0
2005-02-14,8.158903434433176,8.28181717338003,8.158903434433176,8.275460243225098,449974,0.0,0.0
2005-02-15,8.27545983858277,8.326319739591543,8.161022607072248,8.254267692565918,868596,0.0,0.0
2005-02-16,8.254266287712046,8.451350713262189,8.230955466531663,8.396251678466797,646479,0.0,0.0
2005-02-17,8.38353988854347,8.413208541412443,8.237314411265697,8.305130004882812,1341091,0.0,0.0
2005-02-18,8.305126604615712,8.339033495090826,8.190689399029337,8.235193252563477,943665,0.0,0.0
2005-02-22,8.235195286113145,8.298770833009325,8.10380415661878,8.173737525939941,1101752,0.0,0.0
2005-02-23,8.194931003932034,8.309368256371043,8.194931003932034,8.305130004882812,732588,0.0,0.0
2005-02-24,8.286055777210896,8.510690225167675,8.266983201031303,8.49373722076416,963095,0.0,0.0
2005-02-25,8.493735703540139,8.720488790317138,8.46406705868238,8.659032821655273,1099544,0.0,0.0
2005-02-28,8.659035620594365,8.811618036998688,8.623009142350172,8.731087684631348,1228045,0.0,0.0
2005-03-01,8.741680722204356,8.919693479479163,8.731084650376598,8.902740478515625,1107051,0.0,0.0
2005-03-02,8.741681500336902,8.998105033472202,8.71201285355869,8.873072624206543,1276619,0.0,0.0
2005-03-03,8.89430046081543,8.926141916741418,8.809390805625274,8.89430046081543,1270879,0.015852,0.0
2005-03-04,8.894301160660312,9.040770617920618,8.883688235129055,8.964351654052734,1361845,0.0,0.0
2005-03-07,8.964349569340836,8.987700324338544,8.896422213219099,8.928263664245605,1146794,0.0,0.0
2005-03-08,8.885807784745419,8.968595194139162,8.824248007908595,8.902790069580078,356800,0.0,0.0
2005-03-09,8.90279285213899,8.926142718882211,8.754199377797807,8.820005416870117,709184,0.0,0.0
2005-03-10,8.830618858337402,8.938878383265429,8.762690594622168,8.830618858337402,825762,0.0,0.0
2005-03-11,8.830616854815313,8.970717805380673,8.830616854815313,8.960103988647461,895974,0.0,0.0
2005-03-14,8.960106158959823,8.97921067612883,8.756322258634755,8.822128295898438,877869,0.0,0.0
2005-03-15,8.851846080193258,8.94736955402541,8.851846080193258,8.89430046081543,542265,0.0,0.0
2005-03-16,8.894300857571379,8.964351348576708,8.820005017709038,8.936756134033203,1592793,0.0,0.0
2005-03-17,8.904912810675704,8.970717939034653,8.87307225394733,8.951613426208496,892883,0.0,0.0
2005-03-18,8.970716777822584,8.97920747265832,8.843352779504354,8.968594551086426,1661681,0.0,0.0
2005-03-21,8.957983372667407,9.006806223263938,8.809390805625274,8.89430046081543,337812,0.0,0.0
2005-03-22,8.9049129444641,8.966472725780525,8.82637177102292,8.83698558807373,352826,0.0,0.0
2005-03-23,8.836984207029454,8.836984207029454,8.669286281412768,8.68839168548584,456156,0.0,0.0
2005-03-24,8.694758735307019,8.820001391803766,8.675654226331408,8.760563850402832,363865,0.0,0.0
2005-03-28,8.766933466920861,8.862457812208035,8.684146952529154,8.713865280151367,476028,0.0,0.0
2005-03-29,8.682025457291351,8.775425805313782,8.408191988945608,8.435787200927734,821346,0.0,0.0
2005-03-30,8.442157035907597,8.563153509426146,8.442157035907597,8.561030387878418,797942,0.0,0.0
2005-03-31,8.550414046669754,8.648060624098665,8.510081900723454,8.57376480102539,627932,0.0,0.0
2005-04-01,8.594989356133642,8.756317898917873,8.535552712780593,8.682022094726562,1693033,0.0,0.0
2005-04-04,8.682022408423707,8.682022408423707,8.43790735899039,8.588622093200684,671649,0.0,0.0
2005-04-05,8.588625373760319,8.788163909230503,8.5398016300683,8.55466079711914,679156,0.0,0.0
2005-04-06,8.54404647560903,8.728724919886629,8.535554885864258,8.535554885864258,652220,0.0,0.0
2005-04-07,8.535556416055684,8.645939057015434,8.450646761005551,8.546170234680176,396101,0.0,0.0
2005-04-08,8.512207834932765,8.522821655157626,8.386966007803736,8.437911987304688,565669,0.0,0.0
2005-04-11,8.42729758643492,8.429420707911985,8.285073477956233,8.30630111694336,490600,0.0,0.0
2005-04-12,8.28082903246816,8.342388834669256,8.066431285618687,8.329652786254883,1393639,0.0,0.0
2005-04-13,8.35724632765836,8.363614797560512,8.138603275214765,8.16832160949707,903039,0.0,0.0
2005-04-14,8.136478086659615,8.157705718309517,7.9072221678882775,7.934818267822266,972810,0.0,0.0
2005-04-15,7.934819432727965,7.934819432727965,7.722543979010491,7.777736186981201,1087180,0.0,0.0
2005-04-18,7.769244327623992,7.811698696855649,7.6524923538866085,7.684333801269531,1250124,0.0,0.0
2005-04-19,7.705562257734792,7.779858976248373,7.627020191238142,7.7267889976501465,2056898,0.0,0.0
2005-04-20,7.80108794062975,8.098272217588619,7.790475014618651,8.000625610351562,2369540,0.0,0.0
2005-04-21,8.05368953273714,8.193790435791016,7.92632466907664,8.193790435791016,873895,0.0,0.0
2005-04-22,8.151337784443319,8.153460905325735,8.040955165361613,8.089778900146484,1002396,0.0,0.0
2005-04-25,8.11949807149577,8.265967503160216,8.081288149266154,8.257476806640625,619542,0.0,0.0
2005-04-26,8.236248617818232,8.403946585603332,8.144971391596222,8.299931526184082,1515958,0.0,0.0
2005-04-27,8.268091099999852,8.304177903203101,8.108884720449732,8.291440963745117,1243059,0.0,0.0
2005-04-28,8.59711905710302,8.684151862314417,8.359372301709714,8.5313138961792,3690317,0.0,0.0
2005-04-29,8.650185662930804,8.703254763766559,8.49098014831543,8.49098014831543,3333959,0.0,0.0
2005-05-02,8.522822479988456,8.703255653381348,8.522822479988456,8.703255653381348,1693916,0.0,0.0
2005-05-03,8.650183030265676,8.737215792780507,8.565273388716486,8.609850883483887,854465,0.0,0.0
2005-05-04,8.682025148959756,8.877318322886481,8.639569877946363,8.8093900680542,928210,0.0,0.0
2005-05-05,8.796654023117624,8.862459156820941,8.72023417771522,8.8093900680542,688429,0.0,0.0
2005-05-06,8.862458604689763,8.915526796204619,8.800898823133814,8.851844787597656,487067,0.0,0.0
2005-05-09,8.862460366050323,8.898547172546387,8.711744669755968,8.898547172546387,351942,0.0,0.0
2005-05-10,8.85608915084069,8.85608915084069,8.476117580611723,8.495222091674805,1498295,0.0,0.0
2005-05-11,8.493099469740711,8.616218119488261,8.448521981352174,8.597113609313965,1065984,0.0,0.0
2005-05-12,8.544047374016323,8.626833901626883,8.183180249369386,8.263845443725586,1220980,0.0,0.0
2005-05-13,8.285071229251846,8.321158026946236,8.002746210399188,8.119497299194336,700352,0.0,0.0
2005-05-16,8.172567723313668,8.376351627696387,8.170444601832228,8.359370231628418,777188,0.0,0.0
2005-05-17,8.359368191152276,8.499469144244575,8.321158271434406,8.47399616241455,859764,0.0,0.0
2005-05-18,8.527065457770687,8.597115943391854,8.333896288975808,8.42729663848877,1249683,0.0,0.0
2005-05-19,8.374227155182059,8.467627490354607,8.289317515767292,8.452768325805664,815606,0.0,0.0
2005-05-20,8.406066541816209,8.406066541816209,8.287193241962013,8.363612174987793,308226,0.0,0.0
2005-05-23,8.915528315990812,8.989824154354727,8.605607128329307,8.650184631347656,2604462,0.0,0.0
2005-05-24,8.597114386062165,8.694760066417748,8.495222463999278,8.522818565368652,698586,0.0,0.0
2005-05-25,8.480366745128057,8.49098056581709,8.333898165089776,8.344511985778809,546681,0.0,0.0
2005-05-26,8.369981118983299,8.546168870932407,8.369981118983299,8.541923522949219,905689,0.0,0.0
2005-05-27,8.56956609803739,8.62910722183215,8.433474659373287,8.524910926818848,671649,0.015852,0.0
2005-05-31,8.516406427612834,8.71841857963055,8.516406427612834,8.618475914001465,670325,0.0,0.0
2005-06-01,8.601465225219727,8.743937161735671,8.558936863672503,8.601465225219727,1187419,0.0,0.0
2005-06-02,8.590830479148233,8.707785007428049,8.558934440892536,8.635485649108887,1098219,0.0,0.0
2005-06-03,8.590833589995507,8.697155845522916,8.490890902630698,8.512155532836914,869037,0.0,0.0
2005-06-06,8.558934548717321,8.603589719240539,8.4207153961902,8.473876953125,695053,0.0,0.0
2005-06-07,8.482385861963376,8.707788625882985,8.458995304788985,8.599340438842773,674299,0.0,0.0
2005-06-08,8.633362055649846,8.703534612467573,8.616350173950195,8.616350173950195,718016,0.0,0.0
2005-06-09,8.626981391562584,8.905545657904533,8.55893566441995,8.833247184753418,954263,0.0,0.0
2005-06-10,8.811982779522092,8.880028508365985,8.741809334365549,8.80347728729248,625283,0.0,0.0
2005-06-13,8.750314824351532,8.916178191310928,8.731177019088063,8.856637954711914,707859,0.0,0.0
2005-06-14,8.843879154577724,9.03525809055888,8.814109038169315,9.024625778198242,1158275,0.0,0.0
2005-06-15,9.058648863260608,9.065027533800558,8.73542856160705,8.792842864990234,1260281,0.0,0.0
2005-06-16,8.771578165954116,8.888533592224121,8.729049815541117,8.888533592224121,528134,0.0,0.0
2005-06-17,8.888535487951458,9.065029388737178,8.86939768140877,8.994856834411621,2290496,0.0,0.0
2005-06-20,8.975716153078322,9.033130449820982,8.93956647701837,8.982095718383789,987823,0.0,0.0
2005-06-21,8.988478459728118,9.028880895099977,8.931064142698364,8.977846145629883,771889,0.0,0.0
2005-06-22,8.994857396130593,9.016122024952002,8.790718392250852,8.920432090759277,805891,0.0,0.0
2005-06-23,8.920429422029192,8.920429422029192,8.588704535470557,8.622727394104004,700794,0.0,0.0
2005-06-24,8.62272901187824,8.64186681748118,8.422843672463502,8.533418655395508,1330934,0.0,0.0
2005-06-27,8.524911126053642,8.524911126053642,8.433474856471133,8.482382774353027,824879,0.0,0.0
2005-06-28,8.54830311515887,8.739682053266849,8.54830311515887,8.729050636291504,842984,0.0,0.0
2005-06-29,8.771581450286797,8.83324941725781,8.703535705946367,8.76094913482666,793968,0.0,0.0
2005-06-30,8.803478229305277,8.875776712000249,8.71841971589351,8.722672462463379,655752,0.0,0.0
2005-07-01,8.803478717777576,8.920432389200894,8.75031624844184,8.903421401977539,634556,0.0,0.0
2005-07-05,8.926812429918115,9.003364562988281,8.837502055754769,9.003364562988281,643829,0.0,0.0
2005-07-06,8.994857396130593,9.088421404743345,8.920432090759277,8.920432090759277,563020,0.0,0.0
2005-07-07,8.888534745256269,9.020373454591882,8.824740868106296,9.005488395690918,529901,0.0,0.0
2005-07-08,8.986351447762603,9.220259666442871,8.986351447762603,9.220259666442871,914520,0.0,0.0
2005-07-11,9.292558063439154,9.420144920959876,9.160718459918321,9.260661125183105,904806,0.0,0.0
2005-07-12,9.260661877519594,9.322328938289733,9.192616144982821,9.250029563903809,629699,0.0,0.0
2005-07-13,9.271294201591164,9.271294201591164,9.137328661787565,9.143708229064941,461897,0.0,0.0
2005-07-14,9.190486145003227,9.345717153695345,9.15221054562904,9.281923294067383,731705,0.0,0.0
2005-07-15,9.239398946535642,9.318076999506934,9.196869688386649,9.292559623718262,373138,0.0,0.0
2005-07-18,9.260662130420444,9.398882211200334,9.245777070052556,9.313823699951172,465871,0.0,0.0
2005-07-19,9.398883591266856,9.515837270399974,9.373366213246026,9.494572639465332,1116324,0.0,0.0
2005-07-20,9.462673058232955,9.6349141762342,9.430776123731103,9.611523628234863,1193160,0.0,0.0
2005-07-21,9.600894528185437,9.630664652143777,9.447791161471645,9.579629898071289,759524,0.0,0.0
2005-07-22,9.571123210841115,9.836928367614746,9.571123210841115,9.836928367614746,635439,0.0,0.0
2005-07-25,9.802905142965761,9.813537456308831,9.611525293797538,9.681697845458984,1744698,0.0,0.0
2005-07-26,9.628535821831843,9.760374518660223,9.620029435050071,9.660431861877441,1053619,0.0,0.0
2005-07-27,9.660429526655543,9.728476126943775,9.466923826076718,9.586004257202148,765265,0.0,0.0
2005-07-28,9.356352886996532,9.930492460698684,9.326581870975394,9.862445831298828,1965932,0.0,0.0
2005-07-29,9.809283838086047,9.809283838086047,9.609398514213378,9.70721435546875,770564,0.0,0.0
2005-08-01,9.654054163726002,9.84118036372182,9.647674596872841,9.79439926147461,963978,0.0,0.0
2005-08-02,9.781639606633554,9.958135275312447,9.760374981924922,9.949629783630371,1087621,0.0,0.0
2005-08-03,9.947504380000327,9.96664218676294,9.819916613573398,9.83480167388916,738328,0.0,0.0
2005-08-04,9.845433345783166,9.945376910533357,9.739112005033915,9.830548286437988,1098219,0.0,0.0
2005-08-05,9.86244552333599,9.86244552333599,9.758250104778075,9.81353759765625,1140170,0.0,0.0
2005-08-08,9.834804591173041,9.951760078423398,9.702965830199258,9.741241455078125,728172,0.0,0.0
2005-08-09,9.74549027637228,9.775260393840226,9.641294865234466,9.756122589111328,481327,0.0,0.0
2005-08-10,9.781641184506155,9.99215974937546,9.781641184506155,9.83267593383789,1529647,0.0,0.0
2005-08-11,9.866697554061222,9.941123743137014,9.845432928610995,9.917733192443848,686222,0.0,0.0
2005-08-12,9.87733375736039,9.883713326030607,9.688079787171395,9.78164291381836,827970,0.0,0.0
2005-08-15,9.817789297820122,9.930491092468198,9.70083475732742,9.841179847717285,367398,0.0,0.0
2005-08-16,9.78801951023036,9.87095029574521,9.724226529410979,9.743364334106445,794851,0.0,0.0
2005-08-17,9.751868763124993,9.875201965332908,9.675316657183851,9.758248329162598,616010,0.0,0.0
2005-08-18,9.739110252002538,9.739110252002538,9.624282544079568,9.6412935256958,739212,0.0,0.0
2005-08-19,9.641294957384565,9.736984877447119,9.63916903211852,9.728479385375977,529901,0.0,0.0
2005-08-22,9.779516185771698,9.956011004143374,9.745492419323813,9.953885078430176,1005928,0.0,0.0
2005-08-23,9.97939908370983,9.97939908370983,9.83479946841864,9.907099723815918,1043463,0.0,0.0
2005-08-24,9.866698487861166,9.934745116641235,9.817790561099699,9.836928367614746,983408,0.0,0.0
2005-08-25,9.824169508063992,9.953883190093457,9.779514330514242,9.913480758666992,755550,0.0,0.0
2005-08-26,9.887963087974835,9.941123756166606,9.688076862185584,9.756122589111328,691962,0.0,0.0
2005-08-29,9.717848729947487,9.745492031645105,9.62641154032558,9.664687156677246,665467,0.0,0.0
2005-08-30,9.675333780434125,9.690241799206445,9.60505299238107,9.679593086242676,652220,0.015852,0.0
2005-08-31,9.658294969255122,9.95006678646016,9.62208953050789,9.924510955810547,2409282,0.0,0.0
2005-09-01,9.9884033203125,10.03951678046812,9.924511943560335,9.9884033203125,1514633,0.0,0.0
2005-09-02,10.03099934676467,10.043778162888383,9.91812458772469,9.952199935913086,350618,0.0,0.0
2005-09-06,9.994795226055848,10.071464538574219,9.933033038184988,10.071464538574219,941899,0.0,0.0
2005-09-07,10.073592761504846,10.111927410614294,9.979885343190208,10.09276008605957,703002,0.0,0.0
2005-09-08,10.090627942026604,10.090627942026604,9.860617403277606,9.933029174804688,855348,0.0,0.0
2005-09-09,9.94580947634556,10.114057891620615,9.9074748257971,10.073593139648438,736562,0.0,0.0
2005-09-12,10.07359128769009,10.201374030616208,10.045904458695823,10.148131370544434,621309,0.0,0.0
2005-09-13,10.126835794892306,10.165171342270245,10.01609025248459,10.105538368225098,428336,0.0,0.0
2005-09-14,10.169431400160292,10.169431400160292,10.041647727593448,10.05655574798584,613360,0.0,0.0
2005-09-15,10.06294321655908,10.120445185469032,9.958587093923285,10.035256385803223,546239,0.0,0.0
2005-09-16,10.148132914044526,10.177948951721191,10.09063004316251,10.177948951721191,1295607,0.0,0.0
2005-09-19,10.177947862902103,10.177947862902103,9.933030180506137,10.007570266723633,767473,0.0,0.0
2005-09-20,10.105538311872458,10.105538311872458,9.935160693254497,10.020349502563477,1025800,0.0,0.0
2005-09-21,9.984143790009417,9.984143790009417,9.754133224487305,9.754133224487305,823554,0.0,0.0
2005-09-22,9.73283766025968,9.798859149349951,9.630610722715407,9.764782905578613,478677,0.0,0.0
2005-09-23,9.764782232646624,10.120446387973745,9.709410358325064,10.062944412231445,774538,0.0,0.0
2005-09-26,10.111929968303633,10.29721564733968,10.054427980095035,10.282307624816895,1096011,0.0,0.0
2005-09-27,10.243970895118776,10.580467730124965,10.243970895118776,10.50379753112793,2218960,0.0,0.0
2005-09-28,10.48250157136028,10.49528038809082,10.116188646064044,10.15665340423584,1075699,0.0,0.0
2005-09-29,10.175820429655952,10.563430773379425,10.09702101740718,10.55278205871582,755109,0.0,0.0
2005-09-30,10.542132468610763,10.818996336218357,10.476110981309931,10.701861381530762,1195368,0.0,0.0
2005-10-03,10.689082417238842,10.825384684638582,10.659266380328095,10.780660629272461,1046112,0.0,0.0
2005-10-04,10.84029416632983,10.965948634837945,10.606025145139942,10.650749206542969,552863,0.0,0.0
2005-10-05,10.614542440040427,10.614542440040427,10.222672856464715,10.25674819946289,861530,0.0,0.0
2005-10-06,10.28230471708405,10.358974909898956,10.00118157364748,10.207764625549316,672091,0.0,0.0
2005-10-07,10.261008550815745,10.420739259884538,10.258879346159077,10.373884201049805,857556,0.0,0.0
2005-10-10,10.38453053630907,10.4143474666363,10.133223456216127,10.254617691040039,561253,0.0,0.0
2005-10-11,10.209897427018992,10.46759400894989,10.194989404769354,10.243972778320312,685780,0.0,0.0
2005-10-12,10.595374615396114,10.897794279221474,10.567687783909058,10.789178848266602,2558979,0.0,0.0
2005-10-13,10.691213158668049,10.776401968782903,10.544262169732361,10.657136917114258,1192277,0.0,0.0
2005-10-14,10.71038063193406,11.080952813093049,10.669915879304193,11.05539608001709,1169314,0.0,0.0
2005-10-17,10.93186957141187,11.181048363019764,10.908442942478043,11.159750938415527,818697,0.0,0.0
2005-10-18,11.11715876486196,11.12993758145397,10.767883966697804,10.914834976196289,1337116,0.0,0.0
2005-10-19,10.882887970998222,11.03196907043457,10.574078851872315,11.03196907043457,1689059,0.0,0.0
2005-10-20,10.957427532015329,10.974466549873766,10.725288627169363,10.838163375854492,1108376,0.0,0.0
2005-10-21,10.797700591507356,10.797700591507356,10.284437529906338,10.5676908493042,1448837,0.0,0.0
2005-10-24,10.616672650373918,11.014931678771973,10.601764630344434,11.014931678771973,837243,0.0,0.0
2005-10-25,10.978728365537625,11.006415206338117,10.67417760115735,10.857333183288574,623517,0.0,0.0
2005-10-26,10.825383687467825,11.2470692648626,10.765751619139287,11.18317699432373,1205083,0.0,0.0
2005-10-27,11.138456143154782,11.138456143154782,10.755105997323803,10.87224006652832,1501386,0.0,0.0
2005-10-28,10.89779724828743,11.500510226460154,10.89779724828743,11.28327751159668,1613548,0.0,0.0
2005-10-31,11.304571394146611,11.445132956331713,11.22151269689391,11.332258224487305,1120740,0.0,0.0
2005-11-01,11.279017860333523,11.279017860333523,10.648619856157243,10.96807861328125,2922403,0.0,0.0
2005-11-02,10.872238237854583,11.181049121803511,10.859460320355723,11.164011001586914,1291633,0.0,0.0
2005-11-03,10.98937383184138,11.010671257407814,10.450554166942196,10.584726333618164,3730943,0.0,0.0
2005-11-04,10.307863256190295,10.444166443027548,10.246101070848237,10.37175464630127,2118278,0.0,0.0
2005-11-07,10.350457024266158,10.429257323886288,10.033128415010554,10.137484550476074,2023338,0.0,0.0
2005-11-08,10.116186612619076,10.137484038299034,9.956457713788916,9.975625038146973,1504918,0.0,0.0
2005-11-09,10.177950246936451,10.177950246936451,9.830804669881124,10.126836776733398,953380,0.0,0.0
2005-11-10,10.150263281469798,10.320640003456274,9.986274173064704,10.269527435302734,912313,0.0,0.0
2005-11-11,10.169433885771154,10.205638446369734,9.920255887582993,10.001185417175293,1950477,0.0,0.0
2005-11-14,10.052297217323327,10.158783469864419,9.95007027138229,10.028870582580566,1059360,0.0,0.0
2005-11-15,9.97775495571632,9.996922279721387,9.690241508101318,9.947938919067383,2133292,0.0,0.0
2005-11-16,9.943679524046974,10.07785168776171,9.837192398565012,10.06933307647705,1010786,0.0,0.0
2005-11-17,10.069333765381671,10.499538014845779,10.069333765381671,10.454813957214355,1872316,0.0,0.0
2005-11-18,10.595377913754378,10.595377913754378,10.246102192466228,10.250362396240234,944990,0.0,0.0
2005-11-21,10.286564798259722,10.418608665466309,10.229062821977054,10.418608665466309,1339766,0.0,0.0
2005-11-22,10.418608101669578,10.721028676802922,10.405828390601412,10.680563926696777,1043905,0.0,0.0
2005-11-23,10.680564942889152,10.899925937355611,10.64861880127594,10.81899642944336,1057152,0.0,0.0
2005-11-25,10.748713704715144,10.78917845140298,10.70185955147536,10.75510311126709,461897,0.0,0.0
2005-11-28,10.712509018820672,10.765752582366842,10.435646075919609,10.531482696533203,1059802,0.0,0.0
2005-11-29,10.584801651149899,10.759686125697803,10.473899126186614,10.548544883728027,834594,0.015852,0.0
2005-11-30,10.542147464610244,10.687173650521391,10.471767043641876,10.685041427612305,805449,0.0,0.0
2005-12-01,10.674376258427955,11.18623453510278,10.663712450772634,11.132915496826172,1999934,0.0,0.0
2005-12-02,11.090263854045697,11.192635713839792,10.943103631974427,11.1585111618042,742303,0.0,0.0
2005-12-05,11.154242608915668,11.250215975327624,10.992155075073242,10.992155075073242,580241,0.0,0.0
2005-12-06,11.194766186289486,11.326996334818523,11.090262119683853,11.177704811096191,756433,0.0,0.0
2005-12-07,11.207563751302281,11.23955428068165,10.923908043834352,11.075333595275879,390802,0.0,0.0
2005-12-08,11.075335274866369,11.186237829354221,10.778883490320604,10.919644355773926,757758,0.0,0.0
2005-12-09,10.92604115910175,11.051873748078878,10.795944124242984,10.87698745727539,1895279,0.0,0.0
2005-12-12,10.874855076308943,11.128651575359775,10.874855076308943,10.902580261230469,1387899,0.0,0.0
2005-12-13,10.913244338635996,11.120121160883281,10.881253808951824,11.094528198242188,817372,0.0,0.0
2005-12-14,11.088130789802568,11.160644340555985,10.921776965859154,11.113723754882812,565669,0.0,0.0
2005-12-15,11.115855650468262,11.115855650468262,10.64665164178798,10.813005447387695,1184328,0.0,0.0
2005-12-16,10.855661860591367,10.917510702776182,10.742626190185547,10.742626190185547,1627679,0.0,0.0
2005-12-19,10.55707750471242,10.91111276036925,10.540016127381108,10.729829788208008,821788,0.0,0.0
2005-12-20,10.706366836537605,10.962294607445168,10.680773879815638,10.92603874206543,698586,0.0,0.0
2005-12-21,10.977227864071624,11.098793311392102,10.913244111565797,11.019882202148438,566111,0.0,0.0
2005-12-22,11.017749852051294,11.122254828872615,11.004953819179708,11.117988586425781,390360,0.0,0.0
2005-12-23,11.13931645468557,11.19476772801283,11.075334492586833,11.120121955871582,413323,0.0,0.0
2005-12-27,11.205430065499996,11.252350643889736,10.919642149492558,10.962296485900879,665909,0.0,0.0
2005-12-28,10.91964385561547,11.039077992163225,10.874856391218692,11.00495433807373,344436,0.0,0.0
2005-12-29,10.992157636995799,11.01561747935319,10.840732078722947,10.881254196166992,518420,0.0,0.0
2005-12-30,10.834331832936495,10.834331832936495,10.60186297613246,10.710633277893066,730380,0.0,0.0
2006-01-03,10.77035116737341,10.9942893638054,10.586935086556492,10.966564178466797,1129130,0.0,0.0
2006-01-04,11.079598303471725,11.427235049747955,11.030545502590519,11.358986854553223,995772,0.0,0.0
2006-01-05,11.412306537233084,11.602121082941355,11.393112039999593,11.410173416137695,902598,0.0,0.0
2006-01-06,11.48481639830484,11.685294704583212,11.4229675775615,11.636241912841797,469845,0.0,0.0
2006-01-09,11.698092677969791,11.828189692826813,11.683163527054331,11.736481666564941,800592,0.0,0.0
2006-01-10,11.683165969189039,11.815395234298974,11.606387077793517,11.804732322692871,645154,0.0,0.0
2006-01-11,13.009730089653731,13.137695796374683,12.284598270151498,12.51919937133789,7168675,0.0,0.0
2006-01-12,12.369907404300047,12.79645615227913,12.316588361724564,12.677022933959961,2028195,0.0,0.0
2006-01-13,12.726076866713704,12.80712110011316,12.627970358540997,12.796457290649414,1283685,0.0,0.0
2006-01-17,12.817784250951238,12.817784250951238,12.536261671517805,12.709013938903809,743186,0.0,0.0
2006-01-18,12.69195321532348,12.80712110011316,12.625838135542013,12.796457290649414,1156950,0.0,0.0
2006-01-19,12.871102200266643,13.095039489600403,12.847642359904881,13.04172134399414,1458110,0.0,0.0
2006-01-20,13.20594269273393,13.20594269273393,12.76873013406357,12.849774360656738,996655,0.0,0.0
2006-01-23,12.903095077214843,12.915891110262763,12.559722731985405,12.738873481750488,953380,0.0,0.0
2006-01-24,12.78152869874357,13.124900145203839,12.743138803355698,13.109970092773438,988265,0.0,0.0
2006-01-25,13.118501317276237,13.169686342614755,12.817784241283666,12.935084342956543,1189186,0.0,0.0
2006-01-26,12.988404705916233,13.41495351289954,12.950014810320194,13.400023460388184,1962399,0.0,0.0
2006-01-27,13.329643657057478,13.713537216186523,13.308316037515574,13.713537216186523,1744257,0.0,0.0
2006-01-30,13.713536289491907,14.120889663696289,13.713536289491907,14.120889663696289,2404425,0.0,0.0
2006-01-31,14.112358832838556,14.323501005916677,13.973731104077396,14.1827392578125,2418997,0.0,0.0
2006-02-01,14.225394499919709,14.423738831561298,14.146482493317357,14.336297035217285,1992427,0.0,0.0
2006-02-02,14.60928761632942,14.801235285653878,13.734864234924316,13.734864234924316,3089322,0.0,0.0
2006-02-03,13.739127642061122,14.871613611925909,13.715667803792401,14.538905143737793,3960125,0.0,0.0
2006-02-06,14.822560385390139,15.409064408531613,14.811896577897809,15.355746269226074,2736496,0.0,0.0
2006-02-07,15.323754904200138,15.323754904200138,14.302172321707527,14.615684509277344,2620801,0.0,0.0
2006-02-08,14.613554053055909,14.741518868256438,14.402412781592242,14.523978233337402,2702494,0.0,0.0
2006-02-09,14.609287146383684,15.067827339101328,14.545305190771185,14.752182006835938,1076582,0.0,0.0
2006-02-10,14.673269576426033,14.771376077144618,14.491986625628746,14.739384651184082,1165782,0.0,0.0
2006-02-13,14.609284386923088,14.647674271564338,14.442931513383241,14.617815971374512,1624146,0.0,0.0
2006-02-14,14.65194139550041,15.317356563158224,14.543171988468572,15.249109268188477,1580871,0.0,0.0
2006-02-15,15.270438408714305,15.786562108789006,15.19366041874969,15.769500732421875,2192023,0.0,0.0
2006-02-16,15.888931873070186,15.918790175947914,15.59461328966843,15.750303268432617,1661239,0.0,0.0
2006-02-17,15.357883293202953,15.99557253425138,15.357883293202953,15.854811668395996,1482839,0.0,0.0
2006-02-21,15.846276880662755,15.846276880662755,15.62873807017131,15.824949264526367,1309738,0.0,0.0
2006-02-22,15.995570542260598,15.995570542260598,15.758836306607398,15.799359321594238,1169756,0.0,0.0
2006-02-23,15.83348517319481,15.844149882936108,15.409070322162849,15.547698974609375,1701865,0.0,0.0
2006-02-24,15.485847194142016,16.036095520461792,15.370680193037488,15.972112655639648,2117837,0.0,0.0
2006-02-27,16.4221190907318,16.716437713763554,16.31335057063857,16.402925491333008,2985549,0.0,0.0
2006-02-28,16.56714589120383,16.56714589120383,16.26216436228826,16.437047958374023,2425179,0.0,0.0
2006-03-01,16.43704836428647,17.081137782902918,16.43704836428647,16.8742618560791,1885564,0.0,0.0
2006-03-02,16.83586608871228,16.84653079313772,16.287752015030566,16.35813331604004,2024663,0.0,0.0
2006-03-03,16.18751594858084,16.71003802105745,16.15339140559549,16.520221710205078,1579988,0.0,0.0
2006-03-06,16.10434206237549,16.573546122694435,16.10434206237549,16.25363540649414,809423,0.0,0.0
2006-03-07,16.155523383832215,16.155523383832215,15.293895302372027,15.948647499084473,2538666,0.0,0.0
2006-03-08,15.807755622008312,15.878201079198492,15.306091549854058,15.765060424804688,1267346,0.015852,0.0
2006-03-09,15.74585234248541,15.829106736930097,15.412831168715194,15.517433166503906,831061,0.0,0.0
2006-03-10,15.40215645854145,15.634844049087574,15.220702750409355,15.62416934967041,1695241,0.0,0.0
2006-03-13,16.221891691625288,16.266721099928628,15.89100667938995,16.014822006225586,2293587,0.0,0.0
2006-03-14,15.989211541793859,16.529302506310618,15.989211541793859,16.43750762939453,1040372,0.0,0.0
2006-03-15,16.4759339200867,16.7086215635587,16.384140833797044,16.70221710205078,1194926,0.0,0.0
2006-03-16,16.89007503981872,17.148376929153297,16.823898002635012,16.971195220947266,1082322,0.0,0.0
2006-03-17,17.024559337289144,17.045906937625077,16.531433904918675,16.755582809448242,2124019,0.0,0.0
2006-03-20,16.808951116861152,16.894339721253697,16.61682450948355,16.759851455688477,1039489,0.0,0.0
2006-03-21,16.747039210945836,16.79400464213343,16.324361118228385,16.37346076965332,1047879,0.0,0.0
2006-03-22,16.437502966461146,17.020287175621096,16.360653052328193,16.939167022705078,1328285,0.0,0.0
2006-03-23,16.881529690373203,17.11208121990004,16.60187671013904,16.682998657226562,1345948,0.0,0.0
2006-03-24,16.757713794841433,17.071519683405832,16.657380272432466,16.917818069458008,1307089,0.0,0.0
2006-03-27,17.0672556839797,17.530493068588573,17.01602179933234,17.472856521606445,1855978,0.0,0.0
2006-03-28,19.1315474815895,19.60546133098849,18.734485352793676,19.426143646240234,7726837,0.0,0.0
2006-03-29,19.387716512371988,20.363294454488535,19.387716512371988,20.028139114379883,5306515,0.0,0.0
2006-03-30,20.066567445412662,20.098589749588704,19.25323148526882,19.564903259277344,3319829,0.0,0.0
2006-03-31,19.46883711626659,19.690850002341985,19.246824230191198,19.45816421508789,1922215,0.0,0.0
2006-04-03,19.906464946098,20.213866508470765,19.865903956412343,20.01960563659668,2606229,0.0,0.0
2006-04-04,20.0729665598495,20.17330008955121,19.729272573207208,20.087909698486328,1550401,0.0,0.0
2006-04-05,20.1412771688531,20.22666755726803,20.00252048467165,20.07723617553711,1795481,0.0,0.0
2006-04-06,20.09432015653627,20.31419886097477,19.959831868654945,20.275772094726562,1044346,0.0,0.0
2006-04-07,20.339808359980516,20.493509981511064,19.78904466566154,19.927804946899414,1492996,0.0,0.0
2006-04-10,19.92567505441836,20.11993770987923,19.663102943492408,19.78264808654785,1560116,0.0,0.0
2006-04-11,19.703659960462826,19.789048568378536,19.003464745175236,19.14008903503418,1382820,0.0,2.0
2006-04-12,19.34502486517842,19.964099923468353,19.323677263375775,19.844552993774414,1392756,0.0,0.0
2006-04-13,19.84028330904981,20.01533075607034,19.48591637772205,19.823205947875977,710509,0.0,0.0
2006-04-17,20.130609589362926,20.23307736334267,19.848824109916475,20.070837020874023,1099986,0.0,0.0
2006-04-18,20.284310722951204,21.69750832318844,20.28004048331487,21.582233428955078,2445492,0.0,0.0
2006-04-19,21.774361523708173,22.107380904014928,21.5822348889929,22.00064468383789,2046521,0.0,0.0
2006-04-20,22.286696362949165,22.466014057748964,21.351679329501284,21.479764938354492,2140799,0.0,0.0
2006-04-21,22.013449564501588,22.021990043481765,21.411451878138195,21.75301170349121,1578221,0.0,0.0
2006-04-24,21.910983197564594,22.060416417333553,21.377298520948248,21.411453247070312,979654,0.0,0.0
2006-04-25,21.44988080280276,21.45841948464849,20.711260550204077,21.05708885192871,1693916,0.0,0.0
2006-04-26,22.308046472622255,23.921911301261513,22.308046472622255,23.161943435668945,4297275,0.0,0.0
2006-04-27,23.11924394865948,23.11924394865948,21.488302057997235,21.637733459472656,2596514,0.0,0.0
2006-04-28,20.92046408144261,21.535270736561376,20.403856760347256,21.17236328125,2916662,0.0,0.0
2006-05-01,20.899114837102037,22.235462462083483,20.899114837102037,21.75301170349121,2802954,0.0,0.0
2006-05-02,22.231193578602635,22.37208630703633,21.957945004554546,22.20130729675293,2069042,0.0,0.0
2006-05-03,22.201304975780822,22.346466130448707,21.710313799299218,22.286693572998047,1537375,0.0,0.0
2006-05-04,22.58982931852241,22.905769478505583,22.26961712141088,22.512977600097656,1816456,0.0,0.0
2006-05-05,22.841728873240204,23.354067718626315,22.722183741981976,23.336990356445312,2573331,0.0,0.0
2006-05-08,23.39676004505451,23.439453445257158,22.85453498352941,22.86734390258789,1248137,0.0,0.0
2006-05-09,22.91004371299463,23.58462114794572,22.884425869720324,23.396764755249023,1178146,0.0,0.0
2006-05-10,23.35833032503082,23.418104673723306,22.850263644103457,23.123510360717773,1232682,0.0,0.0
2006-05-11,23.13632238297602,23.708431929852388,22.675217475438203,22.717912673950195,1761699,0.0,0.0
2006-05-12,22.50016801757757,22.50016801757757,21.671889085824855,21.774356842041016,2089575,0.0,0.0
2006-05-15,21.19798068849226,21.466957246081193,20.92046365142802,21.347412109375,3643289,0.0,0.0
2006-05-16,21.432801515781243,22.03052896929725,21.432801515781243,21.727394104003906,1537375,0.0,0.0
2006-05-17,21.624929999085943,21.624929999085943,20.561829052039265,20.63014030456543,2661427,0.0,0.0
2006-05-18,21.065626845096066,21.32179448407646,20.1306097486301,20.194652557373047,1362066,0.0,0.0
2006-05-19,20.237338094382785,20.292842199972164,18.95649500364666,19.618263244628906,3481669,0.0,0.0
2006-05-22,19.22121031981449,19.592654651550355,18.60640367667083,19.097394943237305,2770277,0.0,0.0
2006-05-23,19.349293961239407,20.015332687226834,19.349293961239407,19.73354721069336,2555888,0.0,0.0
2006-05-24,20.109260661795737,20.322734877190324,18.67898395805068,19.502994537353516,2359604,0.0,0.0
2006-05-25,19.848827653491984,19.895791309118838,19.084589451953192,19.793323516845703,1894837,0.0,0.0
2006-05-26,19.682310488410895,20.066563682501744,19.6524242087814,19.810394287109375,1361624,0.0,0.0
2006-05-30,19.780509525294857,19.806127365797526,19.046159599481843,19.16570472717285,1494320,0.0,0.0
2006-05-31,19.2703896979809,19.676307037503747,18.808926722206834,19.650671005249023,2267755,0.015852,0.0
2006-06-01,19.65066578605287,20.351407207081323,19.4498439555004,20.34713363647461,2231324,0.0,0.0
2006-06-02,20.47532654861768,21.000882354140035,20.124954812003573,20.171955108642578,1512425,0.0,0.0
2006-06-05,20.154863846300177,20.278775842299762,18.911475712473546,18.920021057128906,1694137,0.0,0.0
2006-06-06,18.932838347101946,18.949929034944233,17.091254652844036,17.283531188964844,5112439,0.0,0.0
2006-06-07,17.561263339315293,18.044090526602748,17.304894045473155,17.373258590698242,3394015,0.0,0.0
2006-06-08,16.663971422428045,16.715245280309887,15.347945402458055,16.3520565032959,6087456,0.0,0.0
2006-06-09,16.67679220505361,16.877614087839625,16.001686633876798,16.2537841796875,2332447,0.0,0.0
2006-06-12,16.121324471661392,16.38623909477041,15.232578232979908,15.253942489624023,2247000,0.0,0.0
2006-06-13,15.01466667824847,15.634224763336135,14.527565913396037,15.232579231262207,3709526,0.0,0.0
2006-06-14,15.159945005685438,16.360604597466576,15.095852222706112,16.031597137451172,3355597,0.0,0.0
2006-06-15,16.45033392328029,17.386080666393624,16.343514414406467,17.22798728942871,3149156,0.0,0.0
2006-06-16,17.14252566027808,17.18098240061524,16.048685832604622,16.2153263092041,5748320,0.0,0.0
2006-06-19,16.343508681654082,16.505875573756573,15.672676859083467,15.839317321777344,2230441,0.0,0.0
2006-06-20,16.04868704264965,16.12987050159649,15.459038572467511,15.604314804077148,2269963,0.0,0.0
2006-06-21,15.497493093786543,16.343510832155857,15.394945380081271,16.03586769104004,3383858,0.0,0.0
2006-06-22,16.04868613429318,16.04868613429318,15.608587491900508,15.783771514892578,2275703,0.0,0.0
2006-06-23,15.817958349041048,16.420424039694282,15.587226846224889,16.108509063720703,1386795,0.0,0.0
2006-06-26,16.514424460583232,16.984434554215383,16.031595451823307,16.249509811401367,2308601,0.0,0.0
2006-06-27,16.428969488264947,16.540062568056914,15.66841041850371,15.745320320129395,1912721,0.0,0.0
2006-06-28,15.916233876961229,15.916233876961229,15.335130598349105,15.49749755859375,2886635,0.0,0.0
2006-06-29,16.997252591975162,17.51853657499738,16.706701896175108,17.31771469116211,7589283,0.0,0.0
2006-06-30,18.159452312596883,19.014015197753906,17.60398535760604,19.014015197753906,8509324,0.0,0.0
2006-07-03,18.714923715783122,19.22338876620422,18.364553823567807,19.180660247802734,2713754,0.0,0.0
2006-07-05,19.432754481596415,19.462664082280394,18.70637692264397,19.1721134185791,3171898,0.0,0.0
2006-07-06,19.227658356921417,19.855763547484386,19.202022328428217,19.590848922729492,3496904,0.0,0.0
2006-07-07,19.505396394579478,19.80876603174615,19.120843282695002,19.334484100341797,2611086,0.0,0.0
2006-07-10,19.54812206530221,19.90276551892642,19.35157376534091,19.65494155883789,2780875,0.0,0.0
2006-07-11,19.441304133392514,19.45839482187539,18.616650523414428,19.099477767944336,2549264,0.0,0.0
2006-07-12,18.96274475916061,18.988380786609586,18.373096334452978,18.43718910217285,2119603,0.0,0.0
2006-07-13,17.954360872573076,18.155182726814466,17.629627048898193,17.715084075927734,1849354,0.0,0.0
2006-07-14,17.09125096526291,17.11688699149515,16.087139982299952,16.21105194091797,6257466,0.0,0.0
2006-07-17,16.215330619767567,16.497335994149868,15.788048986110056,16.00168800354004,3321816,0.0,0.0
2006-07-18,16.052961624476747,16.493062168213882,15.60004396348225,16.108509063720703,3312322,0.0,0.0
2006-07-19,16.236693386561157,16.8477043750039,16.236693386561157,16.698156356811523,1901902,0.0,0.0
2006-07-20,16.762247362780975,17.010069509658432,15.71113417612621,15.728226661682129,1876732,0.0,0.0
2006-07-21,15.958954793833911,16.018773982307067,15.50176373959076,15.73676872253418,2226246,0.0,0.0
2006-07-24,15.843589971064711,16.441783722522214,15.817953944289991,16.38623809814453,3021539,0.0,0.0
2006-07-25,16.236687794073504,16.625512507448747,16.023045271100973,16.557147979736328,1310621,0.0,0.0
2006-07-26,16.740882149379583,16.775063519742627,16.061503121536855,16.12986946105957,1708047,0.0,0.0
2006-07-27,14.869390926142078,16.386239709269937,14.805298153806191,15.98886775970459,3812415,0.0,0.0
2006-07-28,15.988869571158215,16.728066124798485,15.809411947564243,16.493061065673828,2157359,0.0,0.0
2006-07-31,16.364873544333047,16.937429459175164,16.245235156103192,16.775062561035156,1568286,0.0,0.0
2006-08-01,16.706699886990446,16.860521460173423,16.26660122417632,16.514423370361328,1126260,0.0,0.0
2006-08-02,16.663972099409996,17.074162979128957,16.638336069126805,16.963069915771484,1524348,0.0,0.0
2006-08-03,16.83488334617842,17.6937199987057,16.672518232091846,17.629627227783203,1549518,0.0,0.0
2006-08-04,17.88600156424218,18.133823776226485,16.804978493110575,16.984437942504883,1553272,0.0,0.0
2006-08-07,16.98015811075077,17.381803588099633,16.830610124215774,17.19807243347168,1151430,0.0,0.0
2006-08-08,17.091254876915944,18.586740465882983,16.74943031919721,18.022727966308594,4448959,0.0,0.0
2006-08-09,18.129550629350863,18.163732008055494,16.78788653022532,16.89043426513672,2848438,0.0,0.0
2006-08-10,16.787886803050984,17.411718567333615,16.518698544684213,17.326261520385742,1550401,0.0,0.0
2006-08-11,17.21944029483596,17.21944029483596,16.88615928447644,16.980161666870117,1527439,0.0,0.0
2006-08-14,17.193799970954878,17.88599612381728,17.03143306099448,17.052797317504883,1496307,0.0,0.0
2006-08-15,17.3048984348732,18.407285778316524,17.287807744081473,18.20218849182129,2355409,0.0,0.0
2006-08-16,18.240642758768043,19.45412122634385,18.23209561513836,19.240480422973633,2504885,0.0,0.0
2006-08-17,19.270387185836615,19.590849243335377,18.821743184375773,19.15929412841797,2217635,0.0,0.0
2006-08-18,19.24902261405559,19.360117469056615,18.877288504807915,19.3088436126709,1473124,0.0,0.0
2006-08-21,19.296022794065376,19.317387048733814,18.723465087506924,18.864469528198242,909884,0.0,0.0
2006-08-22,18.885837457282726,19.137933216279492,18.736289430657305,18.928565979003906,958679,0.0,0.0
2006-08-23,18.91574726694468,19.206297978869692,18.420101088061436,18.582468032836914,1346610,0.0,0.0
2006-08-24,18.642284893912997,18.706377669106995,17.890269476138037,18.189367294311523,1158716,0.0,0.0
2006-08-25,18.1509146372278,18.714925371964213,17.928728481155957,18.582468032836914,2066392,0.0,0.0
2006-08-28,18.59528605618401,19.04393191875565,18.5226479318421,18.620922088623047,1734984,0.0,0.0
2006-08-29,18.61665215872509,18.75765484959134,18.014184643697533,18.52264976501465,1380392,0.0,0.0
2006-08-30,18.41787800284401,18.69583417491162,18.118538508864532,18.135643005371094,1426758,0.015852,0.0
2006-08-31,18.306696149753755,19.050765198536318,18.263933105355264,18.90109634399414,1628562,0.0,0.0
2006-09-01,19.003728229623828,19.114911072150708,18.426432493328182,18.832677841186523,874336,0.0,0.0
2006-09-05,19.09352712313384,19.77773039082478,18.87116146632608,19.482667922973633,1742711,0.0,0.0
2006-09-06,19.478391912566984,19.918848025436827,19.290237039646026,19.50832748413086,2427608,0.0,0.0
2006-09-07,19.52115331325711,19.602402369898154,19.273129118941334,19.414247512817383,2375280,0.0,0.0
2006-09-08,19.43990603608124,19.495498354012348,18.875439612317148,18.952411651611328,1081660,0.0,0.0
2006-09-11,18.772810580041835,18.785639854603723,18.058673441651965,18.225448608398438,1940982,0.0,0.0
2006-09-12,18.225449039936827,18.875441621760334,18.17840896571366,18.725770950317383,1623042,0.0,0.0
2006-09-13,18.7770862039463,19.525432284185875,18.653074094425357,19.51688003540039,2005675,0.0,0.0
2006-09-14,19.512602539806583,19.516879564522412,18.89254380801439,18.943859100341797,2420763,0.0,0.0
2006-09-15,19.050769958651355,19.260308208219158,18.653078588763464,19.13201904296875,1373547,0.0,0.0
2006-09-18,19.200434414549935,20.166870861584197,19.174775869493345,19.730690002441406,1997064,0.0,0.0
2006-09-19,19.782004979046032,19.85897881214682,19.179052590827137,19.414247512817383,1536712,0.0,0.0
2006-09-20,19.62806091454921,19.709309971190255,19.157671070568718,19.414247512817383,1503814,0.0,0.0
2006-09-21,19.457013511467107,19.457013511467107,18.730047114714143,18.90537452697754,1669629,0.0,0.0
2006-09-22,18.9395829680477,19.07214551594496,18.38794405220039,18.486297607421875,1433382,0.0,0.0
2006-09-25,18.5632711777469,19.28596051932672,18.5632711777469,19.16622543334961,1523906,0.0,0.0
2006-09-26,19.059318738259737,19.71358645681528,19.008003446524743,19.551088333129883,1682214,0.0,0.0
2006-09-27,19.337278678691682,19.508329068196073,19.04649139576681,19.397146224975586,1545986,0.0,0.0
2006-09-28,19.45273352894159,19.598127146357896,19.179052590827137,19.414247512817383,1147677,0.0,0.0
2006-09-29,19.628063538268027,19.645168036420202,18.849781859554817,19.153396606445312,1726152,0.0,0.0
2006-10-02,19.22181934906665,19.854709288884006,19.114913517934312,19.43563461303711,1581312,0.0,0.0
2006-10-03,19.179056529585477,19.829049116201315,19.076425931609002,19.546815872192383,1654836,0.0,0.0
2006-10-04,19.30733993854881,20.0086476811085,19.21753863384918,19.773452758789062,1398717,0.0,0.0
2006-10-05,19.77345298542726,20.774100222640584,19.692203927741236,20.697126388549805,1876953,0.0,0.0
2006-10-06,20.611606528900715,21.07344242910951,20.39351605318622,20.868181228637695,2175022,0.0,0.0
2006-10-09,20.945150487854566,21.804679325346978,20.79120462124718,21.253042221069336,1651083,0.0,0.0
2006-10-10,21.081990911844773,21.496788427747997,20.902386508441122,21.381328582763672,1341532,0.0,0.0
2006-10-11,21.27442524650523,21.372780615951832,20.82114162510204,20.957983016967773,1182783,0.0,0.0
2006-10-12,21.06488882693768,21.997116419092514,21.06488882693768,21.93297004699707,1356767,0.0,0.0
2006-10-13,21.676394799804214,21.744814593504913,21.30863548227744,21.607975006103516,1403133,0.0,0.0
2006-10-16,21.95863039746065,22.540203208894113,21.710607943174058,22.262245178222656,2224259,0.0,0.0
2006-10-17,21.932966716379585,22.386252069630874,21.72770736110705,22.14678192138672,1477540,0.0,0.0
2006-10-18,22.25368854186931,22.63000007499405,21.44975018470043,21.556657791137695,1538699,0.0,0.0
2006-10-19,21.338565369278076,21.736258386690796,21.07771371520349,21.680667877197266,1474228,0.0,0.0
2006-10-20,20.953702158331538,21.009294470096023,20.312261965573,20.52607536315918,3403950,0.0,0.0
2006-10-23,20.141215120511625,20.966535087189794,20.12411062199428,20.82541847229004,2578630,0.0,0.0
2006-10-24,20.782653008128946,21.08199250248538,20.573116622676153,20.632984161376953,2053807,0.0,0.0
2006-10-25,22.446118917553694,23.686236263406744,22.446118917553694,23.250057220458984,6168928,0.0,0.0
2006-10-26,22.946440843353702,23.117491188756915,22.044149055776522,23.053346633911133,3235044,0.0,0.0
2006-10-27,23.121770674284576,23.34841155066709,22.5359209728654,22.608617782592773,1773181,0.0,0.0
2006-10-30,22.698423090226818,23.463875538263526,22.480332622594688,23.305652618408203,1624588,0.0,0.0
2006-10-31,23.510910320137786,23.519462568428445,22.99775921502608,23.46814727783203,2343045,0.0,0.0
2006-11-01,23.519461303530484,23.613539631373037,22.58723567549273,22.6428279876709,2326927,0.0,0.0
2006-11-02,22.540201790688684,22.80960575352653,22.317836100483653,22.55730628967285,1199342,0.0,0.0
2006-11-03,22.835258652726754,23.06617653528785,22.463222385478716,22.535919189453125,939249,0.0,0.0
2006-11-06,22.57869135094229,23.305656082738878,22.574416125952855,23.11322593688965,1140832,0.0,0.0
2006-11-07,23.22012561273271,23.232954886003082,22.681315944754537,22.745460510253906,1375093,0.0,0.0
2006-11-08,22.63855296205429,23.459595839076748,22.55302867534399,23.309926986694336,1485489,0.0,0.0
2006-11-09,23.395452197043532,23.921434414785786,23.28854638422195,23.386899948120117,2136825,0.0,0.0
2006-11-10,23.386893423832923,23.386893423832923,22.929332926829712,23.010581970214844,1050970,0.0,0.0
2006-11-13,22.818156680994367,23.177363744819353,22.689869344340316,23.160259246826172,1157392,0.0,0.0
2006-11-14,23.224408411517622,23.519469164127017,22.775399943094097,23.515193939208984,1300023,0.0,0.0
2006-11-15,23.5151840036339,24.37043752482339,23.429657931174074,24.165176391601562,1870329,0.0,0.0
2006-11-16,24.16518135733865,24.481623568420893,23.502359562127392,23.583608627319336,1165782,0.0,0.0
2006-11-17,23.305652548752786,23.746108707054557,22.98920851084064,23.73755645751953,1495866,0.0,0.0
2006-11-20,24.011235574389996,24.85366000111047,23.98557702693319,24.353336334228516,2181204,0.0,0.0
2006-11-21,24.135246799525383,25.204313965628202,24.05827475594114,25.118789672851562,1765453,0.0,0.0
2006-11-22,25.22569184870414,25.50364799133886,24.883589348831194,25.127336502075195,1416381,0.0,0.0
2006-11-24,24.909251226371723,25.315498366385917,24.849383681742925,25.191484451293945,231611,0.0,0.0
2006-11-27,25.259903751520753,25.294114545709526,24.511557710780682,24.61846351623535,1426316,0.0,0.0
2006-11-28,24.802342544172586,24.88786862710024,23.71189579195949,23.86156463623047,2901648,0.0,0.0
2006-11-29,24.41568673118341,25.72932299340321,24.347222206534024,25.63946533203125,3500878,0.015852,0.0
2006-11-30,25.596676756513663,26.075919443521798,25.361336022752624,25.77639389038086,1824184,0.0,0.0
2006-12-01,25.673702890153137,26.063086169750974,24.7965174302337,25.173065185546875,1747569,0.0,0.0
2006-12-04,25.07464588462889,25.630908910927033,25.044693329442936,25.485424041748047,1321661,0.0,0.0
2006-12-05,26.42251473908888,26.81189796044286,26.016014484610853,26.602230072021484,2160671,0.0,0.0
2006-12-06,26.636461725927422,26.794782115314135,26.354051408652413,26.44818878173828,1120961,0.0,0.0
2006-12-07,26.47814269982705,26.597952925205433,26.08020004954939,26.127267837524414,688650,0.0,0.0
2006-12-08,26.058806649327718,26.700649497199734,25.95611164950957,26.388286590576172,757758,0.0,0.0
2006-12-11,26.529490385718717,26.76055322230655,26.277030806466357,26.516653060913086,1047216,0.0,0.0
2006-12-12,26.482421192094442,26.687811184130172,25.523935763916203,25.55388832092285,1891525,0.0,0.0
2006-12-13,25.780676518644064,26.101598872334918,25.399850845336914,25.399850845336914,1173289,0.0,0.0
2006-12-14,25.412687262425575,25.814907865048607,25.404127843660916,25.703655242919922,770122,0.0,0.0
2006-12-15,25.673700559343235,25.673700559343235,25.224410398613568,25.361337661743164,1061347,0.0,0.0
2006-12-18,25.571006312937246,25.95183195228703,25.09604148806429,25.10460090637207,1421017,0.0,0.0
2006-12-19,25.027577597679674,25.352777814881588,24.518382331062707,25.211572647094727,1335571,0.0,0.0
2006-12-20,25.21157139755656,25.438356317359872,24.99334589524084,25.220129013061523,1014760,0.0,0.0
2006-12-21,25.391290473360257,25.600958376209253,25.023300364619654,25.29287338256836,805008,0.0,0.0
2006-12-22,25.185905139625824,25.284320446652078,24.582572365895114,24.817914962768555,751355,0.0,0.0
2006-12-26,24.728053673883846,25.267201533080343,24.728053673883846,25.160226821899414,604308,0.0,0.0
2006-12-27,25.13455377198398,25.78067453522643,25.130274062777737,25.618074417114258,679377,0.0,0.0
2006-12-28,25.58811838806684,25.673698144721868,25.168780824025827,25.25864028930664,617997,0.0,0.0
2006-12-29,25.245801196541596,25.528211490543736,25.160221445882787,25.42979621887207,682689,0.0,0.0
2007-01-03,25.481150868226784,25.707934027622734,24.022027602613196,24.090490341186523,2105914,0.0,0.0
2007-01-04,23.127724129939942,23.85514486363999,23.033584954731094,23.6668701171875,3447005,0.0,0.0
2007-01-05,23.555621630994914,24.24881202432358,23.555621630994914,23.889379501342773,2121590,0.0,0.0
2007-01-08,23.923608058700683,24.300155757020338,23.731055401763115,24.18034553527832,1088505,0.0,0.0
2007-01-09,24.432803397933842,24.59540350006711,23.726777587082886,24.56972885131836,1194926,0.0,0.0
2007-01-10,24.561169933578093,24.616797134929453,23.67542883637551,24.334386825561523,1434706,0.0,0.0
2007-01-11,24.300153887408314,25.11743223882506,24.300153887408314,24.882091522216797,1458110,0.0,0.0
2007-01-12,24.91204831519434,25.29287395581406,24.84786348956876,25.20301628112793,1006149,0.0,0.0
2007-01-16,25.040416680167333,25.10887941438825,24.79223859287293,24.89493179321289,852699,0.0,0.0
2007-01-17,24.894930220658424,25.074647364362438,23.962119444129765,24.753725051879883,887584,0.0,0.0
2007-01-18,24.7280561434414,24.7280561434414,24.069097983499272,24.244535446166992,1109480,0.0,0.0
2007-01-19,24.3044355587815,24.428523687784715,24.077650636771658,24.27876091003418,1075699,0.0,0.0
2007-01-22,24.36862135892412,24.454201128542557,23.718220876169145,23.8294734954834,1280152,0.0,0.0
2007-01-23,23.769565767063497,25.18161919680967,23.769565767063497,24.860698699951172,2029962,0.0,0.0
2007-01-24,25.053251899186783,25.352777462455016,24.54405663964809,24.98906707763672,1021384,0.0,0.0
2007-01-25,25.160228930808753,25.35278162509119,24.869260935577042,25.066091537475586,1337779,0.0,0.0
2007-01-26,25.245809295505204,25.254366912919917,24.689544341735687,24.976234436035156,1061347,0.0,0.0
2007-01-29,25.01046188173188,25.036134729022255,24.334388612626494,24.454198837280273,1871654,0.0,0.0
2007-01-30,24.689540339119013,25.010462653033102,24.33010965407314,24.924882888793945,1472020,0.0,0.0
2007-01-31,23.31600114925863,23.358791035656292,21.968130539629705,22.190637588500977,9425831,0.0,0.0
2007-02-01,22.63564791163614,23.1191685787325,22.35323754671321,23.110610961914062,3733372,0.0,0.0
2007-02-02,23.14912198640174,23.666874941716934,22.73834375019211,23.53422737121582,2433790,0.0,0.0
2007-02-05,23.555620256926648,23.692547525021514,23.30316246467152,23.5812931060791,2159346,0.0,0.0
2007-02-06,23.191907549907366,24.107603045994257,23.08921255950672,24.034860610961914,1997064,0.0,0.0
2007-02-07,24.133279557019204,24.625359643908237,24.051979494105915,24.274486541748047,1780908,0.0,0.0
2007-02-08,24.21029839444873,24.44136122527613,23.919328650016116,23.966398239135742,2779771,0.0,0.0
2007-02-09,23.902213128395083,23.96211823929009,23.5556179853721,23.76956558227539,1776051,0.0,0.0
2007-02-12,23.782402315401516,24.454197644858823,23.77812260673713,24.197460174560547,1725931,0.0,0.0
2007-02-13,24.257370127633656,25.232970907590683,24.218859949894924,24.64675521850586,3139441,0.0,0.0
2007-02-14,24.81790786277833,25.673698224042344,24.723770490563467,25.575281143188477,2148527,0.0,0.0
2007-02-15,25.60523670642619,26.38828652869911,25.468311241644933,26.170059204101562,2197322,0.0,0.0
2007-02-16,26.17433920150627,26.576561615635566,26.114434080632684,26.51237678527832,1774947,0.0,0.0
2007-02-20,26.61935077615528,27.158498651288312,26.45247094257341,26.91459846496582,1733438,0.0,0.0
2007-02-21,26.722044235377798,27.937267271258676,26.550886492770765,27.79178237915039,2536900,0.0,0.0
2007-02-22,28.155489886248553,28.24106964966445,26.846133201054037,27.14993667602539,1993310,0.0,0.0
2007-02-23,27.205565580888056,27.23123843032576,26.85041278411138,27.17133331298828,1197797,0.0,0.0
2007-02-26,27.261187538533033,27.368162235940716,26.33693624403323,26.473861694335938,1865472,0.0,0.0
2007-02-27,25.712208314423602,26.47386130111958,25.031855375756873,25.25864028930664,2232207,0.0,0.0
2007-02-28,25.24580339505443,25.44263575752122,24.51410295033884,25.096038818359375,1799455,0.0,0.0
2007-03-01,24.603961130941045,25.28003618864288,23.581290928794267,25.053251266479492,2144553,0.0,0.0
2007-03-02,24.817913014972614,25.070370827519525,23.96640218557411,24.35578727722168,1207953,0.0,0.0
2007-03-05,23.966398093898423,24.381455965900983,23.559897837506846,23.722497940063477,1876290,0.0,0.0
2007-03-06,24.5183842739947,24.792238817323344,23.825195705014444,24.073373794555664,2167736,0.0,0.0
2007-03-07,23.848589681365752,24.906148385039426,23.848589681365752,24.40519905090332,1833457,0.015852,0.0
2007-03-08,24.70490776221724,24.82479436672605,24.310999784843546,24.477983474731445,1782895,0.0,0.0
2007-03-09,24.53792744693636,24.777698868205523,24.18255358966827,24.3837890625,1310180,0.0,0.0
2007-03-12,24.27674714779327,24.426603144197056,23.977033351881417,24.310998916625977,1600521,0.0,0.0
2007-03-13,24.139733995062663,24.61927497338737,23.673038331246854,23.732980728149414,1477098,0.0,0.0
2007-03-14,23.70301436339278,24.062670621256142,23.12071615956299,23.274852752685547,3157988,0.0,0.0
2007-03-15,23.274853911446783,23.762957955581214,23.24916507901561,23.75011444091797,2022676,0.0,0.0
2007-03-16,25.133072101621245,26.11784485898646,25.043158490590706,25.539825439453125,5050617,0.0,0.0
2007-03-19,25.582638610934982,26.323359268635638,25.574075668591764,26.13924789428711,2362695,0.0,0.0
2007-03-20,26.203472683662014,26.4946235421477,26.02792605464615,26.314794540405273,1856640,0.0,0.0
2007-03-21,26.246290889837994,26.601664740392494,26.1435319688217,26.434682846069336,1832574,0.0,0.0
2007-03-22,26.421837228300276,26.78149164464387,26.306232992701606,26.41755485534668,2033715,0.0,0.0
2007-03-23,26.289107941266213,26.875688474466127,26.26769968202774,26.546005249023438,2069263,0.0,0.0
2007-03-26,26.541723788101365,26.790056358214155,26.1392510249324,26.47749900817871,1811157,0.0,0.0
2007-03-27,26.310514787473878,26.892816562426304,26.109279311374106,26.75580406188965,1735867,0.0,0.0
2007-03-28,26.691579143593977,27.265316169239153,26.511751927990776,27.205373764038086,2253624,0.0,0.0
2007-03-29,27.35094451904297,27.586433544982714,27.07264078183587,27.35094451904297,1413731,0.0,0.0
2007-03-30,27.273881401302912,27.663508870913045,26.995575808280726,27.201093673706055,1423888,0.0,0.0
2007-04-02,27.22249899722638,27.509367503166388,26.927067548335156,27.40660858154297,1117649,0.0,0.0
2007-04-03,27.55218505859375,27.85189708869499,27.40660961362772,27.55218505859375,995993,0.0,0.0
2007-04-04,27.702043203036226,27.82620859470562,27.466554130938324,27.821928024291992,1207070,0.0,0.0
2007-04-05,27.82192590398183,27.82192590398183,27.453706721240003,27.59071922302246,900831,0.0,0.0
2007-04-09,27.676349100313818,28.087384782379335,27.492241321085086,27.565027236938477,1365819,0.0,0.0
2007-04-10,27.509371146756934,27.71488721411975,27.428020473288942,27.642101287841797,1383924,0.0,0.0
2007-04-11,27.70204146459377,27.890431628586875,27.3209769602535,27.76198387145996,1404458,0.0,0.0
2007-04-12,27.573588116431633,28.391377046384818,27.492239263806717,28.365686416625977,1274411,0.0,0.0
2007-04-13,28.357126054161185,28.639713991695107,27.88186739142938,28.202987670898438,942561,0.0,0.0
2007-04-16,28.202983885993174,28.965110953926068,28.202983885993174,28.943702697753906,1192718,0.0,0.0
2007-04-17,29.15778695310374,29.40183712081275,28.900889667220174,29.025056838989258,1330272,0.0,0.0
2007-04-18,28.918020924556725,29.003652167024374,28.451325153638884,28.502704620361328,1073270,0.0,0.0
2007-04-19,28.215832284972873,28.678247423256817,27.9846256173831,28.46416664123535,899507,0.0,0.0
2007-04-20,29.508881562911142,29.508881562911142,28.45560347972665,28.759599685668945,1150989,0.0,0.0
2007-04-23,29.033625219166755,29.795752474109836,29.01649933126837,29.47463035583496,1137520,0.0,0.0
2007-04-24,29.58166953331898,29.671583142969403,29.14066262529509,29.418968200683594,897519,0.0,0.0
2007-04-25,29.521724700927734,29.714397220947,29.050746628389813,29.521724700927734,983408,0.0,0.0
2007-04-26,29.58595096727362,29.757215237804616,29.09356461178061,29.09784698486328,1348818,0.0,0.0
2007-04-27,29.17919410941175,30.527899850868813,29.13209522363291,29.971290588378906,2187386,0.0,0.0
2007-04-30,29.971296239262607,30.45083731086205,29.179199610951027,29.213451385498047,2188932,0.0,0.0
2007-05-01,30.720580641722027,32.4760437321268,30.06977703837926,30.861875534057617,5935331,0.0,0.0
2007-05-02,31.101641216510444,31.962244960058065,31.075950583691682,31.3499755859375,2703156,0.0,0.0
2007-05-03,31.255775291147124,31.855199231564242,30.93893383160526,31.70534324645996,2107460,0.0,0.0
2007-05-04,32.09069608276039,32.112102540347195,31.397074206294118,31.743886947631836,1763245,0.0,0.0
2007-05-07,31.67109323420582,31.833794542216594,31.208676333179476,31.491262435913086,966407,0.0,0.0
2007-05-08,31.53408479999679,31.75673215288718,30.849027672702068,31.529804229736328,1402912,0.0,0.0
2007-05-09,31.66253001555097,32.61733145610794,31.57689698484663,32.548824310302734,1836769,0.0,0.0
2007-05-10,32.523133477223645,33.07546399747945,31.915144732944565,32.08212661743164,3219589,0.0,0.0
2007-05-11,32.30048519996055,32.767182624123066,32.28335931758719,32.754337310791016,1302673,0.0,0.0
2007-05-14,33.268141369147706,33.54644698489687,32.5402676399488,32.972713470458984,2315225,0.0,0.0
2007-05-15,32.818573170826966,33.259580141666454,32.28337200680624,32.50601577758789,1738516,0.0,0.0
2007-05-16,32.96841681927233,33.1396828583806,31.992209051254786,32.240543365478516,1846263,0.0,0.0
2007-05-17,31.962235251839818,32.00077118936304,31.187264782271825,31.936548233032227,2002583,0.0,0.0
2007-05-18,32.00505031692727,32.313326984607556,31.602579503375672,32.04786682128906,1088284,0.0,0.0
2007-05-21,32.047877822377956,32.702963712190346,31.983654846893277,32.48031997680664,1427862,0.0,0.0
2007-05-22,32.49744719477247,32.698680853436834,32.0435950094765,32.34758758544922,1097778,0.0,0.0
2007-05-23,32.38185016128963,32.64302627926555,31.880900778814357,31.906591415405273,888025,0.0,0.0
2007-05-24,31.74815833537672,32.34758224894564,31.093068993280244,31.21295738220215,1176601,0.0,0.0
2007-05-25,31.32000177180202,32.364716821837504,31.32000177180202,32.07784652709961,1565636,0.0,0.0
2007-05-29,32.17632960639131,32.8271349712009,31.996502377621695,32.18489074707031,1870991,0.0,0.0
2007-05-30,31.76723967784268,32.78245637084708,31.3602986525063,32.773887634277344,2361591,0.015852,0.0
2007-05-31,33.18939039677359,33.18939039677359,32.22129654723333,32.461177825927734,2020688,0.0,0.0
2007-06-01,32.983793956613106,33.784828560988494,32.94095747634868,33.41215515136719,1655498,0.0,0.0
2007-06-04,33.45069789993201,33.699147959375516,32.9195300514283,33.296485900878906,1009903,0.0,0.0
2007-06-05,32.98377860831926,33.283630222750546,32.452610829676125,32.76959991455078,1774285,0.0,0.0
2007-06-06,32.7910061144431,33.07800994836851,32.01567472238619,32.06279373168945,1672279,0.0,0.0
2007-06-07,32.062808691723205,32.062808691723205,30.674918707492616,31.373149871826172,2455869,0.0,0.0
2007-06-08,30.841979632522083,31.68585038997199,30.640648614129393,31.634445190429688,1122948,0.0,0.0
2007-06-11,31.82721067230004,32.72676928371744,31.78866037665692,32.414066314697266,1529426,0.0,0.0
2007-06-12,32.94094673114967,33.30077232641922,32.452615344895094,32.92381286621094,3198614,0.0,0.0
2007-06-13,33.26221678060256,34.448775653778405,32.59825699773241,33.035186767578125,4290651,0.0,0.0
2007-06-14,33.4335698244346,34.10609487997742,33.42500108660218,33.827659606933594,1867459,0.0,0.0
2007-06-15,33.94759321657062,34.59013289937899,33.94759321657062,34.4359245300293,1876953,0.0,0.0
2007-06-18,35.12558578374489,35.77669424890948,34.6543882984986,35.44685745239258,2522328,0.0,0.0
2007-06-19,35.618200802159166,35.661037266501104,34.834300359690495,35.2755126953125,1554155,0.0,0.0
2007-06-20,35.51967180682246,35.96088043053214,34.87712860107422,34.87712860107422,1694799,0.0,0.0
2007-06-21,34.9114123044006,35.45543155366452,34.42308443982517,35.36975860595703,2251416,0.0,0.0
2007-06-22,35.54109914469746,35.98231151179179,35.3012178135826,35.60963821411133,1918903,0.0,0.0
2007-06-25,36.08939752763631,36.15365402671485,35.4982593834464,35.58821487426758,1932592,0.0,0.0
2007-06-26,35.73385630026591,35.74242503566762,34.123219067943666,34.183189392089844,2089575,0.0,0.0
2007-06-27,33.41213930267944,33.95187581168088,32.75246575687471,33.85335159301758,2282327,0.0,0.0
2007-06-28,33.9861515043062,34.46163163091839,33.69058238691059,33.819091796875,1718203,0.0,0.0
2007-06-29,34.1403503391971,34.66723552524612,34.12750264890271,34.431636810302734,1316141,0.0,0.0
2007-07-02,34.79575254933654,35.72529631529574,34.77861868395535,35.60963821411133,1563428,0.0,0.0
2007-07-03,35.81096008746203,36.35069660663952,35.4639894456175,35.768123626708984,712717,0.0,0.0
2007-07-05,35.75099764144396,36.624853695998695,35.75099764144396,36.539180755615234,1840522,0.0,0.0
2007-07-06,36.53059822514398,37.18170648928318,36.269296963810774,36.380672454833984,1179029,0.0,0.0
2007-07-09,35.57108640866209,36.48777892766915,35.55395254227054,36.18792724609375,2567149,0.0,0.0
2007-07-10,36.12366405330436,36.12366405330436,35.24123951848844,35.30549240112305,1442876,0.0,0.0
2007-07-11,35.28407834034813,36.08939514049524,35.14700383119536,36.012290954589844,1185211,0.0,0.0
2007-07-12,36.08940002667742,36.26074589223347,35.82809866407113,36.213626861572266,1562987,0.0,0.0
2007-07-13,36.34641864476065,36.80905108223481,36.136522465182594,36.457794189453125,1558792,0.0,0.0
2007-07-16,36.71052523955366,37.999891037229766,36.62913847480866,37.08319854736328,1674928,0.0,0.0
2007-07-17,37.20313276861694,37.56724088434524,36.46635501755449,36.57344436645508,1876070,0.0,0.0
2007-07-18,36.41495946510225,36.65055825981223,35.00993543449472,35.622493743896484,2580838,0.0,0.0
2007-07-19,35.78954726991807,36.06369992480439,35.241245568034344,35.755279541015625,2032390,0.0,0.0
2007-07-20,35.3569074929471,35.374041359254335,34.09752682863836,35.12559127807617,2178334,0.0,0.0
2007-07-23,35.50253754758872,35.74670136534884,35.03562272711698,35.15556335449219,813839,0.0,0.0
2007-07-24,34.96280055971054,35.129860201195775,34.22601933937821,34.38451385498047,1260502,0.0,0.0
2007-07-25,34.41450955189847,34.598703109452806,31.27890764610951,33.13370895385742,5905082,0.0,0.0
2007-07-26,32.55541754180529,33.24079729772256,30.949066518383784,31.46310043334961,3271917,0.0,0.0
2007-07-27,32.19131781143754,32.63253017016275,31.120413362590995,31.26177406311035,2907168,0.0,0.0
2007-07-30,31.784371607265513,32.86812730315442,31.407415771048097,32.58112335205078,3369728,0.0,0.0
2007-07-31,34.29456806152612,35.7681273100432,33.0951578605936,33.27078628540039,6191008,0.0,0.0
2007-08-01,33.5834902921947,34.23459881058522,32.34124358695549,33.39072799682617,3881965,0.0,0.0
2007-08-02,33.73341064906659,34.08466745276979,32.9195251331009,33.210811614990234,2012961,0.0,0.0
2007-08-03,33.11229671903927,33.35646424651172,31.930020204285114,31.95572280883789,2956184,0.0,0.0
2007-08-06,32.34124869463049,32.39265029783177,31.009046281682945,32.16990280151367,2637581,0.0,0.0
2007-08-07,32.01997559769809,32.76532226394454,31.103283045565835,31.57019805908203,2414140,0.0,0.0
2007-08-08,32.10992582239313,33.018053095551096,30.023810209141846,30.30652618408203,4347174,0.0,0.0
2007-08-09,29.556894704050496,30.752024101130168,28.23754389199789,29.989540100097656,6744975,0.0,0.0
2007-08-10,29.192794414413914,31.91288499276939,28.57595357847067,31.87004852294922,3319829,0.0,0.0
2007-08-13,32.405493245209904,33.45497755022858,32.38835938189392,32.82100296020508,2474637,0.0,0.0
2007-08-14,32.98377504048835,33.13370083148662,31.981413522401567,32.15275573730469,1761258,0.0,0.0
2007-08-15,32.1698964704532,32.666796576389956,30.670634632295375,30.820560455322266,1764128,0.0,0.0
2007-08-16,30.435032057980894,30.435032057980894,28.708738616042048,29.64256477355957,4194386,0.0,0.0
2007-08-17,30.5207046405608,31.163244309755264,29.73680429588382,31.034738540649414,2132851,0.0,0.0
2007-08-20,31.060439885716473,31.80150743549481,30.662067641805145,31.59589385986328,1676253,0.0,0.0
2007-08-21,31.613031200486013,31.634447630021036,30.90623490749407,31.373149871826172,1308413,0.0,0.0
2007-08-22,31.827209178603212,32.99663423619627,31.741539854589554,32.57255935668945,1700098,0.0,0.0
2007-08-23,32.850997649097295,33.133715495515126,31.750111434896194,32.114219665527344,1573805,0.0,0.0
2007-08-24,32.11421153041074,33.197963601793184,32.04138990273156,33.15084457397461,1488580,0.0,0.0
2007-08-27,33.197966010444546,33.47211506921899,32.349812624506704,32.64537811279297,1482397,0.0,0.0
2007-08-28,32.426921015636154,32.568278127629945,31.60874908204333,31.805797576904297,1337779,0.0,0.0
2007-08-29,31.88722756982147,32.08009378554988,31.501495138364657,31.835798263549805,1225396,0.018117,0.0
2007-08-30,31.737212197749646,33.481581016184336,31.715780618646974,33.254425048828125,2166632,0.0,0.0
2007-08-31,33.58015396557911,34.24876001712752,33.53729802801374,34.068748474121094,1141936,0.0,0.0
2007-09-04,33.94874541433029,34.32161953036194,33.53730022999073,34.09446716308594,1380612,0.0,0.0
2007-09-05,34.801649286774875,35.131663899627796,34.24447866443842,34.46734619140625,2065288,0.0,0.0
2007-09-06,35.15309465612614,35.15309465612614,34.31733874227316,34.74164581298828,1359416,0.0,0.0
2007-09-07,34.20161362499948,34.287332723898786,33.108707748449575,34.02589416503906,2068159,0.0,0.0
2007-09-10,34.051607976559055,34.47163012919368,32.57296611285375,33.22871398925781,2344369,0.0,0.0
2007-09-11,33.85874314577277,34.895934927543955,32.91584382314752,34.69878387451172,1276509,0.0,2.0
2007-09-12,34.88736012648065,35.1102276005993,33.51586547894308,33.53300857543945,1437135,0.0,0.0
2007-09-13,33.89303975682235,34.20162282008913,33.438731298382,33.55016326904297,1066425,0.0,0.0
2007-09-14,33.387292346406376,34.33876865227667,33.215857743338276,34.047325134277344,1495314,0.0,0.0
2007-09-17,34.28733317697087,34.60449312512258,33.68730669641341,34.167327880859375,774870,0.0,0.0
2007-09-18,34.287334209912885,35.99312846867209,33.92731831073255,35.87312316894531,1913825,0.0,0.0
2007-09-19,35.993129917304955,38.5389649864484,35.96741707335244,37.793216705322266,2500580,0.0,0.0
2007-09-20,37.810361898879506,38.05037252128704,37.278907743643565,37.45891571044922,1623152,0.0,0.0
2007-09-21,37.733207262841695,38.316090581487394,37.733207262841695,38.04179382324219,1036950,0.0,0.0
2007-09-24,38.333243073938014,38.40181908522517,36.69602464664838,37.13318634033203,1565746,0.0,0.0
2007-09-25,36.77317507862675,37.35605861425868,36.10457242044578,36.84175109863281,1418147,0.0,0.0
2007-09-26,37.064613640857566,37.69893000820386,36.60173549543383,37.098899841308594,1006922,0.0,0.0
2007-09-27,37.2446189960947,38.393242728990884,37.158899891144706,38.101802825927734,1599086,0.0,0.0
2007-09-28,38.187529929651376,38.46182679114553,37.74179121251352,37.95608901977539,981200,0.0,0.0
2007-10-01,38.144668074383205,41.30767319675504,37.9903729404663,40.28762435913086,2745880,0.0,0.0
2007-10-02,41.05909025743595,41.14480937739526,39.644739217443565,40.57049560546875,2239383,0.0,0.0
2007-10-03,40.287619227167085,40.54477654765976,38.813265750976534,39.087562561035156,2418445,0.0,0.0
2007-10-04,39.258996165543444,40.07332036516515,38.667539451616456,39.90188217163086,1054613,0.0,0.0
2007-10-05,40.8019338992478,41.273385419053795,40.0647552904542,41.03337478637695,1416381,0.0,0.0
2007-10-08,41.23051880335873,42.199134523625546,40.63048871455487,42.16484832763672,1529095,0.0,0.0
2007-10-09,42.216281860876265,42.34485690266797,40.947649272376246,41.87340545654297,1303777,0.0,0.0
2007-10-10,42.019127563220536,42.13056311754176,40.18475466772737,41.187660217285156,1677357,0.0,0.0
2007-10-11,41.487681178129776,41.6591194136299,39.559019077923296,40.28762435913086,1466942,0.0,0.0
2007-10-12,40.29619229682144,40.921935274561555,39.970462581034326,40.493343353271484,978881,0.0,0.0
2007-10-15,40.5019122391678,40.80192546801972,39.52472319962175,39.90188217163086,1151541,0.0,0.0
2007-10-16,39.55901515470642,39.799025772736655,38.76183393639149,39.190425872802734,1175497,0.0,0.0
2007-10-17,39.893316412829684,40.416197179607316,39.1304214291622,39.73902130126953,1288321,0.0,0.0
2007-10-18,39.70473259325116,39.996176089016,38.39324047214262,39.13899230957031,1772187,0.0,0.0
2007-10-19,38.92469339501392,39.01041249236008,36.5502967794905,36.73030471801758,2264443,0.0,0.0
2007-10-22,35.29881521520994,37.193191083761384,33.79874511647862,37.141761779785156,2407516,0.0,0.0
2007-10-23,37.51035043605748,38.65897430309177,36.953179798648705,37.99037170410156,2184185,0.0,0.0
2007-10-24,37.99037557810104,38.187530284581236,36.576024476363926,37.810367584228516,1860173,0.0,0.0
2007-10-25,37.50177229123993,37.8017891552859,36.37886141423471,37.16747283935547,1782675,0.0,0.0
2007-10-26,37.97322408637227,39.67901838792057,37.84464542922537,39.34471893310547,2368215,0.0,0.0
2007-10-29,40.71621256798134,41.119088052302104,39.78188293462028,41.00765609741211,2302198,0.0,0.0
2007-10-30,41.39338674896398,41.39338674896398,40.013322134146684,40.493343353271484,1793162,0.0,0.0
2007-10-31,40.72477993894929,42.224849700927734,39.859022832782834,42.224849700927734,2426173,0.0,0.0
2007-11-01,37.930371876471895,39.08756918530144,36.75603146533759,37.527496337890625,4748132,0.0,0.0
2007-11-02,39.63616090909705,39.85902842724421,38.25609624558961,39.190425872802734,3079496,0.0,0.0
2007-11-05,38.56467914607608,38.63325514881476,37.29604655932669,37.947505950927734,1907864,0.0,0.0
2007-11-06,37.9732290278948,39.94475064487084,37.9732290278948,39.841888427734375,1751653,0.0,0.0
2007-11-07,39.001843857134716,39.28471763456575,36.68744960779161,36.96175003051758,2610534,0.0,0.0
2007-11-08,37.93036610357939,37.99894211219548,34.750214619949794,35.915985107421875,3214290,0.0,0.0
2007-11-09,36.2760018411715,37.54463456500039,35.91598591001749,35.984561920166016,4334920,0.0,0.0
2007-11-12,35.9759801572827,35.9759801572827,32.93298133406262,33.284423828125,3019551,0.0,0.0
2007-11-13,33.43014909700843,35.495962784050725,33.43014909700843,35.37595748901367,2385437,0.0,0.0
2007-11-14,35.778838758160354,35.787408503584345,33.85874650479446,35.02451705932617,2565713,0.0,0.0
2007-11-15,35.05880624779166,35.58169071722246,33.22443295137498,33.85874938964844,18404338,0.0,0.0
2007-11-16,33.841601670372775,35.187380127868096,33.53301504440885,34.1330451965332,4997737,0.0,0.0
2007-11-19,33.87589023158155,34.37305820971051,33.08728231680852,33.27586364746094,2043982,0.0,0.0
2007-11-20,33.764454075184844,34.11590023641019,32.7272623002109,33.42158126831055,2109888,0.0,0.0
2007-11-21,32.67582722487832,33.43014879386622,32.1443731460573,32.855838775634766,1996180,0.0,0.0
2007-11-23,32.91584525745708,33.77302551269531,32.91584525745708,33.77302551269531,737004,0.0,0.0
2007-11-26,34.00446799607584,35.21309809730289,33.704454712024365,33.910179138183594,2283541,0.0,0.0
2007-11-27,34.67307351346982,35.10166550263698,34.047330436629345,34.544498443603516,2029189,0.0,0.0
2007-11-28,35.16196761959348,36.10533868936969,34.74174052715715,36.01957702636719,2014065,0.018117,0.0
2007-11-29,36.01958426463507,36.3626273739552,35.57362786135628,36.12249755859375,1913383,0.0,0.0
2007-11-30,36.482683238421195,37.73479406927799,36.448380019480076,37.60615158081055,5706369,0.0,0.0
2007-12-03,37.73479834538887,37.837711625499864,36.971524550263496,37.08301544189453,1897376,0.0,0.0
2007-12-04,36.93722228700458,37.43463347744141,36.276861754835096,36.73139572143555,1387457,0.0,0.0
2007-12-05,37.14304709365876,37.606155038445536,36.85145887097317,37.52039337158203,1279269,0.0,0.0
2007-12-06,37.56327532450819,38.48949485331159,37.44321043197133,38.47233963012695,1086297,0.0,0.0
2007-12-07,38.79823393760606,38.918298827795226,38.30939676542476,38.678165435791016,1315479,0.0,0.0
2007-12-10,38.86684045459995,39.51862335205078,38.592403839639985,39.51862335205078,1120851,0.0,0.0
2007-12-11,39.19273889868034,39.51863040557282,37.177357401404535,37.348880767822266,1373105,0.0,0.0
2007-12-12,40.89937950943289,41.165238553943496,39.784488489691526,41.04517364501953,4873652,0.0,0.0
2007-12-13,41.070892289625064,41.94565326613332,40.599206776597235,41.911346435546875,2830443,0.0,0.0
2007-12-14,41.362476917733744,41.88562087138107,40.89079501583319,41.25956726074219,2536348,0.0,0.0
2007-12-17,41.002289163025225,41.12235406128616,39.02121111846748,39.3642578125,2457967,0.0,0.0
2007-12-18,39.72444714524671,40.256165115274094,38.45518466120547,39.818782806396484,2727885,0.0,0.0
2007-12-19,40.02461581800842,40.599214711851914,39.62154027574551,40.31620407104492,1379950,0.0,0.0
2007-12-20,40.60778208408923,41.17380322297067,39.87881163532116,41.079463958740234,1919676,0.0,0.0
2007-12-21,41.78271423062643,41.84274667920702,41.1823861331945,41.19096374511719,3493592,0.0,0.0
2007-12-24,41.44824296929657,43.94388728901498,41.37963652403169,43.720909118652344,1140832,0.0,0.0
2007-12-26,44.158286454296245,44.158286454296245,42.357309536916716,42.95763397216797,1213142,0.0,0.0
2007-12-27,43.02624903730405,43.36929212762727,41.679802289356395,41.76556396484375,1566078,0.0,0.0
2007-12-28,42.51167828832778,42.98336384408647,41.696949677006174,42.10002517700195,1399269,0.0,0.0
2007-12-31,42.04856800177482,42.67462163359631,41.47396920019008,41.877044677734375,1383372,0.0,0.0
2008-01-02,41.87704969574712,41.937082144029674,39.81021361849994,40.30762481689453,2047956,0.0,0.0
2008-01-03,40.30762688525622,40.8650741721645,39.793060436696756,40.02461624145508,1701754,0.0,0.0
2008-01-04,39.99889245330471,39.99889245330471,37.932052564041825,38.1207275390625,2023559,0.0,0.0
2008-01-07,39.08980981142503,39.08980981142503,36.053874178187044,37.43462371826172,3372046,0.0,0.0
2008-01-08,37.67477092069312,38.43804120591666,35.590779429423044,35.65938949584961,2647627,0.0,0.0
2008-01-09,35.676531460884846,36.00242286792803,33.292378345588666,35.376365661621094,5227361,0.0,0.0
2008-01-10,33.98705014989484,36.15679964391001,32.64060336991604,35.59077835083008,5019154,0.0,0.0
2008-01-11,35.66795538930258,36.01099842020649,34.038498283789814,34.31293487548828,3354051,0.0,0.0
2008-01-14,35.00760654878395,36.877193842049635,34.733169894364664,36.7742805480957,2982569,0.0,0.0
2008-01-15,35.71084219467949,36.54272249642564,34.372973066817195,34.638832092285156,2803617,0.0,0.0
2008-01-16,34.41584993063931,34.41584993063931,31.971664145620988,32.76923751831055,6162636,0.0,0.0
2008-01-17,33.2323481236801,33.24949973388502,29.2358893157833,29.613237380981445,5551704,0.0,0.0
2008-01-18,30.350784530804358,31.208394059386368,29.57036087105006,30.530881881713867,4658159,0.0,0.0
2008-01-22,25.788304557423277,30.350783224836288,25.788304557423277,29.819067001342773,4401047,0.0,0.0
2008-01-23,28.884273480993134,30.445122540829285,26.585881629938065,30.14495849609375,3934845,0.0,0.0
2008-01-24,30.282176652368477,31.38848993055097,30.110653310087717,30.522306442260742,3990926,0.0,0.0
2008-01-25,31.397064686502784,32.12603160163867,30.77958504440793,31.19981575012207,2922844,0.0,0.0
2008-01-28,31.30272940807592,31.963086278321455,30.685249758400904,31.843021392822266,1807403,0.0,0.0
2008-01-29,31.911621239463713,32.571977898488676,31.131196121718737,31.765827178955078,2288067,0.0,0.0
2008-01-30,31.5857411453547,31.94593581478503,30.65952163758632,30.788164138793945,2564830,0.0,0.0
2008-01-31,30.968266670499574,33.017951364266025,30.170691335905335,32.61487579345703,2967113,0.0,0.0
2008-02-01,33.00937546809194,34.02135314343849,32.2632532126595,33.59254837036133,4164579,0.0,0.0
2008-02-04,34.29578349083364,34.34723832057552,33.395293271533305,33.5582389831543,2976607,0.0,0.0
2008-02-05,34.27863140516903,34.81892703082674,32.33186029839256,32.50338363647461,4383825,0.0,0.0
2008-02-06,32.90646372111417,33.19804838010852,31.011147185332042,32.52911376953125,3622424,0.0,0.0
2008-02-07,31.731530784002167,33.12943581326011,31.13120635126163,32.72636032104492,3020214,0.0,0.0
2008-02-08,32.62345352549253,33.35242060074699,31.860179610391246,32.846431732177734,3194639,0.0,0.0
2008-02-11,33.095129625968,33.463901863728545,32.177487836764534,33.403865814208984,2000817,0.0,0.0
2008-02-12,33.53251052275809,34.11568333118299,32.68347872557499,32.97506332397461,2274378,0.0,0.0
2008-02-13,33.644009592784535,34.716019807976984,33.446756997245956,34.59595489501953,3228752,0.0,0.0
2008-02-14,34.59594550153351,34.77604282206969,33.31810542471023,33.70403289794922,2736938,0.0,0.0
2008-02-15,33.635423033579904,33.64400064434968,32.79496525479122,33.5582389831543,1909520,0.0,0.0
2008-02-19,34.381538928281,34.553062237640354,33.27522586243922,33.71260452270508,2237617,0.0,0.0
2008-02-20,33.481060519086604,34.621680690747475,33.035104140412926,34.493038177490234,2249539,0.0,0.0
2008-02-21,35.28203534742156,35.848056590267035,34.77604655119224,34.92184066772461,2713423,0.0,0.0
2008-02-22,35.37636859977869,35.37636859977869,34.192871359992246,35.11908721923828,1539031,0.0,0.0
2008-02-25,35.161972400643066,36.20825688596271,34.68171280112817,36.088191986083984,2784849,0.0,0.0
2008-02-26,35.89094169739164,36.5513023003993,35.59077942858197,36.31117248535156,3183158,0.0,0.0
2008-02-27,36.302590405721816,37.38317805209871,35.83948244631056,36.9801025390625,2288951,0.0,0.0
2008-02-28,36.79143211544704,37.04871354419441,35.81375762993006,36.31117248535156,1600080,0.0,0.0
2008-02-29,35.98527988102088,36.25113891423682,34.59595226302962,34.938995361328125,1881148,0.0,0.0
2008-03-03,34.527333406255046,36.25970368139275,34.527333406255046,35.81374740600586,2058113,0.0,0.0
2008-03-04,35.91667143041242,35.91667143041242,33.66116015875146,34.52734375,2766303,0.0,0.0
2008-03-05,35.076482800416215,35.78865195794256,34.49302008777257,35.445438385009766,1896162,0.018117,0.0
2008-03-06,35.38537332371953,35.822969420512884,34.844809188362106,34.922035217285156,1223740,0.0,0.0
2008-03-07,34.70753048366088,34.70753048366088,32.794111834004,33.46337890625,2836184,0.0,0.0
2008-03-10,33.471956193754814,33.64356116614432,32.39941337270243,32.631080627441406,3049248,0.0,0.0
2008-03-11,33.14590275386957,36.209089992330114,33.14590275386957,36.20050811767578,4062794,0.0,0.0
2008-03-12,36.200502776405536,36.51797427703939,35.30814693453919,35.39394760131836,1974543,0.0,0.0
2008-03-13,34.956353642394795,35.90877181462317,34.03825573892871,35.822967529296875,2046190,0.0,0.0
2008-03-14,36.15760645077012,36.209090472537085,33.93529474870452,34.69894790649414,2049723,0.0,0.0
2008-03-17,33.47196273762211,33.91814081185323,32.37367769129602,33.360416412353516,2649173,0.0,0.0
2008-03-18,34.09832474064451,34.716111380725394,33.27460922053665,34.458702087402344,2588013,0.0,0.0
2008-03-19,34.45869879336603,35.222348338163044,32.60533905029297,32.60533905029297,2081627,0.0,0.0
2008-03-20,32.60534431340046,33.1544868251458,31.318294148644046,33.00004196166992,2000486,0.0,0.0
2008-03-24,33.45479830477251,34.484439048525736,32.905655852086554,34.329994201660156,1753751,0.0,0.0
2008-03-25,34.18412904515927,35.34247628532177,33.943879889585645,35.050743103027344,1767550,0.0,0.0
2008-03-26,35.17944348928732,35.608461313145746,34.690363386893964,35.239505767822266,1583520,0.0,0.0
2008-03-27,35.256661745956194,35.608457114996845,34.19269737915241,34.235599517822266,1818222,0.0,0.0
2008-03-28,34.77616762849707,35.21376371247169,34.42437221844446,34.76758575439453,1745471,0.0,0.0
2008-03-31,35.016421279371464,35.265252299537835,34.29567023109467,35.007843017578125,1965049,0.0,0.0
2008-04-01,35.65994704870749,37.195827969098225,35.26524947545076,36.96415710449219,2218960,0.0,0.0
2008-04-02,36.895521082874886,37.53904612180345,36.329218470470344,36.73249435424805,1442765,0.0,0.0
2008-04-03,36.75823348699468,38.439981054681425,36.535140873641545,37.890838623046875,2256825,0.0,0.0
2008-04-04,38.156828405852224,38.911899674019516,37.92515753930036,38.50004196166992,2331453,0.0,0.0
2008-04-07,38.585854868652724,39.014872812562565,38.10535289249443,38.38850784301758,2141462,0.0,0.0
2008-04-08,38.55152056943114,38.55152056943114,37.3674351218301,37.9852180480957,1822528,0.0,0.0
2008-04-09,38.51720247834126,38.51720247834126,35.88303308159552,36.26057052612305,3184593,0.0,0.0
2008-04-10,36.449340950992976,36.76681251440265,35.08506491168191,36.03748321533203,2912357,0.0,0.0
2008-04-11,35.32531000870132,35.60846126619565,34.39005194887565,34.76758575439453,1977192,0.0,0.0
2008-04-14,34.83622607000537,34.896288341845704,33.5920748808323,34.0296745300293,2586137,0.0,0.0
2008-04-15,33.463376169327766,33.463376169327766,29.85104812041863,30.932174682617188,7886249,0.0,0.0
2008-04-16,31.241061461567963,32.39941214505536,31.21532306540838,31.824527740478516,3357363,0.0,0.0
2008-04-17,32.05619387388142,32.38224727251382,31.584273910583903,32.08193588256836,2204939,0.0,0.0
2008-04-18,33.12016673237489,34.01252286726834,32.9056595748577,33.85807800292969,2978153,0.0,0.0
2008-04-21,33.73794479327461,33.89238961813771,32.905651164290965,33.70362091064453,1679454,0.0,0.0
2008-04-22,33.71220461277985,33.71220461277985,31.841688411281584,32.53669738769531,1983706,0.0,0.0
2008-04-23,32.53669514064147,32.53669514064147,31.378348131090128,32.04761505126953,1534504,0.0,0.0
2008-04-24,32.390831459881326,33.64356112650616,32.32218730295385,33.308929443359375,3268826,0.0,0.0
2008-04-25,33.4118932359165,33.80658719382747,32.75978640449402,33.33466720581055,2103706,0.0,0.0
2008-04-28,33.54918115251011,35.007843402093,33.25744797990929,34.71611022949219,2820839,0.0,0.0
2008-04-29,34.32141472607967,34.32141472607967,31.678666713593994,33.46337890625,5437886,0.0,0.0
2008-04-30,33.463369995282314,33.96103193909273,32.17631660826753,32.450889587402344,3131493,0.0,0.0
2008-05-01,32.46804672226393,33.38614450339845,32.03045070688005,33.22311782836914,2854841,0.0,0.0
2008-05-02,33.61782571511198,34.02968346641346,33.248870114022836,33.952457427978516,1883466,0.0,0.0
2008-05-05,34.08975044213757,34.08975044213757,33.360417401649244,33.78085708618164,1499509,0.0,0.0
2008-05-06,33.60066185234662,33.78084869520807,33.085839720299,33.746524810791016,1204420,0.0,0.0
2008-05-07,33.6778852527507,34.09832123171113,32.90565383882774,32.95713424682617,1485599,0.0,0.0
2008-05-08,33.214543497137335,34.80191208432369,33.214543497137335,34.57882308959961,4021947,0.0,0.0
2008-05-09,34.18412594422795,35.9945799358143,33.99535721907753,35.025001525878906,2751068,0.0,0.0
2008-05-12,35.18803012732583,36.33779544926427,34.88771508057236,36.19192886352539,2117947,0.0,0.0
2008-05-13,36.27773456182534,36.79255676269531,35.80581451214631,36.79255676269531,1845048,0.0,0.0
2008-05-14,36.76681544945503,36.79255746334407,34.81907653808594,34.81907653808594,2582273,0.0,0.0
2008-05-15,35.04216077410447,35.04216077410447,34.115480921465725,34.93061447143555,2967665,0.0,0.0
2008-05-16,35.35105980514765,36.20909564075169,34.57024639979525,35.03358459472656,2523873,0.0,0.0
2008-05-19,33.772271713528255,34.57882710615655,32.97429819660273,33.69504928588867,5668283,0.0,0.0
2008-05-20,33.60066195368173,34.55308019077656,33.49769752696168,34.48443603515625,3284391,0.0,0.0
2008-05-21,34.51018628241783,35.23951570460612,33.48054538287348,33.66073226928711,3697052,0.0,0.0
2008-05-22,33.83232892419529,34.51875963446424,33.68646235309538,33.892391204833984,1936898,0.0,0.0
2008-05-23,33.86664443012247,34.046834860107346,32.75119965132724,33.47195053100586,1790734,0.0,0.0
2008-05-27,33.48054265792057,33.54918321091725,32.897076276920416,33.46337890625,1561331,0.0,0.0
2008-05-28,33.780846598188774,34.11547825318112,33.30892664089232,33.99535369873047,1841295,0.0,0.0
2008-05-29,33.883757156848,34.22714769711224,33.4802776103329,33.69489669799805,1856088,0.018117,0.0
2008-05-30,33.79790773520192,34.089784586432046,33.33433202603568,33.39442825317383,1685195,0.0,0.0
2008-06-02,33.23990556265718,34.58770180108405,33.23990556265718,34.3387451171875,2521555,0.0,0.0
2008-06-03,34.218562320675325,36.012762030158854,34.218562320675325,35.20580291748047,4003401,0.0,0.0
2008-06-04,34.88816738305135,35.600696264005535,34.49327403652628,35.20580291748047,1808066,0.0,0.0
2008-06-05,35.21438758823077,36.45916755464881,35.11995735093912,36.34756851196289,2250974,0.0,0.0
2008-06-06,36.19303158405405,37.060086735741635,35.62644309338437,36.527835845947266,3328881,0.0,0.0
2008-06-09,36.708125685934995,37.300469378724955,35.566362123118495,36.201629638671875,2179107,0.0,0.0
2008-06-10,35.87541101632159,36.158705350718236,35.41183518253931,35.806732177734375,2325602,0.0,0.0
2008-06-11,35.94407418658571,35.94407418658571,34.41600036621094,34.41600036621094,3782167,0.0,0.0
2008-06-12,34.65637769092303,34.67354649262487,33.188396339598604,33.57470703125,4264377,0.0,0.0
2008-06-13,33.909513989757215,34.338748572871,33.72923611559377,34.05545425415039,2663304,0.0,0.0
2008-06-16,33.60045975770787,34.26148214852098,33.48027452578654,34.03828048706055,1653511,0.0,0.0
2008-06-17,33.986771248566825,34.510435946205476,33.463102935682656,33.49744415283203,2759458,0.0,0.0
2008-06-18,33.47169156767125,33.62621440267407,32.8450104036937,33.14547348022461,2722476,0.0,0.0
2008-06-19,33.09396469040396,33.806493507129204,32.98236566435752,33.38584518432617,1737412,0.0,0.0
2008-06-20,33.196988806669474,33.56613080641362,31.8320234748176,32.10673522949219,3127077,0.0,0.0
2008-06-23,32.201152764159666,32.664724825992735,31.746163294719715,32.47586441040039,3058300,0.0,0.0
2008-06-24,32.10672976999239,32.518791909066195,31.34269088258701,31.445707321166992,2224479,0.0,0.0
2008-06-25,31.591648187171668,31.866359900438734,31.22250624306859,31.565893173217773,1682214,0.0,0.0
2008-06-26,31.179576947117432,31.522963816938773,29.10208331173959,29.325284957885742,3159865,0.0,0.0
2008-06-27,29.299535657237577,29.316704460727788,27.58259746427938,27.634105682373047,4990230,0.0,0.0
2008-06-30,27.64268914289746,28.22644832554128,26.458003782327157,27.925983428955078,4584525,0.0,0.0
2008-07-01,27.376560543161446,27.470992563638042,26.26055232888446,27.07609748840332,7694712,0.0,0.0
2008-07-02,27.170533596538718,27.170533596538718,24.337587017021594,24.749650955200195,7038407,0.0,0.0
2008-07-03,24.74964957650156,25.324824346705274,23.273083749004023,23.676563262939453,3987062,0.0,0.0
2008-07-07,23.848261221110498,24.517866288977547,23.084224113121746,24.380512237548828,4852567,0.0,0.0
2008-07-08,24.46635635611831,24.46635635611831,23.436193811980626,23.607887268066406,5554906,0.0,0.0
2008-07-09,23.625057346171968,23.796752619145256,22.40603247684949,22.431787490844727,3906473,0.0,0.0
2008-07-10,22.43178740267861,23.736659903359048,22.414616790874906,23.401857376098633,4644801,0.0,0.0
2008-07-11,23.118559787106463,23.1958230162383,21.95962761873573,22.71508026123047,3185587,0.0,0.0
2008-07-14,23.170068369062427,23.212990374104518,22.51763039332536,22.749418258666992,1987128,0.0,0.0
2008-07-15,22.50904718773294,23.03271375328614,21.890950398449245,22.157075881958008,3010057,0.0,0.0
2008-07-16,21.99396583291137,22.97262009263396,21.77934857555346,22.94686508178711,2429154,0.0,0.0
2008-07-17,23.1443180383419,24.140141293891798,22.955453947475714,24.12297248840332,3795635,0.0,0.0
2008-07-18,24.492111964561623,25.221809622583837,23.50487140471079,23.616472244262695,2483910,0.0,0.0
2008-07-21,23.728075872579318,23.762413481477864,23.3074257025871,23.685152053833008,1290971,0.0,0.0
2008-07-22,23.496285014168222,24.22598261043047,23.14431372156322,23.393268585205078,2683396,0.0,0.0
2008-07-23,23.35034970362017,24.509281973079112,23.07563798454847,24.35475730895996,2837840,0.0,0.0
2008-07-24,24.66380654226994,25.153133739618987,23.839676811096243,24.019954681396484,4252454,0.0,0.0
2008-07-25,24.191647015594747,25.264733400089124,24.03712235931279,24.947099685668945,2994823,0.0,0.0
2008-07-28,25.118796108969114,25.85708006242735,24.191649869523456,24.87842559814453,4672400,0.0,0.0
2008-07-29,26.50092574761215,26.5180945493195,22.64640142309126,23.547792434692383,6941369,0.0,0.0
2008-07-30,24.286078848539972,24.286078848539972,23.04988341622609,23.195823669433594,3926455,0.0,0.0
2008-07-31,23.264501869396575,23.350349506835897,22.509049167373803,22.629236221313477,2975393,0.0,0.0
2008-08-01,22.534802197376194,22.749421289292048,21.985382383416322,22.045475006103516,3026948,0.0,0.0
2008-08-04,21.933870143899433,21.933870143899433,19.684683079647264,19.770530700683594,7414416,0.0,0.0
2008-08-05,20.070999625227312,20.620419449613745,19.83062732229378,20.440139770507812,4931500,0.0,0.0
2008-08-06,20.50881890684222,21.032483724386427,20.139676948492582,20.860790252685547,2237617,0.0,0.0
2008-08-07,20.637586073547055,20.792110721757037,19.86496283249714,20.019489288330078,2474306,0.0,0.0
2008-08-08,20.088166851686935,21.2041752174136,19.839210165997063,20.749187469482422,2131195,0.0,0.0
2008-08-11,20.543153152657798,21.11832790591263,20.474476136747974,20.671924591064453,2235850,0.0,0.0
2008-08-12,20.603249331433698,20.68051256936708,20.028076286309652,20.113922119140625,2639237,0.0,0.0
2008-08-13,19.967979144493487,19.967979144493487,19.22969538797394,19.770530700683594,4282482,0.0,0.0
2008-08-14,19.85637778065838,20.91229527169333,19.53016149973148,20.50881576538086,3034234,0.0,0.0
2008-08-15,20.551736119586106,21.667746136453836,20.551736119586106,21.4273738861084,3065807,0.0,0.0
2008-08-18,21.71067279518418,22.19141374371347,20.843617507699037,21.023897171020508,2303523,0.0,0.0
2008-08-19,20.852202876848324,21.023896324066776,20.603246203426675,20.81786346435547,1461422,0.0,0.0
2008-08-20,20.87795479660771,21.09257204433858,20.60324493642693,20.938047409057617,1242728,0.0,0.0
2008-08-21,20.689094707341408,21.006728411582415,20.388629806262728,20.88654136657715,1187088,0.0,0.0
2008-08-22,21.041064328601262,21.272850383175445,20.826447075810993,20.972387313842773,1037943,0.0,0.0
2008-08-25,20.82644984211595,21.290023820462075,20.714849000451284,21.041067123413086,1654726,0.0,0.0
2008-08-26,21.02389554298245,21.238512795937737,20.869370903939902,21.221343994140625,1175607,0.0,0.0
2008-08-27,21.324444886818856,22.080509256331162,21.315853534065464,21.8227596282959,1591469,0.018117,0.0
2008-08-28,22.20938691681937,22.406995299868896,21.908680474229882,22.00318717956543,1758498,0.0,0.0
2008-08-29,22.020366803012987,22.07191672586945,21.565010658686397,21.633743286132812,1096453,0.0,0.0
2008-09-02,21.93445050363221,21.994591781091593,20.955003740859397,21.13542938232422,1664440,0.0,0.0
2008-09-03,21.032325229301854,21.436131383646774,20.190343898972102,20.3192195892334,2343376,0.0,0.0
2008-09-04,20.13020960133292,20.13020960133292,18.575123901771143,18.91878890991211,5299670,0.0,0.0
2008-09-05,18.944563097554344,18.944563097554344,18.09399019751728,18.506389617919922,5459413,0.0,0.0
2008-09-08,19.04765787254205,19.064842384832268,18.033845819963954,18.265819549560547,3696168,0.0,0.0
2008-09-09,18.222864640559255,18.394698943437056,17.21764373779297,17.21764373779297,5104932,0.0,0.0
2008-09-10,17.492576089675897,17.638632714400472,16.83961152781809,17.21764373779297,4263494,0.0,0.0
2008-09-11,17.011443664253918,18.111173048683888,16.839611174072584,18.04244041442871,4003732,0.0,0.0
2008-09-12,18.033848421623855,18.1541309795757,17.449616528460535,17.999481201171875,2200965,0.0,0.0
2008-09-15,17.286375273230423,17.59567482781965,16.530310901403453,16.64200210571289,2658225,0.0,0.0
2008-09-16,16.33270483849537,17.09735877640736,15.954672641511637,17.020034790039062,2959827,0.0,0.0
2008-09-17,16.925524513474542,16.925524513474542,15.628186923725636,15.645371437072754,3212303,0.0,0.0
2008-09-18,15.96326452998044,15.96326452998044,14.494094267009975,15.628189086914062,4634424,0.0,0.0
2008-09-19,16.89975325943038,18.901605573937736,15.980447674578617,16.238197326660156,5170065,0.0,0.0
2008-09-22,16.384253025912617,16.384253025912617,15.645371416470152,15.7484712600708,2513275,0.0,0.0
2008-09-23,16.031993693908127,16.083543611748567,15.344662059064378,15.379029273986816,2436440,0.0,0.0
2008-09-24,15.387622982036383,15.894530886613959,14.872125533770761,15.026774406433105,1876180,0.0,0.0
2008-09-25,15.250155383928925,15.705511483947472,14.829163785203173,15.379029273986816,2798097,0.0,0.0
2008-09-26,15.018181461322303,15.33607143026011,14.803390428380313,15.241564750671387,1894616,0.0,0.0
2008-09-29,14.915083604674841,15.086916092066987,12.904640064921889,13.342814445495605,3711514,0.0,0.0
2008-09-30,13.84972018576677,13.970003647372126,12.896048368418445,13.359996795654297,3856463,0.0,0.0
2008-10-01,13.480279050690127,13.480279050690127,12.655482066204522,13.351405143737793,3514567,0.0,0.0
2008-10-02,13.16238894997877,13.402955882411241,11.968151972727224,12.045475959777832,3423932,0.0,0.0
2008-10-03,12.457874019317467,12.57815656783716,11.332369799085717,11.358144760131836,3129064,0.0,0.0
2008-10-06,10.911380082349632,11.143354753283306,9.493760711484011,11.0230712890625,4888556,0.0,0.0
2008-10-07,11.873643362980898,11.873643362980898,10.318556119613858,10.378697395324707,5417684,0.0,0.0
2008-10-08,10.069399219111432,11.547159703039094,9.931932159932336,10.962928771972656,3914973,0.0,0.0
2008-10-09,11.375327323002136,11.933784202360814,10.713771505284422,10.78250503540039,5785634,0.0,0.0
2008-10-10,10.352923995050812,11.108988379222996,9.459393441442172,10.524757385253906,4783569,0.0,0.0
2008-10-13,11.332370342800008,12.389141082763672,10.894195983992878,12.389141082763672,3108641,0.0,0.0
2008-10-14,13.325628587494283,13.660702152759876,11.908008544240491,12.139983177185059,5280903,0.0,0.0
2008-10-15,12.10561653105185,12.10561653105185,10.026440611065478,10.077990531921387,2876037,0.0,0.0
2008-10-16,10.129540627496844,10.799687801096157,9.579676001607167,10.47320556640625,4154091,0.0,0.0
2008-10-17,10.45602206036814,10.739546632751486,9.888973820144741,10.21545696258545,3298081,0.0,0.0
2008-10-20,10.438840237880674,10.602081370620425,9.880383302671513,10.524757385253906,2382898,0.0,0.0
2008-10-21,10.052216692260272,10.37869805317645,9.596859610292121,9.665593147277832,2622015,0.0,0.0
2008-10-22,9.596858921682907,9.596858921682907,8.316704915002099,8.711919784545898,3231070,0.0,0.0
2008-10-23,8.668962570234624,8.849386405259278,7.723882108641134,8.333888053894043,3654770,0.0,0.0
2008-10-24,7.302891733184831,8.015997975031382,7.0193675974341545,7.6809234619140625,3330206,0.0,0.0
2008-10-27,7.448950270854407,8.58304690023179,7.448950270854407,7.878532409667969,3726748,0.0,0.0
2008-10-28,8.643188005180706,9.029811560360404,7.466133728806116,9.021220207214355,3664816,0.0,0.0
2008-10-29,8.677554260251037,8.84079539611891,7.277117123475521,7.285709381103516,7484959,0.0,0.0
2008-10-30,7.90430686939025,9.253193577487815,7.826982885340109,9.167277336120605,8049856,0.0,0.0
2008-10-31,9.150094944204405,9.227418930904925,8.333888361881002,8.471355438232422,4488149,0.0,0.0
2008-11-03,8.67755385182155,8.875161295270381,8.436988740428195,8.59163761138916,3816500,0.0,0.0
2008-11-04,9.04699435282843,9.04699435282843,8.445579787052756,8.63459587097168,4709825,0.0,0.0
2008-11-05,8.591638823619048,8.660372368388867,8.024590471306063,8.076140403747559,3292892,0.0,0.0
2008-11-06,8.187830569042712,8.27374681054304,7.423175748326772,7.474724769592285,2975945,0.0,0.0
2008-11-07,7.749655547589783,7.938671602741473,7.51768183258822,7.758246898651123,2237727,0.0,0.0
2008-11-10,8.23938068955866,8.23938068955866,7.165426740882283,7.388808250427246,3134584,0.0,0.0
2008-11-11,7.328666975078155,7.3802169021380495,6.942043878944014,7.036551475524902,2157469,0.0,0.0
2008-11-12,6.942042964436896,7.079509116973109,6.4093610580195355,6.426544666290283,2840599,0.0,0.0
2008-11-13,6.452320503809518,6.7186610409634815,5.928229877990205,6.606969833374023,5830565,0.0,0.0
2008-11-14,6.323445340635288,6.529644600977251,5.876680954968583,5.945413589477539,5368116,0.0,0.0
2008-11-17,5.850905611301479,6.01414583380553,5.584564182364422,5.687664031982422,2817527,0.0,0.0
2008-11-18,5.713438851553971,5.713438851553971,4.8370915085241935,5.215124130249023,6582362,0.0,0.0
2008-11-19,5.129207556962109,5.215123789026691,4.69103323570921,4.699625492095947,4503053,0.0,0.0
2008-11-20,4.570750745850013,4.630892018553031,3.9435612493543952,3.960744857788086,6913218,0.0,0.0
2008-11-21,4.330185297213918,4.656667080500585,3.917785922156442,4.158352375030518,5136726,0.0,0.0
2008-11-24,4.502018067288557,5.481464288599497,4.132577274462884,5.309631824493408,7644371,0.0,0.0
2008-11-25,5.670480519958695,5.670480519958695,4.725401413220879,5.051883220672607,8585939,0.0,0.0
2008-11-26,5.043262608724773,6.465720804512717,4.638077247101129,6.2157135009765625,5453010,0.018117,0.0
2008-11-28,6.284680698717965,6.853664338157667,6.034672488398235,6.793317794799805,2548602,0.0,0.0
2008-12-01,6.741591977245216,6.741591977245216,5.620866948509157,5.63810920715332,4991997,0.0,0.0
2008-12-02,5.905358933205933,6.45710033346722,5.689834324732808,6.396753787994385,4386143,0.0,0.0
2008-12-03,6.077777467509257,6.439858530206674,5.931221451980681,6.241576194763184,4225186,0.0,0.0
2008-12-04,6.353649125772712,6.353649125772712,5.620866770996833,5.724318504333496,4040383,0.0,0.0
2008-12-05,5.870875538103709,6.465721246553607,5.491553084592354,6.422616958618164,5010102,0.0,0.0
2008-12-08,6.948494512973762,7.87955826233792,6.8967681944570876,7.586445331573486,6673769,0.0,0.0
2008-12-09,7.586445867929622,8.138187253578232,7.086430350639394,7.646792411804199,5746774,0.0,0.0
2008-12-10,7.7674871158075955,8.793381178159002,7.7588655318742505,8.517511367797852,8032413,0.0,0.0
2008-12-11,8.37957497927186,8.46578445459862,7.62955081943096,7.724380970001221,6655996,0.0,0.0
2008-12-12,7.232986691891964,7.905421606601694,7.138156086269988,7.888180255889893,5002484,0.0,0.0
2008-12-15,8.060599028076439,8.241638652275071,7.293333071131196,7.448511123657227,3342239,0.0,0.0
2008-12-16,7.715760630797359,7.888180496590749,7.4916158036596325,7.8623175621032715,3809214,0.0,0.0
2008-12-17,7.758864567371503,8.189912851011748,7.6898973502621875,7.983010292053223,4801232,0.0,0.0
2008-12-18,8.18129224201949,8.276122393220222,7.500236202490385,7.620930194854736,4508793,0.0,0.0
2008-12-19,7.707139497980986,7.758865369978989,7.293333883442972,7.543342113494873,4365058,0.0,0.0
2008-12-22,7.698518363534382,7.715760622384106,6.922632145017319,7.017463207244873,3852931,0.0,0.0
2008-12-23,7.051946227272389,7.267469906707828,6.896768179685277,7.0605669021606445,3297529,0.0,0.0
2008-12-24,7.086430188014826,7.120913796918858,6.89676852378148,6.991600036621094,881843,0.0,0.0
2008-12-26,7.060568142928354,7.198503957348151,6.896769391668307,7.146777629852295,1337558,0.0,0.0
2008-12-29,7.198502851517226,7.198502851517226,6.707108034670995,6.87090539932251,2298003,0.0,0.0
2008-12-30,6.80193832295243,7.1036723946538665,6.698486589361618,7.095050811767578,2669375,0.0,0.0
2008-12-31,7.129534465335306,7.672655162478012,7.129534465335306,7.465752601623535,4185223,0.0,0.0
2009-01-02,7.750243327939342,8.267501049126263,7.543340784042881,8.181291580200195,3799610,0.0,0.0
2009-01-05,8.172671267441414,8.664066078943948,7.948526456783533,8.483025550842285,4234459,0.0,0.0
2009-01-06,8.810620542172748,9.043386894505803,8.55199216943308,8.784757614135742,4719208,0.0,0.0
2009-01-07,8.698549876216417,8.698549876216417,8.060599037901175,8.189912796020508,3449654,0.0,0.0
2009-01-08,7.801969096751223,7.801969096751223,6.810558400794046,7.232985973358154,13288698,0.0,0.0
2009-01-09,7.3967850044989945,7.3967850044989945,6.819180692673348,7.000220775604248,5641015,0.0,0.0
2009-01-12,7.060567587759699,7.060567587759699,6.103641268989723,6.129504203796387,7491362,0.0,0.0
2009-01-13,6.362270032418773,6.500205379341181,6.086398430943345,6.327785968780518,4287560,0.0,0.0
2009-01-14,6.258817396272689,6.413995444698336,5.793285520072114,5.9139790534973145,4206088,0.0,0.0
2009-01-15,5.98294766299129,5.991568338628012,5.353617466006277,5.862253665924072,5747216,0.0,0.0
2009-01-16,6.181229817480749,6.198471168217573,5.586383249187271,6.000188827514648,3682369,0.0,0.0
2009-01-20,5.94846329965315,5.965705559004963,5.207061123430805,5.344996929168701,6054337,0.0,0.0
2009-01-21,5.526036522231645,5.965705509568314,5.439827041448268,5.922601222991943,5285760,0.0,0.0
2009-01-22,5.7588024640207545,5.7588024640207545,5.2932709970678316,5.500173568725586,3601118,0.0,0.0
2009-01-23,5.18981837433095,5.870874847629243,5.18981837433095,5.551899433135986,3474714,0.0,0.0
2009-01-26,5.482931438107893,5.724318987541494,5.215681860787608,5.3536176681518555,5230452,0.0,0.0
2009-01-27,5.422584439968861,5.646729711199164,5.344996547502572,5.569140911102295,3192211,0.0,0.0
2009-01-28,5.741560459053843,5.957085077459153,5.655350974743989,5.896738529205322,3684467,0.0,0.0
2009-01-29,5.948463435337237,6.034672918801448,5.051883627389573,5.094988822937012,8331365,0.0,0.0
2009-01-30,5.310512201773346,5.310512201773346,4.551867796012283,4.74152946472168,7244075,0.0,0.0
2009-02-02,4.655319494890377,4.655319494890377,4.310481131443205,4.370827674865723,7910536,0.0,0.0
2009-02-03,4.370827682159355,4.448415576614576,4.10357721259197,4.267375946044922,8137841,0.0,0.0
2009-02-04,4.3104813761815075,4.569110276905011,4.250134829332665,4.293239116668701,5288520,0.0,0.0
2009-02-05,4.224271847872006,4.569110227142581,4.181166199559456,4.5001420974731445,5059228,0.0,0.0
2009-02-06,4.586350780851647,4.948431356448358,4.526004245159816,4.827738285064697,5198327,0.0,0.0
2009-02-09,4.9484325935111615,5.000158921602077,4.6984243524510765,4.750150680541992,4115342,0.0,0.0
2009-02-10,4.8018758001672985,4.9742947489017775,4.379448195848086,4.457037448883057,6909575,0.0,0.0
2009-02-11,4.586350785549189,4.767390846625353,4.39669005011693,4.517383575439453,5276266,0.0,0.0
2009-02-12,4.439793688162214,4.500140669013467,4.181164872350849,4.396689414978027,6114614,0.0,0.0
2009-02-13,4.43979514582027,4.491521470543362,4.2242718938787815,4.293239116668701,3296645,0.0,0.0
2009-02-17,4.13806134877218,4.284617810170712,4.008746690533693,4.120819091796875,6084696,0.0,0.0
2009-02-18,4.138061213408525,4.207028877607905,3.965642279817698,4.000125885009766,5338419,0.0,0.0
2009-02-19,4.069093500542683,4.155302975921744,3.7932232700927457,3.81046462059021,3356590,0.0,0.0
2009-02-20,3.698391915050607,3.793223198424916,3.517352065556611,3.6725289821624756,4360752,0.0,0.0
2009-02-23,3.750118430814173,3.8363279142903766,3.448385238647461,3.448385238647461,3460915,0.0,0.0
2009-02-24,3.5345943308860437,3.8277068145502637,3.3966587641581483,3.8018438816070557,3417750,0.0,0.0
2009-02-25,3.7070137206001017,3.7932234264401616,3.4052796367060654,3.5345945358276367,3507612,0.0,0.0
2009-02-26,3.6035621727600273,3.689771656236231,3.439763428050709,3.448385238647461,3186912,0.0,0.0
2009-02-27,3.3880382854979545,3.577698821478531,3.2932069964232222,3.5345945358276367,5587362,0.0,0.0
2009-03-02,3.41390029117412,3.4397632254567814,2.9742315429071335,3.0087151527404785,4180034,0.0,0.0
2009-03-03,2.9742314937630168,3.008715103026579,2.198344839549287,2.319038152694702,12966341,0.0,0.0
2009-03-04,2.5448634716585454,2.588290643056005,2.371152499994958,2.37983775138855,6283851,0.018117,0.0
2009-03-05,2.527492174624056,2.527492174624056,2.13664326992194,2.1453285217285156,5070930,0.0,0.0
2009-03-06,2.232183672083133,2.2495541748325008,2.041101512226224,2.101900100708008,5091795,0.0,0.0
2009-03-09,2.1366431312423155,2.2842972031256576,2.032416230002737,2.1540136337280273,3576499,0.0,0.0
2009-03-10,2.266925936680036,2.553548848228759,2.2408690381850587,2.5014352798461914,5801751,0.0,0.0
2009-03-11,2.657775655654262,2.9530838078298713,2.6056620892468487,2.7359447479248047,6275019,0.0,0.0
2009-03-12,2.7706866325966217,3.083366426758539,2.4927499014138887,3.031252861022949,5469680,0.0,0.0
2009-03-13,3.309190427224286,3.4394730810962977,2.970454201234315,3.135479688644409,5041454,0.0,0.0
2009-03-16,3.2744481927428777,3.66529703114446,3.222334861884435,3.3699889183044434,5297131,0.0,0.0
2009-03-17,3.474216101741199,3.639240672750549,3.213649882680241,3.595813274383545,4658049,0.0,0.0
2009-03-18,3.6131836030859854,3.8998064760168676,3.4307876242699473,3.7868945598602295,3845093,0.0,0.0
2009-03-19,3.9258635341979247,4.099574508308656,3.7260961197172233,3.778209686279297,3404613,0.0,0.0
2009-03-20,3.7955807363332927,3.821637402788388,3.317875489466354,3.491586446762085,4305665,0.0,0.0
2009-03-23,3.656612407159529,4.030090808868408,3.613184090588095,4.030090808868408,4330393,0.0,0.0
2009-03-24,4.030090534922302,4.125631041747462,3.7260959973045273,3.917178153991699,2762550,0.0,0.0
2009-03-25,4.064832497035397,4.247228718588616,3.5697567119518405,3.8824362754821777,4765354,0.0,0.0
2009-03-26,3.969292050348607,4.203801155090332,3.917178255540246,4.203801155090332,2995485,0.0,0.0
2009-03-27,3.9779768993605367,4.160372648056048,3.9084926086702296,4.00403356552124,2340837,0.0,0.0
2009-03-30,3.4047310901058276,3.4047310901058276,2.45800787059226,2.6664607524871826,10351943,0.0,0.0
2009-03-31,2.6925175034399915,3.0399389840473234,2.6925175034399915,2.8401715755462646,6910348,0.0,0.0
2009-04-01,2.8575416460411964,3.118107831406721,2.701202346315088,3.0833659172058105,3794090,0.0,0.0
2009-04-02,3.3005050914478127,3.47421605418207,3.257077007853203,3.3873605728149414,4425003,0.0,0.0
2009-04-03,3.404730931307775,3.6479266346645303,3.36998901455303,3.5436997413635254,3300730,0.0,0.0
2009-04-06,3.482901490074508,3.5523853302001953,3.387360752686937,3.5523853302001953,2036144,0.0,0.0
2009-04-07,3.4568446112379085,3.5002729259774417,3.3786746048577307,3.404731273651123,1977524,0.0,0.0
2009-04-08,3.4047312907685403,3.4134174566963456,2.8141149858648067,2.9965109825134277,6632702,0.0,0.0
2009-04-09,3.2483917042379886,3.7347819805145264,3.196278141933823,3.7347819805145264,5760574,0.0,0.0
2009-04-13,3.647926229787383,4.00403312307336,3.474215522256744,3.9692912101745605,3544926,0.0,0.0
2009-04-14,3.9084927533176703,4.0561470479545525,3.6044984559306585,3.682668685913086,3288476,0.0,0.0
2009-04-15,3.569756114212748,3.9953479885981187,3.569756114212748,3.9258627891540527,3548348,0.0,0.0
2009-04-16,4.038775092296352,4.299341271529794,3.8650641537358372,4.229857444763184,4084100,0.0,0.0
2009-04-17,4.308026521268289,4.394881761941216,4.082203169847479,4.229857444763184,3405054,0.0,0.0
2009-04-20,4.14300263035371,4.14300263035371,3.7000394825392107,3.7434675693511963,3243876,0.0,0.0
2009-04-21,3.639240456252449,4.3167130884443585,3.5958130604689367,4.169058799743652,4589824,0.0,0.0
2009-04-22,4.160373006776261,4.516481113153756,4.125631087042905,4.273285388946533,5795128,0.0,0.0
2009-04-23,4.377511226667104,4.4296245535305685,4.099573635800183,4.264599323272705,3333738,0.0,0.0
2009-04-24,4.342770564271309,4.646763991689734,4.212486752376687,4.568593978881836,4115232,0.0,0.0
2009-04-27,4.603336835696675,4.638078758946948,4.351455834665628,4.4383111000061035,3136902,0.0,0.0
2009-04-28,4.360139949066308,4.542536141569851,4.299341370636685,4.386196613311768,2207589,0.0,0.0
2009-04-29,4.455681741431024,4.985500430830426,4.420939817112418,4.785733222961426,4706181,0.0,0.0
2009-04-30,5.228694379695963,5.419776759672547,5.133153875529764,5.167895793914795,6985307,0.0,0.0
2009-05-01,4.994184686335169,6.4446700244159905,4.994184686335169,5.6369147300720215,13316518,0.0,0.0
2009-05-04,5.940909442369197,6.123305207363657,5.7498270543772785,6.001708030700684,7754767,0.0,0.0
2009-05-05,6.001708214792544,6.244903032792813,5.741141979123514,6.1841044425964355,5942948,0.0,0.0
2009-05-06,6.427298036679703,6.696550387125548,6.158046600663209,6.4967827796936035,7118334,0.0,0.0
2009-05-07,6.80077611211764,6.861574690576571,6.088562298852235,6.166731834411621,4748905,0.0,0.0
2009-05-08,6.462042146230484,6.766035556793213,6.331758341559783,6.766035556793213,5241602,0.0,0.0
2009-05-11,6.522840531237258,6.583639119989893,5.9322233176786545,5.966966152191162,5371207,0.0,0.0
2009-05-12,5.984337111042627,6.192790019069659,4.916015443037451,5.385035514831543,7918705,0.0,0.0
2009-05-13,5.1418391293932775,5.159210545810233,4.777047157287598,4.777047157287598,5261253,0.0,0.0
2009-05-14,4.516480388453176,5.02024088704345,4.4035680244004745,4.881272315979004,4373558,0.0,0.0
2009-05-15,4.950757979256546,5.0723556158511425,4.603336486996812,4.690191745758057,3333628,0.0,0.0
2009-05-18,4.9854991919577145,5.419776338528139,4.863902029844102,5.393719673156738,4948170,0.0,0.0
2009-05-19,5.55874388850879,5.680342419799816,5.393719563743339,5.497945308685303,3965645,0.0,0.0
2009-05-20,5.602172592653577,5.906165958068441,5.532688303401526,5.584800720214844,4155416,0.0,0.0
2009-05-21,5.402406094476879,5.506632778554285,5.081041247262867,5.280808448791504,3783492,0.0,0.0
2009-05-22,5.385035003565862,5.463204093680446,5.185267366580375,5.254751205444336,2075886,0.0,0.0
2009-05-26,5.1939524962928365,5.5934877609147104,5.0810405749589185,5.524002552032471,3083029,0.0,0.0
2009-05-27,5.6021733269638725,5.680343334074151,5.298179464488022,5.341607093811035,3907025,0.0,0.0
2009-05-28,5.533312442596141,5.664020404655331,5.263182470857875,5.454887390136719,4112693,0.018117,0.0
2009-05-29,5.672734394667797,5.742444934455994,5.489743080957602,5.681447982788086,3095393,0.0,0.0
2009-06-01,5.847012040509142,6.334989520305199,5.847012040509142,6.160712242126465,6445250,0.0,0.0
2009-06-02,5.9864336770889,6.099713066562511,5.8644384066034885,5.969005584716797,3354382,0.0,0.0
2009-06-03,5.79472823860784,5.916722599399689,5.489743024687919,5.620450973510742,2875705,0.0,0.0
2009-06-04,5.672734140636358,5.977719344024786,5.594308640120441,5.951577663421631,2876257,0.0,0.0
2009-06-05,6.230422242749587,6.273991099785835,5.916722527213033,5.986433982849121,3998654,0.0,0.0
2009-06-08,5.969006798327771,5.969006798327771,5.585596027489895,5.725018501281738,3362773,0.0,0.0
2009-06-09,5.916722857283225,5.916722857283225,5.637879312715615,5.751158714294434,2442512,0.0,0.0
2009-06-10,5.838297156018,5.873153802031512,5.53331193897199,5.681447982788086,3319166,0.0,0.0
2009-06-11,5.6291642372475446,5.742444544775913,5.550739655954449,5.60302209854126,3055430,0.0,0.0
2009-06-12,5.524598389737831,5.594308930016701,5.402604485543334,5.542025566101074,2189373,0.0,0.0
2009-06-15,5.359035317486111,5.5333126053580495,5.245754529921519,5.376463413238525,2945034,0.0,0.0
2009-06-16,5.411317646831137,5.7947278816504175,5.237039933763145,5.315464973449707,4225186,0.0,0.0
2009-06-17,5.298037911555598,5.324179596535868,4.862344232199662,4.9756245613098145,3940475,0.0,0.0
2009-06-18,4.975624479259788,5.141188634306787,4.836202467468491,5.027907848358154,2453661,0.0,0.0
2009-06-19,5.088905509517985,5.2021858421984915,5.010479993398842,5.07147741317749,2815871,0.0,0.0
2009-06-22,4.958195395944821,4.958195395944821,4.496359672528535,4.513788223266602,4126492,0.0,0.0
2009-06-23,4.5834993014090895,4.653210760409405,4.313369347285419,4.461504936218262,4609695,0.0,0.0
2009-06-24,4.644495558480534,4.853629445427591,4.531216174733956,4.618354797363281,4140071,0.0,0.0
2009-06-25,4.618355983027359,4.783918766338799,4.461505412872435,4.749063491821289,2960600,0.0,0.0
2009-06-26,4.783917855101527,4.783917855101527,4.4963598309265205,4.609640598297119,5186183,0.0,0.0
2009-06-29,4.6619247160676816,4.8362024598868505,4.574786073511357,4.740349769592285,2751841,0.0,0.0
2009-06-30,4.705494748501558,4.810061033437812,4.513789357627458,4.583499908447266,3204134,0.0,0.0
2009-07-01,4.635783161579583,4.940769336493724,4.635783161579583,4.749063491821289,2847886,0.0,0.0
2009-07-02,4.61835548961573,4.7752046668937504,4.461504936218262,4.461504936218262,2725567,0.0,0.0
2009-07-06,4.417935411120283,4.417935411120283,4.112949314763544,4.278513431549072,5069495,0.0,0.0
2009-07-07,4.200088887168239,4.278514399134278,3.947387008091654,3.9648141860961914,3665478,0.0,0.0
2009-07-08,3.990956113628216,3.990956113628216,3.6162589629895896,3.8515336513519287,6624754,0.0,0.0
2009-07-09,3.9561004387224905,4.078094808229204,3.746967659795588,3.9125306606292725,4236557,0.0,0.0
2009-07-10,3.9125304024321337,3.9299584960018996,3.7731093235257576,3.8253917694091797,2261241,0.0,0.0
2009-07-13,3.816678207979956,3.9822423458099365,3.685970486886119,3.9822423458099365,2007662,0.0,0.0
2009-07-14,3.964813586572729,4.060666262049326,3.816678008868719,3.999669313430786,2498924,0.0,0.0
2009-07-15,4.20008883369302,4.304656028747559,4.112950192540673,4.304656028747559,2947463,0.0,0.0
2009-07-16,4.3133692923598534,4.461504879406368,4.200088516956697,4.400507926940918,1749666,0.0,0.0
2009-07-17,4.435363408629528,4.4440779146919365,4.3307975925976105,4.383080959320068,1544109,0.0,0.0
2009-07-20,4.409221870452063,4.688066349251267,4.409221870452063,4.679352760314941,3081152,0.0,0.0
2009-07-21,5.045334677994895,5.115046596488957,4.618355541771286,4.635782718658447,6323262,0.0,0.0
2009-07-22,4.531216754006863,4.940768699687139,4.531216754006863,4.853630065917969,3580805,0.0,0.0
2009-07-23,4.818773514141253,5.332892607144575,4.818773514141253,5.315464973449707,5283884,0.0,0.0
2009-07-24,5.341606704328823,5.698876210755709,5.202185162759998,5.69016170501709,6462582,0.0,0.0
2009-07-27,5.716303994617427,5.873154564324833,5.550740753071832,5.725018501281738,7564334,0.0,0.0
2009-07-28,5.367748639500276,5.4287455954783,4.879772074263073,5.132473945617676,9961473,0.0,0.0
2009-07-29,4.932054637308468,5.097618790277603,4.836202406773122,4.879772186279297,3819370,0.0,0.0
2009-07-30,5.036621310265745,5.271896006562911,4.949482669772427,5.1934709548950195,3580915,0.0,0.0
2009-07-31,5.237040606430682,5.472315297003601,5.1324738734176085,5.385176658630371,4286125,0.0,0.0
2009-08-03,5.481028612495284,5.707589703165153,5.437459754186218,5.655306339263916,5102062,0.0,0.0
2009-08-04,5.620451397787826,5.890581362562506,5.576881160811586,5.847012042999268,5545743,0.0,0.0
2009-08-05,5.847011906829798,6.012575133831748,5.66402012673674,5.925436496734619,4766678,0.0,0.0
2009-08-06,5.969006063964864,6.021289427866101,5.620451069134074,5.655306339263916,4095250,0.0,0.0
2009-08-07,5.7598727701759085,6.090999654167493,5.707589408969598,5.951577663421631,5633066,0.0,0.0
2009-08-10,5.94286456785262,6.143283524132666,5.838297378073769,6.038716793060303,4864269,0.0,0.0
2009-08-11,6.073573847138619,6.091001026525291,5.759874067927798,5.916723728179932,3230849,0.0,0.0
2009-08-12,5.86443968152709,6.143284174330462,5.838297995992194,5.960293292999268,3948423,0.0,0.0
2009-08-13,6.056145242901271,6.1432838847727025,5.969006601029841,6.117142200469971,3296425,0.0,0.0
2009-08-14,6.099713241897577,6.125854922500733,5.81215613138222,5.951577663421631,3346324,0.0,0.0
2009-08-17,5.4897437000309575,5.585595932402132,5.332893591700259,5.402605056762695,3789674,0.0,0.0
2009-08-18,5.515883501618213,5.9428639715138685,5.515883501618213,5.803441524505615,4693155,0.0,0.0
2009-08-19,5.594309077129377,5.881867586227206,5.568167394484119,5.751158714294434,2348565,0.0,0.0
2009-08-20,5.786015087352034,5.96029282431149,5.7250181317047995,5.847012042999268,3307243,0.0,0.0
2009-08-21,5.969006156636144,6.091000062691071,5.881867521252202,6.003861427307129,3353720,0.0,0.0
2009-08-24,6.021288944420233,6.195566657196206,5.951577492344693,5.969005584716797,3963437,0.0,0.0
2009-08-25,5.742445281396125,5.7860150594558,5.472315317923827,5.67273473739624,11742381,0.0,0.0
2009-08-26,5.594309077129377,5.777300396939691,5.542025711838862,5.751158714294434,4357441,0.0,0.0
2009-08-27,5.794728746425599,5.9951481692986635,5.620451466055811,5.9080095291137695,4796485,0.0,0.0
2009-08-28,5.9954054066136875,6.056582825022558,5.829352348066236,5.8643107414245605,7386265,0.018117,0.0
2009-08-31,5.724476880691577,5.803133964538574,5.4622870612652425,5.803133964538574,39005667,0.0,0.0
2009-09-01,5.637080382807025,5.776914890715499,5.3399317084537765,5.392370223999023,11629887,0.0,0.0
2009-09-02,5.462286546159648,5.672038289907934,5.427328152233408,5.540943622589111,8031971,0.0,0.0
2009-09-03,5.6021204646468625,5.689517360582719,5.514724028774575,5.680777072906494,5140369,0.0,0.0
2009-09-04,5.680777269445006,5.9954050935594525,5.680777269445006,5.986665725708008,5513507,0.0,0.0
2009-09-08,6.126500730155539,6.6596196966018635,6.0565830210487315,6.5023064613342285,11250346,0.0,0.0
2009-09-09,6.5547433387409155,6.93054859527816,6.476087184221864,6.886850833892822,8943622,0.0,0.0
2009-09-10,7.035425525619528,7.411230801960776,6.930548960500839,7.39375114440918,10364639,0.0,0.0
2009-09-11,7.84821318312667,7.94434899546641,7.603502587906572,7.699639320373535,14615878,0.0,0.0
2009-09-14,7.620982557383472,7.909390926361084,7.315094070778303,7.909390926361084,7634767,0.0,0.0
2009-09-15,7.996788208155297,8.363852731909578,7.909390841401706,8.232758522033691,10148373,0.0,0.0
2009-09-16,8.477467924344053,9.211599707970255,8.311415325331359,9.019327163696289,14202225,0.0,0.0
2009-09-17,9.054287477437478,9.395133921703106,8.407552066110094,8.652262687683105,12032391,0.0,0.0
2009-09-18,8.800836289639738,8.870754002230457,8.22401953137094,8.704700469970703,7443781,0.0,0.0
2009-09-21,8.617303431687704,8.695960507940663,8.381332202928823,8.51242733001709,4930617,0.0,0.0
2009-09-22,8.783356473587837,9.15916217736904,8.739657793565955,9.132943153381348,5924953,0.0,0.0
2009-09-23,9.176641937793894,9.43009191788633,8.993108749389648,8.993108749389648,6978573,0.0,0.0
2009-09-24,9.07176601221875,9.089244748655156,8.390071367891522,8.494948387145996,7268362,0.0,0.0
2009-09-25,8.390070972770864,8.468728043412051,8.154100680974473,8.320154190063477,5552919,0.0,0.0
2009-09-28,8.36385295026785,8.713439666027256,8.189060052451785,8.617303848266602,4686973,0.0,0.0
2009-09-29,8.61730380975932,8.853274128743825,8.346374175266003,8.468729019165039,5179891,0.0,0.0
2009-09-30,8.5910851657103,8.5910851657103,8.171581642071533,8.276456832885742,5815882,0.0,0.0
2009-10-01,8.18905962119778,8.18905962119778,7.586023879451369,7.629721641540527,8120951,0.0,0.0
2009-10-02,7.315093299750414,7.419969393825273,7.0441641568296625,7.114081859588623,8575892,0.0,0.0
2009-10-05,7.752076546652193,8.25023711162084,7.638461996185935,8.075444221496582,9523973,0.0,0.0
2009-10-06,8.390071766093921,8.512427527591944,8.119143057326175,8.381332397460938,7824758,0.0,0.0
2009-10-07,8.372592625241165,8.50368774905295,8.241497501429379,8.425029754638672,4969145,0.0,0.0
2009-10-08,8.564865901607455,8.993108782630548,8.521168136672637,8.92319107055664,7177727,0.0,0.0
2009-10-09,8.818315514627004,9.010587144519894,8.617303596010075,8.966889381408691,4429640,0.0,0.0
2009-10-12,8.975628676776758,9.176641513880947,8.844534468385447,8.888232231140137,3255357,0.0,0.0
2009-10-13,8.949409885621629,8.949409885621629,8.591084725158574,8.7571382522583,3114713,0.0,0.0
2009-10-14,8.958150393909836,9.465050356378734,8.958150393909836,9.438831329345703,7255446,0.0,0.0
2009-10-15,9.395132691241662,9.578664943289082,9.229079175507023,9.517487525939941,4237771,0.0,0.0
2009-10-16,9.351434261918842,9.438830706216816,9.13294361123752,9.316475868225098,3458707,0.0,0.0
2009-10-19,9.447570483864363,10.260359383311606,9.447570483864363,10.085565567016602,6641092,0.0,0.0
2009-10-20,10.574987789279866,10.697343564371687,9.727241333877819,9.936992645263672,6569776,0.0,0.0
2009-10-21,9.875812793234557,10.234138820681077,9.701019923304054,9.82337474822998,4708941,0.0,0.0
2009-10-22,9.753458409907235,10.103044165596122,9.491268173013403,10.076825141906738,4887121,0.0,0.0
2009-10-23,10.155484302099413,10.461371413474255,10.076826301849774,10.164223670959473,5695882,0.0,0.0
2009-10-26,10.312798388733015,10.688604162345094,9.805898390950198,9.858336448669434,5883224,0.0,0.0
2009-10-27,10.04186699763561,10.04186699763561,9.176641034834853,9.29025650024414,6021991,0.0,0.0
2009-10-28,9.124204056669699,9.229080166314393,8.119143486205079,8.267717361450195,9069252,0.0,0.0
2009-10-29,8.958149353421001,9.26403735319263,8.783356473587837,9.132943153381348,9543513,0.0,0.0
2009-10-30,8.390070921378156,8.879492077840625,7.891910397162585,7.988047122955322,13600346,0.0,0.0
2009-11-02,8.206539544038908,8.652262068529666,8.127882465576906,8.5299072265625,9266199,0.0,0.0
2009-11-03,8.442510296759508,8.914451871858658,8.258978024298747,8.862013816833496,6846760,0.0,0.0
2009-11-04,9.16790320264564,9.237819999167208,8.809577090122403,8.818316459655762,5368447,0.0,0.0
2009-11-05,8.93192994125228,9.395132064819336,8.84453350513394,9.395132064819336,4908869,0.0,0.0
2009-11-06,9.316475930924431,9.613624579639117,9.089244990195002,9.246559143066406,4750561,0.0,0.0
2009-11-09,9.456310258095305,9.744719533215184,9.456310258095305,9.67480182647705,4813045,0.0,0.0
2009-11-10,9.552445882194247,9.902032568767789,9.47378880870566,9.805896759033203,3757438,0.0,0.0
2009-11-11,9.936990713129227,10.138002615826675,9.83211553789176,10.006908416748047,4000420,0.0,0.0
2009-11-12,9.980690499493756,10.129264370981682,9.316476382043989,9.430091857910156,5645541,0.0,0.0
2009-11-13,9.473788213236844,9.50000723608506,9.28151660585278,9.395132064819336,3420510,0.0,0.0
2009-11-16,9.491270229918083,10.041868926591198,9.491270229918083,10.024389266967773,5379045,0.0,0.0
2009-11-17,9.788418224408087,9.936992100161559,9.683543034531855,9.893294334411621,3706987,0.0,0.0
2009-11-18,9.928251056939587,10.033126229131812,9.622363067759514,9.692280769348145,2696533,0.0,0.0
2009-11-19,9.587404519139762,9.631104121249997,9.36891386960636,9.534966468811035,3108089,0.0,0.0
2009-11-20,9.360172483163627,9.500006960928253,9.150421226580244,9.22907829284668,2661206,0.0,0.0
2009-11-23,9.44756935170547,9.61362377933097,9.06302521024413,9.115463256835938,4724618,0.0,0.0
2009-11-24,9.124203462473528,9.167902145355457,8.827054811207226,8.888232231140137,3929877,0.0,0.0
2009-11-25,9.019327026916708,9.115463757659372,8.879492535031456,9.010586738586426,2300873,0.0,0.0
2009-11-27,8.599027091148201,8.87048241508572,8.345083556694677,8.669079780578613,2395262,0.018117,0.0
2009-11-30,8.712862020011585,8.835454668014878,8.45891852586375,8.59902572631836,3945995,0.0,0.0
2009-12-01,8.686592980739432,8.93177830343551,8.581513029917858,8.712862968444824,3524503,0.0,0.0
2009-12-02,8.756644248154283,8.80918421505392,8.537728948626528,8.642807960510254,3278320,0.0,0.0
2009-12-03,8.72161798285178,8.72161798285178,8.257515552684456,8.275029182434082,3316406,0.0,0.0
2009-12-04,8.581511854433755,8.61653819260452,8.117409416487739,8.450161933898926,4359538,0.0,0.0
2009-12-07,8.318813248686345,8.546486785394167,8.283786905314258,8.345083236694336,2969984,0.0,0.0
2009-12-08,8.248759951044303,8.301299923169207,8.056113693891529,8.126167297363281,3304925,0.0,0.0
2009-12-09,8.15243704032429,8.15243704032429,7.828439940605043,8.091139793395996,2909597,0.0,0.0
2009-12-10,8.108653357920778,8.23124600694378,7.916006186172171,8.003573417663574,2679421,0.0,0.0
2009-12-11,8.029843402727876,8.073627018473577,7.837197152894871,8.003573417663574,2120155,0.0,0.0
2009-12-14,8.08238437135436,8.213734312902837,8.012331683805648,8.204977035522461,2292152,0.0,0.0
2009-12-15,8.187463509691366,8.450162444726066,8.099897198013133,8.26627254486084,3074970,0.0,0.0
2009-12-16,8.432648878282645,8.432648878282645,8.248759898923048,8.353838920593262,3962554,0.0,0.0
2009-12-17,8.283785745393258,8.467674713784794,8.240003052787662,8.4238920211792,4190743,0.0,0.0
2009-12-18,8.423892959557215,8.782915504111111,8.415136604443799,8.765402793884277,6087567,0.0,0.0
2009-12-21,8.861725551065122,9.010588199002585,8.791671943737342,8.940534591674805,2916110,0.0,0.0
2009-12-22,8.975561839663317,9.054370880126953,8.852969179461494,9.054370880126953,2109226,0.0,0.0
2009-12-23,9.028099759718097,9.133180618286133,8.896750760818085,9.133180618286133,1443648,0.0,0.0
2009-12-24,9.133181721191857,9.141938076331773,9.036858126990051,9.080641746520996,550986,0.0,0.0
2009-12-28,9.089398658023603,9.124424999090277,8.774158822676602,8.870481491088867,2111213,0.0,0.0
2009-12-29,8.914265257584384,8.923021612518232,8.63405268054464,8.817941665649414,2166190,0.0,0.0
2009-12-30,8.677836372084553,8.817941739868001,8.625296398207928,8.791671752929688,1968802,0.0,0.0
2009-12-31,8.782915262986425,8.852968867717552,8.712862580170949,8.730375289916992,1351137,0.0,0.0
2010-01-04,8.782914470083105,9.17696423252985,8.782914470083105,9.133180618286133,2412484,0.0,0.0
2010-01-05,9.150694860892212,9.824956296353019,9.141937584307938,9.807442665100098,5005575,0.0,0.0
2010-01-06,9.728633377322158,10.289059474938837,9.632310703586667,10.227762222290039,5592551,0.0,0.0
2010-01-07,10.175222337733045,11.050886372771354,10.03511513333467,10.972076416015625,9665501,0.0,0.0
2010-01-08,10.945807013123472,11.6726084498133,10.796944368159568,11.64633846282959,6447016,0.0,0.0
2010-01-11,12.005361797123498,12.005361797123498,11.199750346237941,11.497476577758789,5504345,0.0,0.0
2010-01-12,11.37488447437032,11.488720790482793,10.87575558591605,11.199750900268555,3310666,0.0,0.0
2010-01-13,11.252288715379793,11.733904838562012,10.98959068803617,11.733904838562012,3593500,0.0,0.0
2010-01-14,11.733904119468953,11.795200445014776,11.24353167127113,11.427421569824219,4077697,0.0,0.0
2010-01-15,11.926551285734101,12.784701686578412,11.821471343780718,11.996603965759277,13277217,0.0,0.0
2010-01-19,12.092928230713984,12.154224564322124,11.637582984578371,11.672609329223633,4494552,0.0,0.0
2010-01-20,11.576286018654017,11.576286018654017,11.164722573410595,11.453692436218262,3916188,0.0,0.0
2010-01-21,11.427421137734227,11.558771060305586,10.63932344613724,10.674349784851074,6477485,0.0,0.0
2010-01-22,10.604297172922063,10.735648029639679,10.017602026694258,10.105168342590332,6640099,0.0,0.0
2010-01-25,10.446679374578528,10.543002056567863,10.096413148793415,10.254033088684082,2317654,0.0,0.0
2010-01-26,10.148952789668217,10.420409036438315,10.000090132689005,10.043872833251953,2022234,0.0,0.0
2010-01-27,9.973819270129225,10.131438269034417,9.649823995440576,10.01760196685791,2851529,0.0,0.0
2010-01-28,10.096412648293196,10.332842546408873,9.728633728695648,9.781173706054688,3846969,0.0,0.0
2010-01-29,9.859983393138425,10.157708693862215,9.483447206690034,9.544743537902832,3367961,0.0,0.0
2010-02-01,9.667336705365784,10.01760196685791,9.667336705365784,10.01760196685791,2695318,0.0,0.0
2010-02-02,10.105168677206425,10.490461217440023,9.85122699803991,10.42916488647461,4609806,0.0,0.0
2010-02-03,9.93879306093741,10.59554089595338,9.81619948024735,10.078898429870605,5836526,0.0,0.0
2010-02-04,9.798686445963428,10.105168082761455,9.798686445963428,9.868739128112793,4038948,0.0,0.0
2010-02-05,9.895009226873965,9.93003556834679,9.071885131726452,9.500960350036621,6347770,0.0,0.0
2010-02-08,9.49220262091185,9.807442444892528,9.282043660173677,9.430906295776367,2854951,0.0,0.0
2010-02-09,9.597283526817499,9.807443430593487,9.492203574929505,9.658580780029297,3830852,0.0,0.0
2010-02-10,9.75490261592209,9.789929878150243,9.43090643276323,9.492202758789062,3192432,0.0,0.0
2010-02-11,9.562257920082375,9.947550492073972,9.500961584064571,9.938794136047363,2594858,0.0,0.0
2010-02-12,9.7724165160618,10.37662528218545,9.658580215475553,10.297815322875977,3612157,0.0,0.0
2010-02-16,10.429164576541298,10.902024343433865,10.385381879402432,10.875754356384277,3827319,0.0,0.0
2010-02-17,11.05088658375847,11.252288273897856,10.90202394387704,11.007102966308594,3622755,0.0,0.0
2010-02-18,10.89326632927017,11.094668935076607,10.744403694007257,10.796943664550781,2646523,0.0,0.0
2010-02-19,10.674351571574805,10.858241493955077,10.57802797159418,10.726892471313477,2064516,0.0,0.0
2010-02-22,10.823214820153053,10.849484808265428,10.569271294428189,10.604297637939453,1906429,0.0,0.0
2010-02-23,10.569270392134506,10.58678402335286,10.017601610786038,10.035115242004395,3206341,0.0,0.0
2010-02-24,10.061385852298766,10.367868425189167,10.061385852298766,10.1401948928833,2671694,0.0,0.0
2010-02-25,9.956304478680922,10.201491608233606,9.789929144190806,10.096410751342773,4190743,0.0,0.0
2010-02-26,10.122682657101528,10.271546233886728,9.895010036036785,10.210249900817871,3089322,0.0,0.0
2010-03-01,10.227762770036124,10.481705383755754,10.122682813485726,10.472949028015137,2800967,0.0,0.0
2010-03-02,10.569271615928935,10.779431527220675,10.507975282440757,10.726892471313477,2743120,0.0,0.0
2010-03-03,10.788188055017821,11.190992372528525,10.753160790959784,10.761918067932129,3139993,0.0,0.0
2010-03-04,10.744404347881133,10.963320597829899,10.665593465354032,10.902024269104004,2042436,0.0,0.0
2010-03-05,11.042129577208012,11.1909922207306,10.989590525664955,11.129695892333984,1882583,0.0,0.0
2010-03-08,11.103425719829508,11.112182996536546,10.823214069264106,10.866996765136719,2039125,0.0,0.0
2010-03-09,10.814457496410924,11.02461646057626,10.639323950704913,10.945806503295898,2012850,0.0,0.0
2010-03-10,10.97207707194601,11.339855970210268,10.963320716865999,11.077157020568848,2012629,0.0,0.0
2010-03-11,11.033373174612967,11.042129529513044,10.726891533953697,10.928293228149414,2186393,0.0,0.0
2010-03-12,11.129695966518717,11.182235940327637,10.95456333509943,11.103425979614258,2073237,0.0,0.0
2010-03-15,10.989591284721612,11.085913961438541,10.744405032284353,10.980834007263184,2420322,0.0,0.0
2010-03-16,11.015859725123596,11.444935872975744,11.015859725123596,11.418665885925293,3361006,0.0,0.0
2010-03-17,11.488719403446561,11.909038271097192,11.488719403446561,11.558772087097168,3925903,0.0,0.0
2010-03-18,11.593798156540409,11.74266079723735,11.409909174841065,11.436179161071777,2155261,0.0,0.0
2010-03-19,11.182235717773438,11.550015527116146,11.015859444661714,11.182235717773438,2920085,0.0,0.0
2010-03-22,10.998347334945816,11.366126242434152,10.779431077129598,11.313587188720703,2468013,0.0,0.0
2010-03-23,11.357369949893434,11.63758254018683,11.217262732831031,11.602555274963379,2404646,0.0,0.0
2010-03-24,11.541258869022448,11.74266149413353,11.453692550361788,11.628825187683105,1899584,0.0,0.0
2010-03-25,11.716390874316193,12.031630710788141,11.506231905250543,11.5237455368042,2652043,0.0,0.0
2010-03-26,11.5675292664015,11.909039119760838,11.453692955920298,11.497476577758789,2372631,0.0,0.0
2010-03-29,11.620068832391748,11.760175126631943,11.51498888123268,11.628825187683105,1852776,0.0,0.0
2010-03-30,11.611312060792955,11.777687414942061,11.471205771576077,11.558772087097168,1615425,0.0,0.0
2010-03-31,11.541257366257652,11.57628462669364,11.383638381958008,11.383638381958008,1714339,0.0,0.0
2010-04-01,11.427422618236188,11.803957882502731,11.427422618236188,11.716391563415527,1803208,0.0,0.0
2010-04-05,11.795202711916593,12.066658973693848,11.751420008933167,12.066658973693848,2202290,0.0,0.0
2010-04-06,12.031631228618924,12.233033851533762,11.952821266109027,12.22427749633789,2077984,0.0,0.0
2010-04-07,12.162980445789616,12.18925043173709,11.90903786290779,12.031630516052246,2893921,0.0,0.0
2010-04-08,11.952821241506093,12.01411849349808,11.725148631556584,11.909038543701172,3472617,0.0,0.0
2010-04-09,11.95282068026829,12.55702944131455,11.926551615968197,12.548273086547852,4805538,0.0,0.0
2010-04-12,12.609569943887633,13.572801275768782,12.408167322376565,13.564043998718262,9743882,0.0,0.0
2010-04-13,13.48523439828387,13.564043435053813,13.047401909085485,13.205020904541016,4604728,0.0,0.0
2010-04-14,13.301345020616019,13.388910415619238,13.10869875462817,13.248805046081543,3371163,0.0,0.0
2010-04-15,13.161237759886166,13.782959209563836,13.161237759886166,13.590312957763672,3088990,0.0,0.0
2010-04-16,13.458963862876551,13.739175501354381,13.169994026153844,13.388909339904785,3609176,0.0,0.0
2010-04-19,13.266318229645096,13.441450869731455,12.705893043836182,12.977349281311035,4263162,0.0,0.0
2010-04-20,13.04740341552603,13.467722321796462,13.04740341552603,13.336372375488281,2163762,0.0,0.0
2010-04-21,13.327614847569755,13.52901840209961,13.266318514415335,13.52901840209961,2241701,0.0,0.0
2010-04-22,13.178751047936721,13.642853527928478,12.83724214552246,13.607827186584473,5545853,0.0,0.0
2010-04-23,13.607827914740094,13.80047418531411,13.310101692595579,13.686637878417969,2668271,0.0,0.0
2010-04-26,13.923065992103448,14.387168468414922,13.817986046989054,13.975605964660645,5613747,0.0,0.0
2010-04-27,13.966849213582783,14.133226414219074,13.091185122478118,13.248805046081543,3808331,0.0,0.0
2010-04-28,12.557028872874952,13.091184005860228,11.882767460386724,11.961577415466309,10498770,0.0,0.0
2010-04-29,12.180492558991741,12.635838652489976,12.092926250757815,12.583298683166504,5948357,0.0,0.0
2010-04-30,12.688380501043945,12.784703177792593,12.198007996007943,12.268060684204102,5953987,0.0,0.0
2010-05-03,12.276815433105172,13.134967665571214,12.26805907870551,13.073671340942383,4534405,0.0,0.0
2010-05-04,12.80221411871524,12.80221411871524,12.259302633558624,12.303085327148438,4339888,0.0,0.0
2010-05-05,12.014118254528729,12.618326110011452,11.611312095624578,12.1016845703125,4142279,0.0,0.0
2010-05-06,11.909038424543633,12.39941090407892,10.289059261741082,11.506232261657715,7680691,0.0,0.0
2010-05-07,11.541258622906458,11.620068584595147,10.700620875391802,10.84948444366455,5897796,0.0,0.0
2010-05-10,11.62882523912249,11.952821449324231,11.383639914554363,11.94406509399414,4560569,0.0,0.0
2010-05-11,11.55877287728403,12.110441716887602,11.55877287728403,11.83898639678955,2787720,0.0,0.0
2010-05-12,11.96157822219802,12.373140734093814,11.96157822219802,12.32935619354248,3208770,0.0,0.0
2010-05-13,12.276816294566396,12.46070712518767,11.944064662958557,11.987848281860352,2253293,0.0,0.0
2010-05-14,11.80395648460749,11.812714682735704,11.033372414747863,11.190991401672363,5555127,0.0,0.0
2010-05-17,11.313586508612888,11.49747549034486,10.656836852728555,11.094669342041016,4189307,0.0,0.0
2010-05-18,11.29607269219112,11.541257997152465,10.656836678235639,10.718133926391602,3031143,0.0,0.0
2010-05-19,10.55175791048496,10.76191780197689,9.921279157924817,10.297815322875977,4244064,0.0,0.0
2010-05-20,9.842469015745143,10.096411598635948,9.457176503112324,9.69360637664795,5673030,0.0,0.0
2010-05-21,9.45717706171276,10.411652044994518,9.203234463822508,10.1401948928833,5621806,0.0,0.0
2010-05-24,10.061385585502256,10.50797443924568,9.991331980054435,10.01760196685791,3832839,0.0,0.0
2010-05-25,9.719876333483397,10.087655213743831,9.220747523874367,10.035115242004395,5078658,0.0,0.0
2010-05-26,10.367868425189167,10.709378262690125,10.113925827298914,10.1401948928833,3962333,0.0,0.0
2010-05-27,10.648080458711524,10.788187666060908,10.192735261530762,10.779430389404297,3311549,0.0,0.0
2010-05-28,10.788187991731705,10.788187991731705,10.245275543089381,10.446678161621094,2005895,0.0,0.0
2010-06-01,10.166464410121062,10.47294789075038,9.851226418533274,9.868739128112793,2476955,0.0,0.0
2010-06-02,9.965062502127646,10.289058685302734,9.859982559269172,10.289058685302734,2645861,0.0,0.0
2010-06-03,10.472947791474333,10.683106757845916,10.236518839066846,10.464191436767578,2193900,0.0,0.0
2010-06-04,10.157707925210342,10.341597826849162,9.641066404751143,9.69360637664795,3282735,0.0,0.0
2010-06-07,9.702364427371181,9.711120782747422,8.861725731865242,8.887995719909668,5572348,0.0,0.0
2010-06-08,8.844211665932034,9.150695152074734,8.564000010378157,8.704105377197266,6813420,0.0,0.0
2010-06-09,8.765401989703166,8.975560946553893,8.511459417470924,8.59902572631836,4587947,0.0,0.0
2010-06-10,8.80918581095711,8.984318451073179,8.730375846330166,8.97556209564209,2950443,0.0,0.0
2010-06-11,8.923021194731485,9.150694709592527,8.721618587273271,9.089398384094238,1798240,0.0,0.0
2010-06-14,9.27328781988346,9.693606686581104,9.27328781988346,9.474690437316895,4111147,0.0,0.0
2010-06-15,9.641066446336309,10.017601684000027,9.571012842866525,10.008845329284668,2360929,0.0,0.0
2010-06-16,9.912523757188291,10.13143910267597,9.728633834433012,9.956306457519531,2766965,0.0,0.0
2010-06-17,10.09641145562381,10.11392508664655,9.588526297036218,9.632309913635254,2988751,0.0,0.0
2010-06-18,9.623554555667639,9.74614721977527,9.544743668861711,9.606040000915527,2013844,0.0,0.0
2010-06-21,9.956305713332126,10.122681990369614,9.59728317225567,9.676094055175781,2807370,0.0,0.0
2010-06-22,9.693607227540245,9.824957168811986,9.247018349132038,9.290801048278809,2093660,0.0,0.0
2010-06-23,9.325827448978002,9.325827448978002,8.887994966622461,9.036857604980469,3276332,0.0,0.0
2010-06-24,8.949291105357535,9.03685741561054,8.651565834880437,8.660322189331055,2706910,0.0,0.0
2010-06-25,8.68659292297884,8.704105633388856,8.362596717405266,8.625296592712402,8664209,0.0,0.0
2010-06-28,8.660322461532171,9.001831358827483,8.590269779894196,8.782915115356445,3691532,0.0,0.0
2010-06-29,8.55524272679346,8.58151271353032,8.056113900708818,8.16119384765625,5118069,0.0,0.0
2010-06-30,8.169949682432279,8.423892256776783,7.959789801917873,8.003573417663574,3899408,0.0,0.0
2010-07-01,7.942276208096552,8.038600716333498,7.425635163584713,7.705847263336182,7039180,0.0,0.0
2010-07-02,7.723361007351606,7.880979998864589,7.469417967147017,7.565742015838623,2682402,0.0,0.0
2010-07-06,7.732118129730225,8.064871620650523,7.62703909892539,7.732118129730225,3648477,0.0,0.0
2010-07-07,7.793414090577482,8.248760223388672,7.740875038633563,8.248760223388672,2540543,0.0,0.0
2010-07-08,8.318813116497145,8.353839459312649,8.08238415009788,8.28378677368164,2348454,0.0,0.0
2010-07-09,8.240003606133298,8.48518891378708,8.231246329491634,8.441405296325684,1322875,0.0,0.0
2010-07-12,8.415136104437899,8.537729678319923,8.099897198013133,8.26627254486084,2177230,0.0,0.0
2010-07-13,8.450162786485224,8.774158982522481,8.36259647126545,8.704105377197266,2530276,0.0,0.0
2010-07-14,8.721618885248557,8.721618885248557,8.388866338985746,8.528972625732422,2256715,0.0,0.0
2010-07-15,8.502704086657987,8.502704086657987,8.187464230562096,8.345083236694336,1614983,0.0,0.0
2010-07-16,8.266272225514577,8.266272225514577,7.8196834078674655,7.872223377227783,2318868,0.0,0.0
2010-07-19,7.933520056286722,8.09989724799228,7.74963107720246,8.03860092163086,1739068,0.0,0.0
2010-07-20,7.924764494380561,8.318813399739886,7.732118219462446,8.292543411254883,2295243,0.0,0.0
2010-07-21,8.441405350852431,8.572756204085076,8.152437345786318,8.213733673095703,2769394,0.0,0.0
2010-07-22,8.458919186063723,8.905508041381836,8.327570173498865,8.905508041381836,4021174,0.0,0.0
2010-07-23,8.931777510649404,9.247017335133382,8.747888534949363,9.20323371887207,3628937,0.0,0.0
2010-07-26,9.168208273370144,9.588527158435232,9.168208273370144,9.544743537902832,3305035,0.0,0.0
2010-07-27,9.63230946771727,9.66733580622562,9.150694317001859,9.220746994018555,4308425,0.0,0.0
2010-07-28,9.343340158246221,9.632310002243754,8.887994966622461,9.036857604980469,6176656,0.0,0.0
2010-07-29,9.150695261459054,9.247017932777515,8.747889100334294,8.993074417114258,3635230,0.0,0.0
2010-07-30,8.782914333957864,9.098154139029399,8.669078044987216,9.071884155273438,2762218,0.0,0.0
2010-08-02,9.343340443247131,9.483446731244705,9.220747786967625,9.387124061584473,2724794,0.0,0.0
2010-08-03,9.597284142712395,10.02636033315195,9.527231451568648,9.877497673034668,6056877,0.0,0.0
2010-08-04,9.895008830609681,9.973818787204188,9.763659824867789,9.85998249053955,2287295,0.0,0.0
2010-08-05,9.88625293497414,9.903765644864306,9.588526725769043,9.588526725769043,2645861,0.0,0.0
2010-08-06,9.448419926636053,9.667336163761874,9.299557291033363,9.430906295776367,2593423,0.0,0.0
2010-08-09,9.47469004959061,9.562256361329744,9.360853752138173,9.492202758789062,1450383,0.0,0.0
2010-08-10,9.422149997072895,9.422149997072895,8.966803889266426,9.089398384094238,3125752,0.0,0.0
2010-08-11,8.852968228981961,8.914264552501926,8.485188444030996,8.511459350585938,3306360,0.0,0.0
2010-08-12,8.204976576904428,8.634052721340959,8.178706590063097,8.476432800292969,3306471,0.0,0.0
2010-08-13,8.467675823299942,8.660323014903096,8.336326806356988,8.371353149414062,1850679,0.0,0.0
2010-08-16,8.283785675193332,8.520215532156024,8.240002982958769,8.450161933898926,1883135,0.0,0.0
2010-08-17,8.590270638318906,8.896752303506267,8.520217027764843,8.809185981750488,1909630,0.0,0.0
2010-08-18,8.85296931993044,8.931778361644529,8.712863025227158,8.800429344177246,1815352,0.0,0.0
2010-08-19,8.774158858018016,8.923021499587717,8.476432652962963,8.528972625732422,2274710,0.0,0.0
2010-08-20,8.450162426975801,8.52897238389535,8.231246187282258,8.493945121765137,2029299,0.0,0.0
2010-08-23,8.599025936957066,8.616538646006182,8.14367982911457,8.178706169128418,2279788,0.0,0.0
2010-08-24,7.968546808379676,8.038601336837955,7.8371977942252755,7.880980491638184,2718722,0.0,0.0
2010-08-25,7.810927719489538,7.898494035249848,7.530714679332448,7.863467693328857,3345440,0.0,0.0
2010-08-26,7.951034163975876,8.05611411370148,7.504444838599906,7.5394721031188965,2596735,0.0,0.0
2010-08-27,7.592012135005782,8.056114663347833,7.451906294075682,8.01233196258545,2251968,0.0,0.0
2010-08-30,8.012330576799021,8.152436854454672,7.854709746802481,7.872223377227783,2508528,0.0,0.0
2010-08-31,7.854710447393179,8.1874639236599,7.7759014082390205,8.021087646484375,2841593,0.0,0.0
2010-09-01,8.21373335127936,8.397622326002697,8.134923395576957,8.318812370300293,2639900,0.0,0.0
2010-09-02,8.345083431358072,8.616539673134271,8.222490765738229,8.607783317565918,1911838,0.0,0.0
2010-09-03,8.887996337960454,9.150696236672264,8.747890032619411,9.106912612915039,2955743,0.0,0.0
2010-09-07,8.975562695539335,9.019345397536789,8.660323737877727,8.677837371826172,2088472,0.0,0.0
2010-09-08,8.756645779687537,8.905508430662149,8.72161943626687,8.887995719909668,1515185,0.0,0.0
2010-09-09,9.089399423868116,9.115668490444738,8.712863229449756,8.835455894470215,1294724,0.0,0.0
2010-09-10,8.861725284149975,8.914265257584384,8.756645337281157,8.817941665649414,1030326,0.0,0.0
2010-09-13,8.984317481396735,9.20323371887207,8.966803850509088,9.20323371887207,1895389,0.0,0.0
2010-09-14,9.185721739341508,9.229504437164008,9.019344537485816,9.054370880126953,1314044,0.0,0.0
2010-09-15,8.975561062786273,9.150694604664697,8.861724767618881,9.115667343139648,1073601,0.0,0.0
2010-09-16,9.036857103497468,9.255773332526903,8.975560780628964,9.220746994018555,1600190,0.0,0.0
2010-09-17,9.273288551877656,9.448421196346988,9.089399551759577,9.439664840698242,2047404,0.0,0.0
2010-09-20,9.474690000177468,9.684849884787848,9.413393674471314,9.632309913635254,1832794,0.0,0.0
2010-09-21,9.632310282954288,9.693606611010647,9.395880403702488,9.500960350036621,1931378,0.0,0.0
2010-09-22,9.430906998664149,9.518473315657696,9.11566807310425,9.194478034973145,1988453,0.0,0.0
2010-09-23,9.054371236018788,9.150695756378346,8.826699538944673,8.835455894470215,1987128,0.0,0.0
2010-09-24,9.01058804913383,9.045614391257299,8.861725403672327,8.993074417114258,4333705,0.0,0.0
2010-09-27,8.949291994200827,8.984318337397722,8.800429344177246,8.800429344177246,2972854,0.0,0.0
2010-09-28,8.800429739988303,9.115668686770052,8.67783707232755,9.098155975341797,3075301,0.0,0.0
2010-09-29,9.080641642748345,9.369610578220088,8.975561694607467,9.33458423614502,2415796,0.0,0.0
2010-09-30,9.947549778961486,10.735648500417039,9.92127979084911,10.604297637939453,13570759,0.0,0.0
2010-10-01,10.56051393375063,10.595540273927659,10.219005042714446,10.402894020080566,3966418,0.0,0.0
2010-10-04,10.376625565558507,10.376625565558507,9.982575758250114,10.078898429870605,2532374,0.0,0.0
2010-10-05,10.367868215154243,10.49921814999369,10.078898358507457,10.332841873168945,2775466,0.0,0.0
2010-10-06,10.324085503884138,10.639324425147498,10.26278917501566,10.446678161621094,2710663,0.0,0.0
2010-10-07,10.516729214582469,10.578025533945242,10.332840256494153,10.569269180297852,2439089,0.0,0.0
2010-10-08,10.604297208928097,11.19099235714798,10.58678449883882,10.875754356384277,4079022,0.0,0.0
2010-10-11,10.472948619293286,10.72689214501815,10.446678631180909,10.604297637939453,4165462,0.0,0.0
2010-10-12,10.507974268224444,10.656836909744236,10.464191572208339,10.525487899780273,2479384,0.0,0.0
2010-10-13,10.43792174157399,10.66559342370293,10.105168268542169,10.131438255310059,7091729,0.0,0.0
2010-10-14,10.052629135780851,10.122682746992869,9.85122742357511,9.956306457519531,3058411,0.0,0.0
2010-10-15,10.043873123422687,10.0526294794051,9.684851465154441,9.851227760314941,2297782,0.0,0.0
2010-10-18,9.763658737682597,10.008844012787701,9.719875126033534,9.798685073852539,1794929,0.0,0.0
2010-10-19,9.676094399500032,9.886253381074724,9.483447206690034,9.544743537902832,2610865,0.0,0.0
2010-10-20,9.562255850613967,9.947548339220361,9.483445897683264,9.903764724731445,2057450,0.0,0.0
2010-10-21,9.91252330546017,9.982575991564046,9.509717133657936,9.684850692749023,2528510,0.0,0.0
2010-10-22,9.597282651589778,9.737389855940444,9.57101266601348,9.632309913635254,1075478,0.0,0.0
2010-10-25,9.746147777452878,9.87749772645245,9.579770560776243,9.649825096130371,1261164,0.0,0.0
2010-10-26,9.606039132396216,9.912522608786361,9.500960110625583,9.807442665100098,2354526,0.0,0.0
2010-10-27,9.719876006150912,9.781172330477462,9.492202495642077,9.711119651794434,1933144,0.0,0.0
2010-10-28,9.754904049629785,9.807444028778349,9.483447798000785,9.562257766723633,2377819,0.0,0.0
2010-10-29,9.317069438136976,9.851225467032652,9.238260408809781,9.754901885986328,3714273,0.0,0.0
2010-11-01,9.754902611761787,10.06138516367586,9.606039052144684,9.947548866271973,4706844,0.0,0.0
2010-11-02,10.017601769116927,10.017601769116927,9.807442800753186,9.868739128112793,1962620,0.0,0.0
2010-11-03,9.903766403946078,10.035116347768046,9.789931015188012,9.982576370239258,2085380,0.0,0.0
2010-11-04,10.131439169226345,10.472949028015137,10.096412824348127,10.472949028015137,2208914,0.0,0.0
2010-11-05,10.47294829810177,10.551758260021897,10.297815664000826,10.39413833618164,1430622,0.0,0.0
2010-11-08,10.297815310874547,10.472947938969952,10.227761706486996,10.411651611328125,1771635,0.0,0.0
2010-11-09,10.4379219118588,10.586784558028286,10.122682065501285,10.19273567199707,1892850,0.0,0.0
2010-11-10,10.166465357043968,10.24527624515497,9.868740047305028,10.210249900817871,1618295,0.0,0.0
2010-11-11,10.078898874657089,10.175223394359774,9.991332554251661,10.14895248413086,1095791,0.0,0.0
2010-11-12,10.00884664742632,10.131439317249061,9.789931297302246,9.789931297302246,2382014,0.0,0.0
2010-11-15,10.148951700541543,10.350355236031168,9.83371278703811,9.868739128112793,3443472,0.0,0.0
2010-11-16,9.807442376385458,9.807442376385458,9.317069934895724,9.343339920043945,3857788,0.0,0.0
2010-11-17,9.387123477617537,9.719876006150912,9.334583507647467,9.711119651794434,2807481,0.0,0.0
2010-11-18,9.877496121532424,9.982575141742815,9.851226136000923,9.85998249053955,1433602,0.0,0.0
2010-11-19,9.816199804535524,9.982576088034698,9.719877129732915,9.973819732666016,1148008,0.0,0.0
2010-11-22,9.895009030322452,10.026358960631022,9.833712703483664,10.008845329284668,1563318,0.0,0.0
2010-11-23,9.842468191665356,9.938791772716497,9.64106559753418,9.64106559753418,2149079,0.0,0.0
2010-11-24,9.763660898619134,9.930036262728164,9.728633632781289,9.921279907226562,2234857,0.0,0.0
2010-11-26,9.842469792557273,10.008846076056447,9.781173461145094,9.973819732666016,549110,0.0,0.0
2010-11-29,9.886252846028286,9.92127918740915,9.70236386234201,9.728632926940918,2000486,0.0,0.0
2010-11-30,9.614797592163086,9.763660235153313,9.588526683612018,9.614797592163086,2161554,0.0,0.0
2010-12-01,9.75593220009679,10.126409474283715,9.729469404986002,10.029379844665527,2013071,0.072466,0.0
2010-12-02,10.0382011990009,10.505709022336982,10.029379648348609,10.470425605773926,3056755,0.0,0.0
2010-12-03,10.35575333374395,10.567454752161646,10.196976573419184,10.523350715637207,1706501,0.0,0.0
2010-12-06,10.514530968316572,11.43190633422191,10.426321959251418,11.15845775604248,7977877,0.0,0.0
2010-12-07,11.4230840239648,11.67889041185535,11.229023845447482,11.237844467163086,4195269,0.0,0.0
2010-12-08,11.27312687127084,11.62596378110416,11.246664079816293,11.352516174316406,2894473,0.0,0.0
2010-12-09,11.458367794483898,11.467188415757862,11.202560490719316,11.299590110778809,1566409,0.0,0.0
2010-12-10,11.3260537909003,11.476009936401457,11.220203541271408,11.414263725280762,1113123,0.0,0.0
2010-12-13,11.467188809407027,11.908234747156989,11.387800429170195,11.784741401672363,3535211,0.0,0.0
2010-12-14,11.793562292864932,11.793562292864932,11.502472487357192,11.546577453613281,2717729,0.0,0.0
2010-12-15,11.493650407597775,11.661247772219797,10.964395523071289,10.964395523071289,4265260,0.0,0.0
2010-12-16,10.955576800650787,11.202561651366473,10.87618841491415,11.0702486038208,1794818,0.0,0.0
2010-12-17,11.096709494571481,11.387800216674805,11.061426080240828,11.387800216674805,1861829,0.0,0.0
2010-12-20,11.405442627091833,11.48483100751024,11.273127731045825,11.361337661743164,1188634,0.0,0.0
2010-12-21,11.405442834674483,11.652427673339844,11.343696625008143,11.652427673339844,1261164,0.0,0.0
2010-12-22,11.590681288053291,11.934697604248443,11.590681288053291,11.775919914245605,2003025,0.0,0.0
2010-12-23,11.678890948611665,11.758279333746765,11.502472934099472,11.599502563476562,943775,0.0,0.0
2010-12-27,11.502472487357192,11.555398075391693,11.42308410530544,11.546577453613281,628926,0.0,0.0
2010-12-28,11.55539823090009,11.55539823090009,11.352517426492216,11.423084259033203,820794,0.0,0.0
2010-12-29,11.423083870285703,11.511292872301045,11.352517040146228,11.361337661743164,1026572,0.0,0.0
2010-12-30,11.361337661743164,11.467188835634373,11.334873939588366,11.361337661743164,1262599,0.0,0.0
2010-12-31,11.334874000232828,11.59068131473255,11.202560960842906,11.564218521118164,1291744,0.0,0.0
2011-01-03,11.63478612978005,11.934697477301997,11.625964579568059,11.8994140625,2713534,0.0,0.0
2011-01-04,11.943518647714138,11.961160820266903,11.54657765907419,11.731816291809082,2484020,0.0,0.0
2011-01-05,11.617144342252281,11.820025144926134,11.555398132136155,11.749458312988281,2852081,0.0,0.0
2011-01-06,11.802383359485402,12.02290727039557,11.68771155731591,11.81120491027832,2084828,0.0,0.0
2011-01-07,11.820024559169289,12.172861487419317,11.740636180661886,12.128756523132324,3338596,0.0,0.0
2011-01-10,12.067010578449278,12.084652750284064,11.864128852736215,11.996443748474121,1879161,0.0,0.0
2011-01-11,12.058190404747988,12.349280214400894,11.961160777757696,12.155220031738281,2320082,0.0,0.0
2011-01-12,12.234608979449588,12.261071775064718,12.084653756751894,12.199325561523438,1255644,0.0,0.0
2011-01-13,12.20814444380401,12.252249406436958,12.031726450636096,12.075831413269043,2489871,0.0,0.0
2011-01-14,12.02290698435553,12.313996793909306,11.94351860120031,12.26107120513916,2464701,0.0,0.0
2011-01-18,12.19050279737948,12.340457993730517,11.996442639858303,12.225786209106445,1661129,0.0,0.0
2011-01-19,12.243428582575847,12.278712926246879,11.767099229836846,11.784741401672363,1903669,0.0,0.0
2011-01-20,11.687709500184447,11.696531049424701,11.29076857351147,11.405441284179688,3200380,0.0,0.0
2011-01-21,11.502471599440199,11.84648696642666,11.39662136022417,11.537755012512207,2132630,0.0,0.0
2011-01-24,11.59068084171021,12.031726764829285,11.51129246410694,11.722994804382324,2751620,0.0,0.0
2011-01-25,11.722995581823291,11.75827899798178,11.555398194217943,11.740636825561523,1778921,0.0,0.0
2011-01-26,11.76709914378364,12.208145078308215,11.749457900759127,12.111115455627441,1676915,0.0,0.0
2011-01-27,12.155218456970605,12.32281582352608,12.049368221789708,12.225786209106445,1946392,0.0,0.0
2011-01-28,12.269892184832475,12.40220616061614,11.793562800693335,11.802383422851562,2279677,0.0,0.0
2011-01-31,11.864129242695041,12.040548180795586,11.55539819055364,11.846487998962402,3845424,0.0,0.0
2011-02-01,13.981148221371289,15.304285997702213,13.619491602631307,15.092583656311035,22717178,0.0,0.0
2011-02-02,15.321929736320326,16.22166292190229,15.277824767791692,16.071706771850586,13080491,0.0,0.0
2011-02-03,15.948213482100032,16.451005638421123,15.81589858368036,16.274587631225586,6411248,0.0,0.0
2011-02-04,16.36279496610052,16.63624351496374,16.12463076002621,16.45982551574707,3901063,0.0,0.0
2011-02-07,16.618601978177832,16.90087114340242,16.53039205144844,16.706811904907227,4498747,0.0,0.0
2011-02-08,16.724454013991238,16.795020844613276,16.433362355117826,16.715633392333984,3105329,0.0,0.0
2011-02-09,16.59213894271364,16.980259293103032,16.530392734397598,16.733274459838867,3854918,0.0,0.0
2011-02-10,16.459826201483942,16.821484693704612,16.336333782623818,16.69799041748047,3703234,0.0,0.0
2011-02-11,16.556856579145535,17.103751836477954,16.477467269748058,16.92733383178711,2690130,0.0,0.0
2011-02-14,17.4301260643308,18.082874356436342,17.209604950435583,17.447769165039062,6723337,0.0,0.0
2011-02-15,17.34191811546335,17.844710270681126,17.09493142004036,17.430126190185547,3624411,0.0,0.0
2011-02-16,17.66828996515452,18.356322589093477,17.641828100608087,18.215187072753906,4346401,0.0,0.0
2011-02-17,18.17990524007975,18.744443610999664,18.003487231337783,18.144620895385742,5119063,0.0,0.0
2011-02-18,18.135799093640756,18.25929150598933,17.306632834871312,17.747678756713867,4690064,0.0,0.0
2011-02-22,17.341917199257217,17.67711195169343,16.77737886435032,16.90087127685547,4946734,0.0,0.0
2011-02-23,16.84794911732587,17.288995129399215,16.32751564031962,16.839128494262695,4695915,0.0,0.0
2011-02-24,16.82148513316231,16.918513832022107,16.521572842536557,16.75973892211914,4131791,0.0,0.0
2011-02-25,17.00672150247538,17.659467871198707,17.00672150247538,17.641826629638672,3127077,0.0,0.0
2011-02-28,17.73885966740258,17.888815813841322,17.244888117984438,17.474231719970703,2659329,0.0,0.0
2011-03-01,17.677111627253183,17.721216590156654,16.706811730196275,16.72445297241211,2612853,0.0,0.0
2011-03-02,16.733274635648492,17.068469402808176,16.583318495383157,16.715633392333984,2740691,0.0,0.0
2011-03-03,17.01554358755567,17.721217456414653,16.997902344477485,17.580081939697266,4418931,0.0,0.0
2011-03-04,17.5536194639959,17.633008778212194,16.909693614920766,17.130216598510742,2714969,0.0,0.0
2011-03-07,17.253707759304277,17.421305140257548,16.68034878692833,17.059648513793945,2943378,0.0,0.0
2011-03-08,17.01554260393259,17.280170521627774,16.768557785659667,17.165498733520508,1861387,0.0,0.0
2011-03-09,17.09493199389083,17.280172486017317,16.90969335912843,17.050827026367188,1594008,0.0,0.0
2011-03-10,16.697989212394848,16.759737274732604,15.965853516431677,15.983494758605957,4071404,0.0,0.0
2011-03-11,15.921752364173928,16.66271071592117,15.304289237976276,16.398082733154297,3667355,0.0,0.0
2011-03-14,16.39808033835055,16.715633871294735,16.195198604964425,16.662708282470703,2233421,0.0,0.0
2011-03-15,15.798256544446359,16.715632735966548,15.727689716595245,16.57449722290039,2790590,0.0,0.0
2011-03-16,16.49511132010324,17.333098283656135,16.362796415943876,16.60978126525879,3860217,0.0,0.0
2011-03-17,17.121395694970925,17.59772414298422,16.918513959045807,17.474231719970703,3423380,0.0,0.0
2011-03-18,17.897633919078284,18.268112993385767,17.60654228915478,17.641826629638672,5361603,0.0,0.0
2011-03-21,18.22400739804755,18.55038153299904,17.879993877715794,18.462173461914062,4474350,0.0,0.0
2011-03-22,18.506278421661136,18.515099043031107,18.126978701204848,18.250471115112305,2577636,0.0,0.0
2011-03-23,18.19754675793729,19.132564261458587,17.86235197906777,18.744443893432617,5385669,0.0,0.0
2011-03-24,19.035532737104866,19.106099566603607,18.276935140924447,18.85029411315918,3610722,0.0,0.0
2011-03-25,18.876756853316277,19.10610045284837,18.620951388006198,18.64741325378418,2694656,0.0,0.0
2011-03-28,18.7267994409366,18.859114332962807,18.365142822265625,18.365142822265625,2045638,0.0,0.0
2011-03-29,18.462172836505793,18.964964953959047,18.18872429641397,18.956144332885742,2345253,0.0,0.0
2011-03-30,19.26487649092142,19.353084564208984,18.93850234782025,19.353084564208984,2782531,0.0,0.0
2011-03-31,19.450115582783187,19.511861786877713,19.10609836373674,19.300159454345703,2526192,0.0,0.0
2011-04-01,19.529503192801034,19.829413594830662,18.991426735990952,19.070816040039062,4440238,0.0,0.0
2011-04-04,19.229593170463904,19.555967330932617,18.93850335560622,19.555967330932617,2766193,0.0,0.0
2011-04-05,19.538324958769145,20.28810193646157,19.503042472559233,20.102863311767578,5315788,0.0,0.0
2011-04-06,20.341027123955143,20.40277333097473,19.42365278267683,19.82941436767578,2770940,0.0,0.0
2011-04-07,19.811771320703173,19.96172744258825,19.247233030194845,19.503040313720703,2852301,0.0,0.0
2011-04-08,19.61771138879372,19.802951861207944,18.885577549685635,19.053173065185547,2628529,0.0,0.0
2011-04-11,19.053174769878748,19.194310292090172,18.612128816843622,18.7620849609375,2096641,0.0,0.0
2011-04-12,18.523921680804403,18.585667894479457,18.074055083054628,18.347503662109375,2530166,0.0,0.0
2011-04-13,18.523919970959003,18.70915859488576,18.12697900119368,18.426889419555664,1485157,0.0,0.0
2011-04-14,18.32986005512525,18.859114043000904,18.17990392274672,18.82383155822754,2592540,0.0,0.0
2011-04-15,18.885578633658902,19.00907105078054,18.541561389728635,18.62095069885254,1951801,0.0,0.0
2011-04-18,18.126979560985895,18.43571061039797,17.633008024562542,18.259292602539062,3652893,0.0,0.0
2011-04-19,18.409247527510164,18.603306766111352,18.29457573711766,18.497455596923828,2548271,0.0,0.0
2011-04-20,19.07963600560566,19.07963600560566,18.276933515848555,18.506277084350586,2280340,0.0,0.0
2011-04-21,18.762084506475883,20.014655502817373,18.753263884807083,19.970550537109375,4451056,0.0,0.0
2011-04-25,20.10286288145162,20.155788466997564,19.608891368810806,19.944087982177734,1869998,0.0,0.0
2011-04-26,20.005832987790768,20.490981992572078,19.94408678458885,20.1822509765625,2428712,0.0,0.0
2011-04-27,20.40277615749214,20.40277615749214,19.573611629866413,20.04994010925293,2368436,0.0,0.0
2011-04-28,19.882342349196925,20.235178391073458,19.70592432825866,19.776491165161133,2503229,0.0,0.0
2011-04-29,19.220770551084478,19.944087488080807,18.903218903039825,19.5736083984375,8698211,0.0,0.0
2011-05-02,19.829416095332203,20.111685290884957,19.264877704226695,19.326623916625977,2770056,0.0,0.0
2011-05-03,19.141383276756557,19.211950103920646,18.206365851717674,18.285755157470703,4088847,0.0,0.0
2011-05-04,18.268113890350076,18.268113890350076,17.544796947780284,17.65064811706543,3826546,0.0,0.0
2011-05-05,17.438947014652708,17.633006246520132,17.121393518109098,17.29781150817871,2932891,0.0,0.0
2011-05-06,17.641828198394595,17.809425580209574,17.024364257884884,17.156679153442383,2648179,0.0,0.0
2011-05-09,17.324278282102547,17.324278282102547,16.980261004856214,17.1743221282959,1972997,0.0,0.0
2011-05-10,17.244887264828385,17.28899223011237,17.015543674188432,17.04200553894043,2562843,0.0,0.0
2011-05-11,17.0243635972143,17.068468560688537,16.442184022918905,16.80384063720703,3799941,0.0,0.0
2011-05-12,16.7597358014183,17.0420030808488,16.371613648792067,16.786197662353516,3142864,0.0,0.0
2011-05-13,16.724453839021308,16.79502066890508,15.974675002902767,15.992316246032715,7201021,0.0,0.0
2011-05-16,15.921748984299853,16.433361737467596,15.674764157723677,15.727689743041992,3241447,0.0,0.0
2011-05-17,15.648301810310313,15.798256082942927,15.374853270840891,15.568912506103516,4147578,0.0,0.0
2011-05-18,15.586556092508568,16.12463070984013,15.52480895716114,15.93939208984375,3055320,0.0,0.0
2011-05-19,16.06288423432236,16.274586572125678,15.683584521985399,15.860002517700195,1942197,0.0,0.0
2011-05-20,15.771795539768751,15.992316656647084,15.436600767509479,15.639482498168945,2195004,0.0,0.0
2011-05-23,15.224897019940016,15.33074912160456,15.039658395902531,15.057300567626953,2450902,0.0,0.0
2011-05-24,15.23371956235104,15.498346567228957,14.845599212251166,15.154330253601074,2182087,0.0,0.0
2011-05-25,14.986733674859893,15.789437211422534,14.96027088008609,15.69240665435791,3650465,0.0,0.0
2011-05-26,15.674765410296734,15.88646776848716,15.401316840528116,15.69240665435791,1744919,0.0,0.0
2011-05-27,15.833542637960779,16.221663020106973,15.815899536024041,15.957035064697266,1374872,0.0,0.0
2011-05-31,16.33633246971094,16.52157108311393,15.613017400764758,15.895286560058594,3163839,0.0,0.0
2011-06-01,15.868823750674581,16.001138645584764,15.039658395902531,15.057300567626953,1819768,0.0,0.0
2011-06-02,15.119047076972416,15.357212220929961,15.039658695653234,15.127867698669434,2182971,0.0,0.0
2011-06-03,14.827957241245315,15.216076667918898,14.686822650996193,14.819136619567871,1913494,0.0,0.0
2011-06-06,14.74856813615765,14.880882098234597,14.378089971024156,14.475119590759277,3397216,0.0,0.0
2011-06-07,14.642717385014768,14.730927314708593,14.431015968322754,14.431015968322754,1691929,0.0,0.0
2011-06-08,14.333984699217092,14.68682161427465,14.289880665261109,14.298701286315918,2411159,0.0,0.0
2011-06-09,14.386911871886785,14.678002614346614,14.307523487579557,14.333986282348633,1735425,0.0,0.0
2011-06-10,14.228135219499643,14.263418634282978,13.478356386750377,13.584208488464355,3610280,0.0,0.0
2011-06-13,13.610671494597513,13.848835708962465,13.522461563236565,13.663596153259277,1935463,0.0,0.0
2011-06-14,13.910581588745117,14.025253382381987,13.76062638060813,13.910581588745117,4449952,0.0,0.0
2011-06-15,13.751806077144254,13.892940676621292,13.293118861014397,13.354865074157715,3815175,0.0,0.0
2011-06-16,13.513639864272687,13.778267798081234,13.046132991029568,13.36368465423584,3089432,0.0,0.0
2011-06-17,13.663596002991529,13.663596002991529,13.275475652526987,13.36368465423584,2243136,0.0,0.0
2011-06-20,13.3372213205429,13.407789076260364,13.178445495372026,13.319580078125,1987570,0.0,0.0
2011-06-21,13.487177813128959,14.148747684058367,13.416610979351185,14.122284889221191,2677213,0.0,0.0
2011-06-22,14.051716946701708,14.466300108050278,13.98114918514615,14.245777130126953,2274489,0.0,0.0
2011-06-23,13.928223596149989,14.28988209718443,13.654775957912536,14.245777130126953,2888622,0.0,0.0
2011-06-24,14.254597483908505,14.342806481935257,13.46953526550191,13.531281471252441,2123357,0.0,0.0
2011-06-27,13.548925073681023,13.698880283021682,13.310759934359044,13.584208488464355,1701313,0.0,0.0
2011-06-28,13.663596358769048,14.051716719339604,13.610671699311261,13.954686164855957,1989336,0.0,0.0
2011-06-29,14.051716071754477,14.695642792870172,13.848835279023168,14.448657035827637,2165307,0.0,0.0
2011-06-30,14.492763085020389,14.986733707400536,14.475120912238866,14.85442066192627,2030403,0.0,0.0
2011-07-01,14.907345565743023,15.507167339852074,14.783852219318042,15.454241752624512,2298997,0.0,0.0
2011-07-05,15.80707845548371,15.92175025660951,15.58655733262678,15.69240665435791,3084243,0.0,0.0
2011-07-06,15.613018185129901,15.639481906867736,15.17197225332034,15.489524841308594,2336973,0.0,0.0
2011-07-07,15.736511224426927,16.04524227452045,15.665944392600412,15.948213577270508,2378040,0.0,0.0
2011-07-08,15.454241602028539,15.577734018568131,15.180793046911452,15.366032600402832,2570350,0.0,0.0
2011-07-11,15.03965833060734,15.163150746096182,14.669181084140808,14.748568534851074,2258481,0.0,0.0
2011-07-12,14.607432556858699,14.792673031594992,14.351627112491679,14.378089904785156,3946767,0.0,0.0
2011-07-13,14.510404195695596,14.863241147307376,14.501583573726963,14.554509162902832,1681883,0.0,0.0
2011-07-14,14.67800155009126,14.889702964212024,14.36926865727661,14.448657035827637,2387314,0.0,0.0
2011-07-15,14.572149777988498,14.775031503968112,14.35162773751491,14.730927467346191,1466942,0.0,0.0
2011-07-18,14.678001752129815,14.686822373640684,14.034074093468663,14.113463401794434,2271729,0.0,0.0
2011-07-19,14.457478107391891,14.66035890644047,14.09582054629729,14.607433319091797,2266651,0.0,0.0
2011-07-20,14.669181707016437,14.889703754227074,14.616255189825614,14.783852577209473,1489242,0.0,0.0
2011-07-21,14.880881778254018,14.951448604056367,14.272238494469551,14.298701286315918,3412230,0.0,0.0
2011-07-22,14.192851850404798,14.28106085775987,13.86647768737719,14.104641914367676,3250721,0.0,0.0
2011-07-25,13.848836004689314,14.095820845991653,13.76944762197841,13.945865631103516,2082179,0.0,0.0
2011-07-26,13.989970880509608,13.989970880509608,13.522462125327948,13.601850509643555,2955191,0.0,0.0
2011-07-27,13.619492528557796,14.095820971707385,12.569803228932953,12.781505584716797,8019717,0.0,0.0
2011-07-28,12.74622056720338,12.82560894643418,11.828845288339659,11.908234596252441,5649074,0.0,0.0
2011-07-29,11.617143770423594,12.525698419846465,11.55539756334679,12.340458869934082,3938046,0.0,0.0
2011-08-01,12.73740117699703,12.957924164394296,12.049370347852348,12.093474388122559,4190743,0.0,0.0
2011-08-02,11.943518256730076,12.119936261754367,11.220203135975686,11.246665000915527,3721449,0.0,0.0
2011-08-03,11.308412226933932,11.39662215881799,10.638022688179932,11.237844467163086,4259740,0.0,0.0
2011-08-04,10.990859640671957,10.990859640671957,9.967633159403498,9.97645378112793,3976795,0.0,0.0
2011-08-05,10.205798010144985,10.302828569876363,9.2884235759258,9.597155570983887,4944526,0.0,0.0
2011-08-08,8.962049542443113,9.182572532041917,7.718300921229793,7.965285778045654,7908880,0.0,0.0
2011-08-09,8.274018505121436,8.60921329256714,7.832972536654549,8.565109252929688,6101587,0.0,0.0
2011-08-10,8.282838262209628,9.041436765826013,8.062315301008754,8.450435638427734,8353886,0.0,0.0
2011-08-11,8.635675769832233,9.553050161749981,8.547465836441349,9.332528114318848,6262103,0.0,0.0
2011-08-12,9.526586552249695,9.817677264429625,9.288422352784425,9.420736312866211,3286931,0.0,0.0
2011-08-15,9.579513851436772,10.09994823515115,9.579513851436772,10.064663887023926,3398762,0.0,0.0
2011-08-16,9.835320091601588,9.914707544265886,9.314885766341597,9.35016918182373,3824669,0.0,0.0
2011-08-17,9.473661852274876,9.632438619189662,8.970869685726756,9.112004280090332,3146507,0.0,0.0
2011-08-18,8.741526511368527,8.88266016892444,8.282838409583892,8.432793617248535,5178345,0.0,0.0
2011-08-19,8.212272356898692,8.626855533365397,8.018211237714809,8.03585433959961,4796485,0.0,0.0
2011-08-22,8.432794437108686,8.521003445998051,7.683017397208047,7.771226406097412,5052825,0.0,0.0
2011-08-23,7.921181566567768,8.25637635494258,7.727121377051716,8.24755573272705,4004725,0.0,0.0
2011-08-24,8.229912517778638,8.688600602515233,8.132882899644748,8.679779052734375,3211640,0.0,0.0
2011-08-25,8.785630887942744,8.86501926990858,8.379868356344707,8.397510528564453,4223641,0.0,0.0
2011-08-26,8.30930104746887,8.988511173019942,8.150524292658764,8.979690551757812,3437842,0.0,0.0
2011-08-29,9.26195939998502,10.029378497773473,9.26195939998502,9.967632293701172,3855580,0.0,0.0
2011-08-30,9.879424363872602,10.117588584896817,9.5971551759347,9.747111320495605,3976022,0.0,0.0
2011-08-31,9.923527854791335,10.338110953124449,9.685363669190927,9.800034523010254,3362552,0.0,0.0
2011-09-01,9.729469705528176,9.87942493000004,9.138468501374025,9.164931297302246,2830885,0.0,0.0
2011-09-02,8.776810169916304,9.006152834165652,8.494540060906175,8.723884582519531,3400197,0.0,0.0
2011-09-06,8.203449795415493,8.432793375389059,8.027030871166485,8.353404998779297,4428315,0.0,0.0
2011-09-07,8.600392196523458,9.041437212008194,8.529823508154688,9.032615661621094,3924136,0.0,0.0
2011-09-08,8.847376414241683,9.032615029170532,8.344584295980052,8.468076705932617,3419516,0.0,0.0
2011-09-09,8.42397261583461,8.45043540760316,7.9917473265089525,8.159345626831055,3873906,0.0,0.0
2011-09-12,7.9300019753720985,8.229913338131558,7.621270919316525,7.903539180755615,4070632,0.0,0.0
2011-09-13,7.982927951539108,8.247555910530505,7.859435523131177,7.965285778045654,2999128,0.0,0.0
2011-09-14,8.07995839233492,8.521003436278674,7.762404846276937,8.344585418701172,4567745,0.0,0.0
2011-09-15,8.53864416303967,8.856196726621317,8.379867416907892,8.820913314819336,4232803,0.0,0.0
2011-09-16,8.865017921301805,8.909121952118744,8.15934507009394,8.221091270446777,4858086,0.0,0.0
2011-09-19,7.991748433989003,7.991748433989003,7.7183007860627635,7.824151039123535,4256759,0.0,0.0
2011-09-20,7.965284957102994,7.974105578599582,7.109656811474377,7.215507984161377,6083703,0.0,0.0
2011-09-21,7.241971158253256,7.418389633897353,6.589223773486234,6.598044395446777,5547509,0.0,0.0
2011-09-22,6.27167059939049,6.395163019524869,5.786519683303673,6.033505916595459,7127387,0.0,0.0
2011-09-23,6.0335059776670175,6.271670662872768,5.962938216388782,6.077610015869141,5217977,0.0,0.0
2011-09-26,6.22756522744236,6.289311902433868,5.865908121096447,6.1834611892700195,6518001,0.0,0.0
2011-09-27,6.465729935081487,7.241971132261327,6.439267140612799,6.862671852111816,7434177,0.0,0.0
2011-09-28,6.924417758263542,7.065552810666126,6.403983442402815,6.42162561416626,5422210,0.0,0.0
2011-09-29,6.730357106754267,6.880312780419109,6.271670392917383,6.58040189743042,4459336,0.0,0.0
2011-09-30,6.32459576217983,6.368699796968597,5.910011705864504,5.918833255767822,6153915,0.0,0.0
2011-10-03,5.830624618015971,5.998221539335135,5.248444079088746,5.301369667053223,4842852,0.0,0.0
2011-10-04,5.204339367057364,5.821802313024409,5.080845570577494,5.804161071777344,5078216,0.0,0.0
2011-10-05,5.848265431784221,6.37752034385418,5.654205730743478,6.29813289642334,5762119,0.0,0.0
2011-10-06,6.342237505818921,6.880313087800699,6.236387256751872,6.756820201873779,5340075,0.0,0.0
2011-10-07,6.827388135269571,6.924417758263542,6.280491026104671,6.42162561416626,4188645,0.0,0.0
2011-10-10,6.695073670232699,7.136119603929591,6.650969634072202,7.109656810760498,5071261,0.0,0.0
2011-10-11,6.915597245291075,7.515419021798956,6.880312901210254,7.303717136383057,5554796,0.0,0.0
2011-10-12,7.515419006982098,7.753583685648062,7.374284416983082,7.462493419647217,4151000,0.0,0.0
2011-10-13,7.436030626616484,7.453672798623622,7.0831941515887324,7.409567832946777,2757802,0.0,0.0
2011-10-14,7.61244855407304,7.877076023721566,7.471313965505959,7.683016777038574,3119460,0.0,0.0
2011-10-17,7.638911827065014,7.665374620516802,6.90677562502786,6.94205904006958,4148682,0.0,0.0
2011-10-18,7.003806477944457,7.40956809005007,6.3951631311040025,7.277254581451416,6217282,0.0,0.0
2011-10-19,7.356643455649724,7.400747494331359,6.959701535422785,7.012627124786377,3897310,0.0,0.0
2011-10-20,7.047910757754983,7.189045821836066,6.853850567027156,7.1449408531188965,2999570,0.0,0.0
2011-10-21,7.347821241993287,7.603627615048557,7.2596117795658675,7.506597995758057,3592838,0.0,0.0
2011-10-24,7.727119962749128,8.150523681829394,7.727119962749128,8.097599029541016,4072840,0.0,0.0
2011-10-25,8.053494452747309,8.053494452747309,7.533060631881071,7.630090713500977,4095250,0.0,0.0
2011-10-26,8.265195937887654,9.438377549682968,8.221091903673617,9.314885139465332,13477696,0.0,0.0
2011-10-27,10.06466246133395,10.7085891862331,9.967632839433904,10.435141563415527,9439189,0.0,0.0
2011-10-28,10.329291240624759,10.885009010754013,10.073484839658384,10.549814224243164,5466700,0.0,0.0
2011-10-31,10.011738090615767,10.135230509056925,9.685364872443277,9.773573875427246,5464050,0.0,0.0
2011-11-01,9.253138546675732,9.923528011042741,8.970868467595286,9.570691108703613,7445989,0.0,0.0
2011-11-02,9.967633758388057,10.452784698662139,9.782395118951392,10.329291343688965,4741619,0.0,0.0
2011-11-03,10.567454490746629,10.690947833060498,10.117587942970466,10.65566349029541,5352219,0.0,0.0
2011-11-04,10.514528927251764,11.114350629667559,10.452782725760443,10.97321605682373,5029200,0.0,0.0
2011-11-07,10.990860340783767,11.114352767520254,10.373396349737202,10.638023376464844,5142466,0.0,0.0
2011-11-08,10.761514663696289,10.83208242056069,10.285186251759958,10.761514663696289,3382644,0.0,0.0
2011-11-09,10.470424749858372,10.479245371107577,9.923528587450475,10.038200378417969,4031552,0.0,0.0
2011-11-10,10.32929056569001,10.558634156489164,9.941170214176676,10.311649322509766,4178047,0.0,0.0
2011-11-11,10.523350324394949,10.911470660526657,10.426320704703,10.461604118347168,3995342,0.0,0.0
2011-11-14,10.523349831550313,10.66448440819912,10.170512925587337,10.302826881408691,3183821,0.0,0.0
2011-11-15,10.196976598428193,10.435141739499464,10.011737972943644,10.311649322509766,3008070,0.0,0.0
2011-11-16,10.144049644470215,10.523349323277465,10.064661274811822,10.144049644470215,2656901,0.0,0.0
2011-11-17,10.205796571649211,10.214617192678963,9.385451884106015,9.429556846618652,4219666,0.0,0.0
2011-11-18,9.570692838894226,9.791215826637107,9.411916064835655,9.588334083557129,3804136,0.0,0.0
2011-11-21,9.244319125060462,9.33252812991675,8.73270541100276,8.909123420715332,4481636,0.0,0.0
2011-11-22,8.891482621502163,8.909123866146217,8.521003482428018,8.547466278076172,4921012,0.0,0.0
2011-11-23,8.468076551346918,8.48571872188177,7.982926612798665,8.062314987182617,3688551,0.0,0.0
2011-11-25,7.974105710724974,8.238733646827175,7.832972049713135,7.832972049713135,1872316,0.0,0.0
2011-11-28,8.5033611828639,8.820914725927446,8.423973725780073,8.565109252929688,2804500,0.0,0.0
2011-11-29,8.529823630547225,8.662138530114214,8.34458499999029,8.494540214538574,2208030,0.0,0.0
2011-11-30,9.197229134415238,9.846550941467285,9.152755640969081,9.846550941467285,4946293,0.072466,0.0
2011-12-01,9.77539329857111,10.095606020458789,9.45517964022189,9.93549919128418,4228388,0.0,0.0
2011-12-02,10.255711368847,10.38913371941108,9.908814193841888,9.9443941116333,2658998,0.0,0.0
2011-12-05,10.264606113683474,10.451398345186005,9.997762342943522,10.113394737243652,3337050,0.0,0.0
2011-12-06,10.140079463953182,10.184553895096698,9.766498737362998,10.077816009521484,2760342,0.0,0.0
2011-12-07,9.97107817450247,10.077816060618876,9.606391021245775,9.93549919128418,2621243,0.0,0.0
2011-12-08,9.775392515829747,9.997761845484513,9.535232291298094,9.57081127166748,2866984,0.0,0.0
2011-12-09,9.232810422242363,9.78428794747515,9.152756070070838,9.713129043579102,5882009,0.0,0.0
2011-12-12,9.437388607046096,9.455178564862717,8.957069110611647,9.134964942932129,4000199,0.0,0.0
2011-12-13,9.27728422414069,9.330653169709763,8.227697146359313,8.325539588928223,5396488,0.0,0.0
2011-12-14,8.20990629596871,8.227696254717682,7.605059404272126,7.77406120300293,5900777,0.0,0.0
2011-12-15,8.067588940143299,8.183222273643777,7.694008214135806,7.71179723739624,3774991,0.0,0.0
2011-12-16,7.8719040839750285,8.183222292839751,7.84521961256025,7.978641033172607,3196406,0.0,0.0
2011-12-19,8.049799518115922,8.058694029305526,7.382688703819892,7.427163600921631,3330206,0.0,0.0
2011-12-20,7.782956110660193,8.254381145141323,7.765166151004886,8.192117691040039,3600345,0.0,0.0
2011-12-21,8.09427341516241,8.31664463417236,7.907483052074043,8.25438117980957,4504157,0.0,0.0
2011-12-22,8.361117825888504,8.467855707478561,8.209906451276924,8.432276725769043,2437102,0.0,0.0
2011-12-23,8.450066089490903,8.530119503914905,8.2365912541551,8.316644668579102,1863484,0.0,0.0
2011-12-27,8.245484497394486,8.27216896476419,8.005324291067161,8.08537769317627,1801884,0.0,0.0
2011-12-28,8.147643362712557,8.147643362712557,7.667323342356476,7.702902793884277,2892044,0.0,0.0
2011-12-29,7.711797353830866,8.067589061949755,7.711797353830866,8.032010078430176,2138702,0.0,0.0
2011-12-30,7.969746588943937,8.263275776989694,7.96085207721761,8.174327850341797,2253293,0.0,0.0
2012-01-03,8.530118918434686,8.841437106630227,8.43227648738419,8.672436714172363,4094367,0.0,0.0
2012-01-04,8.619067348249558,8.921491043273155,8.405592514938775,8.868122100830078,2569246,0.0,0.0
2012-01-05,8.779173615410162,8.91259596300464,8.601276839797038,8.814753532409668,2478390,0.0,0.0
2012-01-06,8.877017213626448,9.072702079912075,8.699121369842336,8.98375415802002,3520970,0.0,0.0
2012-01-09,9.019333033633751,9.392915612242113,8.930385112785588,9.206125259399414,2865328,0.0,0.0
2012-01-10,9.490757863490263,9.695338171191066,9.490757863490263,9.57081127166748,3112726,0.0,0.0
2012-01-11,9.517441990244961,9.97107701712307,9.517441990244961,9.828761100769043,3071989,0.0,0.0
2012-01-12,9.962183215740332,9.962183215740332,9.686444001134479,9.864340782165527,3046378,0.0,0.0
2012-01-13,9.748706992102475,9.873234826581836,9.544126686875291,9.793181419372559,2721372,0.0,0.0
2012-01-17,9.944393935514658,10.27350114579546,9.944393935514658,10.104499816894531,3274897,0.0,0.0
2012-01-18,10.113394494920055,10.362450173314887,10.068921002426432,10.353554725646973,3898193,0.0,0.0
2012-01-19,10.415817806267775,10.771609479398434,10.335765335336395,10.611503601074219,4434166,0.0,0.0
2012-01-20,10.824979118618673,11.10071833867311,10.655977781999699,10.851663589477539,4594240,0.0,0.0
2012-01-23,10.878349743782364,11.091824588850464,10.789400877170612,10.949507713317871,2861685,0.0,0.0
2012-01-24,10.833872168103413,11.091822330417099,10.593712899243526,11.06513786315918,2829449,0.0,0.0
2012-01-25,11.047350480168793,11.581038967974049,10.9139281241021,11.509880065917969,3769140,0.0,0.0
2012-01-26,11.93683117407829,12.203675897505482,11.118508916337511,11.17187786102295,6534118,0.0,0.0
2012-01-27,11.056244702403836,12.141410672782744,11.01177027272502,12.09693717956543,6213308,0.0,0.0
2012-01-30,11.83009258455467,11.96351400191028,11.483195401091665,11.874566078186035,5896361,0.0,0.0
2012-01-31,12.016883796644768,12.203675090694633,11.625512185800337,11.954619407653809,6219490,0.0,0.0
2012-02-01,13.1465245637805,13.529000737392314,12.808521884724627,12.924154281616211,13048366,0.0,0.0
2012-02-02,13.021996739038887,13.440052832698761,12.861890847342629,13.39557933807373,5759580,0.0,0.0
2012-02-03,13.70689759992104,14.089373775623427,13.653527720531445,13.929267883300781,5940298,0.0,0.0
2012-02-06,13.964846066539724,14.009319558791354,13.626842468535342,13.973740577697754,3217602,0.0,0.0
2012-02-07,13.867002369512,14.116057104191237,13.69800197920485,14.089372634887695,3670777,0.0,0.0
2012-02-08,14.124952066724248,14.569692611694336,13.929267200857359,14.569692611694336,5272623,0.0,0.0
2012-02-09,14.685325302747097,14.898801068349709,14.302849137991101,14.800958633422852,4608923,0.0,0.0
2012-02-10,14.205005117263703,14.587482200997421,14.08047821732889,14.41848087310791,3961781,0.0,0.0
2012-02-13,14.747588791236899,14.9699600052519,14.543008473013833,14.863222122192383,3707429,0.0,0.0
2012-02-14,14.729798909533661,14.818747770193033,14.391797172166415,14.578587532043457,3388053,0.0,0.0
2012-02-15,14.72979830389671,14.836537119591538,14.15163635215185,14.25837516784668,4168001,0.0,0.0
2012-02-16,14.276164896610753,14.800958871172666,14.107163558281165,14.765378952026367,3340362,0.0,0.0
2012-02-17,14.916590615258286,15.0322230062758,14.729798389058486,14.79206371307373,3298522,0.0,0.0
2012-02-21,14.93437924624861,15.094486061828837,14.498534163562162,14.640851020812988,4082996,0.0,0.0
2012-02-22,14.649745692187725,14.703114631298952,14.169426176648152,14.276164054870605,3223232,0.0,0.0
2012-02-23,14.178320204917142,14.374006932636284,13.395577976347761,14.347322463989258,5999912,0.0,0.0
2012-02-24,14.365111485446317,14.543007318785525,14.213899184292696,14.347322463989258,2071802,0.0,0.0
2012-02-27,14.13384690521021,14.578587460477793,13.964846505586959,14.454060554504395,2956074,0.0,0.0
2012-02-28,14.400690953221355,14.631955731697959,14.31174303353508,14.480744361877441,2990296,0.0,0.0
2012-02-29,14.498534830258665,14.631956246249272,13.947056397764273,14.000425338745117,3850944,0.0,0.0
2012-03-01,14.07158318351176,14.489639260021606,13.964846238913465,14.01821517944336,3934293,0.0,0.0
2012-03-02,13.95595120791234,13.991531126969026,13.493421624790663,13.617948532104492,3084575,0.0,0.0
2012-03-05,13.37778841070293,13.431157349561904,12.924153366863111,12.986416816711426,5267656,0.0,0.0
2012-03-06,12.541677428138497,12.612836331930014,12.132516774837313,12.212570190429688,5778127,0.0,0.0
2012-03-07,12.470517838745142,12.790731483509997,12.363780893618356,12.44383430480957,4045130,0.0,0.0
2012-03-08,12.595046404935841,13.039786010002612,12.390465156497497,12.950838088989258,3368844,0.0,0.0
2012-03-09,12.897470029515931,13.32442064140208,12.879680069514261,13.093154907226562,4201893,0.0,0.0
2012-03-12,13.093154316930942,13.262156588173589,12.612835719617703,12.772942543029785,3271365,0.0,0.0
2012-03-13,12.995310844336656,13.875897366294618,12.977521823019641,13.813633918762207,4463200,0.0,0.0
2012-03-14,13.81363465707089,14.009319520785557,13.617947920433265,13.911477088928223,3876887,0.0,0.0
2012-03-15,13.991530205082348,14.213899533996583,13.822528878313738,14.089372634887695,3429893,0.0,0.0
2012-03-16,14.133845910478303,14.178320337459583,13.81363415664346,13.982634544372559,2872283,0.0,0.0
2012-03-19,13.929266893058742,14.08937277399934,13.626842280324967,13.662423133850098,2492962,0.0,0.0
2012-03-20,13.440052832698761,13.520106246777656,13.030891250671587,13.39557933807373,3589636,0.0,0.0
2012-03-21,13.457842705166641,13.564579653451567,13.244367872135266,13.271051406860352,2393275,0.0,0.0
2012-03-22,13.021995978538808,13.021995978538808,12.45272853806127,12.62173080444336,4788758,0.0,0.0
2012-03-23,12.612835622024873,12.950838288971834,12.461623311151866,12.852994918823242,3183048,0.0,0.0
2012-03-26,13.182103166602401,13.271051089610934,12.906363949752892,12.977522850036621,2219512,0.0,0.0
2012-03-27,12.995311508737581,12.995311508737581,12.595046334642133,12.62173080444336,2655134,0.0,0.0
2012-03-28,12.603942305083255,12.621732265831014,11.972410404307597,12.345992088317871,3890245,0.0,0.0
2012-03-29,12.168094557338792,12.514991720867199,12.043567658573146,12.452728271484375,3351512,0.0,0.0
2012-03-30,12.595045984540153,12.630624964465648,12.159199968722398,12.328201293945312,2133844,0.0,0.0
2012-04-02,12.257042915201827,12.683994438182133,12.230358445015558,12.523886680603027,2582162,0.0,0.0
2012-04-03,12.461622861191758,12.621730614045383,12.301516981261061,12.372674942016602,2364572,0.0,0.0
2012-04-04,12.150306444103547,12.194779938504992,11.785618358534846,11.981304168701172,2778557,0.0,0.0
2012-04-05,11.83009196397202,12.132515637939125,11.821197453004636,11.963513374328613,2116733,0.0,0.0
2012-04-09,11.6077219858428,11.910145667306768,11.527669512228984,11.78561782836914,3708643,0.0,0.0
2012-04-10,11.776724282319021,11.847883187038134,11.162983294366786,11.314194679260254,5227361,0.0,0.0
2012-04-11,11.589932478836543,11.72335388692157,11.367561280284791,11.447615623474121,3304925,0.0,0.0
2012-04-12,11.48319576137872,12.88857543511571,11.48319576137872,12.701784133911133,7202125,0.0,0.0
2012-04-13,12.595046440898159,12.666204403327425,12.21256934934103,12.399359703063965,3171787,0.0,0.0
2012-04-16,12.603941398180993,12.701783834099567,12.088042874694288,12.203675270080566,2496274,0.0,0.0
2012-04-17,12.479413698499327,12.97752320471433,12.470518250432306,12.657310485839844,2813111,0.0,0.0
2012-04-18,12.568362792946644,13.235472714316826,12.559466408253488,13.093154907226562,3994569,0.0,0.0
2012-04-19,13.066470224999888,13.440051860551245,12.81741548914516,12.986416816711426,4315711,0.0,0.0
2012-04-20,13.164314043673954,13.182103066263352,12.870784869872413,13.057575225830078,2965126,0.0,0.0
2012-04-23,12.666204479237456,12.666204479237456,12.194779463587697,12.523886680603027,3557621,0.0,0.0
2012-04-24,12.550571615476313,12.950838683090305,12.523887144302048,12.799627304077148,2090569,0.0,0.0
2012-04-25,13.02199601760669,13.235471776656961,12.64841437573019,12.68399429321289,3261871,0.0,0.0
2012-04-26,12.586151616341786,12.781837427402168,12.426044788257418,12.514992713928223,3486195,0.0,0.0
2012-04-27,12.639519802547445,13.039785912340466,12.417149533448772,13.030890464782715,4165241,0.0,0.0
2012-04-30,12.995311703405076,12.995311703405076,12.194779470299393,12.319306373596191,4411424,0.0,0.0
2012-05-01,12.372674653770202,12.870784113300372,12.310411205444291,12.550570487976074,2540102,0.0,0.0
2012-05-02,12.390465197780946,12.906363703254197,12.310411787663755,12.808521270751953,3361669,0.0,0.0
2012-05-03,12.950838509499379,13.190998746848706,12.5861513659803,12.755152702331543,5498825,0.0,0.0
2012-05-04,12.132515865075113,12.514992017832025,11.394246156501508,11.456510543823242,9323825,0.0,0.0
2012-05-07,11.340878215010664,11.669987329932695,11.269720246753113,11.314194679260254,4874867,0.0,0.0
2012-05-08,11.16298288876997,11.216350894793274,10.682662406406479,11.10071849822998,7491141,0.0,0.0
2012-05-09,10.78050627848899,11.331983815574407,10.602610419617768,11.029561042785645,4070411,0.0,0.0
2012-05-10,11.278614382088284,11.367562307671122,10.896139144897461,10.896139144897461,3393131,0.0,0.0
2012-05-11,10.691556818265619,11.17187631761635,10.602608901565327,10.91392707824707,2435115,0.0,0.0
2012-05-14,10.611503720813646,10.771609600944485,10.140078718488398,10.184553146362305,6278662,0.0,0.0
2012-05-15,10.211237146279492,10.317975028888679,9.810971959418058,9.846550941467285,4699116,0.0,0.0
2012-05-16,10.068921733304371,10.122290677339826,9.28617846939976,9.30396842956543,5052494,0.0,0.0
2012-05-17,9.339545996666804,9.339545996666804,8.565697362003714,8.681330680847168,8479296,0.0,0.0
2012-05-18,8.823648760406138,8.957070182380484,8.58348851522154,8.645752906799316,3589968,0.0,0.0
2012-05-21,8.81475329229051,9.490757649944337,8.725805375137675,9.464073181152344,4673835,0.0,0.0
2012-05-22,9.81097161709491,10.086709888932274,9.464073510718979,9.553021430969238,5598954,0.0,0.0
2012-05-23,9.375126013290958,9.784287588649288,9.019333379782042,9.766498565673828,4001082,0.0,0.0
2012-05-24,9.873235067623945,9.962182987874206,9.401810060189945,9.553021430969238,3131162,0.0,0.0
2012-05-25,9.570811525257406,9.633074976668944,9.419600152334892,9.535232543945312,2745438,0.0,0.0
2012-05-29,9.793182224023935,10.291290793483833,9.784287712423687,10.220132827758789,3455064,0.0,0.0
2012-05-30,9.953288007035361,9.971077028368963,9.384020595131483,9.481863021850586,4083990,0.0,0.0
2012-05-31,9.410705729572179,9.410705729572179,8.832542829624511,9.250598907470703,4372454,0.0,0.0
2012-06-01,8.859227062601864,9.001543921836126,8.7969636122734,8.8770170211792,3615911,0.0,0.0
2012-06-04,8.930384552468198,9.001543446558907,8.53901297612284,8.80585765838623,3701799,0.0,0.0
2012-06-05,8.81475338070188,9.508547703329562,8.716910015329391,9.384020805358887,4268682,0.0,0.0
2012-06-06,9.57970576025173,10.11339421039088,9.57970576025173,9.917709350585938,5228355,0.0,0.0
2012-06-07,10.353554251852525,10.531450086609206,9.793181342261393,9.873234748840332,3348973,0.0,0.0
2012-06-08,9.73091777673536,9.819866638065653,9.339547094605084,9.686444282531738,4347726,0.0,0.0
2012-06-11,9.88213077639228,10.051132126288625,8.88591263780494,8.921491622924805,4554939,0.0,0.0
2012-06-12,9.072702725109462,9.401810902329654,8.965965773125383,9.366231918334961,2991732,0.0,0.0
2012-06-13,9.241704048831314,9.286177540102555,8.894805947316044,8.957069396972656,2832872,0.0,0.0
2012-06-14,8.97485954144041,9.268388710346981,8.877017109445873,9.206125259399414,2398243,0.0,0.0
2012-06-15,9.286177311563806,9.6241799573372,9.197228458287492,9.606389999389648,3540952,0.0,0.0
2012-06-18,9.53523258106095,9.677549443324777,9.330652267143225,9.597496032714844,2001811,0.0,0.0
2012-06-19,9.659759848675874,10.229027319200476,9.650865337093153,9.953289031982422,3201042,0.0,0.0
2012-06-20,9.962183407545071,10.104500273233079,9.686444187630332,9.971077919006348,2746101,0.0,0.0
2012-06-21,9.953289461431265,9.953289461431265,9.197229723356058,9.286178588867188,3266507,0.0,0.0
2012-06-22,9.48186416385657,9.48186416385657,9.108281560396206,9.321758270263672,3524503,0.0,0.0
2012-06-25,9.054913929055148,9.126071898834008,8.76138566490958,9.06380844116211,3499222,0.0,0.0
2012-06-26,9.117175671590608,9.215019032207083,8.85922644086026,9.170543670654297,2320745,0.0,0.0
2012-06-27,9.241705069735328,9.561917800814768,9.197229700628101,9.490758895874023,2488105,0.0,0.0
2012-06-28,9.366230850717864,9.819865888442317,9.286177443508587,9.793181419372559,2988309,0.0,0.0
2012-06-29,10.095605111886535,10.424713252306258,9.926603786232318,10.406923294067383,4042812,0.0,0.0
2012-07-02,10.398029328984478,10.398029328984478,9.91770979593683,9.98886775970459,2328362,0.0,0.0
2012-07-03,10.068920490044594,10.406923136226574,10.015551552598867,10.362449645996094,2156365,0.0,0.0
2012-07-05,10.237921596261508,10.469187320268324,10.08671022051146,10.255711555480957,2330349,0.0,0.0
2012-07-06,10.006657673416345,10.033342143823402,9.606390617310492,9.722023010253906,2711436,0.0,0.0
2012-07-09,9.668654005777723,9.891025215346687,9.499653609594457,9.802077293395996,2556219,0.0,0.0
2012-07-10,9.962183252892714,10.1489736094489,8.983754231188293,9.108281135559082,3881965,0.0,0.0
2012-07-11,9.054912139926158,9.250597922845515,8.939279759536728,9.046016693115234,4330614,0.0,0.0
2012-07-12,8.912596086145708,9.526337020637131,8.80585820659538,9.41070556640625,4160936,0.0,0.0
2012-07-13,9.464073806050605,9.846550905169753,9.446284783322321,9.784287452697754,2530276,0.0,0.0
2012-07-16,9.695338384528009,9.784287242100909,9.419600110021067,9.677549362182617,2597618,0.0,0.0
2012-07-17,9.71312814602016,9.962182881949659,9.303967529927137,9.775392532348633,3845203,0.0,0.0
2012-07-18,9.650865303169889,10.220132771693489,9.553021930257788,9.89102554321289,5300995,0.0,0.0
2012-07-19,9.971079074585159,10.157870392150397,9.650866323792087,9.810973167419434,4480642,0.0,0.0
2012-07-20,9.695339225828622,9.953289436834954,9.472969871985011,9.490758895874023,2339954,0.0,0.0
2012-07-23,9.170543670654297,9.472968262937432,9.037122268302967,9.170543670654297,2999791,0.0,0.0
2012-07-24,9.179440395933428,9.286178281848574,8.814754179825904,8.992650032043457,3964983,0.0,0.0
2012-07-25,9.250599333574701,9.47296961791581,8.965965594368853,9.054913520812988,3291898,0.0,0.0
2012-07-26,9.499654438122441,10.229027836316195,9.46407451706981,10.148974418640137,9858363,0.0,0.0
2012-07-27,10.202342517237662,10.993981179819606,10.122290042665378,10.744925498962402,6910458,0.0,0.0
2012-07-30,10.771610377570747,10.931718142168181,10.229027375281118,10.486977577209473,3002992,0.0,0.0
2012-07-31,10.460293207066169,10.789400441692333,10.398029752120262,10.673768043518066,2903415,0.0,0.0
2012-08-01,10.736031498463973,12.185885604424152,10.451398695348622,10.673768043518066,10929866,0.0,0.0
2012-08-02,10.567029913544621,10.73603125105262,10.122290290993195,10.300185203552246,4774517,0.0,0.0
2012-08-03,10.727135335083814,11.020664477644956,10.682660910420749,10.842767715454102,4870892,0.0,0.0
2012-08-06,10.931718229948952,11.207456520892897,10.922822781784507,11.082929611206055,5157149,0.0,0.0
2012-08-07,11.207455812651888,11.73224976272891,10.851663193019496,11.04734992980957,7185565,0.0,0.0
2012-08-08,10.851664170672775,11.527670489815849,10.851664170672775,11.376458168029785,4781582,0.0,0.0
2012-08-09,11.412035786446838,11.75893388467392,11.412035786446838,11.572142601013184,3599793,0.0,0.0
2012-08-10,11.438721730344895,11.598827615984874,11.287509419539669,11.563248634338379,2197322,0.0,0.0
2012-08-13,11.403141922016651,11.581038704884763,11.180771645777641,11.340877532958984,1769979,0.0,0.0
2012-08-14,11.456512057247531,11.527670965103377,11.162983786438481,11.243036270141602,1609574,0.0,0.0
2012-08-15,11.12740302121082,11.198561923675303,10.860558307545926,11.162982940673828,3046267,0.0,0.0
2012-08-16,11.207456652553116,11.572143810656463,11.118508725094514,11.536564826965332,3012486,0.0,0.0
2012-08-17,11.563249594588516,11.856777856355274,11.51877516149097,11.830093383789062,3719241,0.0,0.0
2012-08-20,11.741143888258064,11.847881764288362,11.563248052515199,11.714459419250488,1886336,0.0,0.0
2012-08-21,11.776722827782201,11.999094026391393,11.572142523732396,11.652195930480957,2331895,0.0,0.0
2012-08-22,11.634406516110735,11.75003890799775,11.42093075480456,11.643301963806152,2277469,0.0,0.0
2012-08-23,11.563249005727897,11.581038965353272,11.251930799283743,11.305298805236816,2940839,0.0,0.0
2012-08-24,11.225245966397619,11.349772870378397,11.082929103364659,11.15408706665039,2695539,0.0,0.0
2012-08-27,11.189666339224354,11.323088694430949,11.029560449437959,11.180771827697754,2237617,0.0,0.0
2012-08-28,11.127403271840066,11.394247055053711,11.118508760004744,11.394247055053711,2715631,0.0,0.0
2012-08-29,11.331981936589523,11.62551108516395,11.278613000485082,11.500984191894531,2175243,0.0,0.0
2012-08-30,11.420930374450071,11.429824885387783,11.18966559837792,11.287508964538574,1258846,0.0,0.0
2012-08-31,11.412036115230785,11.4920904612818,11.171876822923663,11.456510543823242,1515627,0.0,0.0
2012-09-04,11.438722153331954,11.927935276100019,11.243035405886276,11.838987350463867,3885939,0.0,0.0
2012-09-05,11.803407931029097,11.838986912675592,11.536564163988132,11.563248634338379,2502788,0.0,0.0
2012-09-06,11.776723078989157,12.479412860155769,11.767828567981184,12.230358123779297,6649151,0.0,0.0
2012-09-07,12.337095939073839,12.995311288935271,12.337095939073839,12.719573020935059,4733229,0.0,0.0
2012-09-10,12.648414067017146,12.675098536247136,12.381570311178708,12.452728271484375,2328141,0.0,0.0
2012-09-11,12.488308242580828,12.719573973078758,12.408254828538643,12.514992713928223,1824184,0.0,0.0
2012-09-12,12.675099729222604,13.030891437160832,12.666205217462611,12.826311111450195,3531458,0.0,0.0
2012-09-13,12.826310661009908,13.182103292914793,12.417150023957728,13.164314270019531,5062319,0.0,0.0
2012-09-14,13.324420451563087,13.733582034079605,13.03978671436096,13.190999031066895,5857170,0.0,0.0
2012-09-17,13.030890524255552,13.182102832351207,12.781836720731377,12.888574600219727,2679863,0.0,0.0
2012-09-18,12.835206717719293,12.897470173729015,12.452729596868329,12.603941917419434,2190257,0.0,0.0
2012-09-19,12.755152512956517,13.190998551002698,12.755152512956517,13.11983871459961,2838502,0.0,0.0
2012-09-20,12.879679781138421,12.92415421191604,12.497202673127783,12.799627304077148,2723359,0.0,0.0
2012-09-21,12.941943146315161,13.05757554179025,12.612835919371264,12.67509937286377,2702273,0.0,0.0
2012-09-24,12.541677236788384,12.781837479901352,12.470518334082549,12.57725715637207,2519458,0.0,0.0
2012-09-25,12.603941016760956,12.6573099570875,11.607722045947463,11.643301963806152,4762152,0.0,0.0
2012-09-26,11.589932559229927,11.767828395551566,11.269718930097236,11.572142601013184,3961671,0.0,0.0
2012-09-27,11.750039027342803,12.14141063607162,11.607722163847006,12.034673690795898,2095978,0.0,0.0
2012-09-28,11.936830056240936,11.990198059467104,11.732249745079278,11.865671157836914,1720522,0.0,0.0
2012-10-01,11.972409037212207,12.35488612615318,11.776723237177997,11.865671157836914,2698630,0.0,0.0
2012-10-02,11.92793568219467,12.114727924374659,11.767829785183297,12.05246353149414,2144222,0.0,0.0
2012-10-03,12.061358309991517,12.159200745149732,11.847882543884122,11.874566078186035,1727145,0.0,0.0
2012-10-04,11.972409329290045,12.319306509261141,11.874565958655221,12.301517486572266,3325128,0.0,0.0
2012-10-05,12.443834394452377,12.959732910563515,12.40825447602564,12.56836223602295,3727631,0.0,0.0
2012-10-08,12.408254980157615,12.692889656828342,12.319307053399937,12.559466361999512,1854874,0.0,0.0
2012-10-09,12.55057084057472,12.6306251856163,12.007988811941818,12.025778770446777,2226135,0.0,0.0
2012-10-10,11.90125126482628,12.168095988511604,11.785618863383162,11.910146713256836,2297120,0.0,0.0
2012-10-11,12.096937759972901,12.292623574317938,11.874566537371013,11.945725440979004,1489684,0.0,0.0
2012-10-12,12.04356916431876,12.132517094052275,11.705566469454455,11.830093383789062,1180575,0.0,0.0
2012-10-15,11.874565278936023,12.114726436103652,11.803407319330713,12.061357498168945,1819547,0.0,0.0
2012-10-16,12.185884809145902,12.274832729901046,12.025778926371233,12.070252418518066,1762031,0.0,0.0
2012-10-17,12.105832134925224,12.87078542364214,12.034674168583042,12.844100952148438,3762737,0.0,0.0
2012-10-18,12.76404750361006,12.933048843798732,12.657310554381583,12.781837463378906,1471358,0.0,0.0
2012-10-19,12.59504767169294,13.751372634087824,12.354887417987237,13.57347583770752,11016527,0.0,0.0
2012-10-22,13.1020502714594,13.235472629462668,12.221464581560905,12.701784133911133,7106743,0.0,0.0
2012-10-23,12.372675645844327,12.710679256275819,12.230358779775996,12.612835884094238,2702494,0.0,0.0
2012-10-24,12.621731793944146,12.808522160734986,12.417150530609108,12.479413986206055,2627756,0.0,0.0
2012-10-25,12.541676109959733,12.541676109959733,12.052462092484463,12.328201293945312,2694546,0.0,0.0
2012-10-26,12.363780273870807,12.56836151548067,12.088042008871408,12.328201293945312,1769537,0.0,0.0
2012-10-31,12.372675680449644,12.701783843855061,12.328202186438505,12.67509937286377,2380138,0.0,0.0
2012-11-01,12.710679351356385,13.262156860323355,12.710679351356385,13.20878791809082,2892817,0.0,0.0
2012-11-02,13.297735892752218,13.297735892752218,12.603941514056109,13.066471099853516,4850359,0.0,0.0
2012-11-05,12.061358446391896,13.146524439145793,11.945725114135033,12.7373628616333,5072255,0.0,0.0
2012-11-06,12.764047319365671,13.110944506389338,12.577256958565938,12.941943168640137,2276586,0.0,0.0
2012-11-07,12.595046856218447,12.692889291900402,12.203675240567593,12.408254623413086,2729100,0.0,0.0
2012-11-08,12.45272894933574,12.54167687279034,11.696670195279372,11.812302589416504,4204211,0.0,0.0
2012-11-09,11.767828701652055,12.292622649851527,11.73224972075455,12.007988929748535,3358357,0.0,0.0
2012-11-12,12.088042740196544,12.292623057722038,12.00798932817487,12.221464157104492,2089907,0.0,0.0
2012-11-13,12.079147426729676,12.381571118911529,11.8745661704664,12.203675270080566,1136858,0.0,0.0
2012-11-14,12.221464876895054,12.417150694541453,11.945725642512183,12.05246353149414,3148604,0.0,0.0
2012-11-15,11.936829682159795,12.1591999450691,11.500984603651341,11.714459419250488,2610203,0.0,0.0
2012-11-16,11.794512748718262,11.87456521875315,11.403141163488268,11.794512748718262,2764205,0.0,0.0
2012-11-19,12.034673823421482,12.541676894337613,12.025779311999193,12.48830795288086,2365345,0.0,0.0
2012-11-20,12.452729596868329,12.719574317569364,12.399360652728122,12.603941917419434,1609242,0.0,0.0
2012-11-21,12.541676722238488,12.9419428412101,12.506097740576044,12.852994918823242,1936346,0.0,0.0
2012-11-23,12.941943014125734,12.977522932725053,12.746258144137022,12.897469520568848,829295,0.0,0.0
2012-11-26,12.870784273669177,13.24436684120233,12.80852082456747,13.146523475646973,2112979,0.0,0.0
2012-11-27,13.01310227603,13.297736013955259,13.00420682790253,13.048681259155273,1776161,0.0,0.0
2012-11-28,12.914526594563696,13.191776788608864,12.664107185954675,13.147059440612793,1726152,0.072466,0.0
2012-11-29,13.227553464785123,13.406424749782973,13.200722677875813,13.352763175964355,1677688,0.0,0.0
2012-11-30,13.37959306019809,13.42431040763247,13.200721787268076,13.415367126464844,1814689,0.0,0.0
2012-12-03,13.513746104002468,13.549520170427805,13.29015748264693,13.325931549072266,1500392,0.0,0.0
2012-12-04,13.290157748308372,13.540577159887695,13.290157748308372,13.486915588378906,1947717,0.0,0.0
2012-12-05,13.504803382531538,13.621069809429988,13.164946441817843,13.343818664550781,1986466,0.0,0.0
2012-12-06,13.352763854212768,13.361707136438037,13.03079439494675,13.191778182983398,2051378,0.0,0.0
2012-12-07,13.299101602145738,13.46902960537259,13.281214097007428,13.352763175964355,1457669,0.0,0.0
2012-12-10,13.370649924094716,13.773111733290529,13.308045067640808,13.755224227905273,1565636,0.0,0.0
2012-12-11,13.8088859644574,13.862547539646348,13.656844520889935,13.790998458862305,1624919,0.0,0.0
2012-12-12,13.862546237559135,14.130853146705894,13.826772171325484,14.023530006408691,2892154,0.0,0.0
2012-12-13,13.996699861687183,14.068248939024125,13.433254290945332,13.647900581359863,2807149,0.0,0.0
2012-12-14,13.585295554234433,14.104022827337285,13.504803196353725,13.916208267211914,2188932,0.0,0.0
2012-12-17,14.005644844884149,14.10402377226526,13.95198326936851,14.068249702453613,3862094,0.0,0.0
2012-12-18,14.032473118018588,14.229231892320676,13.916207639563076,14.139796257019043,7141517,0.0,0.0
2012-12-19,14.184515402158729,14.336556838790843,13.94303832482341,14.01458740234375,3011382,0.0,0.0
2012-12-20,14.041418561695753,14.157684991857929,13.764167409033803,14.148740768432617,2626210,0.0,0.0
2012-12-21,13.826773128028536,13.92515205237718,13.594239327429687,13.871490478515625,2759569,0.0,0.0
2012-12-24,13.710505660113398,13.871490380561264,13.647900804915773,13.746280670166016,942340,0.0,0.0
2012-12-26,13.844659563137476,14.247120421768905,13.782054708078597,14.050361633300781,2044755,0.0,0.0
2012-12-27,14.0324747222225,14.104023803601097,13.549521483105083,13.764167785644531,2573662,0.0,0.0
2012-12-28,13.621069619778218,13.719448540554716,13.424310836628944,13.612125396728516,1806520,0.0,0.0
2012-12-31,13.513746031593227,14.086134857716644,13.477971965359576,14.023530006408691,3129947,0.0,0.0
2013-01-02,14.586976975156924,14.891058921813965,14.488598048012895,14.891058921813965,4318029,0.0,0.0
2013-01-03,14.855282407214125,15.043097902060289,14.694298638942229,14.873170852661133,2625879,0.0,0.0
2013-01-04,14.882115298407056,15.168308791241996,14.873172016579929,14.971550941467285,1753530,0.0,0.0
2013-01-07,15.016267889629882,15.105703530292441,14.908945685792586,14.989437103271484,1506133,0.0,0.0
2013-01-08,15.00732432989672,15.00732432989672,14.631694269437384,14.828452110290527,2723138,0.0,0.0
2013-01-09,14.92683267241622,15.016268315615916,14.631694955697588,14.667469024658203,1722067,0.0,0.0
2013-01-10,14.819508101404143,14.882113893071049,14.5422579165774,14.622749328613281,2574876,0.0,0.0
2013-01-11,14.685355073501269,14.855283072102253,14.533314579551652,14.712185859680176,2431693,0.0,0.0
2013-01-14,14.747960169657963,14.810565024571757,14.33655697188108,14.506484031677246,3296425,0.0,0.0
2013-01-15,14.417048065221108,14.595919344256739,14.327612425703293,14.434935569763184,4158507,0.0,0.0
2013-01-16,14.434935293325553,14.497540145629475,14.220289009316376,14.425992012023926,2774141,0.0,0.0
2013-01-17,14.569088597244965,14.747959876759456,14.479652957487719,14.649580955505371,3621430,0.0,0.0
2013-01-18,14.703243680028036,14.94472077373473,14.470710810115456,14.900002479553223,1859510,0.0,0.0
2013-01-22,14.935776582646987,15.132534428602472,14.891058291186733,15.11464786529541,3018227,0.0,0.0
2013-01-23,15.123591566052431,15.356124428258568,15.034155922249788,15.311406135559082,2625327,0.0,0.0
2013-01-24,15.293518628545716,15.624431337643516,15.069929062030582,15.159364700317383,2973958,0.0,0.0
2013-01-25,15.329292077071441,15.964285742405897,15.311404573497258,15.839076042175293,4811389,0.0,0.0
2013-01-28,15.722811368021476,15.955344232313744,15.49027850372921,15.803304672241211,4191184,0.0,0.0
2013-01-29,15.81224722735167,15.883795363108147,15.517108577966392,15.597600936889648,2175243,0.0,0.0
2013-01-30,16.062665307534438,16.09844031403216,15.526050567626953,15.526050567626953,5358622,0.0,0.0
2013-01-31,15.561826583017565,15.874851789791068,15.526051574200505,15.740697860717773,3122109,0.0,0.0
2013-02-01,16.402523136977763,17.314768015725807,16.17893355821068,16.527732849121094,14422685,0.0,0.0
2013-02-04,16.483013955661786,16.697660244761742,16.098441551415693,16.143157958984375,4213374,0.0,0.0
2013-02-05,16.295202100476182,16.500905142223967,16.232597236290527,16.47407341003418,2812890,0.0,0.0
2013-02-06,16.41146624163499,16.822870384175438,16.41146624163499,16.643999099731445,2488105,0.0,0.0
2013-02-07,16.67083138044223,16.81392765946102,16.22365221292133,16.66188621520996,2882992,0.0,0.0
2013-02-08,16.679773330688477,16.85864460677636,16.599280032373784,16.679773330688477,2016052,0.0,0.0
2013-02-11,16.643999279424566,16.769208991567897,16.420409700657483,16.527732849121094,1693143,0.0,0.0
2013-02-12,16.500902597219074,17.118009744090465,16.500902597219074,17.00174331665039,2980692,0.0,0.0
2013-02-13,16.992800889068707,17.797720756791342,16.95702587759968,17.395261764526367,5585817,0.0,0.0
2013-02-14,17.305825769475828,17.744061671394398,17.252164192032886,17.475753784179688,2850866,0.0,0.0
2013-02-15,17.511527666641793,17.77983365334672,17.31476793431937,17.439977645874023,2254838,0.0,0.0
2013-02-19,17.431036187039883,17.68145751953125,17.341599593323075,17.68145751953125,2551252,0.0,0.0
2013-02-20,17.529413594838438,17.627793457433615,16.6082254719724,16.688716888427734,4882373,0.0,0.0
2013-02-21,16.55456601760486,16.63505744435669,15.812249078831847,16.268369674682617,5900445,0.0,0.0
2013-02-22,16.447240483454976,16.778151308461666,16.447240483454976,16.679773330688477,2871179,0.0,0.0
2013-02-25,16.840757254735838,16.974912132909473,15.937457534301823,15.982175827026367,2842697,0.0,0.0
2013-02-26,16.10738545542928,16.304143305913268,15.606544722570982,16.223651885986328,3849950,0.0,0.0
2013-02-27,16.18787602805399,16.706603297479912,16.13421445651389,16.50090217590332,2799091,0.0,0.0
2013-02-28,16.456183936665898,16.751321639453252,16.420408927797638,16.563507080078125,2240708,0.0,0.0
2013-03-01,16.402523172751582,16.41146645461095,15.955344014242126,16.223651885986328,2395372,0.0,0.0
2013-03-04,16.098441377699473,16.42040892468253,15.955343225446132,16.259424209594727,1856640,0.0,0.0
2013-03-05,16.465128040357275,17.377372921726398,16.465128040357275,17.261106491088867,3761523,0.0,0.0
2013-03-06,17.413146915419105,17.43997675944886,16.849701358868906,17.046459197998047,2292925,0.0,0.0
2013-03-07,17.10906410217285,17.278992097784528,16.983854396604784,17.10906410217285,1020611,0.0,0.0
2013-03-08,17.27899336019309,17.726172526915132,17.27899336019309,17.636737823486328,2446707,0.0,0.0
2013-03-11,17.58307584233169,18.110746418280197,17.574132560514492,17.806665420532227,2951437,0.0,0.0
2013-03-12,17.833493300516636,18.01236644991718,17.636735472645434,17.74405860900879,3528587,0.0,0.0
2013-03-13,17.717229025388665,18.092860048075348,17.484696162884937,18.057085037231445,2703598,0.0,0.0
2013-03-14,18.119687700916394,18.593698533663144,18.057082851910675,18.35222053527832,3733041,0.0,0.0
2013-03-15,18.36116594035285,18.620530530405084,18.271731238508828,18.602643966674805,2809137,0.0,0.0
2013-03-18,18.182293819738227,18.77257111088976,17.958706133784265,18.5758113861084,2364682,0.0,0.0
2013-03-19,18.593700745583064,18.727853740383903,18.0570849999944,18.36116600036621,3548238,0.0,0.0
2013-03-20,18.450601779784325,19.094540646363864,18.450601779784325,19.005104064941406,3641081,0.0,0.0
2013-03-21,18.83517631904248,18.978272591403748,18.414827017197,18.647361755371094,3175651,0.0,0.0
2013-03-22,18.77257156928968,18.85306298754319,18.432715566543568,18.468488693237305,1992206,0.0,0.0
2013-03-25,18.61158596102268,18.70996582111874,18.155463551913233,18.379053115844727,1684974,0.0,0.0
2013-03-26,18.522153786478526,18.620531776772633,18.343280604432284,18.45954704284668,1283574,0.0,0.0
2013-03-27,18.200182982187396,18.52215242639709,17.770890389907805,18.477432250976562,2138260,0.0,0.0
2013-03-28,18.477431370585865,18.557924669399355,18.200182115006744,18.387996673583984,1531745,0.0,0.0
2013-04-01,18.361165532354313,18.396940542212562,17.681455410588377,17.797719955444336,1984368,0.0,0.0
2013-04-02,18.012369059610556,18.074973917694184,17.11801071579985,17.216388702392578,2898005,0.0,0.0
2013-04-03,17.234277148883393,17.3147685712171,16.76026624742982,16.849702835083008,3775102,0.0,0.0
2013-04-04,16.840757045636373,17.082235070073597,16.393579773521157,16.769208908081055,3536867,0.0,0.0
2013-04-05,16.187875977591187,16.474070397182036,15.615487138409483,16.438297271728516,6062176,0.0,0.0
2013-04-08,16.447242047378595,16.66188646917849,16.37569390677863,16.608226776123047,1908084,0.0,0.0
2013-04-09,16.61716996793815,17.28793684260348,16.61716996793815,17.216388702392578,2815319,0.0,0.0
2013-04-10,17.296881778046053,17.484696349800856,17.153783616333342,17.270050048828125,2073016,0.0,0.0
2013-04-11,17.171669894190696,17.520471069055073,16.86758889500851,16.894420623779297,2909487,0.0,0.0
2013-04-12,16.72449404192992,16.92125190915601,16.491961161029625,16.63505744934082,2083173,0.0,0.0
2013-04-15,16.456183987035388,16.456183987035388,15.195138931274414,15.195138931274414,6113068,0.0,0.0
2013-04-16,15.561826593317972,16.098441368370057,15.365066869482723,15.58865737915039,3499774,0.0,0.0
2013-04-17,15.374010140718681,15.78541520934469,14.944719450876688,15.740697860717773,5428061,0.0,0.0
2013-04-18,15.821189992889794,15.94639969717787,15.239856936247087,15.338235855102539,3124317,0.0,0.0
2013-04-19,15.481334235820718,15.78541521979309,15.150421524419654,15.58865737915039,1564753,0.0,0.0
2013-04-22,15.606544804609904,16.12527210391373,15.230914723789766,15.982175827026367,3159423,0.0,0.0
2013-04-23,16.09844072365883,16.322030282775895,15.749640521806162,16.1163272857666,2895687,0.0,0.0
2013-04-24,16.169988975203268,16.62611137787401,16.09844084304908,16.54561996459961,2036254,0.0,0.0
2013-04-25,16.572451237254306,17.12695354645551,16.572451237254306,16.652942657470703,2141241,0.0,0.0
2013-04-26,16.581393744358916,16.760265023409428,16.465127318816457,16.688716888427734,2497268,0.0,0.0
2013-04-29,16.787095219730634,16.94807992114909,16.366747846464985,16.518787384033203,2762770,0.0,0.0
2013-04-30,16.447239748256834,16.89441886008372,16.017947198281444,16.77815055847168,3616352,0.0,0.0
2013-05-01,16.456184545124344,16.572450974254387,14.613807300946533,15.150422096252441,11880045,0.0,0.0
2013-05-02,15.329293281902078,15.794358995421176,15.257744203578055,15.695980072021484,4507358,0.0,0.0
2013-05-03,16.000062390839123,16.483014679324782,15.964287380020957,15.982175827026367,2758023,0.0,0.0
2013-05-06,16.026890536199353,16.54561966366172,15.991117412369158,16.53667449951172,2437544,0.0,0.0
2013-05-07,16.608225318983518,16.81392644056011,16.313087617109247,16.50090217590332,2126006,0.0,0.0
2013-05-08,16.54562121361976,16.769208908081055,16.491959639655114,16.769208908081055,1437466,0.0,0.0
2013-05-09,16.796039685221174,17.10906394628933,16.57245012023284,16.921249389648438,2701721,0.0,0.0
2013-05-10,16.903362550766637,17.323709946813548,16.813925972956238,16.91230583190918,2069042,0.0,0.0
2013-05-13,16.822870744233565,17.09117861823843,16.742379323628434,17.08223533630371,1656492,0.0,0.0
2013-05-14,17.028573453400142,17.38631790666475,16.99280032630852,17.37737274169922,1463520,0.0,0.0
2013-05-15,17.18061422484887,17.7798329122522,17.171669060231274,17.53835678100586,2164424,0.0,0.0
2013-05-16,17.448923594319997,17.574133311496553,16.98385597121851,17.037517547607422,3378007,0.0,0.0
2013-05-17,17.21638744998032,17.797719577890987,17.21638744998032,17.66356658935547,2265216,0.0,0.0
2013-05-20,17.65462345671316,18.182294017019547,17.484695457645756,18.15546417236328,4339777,0.0,0.0
2013-05-21,18.12863370817386,18.915666939364804,18.12863370817386,18.379053115844727,5350673,0.0,0.0
2013-05-22,18.387997204841966,18.72785320629168,17.860326639388752,18.03919792175293,3118025,0.0,0.0
2013-05-23,17.618849560704774,17.994480591977858,17.341598399106754,17.887157440185547,2094433,0.0,0.0
2013-05-24,17.7172286167802,17.770890190212143,17.350540884463165,17.556243896484375,1107934,0.0,0.0
2013-05-28,17.89609863482785,18.44165761227039,17.770888933406034,18.30750274658203,2309595,0.0,0.0
2013-05-29,18.101803245450462,18.46848910131921,18.066028234773636,18.298561096191406,1900246,0.0,0.0
2013-05-30,18.39693868201627,18.90672263418865,18.307502108010276,18.77256965637207,1880154,0.0,0.0
2013-05-31,18.566867213436453,19.22869260765308,18.55792393241068,18.790456771850586,2202069,0.0,0.0
2013-06-03,18.862007936065176,18.98721765694333,18.003424571652864,18.45954704284668,2164866,0.0,0.0
2013-06-04,18.450600448086007,18.745738132370033,17.85137991546729,18.11074447631836,1475774,0.0,0.0
2013-06-05,17.93187423612059,18.0213108162078,17.064347695321782,17.10906410217285,3121226,0.0,0.0
2013-06-06,17.189558305073426,17.431034447541172,16.849702295973398,17.198501586914062,2677545,0.0,0.0
2013-06-07,17.34159765102128,17.949763407070986,17.118009958157288,17.61884880065918,1777155,0.0,0.0
2013-06-10,17.699340991295873,17.87821226427141,17.270048429600582,17.58307456970215,2087809,0.0,0.0
2013-06-11,17.225330726820243,17.27899229885852,16.992799758911133,16.992799758911133,2377157,0.0,0.0
2013-06-12,17.305823972489037,17.49363853244084,16.61716870280654,16.62611198425293,3753022,0.0,0.0
2013-06-13,16.49195807374218,17.484694273038805,16.366748374110887,17.386316299438477,1790954,0.0,0.0
2013-06-14,17.35948557547538,17.55624341722624,17.19850085957419,17.2968807220459,1200777,0.0,0.0
2013-06-17,16.80498477089645,17.082235936578726,16.545622052904875,16.79604148864746,3518652,0.0,0.0
2013-06-18,16.79603988851928,17.243219023908576,16.742378316944865,17.171669006347656,1702527,0.0,0.0
2013-06-19,17.10012180449427,17.43997781526798,16.939138964184743,16.9570255279541,1862822,0.0,0.0
2013-06-20,16.626112888768294,16.626112888768294,15.937457581620679,16.044780731201172,3659627,0.0,0.0
2013-06-21,16.223651257110124,16.286256110891582,15.13253419030579,15.472391128540039,4756191,0.0,0.0
2013-06-24,14.980494045043857,15.284575039511159,14.470710038229708,15.087817192077637,4751885,0.0,0.0
2013-06-25,15.382954313544417,15.785415157855262,15.356123527817275,15.678092956542969,2432024,0.0,0.0
2013-06-26,15.856964330050209,16.187875139322156,15.794357597363485,16.107383728027344,3216498,0.0,0.0
2013-06-27,16.25942461327272,16.295199623022388,16.062666767631022,16.089496612548828,3023746,0.0,0.0
2013-06-28,15.973229860154845,16.330974300801653,15.964286578697372,16.017948150634766,3382975,0.0,0.0
2013-07-01,16.14315813228245,16.500902579020316,16.035834986580348,16.330974578857422,1491229,0.0,0.0
2013-07-02,16.304141881933273,16.635054580984253,16.277312038698454,16.483013153076172,2269190,0.0,0.0
2013-07-03,16.402522364959783,16.67977350490928,16.286255940128626,16.563507080078125,1131890,0.0,0.0
2013-07-05,16.796040033706603,16.992799758911133,16.69766017110434,16.992799758911133,946315,0.0,0.0
2013-07-08,17.073292421023275,17.144840561230204,16.813927823383192,16.849702835083008,1149222,0.0,0.0
2013-07-09,17.03751619347714,17.49363861493424,16.921249767740722,17.359485626220703,2127993,0.0,0.0
2013-07-10,17.359484573407514,17.466807711146465,17.207443147745256,17.386316299438477,2468123,0.0,0.0
2013-07-11,17.815609574437254,18.33433689396066,17.753004715459664,17.896100997924805,3542387,0.0,0.0
2013-07-12,17.797720852627723,18.119690308004653,17.770891006275995,17.887157440185547,1391983,0.0,0.0
2013-07-15,17.88715598301509,18.110745550502312,17.74405971441109,17.77983283996582,1897266,0.0,0.0
2013-07-16,17.824552811517684,17.958707694580568,17.77983451716339,17.83349609375,2042768,0.0,0.0
2013-07-17,17.91398600459024,18.08391588542825,17.68145503660403,17.967649459838867,1783999,0.0,0.0
2013-07-18,17.994480274850822,18.504264295283733,17.985536992891195,18.182294845581055,1443648,0.0,0.0
2013-07-19,18.191240356742885,18.352223201463563,18.101803769060112,18.25384521484375,964530,0.0,0.0
2013-07-22,18.235954744481752,18.575810726867843,18.235954744481752,18.432714462280273,1155957,0.0,0.0
2013-07-23,18.531097214984143,18.67419350191754,18.119691152866864,18.280675888061523,2507866,0.0,0.0
2013-07-24,18.334335505753305,18.36116535048679,17.833494788661646,17.913986206054688,1959860,0.0,0.0
2013-07-25,17.654625181584183,17.922933070323605,17.037517979079897,17.234277725219727,4093152,0.0,0.0
2013-07-26,17.055403862370405,17.234275133567497,16.957024004094635,17.091176986694336,2194121,0.0,0.0
2013-07-29,17.14483692141796,17.556240994258474,17.028570512067546,17.10011863708496,2667278,0.0,0.0
2013-07-30,17.11801069659759,18.074973897418438,16.447241939492,17.887157440185547,4872769,0.0,0.0
2013-07-31,17.922932005193562,18.584757463688693,17.887156994423435,18.36116600036621,3132818,0.0,0.0
2013-08-01,18.620530530405084,18.781515253555504,18.513207381638136,18.602643966674805,1917910,0.0,0.0
2013-08-02,18.540037470470022,18.557924032618146,18.110744913375243,18.30750274658203,1484164,0.0,0.0
2013-08-05,18.244898247570323,18.468487811501817,18.155463551913233,18.379053115844727,1179250,0.0,0.0
2013-08-06,18.325390637658785,18.361163760873048,17.913984655155378,17.98553466796875,1969685,0.0,0.0
2013-08-07,17.958706508271085,17.958706508271085,17.57413221533657,17.73511505126953,1635075,0.0,0.0
2013-08-08,17.931873069475085,18.69207641798751,17.931873069475085,18.53109359741211,2413367,0.0,0.0
2013-08-09,18.531095659566176,18.781515082276915,18.334335927556914,18.414827346801758,1648985,0.0,0.0
2013-08-12,18.307503186416735,19.076651741959388,18.218068490334986,18.8083438873291,2493735,0.0,0.0
2013-08-13,18.83517528425387,19.05876484532805,18.65630401203303,18.73679542541504,1551947,0.0,0.0
2013-08-14,18.69207816348862,18.826233037418973,18.52215204625684,18.647361755371094,1127364,0.0,0.0
2013-08-15,18.32539232163691,18.43271546752681,18.074972903355548,18.343278884887695,1886668,0.0,0.0
2013-08-16,18.27173092603092,18.727853358893647,18.173351060811576,18.227012634277344,1693916,0.0,0.0
2013-08-19,18.17335058339332,18.28067372750545,17.949762896884366,17.967649459838867,1196472,0.0,0.0
2013-08-20,17.994480321466824,18.36116618191758,17.761947457143382,18.24489974975586,1050087,0.0,0.0
2013-08-21,18.17334926909164,18.629471656985025,18.066026132741147,18.35222053527832,1444090,0.0,0.0
2013-08-22,18.513206290444554,19.14820186375359,18.504263009106545,18.93355369567871,1910182,0.0,0.0
2013-08-23,19.031934185947986,19.07665247730888,18.745739757707888,19.014047622680664,1425323,0.0,0.0
2013-08-26,19.040879048179583,19.559606374725174,19.005105918675387,19.309186935424805,2505106,0.0,0.0
2013-08-27,18.879894098268235,19.07665193822641,18.289616812008624,18.387996673583984,2472981,0.0,0.0
2013-08-28,18.28067375501163,18.540038334204965,18.1554640477566,18.334335327148438,1260391,0.0,0.0
2013-08-29,18.244899049035066,18.486375186067075,17.86926992102807,18.03919792175293,2861133,0.0,0.0
2013-08-30,18.155464759593563,18.200183051992973,17.806665468624914,17.86927032470703,1159931,0.0,0.0
2013-09-03,18.218071279804388,18.405885865206656,17.75300551603145,17.860328674316406,1715002,0.0,0.0
2013-09-04,17.833495503481288,18.191239963281987,17.73511563579665,18.11968994140625,1728360,0.0,0.0
2013-09-05,18.04813962711826,18.42376872231886,17.97659149705992,18.11074447631836,1474228,0.0,0.0
2013-09-06,18.25384391053951,18.61158646932319,17.86926962409114,18.334335327148438,1404789,0.0,0.0
2013-09-09,18.495319626254197,18.93355359175906,18.450601336617062,18.8083438873291,1265801,0.0,0.0
2013-09-10,18.99616055454753,19.12137026047623,18.665247843741287,18.754682540893555,2023779,0.0,0.0
2013-09-11,18.602643880930874,18.65630545506701,17.949763592665974,18.173351287841797,3703565,0.0,0.0
2013-09-12,18.101803185352797,18.200183051992973,17.761947176225505,17.86927032470703,2438096,0.0,0.0
2013-09-13,17.94976339951824,18.039198099987683,17.7261719403631,17.922931671142578,1853990,0.0,0.0
2013-09-16,18.316448942597646,18.334335505753305,17.87821307974337,17.913986206054688,2366228,0.0,0.0
2013-09-17,17.6009612515685,17.815607533873788,17.36842840680194,17.404203414916992,3588312,0.0,0.0
2013-09-18,17.439977389632244,18.00342296654222,17.35054080658292,17.797719955444336,2153605,0.0,0.0
2013-09-19,17.913986970828823,18.209126574652608,17.842438831959115,18.182294845581055,1919345,0.0,0.0
2013-09-20,18.164407810560473,18.2091261023915,17.7261719403631,17.922931671142578,2294470,0.0,0.0
2013-09-23,17.8513803600801,17.91398521083946,17.07329042453237,17.091176986694336,4223972,0.0,0.0
2013-09-24,17.18061507110621,17.627794229925215,17.001743784217137,17.261106491088867,2492190,0.0,0.0
2013-09-25,17.30582586781932,17.484697165914678,17.08223627440193,17.234277725219727,1550291,0.0,0.0
2013-09-26,17.30582382979939,17.600961531059486,17.261105539743607,17.41314697265625,1850899,0.0,0.0
2013-09-27,17.243219250527485,17.56518868420547,17.153782668997188,17.422090530395508,2383118,0.0,0.0
2013-09-30,17.180614717494525,17.77983342208016,17.118009862531515,17.49363899230957,2998245,0.0,0.0
2013-10-01,17.511526593217894,17.92293071304743,17.44892174127813,17.770889282226562,2253293,0.0,0.0
2013-10-02,17.618848498023425,18.021311234566383,17.511527235896896,17.913986206054688,2003467,0.0,0.0
2013-10-03,17.797720436009257,17.887157021473502,17.33265471125755,17.690399169921875,1911286,0.0,0.0
2013-10-04,17.690397582050675,18.191238272671686,17.350539717707417,18.06602668762207,2334986,0.0,0.0
2013-10-07,17.7530039424283,17.78877706989053,17.243219927357753,17.261106491088867,3185366,0.0,0.0
2013-10-08,17.261105448772224,17.36842859106346,16.60822519689183,16.679773330688477,3505294,0.0,0.0
2013-10-09,16.67977368159324,16.6887169631069,16.205762812636078,16.447240829467773,3399314,0.0,0.0
2013-10-10,16.76026624742982,16.97491255124331,16.509846815109217,16.849702835083008,2804169,0.0,0.0
2013-10-11,16.79603985765754,16.849701429133358,16.447240584661,16.804983139038086,2148858,0.0,0.0
2013-10-14,16.53667630635926,17.126953629169964,16.48301473155829,17.08223533630371,1894947,0.0,0.0
2013-10-15,17.028574917906415,17.028574917906415,16.626114021164486,16.813928604125977,1930936,0.0,0.0
2013-10-16,16.948081393449776,16.992799683816145,16.590336953711372,16.930192947387695,2075997,0.0,0.0
2013-10-17,16.849700238109058,16.939136811977757,16.65294052887488,16.706602096557617,1821092,0.0,0.0
2013-10-18,16.75132008004344,17.153780888777238,16.697658513332776,16.939136505126953,2785733,0.0,0.0
2013-10-21,16.948081201960363,17.36842860699278,16.849701340904417,17.350540161132812,2344149,0.0,0.0
2013-10-22,17.466808200366263,17.824550747387644,17.386316786403825,17.645679473876953,2612190,0.0,0.0
2013-10-23,17.40420536760942,17.511528520803356,16.948082908131553,17.46681022644043,2911805,0.0,0.0
2013-10-24,17.529415220338066,17.77089137528867,17.082236039648663,17.654624938964844,6404514,0.0,0.0
2013-10-25,17.529413099531887,18.325391492890866,17.484694810234668,18.316448211669922,5035382,0.0,0.0
2013-10-28,18.289617489455306,18.58475708511334,17.98553649527769,18.227012634277344,2457084,0.0,0.0
2013-10-29,18.164407908967174,18.227012764592732,17.663567180770073,18.048141479492188,2823488,0.0,0.0
2013-10-30,18.039197489541177,18.137577351601742,17.502583655305692,17.53835678100586,2905512,0.0,0.0
2013-10-31,17.48469482918522,17.71722767395178,17.261105265649295,17.404203414916992,3768588,0.0,0.0
2013-11-01,17.520469837300272,17.654622822144823,17.23427542195739,17.404203414916992,1793052,0.0,0.0
2013-11-04,17.493639257774426,17.931875132358297,17.42209112004419,17.806665420532227,2059548,0.0,0.0
2013-11-05,17.72617194782176,17.833495094984343,17.466809244839368,17.61884880065918,1762472,0.0,0.0
2013-11-06,17.770888778688164,17.770888778688164,16.867587266992665,16.903362274169922,3902830,0.0,0.0
2013-11-07,17.19850308635085,17.19850308635085,16.554566022564874,16.63505744934082,4675933,0.0,0.0
2013-11-08,16.581394821593946,17.10012212949809,16.581394821593946,17.028573989868164,2860802,0.0,0.0
2013-11-11,17.01068463301038,17.153780888777238,16.876531657829908,16.939136505126953,2368877,0.0,0.0
2013-11-12,16.867587818723536,17.00174268763205,16.724491551718813,16.921249389648438,1921001,0.0,0.0
2013-11-13,16.796039842825568,17.439976816774195,16.796039842825568,17.41314697265625,2250312,0.0,0.0
2013-11-14,17.395261188437654,17.520470899643588,17.225331301981946,17.37737274169922,1911065,0.0,0.0
2013-11-15,17.4936384906881,17.547300062430903,17.198500787698954,17.53835678100586,2157579,0.0,0.0
2013-11-18,17.57413133032651,17.81560745525813,17.30582347862887,17.341596603393555,2575539,0.0,0.0
2013-11-19,17.278991538972413,17.296879984326857,17.019628854853995,17.091176986694336,1944736,0.0,0.0
2013-11-20,17.162725974896855,17.38631742904028,17.04645954865782,17.118009567260742,1542343,0.0,0.0
2013-11-21,17.135895486419116,17.413146619307927,16.965967494209362,17.341596603393555,1802435,0.0,0.0
2013-11-22,17.377372594391602,17.42209088606968,17.118009892405446,17.189558029174805,1285893,0.0,0.0
2013-11-25,17.198502605699566,17.860328099422826,17.198502605699566,17.842439651489258,3352175,0.0,0.0
2013-11-26,17.941214116601515,18.031010783649226,17.833458872454102,17.950193405151367,2365124,0.072466,0.0
2013-11-27,17.995092996351413,18.426112112290376,17.90529632302782,18.408153533935547,2022455,0.0,0.0
2013-11-29,18.462030029624568,18.63264218587562,18.354274784542365,18.488967895507812,891448,0.0,0.0
2013-12-02,18.48896827720597,18.821213307939406,18.39019420948697,18.4620304107666,2148748,0.0,0.0
2013-12-03,18.372234075512054,18.44407216887399,18.19264262365659,18.300397872924805,1676584,0.0,0.0
2013-12-04,18.183663051187317,19.0546824299553,18.174683762350735,18.596725463867188,2765861,0.0,0.0
2013-12-05,18.587743667329427,18.776316289737487,18.533866045323496,18.686519622802734,1982712,0.0,0.0
2013-12-06,18.623662204901287,18.94692603735574,18.587743160950996,18.677539825439453,4529327,0.0,0.0
2013-12-09,18.991825925967643,19.557540042591015,18.964888058878287,19.20733642578125,2480488,0.0,0.0
2013-12-10,19.22529679779296,19.467745163474902,19.21631561803371,19.30611228942871,2985660,0.0,0.0
2013-12-11,19.207337501784775,19.21631679131758,18.73142003034753,18.857133865356445,2121701,0.0,0.0
2013-12-12,18.830192614371732,19.027744531543878,18.65060116561729,18.964887619018555,2033605,0.0,0.0
2013-12-13,19.01876558804927,19.35101062512621,18.991825830320895,19.30611228942871,2130753,0.0,0.0
2013-12-16,19.368969059623485,19.61141742350954,19.261213811057537,19.270193099975586,1888103,0.0,0.0
2013-12-17,19.261213101316827,19.53060121280524,19.234275235555288,19.458763122558594,1497632,0.0,0.0
2013-12-18,19.647334814660343,20.266924605551853,19.395905292264608,20.078353881835938,4689622,0.0,0.0
2013-12-19,20.051417749297602,20.213050622489973,19.76407104943606,19.907743453979492,1797357,0.0,0.0
2013-12-20,19.961620776834476,20.257946761156816,19.9436621992315,20.204069137573242,2762881,0.0,0.0
2013-12-23,20.410599717179007,20.66202735900879,20.320804941143194,20.66202735900879,1605158,0.0,0.0
2013-12-24,20.662026083452226,21.06610916837864,20.626108931565057,20.94039535522461,1145910,0.0,0.0
2013-12-26,21.012233174649413,21.084069374753312,20.80570197222925,20.868558883666992,1318349,0.0,0.0
2013-12-27,20.976314306901866,21.164885042812482,20.85957977170368,21.03917121887207,1180354,0.0,0.0
2013-12-30,21.05713230957772,21.26366162907777,20.895499435115926,20.949377059936523,1082322,0.0,0.0
2013-12-31,21.048148701660583,21.22774013341984,20.787741787380728,20.94039535522461,2043761,0.0,0.0
2014-01-02,20.78774297889023,21.06611037584357,20.688967023989942,20.76080322265625,1597541,0.0,0.0
2014-01-03,20.95835536637251,21.218762298484734,20.91345703266449,21.066110610961914,1518166,0.0,0.0
2014-01-06,21.173865919627044,21.29059856238178,20.365703473535476,20.4644775390625,3398541,0.0,0.0
2014-01-07,20.383662085391965,20.94937617677205,20.383662085391965,20.599170684814453,2495391,0.0,0.0
2014-01-08,21.272640310712557,21.89223203307161,21.102028152114404,21.542028427124023,6935739,0.0,0.0
2014-01-09,21.559987386935312,21.64978405758965,20.814681827293118,21.515090942382812,5049071,0.0,0.0
2014-01-10,21.506111372014836,22.51182385999812,21.497130192447205,22.314273834228516,4317477,0.0,0.0
2014-01-13,22.332231481792043,22.359169347049175,21.76651740364662,21.829374313354492,4948390,0.0,0.0
2014-01-14,21.96407002583897,22.556721988503874,21.84733360027354,22.511823654174805,3154124,0.0,0.0
2014-01-15,22.47590431005133,23.221211734001322,22.47590431005133,23.176313400268555,4050208,0.0,0.0
2014-01-16,23.149373736416415,23.373863515204583,22.844068469205336,23.077537536621094,3670115,0.0,0.0
2014-01-17,23.023660516561804,23.2481503012244,22.924884557524347,22.987741470336914,1691046,0.0,0.0
2014-01-21,23.266109226994207,23.355905898512404,22.97876252522054,23.32896614074707,2342051,0.0,0.0
2014-01-22,23.275089397419766,23.35590488566175,22.835089129456062,22.942842483520508,3433205,0.0,0.0
2014-01-23,22.799169315683883,22.817127892293467,22.287332865339856,22.493864059448242,3518762,0.0,0.0
2014-01-24,22.16162031185508,22.188558178306273,21.057131862637746,21.20978355407715,4549198,0.0,0.0
2014-01-27,21.649783109011196,21.77549692979942,20.78774304975318,21.398353576660156,4064008,0.0,0.0
2014-01-28,21.63182401413526,22.197538084914296,21.622844725833136,22.125699996948242,3276664,0.0,0.0
2014-01-29,21.254682308939483,22.296313866245832,21.11998919247261,21.820396423339844,4181800,0.0,0.0
2014-01-30,22.017948951175715,22.46692664869823,21.829376313995034,22.233457565307617,4384156,0.0,0.0
2014-01-31,23.715089107400324,26.391006129224813,23.670192661839703,25.546924591064453,17933389,0.0,0.0
2014-02-03,25.27753552846665,25.906106541577774,24.253864464393928,24.424476623535156,7767794,0.0,0.0
2014-02-04,24.720802894065052,25.106925551502965,24.083250693999698,24.999170303344727,3437842,0.0,0.0
2014-02-05,24.9901907574879,25.09794411376345,24.38855760992007,24.55916976928711,3899628,0.0,0.0
2014-02-06,24.74774053863469,25.053047702601475,24.415497399032066,24.693862915039062,2943047,0.0,0.0
2014-02-07,24.783659807028247,25.25957724408158,24.577128599595845,24.999170303344727,2639016,0.0,0.0
2014-02-10,24.96325144953357,25.097944565382697,24.505292586716916,24.801618576049805,2580286,0.0,0.0
2014-02-11,24.81957732075373,25.12488257783332,24.514270172899593,24.97222900390625,2784960,0.0,0.0
2014-02-12,25.088964955505645,26.13957767432392,24.981209707894813,25.466108322143555,4008810,0.0,0.0
2014-02-13,25.277535662250727,26.004884528113788,25.02610801198543,25.834270477294922,2815098,0.0,0.0
2014-02-14,25.897125577127106,26.265289628701762,25.66365652085882,26.103656768798828,2924500,0.0,0.0
2014-02-18,26.18447668521635,26.58855792880058,26.00488523148721,26.516721725463867,3076516,0.0,0.0
2014-02-19,26.337125825067112,26.516719152142276,25.95100508786927,26.103656768798828,2870627,0.0,0.0
2014-02-20,25.906105660522922,27.567330751538403,25.86120921815054,27.423656463623047,5620702,0.0,0.0
2014-02-21,27.486513482050984,27.5314118153749,26.992635597037065,27.32488250732422,3459038,0.0,0.0
2014-02-24,27.244066507473203,27.74692370643671,27.244066507473203,27.315902709960938,3110076,0.0,0.0
2014-02-25,27.3518213104189,27.369779888054214,26.88488316570347,27.073453903198242,2212777,0.0,0.0
2014-02-26,27.190187489285925,28.06120683578299,27.12733057898404,27.693044662475586,2142566,0.0,0.0
2014-02-27,27.648145859862495,27.97141158516306,27.163249162686196,27.818758010864258,1978296,0.0,0.0
2014-02-28,27.79182192503473,28.088147913477016,27.576311427704095,27.7828426361084,1895058,0.0,0.0
2014-03-03,27.3787583665325,27.55834980989418,26.94773928061939,27.36079978942871,1939658,0.0,0.0
2014-03-04,27.74692203341964,28.240799913640355,27.567330592641532,28.12406349182129,2579513,0.0,0.0
2014-03-05,28.168966478892113,28.411414853188294,27.262026116057836,27.333864212036133,3418854,0.0,0.0
2014-03-06,27.36079959034694,27.872636051052083,27.217127193012818,27.558349609375,1858737,0.0,0.0
2014-03-07,27.68406546571387,27.935493107754613,27.32488257972007,27.594268798828125,2366890,0.0,0.0
2014-03-10,27.513453844855086,27.630188379605787,26.507739475637795,27.23508644104004,2427829,0.0,0.0
2014-03-11,27.522433692157357,28.788555022696617,27.522433692157357,27.881616592407227,4854774,0.0,0.0
2014-03-12,27.594269380204004,28.25875943498962,27.181208863531015,28.240800857543945,3326121,0.0,0.0
2014-03-13,28.285698155775247,28.582022235872543,27.50447170388661,28.22283935546875,4354239,0.0,0.0
2014-03-14,28.09712544276363,28.51018594292881,27.90855471479629,27.95345115661621,2033494,0.0,0.0
2014-03-17,28.195902903779114,28.932229169061937,28.195902903779114,28.716718673706055,3084133,0.0,0.0
2014-03-18,28.842432138348,29.27345123289447,28.77957522645111,29.24651336669922,1881479,0.0,0.0
2014-03-19,29.219575623810037,29.399167071526826,28.5461062767911,28.77957534790039,1636179,0.0,0.0
2014-03-20,28.662841414741138,29.031003606681875,28.48324996324995,28.68977928161621,1351137,0.0,0.0
2014-03-21,28.91426833897664,29.45304457062802,28.869371895317887,29.24651336669922,2817527,0.0,0.0
2014-03-24,28.806515310403547,29.174677497232135,27.31590231309788,27.71100425720215,4714461,0.0,0.0
2014-03-25,27.908554859599608,28.258758452259368,27.75590128429616,27.989370346069336,1815131,0.0,0.0
2014-03-26,28.142023788028094,28.52814642327516,27.477533759499405,27.585289001464844,1643024,0.0,0.0
2014-03-27,27.51345318459468,27.737942960001035,27.064473633781976,27.190187454223633,2134617,0.0,0.0
2014-03-28,27.351820122009677,28.106104929990497,27.28896321224249,27.755901336669922,1229039,0.0,0.0
2014-03-31,28.00732989687699,28.429371593047446,27.93549369631965,28.240800857543945,1575903,0.0,0.0
2014-04-01,27.926513450908686,28.27671704375013,27.360799373003413,27.62120819091797,3518873,0.0,0.0
2014-04-02,27.719986284982006,28.240802070242864,27.4505981578558,28.061208724975586,2134507,0.0,0.0
2014-04-03,27.953452460870327,28.27671820170406,27.818759347576925,28.043249130249023,1499950,0.0,0.0
2014-04-04,28.339573897189965,28.46528960707742,27.378757895499316,27.486513137817383,1783668,0.0,0.0
2014-04-07,27.360800894742418,27.441616385748826,25.92406739903365,26.27427101135254,4014330,0.0,0.0
2014-04-08,26.373046481901234,26.89386224626424,26.18447574586669,26.76814842224121,2189705,0.0,0.0
2014-04-09,26.857943193904465,27.702024697640617,26.669372457916207,27.63916778564453,1683649,0.0,0.0
2014-04-10,27.630189028499327,27.764882143828896,26.57957819106948,26.777128219604492,3174327,0.0,0.0
2014-04-11,26.534680150568015,27.495494327938747,26.489781814701,26.983657836914062,3174989,0.0,0.0
2014-04-14,27.253044788131042,27.253044788131042,26.462840917677823,26.929779052734375,2965457,0.0,0.0
2014-04-15,26.938759865977868,27.522432526865035,26.606514846465302,27.32488250732422,2995595,0.0,0.0
2014-04-16,27.630187283159536,27.827737299215737,27.324882025336482,27.818758010864258,1995849,0.0,0.0
2014-04-17,27.80977886755127,28.15100317133441,27.74692195798854,27.854677200317383,1865692,0.0,0.0
2014-04-21,27.908554859599608,28.115084165366497,27.54937008775471,27.989370346069336,1420907,0.0,0.0
2014-04-22,28.38447447872738,28.591005691328657,27.971413944299538,28.56406593322754,1602729,0.0,0.0
2014-04-23,28.483249105172245,29.022023443414863,28.330595525154923,28.339574813842773,1840964,0.0,0.0
2014-04-24,28.573043002763857,28.887329441806198,28.061206546349563,28.357534408569336,1800780,0.0,0.0
2014-04-25,28.330597142564304,28.33957643176479,27.513455354474143,27.630189895629883,1260943,0.0,0.0
2014-04-28,27.71100300375777,28.061206597078343,27.190187257990665,27.755901336669922,1662233,0.0,0.0
2014-04-29,27.863657387189733,28.41141290489482,27.38773996053669,28.339574813842773,1587605,0.0,0.0
2014-04-30,28.37549367349132,28.555085118395755,27.890595070552198,28.537126541137695,1779584,0.0,0.0
2014-05-01,28.37549256379476,30.045695015940517,28.37549256379476,28.98610496520996,5871411,0.0,0.0
2014-05-02,27.666108132054813,27.86365816099759,25.90610699557086,26.040802001953125,12575650,0.0,0.0
2014-05-05,25.708556024663014,25.96896484817424,25.18774026841517,25.42120933532715,5285098,0.0,0.0
2014-05-06,25.448149696044794,25.789372125130285,24.900394170194428,25.33141326904297,5215880,0.0,0.0
2014-05-07,25.385293818642968,25.546924805567752,24.765700175407463,25.349374771118164,3301503,0.0,0.0
2014-05-08,25.20569923535079,25.708556422157162,24.774680140070068,25.026107788085938,2873387,0.0,0.0
2014-05-09,24.846515601343683,25.097943241876607,24.65794487094399,25.079984664916992,1553272,0.0,0.0
2014-05-12,25.196719907798226,25.90610640701806,25.160800862090717,25.762434005737305,2054580,0.0,0.0
2014-05-13,25.816311931491427,26.031822426713088,25.448149744466633,25.466108322143555,1477871,0.0,0.0
2014-05-14,25.430189017125514,25.502027108651166,24.918352541572098,25.026107788085938,1666980,0.0,0.0
2014-05-15,24.810598448020986,24.891413935115775,24.128147943469685,24.711820602416992,2654913,0.0,0.0
2014-05-16,24.693863373085524,25.053048167310457,24.586108123895514,24.93631362915039,1304329,0.0,0.0
2014-05-19,24.77468040738866,25.151821883481816,24.747740650082203,25.097944259643555,1173951,0.0,0.0
2014-05-20,24.972229953012143,25.205699021553606,24.61304706152906,24.720802307128906,1832463,0.0,0.0
2014-05-21,24.70284265300003,24.837537659825507,24.352639038648213,24.433456420898438,2343486,0.0,0.0
2014-05-22,24.550190929007226,24.702842622804955,24.28978209541602,24.298763275146484,1768654,0.0,0.0
2014-05-23,24.343659713233155,24.86447738027239,24.298763268466566,24.801618576049805,1807845,0.0,0.0
2014-05-27,24.981208710690588,25.187739908829442,24.639984403802227,24.711820602416992,1093252,0.0,0.0
2014-05-28,24.71182160448866,24.90937352215828,24.469373242598362,24.595088958740234,1112792,0.0,0.0
2014-05-29,24.66692481128777,24.801617923593525,24.469372896413056,24.7567195892334,871245,0.0,0.0
2014-05-30,24.577128264682635,24.72080255719399,24.173047034983,24.28978157043457,1345617,0.0,0.0
2014-06-02,24.424475681079628,24.693861897179257,24.1371271065641,24.6759033203125,1164457,0.0,0.0
2014-06-03,24.523249835091434,24.81957769913354,24.298761951105096,24.57712745666504,1632426,0.0,0.0
2014-06-04,24.469372357485046,24.909372621129144,24.35263782518452,24.613046646118164,902598,0.0,0.0
2014-06-05,24.96324962370952,25.94202419120269,24.882434138265864,25.807331085205078,2656128,0.0,0.0
2014-06-06,25.977944928770903,26.929779802653794,25.951007062125008,26.373046875,2561298,0.0,0.0
2014-06-09,26.373046654858015,27.10039362829646,26.27427069643158,26.93876075744629,1701975,0.0,0.0
2014-06-10,26.81304406624512,26.965697642734053,26.57059571417855,26.68733024597168,971264,0.0,0.0
2014-06-11,26.382025956312315,26.444882868766186,25.735496363376342,26.06774139404297,1937119,0.0,0.0
2014-06-12,26.01386243270738,26.11263649532733,25.044067147785213,25.106924057006836,2111103,0.0,0.0
2014-06-13,25.115904244070148,25.115904244070148,24.63998492754171,24.720802307128906,2630074,0.0,0.0
2014-06-16,24.604069146559482,25.31345568046143,24.604069146559482,25.214679718017578,1837983,0.0,0.0
2014-06-17,25.160801063366634,25.636720387006054,25.035087238546655,25.564884185791016,1971783,0.0,0.0
2014-06-18,25.63671883060821,25.959984552612486,25.385291196232348,25.906105041503906,1969133,0.0,0.0
2014-06-19,25.82529062184299,26.121616600518255,25.7893715765469,26.058759689331055,2183302,0.0,0.0
2014-06-20,26.121616719775965,26.534679124855703,25.97794431948489,26.462841033935547,2794896,0.0,0.0
2014-06-23,26.552638722342266,26.660393972087803,26.453862761613074,26.48080062866211,1387236,0.0,0.0
2014-06-24,26.32814755984225,26.58855638159974,26.211413027172416,26.48978042602539,2699182,0.0,0.0
2014-06-25,26.408964270178274,26.48978165239867,26.22039352962182,26.310190200805664,3654880,0.0,0.0
2014-06-26,26.328148742220137,26.71427140253569,26.292229695641474,26.67835235595703,2068159,0.0,0.0
2014-06-27,29.093859133304107,29.928961328243478,28.770595292339344,29.569778442382812,12364573,0.0,0.0
2014-06-30,29.462023434402695,29.740390834944996,29.309371746615497,29.506921768188477,2999128,0.0,0.0
2014-07-01,29.524880253119193,29.803247652791516,29.29141118709233,29.605697631835938,3261319,0.0,0.0
2014-07-02,29.68651366300716,29.955901779034804,29.587737705334586,29.749370574951172,2251416,0.0,0.0
2014-07-03,29.803248468868702,30.081615876163323,29.623657020143867,29.82120704650879,1136416,0.0,0.0
2014-07-07,29.785288742943116,29.875085414931316,29.201616047343922,29.26447296142578,1675370,0.0,0.0
2014-07-08,29.372228721593952,29.41712516470293,28.81549391929649,28.905288696289062,2566707,0.0,0.0
2014-07-09,29.147738705543375,29.147738705543375,28.689779833657774,28.833454132080078,1684422,0.0,0.0
2014-07-10,28.061208490569822,28.842433107322602,27.971413709460982,28.626922607421875,2463156,0.0,0.0
2014-07-11,28.456310443462918,28.77059690428059,28.429372576362674,28.626922607421875,989259,0.0,0.0
2014-07-14,28.860393719691352,29.004066126489874,28.617943460709945,28.662841796875,789331,0.0,0.0
2014-07-15,28.66284031168131,28.779574845196912,28.151003843780313,28.40243148803711,2934988,0.0,0.0
2014-07-16,28.68079948425293,28.995085936872382,28.608963283084783,28.68079948425293,1116987,0.0,0.0
2014-07-17,28.5371271124198,28.779575473355607,28.294678751483993,28.312637329101562,1238202,0.0,0.0
2014-07-18,28.4383513292114,28.761617072967542,28.330596081292686,28.48324966430664,1156840,0.0,0.0
2014-07-21,28.375493800197567,28.626921446031563,28.195902354491196,28.573043823242188,1131338,0.0,0.0
2014-07-22,28.707737656533347,28.950186003824953,28.501206462455578,28.5191650390625,1288984,0.0,0.0
2014-07-23,28.41141290489482,28.55508530544967,27.908555721403605,28.339574813842773,1951470,0.0,0.0
2014-07-24,28.30365762508775,28.57304384849811,28.043248799579832,28.20488166809082,1207291,0.0,0.0
2014-07-25,28.05222868894661,28.24080131830136,27.85467866149718,28.11508560180664,1285672,0.0,0.0
2014-07-28,28.007331413122536,28.168966181982647,27.675088258517558,27.764883041381836,1344844,0.0,0.0
2014-07-29,27.818758167315067,27.854677211697542,27.118350982666016,27.118350982666016,2694987,0.0,0.0
2014-07-30,26.956719617638534,27.657128731998093,26.426924555499294,27.51345443725586,3293444,0.0,0.0
2014-07-31,24.11018987827197,24.25386416932571,23.131415270006137,23.849782943725586,13128844,0.0,0.0
2014-08-01,23.894679128983057,24.738760616523145,23.706108396613057,24.28080177307129,4900368,0.0,0.0
2014-08-04,24.397537200786466,24.523251026976656,23.777945467963768,24.26284408569336,2328031,0.0,0.0
2014-08-05,24.164068268485646,24.613047842472408,23.993456106001666,24.298763275146484,1779032,0.0,0.0
2014-08-06,24.08325201678565,24.541212791999246,24.00243652161547,24.35264015197754,1192277,0.0,0.0
2014-08-07,24.514270709853953,24.82855715292175,24.128148067801217,24.244884490966797,2108453,0.0,0.0
2014-08-08,24.316720726166494,24.460393124350336,23.921618794999045,24.37957763671875,2541978,0.0,0.0
2014-08-11,24.613046609505044,24.76569829565583,24.298762057922907,24.47835350036621,1512315,0.0,0.0
2014-08-12,24.460393953754224,24.783659696791062,24.334680128387006,24.595088958740234,2774141,0.0,0.0
2014-08-13,24.631006002639936,24.891414831814586,24.59508884742595,24.693862915039062,851264,0.0,0.0
2014-08-14,24.729780995786744,24.88243457181183,24.6489636181604,24.810598373413086,1032092,0.0,0.0
2014-08-15,24.918354151498757,24.963252488909422,24.59509028184642,24.819580078125,1270216,0.0,0.0
2014-08-18,24.96325219847028,25.295497244358994,24.94529362002486,25.250598907470703,1602950,0.0,0.0
2014-08-19,25.4032521562101,25.681619572258047,25.30447619453428,25.4122314453125,1206518,0.0,0.0
2014-08-20,25.322435039003224,25.564885301190927,25.25957812385078,25.484067916870117,737997,0.0,0.0
2014-08-21,25.49304465985357,25.591820612702396,25.12488249490728,25.43916893005371,989259,0.0,0.0
2014-08-22,25.304475038205727,25.4122302840599,25.169781926275327,25.358352661132812,568429,0.0,0.0
2014-08-25,25.448149143362162,25.71753536525148,25.33141271889562,25.555904388427734,734796,0.0,0.0
2014-08-26,25.582843002371668,25.771413741363087,25.484067043044163,25.50202751159668,598346,0.0,0.0
2014-08-27,25.50202713007412,25.54692357384707,25.187740679015633,25.52896499633789,807878,0.0,0.0
2014-08-28,25.340392637385197,25.717536004489006,25.250597858115015,25.600801467895508,722321,0.0,0.0
2014-08-29,25.879169591626376,26.4808008689272,25.771414340903153,26.417943954467773,2346577,0.0,0.0
2014-09-02,26.534679269043934,26.839984539402447,26.328148065381782,26.498760223388672,1458221,0.0,0.0
2014-09-03,26.696312783666,26.705292072603214,26.022843424078694,26.040802001953125,1222636,0.0,0.0
2014-09-04,26.031820997319258,26.148555527358717,25.430187879656593,25.475086212158203,1936125,0.0,0.0
2014-09-05,25.41222930296577,25.69957598389171,25.205698107923087,25.475086212158203,1102083,0.0,0.0
2014-09-08,25.502027273381028,25.67263754222625,25.42120989258629,25.564884185791016,790546,0.0,0.0
2014-09-09,25.555905251105322,25.59182240682321,24.909373758887266,25.03508758544922,1764238,0.0,0.0
2014-09-10,24.954271409945495,25.133862855933707,24.568148761144794,24.85549545288086,1653180,0.0,0.0
2014-09-11,24.747740463834283,25.313454564491188,24.68488355162514,25.295495986938477,1719638,0.0,0.0
2014-09-12,25.232637914395347,25.430187930714702,25.142841249211834,25.24161720275879,1550512,0.0,0.0
2014-09-15,24.280802663499195,24.891415107418975,23.93059905163738,24.26284408569336,4210724,0.0,0.0
2014-09-16,24.235905004174125,24.711820527596476,24.164066915002284,24.442434310913086,2306724,0.0,0.0
2014-09-17,24.568149634411697,24.756720375785815,24.128149347097402,24.334680557250977,2404866,0.0,0.0
2014-09-18,24.451414968944214,24.50529259345361,24.173047557441432,24.298763275146484,2534692,0.0,0.0
2014-09-19,24.3167211514524,24.41549710866545,22.9967203344452,23.248149871826172,3537971,0.0,0.0
2014-09-22,22.969783957883276,23.023661584331972,22.269376704824975,22.63753890991211,3551329,0.0,0.0
2014-09-23,22.45794501545453,22.736312406775795,22.269374288730273,22.493864059448242,2116733,0.0,0.0
2014-09-24,22.529783885287152,22.71835461855533,22.413047460950153,22.57468032836914,1372885,0.0,0.0
2014-09-25,22.46692477642875,22.538762865927534,21.955090206091057,21.99998664855957,1549849,0.0,0.0
2014-09-26,22.008967986596925,22.170600866859072,21.8652955757693,22.035907745361328,1493216,0.0,0.0
2014-09-29,21.748560191239193,21.856313549802362,21.227742522514657,21.68570327758789,2271287,0.0,0.0
2014-09-30,21.577946556013877,21.66774133048572,21.03019105771489,21.057130813598633,2559531,0.0,0.0
2014-10-01,20.95835509517216,20.97631367211314,19.692231933017545,20.257946014404297,7400506,0.0,0.0
2014-10-02,20.24896812438965,20.43754075839169,19.665295425751687,20.24896812438965,4582980,0.0,0.0
2014-10-03,20.419580388407354,20.949377355069416,20.329785606291132,20.65304946899414,3675304,0.0,0.0
2014-10-06,20.81468108166607,20.976313948589034,20.635089637565418,20.697946548461914,2458740,0.0,0.0
2014-10-07,20.491417318788653,20.653048295569565,20.069375627264574,20.096315383911133,2780765,0.0,0.0
2014-10-08,20.069376976829503,20.518356564417154,19.476724980047656,20.45549964904785,2948567,0.0,0.0
2014-10-09,20.42856082412217,20.572233226584157,19.315091196555837,19.333049774169922,2601371,0.0,0.0
2014-10-10,16.09141830553499,17.68080532309227,15.911826861926617,16.845703125,15303425,0.0,0.0
2014-10-13,16.890601615932493,16.926520661298596,15.53468554228774,15.642439842224121,7499311,0.0,0.0
2014-10-14,15.732236254019375,15.98366580104679,15.112645457041445,15.57060432434082,6383869,0.0,0.0
2014-10-15,15.22937855327002,15.62448143898749,14.582848964900064,15.561624526977539,5374298,0.0,0.0
2014-10-16,15.462846849160835,16.836723337353078,15.38203136370375,16.46856117248535,3386949,0.0,0.0
2014-10-17,16.809786754709403,17.14203179172854,16.387746937085577,16.423664093017578,3857899,0.0,0.0
2014-10-20,16.27101153059415,16.4955032231516,16.172237454798637,16.441625595092773,2101057,0.0,0.0
2014-10-21,16.62121537382167,17.321622576826105,16.585296328497876,17.249786376953125,2736827,0.0,0.0
2014-10-22,17.33958112553239,17.501213993061253,16.746929168701172,16.746929168701172,2715079,0.0,0.0
2014-10-23,17.124072948351735,17.591011094428048,17.034276278364143,17.357540130615234,3435192,0.0,0.0
2014-10-24,17.33060337340568,17.393460290110568,17.01631878988124,17.142032623291016,3789232,0.0,0.0
2014-10-27,16.944481023733015,17.07917413416061,16.64815315555294,16.980398178100586,3794200,0.0,0.0
2014-10-28,17.366520565681384,18.69549874540795,17.366520565681384,18.14774513244629,6990937,0.0,0.0
2014-10-29,17.80651920774879,18.201623032174155,17.644888231469725,17.851417541503906,2656901,0.0,0.0
2014-10-30,17.653867897465624,18.05794912835083,17.384479779950603,17.824480056762695,3647153,0.0,0.0
2014-10-31,18.129784472728442,18.722438303256332,17.968151609857202,18.713459014892578,3088770,0.0,0.0
2014-11-03,18.758356887642048,19.036724302025714,18.49794805135581,18.839174270629883,2956626,0.0,0.0
2014-11-04,18.650600450410497,18.83019189227803,18.156724457968426,18.282438278198242,3108641,0.0,0.0
2014-11-05,18.48896864339724,18.686520564297236,18.183663363830966,18.435091018676758,1524679,0.0,0.0
2014-11-06,18.43509062336501,18.87509090068471,18.372233711001428,18.83019256591797,2324277,0.0,0.0
2014-11-07,18.90203121310962,19.180398627911,18.794275962813945,18.973867416381836,2021903,0.0,0.0
2014-11-10,19.04570193196283,19.539579803591707,19.03672264369632,19.279170989990234,1676363,0.0,0.0
2014-11-11,19.30611158575587,19.41386683119251,18.991825138103223,19.12651824951172,2154157,0.0,0.0
2014-11-12,19.036724358755297,19.234276281514532,18.803255279694163,19.10856056213379,1395295,0.0,0.0
2014-11-13,19.02774439951662,19.135499646176537,18.363254342038672,18.56080436706543,1983375,0.0,0.0
2014-11-14,18.488968830840363,18.740398379009864,18.31835666595827,18.60570526123047,2373072,0.0,0.0
2014-11-17,18.48896834094406,18.67754096976831,18.004071617166627,18.228561401367188,2118058,0.0,0.0
2014-11-18,18.749377075957554,19.189377353277255,18.596725384835135,18.83019256591797,4262610,0.0,0.0
2014-11-19,18.78529563498037,18.902030167883158,18.408152279800415,18.45305061340332,1738958,0.0,0.0
2014-11-20,18.282438403145537,18.85713177735909,18.17468315913367,18.686519622802734,1747017,0.0,0.0
2014-11-21,19.00080494834307,19.5665190570273,19.00080494834307,19.135499954223633,3882407,0.0,0.0
2014-11-24,19.180396799667133,19.449783008954167,19.072641559642506,19.243253707885742,1239857,0.0,0.0
2014-11-25,19.261281034357634,19.414506617850495,19.062988879501045,19.297334671020508,877096,0.072466,0.0
2014-11-26,19.270293706680675,19.36943978275903,18.981870310883206,19.252267837524414,1266463,0.0,0.0
2014-11-28,19.0900282497263,19.0900282497263,18.008440101746896,18.152652740478516,1539803,0.0,0.0
2014-12-01,18.152653830632577,18.179692634472676,17.350474182150865,17.485671997070312,2540212,0.0,0.0
2014-12-02,17.61185739019145,17.954360265720855,17.49468545371346,17.575803756713867,1718976,0.0,0.0
2014-12-03,17.620871336817387,18.12561274521585,17.557778898000006,17.683963775634766,2949119,0.0,0.0
2014-12-04,17.602846335601548,17.711005349722242,17.350474670033417,17.503700256347656,1963282,0.0,0.0
2014-12-05,17.485670945438773,17.62087065008644,17.215275331862145,17.30540657043457,2981354,0.0,0.0
2014-12-08,17.161197266364738,17.32343578680945,16.69250947254191,16.827707290649414,1741055,0.0,0.0
2014-12-09,16.66546806491626,16.935865587547468,16.494218514752504,16.836719512939453,2918429,0.0,0.0
2014-12-10,16.701521895153505,16.827706774565183,16.21480634874631,16.27789878845215,1608580,0.0,0.0
2014-12-11,16.340990858256426,16.890798831923775,16.331977923910962,16.4761905670166,1329720,0.0,0.0
2014-12-12,16.268885717725823,16.3770447271332,15.881317199255678,15.989477157592773,2260358,0.0,0.0
2014-12-15,16.016515827233547,16.097634134681805,15.268417599964035,15.277430534362793,2229668,0.0,0.0
2014-12-16,15.160258668550723,15.710066648265064,14.961967468261719,14.961967468261719,2880894,0.0,0.0
2014-12-17,14.998021302013743,15.41262957695764,14.907888160658372,15.358550071716309,4019187,0.0,0.0
2014-12-18,15.800199085823374,16.89981221560575,15.800199085823374,16.881786346435547,3487630,0.0,0.0
2014-12-19,16.908825040558913,17.21527620162218,16.82770673195949,17.125144958496094,1604716,0.0,0.0
2014-12-22,17.125143914978135,17.530739228979268,17.04402371346231,17.404552459716797,2979036,0.0,0.0
2014-12-23,17.530740629393264,18.41403669763519,17.494686992743997,18.305877685546875,3507281,0.0,0.0
2014-12-24,18.287850499974468,18.287850499974468,17.999427121116632,18.08054542541504,743959,0.0,0.0
2014-12-26,18.161665585918694,18.936802584507866,18.09857314986256,18.855684280395508,2626762,0.0,0.0
2014-12-29,20.613264048669862,20.865635699287377,20.072470907962746,20.54115867614746,13284061,0.0,0.0
2014-12-30,20.69438379148796,20.72142259388308,20.072470459947205,20.135562896728516,3724319,0.0,0.0
2014-12-31,20.12654984145428,20.234708846102475,19.883193029925526,19.91924476623535,2842145,0.0,0.0
2015-01-02,20.054444849333372,20.18964265876465,19.351411305856303,19.72095489501953,2831989,0.0,0.0
2015-01-05,19.38746496045012,19.495623967249053,18.30587679032021,18.41403579711914,4146032,0.0,0.0
2015-01-06,18.43206131162583,18.666407087095592,17.54876530354503,17.76508331298828,3590520,0.0,0.0
2015-01-07,18.02646700617269,18.13462601697427,17.50369971920471,17.873241424560547,3084464,0.0,0.0
2015-01-08,18.053505992764272,18.495154975033213,17.77409742620011,18.23377227783203,2818851,0.0,0.0
2015-01-09,18.206731357666943,18.242784993820184,17.70199183867835,17.801136016845703,2211673,0.0,0.0
2015-01-12,17.711004290829425,17.756068962469154,17.16119631823067,17.323434829711914,2421426,0.0,0.0
2015-01-13,17.449619056221728,17.611857561661427,16.80967986631458,17.016984939575195,3304815,0.0,0.0
2015-01-14,16.674481976390634,16.980931219876396,16.40408446869183,16.872772216796875,2635705,0.0,0.0
2015-01-15,17.035011436777577,17.125144575748635,15.872304002705773,15.94441032409668,3789784,0.0,0.0
2015-01-16,15.773158521333505,16.602375030517578,15.592894145330852,16.602375030517578,4428094,0.0,0.0
2015-01-20,16.63842907951186,17.007972672707233,16.223820814587278,16.93586540222168,3099478,0.0,0.0
2015-01-21,16.845733262333727,17.34146176149633,16.78264082031078,17.044025421142578,2203725,0.0,0.0
2015-01-22,17.152183193373116,17.449619512188377,16.764613736560793,17.422578811645508,2659440,0.0,0.0
2015-01-23,17.170209026170305,17.449619475949646,16.953891013714124,17.350473403930664,1761258,0.0,0.0
2015-01-26,17.28738086825976,18.143638081144758,17.2152754971377,18.053504943847656,3244097,0.0,0.0
2015-01-27,17.467645959806564,17.60284567128487,16.773627226940057,17.125144958496094,4443329,0.0,0.0
2015-01-28,17.36850060850279,17.54876498043331,16.890798030134615,17.188236236572266,3796850,0.0,0.0
2015-01-29,17.18823749807669,17.404553621553916,16.71954781922738,17.341461181640625,3976795,0.0,0.0
2015-01-30,17.963374800611852,18.215746461728916,16.683496319189302,16.854747772216797,11636180,0.0,0.0
2015-02-02,16.899812530874357,17.557779542174753,16.863760791861402,17.53074073791504,3440381,0.0,0.0
2015-02-03,17.756069221905364,18.359956707154677,17.701991615147556,18.287851333618164,3740106,0.0,0.0
2015-02-04,18.134625072880553,18.26982477827372,17.72001681829877,17.90929412841797,4074606,0.0,0.0
2015-02-05,18.0444927138987,18.5582470616796,17.792122956192756,18.504167556762695,4394202,0.0,0.0
2015-02-06,18.594299991767887,18.90074924275842,18.368969046143874,18.513181686401367,2950885,0.0,0.0
2015-02-09,18.495153671026056,19.09002819451696,18.495153671026056,18.92778968811035,3264079,0.0,0.0
2015-02-10,19.05397508278569,19.2702930972576,18.711472192491634,19.017921447753906,2215206,0.0,0.0
2015-02-11,18.936803597925618,19.017921906379087,18.6213395029033,18.963844299316406,1489573,0.0,0.0
2015-02-12,19.225227201804465,19.423519354640604,19.0359498814368,19.3964786529541,2365897,0.0,0.0
2015-02-13,19.540690027627203,19.766019071755647,19.504636393679796,19.702926635742188,1636621,0.0,0.0
2015-02-17,19.6037829088226,19.729967783715047,19.333385392724935,19.648847579956055,1565084,0.0,0.0
2015-02-18,19.6037840692598,20.162603105128163,19.49562505641831,19.585756301879883,2608768,0.0,0.0
2015-02-19,19.39647733416493,19.531675139826795,18.98186908532379,19.171146392822266,1969575,0.0,0.0
2015-02-20,19.1260798797397,19.747993203711612,18.909763769633273,19.702926635742188,2024331,0.0,0.0
2015-02-23,19.477598260712394,19.68490144391813,19.162134171948868,19.621809005737305,1958094,0.0,0.0
2015-02-24,19.66687553984149,19.820101116781533,19.450557524834235,19.54970359802246,1129351,0.0,0.0
2015-02-25,19.45957149155352,19.729969024658203,19.117068582240755,19.729969024658203,2070698,0.0,0.0
2015-02-26,19.72996865009057,20.02740498192923,19.621809638902064,19.928260803222656,2108012,0.0,0.0
2015-02-27,19.856152112296922,19.991351815555642,19.775031910769822,19.946285247802734,2177340,0.0,0.0
2015-03-02,19.9192448495928,20.063457489013672,19.80207291037681,20.063457489013672,2728658,0.0,0.0
2015-03-03,20.000366123146836,20.369907828810025,19.892207112255303,20.315828323364258,3007629,0.0,0.0
2015-03-04,20.126551366458823,20.649318663296008,19.901220406011475,20.577213287353516,5324509,0.0,0.0
2015-03-05,20.315828213484185,20.460040859846067,20.045430687717822,20.099510192871094,5944383,0.0,0.0
2015-03-06,19.847140953203613,20.000366538122382,19.108055628682934,19.19818687438965,4820221,0.0,0.0
2015-03-09,19.252267035665117,19.360426041816766,18.62133886716071,18.657392501831055,2549596,0.0,0.0
2015-03-10,18.386995396553864,18.53120804059236,17.999427830035465,18.071533203125,2942164,0.0,0.0
2015-03-11,18.107586067259014,18.47712774922828,17.738042487430402,18.39600944519043,3993023,0.0,0.0
2015-03-12,18.630352609356798,19.387465685254124,18.4410752893122,19.324373245239258,4869457,0.0,0.0
2015-03-13,19.144109087527646,19.360427111785928,18.900750361307335,19.297334671020508,3813409,0.0,0.0
2015-03-16,19.441545454321666,19.468584258469225,19.09904254796231,19.36944007873535,2344369,0.0,0.0
2015-03-17,19.28831919595082,19.711940397795885,19.243254523947723,19.450557708740234,2431141,0.0,0.0
2015-03-18,19.3153593903716,19.955298592483665,19.15312088183769,19.820100784301758,3481007,0.0,0.0
2015-03-19,19.67588957261216,19.84714102774354,19.315360792712255,19.34239959716797,1947937,0.0,0.0
2015-03-20,19.684900911819252,19.72996748011863,19.162133653980817,19.531675338745117,2421205,0.0,0.0
2015-03-23,19.639835212329942,19.892206867255034,19.351411819458008,19.351411819458008,2031397,0.0,0.0
2015-03-24,19.36042562791768,19.36042562791768,18.756538172791153,18.783578872680664,2040339,0.0,0.0
2015-03-25,18.882724169196006,19.07200148825747,18.639367344994202,18.648380279541016,1613769,0.0,0.0
2015-03-26,18.63035303535806,18.918778336106094,18.42304984138601,18.738513946533203,2644647,0.0,0.0
2015-03-27,18.657393419791692,19.08101463317871,18.495154902581938,19.08101463317871,2891050,0.0,0.0
2015-03-30,19.252268009936603,19.711940962554035,19.026937052027574,19.612796783447266,2061314,0.0,0.0
2015-03-31,19.414505488458442,19.5677291651784,19.207200410960482,19.432531356811523,2376053,0.0,0.0
2015-04-01,19.45957042385011,19.657862569866865,19.207200672039043,19.477598190307617,2049060,0.0,0.0
2015-04-02,19.46858312989346,19.820100848451002,19.387464824293648,19.504636764526367,1291964,0.0,0.0
2015-04-06,19.40549169485592,19.829114806697454,19.270293879254293,19.612796783447266,1708047,0.0,0.0
2015-04-07,19.61279532209558,19.784046761432098,19.486610450554842,19.5587158203125,2495170,0.0,0.0
2015-04-08,19.648848743060835,19.747994821142118,19.37845310881661,19.585756301879883,1955113,0.0,0.0
2015-04-09,19.477598935366238,19.675889191108606,19.396478727852948,19.540691375732422,1854763,0.0,0.0
2015-04-10,19.540691408317027,19.66687628925981,19.432532396691936,19.612796783447266,1872427,0.0,0.0
2015-04-13,19.414505787572626,19.675888474156892,19.414505787572626,19.54970359802246,2122694,0.0,0.0
2015-04-14,19.603783585962663,19.65786309105017,19.360426761998596,19.567729949951172,3068457,0.0,0.0
2015-04-15,19.729967398437907,20.43299902870399,19.702926698426484,20.234708786010742,3815286,0.0,0.0
2015-04-16,20.135564074395568,20.171617710890423,19.612796783447266,19.612796783447266,2162878,0.0,0.0
2015-04-17,18.296863251883746,18.792591700366188,18.125611813083555,18.179691314697266,8136737,0.0,0.0
2015-04-20,18.215745626239077,18.45910244362692,18.053505217501314,18.098573684692383,4405794,0.0,0.0
2015-04-21,18.089560512857833,18.206730555006526,17.629883789142273,17.665937423706055,2615944,0.0,0.0
2015-04-22,17.62087173868543,18.30587754473596,17.611858804057313,18.017454147338867,5123478,0.0,0.0
2015-04-23,17.936334159481458,18.20673169093159,17.8281770447609,17.990413665771484,2792246,0.0,0.0
2015-04-24,17.738042442643582,17.882255080174836,17.386526629601526,17.47665786743164,3919058,0.0,0.0
2015-04-27,17.530740355308776,18.134625949191015,17.44060721402454,17.72903060913086,5144343,0.0,0.0
2015-04-28,17.638898738389848,17.891268488435212,17.28738101817039,17.88225555419922,8204852,0.0,0.0
2015-04-29,17.819163264650953,17.99041281227559,17.602845249753344,17.71100425720215,4117108,0.0,0.0
2015-04-30,17.55777871526039,18.468115448215556,17.224288757939867,17.783109664916992,5317555,0.0,0.0
2015-05-01,17.792123344245397,17.98140066665306,17.692977266758746,17.846202850341797,2910922,0.0,0.0
2015-05-04,17.927320524599907,18.17067924233051,17.864228086035506,17.999427795410156,1496197,0.0,0.0
2015-05-05,17.981399682760696,18.233771330021323,17.756068735998422,17.810148239135742,1931268,0.0,0.0
2015-05-06,17.954361110741633,17.990412848056668,17.54876578093163,17.783109664916992,1845269,0.0,0.0
2015-05-07,17.729029470061434,17.756068271993822,17.332447090037768,17.404552459716797,2206706,0.0,0.0
2015-05-08,17.611858288548703,17.756069034096388,17.341460768322523,17.4676456451416,1527991,0.0,0.0
2015-05-11,17.485672488754528,17.61185927046835,17.368502437626546,17.503700256347656,1411523,0.0,0.0
2015-05-12,17.422578289438114,17.45863192312818,17.125143877397246,17.332447052001953,1339103,0.0,0.0
2015-05-13,17.413566556133034,17.593832839153247,17.30540754546469,17.341461181640625,1337779,0.0,0.0
2015-05-14,17.47665872641047,17.837189389029046,17.46764579197041,17.75606918334961,2368215,0.0,0.0
2015-05-15,17.665937906789637,17.80113571884696,17.368501581547868,17.683963775634766,1665655,0.0,0.0
2015-05-18,17.71100392051051,18.035479038829145,17.449619341168333,17.981399536132812,1775499,0.0,0.0
2015-05-19,17.927319692446627,18.008439893877853,17.656924081967436,17.79212188720703,1273197,0.0,0.0
2015-05-20,17.85521604662561,17.981400930079317,17.729031163171904,17.89126968383789,843977,0.0,0.0
2015-05-21,17.945348177950507,18.423048880290917,17.927320411432035,18.24278450012207,1998278,0.0,0.0
2015-05-22,18.1887048492646,18.59430017583089,18.143638280121813,18.41403579711914,1942418,0.0,0.0
2015-05-26,18.269826200120924,18.35094451138236,17.65692575574067,17.819164276123047,1799013,0.0,0.0
2015-05-27,17.837188492960006,18.0625194340796,17.70199068743198,17.864227294921875,1007032,0.0,0.0
2015-05-28,17.747055719507614,17.79212228822301,17.188236720158567,17.206262588500977,2257046,0.0,0.0
2015-05-29,17.170210041322612,17.34146149499874,16.93586614659312,16.998958587646484,2528731,0.0,0.0
2015-06-01,17.080078046012705,17.44060680701717,16.962904205933874,17.395540237426758,2314673,0.0,0.0
2015-06-02,17.57580473244081,17.837189319480665,17.377514481954258,17.611858367919922,1871985,0.0,0.0
2015-06-03,17.620872179950453,17.972388026406556,17.557779738114192,17.963375091552734,2455649,0.0,0.0
2015-06-04,17.80113611162292,18.50416778640824,17.79212317700149,18.477128982543945,4955345,0.0,0.0
2015-06-05,18.396009359636803,18.468114729319485,18.14363771895842,18.25179672241211,2977491,0.0,0.0
2015-06-08,18.21574656531813,18.21574656531813,17.99942853966177,18.06252098083496,2644095,0.0,0.0
2015-06-09,18.143637908547063,18.350942983642717,17.93633283345141,18.152652740478516,2052593,0.0,0.0
2015-06-10,18.38699580775898,18.67542110228629,18.251797992960118,18.4050235748291,1599417,0.0,0.0
2015-06-11,18.40502392109415,18.52219586888678,18.089561714675334,18.134626388549805,951834,0.0,0.0
2015-06-12,18.071533203125,18.233771715971027,18.017453698842992,18.071533203125,605522,0.0,0.0
2015-06-15,17.801134782889616,17.918306719941082,17.566790908786682,17.720016479492188,1984258,0.0,0.0
2015-06-16,17.64791132762581,17.864227438639038,17.404552618714483,17.692975997924805,1367144,0.0,0.0
2015-06-17,17.720017376497832,17.87324105710035,17.269355473376347,17.611858367919922,2444278,0.0,0.0
2015-06-18,17.692975960394755,17.79212203056094,17.37751377967419,17.62087059020996,1932924,0.0,0.0
2015-06-19,17.620871827132934,17.819163981384712,17.56679232123331,17.70199203491211,3137786,0.0,0.0
2015-06-22,17.78311011432951,18.026466938793714,17.711004740017792,17.72903060913086,1615314,0.0,0.0
2015-06-23,17.67495131744969,18.170679804782598,17.602845942266924,18.161666870117188,1770531,0.0,0.0
2015-06-24,18.197717448062402,18.46811496007519,18.080545509166754,18.22475814819336,3445238,0.0,0.0
2015-06-25,18.15265314301453,18.206730748646287,17.88225562555876,18.026466369628906,2445603,0.0,0.0
2015-06-26,18.026466414617953,18.152653188318503,17.918307407365713,18.098573684692383,3399203,0.0,0.0
2015-06-29,17.79212256385905,17.981399877964755,17.62087111837501,17.71100425720215,2514490,0.0,0.0
2015-06-30,17.900281303722196,17.94534787246208,17.60284498661397,17.665937423706055,3138558,0.0,0.0
2015-07-01,17.774097791649396,17.873241973043765,17.458633684154112,17.503700256347656,2512392,0.0,0.0
2015-07-02,17.602846072140572,17.783110460357214,17.386528047136803,17.458633422851562,1942086,0.0,0.0
2015-07-06,17.179222335933268,17.395540353118363,16.971917253154313,17.152183532714844,2644315,0.0,0.0
2015-07-07,16.971917105906183,17.33244776403986,16.638429046475157,17.323434829711914,2252851,0.0,0.0
2015-07-08,17.125144149929383,17.278367825367084,16.4130976837695,16.530269622802734,3747723,0.0,0.0
2015-07-09,16.809680031396347,16.890798335983163,16.440138346926233,16.45816421508789,2460064,0.0,0.0
2015-07-10,16.66546718027013,16.755600315649176,15.97144849057321,16.097633361816406,2914675,0.0,0.0
2015-07-13,16.17875373808164,16.971916607836434,16.097633535791925,16.845731735229492,3283619,0.0,0.0
2015-07-14,16.80066851723654,17.134158493568496,16.755601945164205,16.899812698364258,1610126,0.0,0.0
2015-07-15,16.818693961720616,16.98994541297839,16.431124488272083,16.494218826293945,1621717,0.0,0.0
2015-07-16,16.656454189278996,16.818692693690238,16.39506961586211,16.413097381591797,982304,0.0,0.0
2015-07-17,16.467177043760888,16.719546787846078,16.35000510574143,16.701520919799805,1671837,0.0,0.0
2015-07-20,16.65645528141624,16.76461429144888,16.440139159210403,16.665468215942383,1434044,0.0,0.0
2015-07-21,16.656454643066617,16.98994459490987,16.32296469122337,16.359018325805664,1985914,0.0,0.0
2015-07-22,16.313951226109822,16.39506952895579,16.142699788671163,16.268884658813477,2162547,0.0,0.0
2015-07-23,16.24184683474577,16.46717778693082,15.701052739287586,15.845264434814453,3872912,0.0,0.0
2015-07-24,15.845264207887075,15.845264207887075,15.403615244271926,15.412629127502441,2035150,0.0,0.0
2015-07-27,14.430186730805893,15.133218366244236,13.997551659244678,14.835782051086426,5224491,0.0,0.0
2015-07-28,14.989008280438712,15.340523164607356,14.772689311799395,15.178285598754883,3890024,0.0,0.0
2015-07-29,15.106178818741311,15.719079223418133,15.061113198618708,15.655986785888672,2910480,0.0,0.0
2015-07-30,14.421173808345399,15.48473419647958,14.421173808345399,15.295456886291504,14862613,0.0,0.0
2015-07-31,15.3134835482414,15.980464431250311,15.187298668242493,15.926384925842285,5491097,0.0,0.0
2015-08-03,15.881316621057177,15.890330504132766,15.322496674347144,15.367562294006348,2954197,0.0,0.0
2015-08-04,15.367562275619088,15.52078690056454,15.169272031068354,15.331509590148926,2990407,0.0,0.0
2015-08-05,15.60190725287612,15.728092127694657,15.133218541557929,15.160258293151855,3331199,0.0,0.0
2015-08-06,15.178285334891413,15.250390707587963,14.808742690264904,15.133218765258789,2327258,0.0,0.0
2015-08-07,15.088153559972136,15.39460282576438,14.916901160010966,15.007034301757812,1629335,0.0,0.0
2015-08-10,15.088153415645353,15.710066773743142,15.070126597682473,15.674013137817383,1739510,0.0,0.0
2015-08-11,15.475721568381182,16.088621028475714,15.46670768514897,15.87230396270752,2493625,0.0,0.0
2015-08-12,15.692040043920521,15.90835711604148,15.349537143210084,15.854277610778809,2472760,0.0,0.0
2015-08-13,15.394602661907244,15.872304322576095,14.844795627324068,15.637960433959961,1711580,0.0,0.0
2015-08-14,15.610920378110452,15.746119137734365,15.439668932230063,15.520787239074707,1306537,0.0,0.0
2015-08-17,15.475721973751398,15.836251691381683,15.304470523939715,15.746119499206543,1127143,0.0,0.0
2015-08-18,15.701052568216493,15.78217182399084,15.45769480089345,15.520787239074707,1126591,0.0,0.0
2015-08-19,15.457694578160465,15.664999656239935,15.241377514808864,15.547826766967773,2556771,0.0,0.0
2015-08-20,15.412629051145531,15.52078710900858,15.160258351605693,15.268417358398438,2862789,0.0,0.0
2015-08-21,15.070126827204927,15.133219267641335,14.583412224091616,14.691571235656738,4401268,0.0,0.0
2015-08-24,13.70912769001332,14.673543929518921,13.483797688651267,13.754194259643555,5271409,0.0,0.0
2015-08-25,14.412159442385853,14.412159442385853,13.420705341975854,13.474783897399902,5049734,0.0,0.0
2015-08-26,13.844327584621153,14.186829532900719,13.555903243192006,14.114724159240723,2814325,0.0,0.0
2015-08-27,14.322027475896201,15.097166417828378,14.267948919624628,14.862821578979492,4014109,0.0,0.0
2015-08-28,14.862821356234507,15.574867847737163,14.835782552968807,15.349536895751953,2175574,0.0,0.0
2015-08-31,15.286443764973926,15.556840342543705,15.196311572450668,15.39460277557373,2029078,0.0,0.0
2015-09-01,14.979992866516113,15.205324760918943,14.835782124214552,14.979992866516113,2711547,0.0,0.0
2015-09-02,15.2233514294156,15.295457753286138,14.871835591487278,15.115193367004395,1428083,0.0,0.0
2015-09-03,15.115192825923314,15.35854964379921,14.862821175875483,14.989007949829102,1628231,0.0,0.0
2015-09-04,14.700584012305315,14.961967654825122,14.700584012305315,14.862821578979492,1177594,0.0,0.0
2015-09-08,15.133218674880167,15.466707682237033,14.979993098188107,15.412629127502441,1327622,0.0,0.0
2015-09-09,15.502761069305521,15.664999577703103,15.313482809508342,15.40361499786377,1864478,0.0,0.0
2015-09-10,15.655987028433868,15.728092401318978,15.160258556897475,15.20532512664795,1123279,0.0,0.0
2015-09-11,15.13321869454837,15.13321869454837,14.77268898596109,14.989007949829102,1595664,0.0,0.0
2015-09-14,15.052100246945487,15.052100246945487,14.592424469505461,14.7366361618042,1690604,0.0,0.0
2015-09-15,14.772689165226366,15.430655203408481,14.754663296382565,15.349536895751953,3201042,0.0,0.0
2015-09-16,15.412629197743069,15.674012834025227,15.304470189921567,15.556839942932129,1470916,0.0,0.0
2015-09-17,15.259404743160083,15.31348329875734,14.952953584887412,14.961967468261719,1715112,0.0,0.0
2015-09-18,14.817755530014532,14.817755530014532,14.4031463184025,14.493279457092285,2537783,0.0,0.0
2015-09-21,14.511306175070047,14.62847811584734,14.267948410350497,14.313014030456543,2374508,0.0,0.0
2015-09-22,14.006565128160494,14.249921950048794,13.88939318444691,14.078670501708984,2216531,0.0,0.0
2015-09-23,14.060644108179009,14.150776296216614,13.817286346440756,13.988537788391113,3298853,0.0,0.0
2015-09-24,13.70011435253194,13.9074194280154,13.555902662460221,13.880379676818848,3774550,0.0,0.0
2015-09-25,13.961498832359593,13.961498832359593,13.51083786650108,13.6640625,2766745,0.0,0.0
2015-09-28,13.402678831371418,13.474784206209103,13.078201797812632,13.132281303405762,1997726,0.0,0.0
2015-09-29,13.150308175272363,13.384652067846261,13.04214916364449,13.240440368652344,1909409,0.0,0.0
2015-09-30,13.402678785488584,13.519850730895996,13.09622857115319,13.519850730895996,2745880,0.0,0.0
2015-10-01,13.55590324433802,13.844327585791552,13.402678613600283,13.655048370361328,2817085,0.0,0.0
2015-10-02,13.447743751023667,14.096696835316049,13.40267813133637,14.060644149780273,2487222,0.0,0.0
2015-10-05,14.14176263122914,14.89887473049319,14.14176263122914,14.844795227050781,3121116,0.0,0.0
2015-10-06,14.889861460757611,15.259405065815738,14.808743151181641,15.115193367004395,1992427,0.0,0.0
2015-10-07,15.250390558796227,15.692039520740007,14.871834983508483,15.30447006225586,2752835,0.0,0.0
2015-10-08,15.268417766553299,15.674013103938757,15.142232887875057,15.601907730102539,2528510,0.0,0.0
2015-10-09,15.737105803172964,15.935397956821621,15.529801663808101,15.646973609924316,1968692,0.0,0.0
2015-10-12,15.646973290614207,15.674013042929971,15.349536964070525,15.49374771118164,791098,0.0,0.0
2015-10-13,15.295457786293584,15.529801678751511,15.124206334277448,15.187298774719238,1292627,0.0,0.0
2015-10-14,15.178285375570796,15.286443434905495,14.583411779046259,14.745650291442871,4112030,0.0,0.0
2015-10-15,12.591486960250117,13.591955897099723,12.49234183447534,13.582942962646484,15218530,0.0,0.0
2015-10-16,13.483797649460866,13.77222008832319,13.168333560825529,13.682087898254395,6316086,0.0,0.0
2015-10-19,13.501823745699346,13.655048376506034,13.177346717266756,13.19537353515625,2828898,0.0,0.0
2015-10-20,13.08721482256513,13.43873161134134,12.952017006580945,13.312546730041504,3034124,0.0,0.0
2015-10-21,13.105241287722345,13.456758067026387,12.870897400806127,13.087214469909668,2690792,0.0,0.0
2015-10-22,13.141294008076741,13.826299801696933,13.087214503429912,13.618995666503906,5270747,0.0,0.0
2015-10-23,13.727154206787917,13.78123276065735,13.330572767810535,13.637022018432617,2718943,0.0,0.0
2015-10-26,13.637022373667333,13.952485515593317,13.57392993506808,13.862353324890137,2809799,0.0,0.0
2015-10-27,13.628008162356808,13.673074731088622,13.114253833676628,13.249452590942383,3080048,0.0,0.0
2015-10-28,13.222412938573925,13.835312394555412,13.222412938573925,13.429718017578125,2907610,0.0,0.0
2015-10-29,13.384651207435637,13.691101404371707,12.888923701247911,13.42070484161377,7289558,0.0,0.0
2015-10-30,13.474783822477875,13.934459606928968,13.195373367846917,13.790246963500977,7867040,0.0,0.0
