date,open,high,low,close,volume,dividends,stock_splits
1990-01-02,1.8578047091151773,1.8979010123807973,1.8578047091151773,1.8845356702804565,159708,0.0,0.0
1990-01-03,1.8845375574245322,1.8979029129087142,1.8444409370422363,1.8444409370422363,121139,0.0,0.0
1990-01-04,1.8444402041190628,1.8578058312570351,1.8177090883255005,1.8177090883255005,76595,0.0,0.0
1990-01-05,1.8177097784309142,1.8310755491256712,1.804344423183462,1.8310755491256714,84743,0.0,0.0
1990-01-08,1.8310755815580542,1.8444409370422363,1.804344455142378,1.8444409370422363,50791,0.0,0.0
1990-01-09,1.8444409370422363,1.8444409370422363,1.81770981062656,1.8444409370422363,130645,0.0,0.0
1990-01-10,1.8444402041190628,1.8578058312570351,1.8177090883255005,1.8177090883255005,272155,0.0,0.0
1990-01-11,1.81770981062656,1.8444409370422363,1.81770981062656,1.8444409370422363,143683,0.0,0.0
1990-01-12,1.8177092928106813,1.8177092928106813,1.7776129608156135,1.7909783124923706,252328,0.0,0.0
1990-01-15,1.7909789966136223,1.8043446303606034,1.777613639831543,1.777613639831543,35310,0.0,0.0
1990-01-16,1.7776122059507518,1.7909775519519011,1.750881236983775,1.7642465829849243,116793,0.0,0.0
1990-01-17,1.7642473321740602,1.7909783124923706,1.7642473321740602,1.7909783124923706,159165,0.0,0.0
1990-01-18,1.7909784845906718,1.7909784845906718,1.7508821487426758,1.7508821487426758,155362,0.0,0.0
1990-01-19,1.750881236983775,1.7909775519519011,1.750881236983775,1.7642465829849243,18741,0.0,0.0
1990-01-22,1.764246582984924,1.7909775519519011,1.764246582984924,1.7642465829849243,141238,0.0,0.0
1990-01-23,1.764246582984924,1.7909775519519011,1.764246582984924,1.7642465829849243,291711,0.0,0.0
1990-01-24,1.7642475017037336,1.7642475017037336,1.724150888890915,1.7508821487426758,242821,0.0,0.0
1990-01-25,1.750881236983775,1.764246582984924,1.750881236983775,1.7642465829849243,365318,0.0,0.0
1990-01-26,1.7642475053497118,1.7642475053497118,1.7375165224075315,1.7375165224075317,195561,0.0,0.0
1990-01-29,1.7375154448533314,1.7642464112177798,1.7241498231887815,1.7241498231887817,98324,0.0,0.0
1990-01-30,1.7241508643267782,1.7508821237976964,1.6840545290500384,1.6974198818206787,215932,0.0,0.0
1990-01-31,1.6974192870571352,1.7241502601968932,1.6974192870571352,1.710784912109375,289810,0.0,0.0
1990-02-01,1.710784478488883,1.7375154448533314,1.710784478488883,1.7241498231887817,725476,0.0,0.0
1990-02-02,1.7241508924540299,1.7508821523610332,1.7241508924540299,1.7375165224075317,798811,0.0,0.0
1990-02-05,1.7375165188167954,1.7642475017037336,1.724150888890915,1.7508821487426758,499766,0.0,0.0
1990-02-06,1.7508821487426758,1.7642475017037336,1.7375165188167954,1.7508821487426758,279489,0.0,0.0
1990-02-07,1.750881236983775,1.764246582984924,1.7241499910521196,1.7642465829849243,142596,0.0,0.0
1990-02-08,1.7642475017037336,1.7909784845906718,1.7508821487426758,1.7508821487426758,330009,0.0,0.0
1990-02-09,1.7508821523610332,1.7642475053497118,1.7375165224075315,1.7375165224075317,77409,0.0,0.0
1990-02-12,1.7375165224075315,1.7642475053497118,1.7375165224075315,1.7375165224075317,26890,0.0,0.0
1990-02-13,1.7375156140179473,1.764246582984924,1.7375156140179473,1.7642465829849243,236846,0.0,0.0
1990-02-14,1.7642475053497118,1.7642475053497118,1.7375165224075315,1.7375165224075317,19556,0.0,0.0
1990-02-15,1.7375170155555013,1.8043446303606034,1.7375170155555013,1.777613639831543,181437,0.0,0.0
1990-02-16,1.777613639831543,1.8043446303606034,1.777613639831543,1.777613639831543,155090,0.0,0.0
1990-02-20,1.777613639831543,1.8043446303606034,1.7642480060845618,1.777613639831543,76051,0.0,0.0
1990-02-21,1.764246582984924,1.764246582984924,1.7241499910521196,1.7642465829849243,20643,0.0,0.0
1990-02-22,1.764246582984924,1.7776122059507518,1.750881236983775,1.7642465829849243,79311,0.0,0.0
1990-02-23,1.764246582984924,1.764246582984924,1.7375156140179473,1.7642465829849243,30964,0.0,0.0
1990-02-26,1.7642475053497118,1.7776131353032134,1.7375165224075315,1.7375165224075317,69533,0.0,0.0
1990-02-27,1.7375165188167954,1.7642475017037336,1.7375165188167954,1.7508821487426758,87731,0.0,0.0
1990-02-28,1.750881236983775,1.764246582984924,1.750881236983775,1.7642465829849243,75237,0.0,0.0
1990-03-01,1.764246582984924,1.764246582984924,1.7375156140179473,1.7642465829849243,107287,0.0,0.0
1990-03-02,1.7642475017037336,1.777613131629614,1.7508821487426758,1.7508821487426758,40470,0.0,0.0
1990-03-05,1.7508821487426758,1.777613131629614,1.7508821487426758,1.7508821487426758,34766,0.0,0.0
1990-03-06,1.7508821487426758,1.777613131629614,1.7508821487426758,1.7508821487426758,27161,0.0,0.0
1990-03-07,1.7642471337031407,1.8578058312570351,1.7642471337031407,1.8177090883255005,182795,0.0,0.0
1990-03-08,1.8177090883255005,1.8444402041190628,1.8177090883255005,1.8177090883255005,41013,0.0,0.0
1990-03-09,1.8426393733827344,1.8561884534559154,1.8290907144546509,1.8290907144546509,102941,0.08468,0.0
1990-03-12,1.829090313463572,1.8561880465242064,1.829090313463572,1.8426389694213867,71706,0.0,0.0
1990-03-13,1.8426393423960572,1.8426393423960572,1.8155417442321775,1.8155417442321777,29877,0.0,0.0
1990-03-14,1.815540912703089,1.8290898459612295,1.788443326950073,1.7884433269500732,133633,0.0,0.0
1990-03-15,1.7884446650791597,1.8155422711068285,1.7884446650791597,1.8019936084747314,64644,0.0,0.0
1990-03-16,1.8019922602082137,1.815540912703089,1.788443326950073,1.7884433269500732,256945,0.0,0.0
1990-03-19,1.7884444193206626,1.7884444193206626,1.7342492147125408,1.7613468170166016,371294,0.0,0.0
1990-03-20,1.7613461103764774,1.7613461103764774,1.7071509275110957,1.7342485189437866,168671,0.0,0.0
1990-03-21,1.7342485189437864,1.7342485189437864,1.7071509275110957,1.7342485189437866,498680,0.0,0.0
1990-03-22,1.7342488449944828,1.7342488449944828,1.7071512484672577,1.7206999063491821,331095,0.0,0.0
1990-03-23,1.7206999063491821,1.7206999063491821,1.6800535115583444,1.7206999063491821,397368,0.0,0.0
1990-03-26,1.7071509275110957,1.74779717427847,1.7071509275110957,1.7342485189437866,192845,0.0,0.0
1990-03-27,1.7206999063491821,1.7342488449944828,1.7206999063491821,1.7206999063491821,130645,0.0,0.0
1990-03-28,1.7206999063491821,1.7477975028764072,1.7206999063491821,1.7206999063491821,202894,0.0,0.0
1990-03-29,1.7206999063491821,1.7477975028764072,1.7206999063491821,1.7206999063491821,35310,0.0,0.0
1990-03-30,1.7207010318396596,1.734249979347169,1.693603277206421,1.693603277206421,220277,0.0,0.0
1990-04-02,1.7071518898010256,1.7071518898010256,1.6800541427121742,1.7071518898010254,642634,0.0,0.0
1990-04-03,1.6800546104624718,1.7207010318396596,1.6800546104624718,1.693603277206421,242821,0.0,0.0
1990-04-04,1.6936028056839882,1.7207005527728396,1.6936028056839882,1.7071518898010254,248525,0.0,0.0
1990-04-05,1.7071518898010256,1.7207005527728396,1.7071518898010256,1.7071518898010254,126571,0.0,0.0
1990-04-06,1.707150809777749,1.7206994641780522,1.6394065551046686,1.666504144668579,605966,0.0,0.0
1990-04-09,1.6936018510314266,1.7342485189437864,1.680053195696743,1.7342485189437866,288995,0.0,0.0
1990-04-10,1.7342488449944828,1.7342488449944828,1.7071512484672577,1.7206999063491821,100496,0.0,0.0
1990-04-11,1.7342488449944828,1.7477975028764072,1.7206999063491821,1.7206999063491821,35581,0.0,0.0
1990-04-12,1.7477967739105225,1.7477967739105225,1.7206991886850775,1.7477967739105225,32593,0.0,0.0
1990-04-16,1.7477975028764072,1.7477975028764072,1.7071512484672577,1.7206999063491821,98595,0.0,0.0
1990-04-17,1.7071523650957103,1.734249979347169,1.693603277206421,1.693603277206421,146670,0.0,0.0
1990-04-18,1.7207005527728396,1.7207005527728396,1.6800541427121742,1.7071518898010254,99138,0.0,0.0
1990-04-19,1.6800546104624718,1.7071523650957103,1.6800546104624718,1.693603277206421,44001,0.0,0.0
1990-04-20,1.6800546104624718,1.693603277206421,1.6665056629549624,1.693603277206421,197734,0.0,0.0
1990-04-23,1.652955490268276,1.6800530798321864,1.6394065551046686,1.666504144668579,338700,0.0,0.0
1990-04-24,1.666504144668579,1.6936017342324894,1.652955490268276,1.666504144668579,143683,0.0,0.0
1990-04-25,1.6800530798321864,1.6800530798321864,1.652955490268276,1.666504144668579,67360,0.0,0.0
1990-04-26,1.652955490268276,1.666504144668579,1.652955490268276,1.666504144668579,144226,0.0,0.0
1990-04-27,1.6665039464441367,1.6665039464441367,1.6529552936553955,1.6529552936553955,43730,0.0,0.0
1990-04-30,1.6529557374598665,1.666504393886306,1.6394068002700806,1.6394068002700806,119238,0.0,0.0
1990-05-01,1.6529552936553955,1.6665039464441367,1.6394063601033833,1.6529552936553955,561965,0.0,0.0
1990-05-02,1.6665039464441367,1.680052879996149,1.6394063601033833,1.6529552936553955,744488,0.0,0.0
1990-05-03,1.6529552936553955,1.680052879996149,1.6529552936553955,1.6529552936553955,197734,0.0,0.0
1990-05-04,1.652955490268276,1.666504144668579,1.6394065551046686,1.666504144668579,18198,0.0,0.0
1990-05-07,1.6394065551046686,1.6800530798321864,1.6394065551046686,1.666504144668579,553274,0.0,0.0
1990-05-08,1.680053949356079,1.680053949356079,1.6529563457676109,1.680053949356079,635572,0.0,0.0
1990-05-09,1.666504144668579,1.6800530798321864,1.652955490268276,1.666504144668579,188499,0.0,0.0
1990-05-10,1.6529563457676109,1.680053949356079,1.6529563457676109,1.680053949356079,37482,0.0,0.0
1990-05-11,1.680052879996149,1.680052879996149,1.6529552936553955,1.6529552936553955,103213,0.0,0.0
1990-05-14,1.6665050071801202,1.7071516933262723,1.6529563457676109,1.680053949356079,271612,0.0,0.0
1990-05-15,1.6800535115583444,1.7206999063491821,1.6800535115583444,1.7206999063491821,433493,0.0,0.0
1990-05-16,1.7207005527728396,1.7207005527728396,1.6936028056839882,1.7071518898010254,188770,0.0,0.0
1990-05-17,1.7342494965081359,1.7342494965081359,1.7071518898010256,1.7071518898010254,178449,0.0,0.0
1990-05-18,1.7071512484672577,1.7206999063491821,1.6800535115583444,1.7206999063491821,219191,0.0,0.0
1990-05-21,1.7071516933262723,1.7071516933262723,1.680053949356079,1.680053949356079,78224,0.0,0.0
1990-05-22,1.7071518898010256,1.7071518898010256,1.6800541427121742,1.7071518898010254,795280,0.0,0.0
1990-05-23,1.6936021694402688,1.7342488449944828,1.6936021694402688,1.7206999063491821,432678,0.0,0.0
1990-05-24,1.7206999063491821,1.7206999063491821,1.7071512484672577,1.7206999063491821,404159,0.0,0.0
1990-05-25,1.7206999063491821,1.7206999063491821,1.6936021694402688,1.7206999063491821,106472,0.0,0.0
1990-05-29,1.7206995828457792,1.7342485189437864,1.7071509275110957,1.7342485189437866,298773,0.0,0.0
1990-05-30,1.7477975515657245,1.774895429611206,1.734248893306368,1.774895429611206,345490,0.0,0.0
1990-05-31,1.774895429611206,1.7884440878705623,1.7613464905884653,1.774895429611206,233043,0.0,0.0
1990-06-01,1.7884446650791597,1.8019936084747314,1.7613470590514908,1.8019936084747314,532631,0.0,0.0
1990-06-04,1.8019927207846063,1.842638969421387,1.7884437840634548,1.8426389694213867,132818,0.0,0.0
1990-06-05,1.8426396916951284,1.88328637740951,1.8290910304265402,1.8561887741088867,738513,0.0,0.0
1990-06-06,1.8697359571322822,1.9103824703291128,1.8561873065754886,1.8968335390090942,387590,0.0,0.0
1990-06-07,1.896835258180991,1.9103842017809178,1.8832865953445435,1.8832865953445435,242550,0.0,0.0
1990-06-08,1.910382032394409,1.9510282555103016,1.896833104180338,1.9103820323944092,369664,0.0,0.0
1990-06-11,1.9081865420582862,1.9493702175556875,1.9081865420582862,1.9219143390655518,81212,0.08468,0.0
1990-06-12,1.935641884803772,1.9493696780114753,1.935641884803772,1.935641884803772,576089,0.0,0.0
1990-06-13,1.9356433639148536,2.0180110395284516,1.9356433639148536,2.0042829513549805,841182,0.0,0.0
1990-06-14,2.004282531008133,2.031738701596848,1.9905547301894588,2.0180106163024902,963136,0.0,0.0
1990-06-15,1.9905554955543556,2.0180113922241283,1.9630995988845827,1.9630995988845825,498408,0.0,0.0
1990-06-18,1.9630982990385577,1.9768260960458235,1.9219143390655518,1.9219143390655518,982421,0.0,0.0
1990-06-19,1.9081860139128393,1.976825548902408,1.9081860139128393,1.935641884803772,341688,0.0,0.0
1990-06-20,1.9630996673608463,1.9768274739366856,1.949371576309204,1.949371576309204,116250,0.0,0.0
1990-06-21,1.9493696780114753,1.9630977556947045,1.9219138071205428,1.935641884803772,351194,0.0,0.0
1990-06-22,1.9493705462474744,1.9768264293670652,1.9493705462474744,1.9768264293670654,87187,0.0,0.0
1990-06-25,1.949371576309204,1.9768274739366856,1.9356437697333648,1.949371576309204,714611,0.0,0.0
1990-06-26,1.9356437697333648,1.9630996673608463,1.9219156786817229,1.949371576309204,351194,0.0,0.0
1990-06-27,1.935641884803772,1.9493696780114753,1.9219138071205428,1.935641884803772,357170,0.0,0.0
1990-06-28,1.9356437697333648,1.949371576309204,1.9219156786817229,1.949371576309204,199092,0.0,0.0
1990-06-29,1.9219143390655518,1.9493702175556875,1.9219143390655518,1.9219143390655518,74693,0.0,0.0
1990-07-02,1.9493715083118,1.9630995988845827,1.921915611642027,1.9630995988845825,168128,0.0,0.0
1990-07-03,1.9630977556947045,1.9630977556947045,1.935641884803772,1.935641884803772,63557,0.0,0.0
1990-07-05,1.9356437697333648,1.949371576309204,1.9219156786817229,1.949371576309204,107830,0.0,0.0
1990-07-06,1.935641884803772,1.9630977556947045,1.935641884803772,1.935641884803772,111089,0.0,0.0
1990-07-09,1.9630996673608463,1.9630996673608463,1.9356437697333648,1.949371576309204,220006,0.0,0.0
1990-07-10,1.935641884803772,1.9630977556947045,1.935641884803772,1.935641884803772,214845,0.0,0.0
1990-07-11,1.935641884803772,1.9630977556947045,1.935641884803772,1.935641884803772,30149,0.0,0.0
1990-07-12,1.935641884803772,1.9630977556947045,1.935641884803772,1.935641884803772,75237,0.0,0.0
1990-07-13,1.9630977556947045,1.9630977556947045,1.935641884803772,1.935641884803772,203981,0.0,0.0
1990-07-16,1.9630995988845827,1.9630995988845827,1.9356437022148099,1.9630995988845825,133090,0.0,0.0
1990-07-17,1.9356437697333648,1.9768274739366856,1.9356437697333648,1.949371576309204,136349,0.0,0.0
1990-07-18,1.9768274739366856,1.9768274739366856,1.9356437697333648,1.949371576309204,72249,0.0,0.0
1990-07-19,1.9493715083118,1.9630995988845827,1.9356437022148099,1.9630995988845825,114892,0.0,0.0
1990-07-20,1.9630977556947045,1.9630977556947045,1.935641884803772,1.935641884803772,49705,0.0,0.0
1990-07-23,1.9219143390655518,1.9630982990385577,1.9219143390655518,1.9219143390655518,245809,0.0,0.0
1990-07-24,1.9493696780114753,1.9493696780114753,1.9219138071205428,1.935641884803772,151831,0.0,0.0
1990-07-25,1.9219156786817229,1.949371576309204,1.9219156786817229,1.949371576309204,104027,0.0,0.0
1990-07-26,1.9219143390655518,1.9493702175556875,1.9219143390655518,1.9219143390655518,44544,0.0,0.0
1990-07-27,1.9219143390655518,1.9493702175556875,1.9219143390655518,1.9219143390655518,32050,0.0,0.0
1990-07-30,1.9219143390655518,1.9493702175556875,1.9219143390655518,1.9219143390655518,54051,0.0,0.0
1990-07-31,1.9219143390655518,1.9493702175556875,1.9219143390655518,1.9219143390655518,98867,0.0,0.0
1990-08-01,1.9081881046295166,1.9356440056026565,1.9081881046295166,1.9081881046295166,188770,0.0,0.0
1990-08-02,1.8944594860076904,1.908187574921295,1.8807316815698443,1.8944594860076904,154004,0.0,0.0
1990-08-03,1.8944588876736197,1.8944588876736197,1.8395469760758743,1.8532750606536865,196919,0.0,0.0
1990-08-06,1.8532747161102032,1.867002513660203,1.8120907545089722,1.8120907545089722,59483,0.0,0.0
1990-08-07,1.839547895348844,1.8532759867869633,1.7983641899861083,1.8258200883865356,162696,0.0,0.0
1990-08-08,1.8120910913959187,1.8532750606536863,1.8120910913959187,1.8532750606536865,104299,0.0,0.0
1990-08-09,1.8395471572875979,1.8395471572875979,1.79836346844854,1.8395471572875977,104842,0.0,0.0
1990-08-10,1.8395466476761202,1.8395466476761202,1.7434509262136526,1.7709068059921265,52693,0.0,0.0
1990-08-13,1.7571801861687644,1.7571801861687644,1.7297242879867554,1.7297242879867554,98595,0.0,0.0
1990-08-14,1.7434520948398557,1.7434520948398557,1.702268247566842,1.7297242879867554,130917,0.0,0.0
1990-08-15,1.7434513568878172,1.7571794424060283,1.7297235558452941,1.7434513568878174,192573,0.0,0.0
1990-08-16,1.7297235558452941,1.7434513568878172,1.7159953280892388,1.7434513568878174,274871,0.0,0.0
1990-08-17,1.7297248611551008,1.7297248611551008,1.6885407157593404,1.7159966230392456,139609,0.0,0.0
1990-08-20,1.7022678852081297,1.7159956891390171,1.6885397968014946,1.7022678852081299,112991,0.0,0.0
1990-08-21,1.674811585206178,1.7022674708606873,1.674811585206178,1.6885393857955933,88002,0.0,0.0
1990-08-22,1.7022674708606873,1.7022674708606873,1.661083500141084,1.6885393857955933,190943,0.0,0.0
1990-08-23,1.6610837818513986,1.6610837818513986,1.6336278915405273,1.6336278915405273,302576,0.0,0.0
1990-08-24,1.661083476087958,1.6748115609542642,1.6336275908310205,1.6473556756973267,75237,0.0,0.0
1990-08-27,1.661083904463972,1.7022678852081297,1.661083904463972,1.7022678852081299,118151,0.0,0.0
1990-08-28,1.6748114668722418,1.7571792602539062,1.6748114668722418,1.7571792602539062,89360,0.0,0.0
1990-08-29,1.770907693236848,1.7846357822418213,1.729723995173449,1.7846357822418213,32050,0.0,0.0
1990-08-30,1.7846348749333567,1.8120907545089722,1.7709067929077411,1.8120907545089722,204252,0.0,0.0
1990-08-31,1.8120907545089722,1.8120907545089722,1.7709067929077411,1.8120907545089722,13309,0.0,0.0
1990-09-04,1.7983638712467944,1.7983638712467944,1.770907693236848,1.7846357822418213,22001,0.0,0.0
1990-09-05,1.7983638048171997,1.8258196973371952,1.784635716319327,1.7983638048171997,44816,0.0,0.0
1990-09-06,1.8120916757760075,1.8120916757760075,1.770907693236848,1.7846357822418213,353639,0.0,0.0
1990-09-07,1.7846348881191723,1.7983629702462183,1.7709068059921265,1.7709068059921265,99953,0.0,0.0
1990-09-10,1.7965325347172942,1.8243860006332397,1.7965325347172942,1.8243860006332397,94521,0.08468,0.0
1990-09-11,1.7965314388275149,1.7965314388275149,1.782605002956805,1.7965314388275146,165412,0.0,0.0
1990-09-12,1.7826057531122703,1.7965321948435,1.7686790227890015,1.7686790227890015,190128,0.0,0.0
1990-09-13,1.7686790227890015,1.7826057531122703,1.7408257064384836,1.7686790227890015,148572,0.0,0.0
1990-09-14,1.7547533094104313,1.7547533094104313,1.7268999814987183,1.7268999814987183,47260,0.0,0.0
1990-09-17,1.7268992647072539,1.7686790227890015,1.7268992647072539,1.7686790227890015,76595,0.0,0.0
1990-09-18,1.7408270835876465,1.7686804219726342,1.726900630839353,1.7408270835876465,72792,0.0,0.0
1990-09-19,1.7408257064384836,1.7965321948435,1.7408257064384836,1.7686790227890015,281118,0.0,0.0
1990-09-20,1.7965327392389951,1.7965327392389951,1.7547531127929685,1.7547531127929688,116250,0.0,0.0
1990-09-21,1.7826062932876952,1.7826062932876952,1.7547531127929685,1.7547531127929688,65187,0.0,0.0
1990-09-24,1.7547525810577718,1.7686790227890015,1.7547525810577718,1.7686790227890015,436752,0.0,0.0
1990-09-25,1.7547525681483391,1.7547525681483391,1.7129725217819216,1.7129725217819214,393566,0.0,0.0
1990-09-26,1.699046241238153,1.726899415728474,1.6851195096969604,1.6851195096969604,90175,0.0,0.0
1990-09-27,1.6851197960446225,1.6990465299523456,1.6572666168212893,1.657266616821289,195561,0.0,0.0
1990-09-28,1.6572666168212893,1.6851197960446225,1.6294134375979559,1.657266616821289,617374,0.0,0.0
1990-10-01,1.6572666168212893,1.6851197960446225,1.6572666168212893,1.657266616821289,471518,0.0,0.0
1990-10-02,1.6990465299523456,1.7129729752679557,1.6572666168212893,1.657266616821289,87459,0.0,0.0
1990-10-03,1.6572663352066397,1.6851195096969604,1.6572663352066397,1.6851195096969604,148029,0.0,0.0
1990-10-04,1.6572659179914597,1.6851190854697713,1.6572659179914597,1.6711926460266113,43730,0.0,0.0
1990-10-05,1.671193066747832,1.726899415728474,1.671193066747832,1.6851195096969604,165683,0.0,0.0
1990-10-08,1.7268999814987183,1.7686797569221688,1.7268999814987183,1.7268999814987183,73335,0.0,0.0
1990-10-09,1.726900630839353,1.7686804219726342,1.726900630839353,1.7408270835876465,115707,0.0,0.0
1990-10-10,1.7408270835876465,1.7547539692243408,1.726900630839353,1.7408270835876465,347120,0.0,0.0
1990-10-11,1.740826233953479,1.7547531127929685,1.740826233953479,1.7547531127929688,143140,0.0,0.0
1990-10-12,1.7408249738648813,1.7965314388275149,1.7408249738648813,1.7965314388275146,245266,0.0,0.0
1990-10-15,1.7965319405309177,1.8940181732177737,1.7686787724192443,1.8940181732177734,180894,0.0,0.0
1990-10-16,1.894019229358007,1.9079461097717283,1.8661660457148819,1.9079461097717285,752094,0.0,0.0
1990-10-17,1.8661655759472864,1.9079456294868908,1.8522391319274905,1.8522391319274902,287909,0.0,0.0
1990-10-18,1.880091733457936,1.8940181732177737,1.8522385653462625,1.8940181732177734,294699,0.0,0.0
1990-10-19,1.8940187525789651,1.8940187525789651,1.8522391319274905,1.8522391319274902,327292,0.0,0.0
1990-10-22,1.8383123993156079,1.880092308559169,1.8383123993156079,1.8522391319274902,124670,0.0,0.0
1990-10-23,1.8383127964488892,1.8383127964488892,1.8104596138000486,1.8104596138000488,174647,0.0,0.0
1990-10-24,1.8104585763096666,1.8104585763096666,1.7826054096221924,1.7826054096221924,123040,0.0,0.0
1990-10-25,1.7826054096221924,1.8104585763096666,1.7547522429347182,1.7826054096221924,76323,0.0,0.0
1990-10-26,1.7547533094104313,1.7547533094104313,1.7268999814987183,1.7268999814987183,86916,0.0,0.0
1990-10-29,1.726900630839353,1.7547539692243408,1.726900630839353,1.7408270835876465,19556,0.0,0.0
1990-10-30,1.726900630839353,1.7547539692243408,1.726900630839353,1.7408270835876465,66545,0.0,0.0
1990-10-31,1.7547539692243408,1.7547539692243408,1.726900630839353,1.7408270835876465,484827,0.0,0.0
1990-11-01,1.7268999814987183,1.7408264290104558,1.712973245394822,1.7268999814987183,343589,0.0,0.0
1990-11-02,1.740826233953479,1.7547531127929685,1.726899788002179,1.7547531127929688,773823,0.0,0.0
1990-11-05,1.7408270835876465,1.7547539692243408,1.7408270835876465,1.7408270835876465,395195,0.0,0.0
1990-11-06,1.7408256936315087,1.7547525681483391,1.7129725217819216,1.7129725217819214,103484,0.0,0.0
1990-11-07,1.7408256936315087,1.7408256936315087,1.6851193499323345,1.7129725217819214,316700,0.0,0.0
1990-11-08,1.685118931350148,1.7129720962810313,1.6711924931806887,1.6990456581115723,391936,0.0,0.0
1990-11-09,1.671194242661645,1.7408270835876465,1.671194242661645,1.7408270835876465,238747,0.0,0.0
1990-11-12,1.7408249738648813,1.8243848877527697,1.7268985379941715,1.7965314388275146,250698,0.0,0.0
1990-11-13,1.8243857828490593,1.8661653995513916,1.810459051553576,1.8661653995513916,356898,0.0,0.0
1990-11-14,1.8522395981893989,1.9079461097717283,1.838312862071757,1.9079461097717285,190672,0.0,0.0
1990-11-15,1.8940183466287754,1.9357983912135472,1.8800919055938718,1.880091905593872,306650,0.0,0.0
1990-11-16,1.880091733457936,1.8940181732177737,1.8522385653462625,1.8940181732177734,82842,0.0,0.0
1990-11-19,1.8661653995513916,1.8940185735502995,1.8661653995513916,1.8661653995513916,65187,0.0,0.0
1990-11-20,1.8522391779570917,1.866165622322971,1.810459267675267,1.8243860006332397,189314,0.0,0.0
1990-11-21,1.8383127964488892,1.8383127964488892,1.8104596138000486,1.8104596138000488,62199,0.0,0.0
1990-11-23,1.8104586239988303,1.838311791419983,1.7965318959922585,1.838311791419983,148843,0.0,0.0
1990-11-26,1.8104586239988303,1.838311791419983,1.8104586239988303,1.838311791419983,61656,0.0,0.0
1990-11-27,1.8383123993156079,1.880092308559169,1.8104592226839293,1.8522391319274902,236574,0.0,0.0
1990-11-28,1.866165175966944,1.9079452205517158,1.866165175966944,1.880091905593872,152646,0.0,0.0
1990-11-29,1.8661650051061003,1.8940181732177737,1.8661650051061003,1.8940181732177734,22544,0.0,0.0
1990-11-30,1.8661650051061003,1.9079450458656084,1.8661650051061003,1.8940181732177734,95064,0.0,0.0
1990-12-03,1.9079450458656084,1.9079450458656084,1.8940181732177737,1.8940181732177734,32593,0.0,0.0
1990-12-04,1.9079465281522767,1.9497261684824563,1.8940196446846242,1.9357997179031372,69261,0.0,0.0
1990-12-05,1.9497252974538655,2.033284829376705,1.9357988530961054,2.005431652069092,243636,0.0,0.0
1990-12-06,2.0472110331058504,2.0472110331058504,1.949724793434143,1.949724793434143,240105,0.0,0.0
1990-12-07,1.9357983526764815,1.9636515227838236,1.921871623326801,1.949724793434143,145856,0.0,0.0
1990-12-10,1.9756919202895422,2.0321401773162178,1.9615800022506682,2.0180282592773438,231957,0.08468,0.0
1990-12-11,2.0180274010769463,2.0180274010769463,1.9756910800933838,1.9756910800933838,101583,0.0,0.0
1990-12-12,1.9756923671025302,2.0180287156649146,1.9756923671025302,2.0039165019989014,90447,0.0,0.0
1990-12-13,2.0180287156649146,2.0180287156649146,1.9756923671025302,2.0039165019989014,55409,0.0,0.0
1990-12-14,1.9615801345909278,2.0039161839993898,1.9051317275381008,1.9474679231643677,96151,0.0,0.0
1990-12-17,1.9192432302063827,1.9192432302063827,1.8769071899814638,1.8910191059112549,117336,0.0,0.0
1990-12-18,1.8769078469573748,1.9615803956985474,1.8769078469573748,1.9615803956985474,119781,0.0,0.0
1990-12-19,1.9474665259030597,2.003914746237815,1.9474665259030597,1.9898028373718262,110274,0.0,0.0
1990-12-20,1.989804130764006,2.0321401773162178,1.9756919202895422,2.0180282592773438,201808,0.0,0.0
1990-12-21,2.0039165019989014,2.032140636895272,2.0039165019989014,2.0039165019989014,185511,0.0,0.0
1990-12-24,2.0039165019989014,2.032140636895272,2.0039165019989014,2.0039165019989014,30692,0.0,0.0
1990-12-26,2.0039165019989014,2.032140636895272,2.0039165019989014,2.0039165019989014,50791,0.0,0.0
1990-12-27,2.0039165019989014,2.032140636895272,1.9898045807685436,2.0039165019989014,75780,0.0,0.0
1990-12-28,1.989804130764006,2.0180282592773438,1.989804130764006,2.0180282592773438,119509,0.0,0.0
1990-12-31,2.0039165019989014,2.032140636895272,2.0039165019989014,2.0039165019989014,41013,0.0,0.0
1991-01-02,2.003914746237815,2.0321388564051928,1.9898028373718262,1.9898028373718262,102941,0.0,0.0
1991-01-03,2.018026947539204,2.018026947539204,1.9898028373718262,1.9898028373718262,23359,0.0,0.0
1991-01-04,1.9898045807685436,2.0180287156649146,1.9756923671025302,2.0039165019989014,56767,0.0,0.0
1991-01-07,2.0039165019989014,2.0039165019989014,1.9756923671025302,2.0039165019989014,118966,0.0,0.0
1991-01-08,1.9756910800933838,2.0039151966039372,1.9756910800933838,1.9756910800933838,96694,0.0,0.0
1991-01-09,2.0039165019989014,2.0039165019989014,1.9756923671025302,2.0039165019989014,61656,0.0,0.0
1991-01-10,1.9756919202895422,2.0462523877906817,1.9756919202895422,2.0180282592773438,236031,0.0,0.0
1991-01-11,2.0180275004792216,2.060363531112671,2.0180275004792216,2.060363531112671,226524,0.0,0.0
1991-01-14,2.018028359179399,2.046252489089966,2.018028359179399,2.046252489089966,144226,0.0,0.0
1991-01-15,2.046252489089966,2.0603644078274472,2.0321402779168802,2.046252489089966,381886,0.0,0.0
1991-01-16,2.032140122502737,2.1168129444122314,2.032140122502737,2.1168129444122314,295514,0.0,0.0
1991-01-17,2.1450370721642718,2.1591489898225014,2.1168129444122314,2.1168129444122314,96965,0.0,0.0
1991-01-18,2.1168129444122314,2.1450370721642718,2.102700588100629,2.1168129444122314,756439,0.0,0.0
1991-01-21,2.1168118687224253,2.145035982131958,2.1168118687224253,2.145035982131958,41285,0.0,0.0
1991-01-22,2.145035982131958,2.1591478926190075,2.1168118687224253,2.145035982131958,378627,0.0,0.0
1991-01-23,2.1591478926190075,2.1732600955414907,2.145035982131958,2.145035982131958,378356,0.0,0.0
1991-01-24,2.1450366474509477,2.229709013942096,2.1450366474509477,2.1873726844787598,580978,0.0,0.0
1991-01-25,2.1873720004521173,2.2297083166762017,2.1873720004521173,2.201484203338623,383788,0.0,0.0
1991-01-28,2.201484203338623,2.2297083166762017,2.201484203338623,2.201484203338623,108916,0.0,0.0
1991-01-29,2.201484511652828,2.3143811270318406,2.201484511652828,2.2720446586608887,362059,0.0,0.0
1991-01-30,2.2720455905283896,2.3284942869143728,2.2720455905283896,2.3143820762634277,534532,0.0,0.0
1991-01-31,2.300269214604418,2.3143811270318406,2.2720446586608887,2.2720446586608887,280847,0.0,0.0
1991-02-01,2.2720464559700564,2.3002710342407227,2.2720464559700564,2.3002710342407227,90990,0.0,0.0
1991-02-04,2.272045020911666,2.356717824935913,2.257933106234265,2.356717824935913,291168,0.0,0.0
1991-02-05,2.3426055597043423,2.4413902759552,2.3426055597043423,2.4413902759552,950914,0.0,0.0
1991-02-06,2.4131658897887984,2.4555019231209627,2.4131658897887984,2.4272778034210205,570114,0.0,0.0
1991-02-07,2.4413902759552,2.455502044064737,2.413166008647345,2.4413902759552,608411,0.0,0.0
1991-02-08,2.4272784403147853,2.4272784403147853,2.4131665229797363,2.4131665229797363,185511,0.0,0.0
1991-02-11,2.4272774409117597,2.4555015563964844,2.413165529387125,2.4555015563964844,162424,0.0,0.0
1991-02-12,2.441389791089577,2.4696139065743012,2.441389791089577,2.4555015563964844,171930,0.0,0.0
1991-02-13,2.441389556363855,2.5119495458562695,2.441389556363855,2.497837781906128,418826,0.0,0.0
1991-02-14,2.497839575676064,2.5401760676712395,2.4696154426363712,2.483727216720581,519594,0.0,0.0
1991-02-15,2.4837263694472864,2.5119504928588867,2.4837263694472864,2.5119504928588867,255315,0.0,0.0
1991-02-19,2.497837781906128,2.5119495458562695,2.4837254330851333,2.497837781906128,280847,0.0,0.0
1991-02-20,2.5260618946772646,2.5260618946772646,2.4837254330851333,2.497837781906128,308823,0.0,0.0
1991-02-21,2.497837661885201,2.526061773300171,2.497837661885201,2.526061773300171,255044,0.0,0.0
1991-02-22,2.497837661885201,2.540174121443069,2.497837661885201,2.526061773300171,146127,0.0,0.0
1991-02-25,2.5542874336242676,2.58251156215423,2.5401756617948767,2.5542874336242676,328922,0.0,0.0
1991-02-26,2.554287208512956,2.5683995639697943,2.540175437927246,2.540175437927246,402801,0.0,0.0
1991-02-27,2.540175437927246,2.5683995639697943,2.540175437927246,2.540175437927246,41013,0.0,0.0
1991-02-28,2.5401756617948767,2.58251156215423,2.5401756617948767,2.5542874336242676,387590,0.0,0.0
1991-03-01,2.5825113345555044,2.5825113345555044,2.540175437927246,2.540175437927246,196919,0.0,0.0
1991-03-04,2.5401756617948767,2.58251156215423,2.5401756617948767,2.5542874336242676,149930,0.0,0.0
1991-03-05,2.5683990617728436,2.6107349501232004,2.5683990617728436,2.596623182296753,347120,0.0,0.0
1991-03-06,2.610734462738037,2.6248468128009335,2.582510347483149,2.610734462738037,450061,0.0,0.0
1991-03-07,2.582510829599291,2.6107349501232004,2.582510829599291,2.596623182296753,161609,0.0,0.0
1991-03-08,2.596623182296753,2.6107349501232004,2.596623182296753,2.596623182296753,99682,0.0,0.0
1991-03-11,2.6240038871765137,2.6382644598633744,2.6240038871765137,2.6240038871765137,154819,0.088361,0.0
1991-03-12,2.624003133800063,2.638263702392578,2.624003133800063,2.638263702392578,104571,0.0,0.0
1991-03-13,2.6240050521447933,2.6240050521447933,2.5954833030700684,2.5954833030700684,162424,0.0,0.0
1991-03-14,2.5954821507644676,2.6382644598633744,2.5954821507644676,2.6240038871765137,103213,0.0,0.0
1991-03-15,2.5954820703057173,2.5954820703057173,2.5526991714947362,2.566960334777832,213215,0.0,0.0
1991-03-18,2.538438811639408,2.566961147233052,2.4813953225291057,2.4956564903259277,123583,0.0,0.0
1991-03-19,2.4528725582264332,2.4956554527920156,2.4528725582264332,2.4813942909240723,164054,0.0,0.0
1991-03-20,2.495655734791333,2.5099163072324178,2.4671339988708496,2.4671339988708496,78496,0.0,0.0
1991-03-21,2.4956554527920156,2.5099160236217113,2.4813942909240723,2.4813942909240723,102669,0.0,0.0
1991-03-22,2.50991678237915,2.50991678237915,2.48139504105928,2.5099167823791504,107287,0.0,0.0
1991-03-25,2.48139504105928,2.50991678237915,2.48139504105928,2.5099167823791504,43458,0.0,0.0
1991-03-26,2.5099154883529233,2.581220100409603,2.5099154883529233,2.5526983737945557,233315,0.0,0.0
1991-03-27,2.566960414352421,2.6240038871765137,2.566960414352421,2.6240038871765137,321589,0.0,0.0
1991-03-28,2.5954822277994465,2.695308012685316,2.5954822277994465,2.6810474395751953,432950,0.0,0.0
1991-04-01,2.6667877445385524,2.7380924224853516,2.6667877445385524,2.7380924224853516,274600,0.0,0.0
1991-04-02,2.6953072547912598,2.7380901441681744,2.6953072547912598,2.6953072547912598,211314,0.0,0.0
1991-04-03,2.709568414929623,2.723828984029811,2.6953072547912598,2.6953072547912598,244179,0.0,0.0
1991-04-04,2.7095697538888786,2.7095697538888786,2.609743356704712,2.609743356704712,398183,0.0,0.0
1991-04-05,2.638263550889818,2.652524709701538,2.55269837113386,2.652524709701538,174375,0.0,0.0
1991-04-08,2.6240045885688392,2.6667869091033936,2.6240045885688392,2.6667869091033936,218104,0.0,0.0
1991-04-09,2.695308653139257,2.7095698206764305,2.6667869091033936,2.6667869091033936,182795,0.0,0.0
1991-04-10,2.666786275426733,2.695308012685316,2.666786275426733,2.6810474395751953,74150,0.0,0.0
1991-04-11,2.6810474395751953,2.723829749943899,2.6810474395751953,2.6810474395751953,98867,0.0,0.0
1991-04-12,2.6953094975095384,2.752353298970845,2.6953094975095384,2.7380924224853516,128201,0.0,0.0
1991-04-15,2.738091410688705,2.8379178047180176,2.738091410688705,2.8379178047180176,604880,0.0,0.0
1991-04-16,2.8093965905696803,2.937744455645946,2.8093965905696803,2.8949618339538574,523125,0.0,0.0
1991-04-17,2.8949618339538574,2.937744455645946,2.8949618339538574,2.8949618339538574,141781,0.0,0.0
1991-04-18,2.894961082893911,2.894961082893911,2.8664393424987793,2.8664393424987793,360701,0.0,0.0
1991-04-19,2.85217838041452,2.8664395471494712,2.823656637983066,2.8379178047180176,216746,0.0,0.0
1991-04-22,2.8236568694739494,2.8236568694739494,2.7808742523193364,2.780874252319336,61656,0.0,0.0
1991-04-23,2.7951348955516124,2.8379178047180176,2.7951348955516124,2.8379178047180176,174375,0.0,0.0
1991-04-24,2.809394888527523,2.8949600800729343,2.809394888527523,2.8806989192962646,242550,0.0,0.0
1991-04-25,2.880699616235236,2.937743386585435,2.880699616235236,2.909221649169922,280304,0.0,0.0
1991-04-26,2.894961153803712,2.9662655065380847,2.894961153803712,2.923482894897461,351466,0.0,0.0
1991-04-29,2.9377436934866084,2.980526304079306,2.8664393424987793,2.8664393424987793,260476,0.0,0.0
1991-04-30,2.837917602103648,2.909221953091477,2.837917602103648,2.8664393424987793,300403,0.0,0.0
1991-05-01,2.866438289258472,2.9520034790039062,2.866438289258472,2.9520034790039062,331367,0.0,0.0
1991-05-02,2.9520046359912104,2.9805263770849595,2.923482894897461,2.923482894897461,89360,0.0,0.0
1991-05-03,2.9234825178776784,2.9520042552931915,2.8949607804621653,2.909221649169922,283291,0.0,0.0
1991-05-06,2.9377437654443357,2.9377437654443357,2.894961153803712,2.923482894897461,114620,0.0,0.0
1991-05-07,2.9092209453305027,2.93774267584564,2.8806989192962646,2.8806989192962646,190943,0.0,0.0
1991-05-08,2.923483581748583,2.923483581748583,2.8807006645372146,2.8949618339538574,617102,0.0,0.0
1991-05-09,2.8949607804621653,2.9234825178776784,2.8949607804621653,2.909221649169922,281662,0.0,0.0
1991-05-10,2.9234825178776784,2.9234825178776784,2.909221649169922,2.909221649169922,230599,0.0,0.0
1991-05-13,2.909221649169922,2.9234825178776784,2.880699616235236,2.909221649169922,254772,0.0,0.0
1991-05-14,2.8806999171771417,2.9234828232890426,2.8521781767820102,2.8664393424987793,174918,0.0,0.0
1991-05-15,2.8664395471494712,2.880700122845974,2.823656637983066,2.8379178047180176,70348,0.0,0.0
1991-05-16,2.8236558851074216,2.866438782866558,2.8236558851074216,2.852177619934082,93163,0.0,0.0
1991-05-17,2.8379170480398974,2.866438782866558,2.8379170480398974,2.852177619934082,139337,0.0,0.0
1991-05-20,2.8664404350840256,2.8664404350840256,2.823657512664795,2.823657512664795,229241,0.0,0.0
1991-05-21,2.8236577283290667,2.8521794817741,2.795135974884033,2.795135974884033,164597,0.0,0.0
1991-05-22,2.795135974884033,2.8236577283290667,2.795135974884033,2.795135974884033,56224,0.0,0.0
1991-05-23,2.795135974884033,2.8236577283290667,2.795135974884033,2.795135974884033,346849,0.0,0.0
1991-05-24,2.795135761398185,2.823657512664795,2.795135761398185,2.823657512664795,43458,0.0,0.0
1991-05-28,2.7951348955516124,2.8664395471494712,2.7951348955516124,2.8379178047180176,331638,0.0,0.0
1991-05-29,2.85217838041452,2.85217838041452,2.8379178047180176,2.8379178047180176,68718,0.0,0.0
1991-05-30,2.85217838041452,2.85217838041452,2.8379178047180176,2.8379178047180176,273785,0.0,0.0
1991-05-31,2.85217838041452,2.85217838041452,2.823656637983066,2.8379178047180176,460382,0.0,0.0
1991-06-03,2.8521783461324057,2.8521783461324057,2.809396028518677,2.8093960285186768,143140,0.0,0.0
1991-06-04,2.809396932550806,2.8379186838174157,2.795135761398185,2.823657512664795,199906,0.0,0.0
1991-06-05,2.809395861708516,2.8664393424987793,2.809395861708516,2.8664393424987793,371294,0.0,0.0
1991-06-06,2.852178916742489,2.9092227078512205,2.852178916742489,2.8949618339538574,215932,0.0,0.0
1991-06-07,2.866440421511976,3.023310348254897,2.852179250426879,3.0090491771698,671968,0.0,0.0
1991-06-10,2.9935044519415293,3.022288105580447,2.950328971483152,2.9791126251220703,386775,0.088361,0.0
1991-06-11,2.9503302574157715,2.993505756692646,2.9503302574157715,2.9503302574157715,152918,0.0,0.0
1991-06-12,2.9503302574157715,2.9791139236003548,2.93593842432348,2.9503302574157715,227882,0.0,0.0
1991-06-13,2.93593842432348,2.964722090508063,2.93593842432348,2.9503302574157715,149115,0.0,0.0
1991-06-14,2.993505756692646,2.993505756692646,2.9503302574157715,2.9503302574157715,95064,0.0,0.0
1991-06-17,2.9503302574157715,2.9791139236003548,2.9503302574157715,2.9503302574157715,101855,0.0,0.0
1991-06-18,2.9791126251220703,2.9791126251220703,2.950328971483152,2.9791126251220703,102941,0.0,0.0
1991-06-19,2.9503292327263826,2.979112888914011,2.9359374046325684,2.9359374046325684,67088,0.0,0.0
1991-06-20,2.9359365992652426,2.9359365992652426,2.8927611268274185,2.9071526527404785,91533,0.0,0.0
1991-06-21,2.9071528477709667,2.9071528477709667,2.8639776706695557,2.8639776706695557,90990,0.0,0.0
1991-06-24,2.8927638440849197,2.8927638440849197,2.7920206821994573,2.8208043575286865,85286,0.0,0.0
1991-06-25,2.79201834002639,2.8208019912095406,2.763234688843239,2.7776265144348145,270797,0.0,0.0
1991-06-26,2.76323830101253,2.820805678632245,2.705670923392815,2.7920219898223877,417468,0.0,0.0
1991-06-27,2.7920206821994573,2.8208043575286865,2.777628844534843,2.8208043575286865,87459,0.0,0.0
1991-06-28,2.777630145417459,2.806413834227316,2.76323830101253,2.7920219898223877,124670,0.0,0.0
1991-07-01,2.7920219898223873,2.820805678632245,2.76323830101253,2.7920219898223877,111089,0.0,0.0
1991-07-02,2.820803173108557,2.835195302963257,2.7920195098652303,2.835195302963257,673055,0.0,0.0
1991-07-03,2.835196493426462,2.835196493426462,2.7920206821994573,2.8208043575286865,254229,0.0,0.0
1991-07-05,2.8495880328579153,2.8495880328579153,2.8208043575286865,2.8208043575286865,253957,0.0,0.0
1991-07-08,2.8208043575286865,2.835196493426462,2.8208043575286865,2.8208043575286865,264550,0.0,0.0
1991-07-09,2.8208033372043695,2.8351954678963085,2.8064115047454834,2.8064115047454834,136349,0.0,0.0
1991-07-10,2.8064115047454834,2.8351954678963085,2.8064115047454834,2.8064115047454834,45088,0.0,0.0
1991-07-11,2.8064125198640717,2.8495880328579153,2.8064125198640717,2.8208043575286865,122497,0.0,0.0
1991-07-12,2.8351954678963085,2.8351954678963085,2.8064115047454834,2.8064115047454834,46989,0.0,0.0
1991-07-15,2.8208034613520807,2.9503302574157715,2.8064116282597893,2.9503302574157715,255044,0.0,0.0
1991-07-16,2.9359369817293284,3.0222879378539025,2.9359369817293284,2.993504285812378,307465,0.0,0.0
1991-07-17,2.9935053751881915,3.051072998453773,2.9935053751881915,3.0222890377044678,171387,0.0,0.0
1991-07-18,3.0078979863936377,3.079857459576434,3.0078979863936377,3.0510737895965576,113805,0.0,0.0
1991-07-19,3.065464599972765,3.0798567297855057,3.022289105233649,3.0366809368133545,171116,0.0,0.0
1991-07-22,3.022288063086905,3.0942471961724505,3.007896236469796,3.0654635429382324,430505,0.0,0.0
1991-07-23,3.1086399457354505,3.1374236047540394,3.094247817993164,3.094247817993164,176005,0.0,0.0
1991-07-24,3.094246407354695,3.1374221744321353,2.9935036467173326,3.0078954696655273,211043,0.0,0.0
1991-07-25,2.9791118337538767,2.9935036567503066,2.9503281877610164,2.9647200107574463,140695,0.0,0.0
1991-07-26,2.9791118337538767,2.9791118337538767,2.9359363647645864,2.9647200107574463,141238,0.0,0.0
1991-07-29,2.9359363647645864,2.9647200107574463,2.9359363647645864,2.9647200107574463,655671,0.0,0.0
1991-07-30,2.9503288077500907,3.00789611183314,2.9503288077500907,2.993504285812378,618732,0.0,0.0
1991-07-31,2.9647217126719148,3.051072998453773,2.9647217126719148,3.0222890377044678,533718,0.0,0.0
1991-08-01,3.0510737895965576,3.079857459576434,3.0222898213835756,3.0510737895965576,509544,0.0,0.0
1991-08-02,3.0510726276982734,3.123031775244745,3.0510726276982734,3.094247817993164,351466,0.0,0.0
1991-08-05,3.123032024597593,3.1374238552559772,3.0942480650478092,3.108640193939209,490260,0.0,0.0
1991-08-06,3.1230301781591514,3.180597466757008,3.1086383560096875,3.166205644607544,474506,0.0,0.0
1991-08-07,3.108640024754395,3.137423684504639,3.0942478966462725,3.1230318546295166,667894,0.0,0.0
1991-08-08,3.123030974246025,3.16620645170021,3.094247024376986,3.137422800064087,192845,0.0,0.0
1991-08-09,3.1374220003086157,3.194989288906472,3.1374220003086157,3.166205644607544,146127,0.0,0.0
1991-08-12,3.194989288906472,3.209381111055936,3.166205644607544,3.166205644607544,47532,0.0,0.0
1991-08-13,3.166208224491421,3.2669510616247606,3.166208224491421,3.209383726119995,191215,0.0,0.0
1991-08-14,3.2237729332054004,3.2237729332054004,3.166205644607544,3.166205644607544,147485,0.0,0.0
1991-08-15,3.166207962369177,3.1805997950539053,3.13742429699972,3.1518161296844482,179807,0.0,0.0
1991-08-16,3.166206885626996,3.166206885626996,3.051072263303371,3.0798559188842773,139337,0.0,0.0
1991-08-19,2.9503306464338857,3.0510737895965576,2.9359388114439473,3.0510737895965576,167313,0.0,0.0
1991-08-20,3.0798563650041504,3.1230318546295166,3.051072705253906,3.1230318546295166,94793,0.0,0.0
1991-08-21,3.1518162212950966,3.238167219913344,3.123032555089014,3.2237753868103027,197190,0.0,0.0
1991-08-22,3.223775689881732,3.2525593587938055,3.194992020969659,3.2381675243377686,139880,0.0,0.0
1991-08-23,3.223775689881732,3.266951193249842,3.2093838554256955,3.2381675243377686,290625,0.0,0.0
1991-08-26,3.2669508861194267,3.2669508861194267,3.2237753868103027,3.2237753868103027,114892,0.0,0.0
1991-08-27,3.2237729332054004,3.2237729332054004,3.166205644607544,3.166205644607544,62742,0.0,0.0
1991-08-28,3.209381111055936,3.209381111055936,3.166205644607544,3.166205644607544,32050,0.0,0.0
1991-08-29,3.209381111055936,3.2237729332054004,3.166205644607544,3.166205644607544,98052,0.0,0.0
1991-08-30,3.1662078572766066,3.1805996894836426,3.1374241928625355,3.1805996894836426,162967,0.0,0.0
1991-09-03,3.1662076873050724,3.19499135017395,3.1662076873050724,3.19499135017395,74965,0.0,0.0
1991-09-04,3.166205644607544,3.194989288906472,3.166205644607544,3.166205644607544,87459,0.0,0.0
1991-09-05,3.1662076873050724,3.209383181608389,3.1662076873050724,3.19499135017395,162696,0.0,0.0
1991-09-06,3.2237753868103027,3.238167219913344,3.2093835537072617,3.2237753868103027,87731,0.0,0.0
1991-09-09,3.251645427478268,3.280677932964847,3.251645427478268,3.2661616802215576,25260,0.088361,0.0
1991-09-10,3.251646324993012,3.2661625817430577,3.2080975547428743,3.22261381149292,343046,0.0,0.0
1991-09-11,3.2226119319154978,3.2226119319154978,3.1935794353485107,3.1935794353485107,77138,0.0,0.0
1991-09-12,3.237128180198991,3.251644428482485,3.1935794353485107,3.1935794353485107,224623,0.0,0.0
1991-09-13,3.237129044044589,3.237129044044589,3.1355152789439447,3.1790640354156494,199906,0.0,0.0
1991-09-16,3.1355161666870117,3.179064935488462,3.1355161666870117,3.1355161666870117,101311,0.0,0.0
1991-09-17,3.106483183909441,3.1355156920489513,3.077450675769931,3.0919666290283203,633399,0.0,0.0
1991-09-18,3.077451337070721,3.091967293448384,3.0484185218811035,3.0484185218811035,84471,0.0,0.0
1991-09-19,3.077450401883339,3.1209988594055176,3.0484175955163213,3.1209988594055176,579077,0.0,0.0
1991-09-20,3.135516500898346,3.1500327587127686,3.1209999422724803,3.1500327587127686,118423,0.0,0.0
1991-09-23,3.1645469387815237,3.208095683632004,3.1355144422145367,3.1935794353485107,95607,0.0,0.0
1991-09-24,3.1935812979928286,3.2226138114929204,3.1935812979928286,3.22261381149292,25532,0.0,0.0
1991-09-25,3.2080971781707355,3.2371296882629395,3.193580923124633,3.2371296882629395,85286,0.0,0.0
1991-09-26,3.2371274128418905,3.251643657684326,3.2080949231570197,3.251643657684326,154547,0.0,0.0
1991-09-27,3.2371296882629395,3.266162198355144,3.2371296882629395,3.2371296882629395,70348,0.0,0.0
1991-09-30,3.222611487106595,3.2951927185058594,3.222611487106595,3.2951927185058594,167041,0.0,0.0
1991-10-01,3.29519315551001,3.411323441961082,3.2806769073050317,3.3968071937561035,500581,0.0,0.0
1991-10-02,3.425839502196974,3.425839502196974,3.3387420177459717,3.3387420177459717,200721,0.0,0.0
1991-10-03,3.3532596010333022,3.3532596010333022,3.2951942874558875,3.3242270946502686,222722,0.0,0.0
1991-10-04,3.2951927185058594,3.324225511876769,3.2951927185058594,3.2951927185058594,53508,0.0,0.0
1991-10-07,3.2951941857081364,3.3097107392627643,3.266161680221557,3.2661616802215576,154547,0.0,0.0
1991-10-08,3.2516459433090414,3.280678453401246,3.2371296882629395,3.2371296882629395,117880,0.0,0.0
1991-10-09,3.237128180198991,3.251644428482485,3.1935794353485107,3.1935794353485107,283563,0.0,0.0
1991-10-10,3.1935801851922094,3.1935801851922094,3.106482675040996,3.1645476818084717,197462,0.0,0.0
1991-10-11,3.1935815321560357,3.1935815321560357,3.1209999422724803,3.1500327587127686,87459,0.0,0.0
1991-10-14,3.1209999422724803,3.1500327587127686,3.106483985269501,3.1500327587127686,99953,0.0,0.0
1991-10-15,3.135513698944843,3.2661599025267614,3.135513698944843,3.251643657684326,347935,0.0,0.0
1991-10-16,3.2516455278813368,3.3242270946502686,3.2516455278813368,3.3242270946502686,164325,0.0,0.0
1991-10-17,3.280677932964847,3.2951941857081364,3.266161680221557,3.2661616802215576,49433,0.0,0.0
1991-10-18,3.266160225946154,3.2951927185058594,3.266160225946154,3.2951927185058594,180079,0.0,0.0
1991-10-21,3.2951941857081364,3.2951941857081364,3.266161680221557,3.2661616802215576,66002,0.0,0.0
1991-10-22,3.280676147369197,3.2951923922116326,3.251643657684326,3.251643657684326,187956,0.0,0.0
1991-10-23,3.251645427478268,3.3968082557225014,3.2226129219916886,3.2661616802215576,328107,0.0,0.0
1991-10-24,3.2226138114929204,3.2661625817430577,3.2226138114929204,3.22261381149292,130374,0.0,0.0
1991-10-25,3.251646324993012,3.251646324993012,3.2226138114929204,3.22261381149292,191486,0.0,0.0
1991-10-28,3.237128180198991,3.237128180198991,3.1935794353485107,3.1935794353485107,89089,0.0,0.0
1991-10-29,3.193581438913727,3.222613953694916,3.193581438913727,3.2080976963043213,42371,0.0,0.0
1991-10-30,3.222613953694916,3.222613953694916,3.193581438913727,3.2080976963043213,131732,0.0,0.0
1991-10-31,3.2226129219916886,3.266161680221557,3.208096669248399,3.2661616802215576,194474,0.0,0.0
1991-11-01,3.2806784073838955,3.309711217880249,3.251645897698924,3.309711217880249,147214,0.0,0.0
1991-11-04,3.3242270946502686,3.3242270946502686,3.2951942874558875,3.3242270946502686,43730,0.0,0.0
1991-11-05,3.3097103012928053,3.3822915554046635,3.3097103012928053,3.382291555404663,111361,0.0,0.0
1991-11-06,3.353259325027466,3.382291829020842,3.353259325027466,3.353259325027466,87187,0.0,0.0
1991-11-07,3.3532613253272947,3.382293846639258,3.3532613253272947,3.3677775859832764,174918,0.0,0.0
1991-11-08,3.35325905375992,3.396807806227035,3.35325905375992,3.382291555404663,114077,0.0,0.0
1991-11-11,3.367775304582292,3.396807806227035,3.367775304582292,3.382291555404663,32050,0.0,0.0
1991-11-12,3.4113240570494066,3.4113240570494066,3.35325905375992,3.382291555404663,49433,0.0,0.0
1991-11-13,3.3532596010333022,3.3677758542248193,3.3242270946502686,3.3242270946502686,96965,0.0,0.0
1991-11-14,3.3387433478417856,3.3387433478417856,3.309710841458752,3.3242270946502686,53508,0.0,0.0
1991-11-15,3.3097089378652425,3.3097089378652425,3.2371274128418905,3.251643657684326,130917,0.0,0.0
1991-11-18,3.2226134332168375,3.2371296882629395,3.193580923124633,3.2371296882629395,35853,0.0,0.0
1991-11-19,3.1935801851922094,3.222612688575947,3.135515178424734,3.1645476818084717,218919,0.0,0.0
1991-11-20,3.1790651815231326,3.2080976963043213,3.1790651815231326,3.2080976963043213,68446,0.0,0.0
1991-11-21,3.2226138114929204,3.251646324993012,3.2226138114929204,3.22261381149292,110546,0.0,0.0
1991-11-22,3.2226111679994554,3.251643657684326,3.2226111679994554,3.251643657684326,79039,0.0,0.0
1991-11-25,3.2226138114929204,3.251646324993012,3.2080975547428743,3.22261381149292,84743,0.0,0.0
1991-11-26,3.2516464684761046,3.2516464684761046,3.193581438913727,3.2080976963043213,75237,0.0,0.0
1991-11-27,3.179063187065017,3.2226119319154978,3.179063187065017,3.1935794353485107,70348,0.0,0.0
1991-11-29,3.1790639335003408,3.2080964368840785,3.1645476818084717,3.1645476818084717,16297,0.0,0.0
1991-12-02,3.1645469387815237,3.208095683632004,3.1355144422145367,3.1935794353485107,68446,0.0,0.0
1991-12-03,3.2226129219916886,3.266161680221557,3.17906416376182,3.2661616802215576,172745,0.0,0.0
1991-12-04,3.29519548438596,3.3097120436617455,3.2661629674573023,3.280679225921631,19828,0.0,0.0
1991-12-05,3.3097107392627643,3.3097107392627643,3.266161680221557,3.2661616802215576,77409,0.0,0.0
1991-12-06,3.266161781072854,3.3387433478417856,3.266161781072854,3.3242270946502686,116250,0.0,0.0
1991-12-09,3.3669739275762978,3.396251916885376,3.33769593826722,3.396251916885376,67088,0.088361,0.0
1991-12-10,3.3816132545471196,3.396252250640255,3.366974258453984,3.381613254547119,28248,0.0,0.0
1991-12-11,3.3669737315800927,3.3669737315800927,3.35233473777771,3.35233473777771,28248,0.0,0.0
1991-12-12,3.352334352302805,3.366973344421894,3.3084170725907476,3.337695360183716,174647,0.0,0.0
1991-12-13,3.3084160413592807,3.337694319826226,3.293777053803156,3.3230550289154053,127114,0.0,0.0
1991-12-16,3.3230577503075582,3.3376970532071213,3.3084187507629395,3.3084187507629395,48347,0.0,0.0
1991-12-17,3.337694978934485,3.337694978934485,3.279138713791946,3.2937777042388916,124127,0.0,0.0
1991-12-18,3.293777075880565,3.293777075880565,3.2352211252635796,3.2791380882263184,116793,0.0,0.0
1991-12-19,3.2498620982210746,3.2791400914151554,3.2352231016240345,3.2645010948181152,203709,0.0,0.0
1991-12-20,3.235223753039846,3.3084187507629395,3.235223753039846,3.3084187507629395,106200,0.0,0.0
1991-12-23,3.3084170725907476,3.3376953601837163,3.2937780804716588,3.337695360183716,365861,0.0,0.0
1991-12-24,3.323056640257838,3.410890911539915,3.323056640257838,3.396251916885376,220549,0.0,0.0
1991-12-26,3.3816123563949803,3.410890340805054,3.3816123563949803,3.4108903408050537,43458,0.0,0.0
1991-12-27,3.4255299061944537,3.4255299061944537,3.3816129222308366,3.396251916885376,62471,0.0,0.0
1991-12-30,3.381613954801519,3.484086948673265,3.381613954801519,3.4548089504241943,256673,0.0,0.0
1991-12-31,3.4840851656143244,3.4987244606018066,3.4548071823489206,3.4987244606018066,224352,0.0,0.0
1992-01-02,3.4548089504241943,3.4987262511527355,3.4548089504241943,3.4548089504241943,116793,0.0,0.0
1992-01-03,3.4548071823489206,3.4987244606018066,3.4548071823489206,3.4987244606018066,131460,0.0,0.0
1992-01-06,3.498723898807488,3.498723898807488,3.469445616888553,3.4840846061706543,264278,0.0,0.0
1992-01-07,3.4694479495487296,3.484086948673265,3.4255309521751243,3.4548089504241943,200721,0.0,0.0
1992-01-08,3.4255309521751243,3.4548089504241943,3.4255309521751243,3.4548089504241943,161881,0.0,0.0
1992-01-09,3.454806627606451,3.513362584734858,3.454806627606451,3.4840846061706543,407418,0.0,0.0
1992-01-10,3.4840851656143244,3.542641132145132,3.4840851656143244,3.4987244606018066,190672,0.0,0.0
1992-01-13,3.5280020833555397,3.55728006362915,3.4987241030819294,3.5572800636291504,152374,0.0,0.0
1992-01-14,3.5280008040121693,3.6158347129821773,3.5280008040121693,3.6158347129821777,181980,0.0,0.0
1992-01-15,3.601196375766567,3.6304743506883725,3.586557388305664,3.586557388305664,277859,0.0,0.0
1992-01-16,3.5865580439027607,3.630475014313176,3.5426407701375955,3.5572800636291504,132818,0.0,0.0
1992-01-17,3.557279480890645,3.5719181652746532,3.3816113246714488,3.4255282878875732,409863,0.0,0.0
1992-01-20,3.425528637832459,3.425528637832459,3.220582485198974,3.2205824851989746,341688,0.0,0.0
1992-01-21,3.2498597595670424,3.2498597595670424,3.1473865537743286,3.1766648292541504,928641,0.0,0.0
1992-01-22,3.1766655174963843,3.220582485198974,3.132748549793794,3.2205824851989746,217561,0.0,0.0
1992-01-23,3.2352205862416725,3.2791375418873825,3.220581601026436,3.249859571456909,572286,0.0,0.0
1992-01-24,3.264499723345,3.3230556851327835,3.2352217424511087,3.2937777042388916,316971,0.0,0.0
1992-01-27,3.2937777042388916,3.3230556851327835,3.2937777042388916,3.2937777042388916,293613,0.0,0.0
1992-01-28,3.3084179707265697,3.396252250640255,3.3084179707265697,3.381613254547119,170572,0.0,0.0
1992-01-29,3.3523352623608487,3.41089124673339,3.3523352623608487,3.381613254547119,117608,0.0,0.0
1992-01-30,3.396251916885376,3.410890911539915,3.3669739275762978,3.396251916885376,298230,0.0,0.0
1992-01-31,3.4108894110861496,3.4108894110861496,3.366972446441651,3.3669724464416504,93163,0.0,0.0
1992-02-03,3.396251348600017,3.410890340805054,3.3669733641899433,3.4108903408050537,78767,0.0,0.0
1992-02-04,3.396251348600017,3.410890340805054,3.3816123563949803,3.4108903408050537,65458,0.0,0.0
1992-02-05,3.410891953050589,3.484086948673265,3.381613954801519,3.4548089504241943,153189,0.0,0.0
1992-02-06,3.4548062409330025,3.4987235072186724,3.4401672532893453,3.46944522857666,117880,0.0,0.0
1992-02-07,3.440167638324349,3.4840846061706547,3.440167638324349,3.4840846061706543,44544,0.0,0.0
1992-02-10,3.4548068943123567,3.484084875136776,3.440167903900147,3.4401679039001465,79311,0.0,0.0
1992-02-11,3.4840842162203174,3.4840842162203174,3.4401672532893453,3.46944522857666,48347,0.0,0.0
1992-02-12,3.4694458847245664,3.4694458847245664,3.410889923075727,3.4401679039001465,65730,0.0,0.0
1992-02-13,3.4401672532893453,3.46944522857666,3.4401672532893453,3.46944522857666,282476,0.0,0.0
1992-02-14,3.396251348600017,3.4255293330100907,3.3816123563949803,3.4108903408050537,94249,0.0,0.0
1992-02-18,3.3376937861029767,3.3669717565334505,3.249859571456909,3.249859571456909,415838,0.0,0.0
1992-02-19,3.205943194706736,3.2644991461411013,3.1766652189895535,3.1913042068481445,853405,0.0,0.0
1992-02-20,3.1913041623008414,3.2791380882263184,3.1913041623008414,3.2791380882263184,1213291,0.0,0.0
1992-02-21,3.264501094818115,3.3084180846092357,3.2498620982210746,3.2645010948181152,213759,0.0,0.0
1992-02-24,3.264498556672146,3.264498556672146,3.205942615811199,3.249859571456909,154819,0.0,0.0
1992-02-25,3.2205817874418856,3.2498597595670424,3.1766648292541504,3.1766648292541504,262377,0.0,0.0
1992-02-26,3.1913051250006665,3.2498610932818415,3.1913051250006665,3.235222101211548,265365,0.0,0.0
1992-02-27,3.2498620982210746,3.264501094818115,3.2352231016240345,3.2645010948181152,128201,0.0,0.0
1992-02-28,3.235221474433171,3.2644994529015645,3.220582485198974,3.2205824851989746,132818,0.0,0.0
1992-03-02,3.220581601026436,3.264498556672146,3.220581601026436,3.249859571456909,120053,0.0,0.0
1992-03-03,3.264501094818115,3.264501094818115,3.2352231016240345,3.2645010948181152,98052,0.0,0.0
1992-03-04,3.2644994529015645,3.2644994529015645,3.2059434959647777,3.2205824851989746,293884,0.0,0.0
1992-03-05,3.191303815316729,3.235220773504464,3.1766648292541504,3.1766648292541504,187684,0.0,0.0
1992-03-06,3.191303815316729,3.205942801379307,3.1766648292541504,3.1766648292541504,264278,0.0,0.0
1992-03-09,3.2357660778788553,3.2357660778788553,3.176665110897615,3.1914405822753906,62742,0.092043,0.0
1992-03-10,3.1914411931988953,3.1914411931988953,3.088014710815715,3.102789878845215,702932,0.0,0.0
1992-03-11,3.102790470847741,3.161891460418701,3.102790470847741,3.161891460418701,759156,0.0,0.0
1992-03-12,3.161891007092381,3.161891007092381,3.1175651947250524,3.132340669631958,909629,0.0,0.0
1992-03-13,3.147114780495305,3.1914405822753906,3.1323399214707712,3.1914405822753906,274328,0.0,0.0
1992-03-16,3.191440910663237,3.2357664108276367,3.1618905772203036,3.2357664108276367,561150,0.0,0.0
1992-03-17,3.250541539086891,3.3096422052734455,3.2209912059936134,3.2948670387268066,738785,0.0,0.0
1992-03-18,3.309643135650606,3.3391934770508103,3.280092794250402,3.324418306350708,502211,0.0,0.0
1992-03-19,3.3096422052734455,3.3244173718200845,3.294867038726807,3.2948670387268066,466086,0.0,0.0
1992-03-20,3.324416060083785,3.324416060083785,3.250540256500244,3.250540256500244,1037829,0.0,0.0
1992-03-23,3.2505424295058543,3.2800927706938374,3.1914417471298884,3.220992088317871,196375,0.0,0.0
1992-03-24,3.206216335296631,3.2209915032066303,3.191441167386632,3.206216335296631,192573,0.0,0.0
1992-03-25,3.220991800699882,3.280092477798462,3.206216631425237,3.280092477798462,241191,0.0,0.0
1992-03-26,3.2800912584758994,3.3391919136047363,3.2653160946936906,3.3391919136047363,443542,0.0,0.0
1992-03-27,3.3539689688204235,3.4130699634552,3.3244186245914173,3.4130699634552,142868,0.0,0.0
1992-03-30,3.383519619226194,3.442620307684206,3.383519619226194,3.4130699634552,401714,0.0,0.0
1992-03-31,3.3982927799224854,3.4426182700301453,3.3982927799224854,3.3982927799224854,90447,0.0,0.0
1992-04-01,3.383519015943293,3.442619693863629,3.383519015943293,3.427844524383545,205882,0.0,0.0
1992-04-02,3.442620307684206,3.442620307684206,3.398294791340697,3.4130699634552,669524,0.0,0.0
1992-04-03,3.4130679432917055,3.4426182700301453,3.368742453184046,3.3982927799224854,269982,0.0,0.0
1992-04-06,3.398294185423377,3.442619693863629,3.398294185423377,3.427844524383545,171659,0.0,0.0
1992-04-07,3.442620307684206,3.442620307684206,3.398294791340697,3.4130699634552,414208,0.0,0.0
1992-04-08,3.3835165063445096,3.3835165063445096,3.3096404075622563,3.309640407562256,175733,0.0,0.0
1992-04-09,3.309642638027415,3.3539681434631348,3.265317132591696,3.3539681434631348,252871,0.0,0.0
1992-04-10,3.339191820269023,3.4130679432917055,3.2800911667921433,3.3982927799224854,199363,0.0,0.0
1992-04-13,3.413069697063617,3.442620038986206,3.3835193551410283,3.442620038986206,111361,0.0,0.0
1992-04-14,3.457393383103699,3.516494035720825,3.4278430567951363,3.516494035720825,117608,0.0,0.0
1992-04-15,3.5164945068947726,3.6199209690093994,3.5017193417607717,3.6199209690093994,372108,0.0,0.0
1992-04-16,3.605145497698779,3.723347431124026,3.590370638741397,3.6199209690093994,243908,0.0,0.0
1992-04-20,3.619922679235007,3.619922679235007,3.4130699634552,3.4130699634552,409319,0.0,0.0
1992-04-21,3.442620038986206,3.442620038986206,3.413069697063617,3.442620038986206,346034,0.0,0.0
1992-04-22,3.457395479798709,3.457395479798709,3.4130699634552,3.4130699634552,95336,0.0,0.0
1992-04-23,3.442619693863629,3.442619693863629,3.427844524383545,3.427844524383545,76323,0.0,0.0
1992-04-24,3.442620038986206,3.442620038986206,3.413069697063617,3.442620038986206,22001,0.0,0.0
1992-04-27,3.442620038986206,3.442620038986206,3.413069697063617,3.442620038986206,162967,0.0,0.0
1992-04-28,3.413069697063617,3.442620038986206,3.413069697063617,3.442620038986206,82298,0.0,0.0
1992-04-29,3.472169934865677,3.5460457801818848,3.4426195967391937,3.5460457801818848,217018,0.0,0.0
1992-04-30,3.5755951674307767,3.6790216295454035,3.5608203084733954,3.6199209690093994,219462,0.0,0.0
1992-05-01,3.619920700327193,3.634695864364534,3.575594902038574,3.575594902038574,96965,0.0,0.0
1992-05-04,3.5755951674307767,3.6346961341434003,3.5755951674307767,3.6199209690093994,129016,0.0,0.0
1992-05-05,3.6199209690093994,3.649471299277401,3.6199209690093994,3.6199209690093994,209413,0.0,0.0
1992-05-06,3.649471868541514,3.6642470359802246,3.619921533664093,3.6642470359802246,823528,0.0,0.0
1992-05-07,3.6494710284018743,3.6790213564765555,3.560820044177831,3.575594902038574,385146,0.0,0.0
1992-05-08,3.605145230113256,3.605145230113256,3.560820044177831,3.575594902038574,346034,0.0,0.0
1992-05-11,3.605146979060398,3.605146979060398,3.5460462942398125,3.560821771621704,305835,0.0,0.0
1992-05-12,3.546045344436104,3.5903711523556776,3.4721695081979203,3.4869446754455566,234944,0.0,0.0
1992-05-13,3.4573952099475007,3.4869455518700896,3.3687441841797336,3.442620038986206,336256,0.0,0.0
1992-05-14,3.501719732829631,3.5164948996137086,3.442619065693318,3.4721693992614746,474506,0.0,0.0
1992-05-15,3.4721690596286834,3.5460448863228553,3.4278435636121802,3.5312700271606445,258846,0.0,0.0
1992-05-18,3.5460434404289845,3.59036922454834,3.516493121800414,3.59036922454834,153732,0.0,0.0
1992-05-19,3.605145492215353,3.7233474254608154,3.590370633280444,3.7233474254608154,299316,0.0,0.0
1992-05-20,3.7233485534895214,3.767673756076286,3.708573077724984,3.7381234169006348,348750,0.0,0.0
1992-05-21,3.752898892665172,3.752898892665172,3.708573077724984,3.7381234169006348,141238,0.0,0.0
1992-05-22,3.7381212794627716,3.7381212794627716,3.7085709571838383,3.708570957183838,173017,0.0,0.0
1992-05-26,3.738122873173777,3.738122873173777,3.6642470359802246,3.6642470359802246,225438,0.0,0.0
1992-05-27,3.664247724753511,3.693798065185547,3.649472554537493,3.693798065185547,110274,0.0,0.0
1992-05-28,3.6642454737654377,3.7085709571838383,3.6642454737654377,3.708570957183838,159708,0.0,0.0
1992-05-29,3.6790229836884976,3.797224348267046,3.6790229836884976,3.78244948387146,272698,0.0,0.0
1992-06-01,3.7528991427268226,3.811999825016097,3.7233488015821856,3.78244948387146,337885,0.0,0.0
1992-06-02,3.8267722518749068,3.90064836385641,3.811997396890451,3.871098041534424,133633,0.0,0.0
1992-06-03,3.871098041534424,3.871098041534424,3.8415477192124374,3.871098041534424,662190,0.0,0.0
1992-06-04,3.8710990109814896,3.8710990109814896,3.826773210221374,3.8415486812591553,283563,0.0,0.0
1992-06-05,3.8563238461203224,3.8563238461203224,3.7824480218144862,3.8415486812591553,472333,0.0,0.0
1992-06-08,3.826773166656494,3.841548637526068,3.8119983081401414,3.826773166656494,237932,0.0,0.0
1992-06-09,3.826772212982178,3.871442949466496,3.8118823788997087,3.8267722129821777,501939,0.092043,0.0
1992-06-10,3.8565524982655717,3.8565524982655717,3.826772212982178,3.8267722129821777,72249,0.0,0.0
1992-06-11,3.841662664183102,3.8565524982655717,3.826772212982178,3.8267722129821777,393294,0.0,0.0
1992-06-12,3.8267715887649505,3.886332458175486,3.8267715887649505,3.8714423179626465,320774,0.0,0.0
1992-06-15,3.8565518691906293,3.916113047160342,3.8565518691906293,3.8714423179626465,207783,0.0,0.0
1992-06-16,3.901225763637308,3.91611622449066,3.8714454590494594,3.886335611343384,62742,0.0,0.0
1992-06-17,3.886335002573022,3.9012251525344963,3.826774094167745,3.8416645526885986,155090,0.0,0.0
1992-06-18,3.8118855538217105,3.8267754003059427,3.662983694825058,3.6778738498687744,336799,0.0,0.0
1992-06-19,3.7076500180423695,3.7225401564519194,3.6629796028137207,3.6629796028137207,278674,0.0,0.0
1992-06-22,3.6332016329680528,3.6629822397852747,3.543860738194473,3.588531494140625,663820,0.0,0.0
1992-06-23,3.603421334710193,3.618311792398485,3.573641036452333,3.588531494140625,140967,0.0,0.0
1992-06-24,3.588531494140625,3.618311792398485,3.588531494140625,3.588531494140625,250698,0.0,0.0
1992-06-25,3.6034187406163825,3.69275987963282,3.6034187406163825,3.6629796028137207,838466,0.0,0.0
1992-06-26,3.662983694825058,3.6927640049124917,3.662983694825058,3.6778738498687744,90175,0.0,0.0
1992-06-29,3.662982787423471,3.707653241488765,3.662982787423471,3.692763090133667,209684,0.0,0.0
1992-06-30,3.737433755436352,3.782104520585818,3.692763298846312,3.767214059829712,486457,0.0,0.0
1992-07-01,3.7821043386862567,3.8267744845684697,3.767213878646305,3.811884641647339,250969,0.0,0.0
1992-07-02,3.8416638896610205,3.8565537284932985,3.7374325493604665,3.7821033000946045,438110,0.0,0.0
1992-07-06,3.7523224353790283,3.7523224353790283,3.7374319816897783,3.7523224353790283,375368,0.0,0.0
1992-07-07,3.7821043386862567,3.886335399050045,3.7821043386862567,3.811884641647339,269167,0.0,0.0
1992-07-08,3.7821043386862567,3.8118846416473393,3.7821043386862567,3.811884641647339,89632,0.0,0.0
1992-07-09,3.7821028095473745,3.9458947181701656,3.7821028095473745,3.945894718170166,406875,0.0,0.0
1992-07-10,3.9012239732299236,3.975675009090803,3.9012239732299236,3.945894718170166,262377,0.0,0.0
1992-07-13,3.9905647040012333,3.9905647040012333,3.945894577768997,3.975674867630005,419097,0.0,0.0
1992-07-14,4.005455157491012,4.005455157491012,3.945894577768997,3.975674867630005,262377,0.0,0.0
1992-07-15,3.975675009090803,3.975675009090803,3.9161144272495285,3.945894718170166,171116,0.0,0.0
1992-07-16,3.9310035705566406,3.9310035705566406,3.886333142057422,3.9310035705566406,177906,0.0,0.0
1992-07-17,3.916113736282799,3.9310035705566406,3.886333142057422,3.9310035705566406,189585,0.0,0.0
1992-07-20,3.8714436823092866,3.9458947181701656,3.8714436823092866,3.945894718170166,550014,0.0,0.0
1992-07-21,3.9607845550711986,3.9607845550711986,3.9012239732299236,3.945894718170166,129016,0.0,0.0
1992-07-22,3.901225267974874,3.9161157269363485,3.8267742074050566,3.8565545082092285,290625,0.0,0.0
1992-07-23,3.8267746936082587,3.886335611343384,3.8267746936082587,3.886335611343384,124670,0.0,0.0
1992-07-24,3.856555011145831,3.9161162376403813,3.856555011145831,3.916116237640381,87459,0.0,0.0
1992-07-27,3.9012239732299236,3.9607845550711986,3.8714436823092866,3.945894718170166,391393,0.0,0.0
1992-07-28,3.931005735342485,4.020346641540527,3.931005735342485,4.020346641540527,862911,0.0,0.0
1992-07-29,4.005453695465838,4.035233974456787,4.005453695465838,4.035233974456787,346034,0.0,0.0
1992-07-30,4.020345499319637,4.035235954681516,3.945895073866123,3.960784912109375,363145,0.0,0.0
1992-07-31,3.960784912109375,3.975675367471254,3.945895073866123,3.960784912109375,105114,0.0,0.0
1992-08-03,3.9607863861127224,3.9607863861127224,3.9161162376403813,3.916116237640381,87459,0.0,0.0
1992-08-04,3.931004428518385,3.931004428518385,3.901224136352539,3.901224136352539,42643,0.0,0.0
1992-08-05,3.9310060682251566,3.9310060682251566,3.886335611343384,3.886335611343384,36396,0.0,0.0
1992-08-06,3.8714448526115475,3.8714448526115475,3.8416645526885986,3.8416645526885986,58668,0.0,0.0
1992-08-07,3.841662664183102,3.871442949466496,3.7969919276987842,3.8267722129821777,99953,0.0,0.0
1992-08-10,3.8118835948778127,3.8118835948778127,3.7821033000946045,3.7821033000946045,43458,0.0,0.0
1992-08-11,3.8118846416473393,3.8118846416473393,3.7821043386862567,3.811884641647339,94793,0.0,0.0
1992-08-12,3.7821043386862567,3.8416649446084215,3.7821043386862567,3.811884641647339,99682,0.0,0.0
1992-08-13,3.811884824979178,3.841665129372538,3.722543603239672,3.767214059829712,189857,0.0,0.0
1992-08-14,3.7225434242046815,3.8267744845684697,3.7225434242046815,3.811884641647339,359614,0.0,0.0
1992-08-17,3.8267742074050566,3.8714449671707025,3.8267742074050566,3.8565545082092285,272155,0.0,0.0
1992-08-18,3.841663306158855,3.856553142729547,3.7523224353790283,3.7523224353790283,257217,0.0,0.0
1992-08-19,3.7969943642230723,3.7969943642230723,3.722543603239672,3.767214059829712,142868,0.0,0.0
1992-08-20,3.722543603239672,3.7672140598297124,3.722543603239672,3.767214059829712,93435,0.0,0.0
1992-08-21,3.7523221781722436,3.7969923019409184,3.7523221781722436,3.796992301940918,73335,0.0,0.0
1992-08-24,3.7523245706149306,3.767214415658592,3.7076538012461273,3.722543954849243,130645,0.0,0.0
1992-08-25,3.707649603034641,3.707649603034641,3.6034183372755546,3.6183087825775146,228697,0.0,0.0
1992-08-26,3.6480926360683728,3.692763090133667,3.6183123333581766,3.692763090133667,90175,0.0,0.0
1992-08-27,3.7076532727241402,3.8267744845684697,3.6927631212435994,3.811884641647339,451148,0.0,0.0
1992-08-28,3.82677259015954,3.82677259015954,3.7672120137222964,3.796992301940918,69533,0.0,0.0
1992-08-31,3.7672140598297124,3.782104520585818,3.722543603239672,3.767214059829712,208870,0.0,0.0
1992-09-01,3.7523242161924575,3.7672140598297124,3.737433755436352,3.767214059829712,72520,0.0,0.0
1992-09-02,3.7672128441436747,3.7821033000946045,3.7374325493604665,3.7821033000946045,57310,0.0,0.0
1992-09-03,3.7523242161924575,3.782104520585818,3.7523242161924575,3.767214059829712,44544,0.0,0.0
1992-09-04,3.7523242161924575,3.782104520585818,3.7523242161924575,3.767214059829712,131460,0.0,0.0
1992-09-08,3.7523245706149306,3.7523245706149306,3.692763647643011,3.722543954849243,111361,0.0,0.0
1992-09-09,3.7375517720244003,3.7825827598571777,3.6925210952392558,3.7825827598571777,223808,0.092043,0.0
1992-09-10,3.7825827598571777,3.7975926744045934,3.7375517720244003,3.7825827598571777,145856,0.0,0.0
1992-09-11,3.7675736607417547,3.8126046657562256,3.7675736607417547,3.8126046657562256,187141,0.0,0.0
1992-09-14,3.812604678399764,3.842625141143799,3.812604678399764,3.842625141143799,150473,0.0,0.0
1992-09-15,3.8276140689849854,3.857634527574211,3.79759361039576,3.8276140689849854,140695,0.0,0.0
1992-09-16,3.7975914136664284,3.8126019453258584,3.767570972442627,3.767570972442627,200450,0.0,0.0
1992-09-17,3.7825815041020565,3.7975914136664284,3.767570972442627,3.767570972442627,235759,0.0,0.0
1992-09-18,3.7975914136664284,3.7975914136664284,3.767570972442627,3.767570972442627,153189,0.0,0.0
1992-09-21,3.767570972442627,3.7825815041020565,3.737550531218825,3.767570972442627,93435,0.0,0.0
1992-09-22,3.7225425405184103,3.767573229328808,3.7225425405184103,3.752562999725342,31779,0.0,0.0
1992-09-23,3.767573936860444,3.767573936860444,3.7075330071711927,3.722543239593506,228154,0.0,0.0
1992-09-24,3.75256296683786,3.75256296683786,3.6925220489501958,3.6925220489501953,310996,0.0,0.0
1992-09-25,3.722543239593506,3.722543239593506,3.69252277474888,3.722543239593506,81484,0.0,0.0
1992-09-28,3.6775126553418107,3.7075331211090083,3.6775126553418107,3.707533121109009,46717,0.0,0.0
1992-09-29,3.6775126553418107,3.7075331211090083,3.6775126553418107,3.707533121109009,66545,0.0,0.0
1992-09-30,3.7075323109149445,3.752562999725342,3.6775118517080125,3.752562999725342,227611,0.0,0.0
1992-10-01,3.7825862876554783,3.7975962162017822,3.7525654974191043,3.7975962162017822,226796,0.0,0.0
1992-10-02,3.7975941233862347,3.8126046657562256,3.7675736607417547,3.8126046657562256,191215,0.0,0.0
1992-10-05,3.7825842031117456,3.8126046657562256,3.7825842031117456,3.8126046657562256,322132,0.0,0.0
1992-10-06,3.812603328340392,3.962705588908707,3.812603328340392,3.932685136795044,487544,0.0,0.0
1992-10-07,3.9176749107382123,3.932685136795044,3.9176749107382123,3.932685136795044,17383,0.0,0.0
1992-10-08,3.9326893956036226,3.9326893956036226,3.8726484263564163,3.8876583576202393,78224,0.0,0.0
1992-10-09,3.8876555242120996,3.8876555242120996,3.842625141143799,3.842625141143799,174103,0.0,0.0
1992-10-12,3.842625141143799,3.8576350614680646,3.842625141143799,3.842625141143799,243093,0.0,0.0
1992-10-13,3.8426251284007056,3.8426251284007056,3.7825842031117456,3.8126046657562256,137707,0.0,0.0
1992-10-14,3.797594135979994,3.842625141143799,3.767573673235959,3.842625141143799,286007,0.0,0.0
1992-10-15,3.7975915765999306,3.872642993927002,3.7975915765999306,3.872642993927002,351738,0.0,0.0
1992-10-16,3.857634143793042,3.917675366045932,3.857634143793042,3.902665138244629,210228,0.0,0.0
1992-10-19,3.872644232567718,3.9476956738995175,3.872644232567718,3.932685136795044,121954,0.0,0.0
1992-10-20,3.9777195479161116,3.9927294758378546,3.9476990699768066,3.9476990699768066,401986,0.0,0.0
1992-10-21,3.9476940698146747,4.007734949645312,3.9476940698146747,3.9927244186401367,366133,0.0,0.0
1992-10-22,3.9627042449790646,3.992724686911458,3.9627042449790646,3.977714776992798,198548,0.0,0.0
1992-10-23,3.9627044200897212,3.9927248633487085,3.9627044200897212,3.9627044200897217,127929,0.0,0.0
1992-10-26,3.9627089978985497,3.9927294758378546,3.9476990699768066,3.9476990699768066,100496,0.0,0.0
1992-10-27,3.9476943350604046,3.9777147769927974,3.9476943350604046,3.977714776992798,233858,0.0,0.0
1992-10-28,3.9777194955496458,4.03776045063782,3.9476990180055584,4.022749900817871,154276,0.0,0.0
1992-10-29,4.03775691986084,4.03775691986084,4.007736468567842,4.03775691986084,66002,0.0,0.0
1992-10-30,4.007737159729004,4.03775761619923,4.007737159729004,4.007737159729004,119781,0.0,0.0
1992-11-02,4.037758805811039,4.112809658050537,4.007738340496129,4.112809658050537,288724,0.0,0.0
1992-11-03,4.127820262999447,4.157840728759766,4.097799797239129,4.157840728759766,77409,0.0,0.0
1992-11-04,4.1128084470455395,4.142829214568697,4.082787990570068,4.082787990570068,142053,0.0,0.0
1992-11-05,4.082788536336052,4.127819538116455,4.082788536336052,4.127819538116455,94249,0.0,0.0
1992-11-06,4.0977990776280055,4.127819538116455,4.0977990776280055,4.127819538116455,23087,0.0,0.0
1992-11-09,4.097798824310303,4.127819282942949,4.097798824310303,4.097798824310303,40470,0.0,0.0
1992-11-10,4.097798640202819,4.187860012054443,4.097798640202819,4.187860012054443,127929,0.0,0.0
1992-11-11,4.187861963927205,4.202872510612932,4.172852039337158,4.172852039337158,106472,0.0,0.0
1992-11-12,4.172851147766067,4.187861069149094,4.1428303718566895,4.1428303718566895,133361,0.0,0.0
1992-11-13,4.127821021375658,4.172852039337158,4.127821021375658,4.172852039337158,185239,0.0,0.0
1992-11-16,4.172851147766067,4.172851147766067,4.112809595947312,4.1428303718566895,272970,0.0,0.0
1992-11-17,4.142829512259271,4.142829512259271,4.082788283946271,4.097798824310303,50248,0.0,0.0
1992-11-18,4.082789192735627,4.112809658050537,4.06777927112595,4.112809658050537,190672,0.0,0.0
1992-11-19,4.067778587341309,4.112808966696388,4.067778587341309,4.067778587341309,181708,0.0,0.0
1992-11-20,4.067778587341309,4.112808966696388,4.052768046159314,4.067778587341309,188770,0.0,0.0
1992-11-23,4.052768046159314,4.067778587341309,4.022747585890777,4.067778587341309,67903,0.0,0.0
1992-11-24,4.052770378361958,4.082790855906045,4.022749900817871,4.022749900817871,134176,0.0,0.0
1992-11-25,4.022746383166708,4.052766834459705,4.007736468567842,4.03775691986084,164868,0.0,0.0
1992-11-27,4.03775761619923,4.03775761619923,4.007737159729004,4.007737159729004,126028,0.0,0.0
1992-11-30,3.9927294232737838,4.022749900817871,3.9927294232737838,4.022749900817871,335441,0.0,0.0
1992-12-01,4.03775691986084,4.03775691986084,4.007736468567842,4.03775691986084,99953,0.0,0.0
1992-12-02,4.03775761690455,4.097798529855491,4.007737160429079,4.082787990570068,144498,0.0,0.0
1992-12-03,4.097798640202819,4.202870551744076,4.052767643229312,4.187860012054443,269982,0.0,0.0
1992-12-04,4.202871347471713,4.262912273406982,4.202871347471713,4.262912273406982,245809,0.0,0.0
1992-12-07,4.262911357473002,4.352972727025218,4.232890900955597,4.3229522705078125,559792,0.0,0.0
1992-12-08,4.352973111632109,4.367983341217041,4.3379628820471785,4.367983341217041,165140,0.0,0.0
1992-12-09,4.367982453986886,4.473781177645968,4.367982453986886,4.4435529708862305,214845,0.092043,0.0
1992-12-10,4.473785374181029,4.504013609295691,4.443557139066366,4.458671569824219,131732,0.0,0.0
1992-12-11,4.458668012476438,4.488896223473526,4.337754855287815,4.383097171783447,398183,0.0,0.0
1992-12-14,4.383097882404439,4.383097882404439,4.292413234710693,4.292413234710693,447888,0.0,0.0
1992-12-15,4.337755558557566,4.337755558557566,4.277298813561414,4.292413234710693,171930,0.0,0.0
1992-12-16,4.292413745566873,4.322641965062361,4.292413745566873,4.307527542114258,99138,0.0,0.0
1992-12-17,4.322640479581047,4.3982110023498535,4.292412270473524,4.3982110023498535,553274,0.0,0.0
1992-12-18,4.383096897796093,4.413325106903615,4.383096897796093,4.3982110023498535,286279,0.0,0.0
1992-12-21,4.4133266235488255,4.4133266235488255,4.307527542114258,4.307527542114258,187684,0.0,0.0
1992-12-22,4.337756241342664,4.337756241342664,4.247071266174316,4.247071266174316,408776,0.0,0.0
1992-12-23,4.277301762933887,4.292416194505178,4.231959721022166,4.262187957763672,229241,0.0,0.0
1992-12-24,4.262182756395282,4.277296543121338,4.231954556542856,4.277296543121338,145312,0.0,0.0
1992-12-28,4.277301762933887,4.292416194505178,4.247073526192381,4.262187957763672,68446,0.0,0.0
1992-12-29,4.262184941974734,4.352869588033629,4.262184941974734,4.322641372680664,424258,0.0,0.0
1992-12-30,4.352868960786359,4.413325382780535,4.337754855287815,4.383097171783447,322675,0.0,0.0
1992-12-31,4.413325382780535,4.413325382780535,4.352868960786359,4.383097171783447,96422,0.0,0.0
1993-01-04,4.383097882404439,4.383097882404439,4.262185018812779,4.292413234710693,199906,0.0,0.0
1993-01-05,4.322644431246684,4.322644431246684,4.216845289450875,4.262187957763672,668437,0.0,0.0
1993-01-06,4.262185689702684,4.277299486830309,4.216843045518324,4.247071266174316,213487,0.0,0.0
1993-01-07,4.247067987665684,4.247067987665684,4.216839790344238,4.216839790344238,764588,0.0,0.0
1993-01-08,4.216842251524346,4.2319566722068025,4.156385821595771,4.186614036560059,136349,0.0,0.0
1993-01-11,4.156383395701347,4.231954202205091,4.156383395701347,4.216839790344238,162152,0.0,0.0
1993-01-12,4.247067987665684,4.247067987665684,4.186611593022793,4.216839790344238,101040,0.0,0.0
1993-01-13,4.18661290486918,4.247069318455673,4.18661290486918,4.231955528259277,193659,0.0,0.0
1993-01-14,4.247069318455673,4.247069318455673,4.201727321466031,4.231955528259277,44001,0.0,0.0
1993-01-15,4.201729248390699,4.277299486830309,4.201729248390699,4.247071266174316,104571,0.0,0.0
1993-01-18,4.2470683432689125,4.292410956247707,4.2470683432689125,4.277296543121338,300674,0.0,0.0
1993-01-19,4.262182756395282,4.307524742973764,4.2470683432689125,4.277296543121338,304205,0.0,0.0
1993-01-20,4.277297852719511,4.3982110023498535,4.277297852719511,4.3982110023498535,195832,0.0,0.0
1993-01-21,4.39821358052575,4.443555920766127,4.352871240285372,4.413327693939209,159708,0.0,0.0
1993-01-22,4.458671569824219,4.488899804938881,4.428443021509034,4.458671569824219,168399,0.0,0.0
1993-01-25,4.504012076496016,4.519126502110146,4.473783851668584,4.488898277282715,255587,0.0,0.0
1993-01-26,4.488898277282715,4.519126502110146,4.443555626841152,4.488898277282715,165683,0.0,0.0
1993-01-27,4.443553316011138,4.4888959428726745,4.3982110023498535,4.3982110023498535,140423,0.0,0.0
1993-01-28,4.3679830662849035,4.398211277281991,4.337754855287815,4.383097171783447,74693,0.0,0.0
1993-01-29,4.3377535025169385,4.398209905657193,4.3377535025169385,4.352867603302002,326749,0.0,0.0
1993-02-01,4.39821358052575,4.443555920766127,4.352871240285372,4.413327693939209,162967,0.0,0.0
1993-02-02,4.4435529708862305,4.4435529708862305,4.413324764126493,4.4435529708862305,48347,0.0,0.0
1993-02-03,4.413324764126493,4.4435529708862305,4.398210660746624,4.4435529708862305,280575,0.0,0.0
1993-02-04,4.488895883923445,4.5946946144104,4.473781466367917,4.5946946144104,262920,0.0,0.0
1993-02-05,4.564466405699842,4.62492282312096,4.534238196989283,4.5946946144104,394381,0.0,0.0
1993-02-08,4.624922479713741,4.655150686179812,4.594694273247671,4.640036582946777,279217,0.0,0.0
1993-02-09,4.655149310767586,4.6702634095350035,4.609807014465332,4.609807014465332,233043,0.0,0.0
1993-02-10,4.609807014465332,4.640035212000168,4.594692915697914,4.609807014465332,145584,0.0,0.0
1993-02-11,4.624927043914795,4.640041162063498,4.579584689468687,4.624927043914795,58668,0.0,0.0
1993-02-12,4.609809050855213,4.6551513671875,4.609809050855213,4.6551513671875,78767,0.0,0.0
1993-02-16,4.640038171143539,4.655152279549846,4.53423941229939,4.5795817375183105,283563,0.0,0.0
1993-02-17,4.564466938174524,4.579581044292962,4.473781988263612,4.504010200500488,105385,0.0,0.0
1993-02-18,4.504012374419964,4.519126801033859,4.383099467112291,4.413327693939209,138522,0.0,0.0
1993-02-19,4.398210660746624,4.4435529708862305,4.383096557366755,4.4435529708862305,98324,0.0,0.0
1993-02-22,4.443555158489141,4.443555158489141,4.413326936847772,4.428441047668457,142596,0.0,0.0
1993-02-23,4.443557139066366,4.458671569824219,4.413328903951703,4.458671569824219,59483,0.0,0.0
1993-02-24,4.45867137813402,4.51912784576416,4.45867137813402,4.51912784576416,186869,0.0,0.0
1993-02-25,4.534236520628243,4.609807014465332,4.48889422432599,4.609807014465332,162696,0.0,0.0
1993-02-26,4.609808308871287,4.685379137128334,4.609808308871287,4.670264720916748,312625,0.0,0.0
1993-03-01,4.655150958922339,4.7050277843938115,4.588649151360862,4.68840217590332,192598,0.0,1.1
1993-03-02,4.6551517258905495,4.854658434246052,4.6551517258905495,4.804781913757324,289143,0.0,0.0
1993-03-03,4.8214060688493845,4.904533792091637,4.8214060688493845,4.871282577514648,131608,0.0,0.0
1993-03-04,4.871286060953842,4.9211626052856445,4.871286060953842,4.9211626052856445,124942,0.0,0.0
1993-03-05,4.904537003130529,4.904537003130529,4.788158302317457,4.821409225463867,442728,0.0,0.0
1993-03-08,4.838034779078393,4.887911319732666,4.78815823842412,4.887911319732666,92595,0.0,0.0
1993-03-09,4.956226393499405,4.956226393499405,4.905994473674542,4.922738552093506,74323,0.105297,0.0
1993-03-10,4.922739723397009,4.989716053009033,4.922739723397009,4.989716053009033,49137,0.0,0.0
1993-03-11,4.956225106582625,5.023201402867641,4.956225106582625,5.006457328796387,146670,0.0,0.0
1993-03-12,4.939483061267013,4.956226825714111,4.905994901508703,4.956226825714111,190869,0.0,0.0
1993-03-15,4.905994473674542,4.956226393499405,4.905994473674542,4.922738552093506,55310,0.0,0.0
1993-03-16,4.956226825714111,4.956226825714111,4.905994901508703,4.956226825714111,117287,0.0,0.0
1993-03-17,4.956227572770916,4.989716053009033,4.939483805800015,4.989716053009033,225191,0.0,0.0
1993-03-18,4.939483805800015,5.006459819979935,4.939483805800015,4.989716053009033,485692,0.0,0.0
1993-03-19,5.006455626742436,5.056687831878662,4.972967805416792,5.056687831878662,226919,0.0,0.0
1993-03-22,5.00645691607861,5.056689134151374,4.989713158819611,5.023200988769531,232105,0.0,0.0
1993-03-23,5.039947032928467,5.039947032928467,4.989715110638484,5.039947032928467,277291,0.0,0.0
1993-03-24,4.972971970606027,5.023203902382941,4.972971970606027,4.989716053009033,353343,0.0,0.0
1993-03-25,5.023202964842824,5.090178966522217,4.989715121719151,5.090178966522217,74323,0.0,0.0
1993-03-26,5.106923045800076,5.140410888923749,5.073434887244357,5.090178966522217,115312,0.0,0.0
1993-03-29,5.073434352874756,5.123666269985511,5.073434352874756,5.073434352874756,60989,0.0,0.0
1993-03-30,5.123662948608398,5.123662948608398,5.073431064060095,5.123662948608398,224697,0.0,0.0
1993-03-31,5.123666345517715,5.140410423278809,5.073434427666449,5.140410423278809,84447,0.0,0.0
1993-04-01,5.090175653204306,5.12366347452995,5.056687831878662,5.056687831878662,287415,0.0,0.0
1993-04-02,5.039947225109886,5.106923229194449,4.956226825714111,4.956226825714111,269884,0.0,0.0
1993-04-05,4.956226393499405,4.989714865769362,4.889250710687608,4.922738552093506,269884,0.0,0.0
1993-04-06,4.95622485973801,4.95622485973801,4.822273220135279,4.8557610511779785,218771,0.0,0.0
1993-04-07,4.855760956992143,4.855760956992143,4.788784980773926,4.788784980773926,49878,0.0,0.0
1993-04-08,4.805528269031696,4.872504234313965,4.805528269031696,4.872504234313965,106916,0.0,0.0
1993-04-12,4.839016851958673,4.90599250793457,4.839016851958673,4.90599250793457,298279,0.0,0.0
1993-04-13,4.872505869495638,4.972970008850098,4.872505869495638,4.972970008850098,396307,0.0,0.0
1993-04-14,4.989712848464339,5.1069207191467285,4.956224389733524,5.1069207191467285,517297,0.0,0.0
1993-04-15,5.106919721583048,5.106919721583048,4.972967805416792,5.056687831878662,468654,0.0,0.0
1993-04-16,5.056691112169142,5.056691112169142,5.0232029536877905,5.039947032928467,178523,0.0,0.0
1993-04-19,5.056691304989041,5.056691304989041,4.956226825714111,4.956226825714111,468407,0.0,0.0
1993-04-20,4.956224894948907,4.956224894948907,4.805529181038259,4.822273254394531,255315,0.0,0.0
1993-04-21,4.822272543426567,4.855760369769926,4.671576536301733,4.721808433532715,296551,0.0,0.0
1993-04-22,4.7050632952901035,4.721807362379294,4.6380873423651545,4.654831409454346,210376,0.0,0.0
1993-04-23,4.654831409454346,4.688319228200912,4.62134359070778,4.654831409454346,221240,0.0,0.0
1993-04-26,4.65483402928846,4.6715781058015535,4.5711139621549846,4.587857723236084,521001,0.0,0.0
1993-04-27,4.6046016269120695,4.7218098426722355,4.587857551027477,4.6715779304504395,939037,0.0,0.0
1993-04-28,4.721808877660139,4.78878485207842,4.705064805197589,4.75529670715332,361985,0.0,0.0
1993-04-29,4.788785107681987,4.855761085675142,4.755296960969443,4.822273254394531,1433371,0.0,0.0
1993-04-30,4.839017293372595,4.8557610511779785,4.805529146897963,4.8557610511779785,115312,0.0,0.0
1993-05-03,4.805531024932861,4.8222751047138805,4.755298785589806,4.805531024932861,203215,0.0,0.0
1993-05-04,4.772040128674624,4.905992059239162,4.772040128674624,4.872504234313965,333095,0.0,0.0
1993-05-05,4.905992059239162,4.905992059239162,4.872504234313965,4.872504234313965,124695,0.0,0.0
1993-05-06,4.872505703061623,4.872505703061623,4.839017868041992,4.839017868041992,212104,0.0,0.0
1993-05-07,4.839015075276851,4.872502890969489,4.688318800648725,4.7050628662109375,309144,0.0,0.0
1993-05-10,4.705064805197589,4.75529670715332,4.688320732735039,4.75529670715332,158523,0.0,0.0
1993-05-11,4.75529670715332,4.75529670715332,4.705064805197589,4.75529670715332,95805,0.0,0.0
1993-05-12,4.755297679009439,4.7720417548940315,4.6715779304504395,4.6715779304504395,233339,0.0,0.0
1993-05-13,4.654832608932537,4.671576680336416,4.537624424537284,4.554368495941162,120744,0.0,0.0
1993-05-14,4.504137300680332,4.537625133286789,4.386929097977869,4.40367317199707,221487,0.0,0.0
1993-05-17,4.420415785215045,4.453903922186726,4.386927648243364,4.437159538269043,99509,0.0,0.0
1993-05-18,4.40367317199707,4.470649468073876,4.353441265371413,4.40367317199707,194573,0.0,0.0
1993-05-19,4.336697813714745,4.353441890136901,4.135769842944855,4.269721508026123,501495,0.0,0.0
1993-05-20,4.319955825805664,4.353443994840067,4.286467972203407,4.319955825805664,550138,0.0,0.0
1993-05-21,4.3199520779282174,4.336696147918701,4.303208323369604,4.336696147918701,363466,0.0,0.0
1993-05-24,4.303207936677846,4.437159538269043,4.303207936677846,4.437159538269043,351120,0.0,0.0
1993-05-25,4.437161155446161,4.487393379211426,4.437161155446161,4.487393379211426,400998,0.0,0.0
1993-05-26,4.487390128404941,4.487390128404941,4.420414194002685,4.470646381378174,161239,0.0,0.0
1993-05-27,4.4706519428574385,4.4706519428574385,4.386931526416981,4.420419692993164,328897,0.0,0.0
1993-05-28,4.386929450578635,4.420417601308658,4.319953464550561,4.370185375213623,133584,0.0,0.0
1993-06-01,4.3199520779282174,4.353440217909185,4.3199520779282174,4.336696147918701,68397,0.0,0.0
1993-06-02,4.3199520779282174,4.336696147918701,4.303208323369604,4.336696147918701,109879,0.0,0.0
1993-06-03,4.3199511484168465,4.35343928119227,4.286463331073226,4.3032073974609375,92101,0.0,0.0
1993-06-04,4.3032109863258885,4.3032109863258885,4.2194905845647686,4.236234664916992,210623,0.0,0.0
1993-06-07,4.202743195397205,4.219486945878343,4.052046917612613,4.085535049438477,202968,0.0,0.0
1993-06-08,4.102282025984741,4.20274585415456,4.052049481035845,4.186001777648926,286427,0.0,0.0
1993-06-09,4.219489594191649,4.2864658998802705,4.186001756779329,4.269721508026123,189635,0.0,0.0
1993-06-10,4.252976285255076,4.269720040490282,4.202744388685693,4.219488143920898,99756,0.0,0.0
1993-06-11,4.271491341184015,4.372791635436425,4.271491341184015,4.322141647338867,410381,0.105297,0.0
1993-06-14,4.339022904660898,4.339022904660898,4.254605770111084,4.254605770111084,70866,0.0,0.0
1993-06-15,4.27148876700635,4.305255299369833,4.119538576227919,4.187072277069092,547915,0.0,0.0
1993-06-16,4.1870745262549995,4.203957642477354,4.136424541473389,4.136424541473389,160004,0.0,0.0
1993-06-17,4.170191539315307,4.170191539315307,4.102657794952393,4.102657794952393,306428,0.0,0.0
1993-06-18,4.170187473297119,4.203953994498218,4.13642095209602,4.170187473297119,363466,0.0,0.0
1993-06-21,4.1870723818133975,4.220838915021588,4.153305530548096,4.153305530548096,175066,0.0,0.0
1993-06-22,4.187072908475998,4.254605983386892,4.170189480719699,4.237722873687744,159510,0.0,0.0
1993-06-23,4.254607339053453,4.372791052947855,4.254607339053453,4.305257320404053,695574,0.0,0.0
1993-06-24,4.305256559116893,4.4065568219626865,4.305256559116893,4.389673709869385,351614,0.0,0.0
1993-06-25,4.4065548201208395,4.474088191986084,4.372788293216742,4.474088191986084,261982,0.0,0.0
1993-06-28,4.474086832078159,4.541620501473457,4.440320315437465,4.507853984832764,293094,0.0,0.0
1993-06-29,4.5078571081267835,4.558507077209417,4.5078571081267835,4.524740219116211,211857,0.0,0.0
1993-06-30,4.507855583177325,4.558505535125732,4.507855583177325,4.558505535125732,182227,0.0,0.0
1993-07-01,4.507856015550104,4.727339267730713,4.507856015550104,4.727339267730713,373343,0.0,0.0
1993-07-02,4.7273385712497,4.7611054161838915,4.693572044372559,4.693572044372559,479272,0.0,0.0
1993-07-06,4.693573420726501,4.744223384923447,4.693573420726501,4.710456848144531,188153,0.0,0.0
1993-07-07,4.693572735878734,4.727339267730713,4.676689310924195,4.727339267730713,33334,0.0,0.0
1993-07-08,4.676689993308472,4.727339957505417,4.676689993308472,4.710456848144531,29137,0.0,0.0
1993-07-09,4.727339267730713,4.727339267730713,4.676689310924195,4.727339267730713,48643,0.0,0.0
1993-07-12,4.727340721501598,4.727340721501598,4.626040458679199,4.626040458679199,107904,0.0,0.0
1993-07-13,4.6598057570796145,4.6598057570796145,4.541622111790574,4.558505535125732,117534,0.0,0.0
1993-07-14,4.524737084124633,4.575387018114152,4.474086832078159,4.507853984832764,182721,0.0,0.0
1993-07-15,4.49097193252371,4.507855355004284,4.440321665081988,4.474088191986084,273094,0.0,0.0
1993-07-16,4.457204723046927,4.507854986346409,4.440321301947099,4.490971565246582,73582,0.0,0.0
1993-07-19,4.507854986346409,4.507854986346409,4.474087826089729,4.490971565246582,40495,0.0,0.0
1993-07-20,4.507853984832764,4.541620501473457,4.474086832078159,4.507853984832764,101731,0.0,0.0
1993-07-21,4.524740638602012,4.558507499825722,4.507857526047362,4.541624069213867,159510,0.0,0.0
1993-07-22,4.558503918822282,4.558503918822282,4.507853984832764,4.507853984832764,226179,0.0,0.0
1993-07-23,4.5078571081267835,4.524740219116211,4.474089931976403,4.524740219116211,389146,0.0,0.0
1993-07-26,4.524738089389211,4.541621510489038,4.490971565246582,4.490971565246582,40495,0.0,0.0
1993-07-27,4.541621510489038,4.541621510489038,4.490971565246582,4.490971565246582,39754,0.0,0.0
1993-07-28,4.541620501473457,4.541620501473457,4.45720373278629,4.507853984832764,150374,0.0,0.0
1993-07-29,4.490975985696265,4.490975985696265,4.423442234823755,4.45720911026001,87410,0.0,0.0
1993-07-30,4.45720911026001,4.45720911026001,4.423442234823755,4.45720911026001,45927,0.0,0.0
1993-08-02,4.457206781711553,4.4909736395072155,4.423439923915889,4.440323352813721,155560,0.0,0.0
1993-08-03,4.490971565246582,4.490971565246582,4.440321301947099,4.490971565246582,59014,0.0,0.0
1993-08-04,4.440324844634876,4.490975148345414,4.423441410064697,4.423441410064697,88891,0.0,0.0
1993-08-05,4.423437671287975,4.457204511887934,4.3390212059021,4.3390212059021,192104,0.0,0.0
1993-08-06,4.389675070821376,4.389675070821376,4.305257893896622,4.322141647338867,86422,0.0,0.0
1993-08-09,4.305257320404053,4.355907619811905,4.288374205325354,4.305257320404053,598781,0.0,0.0
1993-08-10,4.322139694412088,4.322139694412088,4.237722873687744,4.237722873687744,164943,0.0,0.0
1993-08-11,4.288373378733772,4.288373378733772,4.220839977264404,4.220839977264404,131361,0.0,0.0
1993-08-12,4.271491527557373,4.28837496367898,4.22084153724986,4.271491527557373,838293,0.0,0.0
1993-08-13,4.237724973371467,4.271491527557373,4.237724973371467,4.271491527557373,198524,0.0,0.0
1993-08-16,4.2714894111431905,4.28837283889949,4.237722873687744,4.237722873687744,191116,0.0,0.0
1993-08-17,4.2714894111431905,4.2714894111431905,4.237722873687744,4.237722873687744,81977,0.0,0.0
1993-08-18,4.271491527557373,4.305258081743279,4.237724973371467,4.271491527557373,394578,0.0,0.0
1993-08-19,4.28837496367898,4.322141835922195,4.271491527557373,4.271491527557373,188400,0.0,0.0
1993-08-20,4.271490772189404,4.322141071597256,4.254607339053453,4.305257320404053,224697,0.0,0.0
1993-08-23,4.322141071597256,4.322141071597256,4.271490772189404,4.305257320404053,83459,0.0,0.0
1993-08-24,4.322139986643244,4.440323352813721,4.288373128847581,4.440323352813721,320749,0.0,0.0
1993-08-25,4.45720911026001,4.524742543075181,4.440325672541882,4.45720911026001,267661,0.0,0.0
1993-08-26,4.474089521387233,4.474089521387233,4.3727895925183065,4.406556129455566,140004,0.0,0.0
1993-08-27,4.406554250987996,4.406554250987996,4.3390212059021,4.3390212059021,126176,0.0,0.0
1993-08-30,4.3727902797188865,4.389673709869385,4.3390237374750855,4.389673709869385,104941,0.0,0.0
1993-08-31,4.3390219013056335,4.389671852266094,4.3390219013056335,4.372788429260254,95805,0.0,0.0
1993-09-01,4.372791635436425,4.389675070821376,4.322141647338867,4.322141647338867,249142,0.0,0.0
1993-09-02,4.372791052947855,4.372791052947855,4.305257320404053,4.305257320404053,187906,0.0,0.0
1993-09-03,4.32213778560212,4.3390212059021,4.288370945002161,4.3390212059021,64446,0.0,0.0
1993-09-07,4.339025082723818,4.339025082723818,4.288374776568966,4.322141647338867,62965,0.0,0.0
1993-09-08,4.288372993469238,4.322139850198925,4.25460613673955,4.288372993469238,86175,0.0,0.0
1993-09-09,4.28973666551163,4.391873359680176,4.28973666551163,4.391873359680176,269884,0.105297,0.0
1993-09-10,4.357827159819313,4.579123020172119,4.357827159819313,4.579123020172119,215314,0.0,0.0
1993-09-13,4.562097655421463,4.6131658038695935,4.494006683929578,4.52805233001709,200252,0.0,0.0
1993-09-14,4.476983974742654,4.476983974742654,4.408893001519107,4.442938327789307,86422,0.0,0.0
1993-09-15,4.408895363692369,4.442940708203193,4.3408040333040825,4.357827186584473,372602,0.0,0.0
1993-09-16,4.357827186584473,4.391872531095297,4.3237815213903295,4.357827186584473,135806,0.0,0.0
1993-09-17,4.340803623199463,4.374849605860374,4.340803623199463,4.340803623199463,95064,0.0,0.0
1993-09-20,4.374846458435059,4.374846458435059,4.340800500268061,4.374846458435059,176054,0.0,0.0
1993-09-21,4.374847781272636,4.40889310836792,4.357824957383417,4.40889310836792,133831,0.0,0.0
1993-09-22,4.357827438405123,4.459963798522949,4.357827438405123,4.459963798522949,196301,0.0,0.0
1993-09-23,4.408893989244187,4.511030311619549,4.408893989244187,4.476984977722168,174819,0.0,0.0
1993-09-24,4.494005790817256,4.511028289794922,4.476982971156515,4.511028289794922,201734,0.0,0.0
1993-09-27,4.476985761945691,4.613167762756348,4.476985761945691,4.613167762756348,612362,0.0,0.0
1993-09-28,4.6131665928376355,4.6812575759748,4.579121261610649,4.630189418792725,226919,0.0,0.0
1993-09-29,4.664233891310164,4.698279857635498,4.630188566351099,4.698279857635498,136794,0.0,0.0
1993-09-30,4.715301779493509,4.749347420945944,4.664233317314856,4.732324600219727,149880,0.0,0.0
1993-10-01,4.732324600219727,4.749347420945944,4.698279279450386,4.732324600219727,71854,0.0,0.0
1993-10-04,4.732324600219727,4.766369920989067,4.698279279450386,4.732324600219727,242969,0.0,0.0
1993-10-05,4.749348005415663,4.749348005415663,4.664233891310164,4.698279857635498,164696,0.0,0.0
1993-10-06,4.66423632357542,4.698282307654757,4.66423632357542,4.6812591552734375,67409,0.0,0.0
1993-10-07,4.698280021915216,4.698280021915216,4.64721155166626,4.64721155166626,86422,0.0,0.0
1993-10-08,4.698280021915216,4.698280021915216,4.64721155166626,4.64721155166626,80990,0.0,0.0
1993-10-11,4.647212608447161,4.698281090309142,4.647212608447161,4.6642351150512695,13334,0.0,0.0
1993-10-12,4.6812591552734375,4.6812591552734375,4.630190980862686,4.6812591552734375,20494,0.0,0.0
1993-10-13,4.6812575759748,4.6812575759748,4.630189418792725,4.630189418792725,88397,0.0,0.0
1993-10-14,4.6812575759748,4.6812575759748,4.630189418792725,4.630189418792725,180005,0.0,0.0
1993-10-15,4.6642338956789295,4.6642338956789295,4.562097600022932,4.5961432456970215,295563,0.0,0.0
1993-10-18,4.579119568437886,4.5961423880986265,4.511028289794922,4.511028289794922,238278,0.0,0.0
1993-10-19,4.5450742497994785,4.562096748777145,4.511028289794922,4.511028289794922,372849,0.0,0.0
1993-10-20,4.545078478110178,4.545078478110178,4.476987136121477,4.494009971618652,232599,0.0,0.0
1993-10-21,4.52805233001709,4.52805233001709,4.476983860885822,4.52805233001709,42470,0.0,0.0
1993-10-22,4.528051430138738,4.5450742497994785,4.476982971156515,4.511028289794922,106669,0.0,0.0
1993-10-25,4.528050217278055,4.54507303237915,4.51102708149397,4.54507303237915,39013,0.0,0.0
1993-10-26,4.562098793490448,4.562098793490448,4.476984977722168,4.476984977722168,183708,0.0,0.0
1993-10-27,4.511028289794922,4.511028289794922,4.459960151495774,4.511028289794922,53335,0.0,0.0
1993-10-28,4.459963513407798,4.579123020172119,4.459963513407798,4.579123020172119,188153,0.0,0.0
1993-10-29,4.579121807935999,4.613167143224861,4.5450764726471355,4.562098979949951,336799,0.0,0.0
1993-11-01,4.545077083034294,4.613167762756348,4.545077083034294,4.613167762756348,199511,0.0,0.0
1993-11-02,4.579121261610649,4.630189418792725,4.579121261610649,4.630189418792725,31359,0.0,0.0
1993-11-03,4.579121620780748,4.630189781968429,4.476984977722168,4.476984977722168,223216,0.0,0.0
1993-11-04,4.4940055482627335,4.4940055482627335,4.3578236396930885,4.374846458435059,193585,0.0,0.0
1993-11-05,4.3578236396930885,4.374846458435059,4.3578236396930885,4.374846458435059,220746,0.0,0.0
1993-11-08,4.374847524328758,4.374847524328758,4.289733409881592,4.289733409881592,104200,0.0,0.0
1993-11-09,4.306758752509419,4.340804097523925,4.255690574645996,4.255690574645996,364701,0.0,0.0
1993-11-10,4.306758752509419,4.306758752509419,4.204622396782574,4.255690574645996,146670,0.0,0.0
1993-11-11,4.255690574645996,4.289735919660504,4.204622396782574,4.255690574645996,55557,0.0,0.0
1993-11-12,4.255691643598723,4.306759834289551,4.255691643598723,4.306759834289551,111855,0.0,0.0
1993-11-15,4.306759834289551,4.323782671414294,4.255691643598723,4.306759834289551,101731,0.0,0.0
1993-11-16,4.272714480723467,4.306759834289551,4.272714480723467,4.306759834289551,91113,0.0,0.0
1993-11-17,4.306756232771026,4.340801557866756,4.272710907675294,4.289733409881592,205684,0.0,0.0
1993-11-18,4.3237780211667785,4.3237780211667785,4.20461893081665,4.20461893081665,748415,0.0,0.0
1993-11-19,4.306756283051964,4.323779106140137,4.255688134470584,4.323779106140137,342478,0.0,0.0
1993-11-22,4.289734706869021,4.340802870294479,4.051416397094727,4.051416397094727,504211,0.0,0.0
1993-11-23,4.085462349294836,4.102485179901123,4.034394178159259,4.102485179901123,951877,0.0,0.0
1993-11-24,4.085461074857631,4.170575201338178,4.085461074857631,4.153552055358887,1381270,0.0,0.0
1993-11-26,4.170575201338178,4.170575201338178,4.136529230062778,4.153552055358887,420999,0.0,0.0
1993-11-29,4.187597705951106,4.187597705951106,4.136529230062778,4.153552055358887,150621,0.0,0.0
1993-11-30,4.13653062063045,4.170576603351007,4.119507789611816,4.119507789611816,312354,0.0,0.0
1993-12-01,4.153553351036701,4.153553351036701,4.0684395186885505,4.102485179901123,234574,0.0,0.0
1993-12-02,4.085460662841797,4.119505989317387,4.068437839262427,4.085460662841797,226179,0.0,0.0
1993-12-03,4.119505989317387,4.119505989317387,4.085460662841797,4.085460662841797,98768,0.0,0.0
1993-12-06,4.085462448257837,4.119507789611816,4.085462448257837,4.119507789611816,155066,0.0,0.0
1993-12-07,4.085461074857631,4.153552055358887,4.085461074857631,4.153552055358887,129139,0.0,0.0
1993-12-08,4.153552573614358,4.18759822845459,4.136529746194242,4.18759822845459,135559,0.0,0.0
1993-12-09,4.204621055874705,4.255689217451833,4.18759822845459,4.18759822845459,280254,0.0,0.0
1993-12-10,4.2216438832948215,4.2386663900317165,4.170575721717695,4.18759822845459,146424,0.0,0.0
1993-12-13,4.206136000195871,4.240471620789164,4.1717997327675445,4.188967704772949,53829,0.105297,0.0
1993-12-14,4.206136000195871,4.22330364878376,4.1717997327675445,4.188967704772949,102719,0.0,0.0
1993-12-15,4.188973855826808,4.188973855826808,4.137470187600557,4.1718058586120605,136794,0.0,0.0
1993-12-16,4.154636383056641,4.188972365268392,4.137468715368641,4.154636383056641,347663,0.0,0.0
1993-12-17,4.188973855826808,4.223309850256302,4.154637861397314,4.1718058586120605,459765,0.0,0.0
1993-12-20,4.223308151908288,4.291979789733887,4.188972171286558,4.291979789733887,321984,0.0,0.0
1993-12-21,4.309146404266357,4.326314065678253,4.257642773195154,4.309146404266357,332848,0.0,0.0
1993-12-22,4.309147824529578,4.32631549159981,4.257644176483154,4.257644176483154,457543,0.0,0.0
1993-12-23,4.309148205539238,4.309148205539238,4.2748122215271,4.2748122215271,118769,0.0,0.0
1993-12-27,4.326314926147461,4.343482914391688,4.309147261321055,4.326314926147461,233586,0.0,0.0
1993-12-28,4.3606511280597875,4.394987106323242,4.34348313892806,4.394987106323242,235809,0.0,0.0
1993-12-29,4.360652029610693,4.4979953242241235,4.360652029610693,4.480827331542969,339515,0.0,0.0
1993-12-30,4.463661100182915,4.4979967731880555,4.377821109125041,4.429325103759766,280501,0.0,0.0
1993-12-31,4.4293208754465905,4.446488857269287,4.3949852352189,4.446488857269287,192598,0.0,0.0
1994-01-03,4.446490750300585,4.446490750300585,4.3606511280597875,4.394987106323242,684709,0.0,0.0
1994-01-04,4.394985737072642,4.429321381221045,4.3606497695065025,4.412153720855713,591867,0.0,0.0
1994-01-05,4.412153217041596,4.463656839091983,4.412153217041596,4.446488857269287,307909,0.0,0.0
1994-01-06,4.446488857269287,4.480824497496978,4.3949852352189,4.446488857269287,342972,0.0,0.0
1994-01-07,4.480824497496978,4.480824497496978,4.412153217041596,4.446488857269287,258278,0.0,0.0
1994-01-10,4.463658294651198,4.4979939460754395,4.412154655805933,4.4979939460754395,362232,0.0,0.0
1994-01-11,4.497993493865658,4.549497127532959,4.446489860198357,4.549497127532959,326428,0.0,0.0
1994-01-12,4.515159804092241,4.600999377296568,4.515159804092241,4.56666374206543,173832,0.0,0.0
1994-01-13,4.583830833435059,4.583830833435059,4.532326905438931,4.583830833435059,253587,0.0,0.0
1994-01-14,4.566667294948744,4.566667294948744,4.480827331542969,4.480827331542969,429394,0.0,0.0
1994-01-17,4.515163316905279,4.532331309586434,4.4293236769174085,4.480827331542969,233092,0.0,0.0
1994-01-18,4.480825958654416,4.4979939460754395,4.4464903072301745,4.4979939460754395,218524,0.0,0.0
1994-01-19,4.497992479319674,4.497992479319674,4.412153217041596,4.446488857269287,525446,0.0,0.0
1994-01-20,4.412153720855713,4.4464893650041155,4.377817429871834,4.412153720855713,681005,0.0,0.0
1994-01-21,4.429325103759766,4.429325103759766,4.377821109125041,4.429325103759766,454580,0.0,0.0
1994-01-24,4.377820014953613,4.429323996715679,4.360652344450854,4.377820014953613,626189,0.0,0.0
1994-01-25,4.394989430754626,4.429325103759766,4.360653434331476,4.429325103759766,965704,0.0,0.0
1994-01-26,4.429325103759766,4.429325103759766,4.394989430754626,4.429325103759766,341984,0.0,0.0
1994-01-27,4.429321381221045,4.429321381221045,4.394985737072642,4.412153720855713,393097,0.0,0.0
1994-01-28,4.412154693538979,4.463658332824707,4.412154693538979,4.463658332824707,187659,0.0,0.0
1994-01-31,4.4636578458933815,4.549497127532959,4.446489860198357,4.549497127532959,664215,0.0,0.0
1994-02-01,4.532329920917487,4.532329920917487,4.480825958654416,4.4979939460754395,485445,0.0,0.0
1994-02-02,4.4979939460754395,4.4979939460754395,4.480825958654416,4.4979939460754395,245192,0.0,0.0
1994-02-03,4.497994394277929,4.497994394277929,4.394987106323242,4.394987106323242,493346,0.0,0.0
1994-02-04,4.394986879124374,4.429322532195007,4.326314926147461,4.326314926147461,582237,0.0,0.0
1994-02-07,4.343482914391688,4.360650902635917,4.309147261321055,4.326314926147461,390874,0.0,0.0
1994-02-08,4.377820066530854,4.377820066530854,4.326316407579927,4.343484401702881,241982,0.0,0.0
1994-02-09,4.360652395825833,4.360652395825833,4.309148736874907,4.343484401702881,273340,0.0,0.0
1994-02-10,4.343483866133483,4.343483866133483,4.257644552938924,4.2748122215271,721500,0.0,0.0
1994-02-11,4.2919798340414825,4.2919798340414825,4.240476185995059,4.257644176483154,512112,0.0,0.0
1994-02-14,4.2919798340414825,4.2919798340414825,4.257644176483154,4.257644176483154,325687,0.0,0.0
1994-02-15,4.291979789733887,4.291979789733887,4.257644132530018,4.291979789733887,439518,0.0,0.0
1994-02-16,4.2919782693838,4.2919782693838,4.223306655883789,4.223306655883789,642239,0.0,0.0
1994-02-17,4.257642624342668,4.257642624342668,4.18897068742491,4.223306655883789,649400,0.0,0.0
1994-02-18,4.223309142783687,4.257645131461348,4.171805159767196,4.206141471862793,296057,0.0,0.0
1994-02-22,4.223303867012269,4.257639812797302,4.171799948334719,4.240471839904785,937802,0.0,0.0
1994-02-23,4.240471620789164,4.240471620789164,4.188967704772949,4.188967704772949,306181,0.0,0.0
1994-02-24,4.22330364878376,4.22330364878376,4.15463176076214,4.188967704772949,345688,0.0,0.0
1994-02-25,4.15463176076214,4.188967704772949,4.15463176076214,4.188967704772949,629646,0.0,0.0
1994-02-28,4.188972365268392,4.188972365268392,4.154636383056641,4.154636383056641,405443,0.0,0.0
1994-03-01,4.171805159767196,4.206141471862793,4.154637165428365,4.206141471862793,693104,0.0,0.0
1994-03-02,4.188973855826808,4.188973855826808,4.137470187600557,4.1718058586120605,323712,0.0,0.0
1994-03-03,4.171804374162517,4.188972365268392,4.137468715368641,4.154636383056641,297292,0.0,0.0
1994-03-04,4.188973855826808,4.188973855826808,4.154637861397314,4.1718058586120605,289884,0.0,0.0
1994-03-07,4.18897068742491,4.223306655883789,4.18897068742491,4.223306655883789,708167,0.0,0.0
1994-03-08,4.20614052843673,4.257644176483154,4.18897221453077,4.257644176483154,727920,0.0,0.0
1994-03-09,4.257644552938924,4.2748122215271,4.223308568926785,4.2748122215271,786440,0.0,0.0
1994-03-10,4.291979789733887,4.309147780044752,4.257644132530018,4.291979789733887,249142,0.0,0.0
1994-03-11,4.33358097076416,4.33358097076416,4.298912505867546,4.33358097076416,150374,0.121497,0.0
1994-03-14,4.333582341270168,4.350916742476861,4.2815794642028715,4.316247940063477,137041,0.0,0.0
1994-03-15,4.281578110142901,4.33358097076416,4.281578110142901,4.33358097076416,195561,0.0,0.0
1994-03-16,4.3335840016855185,4.454924530071281,4.298915512541661,4.4375901222229,248895,0.0,0.0
1994-03-17,4.454924027309546,4.55892980955642,4.40292080963324,4.524260997772217,533100,0.0,0.0
1994-03-18,4.576260230701979,4.610929012298584,4.524257058307072,4.610929012298584,376553,0.0,0.0
1994-03-21,4.610929012298584,4.610929012298584,4.541591449105375,4.610929012298584,640510,0.0,0.0
1994-03-22,4.610932115163076,4.62826651762633,4.541594505310059,4.541594505310059,256056,0.0,0.0
1994-03-23,4.57626182564547,4.57626182564547,4.489590167999268,4.489590167999268,341490,0.0,0.0
1994-03-24,4.454922492206694,4.489590965491767,4.368250492612122,4.402919292449951,451370,0.0,0.0
1994-03-25,4.402918752192543,4.420252823431735,4.350915885369534,4.385584354400635,260254,0.0,0.0
1994-03-28,4.385584892531036,4.402919292449951,4.333582019327049,4.402919292449951,285686,0.0,0.0
1994-03-29,4.420255387821614,4.4375901222229,4.402921306526138,4.4375901222229,253834,0.0,0.0
1994-03-30,4.43758809228778,4.43758809228778,4.402919292449951,4.402919292449951,439271,0.0,0.0
1994-03-31,4.4375870185593564,4.4375870185593564,4.316246575039515,4.33358097076416,339268,0.0,0.0
1994-04-04,4.29891102319949,4.29891102319949,4.229573464215007,4.281576633453369,268649,0.0,0.0
1994-04-05,4.298910609791171,4.3682475090026855,4.298910609791171,4.3682475090026855,243216,0.0,0.0
1994-04-06,4.385586898677757,4.4375901222229,4.350918409533899,4.4375901222229,377541,0.0,0.0
1994-04-07,4.454921700872405,4.489590167999268,4.420252580640148,4.489590167999268,353096,0.0,0.0
1994-04-08,4.489592018118871,4.489592018118871,4.437589132722317,4.472257614135742,234821,0.0,0.0
1994-04-11,4.506924835299669,4.645599365234375,4.4722560395396345,4.645599365234375,494581,0.0,0.0
1994-04-12,4.628263403096886,4.628263403096886,4.576260230701979,4.610929012298584,262476,0.0,0.0
1994-04-13,4.610929012298584,4.610929012298584,4.558925839903677,4.610929012298584,163955,0.0,0.0
1994-04-14,4.610929748040481,4.610929748040481,4.558926567347698,4.593595027923584,159016,0.0,0.0
1994-04-15,4.610929012298584,4.610929012298584,4.576260230701979,4.610929012298584,296304,0.0,0.0
1994-04-18,4.593595027923584,4.610929748040481,4.558926567347698,4.593595027923584,1671155,0.0,0.0
1994-04-19,4.593598112971172,4.662935733795166,4.5762640343180285,4.662935733795166,225191,0.0,0.0
1994-04-20,4.645597518272624,4.697600364685059,4.645597518272624,4.697600364685059,363219,0.0,0.0
1994-04-21,4.697601433198665,4.801607476233273,4.680267364820115,4.76693868637085,509890,0.0,0.0
1994-04-22,4.766939377261065,4.801608172148166,4.749604979817515,4.784274101257324,388652,0.0,0.0
1994-04-25,4.749606893270354,4.888281802133386,4.73227281539621,4.836278915405273,487173,0.0,0.0
1994-04-26,4.888280487201007,5.009620958996841,4.836277614461507,4.95761775970459,840763,0.0,0.0
1994-04-28,4.940281867980957,4.97495065703919,4.905613405475378,4.940281867980957,311119,0.0,0.0
1994-04-29,4.940282845432971,4.940282845432971,4.905614376068115,4.905614376068115,407912,0.0,0.0
1994-05-02,4.905614376068115,4.922948447474184,4.8882799781093285,4.905614376068115,56051,0.0,0.0
1994-05-03,4.905614332629327,4.940282801687196,4.888279934824034,4.914281368255615,457049,0.0,0.0
1994-05-04,4.922947303652248,4.922947303652248,4.801607199238938,4.818941593170166,296551,0.0,0.0
1994-05-05,4.801608172148166,4.836276967035266,4.784274101257324,4.784274101257324,77533,0.0,0.0
1994-05-06,4.801607494215548,4.801607494215548,4.714935845787562,4.732270240783691,355565,0.0,0.0
1994-05-09,4.697604217654308,4.7149386228603065,4.628267249936024,4.662935733795166,158276,0.0,0.0
1994-05-10,4.6282652939070745,4.662933763114393,4.6282652939070745,4.645599365234375,151362,0.0,0.0
1994-05-11,4.62826651762633,4.6456005935367815,4.541594505310059,4.541594505310059,242722,0.0,0.0
1994-05-12,4.593595027923584,4.628264141604741,4.576260960911959,4.593595027923584,117534,0.0,0.0
1994-05-13,4.628263403096886,4.628263403096886,4.593594294947698,4.610929012298584,421739,0.0,0.0
1994-05-16,4.59359629591296,4.680268287658691,4.59359629591296,4.680268287658691,177289,0.0,0.0
1994-05-17,4.628263453836871,4.697600364685059,4.628263453836871,4.697600364685059,269884,0.0,0.0
1994-05-18,4.6802701390011645,4.697604217654308,4.6456013285891675,4.662935733795166,683721,0.0,0.0
1994-05-19,4.662931909260965,4.697600364685059,4.662931909260965,4.697600364685059,461493,0.0,0.0
1994-05-20,4.662931909260965,4.697600364685059,4.662931909260965,4.697600364685059,43952,0.0,0.0
1994-05-23,4.697604217654308,4.697604217654308,4.662935733795166,4.662935733795166,270624,0.0,0.0
1994-05-24,4.6629327641069915,4.6976012258867845,4.645598369940772,4.654265403747559,251118,0.0,0.0
1994-05-25,4.645599365234375,4.69760223232171,4.645599365234375,4.645599365234375,74817,0.0,0.0
1994-05-26,4.697602782492393,4.749605655670166,4.697602782492393,4.749605655670166,334330,0.0,0.0
1994-05-27,4.714935845787562,4.766938704223289,4.714935845787562,4.732270240783691,163461,0.0,0.0
1994-05-31,4.749603939966464,4.766938333614922,4.732269872870644,4.740937232971191,107410,0.0,0.0
1994-06-01,4.7322703303612075,4.784273516333969,4.7322703303612075,4.775606155395508,207166,0.0,0.0
1994-06-02,4.766940055580342,4.784274782043274,4.749605655670166,4.749605655670166,56051,0.0,0.0
1994-06-03,4.7322715823127455,4.784274782043274,4.7322715823127455,4.749605655670166,89138,0.0,0.0
1994-06-06,4.784273407854723,4.801607476233273,4.749604291439638,4.76693868637085,337787,0.0,0.0
1994-06-07,4.801610106551306,4.836278915405273,4.749606893270354,4.836278915405273,107410,0.0,0.0
1994-06-08,4.78427358638754,4.853610515594482,4.78427358638754,4.853610515594482,51112,0.0,0.0
1994-06-09,4.853612993279417,4.870947397706401,4.818944510978289,4.836278915405273,146670,0.0,0.0
1994-06-10,4.853610515594482,4.8882793067506265,4.836276446569084,4.853610515594482,350133,0.0,0.0
1994-06-13,4.87809021783894,4.8955741548062175,4.80815315246582,4.80815315246582,135312,0.121497,0.0
1994-06-14,4.825636866384285,4.825636866384285,4.79066801071167,4.79066801071167,264451,0.0,0.0
1994-06-15,4.790669833851208,4.808154103653366,4.7032491435925525,4.738217353820801,329638,0.0,0.0
1994-06-16,4.7207323677658675,4.738216304319316,4.650795633424091,4.685763835906982,364948,0.0,0.0
1994-06-17,4.7032495411228865,4.7032495411228865,4.598344242819149,4.615828514099121,159016,0.0,0.0
1994-06-20,4.58085735011115,4.6158258726601105,4.510920634389137,4.56337308883667,176054,0.0,0.0
1994-06-21,4.510921877097279,4.563374345994876,4.47595367429088,4.528406143188477,189388,0.0,0.0
1994-06-22,4.545888725004646,4.633309364318848,4.510920205778265,4.633309364318848,859775,0.0,0.0
1994-06-23,4.650794982910156,4.650794982910156,4.615826455942373,4.650794982910156,174819,0.0,0.0
1994-06-24,4.650794982910156,4.650794982910156,4.633310390050315,4.650794982910156,126423,0.0,0.0
1994-06-27,4.615824495467894,4.668277263641357,4.615824495467894,4.668277263641357,318033,0.0,0.0
1994-06-28,4.650798012263694,4.773187277618767,4.633313408015045,4.7644453048706055,372108,0.0,0.0
1994-06-29,4.7382164164687035,4.80815315246582,4.7382164164687035,4.80815315246582,486679,0.0,0.0
1994-06-30,4.8431223211806325,4.878090858459473,4.790669515262372,4.878090858459473,179017,0.0,0.0
1994-07-01,4.878089131745526,4.913057327270508,4.8431206068446135,4.913057327270508,103213,0.0,0.0
1994-07-05,4.913056348534254,5.03544583193015,4.895572089566859,5.000477313995361,629893,0.0,0.0
1994-07-06,5.035446717792831,5.05293097983615,5.017962455749512,5.017962455749512,531125,0.0,0.0
1994-07-07,5.035448245182952,5.105384985194045,5.035448245182952,5.070416450500488,477790,0.0,0.0
1994-07-08,5.052932512529731,5.070416450500488,5.035448245182952,5.070416450500488,642486,0.0,0.0
1994-07-11,5.035446095190525,5.0704142855776375,5.017961835309028,5.0529303550720215,986939,0.0,0.0
1994-07-12,5.017961835309028,5.0704142855776375,5.017961835309028,5.0529303550720215,190375,0.0,0.0
1994-07-13,5.044188060443333,5.0529303550720215,5.035446095190525,5.0529303550720215,613596,0.0,0.0
1994-07-14,5.035446095190525,5.0704142855776375,5.035446095190525,5.0529303550720215,251611,0.0,0.0
1994-07-15,5.035448245182952,5.070416450500488,5.035448245182952,5.070416450500488,181239,0.0,0.0
1994-07-18,5.044188717360521,5.087899208068848,5.035446750969226,5.087899208068848,965457,0.0,0.0
1994-07-19,5.052932512529731,5.122868923164803,5.052932512529731,5.070416450500488,380998,0.0,0.0
1994-07-20,5.070416450500488,5.070416450500488,5.035448245182952,5.070416450500488,371615,0.0,0.0
1994-07-21,5.035448245182952,5.087900717847267,5.035448245182952,5.070416450500488,1313121,0.0,0.0
1994-07-22,5.052932306521244,5.087900510413124,5.017963773253356,5.026705741882324,475568,0.0,0.0
1994-07-25,5.017961835309028,5.0529303550720215,5.017961835309028,5.0529303550720215,321984,0.0,0.0
1994-07-26,5.035447909914922,5.0529321760975705,4.948026908377677,4.965510845184326,207413,0.0,0.0
1994-07-27,4.948026180267334,4.9829943781110035,4.860605191594234,4.948026180267334,330132,0.0,0.0
1994-07-28,4.913057653047714,4.9829943781110035,4.913057653047714,4.948026180267334,113089,0.0,0.0
1994-07-29,4.948023042895348,4.9829912185668945,4.948023042895348,4.9829912185668945,22717,0.0,0.0
1994-08-01,4.948025736952157,5.035446717792831,4.948025736952157,5.017962455749512,309391,0.0,0.0
1994-08-02,5.017961572962756,5.03544583193015,5.000477313995361,5.000477313995361,123460,0.0,0.0
1994-08-03,5.000478193706193,5.05293097983615,5.000478193706193,5.017962455749512,142226,0.0,0.0
1994-08-04,5.017963977836173,5.070416450500488,5.017963977836173,5.070416450500488,248402,0.0,0.0
1994-08-05,5.052929470137298,5.052929470137298,5.017960956498445,5.035445213317871,96052,0.0,0.0
1994-08-08,5.017963977836173,5.070416450500488,5.017963977836173,5.070416450500488,227660,0.0,0.0
1994-08-09,5.035445213317871,5.070413397580901,5.035445213317871,5.035445213317871,28643,0.0,0.0
1994-08-10,5.070414912503548,5.070414912503548,5.017962455749512,5.017962455749512,108398,0.0,0.0
1994-08-11,5.000477313995361,5.03544583193015,5.000477313995361,5.000477313995361,100250,0.0,0.0
1994-08-12,4.982993315546035,5.0529303550720215,4.982993315546035,5.0529303550720215,60002,0.0,0.0
1994-08-15,5.052931013127741,5.087899208068848,5.01796248881071,5.087899208068848,63212,0.0,0.0
1994-08-16,5.087899609448009,5.140352070685552,5.070415345910178,5.10538387298584,264451,0.0,0.0
1994-08-17,5.1053819112197525,5.140350095482782,5.035445213317871,5.035445213317871,239265,0.0,0.0
1994-08-18,5.05293097983615,5.05293097983615,4.9829939316628735,5.017962455749512,183215,0.0,0.0
1994-08-19,4.982992472084498,5.017960985928438,4.982992472084498,5.009218692779541,342231,0.0,0.0
1994-08-22,5.009220608837744,5.009220608837744,4.913057653047714,4.948026180267334,180252,0.0,0.0
1994-08-23,4.913057880446895,4.939284441763474,4.895573616027832,4.895573616027832,168646,0.0,0.0
1994-08-24,4.895573504327084,4.930542032367344,4.8780895696829125,4.90431547164917,146917,0.0,0.0
1994-08-25,4.895573064820052,4.94802585217142,4.895573064820052,4.913057327270508,158276,0.0,0.0
1994-08-26,4.913057327270508,4.94802585217142,4.913057327270508,4.913057327270508,62224,0.0,0.0
1994-08-29,4.913056348534254,5.017961572962756,4.913056348534254,5.000477313995361,212351,0.0,0.0
1994-08-30,5.000478193706193,5.017962455749512,4.9829939316628735,5.017962455749512,54569,0.0,0.0
1994-08-31,5.017961835309028,5.0529303550720215,5.0004775754275315,5.0529303550720215,153584,0.0,0.0
1994-09-01,5.035448245182952,5.070416450500488,5.035448245182952,5.070416450500488,105682,0.0,0.0
1994-09-02,5.052932512529731,5.087900717847267,5.052932512529731,5.070416450500488,84694,0.0,0.0
1994-09-06,5.070413397580901,5.087897654400327,5.035445213317871,5.035445213317871,88150,0.0,0.0
1994-09-07,5.035447909914922,5.0529321760975705,4.965510845184326,4.965510845184326,150127,0.0,0.0
1994-09-08,4.974251090232202,5.000477313995361,4.9480248664690425,5.000477313995361,150868,0.0,0.0
1994-09-09,4.965510344328119,4.965510344328119,4.860605416565671,4.895573616027832,241488,0.0,0.0
1994-09-12,4.902627944946289,4.93789846315856,4.884992519728355,4.902627944946289,70619,0.121497,0.0
1994-09-13,4.937897605494092,4.955533027648926,4.920262515562797,4.955533027648926,47656,0.0,0.0
1994-09-14,4.937897103571092,4.9731679442955805,4.937897103571092,4.942306041717529,88150,0.0,0.0
1994-09-15,4.937897453728459,4.9908037185668945,4.937897453728459,4.9908037185668945,155560,0.0,0.0
1994-09-16,4.955535959506957,5.008441925048828,4.937900526918421,5.008441925048828,403467,0.0,0.0
1994-09-19,4.990805274364502,5.026075796361574,4.990805274364502,4.999622821807861,167659,0.0,0.0
1994-09-20,4.9908037185668945,5.008438807956177,4.9908037185668945,4.9908037185668945,435320,0.0,0.0
1994-09-21,4.9908037185668945,5.008438807956177,4.9908037185668945,4.9908037185668945,411863,0.0,0.0
1994-09-22,4.9908037185668945,5.008438807956177,4.9908037185668945,4.9908037185668945,81731,0.0,0.0
1994-09-23,5.008438807956177,5.008438807956177,4.9908037185668945,4.9908037185668945,337787,0.0,0.0
1994-09-26,4.99080570910308,5.0084408055259555,4.937899423163468,4.973170280456543,193091,0.0,0.0
1994-09-27,4.955535959506957,5.008441925048828,4.937900526918421,5.008441925048828,34569,0.0,0.0
1994-09-28,4.95553287534127,5.008438807956177,4.95553287534127,4.9908037185668945,107410,0.0,0.0
1994-09-29,4.973170196906715,4.990805625256975,4.92026424407959,4.92026424407959,819281,0.0,0.0
1994-09-30,4.920262464586156,4.937897554334742,4.920262464586156,4.929080009460449,410628,0.0,0.0
1994-10-03,4.920263370164223,4.93789846315856,4.884992519728355,4.902627944946289,483963,0.0,0.0
1994-10-04,4.902625501100936,4.902625501100936,4.8673550004701935,4.8761725425720215,357540,0.0,0.0
1994-10-05,4.867358624023288,4.884993721355565,4.814452335355418,4.849722862243652,546681,0.0,0.0
1994-10-06,4.884993782091333,4.920264641641773,4.867358684539795,4.867358684539795,184202,0.0,0.0
1994-10-07,4.867357157352143,4.920263097854291,4.867357157352143,4.893809795379639,124942,0.0,0.0
1994-10-10,4.884991645812988,4.920262489938972,4.876174100893261,4.884991645812988,106176,0.0,0.0
1994-10-11,4.867358684539795,4.920264641641773,4.867358684539795,4.867358684539795,110126,0.0,0.0
1994-10-12,4.867356581510574,4.9026270935980705,4.832085404975999,4.840903282165527,225438,0.0,0.0
1994-10-13,4.849720801687004,4.90262706787598,4.8320853796240115,4.884991645812988,122472,0.0,0.0
1994-10-14,4.867358684539795,4.902629211866553,4.867358684539795,4.867358684539795,205191,0.0,0.0
1994-10-17,4.867357267780808,4.884992360199237,4.832086086273193,4.832086086273193,63458,0.0,0.0
1994-10-18,4.83208784273543,4.849723273787918,4.72627592086792,4.72627592086792,132349,0.0,0.0
1994-10-19,4.726272622092927,4.79681396484375,4.726272622092927,4.79681396484375,86916,0.0,0.0
1994-10-20,4.796817867172463,4.796817867172463,4.743911900124915,4.779182434082031,103706,0.0,0.0
1994-10-21,4.779178727592168,4.779178727592168,4.708637714385986,4.708637714385986,166177,0.0,0.0
1994-10-24,4.7086400349628175,4.726275130843789,4.620462894439697,4.620462894439697,232352,0.0,0.0
1994-10-25,4.585192199246676,4.63809814936143,4.49701506201602,4.514650821685791,442728,0.0,0.0
1994-10-26,4.49701474792143,4.5499210265645775,4.461744227716281,4.479379653930664,637301,0.0,0.0
1994-10-27,4.461744227716281,4.514650506359429,4.461744227716281,4.479379653930664,190128,0.0,0.0
1994-10-28,4.49701474792143,4.514650506359429,4.444108801501899,4.479379653930664,454333,0.0,0.0
1994-10-31,4.514652305544122,4.514652305544122,4.461746005816692,4.470563888549805,369392,0.0,0.0
1994-11-01,4.497013946327412,4.497013946327412,4.4176553730674195,4.444108009338379,182721,0.0,0.0
1994-11-02,4.461741195626778,4.461741195626778,4.338293960465035,4.355929374694824,479025,0.0,0.0
1994-11-03,4.373566909597125,4.373566909597125,4.338296064035279,4.347113609313965,149634,0.0,0.0
1994-11-04,4.338293069074456,4.35592847968069,4.232480937660367,4.250116348266602,369886,0.0,0.0
1994-11-07,4.232487350182095,4.303028767259017,4.232487350182095,4.267757892608643,363466,0.0,0.0
1994-11-08,4.285392966950316,4.33829927444458,4.267757531118895,4.33829927444458,472111,0.0,0.0
1994-11-09,4.338296064035279,4.355931486816202,4.320660973477907,4.347113609313965,266921,0.0,0.0
1994-11-10,4.355929374694824,4.373564788924613,4.338293960465035,4.355929374694824,792366,0.0,0.0
1994-11-11,4.373566909597125,4.373566909597125,4.338296064035279,4.347113609313965,788909,0.0,0.0
1994-11-14,4.355931486816202,4.355931486816202,4.338296064035279,4.347113609313965,604460,0.0,0.0
1994-11-15,4.338293960465035,4.355929374694824,4.338293960465035,4.355929374694824,195561,0.0,0.0
1994-11-16,4.355933313145927,4.373568743320928,4.3382978829709264,4.364750862121582,594336,0.0,0.0
1994-11-17,4.373568058013916,4.373568058013916,4.355932630602261,4.373568058013916,130621,0.0,0.0
1994-11-18,4.355932630602261,4.373568058013916,4.355932630602261,4.373568058013916,372849,0.0,0.0
1994-11-21,4.391200471268144,4.4088358879089355,4.373565386850788,4.4088358879089355,284205,0.0,0.0
1994-11-22,4.373566981502039,4.479378855480106,4.373566981502039,4.444108009338379,628411,0.0,0.0
1994-11-23,4.479379653930664,4.479379653930664,4.40883828129675,4.479379653930664,221734,0.0,0.0
1994-11-25,4.444109111901266,4.514650821685791,4.444109111901266,4.514650821685791,71854,0.0,0.0
1994-11-28,4.514650506359429,4.514650506359429,4.461744227716281,4.479379653930664,174819,0.0,0.0
1994-11-29,4.479380692449051,4.479380692449051,4.461745262145996,4.461745262145996,82224,0.0,0.0
1994-11-30,4.479377222248667,4.479377222248667,4.4088358879089355,4.4088358879089355,174819,0.0,0.0
1994-12-01,4.426472942514988,4.426472942514988,4.303025312572511,4.3206610679626465,447172,0.0,0.0
1994-12-02,4.33829927444458,4.33829927444458,4.285392966950316,4.33829927444458,235315,0.0,0.0
1994-12-05,4.30302388702017,4.3559301389925436,4.285388469696045,4.285388469696045,536310,0.0,0.0
1994-12-06,4.320662438137796,4.320662438137796,4.232485294342041,4.232485294342041,124448,0.0,0.0
1994-12-07,4.250120723101192,4.250120723101192,4.197214769047403,4.232485294342041,112102,0.0,0.0
1994-12-08,4.232487350182095,4.267757892608643,4.197216807755546,4.267757892608643,152350,0.0,0.0
1994-12-09,4.232480937660367,4.28538683725575,4.232480937660367,4.250116348266602,142720,0.0,0.0
1994-12-12,4.275056838989258,4.328494936223347,4.239431552688287,4.275056838989258,233833,0.121497,0.0
1994-12-13,4.275058656712729,4.3106839581613166,4.239433355264142,4.292871475219727,131361,0.0,0.0
1994-12-14,4.3106839581613166,4.328496776668313,4.292871475219727,4.292871475219727,161239,0.0,0.0
1994-12-15,4.3106839581613166,4.3106839581613166,4.257245838205732,4.292871475219727,145683,0.0,0.0
1994-12-16,4.3106839581613166,4.328496776668313,4.257245838205732,4.292871475219727,194820,0.0,0.0
1994-12-19,4.3106846040120175,4.43537401667725,4.3106846040120175,4.4175615310668945,288156,0.0,0.0
1994-12-20,4.43537401667725,4.43537401667725,4.399748709891082,4.4175615310668945,134324,0.0,0.0
1994-12-21,4.399748709891082,4.4175615310668945,4.381935888715269,4.4175615310668945,218277,0.0,0.0
1994-12-22,4.41756018743149,4.41756018743149,4.381934555915678,4.399747371673584,97780,0.0,0.0
1994-12-23,4.4175615310668945,4.4175615310668945,4.381935888715269,4.4175615310668945,74570,0.0,0.0
1994-12-27,4.417559873672685,4.453185167092842,4.381934244687196,4.435372352600098,161733,0.0,0.0
1994-12-28,4.417560399937535,4.435372880986952,4.3641222856585395,4.390841007232666,360256,0.0,0.0
1994-12-29,4.364123403104913,4.4175615310668945,4.364123403104913,4.4175615310668945,96299,0.0,0.0
1994-12-30,4.4175615310668945,4.43537401667725,4.399748709891082,4.4175615310668945,182227,0.0,0.0
1995-01-03,4.417560248941567,4.533343049632081,4.417560248941567,4.5244364738464355,488902,0.0,0.0
1995-01-04,4.524434113894204,4.595685005187988,4.524434113894204,4.595685005187988,482235,0.0,0.0
1995-01-05,4.595684823883159,4.595684823883159,4.542246405847137,4.560059547424316,128151,0.0,0.0
1995-01-06,4.577876567840576,4.577876567840576,4.542250587454026,4.577876567840576,346182,0.0,0.0
1995-01-09,4.577876567840576,4.577876567840576,4.542250587454026,4.577876567840576,117287,0.0,0.0
1995-01-10,4.577876567840576,4.6313146995067,4.542250587454026,4.577876567840576,201240,0.0,0.0
1995-01-11,4.577871808214321,4.595684276539702,4.542245864868164,4.542245864868164,263957,0.0,0.0
1995-01-12,4.577876567840576,4.577876567840576,4.542250587454026,4.577876567840576,146670,0.0,0.0
1995-01-13,4.560063944257498,4.666940212249756,4.560063944257498,4.666940212249756,168153,0.0,0.0
1995-01-16,4.6669388499860665,4.720376968383789,4.64912603199836,4.720376968383789,116793,0.0,0.0
1995-01-17,4.702564064483242,4.738189697265625,4.702564064483242,4.738189697265625,101237,0.0,0.0
1995-01-18,4.684750728009495,4.738189171250544,4.6134998059200925,4.649125099182129,789650,0.0,0.0
1995-01-19,4.649127816525891,4.649127816525891,4.595689677616401,4.613502502441406,37285,0.0,0.0
1995-01-20,4.59568798929401,4.613500807575103,4.59568798929401,4.6045942306518555,32347,0.0,0.0
1995-01-23,4.577874708443424,4.577874708443424,4.524436262916933,4.5333428382873535,227166,0.0,0.0
1995-01-24,4.542245864868164,4.542245864868164,4.524433396542784,4.542245864868164,58026,0.0,0.0
1995-01-25,4.54224708769498,4.560060231946133,4.488808997202406,4.551153659820557,95805,0.0,0.0
1995-01-26,4.524433935400301,4.560059547424316,4.524433935400301,4.560059547424316,56545,0.0,0.0
1995-01-27,4.560059004323809,4.577871808214321,4.524433396542784,4.542245864868164,211857,0.0,0.0
1995-01-30,4.542248954287007,4.57787492186423,4.5244364738464355,4.5244364738464355,88644,0.0,0.0
1995-01-31,4.542249042099827,4.542249042099827,4.488810928614303,4.5066237449646,254575,0.0,0.0
1995-02-01,4.524433396542784,4.542245864868164,4.470995320436378,4.542245864868164,191363,0.0,0.0
1995-02-02,4.542249042099827,4.542249042099827,4.5066237449646,4.5066237449646,180499,0.0,0.0
1995-02-03,4.524438100608972,4.59568905468563,4.524438100608972,4.577876567840576,257538,0.0,0.0
1995-02-06,4.560062577772515,4.809441020967286,4.560062577772515,4.756002902984619,792613,0.0,0.0
1995-02-07,4.738190121936893,4.809441058322322,4.720376968383789,4.720376968383789,201734,0.0,0.0
1995-02-08,4.702564239501953,4.73818987361024,4.702564239501953,4.702564239501953,129633,0.0,0.0
1995-02-09,4.738190121936893,4.738190121936893,4.6847516679737735,4.720376968383789,210623,0.0,0.0
1995-02-10,4.684750556945801,4.720375848906979,4.684750556945801,4.684750556945801,65434,0.0,0.0
1995-02-13,4.720378346245885,4.720378346245885,4.666940212249756,4.666940212249756,54322,0.0,0.0
1995-02-14,4.666938605393665,4.720376720990717,4.666938605393665,4.702564239501953,189881,0.0,0.0
1995-02-15,4.6847516679737735,4.738190121936893,4.6847516679737735,4.720376968383789,123954,0.0,0.0
1995-02-16,4.684750556945801,4.720375848906979,4.631312451221374,4.684750556945801,335811,0.0,0.0
1995-02-17,4.684750556945801,4.684750556945801,4.631312451221374,4.684750556945801,217783,0.0,0.0
1995-02-21,4.684750556945801,4.684750556945801,4.649124929419305,4.684750556945801,38026,0.0,0.0
1995-02-22,4.6847514224478095,4.702564239501953,4.649125788339521,4.702564239501953,87657,0.0,0.0
1995-02-23,4.702563752913491,4.773814678192139,4.666938122491494,4.773814678192139,220253,0.0,0.0
1995-02-24,4.738188644773188,4.7738139340767685,4.738188644773188,4.764907360076904,127658,0.0,0.0
1995-02-27,4.720376968383789,4.756002939924599,4.70256448596148,4.720376968383789,38520,0.0,0.0
1995-02-28,4.756002690664385,4.756002690664385,4.702564239501953,4.702564239501953,104447,0.0,0.0
1995-03-01,4.702563117851256,4.845064949164252,4.702563117851256,4.809439659118652,219018,0.0,0.0
1995-03-02,4.845065593719482,4.898503703679581,4.827252778544334,4.845065593719482,109632,0.0,0.0
1995-03-03,4.862875809017902,4.862875809017902,4.827250197714402,4.853969573974609,222969,0.0,0.0
1995-03-06,4.827252778544334,4.880690888504433,4.827252778544334,4.845065593719482,166424,0.0,0.0
1995-03-07,4.845064244541084,4.8985023396205705,4.827251434326172,4.827251434326172,462234,0.0,0.0
1995-03-08,4.880690888504433,4.880690888504433,4.827252778544334,4.845065593719482,148152,0.0,0.0
1995-03-09,4.827251746195548,4.898502656093182,4.827251746195548,4.862877368927002,228154,0.0,0.0
1995-03-10,4.862877368927002,4.898502656093182,4.862877368927002,4.862877368927002,41483,0.0,0.0
1995-03-13,4.946333885192871,4.946333885192871,4.910360736365317,4.946333885192871,47409,0.133647,0.0
1995-03-14,4.964320967869477,4.964320967869477,4.928347141358151,4.946333885192871,90126,0.0,0.0
1995-03-15,4.928347141358151,4.964320967869477,4.928347141358151,4.946333885192871,36544,0.0,0.0
1995-03-16,4.964321481073385,5.054254531860352,4.928347650843141,5.054254531860352,386924,0.0,0.0
1995-03-17,5.054256859913057,5.126203536987305,5.036270105933975,5.126203536987305,324453,0.0,0.0
1995-03-20,5.09022855758667,5.126201713909293,5.09022855758667,5.09022855758667,596065,0.0,0.0
1995-03-21,5.090228917003969,5.162175573571272,5.090228917003969,5.153182029724121,509396,0.0,0.0
1995-03-22,5.126204507721022,5.162178022491379,5.108217750335844,5.144191265106201,241488,0.0,0.0
1995-03-23,5.144188824718952,5.162175573571272,5.144188824718952,5.153182029724121,59261,0.0,0.0
1995-03-24,5.144191265106201,5.162178022491379,5.144191265106201,5.144191265106201,114077,0.0,0.0
1995-03-27,5.144191265106201,5.162178022491379,5.126204507721022,5.144191265106201,474333,0.0,0.0
1995-03-28,5.144188824718952,5.162175573571272,5.144188824718952,5.153182029724121,121978,0.0,0.0
1995-03-29,5.14418938140337,5.180162883000926,5.14418938140337,5.162176132202148,178523,0.0,0.0
1995-03-30,5.1801652908325195,5.1801652908325195,5.162178531673181,5.1801652908325195,113583,0.0,0.0
1995-03-31,5.1711697882076395,5.252110004425049,5.162176581446615,5.252110004425049,717056,0.0,0.0
1995-04-03,5.234122663355233,5.2880825755363565,5.234122663355233,5.2700958251953125,272600,0.0,0.0
1995-04-04,5.270096417947098,5.288083170311194,5.234123252060953,5.252110004425049,268649,0.0,0.0
1995-04-05,5.288081645965576,5.288081645965576,5.252108490449074,5.288081645965576,374578,0.0,0.0
1995-04-06,5.270095775967654,5.396002688336864,5.270095775967654,5.387009143829346,437048,0.0,0.0
1995-04-07,5.396000459880178,5.396000459880178,5.342040570487611,5.360027313232422,332848,0.0,0.0
1995-04-10,5.342045755513185,5.360032515716067,5.306072235107422,5.306072235107422,283958,0.0,0.0
1995-04-11,5.306072235107422,5.342045755513185,5.306072235107422,5.306072235107422,325934,0.0,0.0
1995-04-12,5.306068393144801,5.342041887503252,5.288081645965576,5.288081645965576,83953,0.0,0.0
1995-04-13,5.288083148003077,5.324056313737467,5.234123229980469,5.234123229980469,176548,0.0,0.0
1995-04-17,5.252108036382306,5.252108036382306,5.162174647103247,5.171167850494385,220746,0.0,0.0
1995-04-18,5.162176542389591,5.198150046845607,5.090229872319602,5.108216285705566,303712,0.0,0.0
1995-04-19,5.090228023248676,5.126201175795078,5.018281379313949,5.054254531860352,300255,0.0,0.0
1995-04-20,5.05425461293177,5.05425461293177,4.982307967843003,5.01828145980835,120991,0.0,0.0
1995-04-21,4.982310790214934,5.018284302558502,4.982310790214934,5.000297546386719,140004,0.0,0.0
1995-04-24,5.000296570930757,5.000296570930757,4.982309818267822,4.982309818267822,39507,0.0,0.0
1995-04-25,4.982310790214934,5.000297546386719,4.982310790214934,5.000297546386719,109386,0.0,0.0
1995-04-26,4.982309818267822,5.018283323593693,4.982309818267822,4.982309818267822,177782,0.0,0.0
1995-04-27,4.982307967843003,5.01828145980835,4.982307967843003,5.01828145980835,82965,0.0,0.0
1995-04-28,4.982310790214934,5.018284302558502,4.964324372885269,5.000297546386719,329885,0.0,0.0
1995-05-01,5.000296512719328,5.018283265172868,4.964323346654295,4.991302967071533,311119,0.0,0.0
1995-05-02,4.964324474334717,5.018284405110659,4.964324474334717,4.964324474334717,287168,0.0,0.0
1995-05-03,4.964321560702256,5.036267866949096,4.964321560702256,5.01828145980835,148893,0.0,0.0
1995-05-04,5.0362677861661895,5.090228023248676,5.0362677861661895,5.054254531860352,121238,0.0,0.0
1995-05-05,5.072243120091594,5.108216285705566,5.072243120091594,5.108216285705566,178523,0.0,0.0
1995-05-08,5.090229889358818,5.234123229980469,5.090229889358818,5.234123229980469,355071,0.0,0.0
1995-05-09,5.216134996090624,5.288081645965576,5.216134996090624,5.288081645965576,454580,0.0,0.0
1995-05-10,5.270095040383047,5.3060685357080315,5.198148727416992,5.198148727416992,1725724,0.0,0.0
1995-05-11,5.1801652908325195,5.216138470309022,5.1801652908325195,5.1801652908325195,78521,0.0,0.0
1995-05-12,5.162178531673181,5.1801652908325195,5.144191772513842,5.1801652908325195,104200,0.0,0.0
1995-05-15,5.144191772513842,5.1801652908325195,5.144191772513842,5.1801652908325195,69878,0.0,0.0
1995-05-16,5.1801652908325195,5.216138470309022,5.144191772513842,5.1801652908325195,170622,0.0,0.0
1995-05-17,5.180162342857013,5.216135501861572,5.180162342857013,5.216135501861572,81977,0.0,0.0
1995-05-18,5.1801619797545,5.198148727416992,5.162175232092007,5.198148727416992,66421,0.0,0.0
1995-05-19,5.144191772513842,5.198152049991858,5.144191772513842,5.1801652908325195,50125,0.0,0.0
1995-05-22,5.180162342857013,5.2521089997081125,5.180162342857013,5.216135501861572,130868,0.0,0.0
1995-05-23,5.216136499696857,5.252110004425049,5.216136499696857,5.252110004425049,96299,0.0,0.0
1995-05-24,5.216138470309022,5.2521119886277,5.162178531673181,5.1801652908325195,229389,0.0,0.0
1995-05-25,5.162177044945467,5.19815055290363,5.126203536987305,5.126203536987305,118769,0.0,0.0
1995-05-26,5.13519617542499,5.162176132202148,5.126202630604593,5.162176132202148,363219,0.0,0.0
1995-05-30,5.126201686761234,5.162175181735299,5.07224178314209,5.07224178314209,204203,0.0,0.0
1995-05-31,5.108216285705566,5.144189790161583,5.072243120091594,5.108216285705566,175313,0.0,0.0
1995-06-01,5.126205013354504,5.1801652908325195,5.108218254195165,5.1801652908325195,183955,0.0,0.0
1995-06-02,5.180162877149905,5.324055866851547,5.1441893755929815,5.315062999725342,499025,0.0,0.0
1995-06-05,5.342044674445562,5.36003143100847,5.306071161319745,5.324057579040527,293835,0.0,0.0
1995-06-06,5.360029138796621,5.360029138796621,5.324055302212859,5.3510355949401855,101237,0.0,0.0
1995-06-07,5.360027313232422,5.378013717135367,5.306067084997989,5.360027313232422,278526,0.0,0.0
1995-06-08,5.360031959716482,5.396005137548529,5.342045201379378,5.378018379211426,339762,0.0,0.0
1995-06-09,5.360032515716067,5.3960056972796355,5.270098714701659,5.306072235107422,209388,0.0,0.0
1995-06-12,5.306068393144801,5.324054801482077,5.252108490449074,5.288081645965576,225932,0.0,0.0
1995-06-13,5.306069276313716,5.396002688336864,5.306069276313716,5.387009143829346,174079,0.0,0.0
1995-06-14,5.407696723937988,5.425843089950203,5.371402966347491,5.407696723937988,614337,0.133647,0.0
1995-06-15,5.407696827063994,5.407696827063994,5.335109994209462,5.353256702423096,362725,0.0,0.0
1995-06-16,5.389553138575276,5.389553138575276,5.33511298343198,5.371406078338623,102719,0.0,0.0
1995-06-19,5.353257265636889,5.407697396005409,5.353257265636889,5.389550685882568,77533,0.0,0.0
1995-06-20,5.389552663214976,5.407699379995528,5.389552663214976,5.39862585067749,43952,0.0,0.0
1995-06-21,5.3895512470275015,5.4076979590397265,5.262524604797363,5.262524604797363,373590,0.0,0.0
1995-06-22,5.298819541931152,5.316965917269748,5.262526107542898,5.298819541931152,117534,0.0,0.0
1995-06-23,5.280672824737025,5.298819541931152,5.262526107542898,5.298819541931152,40989,0.0,0.0
1995-06-26,5.262524357848496,5.316964149475098,5.262524357848496,5.316964149475098,240747,0.0,0.0
1995-06-27,5.316965160732934,5.316965160732934,5.262525358752178,5.280672073364258,93583,0.0,0.0
1995-06-28,5.307891585815497,5.335111141204834,5.280671346715288,5.335111141204834,109139,0.0,0.0
1995-06-29,5.3169662650508815,5.371406078338623,5.3169662650508815,5.371406078338623,237290,0.0,0.0
1995-06-30,5.389550685882568,5.389550685882568,5.353257265636889,5.389550685882568,185437,0.0,0.0
1995-07-03,5.3532566739026235,5.425843164515073,5.3532566739026235,5.416769981384277,153090,0.0,0.0
1995-07-05,5.425845623016357,5.462139055695157,5.407699248532474,5.425845623016357,126670,0.0,0.0
1995-07-06,5.425844552578955,5.516577774520138,5.407698181675077,5.480284690856934,467913,0.0,0.0
1995-07-07,5.480286049260836,5.516579141920045,5.425845897488723,5.443992614746094,227660,0.0,0.0
1995-07-10,5.462136508356635,5.552869364028151,5.462136508356635,5.516576290130615,179017,0.0,0.0
1995-07-11,5.534722998007061,5.534722998007061,5.49842958225417,5.516576290130615,155560,0.0,0.0
1995-07-12,5.4984304828988515,5.5710169844389705,5.4984304828988515,5.552870273590088,260501,0.0,0.0
1995-07-13,5.5165769997063085,5.607310208903838,5.5165769997063085,5.571016788482666,274822,0.0,0.0
1995-07-14,5.5891658390754495,5.679898738861084,5.571018780520592,5.679898738861084,316305,0.0,0.0
1995-07-17,5.661749839782715,5.698043259191719,5.661749839782715,5.661749839782715,244945,0.0,0.0
1995-07-18,5.661749603251605,5.679896312197991,5.589163451176812,5.607309818267822,548162,0.0,0.0
1995-07-19,5.607310406136736,5.6254571169856185,5.552870273590088,5.552870273590088,81731,0.0,0.0
1995-07-20,5.571019717366808,5.571019717366808,5.4984331802185284,5.534726619720459,147658,0.0,0.0
1995-07-21,5.4984307289123535,5.534724152233977,5.462137647446157,5.4984307289123535,70372,0.0,0.0
1995-07-24,5.498431061760812,5.498431061760812,5.443991265338281,5.480284690856934,69385,0.0,0.0
1995-07-25,5.443992614746094,5.480286049260836,5.443992614746094,5.443992614746094,58520,0.0,0.0
1995-07-26,5.480286049260836,5.480286049260836,5.443992614746094,5.443992614746094,161733,0.0,0.0
1995-07-27,5.48028321623308,5.516576290130615,5.443989800480189,5.516576290130615,222969,0.0,0.0
1995-07-28,5.480283861979669,5.589163780212402,5.480283861979669,5.589163780212402,218524,0.0,0.0
1995-07-31,5.589163780212402,5.607310148371694,5.552870018327629,5.589163780212402,201981,0.0,0.0
1995-08-01,5.571016728342317,5.589163780212402,5.552870018327629,5.589163780212402,53335,0.0,0.0
1995-08-02,5.589164037143266,5.589164037143266,5.552870273590088,5.552870273590088,80249,0.0,0.0
1995-08-03,5.55287007827208,5.571016788482666,5.534723709916895,5.571016788482666,22964,0.0,0.0
1995-08-04,5.516577193747734,5.607310406136736,5.516577193747734,5.552870273590088,29137,0.0,0.0
1995-08-07,5.516577440573165,5.5528705220393615,5.4984307289123535,5.4984307289123535,47409,0.0,0.0
1995-08-08,5.534725579197238,5.534725579197238,5.425845623016357,5.425845623016357,174819,0.0,0.0
1995-08-09,5.425843089950203,5.480283213552916,5.371402966347491,5.407696723937988,97040,0.0,0.0
1995-08-10,5.371406078338623,5.407699856956374,5.353259701813078,5.371406078338623,104447,0.0,0.0
1995-08-11,5.353259701813078,5.407699856956374,5.353259701813078,5.371406078338623,321984,0.0,0.0
1995-08-14,5.37140363390433,5.407697396005409,5.37140363390433,5.389550685882568,179264,0.0,0.0
1995-08-15,5.389550685882568,5.407697396005409,5.37140363390433,5.389550685882568,181980,0.0,0.0
1995-08-16,5.407699248532474,5.425845623016357,5.37140547399816,5.425845623016357,83459,0.0,0.0
1995-08-17,5.4076978543191485,5.4984307289123535,5.389551142658337,5.4984307289123535,674585,0.0,0.0
1995-08-18,5.4984307289123535,5.4984307289123535,5.462137647446157,5.4984307289123535,338033,0.0,0.0
1995-08-21,5.462139675650366,5.498432770592931,5.462139675650366,5.471212863922119,148399,0.0,0.0
1995-08-22,5.498430217063701,5.571016715094447,5.4621371389760265,5.561943531036377,325934,0.0,0.0
1995-08-23,5.571015735976602,5.643602563105455,5.5347226642675125,5.625455856323242,433838,0.0,0.0
1995-08-24,5.607309487657488,5.625456195533933,5.516576290130615,5.516576290130615,281489,0.0,0.0
1995-08-25,5.516576290130615,5.516576290130615,5.48028321623308,5.516576290130615,126917,0.0,0.0
1995-08-28,5.480284268453135,5.607310564266718,5.480284268453135,5.598237037658691,813601,0.0,0.0
1995-08-29,5.607308958885416,5.6798954416909,5.571015546555012,5.64360237121582,384701,0.0,0.0
1995-08-30,5.698042589876875,5.788775444030762,5.679895882303958,5.788775444030762,272600,0.0,0.0
1995-08-31,5.788774737650992,5.861361559085198,5.734334963430646,5.843214511871338,345935,0.0,0.0
1995-09-01,5.825068533703279,5.8613619468212335,5.6526753341759886,5.815995693206787,378281,0.0,0.0
1995-09-05,5.806923619529418,5.879510463897026,5.806923619529418,5.861363410949707,269884,0.0,0.0
1995-09-06,5.861363450308968,5.861363450308968,5.788776605453937,5.797850131988525,295069,0.0,0.0
1995-09-07,5.788775534937292,5.825068950653076,5.7706291689347555,5.825068950653076,366182,0.0,0.0
1995-09-08,5.825069988765904,5.897656833133511,5.806923619529418,5.861363410949707,306181,0.0,0.0
1995-09-11,5.897656833133511,5.915803202369996,5.861363410949707,5.861363410949707,78274,0.0,0.0
1995-09-12,5.897657226060109,6.006536816154701,5.861363801458285,5.9883904457092285,270377,0.0,0.0
1995-09-13,6.03668092127962,6.03668092127962,5.963508730572278,5.99780797958374,180252,0.133647,0.0
1995-09-14,6.000098705291748,6.0366848243001865,5.9635125862833105,6.000098705291748,213092,0.0,0.0
1995-09-15,5.981804370880127,6.036683189922447,5.981804370880127,5.981804370880127,265192,0.0,0.0
1995-09-18,6.018390290579932,6.018390290579932,5.945218755521547,5.9635114669799805,264945,0.0,0.0
1995-09-19,5.9269263379779,5.963511762709029,5.90863293638765,5.93607234954834,144942,0.0,0.0
1995-09-20,5.908631801605225,5.945217908534493,5.908631801605225,5.908631801605225,107657,0.0,0.0
1995-09-21,5.890339467894692,5.926926270659637,5.853754043579102,5.853754043579102,168646,0.0,0.0
1995-09-22,5.872045131153224,5.872045131153224,5.817166320638154,5.826313018798828,323959,0.0,0.0
1995-09-25,5.817167930038835,5.872046755736897,5.817167930038835,5.853754043579102,87904,0.0,0.0
1995-09-26,5.872045337031265,5.872045337031265,5.835459232330322,5.835459232330322,22223,0.0,0.0
1995-09-27,5.872045337031265,5.872045337031265,5.817166524592106,5.835459232330322,102225,0.0,0.0
1995-09-28,5.817168119989204,5.890339660234362,5.817168119989204,5.872046947479248,126917,0.0,0.0
1995-09-29,5.890336689853942,5.963508882424509,5.853751282793011,5.945216178894043,269637,0.0,0.0
1995-10-02,5.926926044063114,5.9635114669799805,5.926926044063114,5.9635114669799805,107657,0.0,0.0
1995-10-03,5.963511762709029,5.963511762709029,5.9269263379779,5.93607234954834,295316,0.0,0.0
1995-10-04,5.908631784319137,5.945217891141371,5.853752968698063,5.926925182342529,200746,0.0,0.0
1995-10-05,5.9269251996821355,5.9269251996821355,5.890338403528315,5.908631801605225,95558,0.0,0.0
1995-10-06,5.908630082608759,5.963508882424509,5.908630082608759,5.945216178894043,141238,0.0,0.0
1995-10-09,5.945219176949106,5.945219176949106,5.872046947479248,5.872046947479248,111361,0.0,0.0
1995-10-10,5.872046947479248,5.890339660234362,5.835460832744319,5.872046947479248,121978,0.0,0.0
1995-10-11,5.8903383862957455,5.945217891141371,5.83545957067467,5.926925182342529,366182,0.0,0.0
1995-10-12,5.9269251996821355,5.981804015463762,5.908631801605225,5.908631801605225,243710,0.0,0.0
1995-10-13,5.908631784319137,5.9635105999402125,5.908631784319137,5.926925182342529,197536,0.0,0.0
1995-10-16,5.926926270659637,5.926926270659637,5.8354606421966295,5.853754043579102,208400,0.0,0.0
1995-10-17,5.853752629293049,5.890338044769481,5.835459232330322,5.835459232330322,362232,0.0,0.0
1995-10-18,5.8720476333746054,6.000098705291748,5.8720476333746054,6.000098705291748,675573,0.0,0.0
1995-10-19,5.981807586031131,6.036686434570185,5.981807586031131,6.0275397300720215,160498,0.0,0.0
1995-10-20,6.000095944742347,6.073267459869385,6.000095944742347,6.073267459869385,95558,0.0,0.0
1995-10-23,6.000096724316119,6.036682831245388,5.872045694675957,5.908631801605225,688660,0.0,0.0
1995-10-24,5.908631784319137,5.926925182342529,5.872045677496904,5.926925182342529,119756,0.0,0.0
1995-10-25,5.908632869277165,5.908632869277165,5.817167930038835,5.853754043579102,131608,0.0,0.0
1995-10-26,5.817166524592106,5.853752629293049,5.79887381685389,5.835459232330322,198030,0.0,0.0
1995-10-27,5.798872947692871,5.835458357685719,5.798872947692871,5.798872947692871,173832,0.0,0.0
1995-10-30,5.835460176412141,5.872046287032117,5.7988747550167865,5.844606876373291,408900,0.0,0.0
1995-10-31,5.835459232330322,5.872045337031265,5.835459232330322,5.835459232330322,133337,0.0,0.0
1995-11-01,5.872046947479248,5.872046947479248,5.835460832744319,5.872046947479248,280007,0.0,0.0
1995-11-02,5.83546007731933,5.908632297316734,5.83546007731933,5.890338897705078,197042,0.0,0.0
1995-11-03,5.890339467894692,5.908632869277165,5.853754043579102,5.853754043579102,129386,0.0,0.0
1995-11-06,5.872045694675957,5.908631801605225,5.872045694675957,5.908631801605225,262970,0.0,0.0
1995-11-07,5.872045677496904,5.926925182342529,5.872045677496904,5.926925182342529,319761,0.0,0.0
1995-11-08,5.926925182342529,5.945217891141371,5.908631784319137,5.926925182342529,252352,0.0,0.0
1995-11-09,5.908630082608759,5.963508882424509,5.908630082608759,5.945216178894043,325934,0.0,0.0
1995-11-10,5.929212739077603,6.091563066410215,5.926926580703711,6.045830249786377,471370,0.0,0.0
1995-11-13,6.036681374693451,6.073266783570709,6.018387981030435,6.05497407913208,610139,0.0,0.0
1995-11-14,6.036681374693451,6.073266783570709,6.018387981030435,6.05497407913208,414579,0.0,0.0
1995-11-15,6.0000975791214985,6.036683691263017,5.9635114669799805,5.9635114669799805,136300,0.0,0.0
1995-11-16,5.9635106818496935,6.0549756055492825,5.9635106818496935,6.009243488311768,358528,0.0,0.0
1995-11-17,6.000096026233599,6.03668212890625,6.000096026233599,6.03668212890625,214080,0.0,0.0
1995-11-20,6.027539730072021,6.054979154341548,6.018393025573857,6.0275397300720215,238772,0.0,0.0
1995-11-21,6.05497407913208,6.05497407913208,6.000095276591806,6.05497407913208,177042,0.0,0.0
1995-11-22,6.054974850934065,6.054974850934065,6.018388748168945,6.018388748168945,102472,0.0,0.0
1995-11-24,6.018387981030435,6.05497407913208,6.018387981030435,6.05497407913208,173585,0.0,0.0
1995-11-27,6.018387981030435,6.05497407913208,6.000095276591806,6.05497407913208,344700,0.0,0.0
1995-11-28,6.054974835630339,6.054974835630339,6.018388732957688,6.03668212890625,206672,0.0,0.0
1995-11-29,6.018388732957688,6.054974835630339,6.000096026233599,6.03668212890625,80249,0.0,0.0
1995-11-30,6.0549760523694625,6.164733693218587,6.018389942344884,6.1464409828186035,435567,0.0,0.0
1995-12-01,6.183025558148036,6.201318264007568,6.109853356261026,6.201318264007568,353343,0.0,0.0
1995-12-04,6.164737537039174,6.402546366639942,6.164737537039174,6.32937479019165,716068,0.0,0.0
1995-12-05,6.311079855245489,6.3659586906433105,6.311079855245489,6.3659586906433105,101237,0.0,0.0
1995-12-06,6.311078388728355,6.567179790815693,6.311078388728355,6.512300968170166,842985,0.0,0.0
1995-12-07,6.512299851581709,6.567178664817802,6.448274339731426,6.457420349121094,279267,0.0,0.0
1995-12-08,6.475716939125485,6.5854746197124046,6.439130815854892,6.530595779418945,518038,0.0,0.0
1995-12-11,6.530591672260765,6.585470478040364,6.494006261223984,6.567177772521973,382726,0.0,0.0
1995-12-12,6.530591087847031,6.5671771848341995,6.4940056800842285,6.4940056800842285,153831,0.0,0.0
1995-12-13,6.542662846230441,6.597952833516656,6.505801928855008,6.524232387542725,266427,0.133647,0.0
1995-12-14,6.561092384207957,6.561092384207957,6.487371940776977,6.542662620544434,108892,0.0,0.0
1995-12-15,6.468942399189381,6.48737216348559,6.395221953227611,6.432082176208496,339515,0.0,0.0
1995-12-18,6.41364977826346,6.41364977826346,6.30306915472873,6.3583598136901855,167659,0.0,0.0
1995-12-19,6.30306915472873,6.3583598136901855,6.30306915472873,6.3583598136901855,74323,0.0,0.0
1995-12-20,6.349148273468018,6.376793271801077,6.321503275134959,6.349148273468018,69138,0.0,0.0
1995-12-21,6.376794120079467,6.376794120079467,6.32150411605835,6.32150411605835,168153,0.0,0.0
1995-12-22,6.32150411605835,6.376794120079467,6.32150411605835,6.32150411605835,63212,0.0,0.0
1995-12-26,6.376791228629938,6.376791228629938,6.303070793769964,6.339931011199951,80002,0.0,0.0
1995-12-27,6.339932312674949,6.432082527972531,6.303072087678216,6.422867298126221,975334,0.0,0.0
1995-12-28,6.395227456241231,6.432087710939907,6.376797676086426,6.376797676086426,110126,0.0,0.0
1995-12-29,6.413651446059925,6.413651446059925,6.339931011199951,6.339931011199951,108151,0.0,0.0
1996-01-02,6.358364956715926,6.597955459920693,6.303074253032043,6.579524993896484,778045,0.0,0.0
1996-01-03,6.59795080695774,6.671670535900208,6.561090595292379,6.588735580444336,557545,0.0,0.0
1996-01-04,6.579522135932122,6.616382357580725,6.468942165374756,6.468942165374756,189881,0.0,0.0
1996-01-05,6.487372518273378,6.487372518273378,6.413652762668416,6.422867298126221,104941,0.0,0.0
1996-01-08,6.413655757904053,6.450515305726026,6.413655757904053,6.413655757904053,16544,0.0,0.0
1996-01-09,6.413650384204777,6.413650384204777,6.376790172877431,6.404435157775879,68644,0.0,0.0
1996-01-10,6.339931011199951,6.413651446059925,6.339931011199951,6.339931011199951,271118,0.0,0.0
1996-01-11,6.358361467109126,6.376791228629938,6.303070793769964,6.339931011199951,105682,0.0,0.0
1996-01-12,6.3053784119949166,6.339934668775034,6.155634169688564,6.174064636230469,300255,0.0,0.0
1996-01-15,6.21092309717722,6.229353560504334,6.155633095973162,6.164848327636719,128892,0.0,0.0
1996-01-16,6.155630823997821,6.210920804794958,6.100340843200683,6.100340843200684,344700,0.0,0.0
1996-01-17,6.1003408372469705,6.155630817990147,6.081911075128707,6.118770599365234,65681,0.0,0.0
1996-01-18,6.118770850466648,6.118770850466648,6.026621341705322,6.026621341705322,150127,0.0,0.0
1996-01-19,6.063483252178542,6.11877325693586,6.026623711932786,6.045053482055664,390134,0.0,0.0
1996-01-22,6.045055488931855,6.109560747359823,6.045055488931855,6.072700500488281,173832,0.0,0.0
1996-01-23,6.063480854034424,6.10034107409042,6.063480854034424,6.063480854034424,130868,0.0,0.0
1996-01-24,6.081913716690105,6.100343486812982,6.045053482055664,6.045053482055664,208894,0.0,0.0
1996-01-25,6.063480867454487,6.081911324717483,6.008190884442327,6.026621341705322,120003,0.0,0.0
1996-01-26,6.026622523254308,6.026622523254308,5.9713325294022725,6.00819206237793,191857,0.0,0.0
1996-01-29,5.97133134547705,6.081911311256628,5.97133134547705,6.063480854034424,240500,0.0,0.0
1996-01-30,6.100340843200683,6.100340843200683,6.063480624539796,6.100340843200684,99262,0.0,0.0
1996-01-31,6.100341785695051,6.266211753713144,6.0634815613393105,6.210921764373779,772366,0.0,0.0
1996-02-01,6.266210556030273,6.266210556030273,6.137200837026002,6.266210556030273,587670,0.0,0.0
1996-02-02,6.266211517829898,6.303071740798084,6.229351989250179,6.247781753540039,324206,0.0,0.0
1996-02-05,6.229351989250179,6.247781753540039,6.229351989250179,6.247781753540039,81977,0.0,0.0
1996-02-06,6.2293500900268555,6.247779848697794,6.2293500900268555,6.2293500900268555,96793,0.0,0.0
1996-02-07,6.247781988729519,6.247781988729519,6.192491999390155,6.210921764373779,138275,0.0,0.0
1996-02-08,6.174064636230469,6.210924180536752,6.155634169688564,6.174064636230469,59261,0.0,0.0
1996-02-09,6.1924920082092285,6.1924920082092285,6.137202018791123,6.1924920082092285,157288,0.0,0.0
1996-02-12,6.1924920082092285,6.1924920082092285,6.137202018791123,6.1924920082092285,110620,0.0,0.0
1996-02-13,6.11876894933509,6.174059609556584,6.11876894933509,6.1556291580200195,178276,0.0,0.0
1996-02-14,6.17406105433652,6.284641011879712,6.137200837026002,6.266210556030273,505692,0.0,0.0
1996-02-15,6.266210576339978,6.339931011199951,6.229351053298354,6.339931011199951,471864,0.0,0.0
1996-02-16,6.33993742138775,6.376797676086426,6.284647386534269,6.376797676086426,429394,0.0,0.0
1996-02-20,6.3583598136901855,6.3583598136901855,6.26620894688382,6.3583598136901855,466432,0.0,0.0
1996-02-21,6.358361467109126,6.376791228629938,6.321501249679139,6.339931011199951,174572,0.0,0.0
1996-02-22,6.3767952748502665,6.413655515668907,6.3583655016353475,6.3952250480651855,168893,0.0,0.0
1996-02-23,6.413652877939509,6.496587864881351,6.395222417915643,6.450512409210205,255068,0.0,0.0
1996-02-26,6.450510367583677,6.984981734507479,6.450510367583677,6.874401092529297,2158081,0.0,0.0
1996-02-27,6.892832270914499,6.892832270914499,6.782252311706543,6.782252311706543,416554,0.0,0.0
1996-02-28,6.819116132758952,6.892836614950303,6.763826118309841,6.800686359405518,473099,0.0,0.0
1996-02-29,6.800681818350486,6.800681818350486,6.763821601867676,6.763821601867676,171362,0.0,0.0
1996-03-01,6.800684227001445,6.800684227001445,6.745394229888916,6.745394229888916,106669,0.0,0.0
1996-03-04,6.782251105636162,6.782251105636162,6.726961135864258,6.726961135864258,101237,0.0,0.0
1996-03-05,6.726964632559109,7.07713508605957,6.708534170129438,7.07713508605957,1557078,0.0,0.0
1996-03-06,7.0402751179760035,7.077135349820499,6.892834884986655,6.948124885559082,709648,0.0,0.0
1996-03-07,6.984984387251298,7.021844615242732,6.92969439245843,7.003414154052734,400257,0.0,0.0
1996-03-08,6.966553340009879,6.984983799649441,6.8559733597265256,6.883618354797363,665202,0.0,0.0
1996-03-11,6.874404935105213,6.874404935105213,6.782255390197147,6.837545394897461,363713,0.0,0.0
1996-03-12,6.782257112825622,6.819116662395348,6.653246606164997,6.708536624908447,331860,0.0,0.0
1996-03-13,6.760539607969158,6.760539607969158,6.630529042492783,6.667675018310547,306181,0.141746,0.0
1996-03-14,6.6305277098002735,6.667673678151942,6.611955075510168,6.639814376831055,212104,0.0,0.0
1996-03-15,6.611954131032437,6.667672725715146,6.50051624189566,6.556234836578369,395319,0.0,0.0
1996-03-18,6.537662285185664,6.61195421218872,6.5005163216841355,6.611954212188721,387417,0.0,0.0
1996-03-19,6.649096448343129,6.704815012475053,6.537658620308305,6.565517902374268,507668,0.0,0.0
1996-03-20,6.556235972654377,6.574809307281272,6.481944733461235,6.50051736831665,273587,0.0,0.0
1996-03-21,6.519092478125604,6.519092478125604,6.389081899420714,6.407655239105225,300255,0.0,0.0
1996-03-22,6.426225139275632,6.574808294546752,6.407652507281007,6.519089698791504,491371,0.0,0.0
1996-03-25,6.556235972654377,6.611955276763583,6.481944733461235,6.50051736831665,255068,0.0,0.0
1996-03-26,6.537660199746215,6.537660199746215,6.4819416221532,6.509800910949707,221240,0.0,0.0
1996-03-27,6.519089573304136,6.593381499395321,6.4819436102585435,6.556234836578369,466432,0.0,0.0
1996-03-28,6.537660199746215,6.556232825686838,6.500514248093824,6.509800910949707,104941,0.0,0.0
1996-03-29,6.556234962780755,6.556234962780755,6.519089698791504,6.519089698791504,410381,0.0,0.0
1996-04-01,6.537664890289307,6.574810868592622,6.500518911985991,6.537664890289307,725945,0.0,0.0
1996-04-02,6.556237740828804,6.556237740828804,6.537665100964469,6.546951770782471,221734,0.0,0.0
1996-04-03,6.537662330786129,6.556234962780755,6.500516367025506,6.519089698791504,120497,0.0,0.0
1996-04-04,6.50051736831665,6.537663337798961,6.481944733461235,6.50051736831665,281489,0.0,0.0
1996-04-08,6.407655606206684,6.42622824718357,6.351936283732604,6.370509624481201,178523,0.0,0.0
1996-04-09,6.351936283732604,6.42622824718357,6.314790302007121,6.370509624481201,184202,0.0,0.0
1996-04-10,6.351932213863409,6.351932213863409,6.296213626861572,6.296213626861572,238525,0.0,0.0
1996-04-11,6.296215839338595,6.33336181031659,6.240497232757357,6.277643203735352,394331,0.0,0.0
1996-04-12,6.259069385747442,6.407653258202682,6.259069385747442,6.35193395614624,637547,0.0,0.0
1996-04-15,6.351933832073293,6.351933832073293,6.314787864685059,6.314787864685059,104200,0.0,0.0
1996-04-16,6.351935121433588,6.351935121433588,6.277643871348402,6.291573524475098,173091,0.0,0.0
1996-04-17,6.277643203735352,6.314788474941838,6.2590698683606,6.277643203735352,153090,0.0,0.0
1996-04-18,6.296212037267228,6.44479513168335,6.2776394128793696,6.44479513168335,619275,0.0,0.0
1996-04-19,6.444794325569621,6.5748047793362,6.444794325569621,6.481940269470215,581497,0.0,0.0
1996-04-22,6.5376622049412525,6.574808167986845,6.463370978621427,6.556234836578369,367664,0.0,0.0
1996-04-23,6.574809024722338,6.593382358551026,6.537663056836412,6.593382358551025,715574,0.0,0.0
1996-04-24,6.667671694864403,6.797682195538113,6.649099066098694,6.741962909698486,1116078,0.0,0.0
1996-04-25,6.760536327515618,6.816254914319818,6.760536327515618,6.797682285308838,743229,0.0,0.0
1996-04-26,6.760538578033447,6.797684548192201,6.760538578033447,6.760538578033447,710389,0.0,0.0
1996-04-29,6.741965666755112,6.779112339019775,6.741965666755112,6.779112339019775,97040,0.0,0.0
1996-04-30,6.779107606543996,6.871971423291539,6.741960960211302,6.85339879989624,827182,0.0,0.0
1996-05-01,6.853402440542899,6.871975073804304,6.797683840987264,6.834829807281494,360503,0.0,0.0
1996-05-02,6.8162528533345945,6.890544746457886,6.779107606543996,6.85339879989624,439765,0.0,0.0
1996-05-03,6.797682285308838,6.8534008721130375,6.797682285308838,6.797682285308838,236302,0.0,0.0
1996-05-06,6.853402440542899,6.871975073804304,6.797683840987264,6.834829807281494,799527,0.0,0.0
1996-05-07,6.834829807281494,6.871975073804304,6.834829807281494,6.834829807281494,525446,0.0,0.0
1996-05-08,6.8162591287203265,6.8905510902404785,6.797686488226136,6.8905510902404785,635572,0.0,0.0
1996-05-09,6.853405109480403,6.927696371228861,6.853405109480403,6.8905510902404785,301489,0.0,0.0
1996-05-10,6.8905479277223725,6.946266523403772,6.8905479277223725,6.909120559692383,70372,0.0,0.0
1996-05-13,6.8905510902404785,6.946269711494745,6.8905510902404785,6.8905510902404785,209882,0.0,0.0
1996-05-14,6.9462666992158715,6.9462666992158715,6.890548102124217,6.9276933670043945,158029,0.0,0.0
1996-05-15,6.8905479277223725,6.946266523403772,6.8905479277223725,6.909120559692383,58767,0.0,0.0
1996-05-16,6.909120734564306,6.9462666992158715,6.909120734564306,6.9276933670043945,117040,0.0,0.0
1996-05-17,6.909120734564306,6.9462666992158715,6.909120734564306,6.9276933670043945,75804,0.0,0.0
1996-05-20,6.909115469599638,6.983407342290011,6.909115469599638,6.946261405944824,321984,0.0,0.0
1996-05-21,6.983410400471454,7.001983026891962,6.946264447859279,6.964837074279785,297045,0.0,0.0
1996-05-22,6.964837074279785,7.001983026891962,6.964837074279785,6.964837074279785,419023,0.0,0.0
1996-05-23,6.9648389346248845,7.020557528540297,6.9648389346248845,6.983412265777588,584707,0.0,0.0
1996-05-24,7.001985335591435,7.001985335591435,6.983412703047146,6.992698669433594,202227,0.0,0.0
1996-05-28,6.98341218012958,7.039130773361632,6.98341218012958,7.0112714767456055,259760,0.0,0.0
1996-05-29,7.001986026763917,7.057704629668208,7.001986026763917,7.001986026763916,150374,0.0,0.0
1996-05-30,7.001984726087112,7.057703318641213,7.001984726087112,7.039130687713623,332601,0.0,0.0
1996-05-31,7.020556449890136,7.057702406717027,7.001983821362312,7.020556449890137,108398,0.0,0.0
1996-06-03,7.0205573570147015,7.057703318641213,7.0205573570147015,7.039130687713623,204697,0.0,0.0
1996-06-04,7.039129868198612,7.113421083031113,7.039129868198612,7.076275825500488,254821,0.0,0.0
1996-06-05,7.113423731870703,7.150569703004697,7.076278460508219,7.14128303527832,301983,0.0,0.0
1996-06-06,7.150564341902769,7.280574793511271,7.131991720146264,7.187710285186768,3259591,0.0,0.0
1996-06-07,7.113424248494958,7.150570222326741,7.076278974434738,7.131997585296631,580015,0.0,0.0
1996-06-10,7.094850712795537,7.131996681922225,7.076278078117929,7.1134233474731445,565941,0.0,0.0
1996-06-11,7.076278078117929,7.1134233474731445,7.076278078117929,7.1134233474731445,349886,0.0,0.0
1996-06-12,7.165806770324706,7.165806770324706,7.128387962300904,7.165806770324707,73088,0.141746,0.0
1996-06-13,7.128390085349956,7.165808904518209,7.090970561256886,7.147099494934082,152597,0.0,0.0
1996-06-14,7.147100856730887,7.147100856730887,7.0348429679870605,7.0348429679870605,363466,0.0,0.0
1996-06-17,7.0348429679870605,7.053552381136048,7.0348429679870605,7.0348429679870605,161733,0.0,0.0
1996-06-18,7.034841787043775,7.053551197052002,7.034841787043775,7.053551197052002,178770,0.0,0.0
1996-06-19,7.034841787043775,7.053551197052002,7.034841787043775,7.053551197052002,79508,0.0,0.0
1996-06-20,7.0348426826033394,7.053552094993338,6.960003623193496,6.978713035583496,186918,0.0,0.0
1996-06-21,6.97871039713781,6.9974205073789895,6.960000991821289,6.960000991821289,135312,0.0,0.0
1996-06-24,6.960000991821289,6.9974205073789895,6.960000991821289,6.960000991821289,120250,0.0,0.0
1996-06-25,6.960003623193496,7.0348426826033394,6.960003623193496,6.978713035583496,210623,0.0,0.0
1996-06-26,6.978713035583495,7.016132565288417,6.978713035583495,6.978713035583496,235315,0.0,0.0
1996-06-27,6.978713035583495,6.997423152898418,6.978713035583495,6.978713035583496,210870,0.0,0.0
1996-06-28,7.034837907933123,7.034837907933123,6.9787082990094484,6.997418403625488,694092,0.0,0.0
1996-07-01,7.053551197052002,7.1096801320015155,7.016131672110714,7.053551197052002,432357,0.0,0.0
1996-07-02,7.1096801320015155,7.1096801320015155,7.016131672110714,7.053551197052002,159016,0.0,0.0
1996-07-03,7.016129970550537,7.053549486416799,6.9787104546842755,7.016129970550537,253093,0.0,0.0
1996-07-05,6.997418403625488,7.016127803317083,6.959998899317854,6.997418403625488,148893,0.0,0.0
1996-07-08,6.960005518100215,6.960005518100215,6.9225859782075805,6.941296100616455,125929,0.0,0.0
1996-07-09,6.922581476263589,6.960000991821289,6.922581476263589,6.960000991821289,53582,0.0,0.0
1996-07-10,6.960003086414549,6.960003086414549,6.885164737701416,6.885164737701416,62718,0.0,0.0
1996-07-11,6.885163734888834,6.922582551332978,6.810324692151013,6.829034805297852,182721,0.0,0.0
1996-07-12,6.810326642363157,6.922584533691407,6.810326642363157,6.922584533691406,110867,0.0,0.0
1996-07-15,6.866453621741996,6.922582551332978,6.772905170782103,6.829034805297852,226919,0.0,0.0
1996-07-16,6.772904056912842,6.791613462057972,6.679355621337891,6.679355621337891,240253,0.0,0.0
1996-07-17,6.716778540164207,6.772907488966623,6.698069125538405,6.75419807434082,176054,0.0,0.0
1996-07-18,6.716778540164207,6.772907488966623,6.716778540164207,6.75419807434082,116546,0.0,0.0
1996-07-19,6.716776666753194,6.791615009307861,6.716776666753194,6.791615009307861,154078,0.0,0.0
1996-07-22,6.754197367574889,6.829036428096881,6.754197367574889,6.77290678024292,236056,0.0,0.0
1996-07-23,6.791616903592426,6.810327023143236,6.75419807434082,6.75419807434082,174326,0.0,0.0
1996-07-24,6.716778918795567,6.754198455081556,6.56710147857666,6.56710147857666,232846,0.0,0.0
1996-07-25,6.585809954208101,6.62322948515288,6.548390423263323,6.604519367218018,227413,0.0,0.0
1996-07-26,6.5671005595202985,6.623229503631592,6.5671005595202985,6.623229503631592,98521,0.0,0.0
1996-07-29,6.56710147857666,6.62323043054312,6.56710147857666,6.56710147857666,71607,0.0,0.0
1996-07-30,6.56710147857666,6.62323043054312,6.510972526610201,6.56710147857666,201240,0.0,0.0
1996-07-31,6.510967988412382,6.567096901256531,6.492257880847961,6.529677391052246,126423,0.0,0.0
1996-08-01,6.52968224679519,6.772908186609118,6.492262708764183,6.7167792320251465,665202,0.0,0.0
1996-08-02,6.791613467359677,6.941291528336163,6.772904062199942,6.903872013092041,340009,0.0,0.0
1996-08-05,6.903873143110906,6.941292664479816,6.810324692151013,6.829034805297852,276057,0.0,0.0
1996-08-06,6.810325123640137,6.847744647379876,6.7729055999003975,6.791615009307861,185931,0.0,0.0
1996-08-07,6.77290678024292,6.810326310503916,6.735487249981924,6.77290678024292,115065,0.0,0.0
1996-08-08,6.735487954790011,6.810327023143236,6.735487954790011,6.75419807434082,204944,0.0,0.0
1996-08-09,6.754196190492933,6.829035237972412,6.754196190492933,6.791615009307861,132102,0.0,0.0
1996-08-12,6.772906157244413,6.922583559595548,6.772906157244413,6.885164737701416,304946,0.0,0.0
1996-08-13,6.885164171119616,6.885164171119616,6.791615009307861,6.791615009307861,316798,0.0,0.0
1996-08-14,6.791615009307861,6.829035237972412,6.791615009307861,6.791615009307861,79755,0.0,0.0
1996-08-15,6.7916162470840655,6.847745895385742,6.7916162470840655,6.847745895385742,97040,0.0,0.0
1996-08-16,6.857100749456684,6.903875342298778,6.847746394828258,6.894520282745361,114324,0.0,0.0
1996-08-19,6.922581418251776,6.922581418251776,6.86645249784792,6.903872013092041,183462,0.0,0.0
1996-08-20,6.903874148648482,6.922583559595548,6.885164737701416,6.885164737701416,151609,0.0,0.0
1996-08-21,6.903872013092041,6.960000933495898,6.903872013092041,6.903872013092041,219018,0.0,0.0
1996-08-22,6.941294210803497,7.016132565288417,6.903874681098577,6.978713035583496,146424,0.0,0.0
1996-08-23,6.960000933495898,7.016129853899755,6.903872013092041,6.903872013092041,205684,0.0,0.0
1996-08-26,6.903872013092041,6.978710338655634,6.8851626079323065,6.903872013092041,149387,0.0,0.0
1996-08-27,6.86645221710205,6.903871730816215,6.86645221710205,6.866452217102051,65681,0.0,0.0
1996-08-28,6.86645462182948,6.903874148648482,6.86645462182948,6.885164737701416,64940,0.0,0.0
1996-08-29,6.885165425945214,6.90387483876248,6.847745895385742,6.847745895385742,160498,0.0,0.0
1996-08-30,6.866455308203009,6.90387483876248,6.847745895385742,6.847745895385742,108398,0.0,0.0
1996-09-03,6.847747603347428,6.978714935583974,6.829038185863668,6.941296100616455,360750,0.0,0.0
1996-09-04,6.997420565079738,7.016129970550537,6.941291643742677,7.016129970550537,271118,0.0,0.0
1996-09-05,6.960000991821289,6.9974205073789895,6.922581476263589,6.960000991821289,268649,0.0,0.0
1996-09-06,6.9225815333472145,7.109678407753859,6.9225815333472145,7.016129970550537,580756,0.0,0.0
1996-09-09,7.0348408239098985,7.0722596388033745,7.016130711538423,7.044195175170898,146424,0.0,0.0
1996-09-10,7.072260401814764,7.128390040060162,7.034841582884249,7.090970516204834,215067,0.0,0.0
1996-09-11,7.200294259450206,7.200294259450206,7.1437475667350085,7.181445598602295,125435,0.141746,0.0
1996-09-12,7.181445598602295,7.181445598602295,7.1437475667350085,7.181445598602295,550385,0.0,0.0
1996-09-13,7.200296401977539,7.200296401977539,7.143749692436247,7.200296401977539,120497,0.0,0.0
1996-09-16,7.181447735521001,7.237994445062293,7.162598358892786,7.200296401977539,147164,0.0,0.0
1996-09-17,7.181444401621495,7.2002930593277705,7.1437463760375985,7.143746376037598,124942,0.0,0.0
1996-09-18,7.1602398695792635,7.16259550809146,7.124897480010986,7.124897480010986,38026,0.0,0.0
1996-09-19,7.087199437629596,7.1248967516851565,7.0118033891758325,7.030652046203613,218277,0.0,0.0
1996-09-20,7.049504508204023,7.12489987958577,7.030655132729861,7.087202548980713,263464,0.0,0.0
1996-09-23,7.1248970081599765,7.1437463760375985,7.087199692747426,7.143746376037598,179758,0.0,0.0
1996-09-24,7.106050006110552,7.200294736942943,7.106050006110552,7.162596702575684,324453,0.0,0.0
1996-09-25,7.143749692436247,7.219145068434078,7.143749692436247,7.200296401977539,148399,0.0,0.0
1996-09-26,7.237992284820817,7.313387638316251,7.200294252987367,7.219142913818359,388652,0.0,0.0
1996-09-27,7.219143144537579,7.388783938123982,7.219143144537579,7.332237243652344,488655,0.0,0.0
1996-09-30,7.332234847378133,7.3887815233695475,7.256838805942077,7.275688171386719,378775,0.0,0.0
1996-10-01,7.275687963254036,7.426478621470031,7.23798994361442,7.40762996673584,599028,0.0,0.0
1996-10-02,7.426478621470031,7.501874660749263,7.369931947096224,7.40762996673584,594336,0.0,0.0
1996-10-03,7.369935989379883,7.4264826947685885,7.332238659235161,7.369935989379883,332601,0.0,0.0
1996-10-04,7.3887853646238675,7.407634029696228,7.369935989379883,7.369935989379883,114818,0.0,0.0
1996-10-07,7.407631158988571,7.42647981675644,7.369933133281486,7.388782501220703,100003,0.0,0.0
1996-10-08,7.426481482373593,7.501877550697654,7.407632820378332,7.483028888702393,219759,0.0,0.0
1996-10-09,7.464179039001465,7.483027697997513,7.426480300666578,7.464179039001465,582731,0.0,0.0
1996-10-10,7.426479348768161,7.483026738851064,7.426479348768161,7.454753398895264,164943,0.0,0.0
1996-10-11,7.464180226707131,7.483028888702393,7.445330854540362,7.483028888702393,67903,0.0,0.0
1996-10-14,7.445329666137695,7.483027694282471,7.445329666137695,7.445329666137695,50619,0.0,0.0
1996-10-15,7.445332052659769,7.464181427859821,7.426482677459716,7.426482677459717,116052,0.0,0.0
1996-10-16,7.42647981675644,7.445329184695656,7.369933133281486,7.388782501220703,177782,0.0,0.0
1996-10-17,7.407629966735841,7.407629966735841,7.369931947096224,7.40762996673584,38520,0.0,0.0
1996-10-18,7.407629966735841,7.407629966735841,7.369931947096224,7.40762996673584,116546,0.0,0.0
1996-10-21,7.388782501220703,7.407631158988571,7.369933133281486,7.388782501220703,113089,0.0,0.0
1996-10-22,7.369932592752045,7.388781959308802,7.351083936366585,7.353440284729004,59508,0.0,0.0
1996-10-23,7.351084475513618,7.407631158988571,7.351084475513618,7.388782501220703,136794,0.0,0.0
1996-10-24,7.351084475513618,7.407631158988571,7.351084475513618,7.388782501220703,154572,0.0,0.0
1996-10-25,7.407629966735841,7.445327986375457,7.388781312001649,7.40762996673584,234574,0.0,0.0
1996-10-28,7.426478621470031,7.464177351280881,7.407629966735841,7.40762996673584,105435,0.0,0.0
1996-10-29,7.407634012431286,7.464181427859821,7.407634012431286,7.426482677459717,85187,0.0,0.0
1996-10-30,7.42648265814247,7.558425443513149,7.42648265814247,7.50187873840332,287662,0.0,0.0
1996-10-31,7.501878966019472,7.539577007293701,7.483030300468178,7.539577007293701,188153,0.0,0.0
1996-11-01,7.501877550697654,7.5395755848596835,7.483028888702393,7.483028888702393,240747,0.0,0.0
1996-11-04,7.483027694282471,7.501876353269163,7.445329666137695,7.445329666137695,109139,0.0,0.0
1996-11-05,7.464179039001465,7.539574385157054,7.464179039001465,7.464179039001465,173338,0.0,0.0
1996-11-06,7.483027694282471,7.483027694282471,7.4264802969796095,7.445329666137695,266921,0.0,0.0
1996-11-07,7.4641816349168835,7.5584256728449954,7.388785552368424,7.539577007293701,322971,0.0,0.0
1996-11-08,7.558420686248534,7.652666082342423,7.5207233800163875,7.633816719055176,389640,0.0,0.0
1996-11-11,7.614970212226193,7.6526689529418945,7.57727289185337,7.6526689529418945,200252,0.0,0.0
1996-11-12,7.633817219090654,7.746910565537359,7.633817219090654,7.7092132568359375,268896,0.0,0.0
1996-11-13,7.765765393612964,7.8977081974091,7.70921868060654,7.841160774230957,898295,0.0,0.0
1996-11-14,7.841158161433796,7.878856194267075,7.74691343443634,7.765762805938721,373590,0.0,0.0
1996-11-15,7.803456765005192,7.803456765005192,7.746910095214844,7.746910095214844,90620,0.0,0.0
1996-11-18,7.746910095214844,7.803456765005192,7.746910095214844,7.746910095214844,52347,0.0,0.0
1996-11-19,7.746910095214844,7.803456765005192,7.746910095214844,7.746910095214844,42223,0.0,0.0
1996-11-20,7.803463357687433,8.010802268981934,7.746916640124125,8.010802268981934,474333,0.0,0.0
1996-11-21,8.029649240134008,8.123893986200782,8.029649240134008,8.086195945739746,446678,0.0,0.0
1996-11-22,8.086199324755187,8.086199324755187,8.010803922498937,8.02965259552002,140004,0.0,0.0
1996-11-25,8.029651423667731,8.06734947438014,7.991953372955322,7.991953372955322,163461,0.0,0.0
1996-11-26,8.029649240134008,8.142742651345486,8.010800574989302,8.086195945739746,817305,0.0,0.0
1996-11-27,8.105045321056076,8.142742651345486,8.086195945739746,8.086195945739746,125682,0.0,0.0
1996-11-29,8.123893986200782,8.123893986200782,8.086195945739746,8.086195945739746,48396,0.0,0.0
1996-12-02,8.086195943292887,8.123893983742516,8.086195943292887,8.105045318603516,131115,0.0,0.0
1996-12-03,8.086196439954245,8.105045816422617,8.04849910736084,8.04849910736084,235068,0.0,0.0
1996-12-04,8.048494550253093,8.06734320587757,7.860005153323259,7.935400485992432,256797,0.0,0.0
1996-12-05,7.916556608302428,7.954254652474811,7.860009897129701,7.8882832527160645,254081,0.0,0.0
1996-12-06,7.822310447692871,7.841159111307085,7.690367671878668,7.822310447692871,278526,0.0,0.0
1996-12-09,7.841157438598266,7.973100186265885,7.822308779004929,7.916553497314453,315811,0.0,0.0
1996-12-10,7.954255551418625,8.010802268981934,7.935406172116338,8.010802268981934,122225,0.0,0.0
1996-12-11,8.025975333998076,8.025975333998076,7.931105613708496,7.931105613708496,207660,0.141746,0.0
1996-12-12,7.950087089640119,7.988034439754879,7.89316463470459,7.89316463470459,77286,0.0,0.0
1996-12-13,7.874188343986266,7.893162012740942,7.798292239204652,7.836240291595459,141238,0.0,0.0
1996-12-16,7.817263245272197,7.8362369058290104,7.72239351272583,7.72239351272583,186178,0.0,0.0
1996-12-17,7.703421916155624,7.741369247436523,7.627525823831146,7.741369247436523,471123,0.0,0.0
1996-12-18,7.703423417276846,7.83624053240397,7.703423417276846,7.779318809509277,191857,0.0,0.0
1996-12-19,7.79828691482544,7.874182967788063,7.79828691482544,7.7982869148254395,123460,0.0,0.0
1996-12-20,7.855216569708135,7.89316463470459,7.798294829654301,7.89316463470459,142226,0.0,0.0
1996-12-23,7.855211405213483,7.893159445260584,7.817264080047607,7.817264080047607,61977,0.0,0.0
1996-12-24,7.836234941306752,7.855208597106923,7.79828691482544,7.7982869148254395,86422,0.0,0.0
1996-12-26,7.798292478847015,7.83624053240397,7.779318809509277,7.779318809509277,112102,0.0,0.0
1996-12-27,7.779318570449976,7.836240291595459,7.779318570449976,7.836240291595459,89138,0.0,0.0
1996-12-30,7.779316764298066,7.8741865158081055,7.779316764298066,7.8741865158081055,186918,0.0,0.0
1996-12-31,7.874184475588414,7.893158135021785,7.836236441840564,7.845723628997803,117040,0.0,0.0
1997-01-02,7.836240291595459,7.874188343986266,7.798292239204652,7.836240291595459,454827,0.0,0.0
1997-01-03,7.79828691482544,7.855208597106923,7.79828691482544,7.7982869148254395,65681,0.0,0.0
1997-01-06,7.798288609608121,7.874184679065047,7.798288609608121,7.855210304260254,132843,0.0,0.0
1997-01-07,7.874188027017618,7.931109745871765,7.836239976154376,7.912136077880859,237290,0.0,0.0
1997-01-08,7.874187793068319,7.988031227394223,7.874187793068319,7.969057559967041,226919,0.0,0.0
1997-01-09,7.931105613708496,7.950079986695045,7.874183924510959,7.931105613708496,100250,0.0,0.0
1997-01-10,7.855212781586465,7.950083255767822,7.817265449771541,7.950083255767822,286427,0.0,0.0
1997-01-13,7.931112699701044,7.950087089640119,7.89316463470459,7.89316463470459,135559,0.0,0.0
1997-01-14,7.931104565925356,8.044947929280513,7.8931565398466494,8.02597427368164,197042,0.0,0.0
1997-01-15,8.063926941259652,8.196744036661602,7.988030845417359,8.120848655700684,718537,0.0,0.0
1997-01-16,8.13982463896722,8.196746369609242,8.082902908325195,8.082902908325195,344453,0.0,0.0
1997-01-17,8.082895193760793,8.234686568892345,8.082895193760793,8.177764892578125,362479,0.0,0.0
1997-01-20,8.15879679807152,8.272640228271484,8.139822416450604,8.272640228271484,265192,0.0,0.0
1997-01-21,8.272641667783153,8.272641667783153,8.158798217773438,8.158798217773438,270377,0.0,0.0
1997-01-22,8.196738827696,8.234686851501465,8.139817149428266,8.234686851501465,472605,0.0,0.0
1997-01-23,8.177770464811053,8.34853632499238,8.177770464811053,8.272640228271484,289143,0.0,0.0
1997-01-24,8.234692179911036,8.310588276631933,8.234692179911036,8.272640228271484,312601,0.0,0.0
1997-01-27,8.272639350004443,8.310587394336128,8.23469130567276,8.25366497039795,246920,0.0,0.0
1997-01-28,8.253661363328469,8.424427130751212,8.253661363328469,8.329557418823242,552113,0.0,0.0
1997-01-29,8.348531790137432,8.405453474318016,8.329557418823242,8.329557418823242,261241,0.0,0.0
1997-01-30,8.386483864750687,8.405458246838307,8.29161409895678,8.339049339294434,288649,0.0,0.0
1997-01-31,8.329562979257915,8.424432754516602,8.329562979257915,8.424432754516602,247414,0.0,0.0
1997-02-03,8.367507290986579,8.386480951602064,8.329559254874459,8.348533630371094,498531,0.0,0.0
1997-02-04,8.367507290986579,8.386480951602064,8.310585594258974,8.348533630371094,315317,0.0,0.0
1997-02-05,8.367509450736124,8.424431162155871,8.329561404829182,8.405457496643066,256797,0.0,0.0
1997-02-06,8.405459085417451,8.481354476695518,8.376997509446523,8.424432754516602,192598,0.0,0.0
1997-02-07,8.405457496643066,8.443404827668674,8.405457496643066,8.405457496643066,86175,0.0,0.0
1997-02-10,8.443400316937394,8.500322712828732,8.40545300618444,8.462374687194824,206425,0.0,0.0
1997-02-11,8.500324515111698,8.57621986759029,8.462376481431852,8.557246208190918,267414,0.0,0.0
1997-02-12,8.557248615205495,8.728014457357904,8.557248615205495,8.67109203338623,409146,0.0,0.0
1997-02-13,8.70903771050078,8.765959404119029,8.652116016882532,8.728012084960938,338527,0.0,0.0
1997-02-14,8.728007671344738,8.784929336178594,8.6900589416145,8.765954971313477,555323,0.0,0.0
1997-02-18,8.746989808666065,9.031598408995395,8.728016140271258,9.012624740600586,475815,0.0,0.0
1997-02-19,9.012615768269455,9.107485445560751,8.99364211876349,9.060050964355469,372355,0.0,0.0
1997-02-20,9.031595282844936,9.031595282844936,8.936726258826937,8.955699920654297,529890,0.0,0.0
1997-02-21,8.955700232617685,8.993648272475488,8.936726570129395,8.936726570129395,400257,0.0,0.0
1997-02-24,8.93673120227363,9.031600278769455,8.93673120227363,9.022113800048828,247167,0.0,0.0
1997-02-25,9.050575914019305,9.259289197877877,9.050575914019305,9.221341133117676,451123,0.0,0.0
1997-02-26,9.24031393347675,9.297235663384882,9.20236587524414,9.20236587524414,488902,0.0,0.0
1997-02-27,9.221340463037155,9.221340463037155,9.050575256347656,9.050575256347656,340503,0.0,0.0
1997-02-28,9.031595597452068,9.05056997482158,8.936726570129395,8.936726570129395,525940,0.0,0.0
1997-03-03,8.841856699075178,8.86083036128697,8.765960620465592,8.784934997558594,828170,0.0,0.0
1997-03-04,8.784931463169046,8.860826796362902,8.746983439131656,8.841853141784668,574336,0.0,0.0
1997-03-05,8.822884410005557,8.917754173278809,8.822884410005557,8.917754173278809,312848,0.0,0.0
1997-03-06,8.860832001295327,9.031597137451172,8.860832001295327,9.031597137451172,413591,0.0,0.0
1997-03-07,8.974679784498901,9.259289197877877,8.974679784498901,9.221341133117676,1371888,0.0,0.0
1997-03-10,9.202363291529391,9.240311339107464,9.145441577602966,9.192876815795898,476062,0.0,0.0
1997-03-11,9.183390929855731,9.430052201834059,9.183390929855731,9.392104148864746,575077,0.0,0.0
1997-03-12,9.472306321896184,9.472306321896184,9.357722212039361,9.415014266967773,391862,0.161996,0.0
1997-03-13,9.3577279966664,9.41502008701082,9.224045972840798,9.23359489440918,492358,0.0,0.0
1997-03-14,9.22404598051869,9.357728004455566,9.204948856898966,9.357728004455566,420505,0.0,0.0
1997-03-17,9.300432888343927,9.319530005750767,9.10945883614473,9.16675090789795,644955,0.0,0.0
1997-03-18,9.16675675367499,9.224048861964238,9.071269666681857,9.109464645385742,404949,0.0,0.0
1997-03-19,9.05216925717086,9.10946134470113,9.033071414972172,9.090363502502441,248155,0.0,0.0
1997-03-20,9.090363502502441,9.12855846736692,9.05216925717086,9.090363502502441,470383,0.0,0.0
1997-03-21,9.090363502502441,9.14765630956561,9.05216925717086,9.090363502502441,154078,0.0,0.0
1997-03-24,9.09036099920519,9.224042979651168,9.09036099920519,9.16675090789795,252105,0.0,0.0
1997-03-25,9.18585035087291,9.262239553388701,9.166752510594343,9.204947471618652,291366,0.0,0.0
1997-03-26,9.18584874483749,9.243140816590708,9.16675090789795,9.16675090789795,634831,0.0,0.0
1997-03-27,9.147650979555076,9.147650979555076,8.899384931891095,8.937579154968262,686438,0.0,0.0
1997-03-31,8.937585526329626,8.956683371015021,8.479248046875,8.479248046875,635078,0.0,0.0
1997-04-01,8.479247522002234,8.746610855250829,8.402858306588184,8.632026672363281,884221,0.0,0.0
1997-04-02,8.612923978366466,8.612923978366466,8.441047095655945,8.517436981201172,273834,0.0,0.0
1997-04-03,8.555631923973786,8.555631923973786,8.441047095655945,8.517436981201172,290131,0.0,0.0
1997-04-04,8.46015112384373,8.498345375061035,8.402859027484764,8.498345375061035,213339,0.0,0.0
1997-04-07,8.517438515118302,8.61292552947998,8.479243565467108,8.61292552947998,261735,0.0,0.0
1997-04-08,8.632025290709516,8.708415213429438,8.574733208435992,8.603379249572754,376553,0.0,0.0
1997-04-09,8.612925315879627,8.63202243046531,8.536535418471708,8.593828201293945,464703,0.0,0.0
1997-04-10,8.593828044840729,8.612925159078742,8.536535263061523,8.536535263061523,221487,0.0,0.0
1997-04-11,8.546086484950232,8.555635404411012,8.421953410091197,8.44105052947998,141238,0.0,0.0
1997-04-14,8.421953293642803,8.460148251425034,8.269174182046646,8.36466121673584,289637,0.0,0.0
1997-04-15,8.402858826732393,8.479248046875,8.364663856894593,8.479248046875,239512,0.0,0.0
1997-04-16,8.460144926808493,8.555631923973786,8.441047095655945,8.517436981201172,213092,0.0,0.0
1997-04-17,8.517436911833197,8.612923908220823,8.507887996334693,8.574728965759277,903480,0.0,0.0
1997-04-18,8.574730367175668,8.612925315879627,8.574730367175668,8.593828201293945,595324,0.0,0.0
1997-04-21,8.593826866746399,8.593826866746399,8.498339150048624,8.517436981201172,457049,0.0,0.0
1997-04-22,8.555633096832118,8.593828044840729,8.441048252806288,8.536535263061523,376306,0.0,0.0
1997-04-23,8.53654034581135,8.574735316561664,8.479248249452382,8.498345375061035,202227,0.0,0.0
1997-04-24,8.4792432008149,8.536535263061523,8.4792432008149,8.536535263061523,390874,0.0,0.0
1997-04-25,8.536538974712995,8.536538974712995,8.421954800399027,8.460149765014648,110867,0.0,0.0
1997-04-28,8.46014485790712,8.593826796756288,8.441047026910107,8.574728965759277,375565,0.0,0.0
1997-04-29,8.593833061334212,8.708417252713895,8.574735216415599,8.670222282409668,531372,0.0,0.0
1997-04-30,8.670222282409668,8.765709348403737,8.670222282409668,8.670222282409668,369392,0.0,0.0
1997-05-01,8.67022027717969,8.72751235961914,8.67022027717969,8.72751235961914,211610,0.0,0.0
1997-05-02,8.72750790507514,8.937579006643205,8.689312963099363,8.861189842224121,512606,0.0,0.0
1997-05-05,8.880287620082726,8.937579677581029,8.82299556258442,8.899385452270508,299514,0.0,0.0
1997-05-06,8.918486194878037,9.013973236083984,8.880291234489095,9.013973236083984,555817,0.0,0.0
1997-05-07,8.956678691366141,8.975775806540764,8.746606826782227,8.746606826782227,240747,0.0,0.0
1997-05-08,8.746604137021308,8.91848099886769,8.708409918417575,8.8038969039917,363466,0.0,0.0
1997-05-09,8.803897413928027,8.82299452433603,8.727507533231142,8.775251388549805,128398,0.0,0.0
1997-05-12,8.76570695069266,8.956681030443065,8.76570695069266,8.947132110595703,266180,0.0,0.0
1997-05-13,8.975777116728697,9.013972072185846,8.937582161271546,8.994874954223633,149387,0.0,0.0
1997-05-14,9.013967843396177,9.166746874017694,8.994870734393132,9.147649765014648,324700,0.0,0.0
1997-05-15,9.128551936479218,9.224038920559215,9.090356998940743,9.147649765014648,264945,0.0,0.0
1997-05-16,9.166746874017694,9.185844702553123,9.128551936479218,9.147649765014648,217537,0.0,0.0
1997-05-19,9.185854602793512,9.185854602793512,9.052172537096494,9.109464645385742,183955,0.0,0.0
1997-05-20,9.10945910106236,9.128556219024574,8.937582161271546,8.994874954223633,296798,0.0,0.0
1997-05-21,8.99487611565592,9.052168196472927,8.975778275695042,9.013973236083984,108151,0.0,0.0
1997-05-22,8.975777116728697,9.013972072185846,8.937582161271546,8.994874954223633,161239,0.0,0.0
1997-05-23,8.97578081112292,9.071267879301516,8.97578081112292,9.052170753479004,188400,0.0,0.0
1997-05-27,9.033072908123474,9.071267879301516,8.99487865647845,9.052170753479004,133831,0.0,0.0
1997-05-28,9.01397503573528,9.128559220246165,9.01397503573528,9.071267127990723,146424,0.0,0.0
1997-05-29,9.052172537096494,9.109464645385742,9.052172537096494,9.109464645385742,25186,0.0,0.0
1997-05-30,9.033069222309393,9.128556251525879,9.013972104279185,9.128556251525879,285193,0.0,0.0
1997-06-02,9.128559748829701,9.357728850654325,9.128559748829701,9.290887832641602,452357,0.0,0.0
1997-06-03,9.281338380038974,9.39592328417254,9.281338380038974,9.319533348083496,209141,0.0,0.0
1997-06-04,9.338628768920898,9.338628768920898,9.281336687070993,9.338628768920898,66668,0.0,0.0
1997-06-05,9.300437289621222,9.357729388486973,9.262242317199707,9.262242317199707,132596,0.0,0.0
1997-06-06,9.262236296872985,9.51050237694372,9.262236296872985,9.481856346130371,492852,0.0,0.0
1997-06-09,9.491406611148504,9.491406611148504,9.376822471618652,9.376822471618652,185190,0.0,0.0
1997-06-10,9.376825847608226,9.434117938000334,9.338630161302907,9.357728004455566,117287,0.0,0.0
1997-06-11,9.415017571816243,9.434115409851074,9.357725496777235,9.434115409851074,77286,0.0,0.0
1997-06-12,9.49562642884549,9.726288920566015,9.457182438817357,9.649401664733887,354330,0.161996,0.0
1997-06-13,9.649402681100993,9.822399568113067,9.649402681100993,9.783955574035645,250871,0.0,0.0
1997-06-16,9.91851074594088,9.956954746044476,9.534072193353584,9.668625831604004,301983,0.0,2.0
1997-06-17,9.687848861930043,9.726292140460707,9.534072850909869,9.630183219909668,257538,0.0,0.0
1997-06-18,9.61095765437294,9.841620869829615,9.534069674479335,9.803176879882812,221487,0.0,0.0
1997-06-19,9.841619586275511,10.072282047424814,9.841619586275511,9.97617244720459,315687,0.0,0.0
1997-06-20,9.956945574340219,10.11072070888241,9.880057644957292,10.033833503723145,286057,0.0,0.0
1997-06-23,10.110725937303526,10.149169921875,9.918506738670192,10.149169921875,300749,0.0,0.0
1997-06-24,10.149169089773183,10.264500309807886,10.03383786973848,10.226057052612305,263217,0.0,0.0
1997-06-25,10.264500309807886,10.264500309807886,10.072281126934064,10.226057052612305,214944,0.0,0.0
1997-06-26,10.226056385897019,10.226056385897019,9.995393236642341,10.110724449157715,122472,0.0,0.0
1997-06-27,10.11072070888241,10.11072070888241,9.995389539031683,10.033833503723145,83953,0.0,0.0
1997-06-30,10.072283252826104,10.110727242359788,9.726288795471191,9.726288795471191,144201,0.0,0.0
1997-07-01,9.803183270454197,9.918514591253496,9.572519904630985,9.899292945861816,303465,0.0,0.0
1997-07-02,9.918507035634253,10.187613487243652,9.899285404885031,10.187613487243652,209759,0.0,0.0
1997-07-03,10.187613071222241,10.456720236066438,10.187613071222241,10.37983226776123,179387,0.0,0.0
1997-07-07,10.379832691632105,10.379832691632105,10.149170225745209,10.187613487243652,121114,0.0,0.0
1997-07-08,10.149169089773183,10.379831529842589,10.149169089773183,10.226057052612305,105929,0.0,0.0
1997-07-09,10.226057773989442,10.302945018028444,9.995394593424377,10.072281837463379,120374,0.0,0.0
1997-07-10,9.99539388831892,10.226057052612305,9.95694990689936,10.226057052612305,200623,0.0,0.0
1997-07-11,10.149175995195924,10.341395308854317,10.0915103459433,10.264507293701172,77903,0.0,0.0
1997-07-14,10.34138588096563,10.34138588096563,10.149166742546866,10.168388366699219,299884,0.0,0.0
1997-07-15,10.456723543392474,10.456723543392474,10.341392278680908,10.437501907348633,510260,0.0,0.0
1997-07-16,10.37983226776123,10.418276976137864,10.302945023680053,10.37983226776123,262106,0.0,0.0
1997-07-17,10.418277090750516,10.456720351102009,10.187613183297334,10.302945137023926,319268,0.0,0.0
1997-07-18,10.341388272647007,10.341388272647007,10.187612346968766,10.226057052612305,404208,0.0,0.0
1997-07-21,10.226058197190213,10.226058197190213,9.995395007079258,10.187613487243652,250130,0.0,0.0
1997-07-22,10.110727393319282,10.37983387562475,10.110727393319282,10.341390609741211,219018,0.0,0.0
1997-07-23,10.418278589956568,10.418278589956568,10.302946619633532,10.341390609741211,135929,0.0,0.0
1997-07-24,10.341390609741211,10.418278589956568,10.302946619633532,10.341390609741211,93459,0.0,0.0
1997-07-25,10.37983479799284,10.57205404138799,10.264503541645434,10.495166778564453,249389,0.0,0.0
1997-07-28,10.456718222949247,10.53360617645206,10.341387016918917,10.399052619934082,136794,0.0,0.0
1997-07-29,10.418272972106934,10.533604156015747,10.34138503335189,10.418272972106934,189758,0.0,0.0
1997-07-30,10.379831859303849,10.572051048278809,10.379831859303849,10.572051048278809,134324,0.0,0.0
1997-07-31,10.610497250338273,10.802716479520127,10.49516600251882,10.7066068649292,227043,0.0,0.0
1997-08-01,10.64893830327656,10.76426951927937,10.341387911119767,10.725826263427734,433592,0.0,0.0
1997-08-04,10.658549892939568,10.764269936969791,10.533607496013683,10.687382698059082,669400,0.0,0.0
1997-08-05,10.610494734924393,10.764269936969791,10.610494734924393,10.687382698059082,327663,0.0,0.0
1997-08-06,10.648939874367022,10.841159078880048,10.648939874367022,10.745049476623535,279760,0.0,0.0
1997-08-07,10.706601868667416,10.80271143840858,10.64893627166748,10.64893627166748,209265,0.0,0.0
1997-08-08,10.610495566266684,10.687383535425617,10.456720352172852,10.456720352172852,450012,0.0,0.0
1997-08-11,10.495160186638225,10.610491370547038,10.418272972106934,10.418272972106934,100620,0.0,0.0
1997-08-12,10.456717401693435,10.648936546129958,10.456717401693435,10.475939750671387,105805,0.0,0.0
1997-08-13,10.533607789863018,10.687382996198187,10.456719824583434,10.572051048278809,148769,0.0,0.0
1997-08-14,10.610492298926253,10.725824217149937,10.53360507766761,10.64893627166748,152597,0.0,0.0
1997-08-15,10.57205404138799,10.648942028435732,10.495166778564453,10.495166778564453,304699,0.0,0.0
1997-08-18,10.610492572397888,10.610492572397888,10.418274152185196,10.475939750671387,202598,0.0,0.0
1997-08-19,10.533608641348827,10.745049476623535,10.49516465560141,10.745049476623535,203586,0.0,0.0
1997-08-20,10.725826479156636,10.802713716630294,10.610494536610199,10.783492088317871,313341,0.0,0.0
1997-08-21,10.802712852897086,10.802712852897086,10.687381643795947,10.76426887512207,73582,0.0,0.0
1997-08-22,10.610494734924393,10.725826679626428,10.610494734924393,10.687382698059082,190128,0.0,0.0
1997-08-25,10.687386021959604,10.764273284783139,10.42788997095373,10.495166778564453,612855,0.0,0.0
1997-08-26,10.57205404138799,10.648942028435732,10.495166778564453,10.495166778564453,99509,0.0,0.0
1997-08-27,10.533607496013683,10.764269936969791,10.495163514446338,10.687382698059082,212104,0.0,0.0
1997-08-28,10.572050753357047,10.687382698059082,10.495163514446338,10.687382698059082,112349,0.0,0.0
1997-08-29,10.533609390258789,10.764271872694628,10.533609390258789,10.533609390258789,171116,0.0,0.0
1997-09-02,10.533606456919793,10.802712852897086,10.533606456919793,10.76426887512207,208524,0.0,0.0
1997-09-03,10.76426973578148,10.802713716630294,10.706604126620245,10.783492088317871,278155,0.0,0.0
1997-09-04,10.802711848527522,11.071818943708806,10.76426787432679,10.937265396118164,292971,0.0,0.0
1997-09-05,10.994933341751395,11.110264564742746,10.879602118760044,11.05259895324707,253710,0.0,0.0
1997-09-08,11.071823503266502,11.494705220952625,11.033379513233907,11.340929985046387,194573,0.0,0.0
1997-09-09,11.417811797635737,11.456255766902336,11.302479889835945,11.37936782836914,138275,0.0,0.0
1997-09-10,11.379371211147014,11.437036820077454,11.187152031896236,11.264039993286133,271365,0.0,0.0
1997-09-11,11.287237148180855,11.403201664018066,11.055307388305664,11.055307388305664,224080,0.161996,0.0
1997-09-12,11.132617934542099,11.403202056884766,11.09396285186435,11.403202056884766,147905,0.0,0.0
1997-09-15,11.441857139562515,11.673786907428223,11.403202056884766,11.403202056884766,176548,0.0,0.0
1997-09-16,11.403202810582423,11.596477508544922,11.403202810582423,11.596477508544922,224450,0.0,0.0
1997-09-17,11.596475034293636,11.71243953704834,11.403200377568673,11.71243953704834,576558,0.0,0.0
1997-09-18,11.673781914096896,12.214949927303584,11.673781914096896,12.060330390930176,439888,0.0,0.0
1997-09-19,12.060334782229267,12.060334782229267,11.712440516666891,11.94437026977539,636436,0.0,0.0
1997-09-22,11.944369898824206,12.137644565712048,11.905714819806493,12.098989486694336,147535,0.0,0.0
1997-09-23,12.137640415774449,12.137640415774449,11.287232609148292,11.34521484375,507421,0.0,0.0
1997-09-24,11.441858081285428,11.557822610662354,11.364547909566909,11.422530174255371,578040,0.0,0.0
1997-09-25,11.422526376973762,11.44185427757849,11.325889786752565,11.383872032165527,236673,0.0,0.0
1997-09-26,11.345227215336346,11.441864621119171,11.345227215336346,11.364554405212402,132226,0.0,0.0
1997-09-29,11.403202056884766,11.519167304918016,11.364546974207014,11.403202056884766,134942,0.0,0.0
1997-09-30,11.403209513165788,11.441864621119171,11.345227215336346,11.364554405212402,198153,0.0,0.0
1997-10-01,11.403202810582423,11.712442036042084,11.364547725349754,11.596477508544922,382356,0.0,0.0
1997-10-02,11.557821126616172,12.253610398139624,11.557821126616172,12.234282493591309,889529,0.0,0.0
1997-10-03,12.3695709653498,12.446879646069913,11.86705653046327,11.98302173614502,360750,0.0,0.0
1997-10-06,12.021675324786703,12.253605721647537,11.905710854556768,12.060330390930176,245809,0.0,0.0
1997-10-07,12.060329441008777,12.137639567206458,11.983020043011521,12.04100227355957,211981,0.0,0.0
1997-10-08,12.06033114506566,12.098986213626244,11.944366667584436,11.98302173614502,232846,0.0,0.0
1997-10-09,12.060333808439704,12.060333808439704,11.905714228252096,11.963696479797363,111608,0.0,0.0
1997-10-10,11.905710535649728,11.98302066586584,11.712435938309913,11.751091003417969,211610,0.0,0.0
1997-10-13,11.770420275302515,11.828402519226074,11.712438031378957,11.828402519226074,46174,0.0,0.0
1997-10-14,11.828404039803043,12.021678696528005,11.71243953704834,11.71243953704834,230253,0.0,0.0
1997-10-15,11.635128556419689,11.712437971858026,11.44185392552296,11.557818412780762,357787,0.0,0.0
1997-10-16,11.673780220753638,11.78974467416232,11.55781503914458,11.635125160217285,144078,0.0,0.0
1997-10-17,11.635130111278766,11.75109461403347,11.596475034293636,11.71243953704834,658289,0.0,0.0
1997-10-20,11.751093119763746,11.847730435837821,11.635128631755094,11.789748191833496,123830,0.0,0.0
1997-10-21,11.770419223162076,12.118314112006798,11.770419223162076,11.98302173614502,172474,0.0,0.0
1997-10-22,12.060334782229267,12.060334782229267,11.905715189557183,11.94437026977539,82595,0.0,0.0
1997-10-23,11.867056846618652,11.905711916209063,11.596472815886877,11.867056846618652,124324,0.0,0.0
1997-10-24,11.944366985799471,12.137641605550975,11.828401777028242,11.867056846618652,180128,0.0,0.0
1997-10-27,11.828397399293557,12.021671947513417,11.248574482834254,11.306556701660156,210252,0.0,0.0
1997-10-28,11.093961194866466,11.519165584411457,11.016651041058036,11.441855430603027,295563,0.0,0.0
1997-10-29,11.403197603756947,11.673782348632812,11.403197603756947,11.673782348632812,128398,0.0,0.0
1997-10-30,11.325900025460287,11.596484324731438,11.209934701600137,11.364554405212402,126300,0.0,0.0
1997-10-31,11.538502026901996,11.673794540638205,11.364554405212402,11.364554405212402,140251,0.0,0.0
1997-11-03,11.403201692007015,11.664122581481934,11.403201692007015,11.664122581481934,114818,0.0,0.0
1997-11-04,11.596476361110597,11.828405393156286,11.596476361110597,11.809078216552734,188523,0.0,0.0
1997-11-05,11.828399790616162,12.137639567206458,11.751090392618908,12.04100227355957,488161,0.0,0.0
1997-11-06,12.098987311990296,12.098987311990296,11.751093119763746,11.789748191833496,406183,0.0,0.0
1997-11-07,11.712439512531162,11.751094589435375,11.403200353698814,11.441855430603027,141979,0.0,0.0
1997-11-10,11.4418505857359,11.635125160217285,11.4418505857359,11.635125160217285,135929,0.0,0.0
1997-11-11,11.557817145885796,11.673782348632812,11.557817145885796,11.673782348632812,61113,0.0,0.0
1997-11-12,11.557821659394973,11.654459001988952,11.403202056884766,11.403202056884766,100003,0.0,0.0
1997-11-13,11.51916004794943,11.51916004794943,11.32588548452273,11.480504989624023,70990,0.0,0.0
1997-11-14,11.403198043674674,11.596472660842096,11.287233564654436,11.325888633728027,156053,0.0,0.0
1997-11-17,11.364544384102095,11.828403085914209,11.364544384102095,11.693111419677734,258649,0.0,0.0
1997-11-18,11.82840540325429,11.82840540325429,11.596476371010603,11.664122581481934,91113,0.0,0.0
1997-11-19,11.75109310339486,11.90571266325788,11.59647354353184,11.828402519226074,219512,0.0,0.0
1997-11-20,11.98302173614502,12.156968452366854,11.944366667584436,11.98302173614502,669400,0.0,0.0
1997-11-21,12.021676076505077,12.021676076505077,11.78974712154263,11.98302173614502,634708,0.0,0.0
1997-11-24,11.98302066586584,11.98302066586584,11.673781601402318,11.751091003417969,91484,0.0,0.0
1997-11-25,11.712436252039886,12.176295589360592,11.65445401692492,12.060330390930176,292600,0.0,0.0
1997-11-26,12.176299095153809,12.195626269689972,12.060333863334746,12.176299095153809,379269,0.0,0.0
1997-11-28,12.098989862447475,12.234282279110829,11.94437026977539,11.94437026977539,102966,0.0,0.0
1997-12-01,12.13763774595287,12.60149624893567,11.983018244958606,12.524186134338379,550879,0.0,0.0
1997-12-02,12.524186134338379,12.75611647813025,12.446876019741088,12.524186134338379,250007,0.0,0.0
1997-12-03,12.640154853341908,12.678810651915507,12.446880229677289,12.601500511169434,345318,0.0,0.0
1997-12-04,12.678811629309278,12.833430466319674,12.524191335897648,12.562847137451172,268526,0.0,0.0
1997-12-05,12.485541120050659,13.142675399780273,12.446885305712614,13.142675399780273,496803,0.0,0.0
1997-12-08,13.142675399780273,13.490568990412386,12.949400697295193,13.142675399780273,553718,0.0,0.0
1997-12-09,13.02670225561549,13.14266817851016,12.814101219177246,12.814101219177246,237414,0.0,0.0
1997-12-10,12.910738945007324,12.988049081724965,12.678809991255449,12.910738945007324,465321,0.0,0.0
1997-12-11,12.81751828398268,13.128245813705703,12.739836035699165,12.972881317138672,157288,0.161996,0.0
1997-12-12,12.972889268112976,13.128253859901655,12.972889268112976,13.011731147766113,275810,0.0,0.0
1997-12-15,13.12824950884947,13.322454452514648,12.972884968552744,13.322454452514648,190869,0.0,0.0
1997-12-16,13.322460913375913,13.982756871325519,13.205938183350227,13.905076026916504,823849,0.0,0.0
1997-12-17,13.905067696009226,13.905067696009226,13.59434011430209,13.67202091217041,411492,0.0,0.0
1997-12-18,13.652603639508559,13.710864978982846,12.972885573289357,13.283613204956055,445938,0.0,0.0
1997-12-19,13.12824596242743,13.20592821159096,12.662153930857308,13.089404106140137,357170,0.0,0.0
1997-12-22,13.050571640418408,13.380720302343418,13.011731223949797,13.128253936767578,256673,0.0,0.0
1997-12-23,13.128254696167385,13.205936997010062,12.856367374924028,13.050572395324707,143461,0.0,0.0
1997-12-24,13.128251623532464,13.128251623532464,12.817523956298828,12.817523956298828,81977,0.0,0.0
1997-12-26,12.798102806353121,12.895204560501703,12.662159179815777,12.73984146118164,109386,0.0,0.0
1997-12-29,12.89520779363935,13.128254696167385,12.77868507408135,13.050572395324707,218277,0.0,0.0
1997-12-30,13.011732484378976,13.167095628715188,12.972890600735857,13.108834266662598,226673,0.0,0.0
1997-12-31,13.089413324841038,13.32246023646349,13.050572904610007,13.108834266662598,242105,0.0,0.0
1998-01-02,13.050574850790067,13.303041278471298,13.050574850790067,13.225358963012695,333836,0.0,0.0
1998-01-05,13.205928384621664,13.516655921936035,13.128246134440303,13.516655921936035,338898,0.0,0.0
1998-01-06,13.516655744834022,13.516655744834022,13.089404106140137,13.089404106140137,332725,0.0,0.0
1998-01-07,13.011728931246312,13.050569340871133,12.700999800600988,12.817523956298828,348651,0.0,0.0
1998-01-08,12.856358633292915,12.856358633292915,12.273743968237456,12.565052032470703,445814,0.0,0.0
1998-01-09,12.584476261841237,12.623318132265114,12.11838479234164,12.351430892944336,459765,0.0,0.0
1998-01-12,12.079543333448532,12.312590159579987,11.96302065208858,12.157225608825684,441246,0.0,0.0
1998-01-13,12.273743887196858,12.429108382216894,11.8464937210083,11.8464937210083,359392,0.0,0.0
1998-01-14,12.001860358952662,12.467951760532276,11.924178092836549,12.312588691711426,521125,0.0,0.0
1998-01-15,12.467953040756193,12.50679344609674,12.196066544843553,12.293169021606445,223216,0.0,0.0
1998-01-16,12.35143005175873,12.467952728271484,12.196066239173144,12.467952728271484,521001,0.0,0.0
1998-01-20,12.545640887625698,12.545640887625698,12.312595425240515,12.429118156433105,116546,0.0,0.0
1998-01-21,12.467946535396111,12.467946535396111,12.234901298125038,12.370844841003418,204326,0.0,0.0
1998-01-22,12.351429093063794,12.390269494416163,12.254326626271498,12.312588691711426,96299,0.0,0.0
1998-01-23,12.390269762457342,12.42911162806136,11.885337216896364,12.001860618591309,258155,0.0,0.0
1998-01-26,12.040697900048158,12.079538289813721,11.92417453563506,12.050408363342285,214573,0.0,0.0
1998-01-27,11.963022117242797,12.19606824021047,11.963022117242797,12.13780689239502,136794,0.0,0.0
1998-01-28,12.11838479234164,12.351430892944336,12.11838479234164,12.351430892944336,160251,0.0,0.0
1998-01-29,12.351431633595833,12.545636607125914,12.196067801112935,12.273749351501465,262476,0.0,0.0
1998-01-30,12.312590159579987,12.642737268962666,12.157225608825684,12.157225608825684,354701,0.0,0.0
1998-02-02,12.273748819451093,12.72042009286652,12.234908411793427,12.584476470947266,254821,0.0,0.0
1998-02-03,12.662155999703485,12.778678660781672,12.467951076769406,12.700996398925781,302354,0.0,0.0
1998-02-04,12.77867317199707,12.77867317199707,12.662150560968485,12.77867317199707,108768,0.0,0.0
1998-02-05,12.778687156662345,12.81752904511988,12.584482104611487,12.798108100891113,121978,0.0,0.0
1998-02-06,12.89520412244344,12.972886401170387,12.584476470947266,12.584476470947266,272229,0.0,0.0
1998-02-09,12.429112840939938,12.58447592828269,12.079543333448532,12.157225608825684,550508,0.0,0.0
1998-02-10,12.234907681889862,12.429112635415647,12.196066544843553,12.293169021606445,542483,0.0,0.0
1998-02-11,12.312590047949223,12.312590047949223,12.11838436126709,12.11838436126709,480877,0.0,0.0
1998-02-12,12.118381776757872,12.19606403486329,11.807654207747428,11.943597793579102,591744,0.0,0.0
1998-02-13,11.885343587924282,11.963025897361792,11.807662010192871,11.807662010192871,400875,0.0,0.0
1998-02-17,11.865917201675455,11.943599470688948,11.729974328460413,11.788235664367676,648659,0.0,0.0
1998-02-18,11.80765568080544,12.040701752489623,11.768814546907125,12.001860618591309,458901,0.0,0.0
1998-02-19,12.060124407733516,12.060124407733516,11.924180777278728,11.982442855834961,271365,0.0,0.0
1998-02-20,11.963022117242797,12.19606824021047,11.943601911872936,12.13780689239502,1555596,0.0,0.0
1998-02-23,12.13780689239502,12.351432078286965,12.118385955319292,12.13780689239502,638412,0.0,0.0
1998-02-24,12.098962825744959,12.351429093063794,12.079541893363087,12.312588691711426,379146,0.0,0.0
1998-02-25,12.390268325805664,12.42911018690597,12.234905271638162,12.390268325805664,475938,0.0,0.0
1998-02-26,12.4291131703805,12.4291131703805,12.273748615508174,12.351430892944336,273587,0.0,0.0
1998-02-27,12.31259048593205,12.4291131703805,12.234908208495886,12.351430892944336,269390,0.0,0.0
1998-03-02,12.429102823307396,12.48736411702982,12.351420610540705,12.419391632080078,572114,0.0,0.0
1998-03-03,12.429118941018162,12.81752904511988,12.351436627515364,12.798108100891113,765946,0.0,0.0
1998-03-04,12.778683579341267,12.817525456925233,12.545638167484904,12.662160873413086,323712,0.0,0.0
1998-03-05,12.545638167484904,12.701001287585193,12.467955875728832,12.662160873413086,376183,0.0,0.0
1998-03-06,12.545636698690014,12.817523956298828,12.545636698690014,12.817523956298828,1076942,0.0,0.0
1998-03-09,12.759264103961144,12.79810451813325,12.584478581657011,12.662160873413086,216672,0.0,0.0
1998-03-10,12.739841673637498,12.836943429405395,12.642738454457911,12.817523956298828,475568,0.0,0.0
1998-03-11,12.81752821885079,12.81752821885079,12.701004024402074,12.75926685333252,295934,0.0,0.0
1998-03-12,12.662155999703485,12.798099592098469,12.662155999703485,12.700996398925781,360380,0.0,0.0
1998-03-13,12.73984316516916,12.817525456925233,12.584478581657011,12.662160873413086,262106,0.0,0.0
1998-03-16,12.701001768555523,12.972889068291868,12.642740413385152,12.934048652648926,447543,0.0,0.0
1998-03-17,12.895206773594069,12.972889068291868,12.798105002780753,12.934048652648926,642115,0.0,0.0
1998-03-18,12.927795976185303,12.966852188110352,12.888739764260254,12.966852188110352,286427,0.186295,0.0
1998-03-19,12.986381029844171,12.986381029844171,12.927795976185303,12.966852188110352,129756,0.0,0.0
1998-03-20,13.005910373248815,13.005910373248815,12.888740261411531,12.986381530761719,294082,0.0,0.0
1998-03-23,12.927794456481934,13.005908342692086,12.90826561704379,12.927794456481934,223092,0.0,0.0
1998-03-24,12.947326628966222,12.966854001888901,12.908268940035269,12.937562942504883,210623,0.0,0.0
1998-03-25,12.9473245296391,13.12307968670241,12.927795688340101,13.084023475646973,516433,0.0,0.0
1998-03-26,13.084025942530547,13.123082160949707,12.966854344187391,13.123082160949707,310996,0.0,0.0
1998-03-27,13.123079912900357,13.123079912900357,12.927795911172007,12.947324752807617,235438,0.0,0.0
1998-03-30,12.986381029844171,13.04496608350304,12.927795976185303,12.966852188110352,189511,0.0,0.0
1998-03-31,12.92779387124147,13.103549003601074,12.92779387124147,13.103549003601074,407665,0.0,0.0
1998-04-01,13.123082453736549,13.123082453736549,12.986383478905363,13.02544116973877,356306,0.0,0.0
1998-04-02,13.044966853363459,13.220723496255092,13.044966853363459,13.142609596252441,486309,0.0,0.0
1998-04-03,13.162135897757848,13.318363685064718,13.044965793048975,13.084023475646973,203462,0.0,0.0
1998-04-06,13.084025942530547,13.259781132731026,13.084025942530547,13.123082160949707,407541,0.0,0.0
1998-04-07,13.1230804850861,13.1230804850861,12.966852688274622,12.986381530761719,250253,0.0,0.0
1998-04-08,12.966853316480107,13.00591100334653,12.810626983642578,12.810626983642578,302847,0.0,0.0
1998-04-09,12.84967905059641,12.98637796741179,12.84967905059641,12.888736724853516,448036,0.0,0.0
1998-04-13,12.9473245296391,13.279307474009281,12.9473245296391,13.084023475646973,645696,0.0,0.0
1998-04-14,13.084023702766503,13.201193809509277,12.986380966119134,13.201193809509277,457913,0.0,0.0
1998-04-15,13.201198973525129,13.513653204245212,13.162141274970644,13.474596977233887,702487,0.0,0.0
1998-04-16,13.513658792689911,13.513658792689911,13.298845776435847,13.318374633789062,540138,0.0,0.0
1998-04-17,13.279309096061032,13.455064274592626,13.240251408692185,13.435535430908203,251118,0.0,0.0
1998-04-20,13.435544834820819,13.435544834820819,13.259789533273185,13.318374633789062,146177,0.0,0.0
1998-04-21,13.435535430908203,13.47459311827705,13.240251408692185,13.435535430908203,185931,0.0,0.0
1998-04-22,13.357423306974303,14.255729634517358,13.357423306974303,13.943275451660156,953852,0.0,0.0
1998-04-23,13.943264949868542,14.158077682590196,13.845623735067134,14.138548851013184,491000,0.0,0.0
1998-04-24,14.021382906763673,14.255723068079625,14.001854069473257,14.060439109802246,652610,0.0,0.0
1998-04-27,13.923742523808142,13.923742523808142,13.162134009383497,13.552701950073242,476926,0.0,0.0
1998-04-28,13.4941141198961,13.63081301806653,13.435529088043351,13.591756820678711,461370,0.0,0.0
1998-04-29,13.591767268152273,13.943277729461466,13.513653341791393,13.865163803100586,661746,0.0,0.0
1998-04-30,14.021379513313837,14.021379513313837,13.55269783256987,13.63081169128418,314453,0.0,0.0
1998-05-01,13.66987133026123,13.68939869410302,13.552699789499933,13.66987133026123,91731,0.0,0.0
1998-05-04,13.513646125793457,13.669873895092929,13.513646125793457,13.513646125793457,211487,0.0,0.0
1998-05-05,13.435537600194223,13.572236584970966,13.27931124012293,13.29883861541748,180622,0.0,0.0
1998-05-06,13.513644666406815,13.630814744956611,13.396474587857021,13.494115829467773,660017,0.0,0.0
1998-05-07,13.474594430650177,13.513650650280209,13.279310389414253,13.357422828674316,263093,0.0,0.0
1998-05-08,13.279302826950035,13.669870686996392,13.279302826950035,13.591756820678711,413344,0.0,0.0
1998-05-11,13.533178177787581,13.689404512634754,13.416008058766518,13.435535430908203,114818,0.0,0.0
1998-05-12,13.513650994387907,13.572236061096191,13.279310727554778,13.572236061096191,754217,0.0,0.0
1998-05-13,13.55270086874267,13.669872418834695,13.435530790192876,13.494115829467773,447789,0.0,0.0
1998-05-14,13.513644666406815,13.572229705681712,13.318360711643082,13.494115829467773,346429,0.0,0.0
1998-05-15,13.435530785222385,13.513644661407426,13.259775667462714,13.279304504394531,251611,0.0,0.0
1998-05-18,13.201197226643217,13.357423585558628,13.16213953325714,13.240253448486328,223833,0.0,0.0
1998-05-19,13.240246830530896,13.318360706715938,13.12307675202445,13.279304504394531,499272,0.0,0.0
1998-05-20,13.27931095136626,13.513651222148994,13.240253258540507,13.425773620605469,166177,0.0,0.0
1998-05-21,13.357430876951724,13.455073692174034,13.201204432757308,13.318374633789062,171362,0.0,0.0
1998-05-22,13.279309121271291,13.396479240514799,13.171902688117164,13.181666374206543,664832,0.0,0.0
1998-05-26,13.240250019628851,13.435534021357201,12.88873969944337,12.947324752807617,478531,0.0,0.0
1998-05-27,12.810625982152873,12.966852302777179,12.732512086069418,12.771568298339844,272970,0.0,0.0
1998-05-28,12.73251263045489,12.888740429301404,12.73251263045489,12.830155372619629,220006,0.0,0.0
1998-05-29,12.88873475416164,13.005904815933123,12.81062088913331,12.849677085876465,962618,0.0,0.0
1998-06-01,12.771570958257229,12.84968487060936,12.595815759122118,12.654400825500488,96793,0.0,0.0
1998-06-02,12.654401389249955,12.810629220914116,12.654401389249955,12.72275161743164,417418,0.0,0.0
1998-06-03,12.693457707744455,12.810627833027027,12.615343800375136,12.752042770385742,163708,0.0,0.0
1998-06-04,12.752047131766075,12.79110336303711,12.459120246831695,12.79110336303711,482482,0.0,0.0
1998-06-05,12.732513925657708,12.810627833027027,12.693457707744455,12.752042770385742,196672,0.0,0.0
1998-06-08,12.849682080456674,12.888739763923294,12.693455761217974,12.712983131408691,185931,0.0,0.0
1998-06-09,12.712981727135267,12.791095613897468,12.576282793187021,12.732510566711426,112102,0.0,0.0
1998-06-10,12.537220590241702,12.752033308228082,12.537220590241702,12.576276779174805,156547,0.0,0.0
1998-06-11,12.576290074652261,12.693461708407227,12.498177614206657,12.5567626953125,142843,0.0,0.0
1998-06-12,12.537222585368385,12.615336447207063,12.341938666542669,12.420052528381348,228401,0.0,0.0
1998-06-15,12.47269591115435,12.47269591115435,12.138781670825349,12.15842342376709,541866,0.186295,0.0
1998-06-16,12.33520634686981,12.33520634686981,12.079859771699587,12.148606300354004,413961,0.0,0.0
1998-06-17,12.119143574071575,12.669120222893461,12.119143574071575,12.610194206237793,393220,0.0,0.0
1998-06-18,12.492340232495541,12.64947575913388,12.45305672086263,12.5414457321167,662363,0.0,0.0
1998-06-19,12.511980673185375,12.590547683546022,12.472695687898607,12.492338180541992,400504,0.0,0.0
1998-06-22,12.49233280420129,12.531616292475128,12.4137643475478,12.511975288391113,378652,0.0,0.0
1998-06-23,12.492340802549043,12.53162431597455,12.33520452868688,12.453057289123535,589768,0.0,0.0
1998-06-24,12.492340802549043,12.570909309506813,12.33520452868688,12.453057289123535,623843,0.0,0.0
1998-06-25,12.3744839579682,12.570904408734657,12.276273732584974,12.47269344329834,511495,0.0,0.0
1998-06-26,12.492342172926454,12.610194206237793,12.492342172926454,12.610194206237793,502976,0.0,0.0
1998-06-29,12.570913196426105,12.80661731007224,12.53162819074694,12.796796798706055,241982,0.0,0.0
1998-06-30,12.885184616946809,13.042320184410485,12.845899615000585,12.904827117919922,622115,0.0,0.0
1998-07-01,12.924465415162222,13.120885943179648,12.86553940476767,13.101244926452637,731994,0.0,0.0
1998-07-02,13.081607166706835,13.120890694492894,12.983396127080738,13.042322158813477,287538,0.0,0.0
1998-07-06,13.042315950055276,13.12088444833238,12.963748931884766,12.963748931884766,250500,0.0,0.0
1998-07-07,12.963753371684376,13.081605419408463,12.904827347822334,12.944110870361328,178894,0.0,0.0
1998-07-08,13.042319627551098,13.140530648116332,12.924467586958425,13.061962127685547,223463,0.0,0.0
1998-07-09,13.081598258242572,13.16016674041748,13.022672266637963,13.16016674041748,315687,0.0,0.0
1998-07-10,13.101245731242274,13.238738777204375,13.101245731242274,13.199455261230469,426060,0.0,0.0
1998-07-13,13.23873859203659,13.435159129372533,13.042318054700646,13.081603050231934,250130,0.0,0.0
1998-07-14,13.003031206624684,13.23873519897461,13.003031206624684,13.23873519897461,255315,0.0,0.0
1998-07-15,13.120887133951953,13.317307679795318,13.081603616826039,13.14052963256836,182350,0.0,0.0
1998-07-16,13.061960735161515,13.258381275244755,13.042318237121135,13.199455261230469,253957,0.0,0.0
1998-07-17,13.219098091125488,13.376233639072728,13.199455592591999,13.219098091125488,282970,0.0,0.0
1998-07-20,13.19945571512765,13.435159779290087,13.179813216411812,13.415518760681152,451617,0.0,0.0
1998-07-21,13.415513197406213,13.454796698440523,13.16016674041748,13.16016674041748,393467,0.0,0.0
1998-07-22,13.120882769258426,13.160167753422991,12.806610296473924,13.003030776977539,343713,0.0,0.0
1998-07-23,12.885182047837949,13.022676567021275,12.806613539717937,12.86553955078125,192227,0.0,0.0
1998-07-24,12.885181275925975,12.963749779339187,12.610192254033077,12.688760757446289,188030,0.0,0.0
1998-07-27,12.610191826142136,12.68876032688935,12.41377131432742,12.678939819335938,196548,0.0,0.0
1998-07-28,12.767329260859501,12.806612772512763,12.472697743086627,12.688760757446289,236673,0.0,0.0
1998-07-29,12.669120399758034,12.8066149339097,12.649477900562957,12.728046417236328,262599,0.0,0.0
1998-07-30,12.767334504096459,13.081607166706835,12.688765968417039,13.042322158813477,297662,0.0,0.0
1998-07-31,13.022677984734736,13.317308072126204,12.688762898953112,12.728046417236328,1838196,0.0,0.0
1998-08-03,12.747689479554207,12.806615499635528,12.374490859003506,12.786972999572754,479025,0.0,0.0
1998-08-04,12.728047444856301,12.845899489327868,12.178070743953302,12.256638526916504,731994,0.0,0.0
1998-08-05,12.178071965687838,12.178071965687838,11.785230791300435,11.903082847595215,747674,0.0,0.0
1998-08-06,11.804868795688403,12.197709845007203,11.706659273412072,12.07985782623291,1013977,0.0,0.0
1998-08-07,12.17806436964836,12.276274601986806,11.942359664025464,12.099495887756348,646930,0.0,0.0
1998-08-10,12.020928627816165,12.099497117694824,11.86379312816528,11.942360877990723,475198,0.0,0.0
1998-08-11,11.785225989750337,11.863794488638794,11.431669224858894,11.8048677444458,357787,0.0,0.0
1998-08-12,11.863801086528582,11.863801086528582,11.706664741415755,11.785232543945312,564089,0.0,0.0
1998-08-13,11.765590778326352,11.804874309564273,11.47095985371966,11.785232543945312,708290,0.0,0.0
1998-08-14,11.765584568530969,11.981646836518197,11.68701606741562,11.82451057434082,951136,0.0,0.0
1998-08-17,11.903085143557869,11.942369416584794,11.726307025017316,11.745948791503906,569521,0.0,0.0
1998-08-18,11.844155519426856,12.2369966506958,11.74594523660962,12.2369966506958,382356,0.0,0.0
1998-08-19,12.256635121377288,12.256635121377288,11.942362596738894,11.97182559967041,331120,0.0,0.0
1998-08-20,11.942363867890359,12.02093163738609,11.628091309800629,11.667375564575195,258278,0.0,0.0
1998-08-21,11.647732083338306,11.647732083338306,11.117397278863164,11.490595817565918,373467,0.0,0.0
1998-08-24,11.490594492192505,11.706657480254599,11.392384244906077,11.549520492553711,155313,0.0,0.0
1998-08-25,11.549523801512153,11.863797126900524,11.490597784268543,11.588808059692383,410134,0.0,0.0
1998-08-26,12.688753205782104,12.845888638983272,12.276270658483554,12.511975288391113,6154975,0.0,0.0
1998-08-27,12.295920634698556,12.453057653208244,10.724557110082266,10.842409133911133,24194209,0.0,0.0
1998-08-28,11.313819309803458,11.392387083174812,10.881693966073978,11.07811450958252,3381446,0.0,0.0
1998-08-31,11.156682153721448,11.2745349224935,10.763841811308234,10.881693840026855,1590659,0.0,0.0
1998-09-01,10.685278370056718,10.724562644958496,10.253153566298504,10.724562644958496,1882888,0.0,0.0
1998-09-02,10.704918534672993,10.803128090352779,10.429929410598014,10.68527603149414,2402285,0.0,0.0
1998-09-03,10.567418680864765,10.709823427359153,10.488850187600777,10.626344680786133,914962,0.0,0.0
1998-09-04,10.665634268368908,10.724560297798227,10.41028690741916,10.68527603149414,1302750,0.0,0.0
1998-09-08,10.9209783448808,11.313819436289771,10.7638420563279,11.274535179138184,697549,0.0,0.0
1998-09-09,11.31382454832382,11.31382454832382,10.606709820253162,10.724562644958496,623226,0.0,0.0
1998-09-10,10.724559225134696,10.724559225134696,10.331718081492797,10.665633201599121,700759,0.0,0.0
1998-09-11,10.645986919647044,11.195963399135326,10.292429448463782,11.156679153442383,751131,0.0,0.0
1998-09-14,11.274531268450088,11.745939970595789,11.15667853787377,11.176321029663086,1184475,0.0,0.0
1998-09-15,11.071150686511015,11.110690675327138,10.873451487301422,11.031611442565918,1119535,0.186295,0.0
1998-09-16,11.07114960616793,11.466547966003418,11.031610366081146,11.466547966003418,831750,0.0,0.0
1998-09-17,11.347925613364298,11.347925613364298,10.962412542748016,10.992067337036133,271242,0.0,0.0
1998-09-18,11.071146540180864,11.189766462204085,10.79436821186818,10.992067337036133,1283861,0.0,0.0
1998-09-21,10.754829045740534,11.26884651184082,10.636209859677638,11.26884651184082,390751,0.0,0.0
1998-09-22,11.30838611920768,11.30838611920768,10.992067803464854,11.2095365524292,370010,0.0,0.0
1998-09-23,11.229304758386169,11.545623779296875,11.07114562036616,11.545623779296875,639152,0.0,0.0
1998-09-24,11.427006851815362,11.466546832865713,10.873449351723075,11.011838912963867,392232,0.0,0.0
1998-09-25,10.893220062886133,11.446777580672919,10.873449699293555,11.328158378601074,322971,0.0,0.0
1998-09-28,11.52586080382476,11.565400052446407,11.229311225064588,11.387471199035645,481741,0.0,0.0
1998-09-29,11.387471199035645,11.565400052446407,11.308391212050116,11.387471199035645,655943,0.0,0.0
1998-09-30,11.387468740958894,11.506087950961158,11.229308801127933,11.466547966003418,540384,0.0,0.0
1998-10-01,11.268846320591111,11.4270054809477,10.95252799987793,10.95252799987793,825083,0.0,0.0
1998-10-02,10.992071844759774,11.189771051001923,10.87345187409185,11.11069107055664,691993,0.0,0.0
1998-10-05,10.97229619694906,11.110684969429329,10.69551716224723,11.051375389099121,476309,0.0,0.0
1998-10-06,11.268848950126339,11.387468906726308,10.735061752474852,10.91299057006836,336058,0.0,0.0
1998-10-07,10.912989441459231,10.912989441459231,10.2803527178365,10.458281517028809,539026,0.0,0.0
1998-10-08,10.221042002445314,10.221042002445314,9.13369672820859,9.568634986877441,1419049,0.0,0.0
1998-10-09,9.845414395803305,9.964034339944295,9.39070647210673,9.726795196533203,2403272,0.0,0.0
1998-10-12,10.043110592216747,10.260579308286168,9.944261040390524,10.141960144042969,475691,0.0,0.0
1998-10-13,10.161732032243375,10.280351967922918,10.003572862874817,10.201272010803223,931629,0.0,0.0
1998-10-14,10.221041302273056,10.814137939084274,10.161730968208254,10.59666919708252,1587572,0.0,0.0
1998-10-15,10.715284638273136,11.328151378375122,10.59666476463148,11.23918628692627,764835,0.0,0.0
1998-10-16,11.466550441150055,11.545630428135583,11.170001607261002,11.387471199035645,612485,0.0,0.0
1998-10-19,11.387465952675331,11.56539472411189,11.249076411644158,11.48631477355957,180869,0.0,0.0
1998-10-20,11.466546986412862,11.743326112600762,11.387467768124099,11.585166931152344,808540,0.0,0.0
1998-10-21,11.664244014609556,11.7235536036888,11.585164810794153,11.703783988952637,633473,0.0,0.0
1998-10-22,11.624704727786545,11.723554297055129,11.545625519294157,11.684014320373535,1603498,0.0,0.0
1998-10-23,11.604940735024796,11.64448073086539,11.506091117858887,11.506091117858887,747180,0.0,0.0
1998-10-26,11.506084862107992,11.7235536036888,11.506084862107992,11.703783988952637,1100276,0.0,0.0
1998-10-27,11.703782917316886,11.703782917316886,11.417118688230513,11.545623779296875,500136,0.0,0.0
1998-10-28,11.387467817407556,11.703786181673376,11.387467817407556,11.604936599731445,447666,0.0,0.0
1998-10-29,11.585165391164914,11.664244598941872,11.525855799114497,11.644474983215332,234204,0.0,0.0
1998-10-30,11.644474399873395,11.7235536036888,11.604934425530315,11.703783988952637,545446,0.0,0.0
1998-11-02,11.684013944236709,11.921253051818168,11.664244328967744,11.743324279785156,501371,0.0,0.0
1998-11-03,11.782865297591663,12.020103681290173,11.782865297591663,11.901484489440918,449271,0.0,0.0
1998-11-04,11.980561055911004,12.099180221557617,11.94102183060925,12.099180221557617,1034842,0.0,0.0
1998-11-05,12.039878786380703,12.356198016949532,12.020109160351293,12.316658020019531,703969,0.0,0.0
1998-11-06,12.257340166585289,12.336419362474553,12.178260225825342,12.237569808959961,354330,0.0,0.0
1998-11-09,12.217808400130119,12.494586888897766,12.217808400130119,12.316658020019531,583102,0.0,0.0
1998-11-10,12.257344649092852,12.415503843580836,12.217804664253118,12.336423873901367,802613,0.0,0.0
1998-11-11,12.296881623483147,12.415501556147804,12.237572029586227,12.277112007141113,748044,0.0,0.0
1998-11-12,12.277111077901889,12.375960641871895,12.19803187364834,12.346305847167969,753723,0.0,0.0
1998-11-13,12.277111077901889,12.455040590996205,12.257341463056193,12.346305847167969,612732,0.0,0.0
1998-11-16,12.33641847515201,12.474807989092621,12.25733928495068,12.375958442687988,505322,0.0,0.0
1998-11-17,12.356194311519047,12.731821562660157,12.356194311519047,12.632972717285156,911876,0.0,0.0
1998-11-18,12.534115913382783,12.652735048412419,12.494575208545589,12.573655128479004,1250526,0.0,0.0
1998-11-19,12.573663112111774,12.672511957486774,12.573663112111774,12.632972717285156,625325,0.0,0.0
1998-11-20,12.751585922070516,12.929514653792312,12.652737123249924,12.850436210632324,550014,0.0,0.0
1998-11-23,12.830670458143477,12.929519292427388,12.810900095389995,12.870209693908691,728908,0.0,0.0
1998-11-24,12.870205076551715,12.929514653792312,12.83066585497172,12.850436210632324,663598,0.0,0.0
1998-11-25,12.850437477010248,12.870206344877808,12.692277595621588,12.771357536315918,531866,0.0,0.0
1998-11-27,12.77136075870048,12.889979954800497,12.77136075870048,12.830670356750488,136547,0.0,0.0
1998-11-30,12.751588456715014,12.830668405335008,12.257341384887695,12.257341384887695,402850,0.0,0.0
1998-12-01,12.217801994815366,12.277111586681082,12.138722042413882,12.19803237915039,311119,0.0,0.0
1998-12-02,12.138715919840722,12.356185306821343,12.138715919840722,12.296875,385566,0.0,0.0
1998-12-03,12.2573448841049,12.375964096027454,12.039875335752257,12.079415321350098,236179,0.0,0.0
1998-12-04,12.138723600652577,12.712051466984013,12.099183619376117,12.613201141357422,669400,0.0,0.0
1998-12-07,12.573658828735246,12.731817225404964,12.375959715592042,12.415499687194824,304699,0.0,0.0
1998-12-08,12.33641983259397,12.415499776367515,12.020101547241211,12.020101547241211,316305,0.0,0.0
1998-12-09,12.039868767347647,12.257338197058862,12.039868767347647,12.217798233032227,213462,0.0,0.0
1998-12-10,12.23757226995575,12.23757226995575,12.020103506438597,12.039873123168945,196795,0.0,0.0
1998-12-11,12.02010066199291,12.17825979302129,11.802631949937716,12.158490180969238,310749,0.0,0.0
1998-12-14,12.020104955271725,12.099184176595694,11.861945767752864,11.941025733947754,248772,0.0,0.0
1998-12-15,12.01422444483546,12.213134765625,11.815313374608927,12.213134765625,401986,0.186295,0.0
1998-12-16,12.13357149006698,12.183298885785714,11.99433358295527,12.073898315429688,219512,0.0,0.0
1998-12-17,12.113671036347206,12.571166038513184,12.073889448761328,12.571166038513184,563595,0.0,0.0
1998-12-18,12.650738758578374,12.670630314459066,12.451827696393234,12.610957145690918,664462,0.0,0.0
1998-12-21,12.610952100359453,12.610952100359453,12.29269407852825,12.31258487701416,589522,0.0,0.0
1998-12-22,12.312595622764512,12.451833581995038,12.153466847688474,12.4120512008667,187906,0.0,0.0
1998-12-23,12.451824686021727,12.61095409684805,12.233022870290707,12.591062545776367,615325,0.0,0.0
1998-12-24,12.55128290340328,12.610956820067571,12.471718930245796,12.531392097473145,219512,0.0,0.0
1998-12-28,12.491607949416453,12.750191387269037,12.491607949416453,12.630845069885254,374084,0.0,0.0
1998-12-29,12.650733161041034,12.77007944577049,12.610951565755636,12.710406303405762,371368,0.0,0.0
1998-12-30,12.690520426857619,12.75019359588623,12.690520426857619,12.75019359588623,560261,0.0,0.0
1998-12-31,12.69052357654447,12.849653066031395,12.69052357654447,12.829761505126953,520754,0.0,0.0
1999-01-04,12.849653491045368,12.988891424233273,12.80987036792062,12.968999862670898,1029656,0.0,0.0
1999-01-05,12.988887856816598,13.068452582339171,12.929214687393154,13.01872444152832,859529,0.0,0.0
1999-01-06,13.008778439361855,13.247472625568516,13.008778439361855,13.187799453735352,760267,0.0,0.0
1999-01-07,13.048555254146713,13.048555254146713,12.770079587439776,12.809861183166504,623843,0.0,0.0
1999-01-08,12.809869511226937,12.968998995335014,12.610959904403225,12.690523147583008,551372,0.0,0.0
1999-01-11,12.650737142509783,12.819811598712429,12.59106398136458,12.730301856994629,850022,0.0,0.0
1999-01-12,12.710414746769873,12.809869550486537,12.53139520075532,12.581123352050781,520631,0.0,0.0
1999-01-13,12.41204645551873,12.576148433895002,12.1733530094428,12.392155647277832,381862,0.0,0.0
1999-01-14,12.491603214737927,12.551276350811975,11.93465269565255,12.014217376708984,403591,0.0,0.0
1999-01-15,12.073895585523685,12.889429787090585,12.073895585523685,12.730301856994629,1103732,0.0,0.0
1999-01-19,12.730301521843915,12.809864735360366,12.213132390181666,12.352370262145996,540878,0.0,0.0
1999-01-20,12.372268014224765,12.531397528377774,12.153466056420285,12.45183277130127,567052,0.0,0.0
1999-01-21,12.412047669796152,12.610959518849938,12.292701309800982,12.511503219604492,450012,0.0,0.0
1999-01-22,12.332482571815985,12.412046554853363,12.014225140792394,12.073898315429688,530755,0.0,0.0
1999-01-25,12.213130132528605,12.213130132528605,11.93465518951416,11.93465518951416,419641,0.0,0.0
1999-01-26,11.994332131736087,12.272807912266144,11.95454977031223,12.233025550842285,442728,0.0,0.0
1999-01-27,12.173353185427112,12.292700284908936,11.755640210833336,11.775531768798828,433221,0.0,0.0
1999-01-28,11.855095080007203,12.372262784656435,11.815312718284353,11.984386444091797,417418,0.0,0.0
1999-01-29,12.193243958377144,12.233026322309849,11.795421817924076,12.213134765625,495568,0.0,0.0
1999-02-01,12.25291641922638,12.25291641922638,11.795421134114864,11.91476821899414,323465,0.0,0.0
1999-02-02,11.795418052797428,11.894873556164253,11.735744900664686,11.845146179199219,314206,0.0,0.0
1999-02-03,11.815311186293222,12.073895379807896,11.775528829728612,12.044058799743652,417789,0.0,0.0
1999-02-04,12.073895967872335,12.173350739972564,11.477162838649619,11.616400718688965,540384,0.0,0.0
1999-02-05,11.656177924851743,12.213127699948787,11.278246810291497,11.53683090209961,480012,0.0,0.0
1999-02-08,11.616399722181802,11.676072880097662,11.337923985992015,11.35781478881836,447172,0.0,0.0
1999-02-09,11.417490402883505,11.686019653645243,11.258361708175348,11.526891708374023,689154,0.0,0.0
1999-02-10,11.596512480891915,11.656185657134682,11.397601393791321,11.516947746276855,439888,0.0,0.0
1999-02-11,11.576622648173545,11.815316138162197,11.377711531422529,11.785479545593262,440382,0.0,0.0
1999-02-12,11.775531917254241,11.785477696362374,11.437382921948224,11.507001876831055,493099,0.0,0.0
1999-02-16,11.497054230391896,11.974441057927258,11.497054230391896,11.835203170776367,521742,0.0,0.0
1999-02-17,11.695963227793463,11.855092641959251,11.45727060541838,11.477161407470703,442851,0.0,0.0
1999-02-18,11.516945197151845,11.695964686256525,11.417489675614725,11.616400718688965,651992,0.0,0.0
1999-02-19,11.636286379674774,11.715851061509529,11.497048561182233,11.53683090209961,571620,0.0,0.0
1999-02-22,11.49705283054337,11.73574621524842,11.49705283054337,11.695963859558105,821379,0.0,0.0
1999-02-23,11.735747966393703,11.954549831183616,11.695965604767277,11.91476821899414,841133,0.0,0.0
1999-02-24,11.894875059275055,12.054003734883116,11.676073223993576,11.735746383666992,752859,0.0,0.0
1999-02-25,11.656183672528304,11.994331863475844,11.656183672528304,11.835203170776367,1075090,0.0,0.0
1999-02-26,11.934661326566191,12.093790054321289,11.775532598811093,12.093790054321289,1072250,0.0,0.0
1999-03-01,12.073894577314359,12.153458535718489,11.954547515552957,12.103731155395508,1020150,0.0,0.0
1999-03-02,12.133572135403451,12.133572135403451,11.974443411428231,11.99433422088623,574583,0.0,0.0
1999-03-03,11.974443435668945,12.17335377896283,11.8550970798052,11.974443435668945,1437074,0.0,0.0
1999-03-04,11.894874359390657,12.113676181798022,11.815310400986528,12.103731155395508,347293,0.0,0.0
1999-03-05,12.11368002012018,12.193244753171875,12.11368002012018,12.17335319519043,551619,0.0,0.0
1999-03-08,12.19323678493113,12.19323678493113,11.93465269565255,12.014217376708984,456925,0.0,0.0
1999-03-09,11.974443411428231,12.113680576508376,11.755640760204862,11.99433422088623,492482,0.0,0.0
1999-03-10,11.93466239082673,12.193246690167376,11.855098394572696,12.153464317321777,382232,0.0,0.0
1999-03-11,12.153457735862608,12.272804789769419,12.014220630459794,12.163403511047363,448407,0.0,0.0
1999-03-12,12.173349071553593,12.173349071553593,12.05400276184082,12.05400276184082,328651,0.0,0.0
1999-03-15,12.054006059331172,12.332481857423115,12.01422444483546,12.213134765625,563225,0.0,0.0
1999-03-16,12.293222755280084,12.353287989383391,12.15307255397623,12.173093795776367,408776,0.202495,0.0
1999-03-17,12.173086386843334,12.173086386843334,11.692570086934738,11.76264476776123,562484,0.0,0.0
1999-03-18,11.772663245248097,12.21313736599764,11.692577521517297,12.05296516418457,646313,0.0,0.0
1999-03-19,12.173089955557087,12.333262102483353,11.872766897188635,11.892788887023926,755946,0.0,0.0
1999-03-22,11.852746463598567,12.072983086228323,11.792681998731476,11.95285415649414,269019,0.0,0.0
1999-03-23,11.952849353805993,11.952849353805993,11.492354302384802,11.752634048461914,423344,0.0,0.0
1999-03-24,11.792676211170901,11.85274064655982,11.532396488251663,11.672547340393066,394702,0.0,0.0
1999-03-25,11.632509179518141,11.652531170867915,11.45231578347779,11.552423477172852,347663,0.0,0.0
1999-03-26,11.5724469088193,11.5724469088193,11.332189001868636,11.372231483459473,361367,0.0,0.0
1999-03-29,11.372227528708166,11.612486106459071,11.372227528708166,11.432291984558105,603472,0.0,0.0
1999-03-30,11.392252122173907,11.452316591759924,11.312165659825006,11.33218765258789,540138,0.0,0.0
1999-03-31,11.452311113147628,11.55241876601811,11.07190248485037,11.091923713684082,541372,0.0,0.0
1999-04-01,11.172018696608173,11.192039940780168,11.011845725826065,11.121964454650879,926320,0.0,0.0
1999-04-05,11.312163361087425,11.312163361087425,11.111948754603294,11.202045440673828,774958,0.0,0.0
1999-04-06,11.17201321198365,11.212055680669776,11.131969988946356,11.202045440673828,538656,0.0,0.0
1999-04-07,11.212058826105904,11.572446425842513,11.172016346186243,11.532403945922852,571126,0.0,0.0
1999-04-08,11.532404427228464,11.652533380703796,11.25210252998414,11.372231483459473,668536,0.0,0.0
1999-04-09,11.372230607943944,11.392252601549337,11.232080424462955,11.342198371887207,348775,0.0,0.0
1999-04-12,11.332184248574215,11.61248527389462,11.232076577884548,11.572442054748535,510631,0.0,0.0
1999-04-13,11.552425019370352,11.632510732406729,11.232080658522108,11.25210189819336,297415,0.0,0.0
1999-04-14,11.292145765926389,11.43229596019714,11.27212452513097,11.372231483459473,622609,0.0,0.0
1999-04-15,11.41227471940172,11.532404427228464,11.131973576508809,11.372231483459473,363343,0.0,0.0
1999-04-16,11.312162869888716,11.51237822203023,11.172012726870564,11.412270545959473,502235,0.0,0.0
1999-04-19,11.372231468448483,11.91281326707675,11.372231468448483,11.882781028747559,746563,0.0,0.0
1999-04-20,11.772658469336184,11.972873828967364,11.772658469336184,11.912809371948242,459148,0.0,0.0
1999-04-21,11.812702436385187,12.052961033950192,11.812702436385187,11.892788887023926,580756,0.0,0.0
1999-04-22,11.872766149151774,12.032938285986486,11.85274491492912,11.912809371948242,551866,0.0,0.0
1999-04-23,11.932831764221191,11.992896223272352,11.872766550818843,11.932831764221191,280625,0.0,0.0
1999-04-26,11.93283291965553,11.992897384522623,11.89278969162705,11.95285415649414,397418,0.0,0.0
1999-04-27,11.952852999121182,12.05296068232351,11.932831764221191,11.932831764221191,362232,0.0,0.0
1999-04-28,11.912806997728616,12.012914657592773,11.912806997728616,12.012914657592773,298403,0.0,0.0
1999-04-29,11.972874751867945,12.233154588581298,11.972874751867945,12.113025665283203,734217,0.0,0.0
1999-04-30,12.133042870216306,12.233150524490748,12.032935215941862,12.093000411987305,897184,0.0,0.0
1999-05-03,12.05295957055063,12.353282592455624,12.032937583146293,12.303228378295898,621127,0.0,0.0
1999-05-04,12.233151916850973,12.353281568263876,12.233151916850973,12.333259582519531,861874,0.0,0.0
1999-05-05,12.313239974527164,12.453390121459961,12.173089073243212,12.453390121459961,828170,0.0,0.0
1999-05-06,12.333262623814065,12.453391550498846,12.133047243105265,12.443381309509277,657548,0.0,0.0
1999-05-07,12.39333346938302,12.53348445892334,12.333268975109062,12.53348445892334,468531,0.0,0.0
1999-05-10,12.433369194218784,12.453390428745731,12.093003681153625,12.13304615020752,401368,0.0,0.0
1999-05-11,12.17308746832005,12.473410465325722,12.17308746832005,12.333259582519531,639276,0.0,0.0
1999-05-12,12.353287101038946,12.353287101038946,12.113028444957445,12.313243865966797,494581,0.0,0.0
1999-05-13,12.313243707105102,12.533480365633407,12.233157237994055,12.373308181762695,588904,0.0,0.0
1999-05-14,12.333260743779597,12.453389652152394,12.173088614498825,12.2431640625,545817,0.0,0.0
1999-05-17,12.213133002406195,12.253175472789215,12.072982093012032,12.153068542480469,287785,0.0,0.0
1999-05-18,12.113025665283203,12.213133352815357,11.93283228033606,12.113025665283203,591250,0.0,0.0
1999-05-19,12.093000411987305,12.333258178765192,12.072978428521834,12.093000411987305,542360,0.0,0.0
1999-05-20,12.072990982860784,12.153077491300271,11.932840724619316,11.972883224487305,669647,0.0,0.0
1999-05-21,11.93283606936649,12.213137230849743,11.93283606936649,12.193115234375,276550,0.0,0.0
1999-05-24,12.213137534628592,12.213137534628592,11.872771129606596,11.992900848388672,536804,0.0,0.0
1999-05-25,11.89278969162705,12.173090779123896,11.872767700437176,11.95285415649414,441246,0.0,0.0
1999-05-26,11.952853516102003,12.17309012693225,11.952853516102003,12.113025665283203,496309,0.0,0.0
1999-05-27,12.052963033676287,12.07298427248212,11.692575454711914,11.692575454711914,528779,0.0,0.0
1999-05-28,11.692572955805273,12.153068139085642,11.692572955805273,12.13304615020752,692117,0.0,0.0
1999-06-01,12.133047962307037,12.173091191692658,11.612488243347821,11.71259593963623,563718,0.0,0.0
1999-06-02,11.732625207872358,12.012926478707048,11.692581953652615,11.972883224487305,452728,0.0,0.0
1999-06-03,12.012916759484936,12.133045670600396,11.932831070191677,12.123035430908203,310008,0.0,0.0
1999-06-04,12.05296561435852,12.293223548875938,12.05296561435852,12.233159065246582,633103,0.0,0.0
1999-06-07,12.253178239916691,12.413351175025317,12.213135760490905,12.293221473693848,710265,0.0,0.0
1999-06-08,12.273197462331924,12.313240687066141,12.11302531774625,12.153068542480469,449271,0.0,0.0
1999-06-09,12.13304539359085,12.253174301963647,12.13304539359085,12.2431640625,525816,0.0,0.0
1999-06-10,12.173089867644387,12.193111102983876,11.972874496844685,12.032938957214355,702611,0.0,0.0
1999-06-11,12.032939858199843,12.173090779123896,11.852746463598567,11.95285415649414,408653,0.0,0.0
1999-06-14,11.912806997728616,12.012914657592773,11.852742552680326,12.012914657592773,210252,0.0,0.0
1999-06-15,12.033073568698455,12.214476298577209,11.932294021183385,12.093541145324707,334700,0.202495,0.0
1999-06-16,12.174169005129198,12.335415421750687,12.133857021266728,12.254792213439941,356429,0.0,0.0
1999-06-17,12.335411708704083,12.43619201773177,12.214476552933208,12.416035652160645,249389,0.0,0.0
1999-06-18,12.033072466719124,12.39587865266508,12.033072466719124,12.133852005004883,1023730,0.0,0.0
1999-06-21,12.254787952310839,12.335411132587987,12.13385280218815,12.174164772033691,316181,0.0,0.0
1999-06-22,12.174169005129198,12.335415421750687,12.033077441317648,12.254792213439941,379146,0.0,0.0
1999-06-23,12.133853102154747,12.25478825526713,12.113696737026714,12.194320678710938,246179,0.0,0.0
1999-06-24,12.133853116213524,12.174165087102343,11.932294021183385,12.093541145324707,310132,0.0,0.0
1999-06-25,12.133857190649247,12.274947997016154,12.073389593718542,12.21448040008545,379022,0.0,0.0
1999-06-28,12.234636601215806,12.274947825664078,12.093545037404256,12.254792213439941,831627,0.0,0.0
1999-06-29,12.234632918504333,12.496659595617206,12.214476552933208,12.416035652160645,400751,0.0,0.0
1999-06-30,12.416037261601877,12.416037261601877,12.093542964799923,12.395881652832031,601497,0.0,0.0
1999-07-01,12.335420151388066,12.53697938856791,12.194329292893764,12.516823768615723,548409,0.0,0.0
1999-07-02,12.476502428269162,12.49665879254498,12.214475767994898,12.375722885131836,338280,0.0,0.0
1999-07-06,12.274945721970747,12.416037261601877,12.174166918707446,12.395881652832031,290872,0.0,0.0
1999-07-07,12.375720688661547,12.577279739163053,12.254785562126157,12.557124137878418,358528,0.0,0.0
1999-07-08,12.456354575446905,12.456354575446905,12.274950981140137,12.274950981140137,225315,0.0,0.0
1999-07-09,12.375728439026847,12.4160404262555,12.274948850662344,12.305183410644531,128151,0.0,0.0
1999-07-12,12.335412565283807,12.335412565283807,12.133854211473986,12.154009819030762,232722,0.0,0.0
1999-07-13,12.133846376250373,12.174158324747197,11.791195953147684,11.992754936218262,311119,0.0,0.0
1999-07-14,12.093542308045468,12.133854282810038,11.62995649678797,11.85167121887207,466432,0.0,0.0
1999-07-15,11.952454868460004,11.992766857026936,11.851675276749813,11.861753463745117,392109,0.0,0.0
1999-07-16,11.90206402891391,11.932297826869801,11.750895039134452,11.881908416748047,353960,0.0,0.0
1999-07-19,11.81135849455848,11.932293643988066,11.81135849455848,11.922215461730957,240377,0.0,0.0
1999-07-20,11.771055221557617,11.85167846093823,11.730743222160067,11.771055221557617,287909,0.0,0.0
1999-07-21,11.771050284052311,12.012921419567439,11.750894672515289,11.811362266540527,357170,0.0,0.0
1999-07-22,11.89198584312388,12.033077406527505,11.871830230958018,11.881908416748047,530508,0.0,0.0
1999-07-23,11.871829860565766,11.932297454591007,11.811362266540527,11.811362266540527,228278,0.0,0.0
1999-07-26,11.771051113139777,11.932298295035828,11.71058275544131,11.750895500183105,182597,0.0,0.0
1999-07-27,11.811360003521525,11.912138801311913,11.750892421081684,11.85167121887207,244821,0.0,0.0
1999-07-28,11.811358779685445,11.83151438527229,11.629955291748047,11.629955291748047,191486,0.0,0.0
1999-07-29,11.629953381219593,11.640030802650559,11.448549923082526,11.529173851013184,462234,0.0,0.0
1999-07-30,11.4888655543883,11.549333899345198,11.367930383302635,11.468709945678711,452975,0.0,0.0
1999-08-02,11.48886489868164,11.730735986462673,11.448552924149132,11.48886489868164,645943,0.0,0.0
1999-08-03,11.569483396326724,11.670262905464732,11.468703887188717,11.509015083312988,637918,0.0,0.0
1999-08-04,11.468704549512085,11.710574777880495,11.468704549512085,11.589639663696289,882245,0.0,0.0
1999-08-05,11.60979535186466,11.650106547988932,11.488859485250853,11.509015083312988,764464,0.0,0.0
1999-08-06,11.488865060427187,11.549333402784264,11.448553085327148,11.448553085327148,369886,0.0,0.0
1999-08-09,11.50901943483349,11.50901943483349,11.206681552520225,11.226837158203125,499766,0.0,0.0
1999-08-10,11.16636707692458,11.246991000398697,11.025275590551766,11.1865234375,379640,0.0,0.0
1999-08-11,11.216762954527914,11.750895427855696,11.16637354273927,11.700505256652832,1086571,0.0,0.0
1999-08-12,11.705540349884934,11.710579061681232,11.448552378822033,11.458630561828613,511371,0.0,0.0
1999-08-13,11.468710181115185,11.690424919128418,11.468710181115185,11.690424919128418,388899,0.0,0.0
1999-08-16,11.650112037397655,11.67026840437092,11.448552924149132,11.48886489868164,271859,0.0,0.0
1999-08-17,11.549336431964996,11.670271629570182,11.52918005942131,11.66019344329834,302724,0.0,0.0
1999-08-18,11.730736239539462,11.730736239539462,11.448553171138155,11.710579872131348,413838,0.0,0.0
1999-08-19,11.710573983041664,11.771042295443273,11.609795234337515,11.650106430053711,449888,0.0,0.0
1999-08-20,11.690428081896366,11.932299253883679,11.670272467320041,11.861753463745117,537298,0.0,0.0
1999-08-23,11.79120237503146,11.97260586235881,11.79120237503146,11.932293891906738,779526,0.0,0.0
1999-08-24,11.912137279473848,11.932293643988066,11.851669704759056,11.922215461730957,1490162,0.0,0.0
1999-08-25,11.89198193455827,11.932293905054761,11.811358752979235,11.831514358520508,689894,0.0,0.0
1999-08-26,11.851669964061779,11.912137540099543,11.831514358520508,11.831514358520508,406307,0.0,0.0
1999-08-27,11.851671711296857,11.89198368773635,11.831516102784141,11.871828079223633,1028916,0.0,0.0
1999-08-30,11.891983224890964,11.91213883261921,11.085746765136719,11.085746765136719,436431,0.0,0.0
1999-08-31,11.105906781993992,11.408245553758903,11.085750408227764,11.388089179992676,542607,0.0,0.0
1999-09-01,11.347781058023186,11.629963533276268,11.327624678738653,11.559417724609375,561743,0.0,0.0
1999-09-02,11.52917075958011,11.52917075958011,11.226832250029958,11.267144203186035,937185,0.0,0.0
1999-09-03,11.327621110164301,11.529180283024923,11.327621110164301,11.519102096557617,1448186,0.0,0.0
1999-09-07,11.549333402784264,11.569489010627267,11.3477742866981,11.448553085327148,1196327,0.0,0.0
1999-09-08,11.428395121748391,11.448550725436718,11.267148014000142,11.367927551269531,545693,0.0,0.0
1999-09-09,11.267151176238297,11.347775132447275,11.146216001338917,11.287306785583496,300995,0.0,0.0
1999-09-10,11.307459833810972,11.34777180007751,11.166368331585025,11.206680297851562,171733,0.0,0.0
1999-09-13,11.20668159764447,11.267588111937634,11.084870098892099,11.226984024047852,350503,0.202495,0.0
1999-09-14,11.084872008942881,11.084872008942881,10.760040014769311,10.800644874572754,708043,0.0,0.0
1999-09-15,11.02396467424044,11.348795857093055,10.881850744898548,10.922454833984375,1041755,0.0,0.0
1999-09-16,10.942758332291397,11.044268189581075,10.760040283203125,10.760040283203125,346676,0.0,0.0
1999-09-17,10.820944905821397,10.942756407172308,10.211885869232855,10.414905548095703,1904371,0.0,0.0
1999-09-20,10.414907263684304,10.475813024392421,10.069773599782154,10.313397407531738,1099411,0.0,0.0
1999-09-21,10.232193940079288,10.354005508620649,10.090079933502757,10.150985717773438,1086448,0.0,0.0
1999-09-22,10.232190439029287,10.272793771371946,10.130679813421178,10.171284675598145,1118177,0.0,0.0
1999-09-23,10.23219033221431,10.23219033221431,9.92765998840332,9.92765998840332,618041,0.0,0.0
1999-09-24,9.907353042355895,10.029165267944336,9.785541581684194,10.029165267944336,545446,0.0,0.0
1999-09-27,10.090076220039162,10.110377885685269,9.887056503909557,9.907358169555664,787551,0.0,0.0
1999-09-28,9.947955263901388,9.988559331531583,9.68402997168002,9.755086898803711,1246329,0.0,0.0
1999-09-29,9.744942973058976,9.76524540450437,9.643433110583508,9.684037208557129,836442,0.0,0.0
1999-09-30,9.684039745664583,9.785549634734478,9.62313396520612,9.744945526123047,1078670,0.0,0.0
1999-10-01,9.72464130487247,9.765245402839167,9.521621579956156,9.73479175567627,1011014,0.0,0.0
1999-10-04,9.816000343857894,10.130680394610808,9.805849127731285,10.069774627685547,879899,0.0,0.0
1999-10-05,10.09007193290205,10.15097766887947,9.704334330183714,9.785542488098145,568904,0.0,0.0
1999-10-06,9.907356158017869,10.11037583292742,9.866752070052563,9.968262672424316,1069904,0.0,0.0
1999-10-07,10.049468668839186,10.069770327505616,9.744939199341502,9.765241622924805,496556,0.0,0.0
1999-10-08,9.866751639057634,10.069771305098975,9.785544231591265,10.05962085723877,567916,0.0,0.0
1999-10-11,10.130680691386761,10.150983124234735,9.826151847839355,9.826151847839355,357046,0.0,0.0
1999-10-12,9.866753067446936,9.907357159516764,9.684035800508298,9.724639892578125,325441,0.0,0.0
1999-10-13,9.765241384823899,9.765241384823899,9.399806183320273,9.4201078414917,418282,0.0,0.0
1999-10-14,9.42010988870052,9.440411551283969,9.176486113114043,9.338902473449707,699401,0.0,0.0
1999-10-15,9.196788677573961,9.217090340459745,8.892259144785038,8.932863235473633,750143,0.0,0.0
1999-10-18,8.912559344289395,9.176484743054973,8.912559344289395,9.135881423950195,961136,0.0,0.0
1999-10-19,8.95316806619235,8.95316806619235,8.526826875405533,8.790752410888672,1335220,0.0,0.0
1999-10-20,8.811054080957645,8.892262291068134,8.709544200778183,8.790752410888672,897307,0.0,0.0
1999-10-21,8.770445535921324,8.831351280212402,8.689238131838856,8.831351280212402,563718,0.0,0.0
1999-10-22,8.892260096131436,9.115581471435405,8.851656001098775,8.98361873626709,1090275,0.0,0.0
1999-10-25,8.993772654401926,9.054678432798061,8.689242997503909,9.014074325561523,573966,0.0,0.0
1999-10-26,9.074979787620483,9.298301222260848,8.871960023432036,8.89226245880127,532977,0.0,0.0
1999-10-27,8.993771587067553,9.359206978993718,8.9531674846497,9.257697105407715,918913,0.0,0.0
1999-10-28,9.420111127415224,9.846452217066291,9.420111127415224,9.805848121643066,1484730,0.0,0.0
1999-10-29,9.92765642208999,10.008864586589453,9.744939199341502,9.765241622924805,1326207,0.0,0.0
1999-11-01,9.76524479113696,9.90735797774257,9.724640695713735,9.805848121643066,663598,0.0,0.0
1999-11-02,9.86675422560798,10.090076375747087,9.846452559648583,9.92765998840332,1063114,0.0,0.0
1999-11-03,9.988567486037045,10.06977492267728,9.785547747060628,9.826151847839355,991878,0.0,0.0
1999-11-04,9.826151411839792,10.110378574844901,9.765245645832781,10.04947280883789,814713,0.0,0.0
1999-11-05,10.171282718075206,10.333697546022464,10.09007453918457,10.09007453918457,815330,0.0,0.0
1999-11-08,10.110381606620512,10.171288155808607,9.968268364961398,10.150985717773438,588781,0.0,0.0
1999-11-09,10.191586926453265,10.211888593789286,9.988567193424265,10.069774627685547,655202,0.0,0.0
1999-11-10,9.98856433394848,10.029168421913786,9.765242997514765,9.968262672424316,463839,0.0,0.0
1999-11-11,9.968261657346162,9.968261657346162,9.78554366256713,9.887053489685059,325070,0.0,0.0
1999-11-12,9.907357758054127,10.17128398999416,9.887056093251248,10.1306791305542,377047,0.0,0.0
1999-11-15,10.17128398999416,10.191585654797038,10.008867611902723,10.1306791305542,431616,0.0,0.0
1999-11-16,10.150978533097696,10.1915826155118,10.02916705077226,10.110374450683594,646190,0.0,0.0
1999-11-17,10.029166411927022,10.090072149210123,9.744938618050128,9.836297988891602,780638,0.0,0.0
1999-11-18,9.805851306581511,9.927662867498437,9.663737308900185,9.744945526123047,650017,0.0,0.0
1999-11-19,9.744943754317122,9.744943754317122,9.481018243705272,9.582528114318848,391245,0.0,0.0
1999-11-22,9.501317303951334,9.582525484119165,9.156184450530596,9.338902473449707,545199,0.0,0.0
1999-11-23,9.217093002989863,9.338905310243419,9.115583129403857,9.257697105407715,393837,0.0,0.0
1999-11-24,9.196789398388193,9.217091062865153,9.13588364004022,9.17648696899414,419517,0.0,0.0
1999-11-26,9.115583727876219,9.217093608126728,9.03437551770889,9.105432510375977,222228,0.0,0.0
1999-11-29,8.973473895701845,9.054682143454487,8.750152361758563,8.912568092346191,541989,0.0,0.0
1999-11-30,8.932870536743179,9.054682143454487,8.811058165114217,8.912568092346191,707179,0.0,0.0
1999-12-01,8.973467521279646,9.135883901410292,8.912561761189211,8.98361873626709,441987,0.0,0.0
1999-12-02,8.973464060261128,9.135880377748641,8.790746850462899,8.81104850769043,919530,0.0,0.0
1999-12-03,8.892256846559174,9.359201856502354,8.871954424003574,9.074974060058594,770637,0.0,0.0
1999-12-06,9.074977293609043,9.095279723398706,8.75014606614551,8.770447731018066,544335,0.0,0.0
1999-12-07,8.72984265564215,8.75014431645516,8.242595911877347,8.4456148147583,987557,0.0,0.0
1999-12-08,8.44561330560677,8.465915727708879,8.242594439003375,8.303500175476074,480506,0.0,0.0
1999-12-09,8.323802373338065,8.425312195691792,8.120782728630614,8.201990127563477,491124,0.0,0.0
1999-12-10,8.323801715253083,8.465915608296058,8.242594322740528,8.3847074508667,440876,0.0,0.0
1999-12-13,8.323804455001227,8.40501187424289,8.03957734027982,8.120784759521484,600756,0.0,0.0
1999-12-14,8.120784835791506,8.182305798405082,7.936221175307321,8.038756370544434,668783,0.202495,0.0
1999-12-15,7.977235509662337,8.264333596401459,7.915714546264201,8.243826866149902,1794861,0.0,0.0
1999-12-16,8.284844205396546,8.325859230388735,7.792675495147705,7.792675495147705,1077189,0.0,0.0
1999-12-17,7.833687540781728,8.079771440263514,7.608110375375555,8.018250465393066,1750910,0.0,0.0
1999-12-20,8.03876023659404,8.03876023659404,7.7516612427993445,7.792675495147705,710265,0.0,0.0
1999-12-21,7.915715423676546,8.18230680971426,7.731151740380831,8.141292572021484,799527,0.0,0.0
1999-12-22,8.161798773791856,8.182306277626436,7.895207405090332,7.895207405090332,592361,0.0,0.0
1999-12-23,7.936221100770713,8.305347645628805,7.915714370973272,8.120784759521484,702981,0.0,0.0
1999-12-27,8.141291590352425,8.202812553151675,7.854192733764648,7.854192733764648,528903,0.0,0.0
1999-12-28,7.874699468067779,7.956727152914914,7.6491215962905414,7.669629096984863,774341,0.0,0.0
1999-12-29,7.690136117616969,8.325854755746775,7.669629388785826,8.182305335998535,927802,0.0,0.0
1999-12-30,8.161797834523979,8.26433302396652,8.059262645081438,8.182305335998535,632115,0.0,0.0
1999-12-31,8.182305902751766,8.305347829548039,8.01824897016545,8.243826866149902,400010,0.0,0.0
2000-01-03,8.284844524245091,8.284844524245091,7.71064805984497,7.710648059844971,1288182,0.0,0.0
2000-01-04,7.7311532023051965,7.7311532023051965,7.362026538557219,7.485069274902344,1564238,0.0,0.0
2000-01-05,7.464560200974841,7.813180055235297,7.362024995171385,7.444052696228027,634584,0.0,0.0
2000-01-06,7.341512469044567,7.567089434726282,7.2799915486443645,7.464554309844971,957062,0.0,0.0
2000-01-07,7.4850669810337225,7.608108907027802,7.38253101251404,7.546587944030762,733723,0.0,0.0
2000-01-10,7.669627855493203,7.710642077599442,7.177458735504844,7.218472957611084,1070151,0.0,0.0
2000-01-11,7.300504638646056,7.382532346583877,7.300504638646056,7.341518878936768,862615,0.0,0.0
2000-01-12,7.403033389444769,7.505568514326081,7.341512469044567,7.464554309844971,493963,0.0,0.0
2000-01-13,7.485070590014526,7.833689805968177,7.4645630773653595,7.75166130065918,757674,0.0,0.0
2000-01-14,7.7721671802942325,7.977237627835432,7.7516596719539095,7.915716648101807,871257,0.0,0.0
2000-01-18,7.895207405090332,7.936221640115989,7.895207405090332,7.895207405090332,878048,0.0,0.0
2000-01-19,7.915714828475896,8.038756759658868,7.915714828475896,7.977235794067383,711377,0.0,0.0
2000-01-20,7.833689617594418,7.9362248604431205,7.423548646199605,7.567098140716553,627547,0.0,0.0
2000-01-21,7.7106476352335,7.813182878082203,7.526083889048309,7.567098140716553,965457,0.0,0.0
2000-01-24,7.526081806714864,7.608110287355526,7.341518884238778,7.4543070793151855,692240,0.0,0.0
2000-01-25,7.485068445922517,7.628617130128101,7.321011482298512,7.505575180053711,596929,0.0,0.0
2000-01-26,7.546591582674356,7.751661300659181,7.4645630773653595,7.75166130065918,597917,0.0,0.0
2000-01-27,7.731151064355494,7.813179532568333,7.669630099517607,7.772165298461914,751254,0.0,0.0
2000-01-28,7.772159684488906,7.772159684488906,7.38252590088275,7.464554309844971,905332,0.0,0.0
2000-01-31,7.587601429704172,7.977235484397456,7.505573736314272,7.956727981567383,832614,0.0,0.0
2000-02-01,7.874700288177483,7.997742214584065,7.8336860551608005,7.956727981567383,569521,0.0,0.0
2000-02-02,7.854190692312177,7.915712411764229,7.7926697455033835,7.833683967590332,711747,0.0,0.0
2000-02-03,7.813179273660788,7.956727929311217,7.772165040913469,7.854192733764648,561866,0.0,0.0
2000-02-04,7.843943805624259,7.895211043549897,7.71064805984497,7.710648059844971,560632,0.0,0.0
2000-02-07,7.710645414778347,7.731152148385183,7.628616935063819,7.649123668670654,422233,0.0,0.0
2000-02-08,7.7106412024357525,7.813176359741903,7.669626984984658,7.741401672363281,458530,0.0,0.0
2000-02-09,7.75165753821808,7.895206966511968,7.710644078114219,7.854192733764648,1194969,0.0,0.0
2000-02-10,7.792674843193004,7.895210079163637,7.690139607222372,7.813182353973389,1329047,0.0,0.0
2000-02-11,7.772168813308347,7.895210798628008,7.710647820648516,7.75166130065918,656560,0.0,0.0
2000-02-14,7.75165681664126,7.792671045570697,7.587600673566901,7.628614902496338,854590,0.0,0.0
2000-02-15,7.628614997968153,7.731150185253275,7.526079810683031,7.690135955810547,645449,0.0,0.0
2000-02-16,7.669629227410882,7.7516569136529405,7.628614997968153,7.690135955810547,539891,0.0,0.0
2000-02-17,7.710645611940104,7.7311523460712985,7.382532457335707,7.505575180053711,557669,0.0,0.0
2000-02-18,7.403038794460209,7.423545525351423,7.1159399261222775,7.136447429656982,985705,0.0,0.0
2000-02-22,7.177460541537015,7.218474773963481,7.115939579219042,7.156953811645508,654708,0.0,0.0
2000-02-23,7.177461546749283,7.177461546749283,6.972391128540039,6.972391128540039,829898,0.0,0.0
2000-02-24,6.972386936718417,7.0134011502311,6.68528898741583,6.828838348388672,1043237,0.0,0.0
2000-02-25,6.8288415432939065,6.931376738725633,6.644278655102874,6.664785385131836,1078423,0.0,0.0
2000-02-28,6.664786273869735,6.972391128540039,6.644279541106235,6.972391128540039,988174,0.0,0.0
2000-02-29,6.972391564780327,6.972391564780327,6.562251475344245,6.644279956817627,1066201,0.0,0.0
2000-03-01,6.6852935671456315,6.6852935671456315,6.43920927645526,6.521237373352051,621991,0.0,0.0
2000-03-02,6.562252141870345,6.562252141870345,6.295660322647806,6.316167831420898,989408,0.0,0.0
2000-03-03,6.4186984482297955,6.439205557189602,6.275149071832738,6.336670398712158,1517200,0.0,0.0
2000-03-06,6.316168165161635,6.398195886657212,6.234139671022329,6.357182025909424,1669426,0.0,0.0
2000-03-07,6.418699215798257,6.418699215798257,6.234135985732519,6.275149822235107,836071,0.0,0.0
2000-03-08,6.2751500182559345,6.29565713030864,6.008558720535702,6.049572944641113,1262502,0.0,0.0
2000-03-09,6.04957601219836,6.357181690001551,6.0085617672958636,6.316167831420898,932493,0.0,0.0
2000-03-10,6.316166703967222,6.39819440648635,6.213631110013876,6.254645347595215,502976,0.0,0.0
2000-03-13,6.316168165161635,6.439210133726865,6.19312581027454,6.357182025909424,896196,0.0,0.0
2000-03-14,6.336674902374597,6.418703010192038,6.316168165161635,6.357182025909424,508285,0.0,0.0
2000-03-15,6.4470219278470005,6.987739779718405,6.3846311352439615,6.842161655426025,1197809,0.218694,0.0
2000-03-16,6.904553854121766,7.882006333388778,6.904553854121766,7.798818588256836,1364110,0.0,0.0
2000-03-17,7.674037224260879,7.985990071622154,7.4868652024189535,7.528459072113037,1459174,0.0,0.0
2000-03-20,7.4868636632375285,7.528457524380569,7.070926618932612,7.258098602294922,556187,0.0,0.0
2000-03-21,7.2372994020066095,7.570048601657787,7.216502087301876,7.55964994430542,705204,0.0,0.0
2000-03-22,7.549254822466956,7.653239877564638,7.320489738515394,7.570052146911621,575447,0.0,0.0
2000-03-23,7.63244405981221,7.69483447833682,7.15411647303956,7.674037933349609,451864,0.0,0.0
2000-03-24,7.61164601223813,7.674036418446481,7.570052146911621,7.570052146911621,403344,0.0,0.0
2000-03-27,7.6324422070455356,7.689633671330925,7.278895543145158,7.320489406585693,503717,0.0,0.0
2000-03-28,7.299693431235621,7.549255064055404,7.13331874816815,7.382881164550781,536187,0.0,0.0
2000-03-29,7.4244751181301085,7.549255949169962,7.320490831075917,7.445272445678711,434950,0.0,0.0
2000-03-30,7.44526978363067,7.486862856730437,7.216503963768652,7.299691677093506,359392,0.0,0.0
2000-03-31,7.3204869101594205,7.73642383559675,7.159311234018078,7.590846538543701,590756,0.0,0.0
2000-04-03,7.611644997047535,8.48511213459286,7.590848458939396,8.152362823486328,1347813,0.0,0.0
2000-04-04,8.069175075811614,8.19395587115109,7.757222303900209,7.985988140106201,747550,0.0,0.0
2000-04-05,7.94438897240537,8.027576636091416,7.694826764909423,7.762416839599609,742488,0.0,0.0
2000-04-06,7.79881520146603,7.90279944594225,7.507659787070185,7.632440567016602,591250,0.0,0.0
2000-04-07,7.674034819930028,7.674034819930028,7.258097820431079,7.299691677093506,616806,0.0,0.0
2000-04-10,7.466070201444832,7.486866748805878,7.278898140943151,7.3412885665893555,403097,0.0,0.0
2000-04-11,7.320488213643389,7.466066320180554,7.258097820431079,7.299691677093506,430628,0.0,0.0
2000-04-12,7.362078169806326,7.632436919529456,7.25809397502341,7.356879234313965,826935,0.0,0.0
2000-04-13,7.299691710113967,7.362082103608503,7.174910923124895,7.268496513366699,421739,0.0,0.0
2000-04-14,7.15931382342907,7.195708748527694,6.7381785919152,6.868158340454102,564953,0.0,0.0
2000-04-17,6.862959643190426,6.966943915824955,6.634193773256764,6.847362041473389,945210,0.0,0.0
2000-04-18,6.862956612215168,7.091721597553595,6.696581222628147,7.070924282073975,710883,0.0,0.0
2000-04-19,7.112518171221232,7.133315486822933,6.904549716579165,6.966940879821777,454086,0.0,0.0
2000-04-20,6.987741152068512,7.112521978218035,6.883756869089607,7.029335021972656,465074,0.0,0.0
2000-04-24,6.96694574195876,7.362085611403951,6.925351865290046,7.216507434844971,908419,0.0,0.0
2000-04-25,7.216505139765746,7.382880593527892,7.216505139765746,7.320489406585693,1479915,0.0,0.0
2000-04-26,7.320491734735238,7.320491734735238,7.195710888292132,7.216507434844971,535446,0.0,0.0
2000-04-27,7.195708401556535,7.195708401556535,6.779771345737464,6.946146011352539,518409,0.0,0.0
2000-04-28,6.998134518993267,7.008532390927635,6.696579778087972,6.800564765930176,602114,0.0,0.0
2000-05-01,6.7797707144014625,6.987739222944856,6.738177639542938,6.8629584312438965,636313,0.0,0.0
2000-05-02,6.90455164535278,6.90455164535278,6.7173804540264905,6.779770851135254,278279,0.0,0.0
2000-05-03,6.675786594766412,6.86295856965541,6.654990056917727,6.779770851135254,641004,0.0,0.0
2000-05-04,6.800569765831988,6.800569765831988,6.592601204369967,6.696584701538086,422727,0.0,0.0
2000-05-05,6.717383385033006,6.717383385033006,6.384633541107178,6.384633541107178,760390,0.0,0.0
2000-05-08,6.4054280767013205,6.90455164535278,6.363833825659888,6.779770851135254,564089,0.0,0.0
2000-05-09,6.800568172546647,6.946145504612858,6.696583132615097,6.779770851135254,361244,0.0,0.0
2000-05-10,6.758976232060169,6.821366646880651,6.592601531351242,6.61339807510376,244451,0.0,0.0
2000-05-11,6.654989115904906,6.862957599235927,6.613395262526182,6.7381768226623535,375812,0.0,0.0
2000-05-12,6.800568035393417,6.925348827094376,6.738177639542938,6.8629584312438965,438160,0.0,0.0
2000-05-15,6.842160100457941,6.987738191665844,6.821363566097917,6.925347805023193,452728,0.0,0.0
2000-05-16,6.946145605072863,7.02933332479614,6.8629586689123085,6.883755207061768,542236,0.0,0.0
2000-05-17,6.883753952740568,6.925347805023193,6.77976971381529,6.925347805023193,593102,0.0,0.0
2000-05-18,6.925348726869329,7.15411376953125,6.883754869050066,7.15411376953125,417048,0.0,0.0
2000-05-19,6.987741152068512,7.070928108313891,6.9669446088978955,7.029335021972656,605695,0.0,0.0
2000-05-22,6.987740066186977,7.320489406585693,6.987740066186977,7.320489406585693,771995,0.0,0.0
2000-05-23,7.32049201922831,7.445273654083786,7.23730504622106,7.3412885665893555,849405,0.0,0.0
2000-05-24,7.320489406585693,7.486864076785052,7.320489406585693,7.320489406585693,1567201,0.0,0.0
2000-05-25,7.3412885665893555,7.4244763231596735,7.278898140943151,7.3412885665893555,1139906,0.0,0.0
2000-05-26,7.3828783681055254,7.403674901775697,7.320487199969909,7.362081050872803,792984,0.0,0.0
2000-05-30,7.362083603841902,7.570052146911621,7.341286279397236,7.570052146911621,939901,0.0,0.0
2000-05-31,7.549255615178627,7.611646811501206,7.424474789659279,7.528459072113037,407295,0.0,0.0
2000-06-01,7.48686040421073,7.902797267458527,7.48686040421073,7.840406894683838,478531,0.0,0.0
2000-06-02,7.902800052026963,8.308338401517146,7.902800052026963,8.13156509399414,603349,0.0,0.0
2000-06-05,8.131562228819854,8.131562228819854,7.798813051646578,7.840406894683838,680388,0.0,0.0
2000-06-06,7.840408992266641,7.902799381732935,7.674034359168988,7.694830894470215,270377,0.0,0.0
2000-06-07,7.778023391649349,7.923601579076768,7.736429511875358,7.81961727142334,222969,0.0,0.0
2000-06-08,7.882002846431708,7.882002846431708,7.6532378238677605,7.694830894470215,325687,0.0,0.0
2000-06-09,7.778025242032171,7.798821795085093,7.590853913866022,7.611650466918945,681376,0.0,0.0
2000-06-12,7.611643969702694,7.715628213334054,7.570050115537627,7.694830894470215,488902,0.0,0.0
2000-06-13,7.653236920646796,7.674033453493655,7.549251905724944,7.590846538543701,603472,0.0,0.0
2000-06-14,7.702810102138165,7.765947753369646,7.597580419103197,7.74490213394165,753106,0.218694,0.0
2000-06-15,7.681770264696324,7.7028158999651435,7.302942486272835,7.323988914489746,1249662,0.0,0.0
2000-06-16,7.134571830414134,7.2818935901694095,6.776790640422104,6.839929103851318,1628561,0.0,0.0
2000-06-19,6.88202297803647,7.2818955260215965,6.81888529077018,7.176665782928467,650511,0.0,0.0
2000-06-20,7.2608485936609055,7.2818942213296225,6.8820217449893715,7.113526821136475,536928,0.0,0.0
2000-06-21,7.029343915787523,7.113528026624184,6.839930855826942,6.903068542480469,778168,0.0,0.0
2000-06-22,6.924114173715665,6.9872518603691915,6.839930855826942,6.903068542480469,451493,0.0,0.0
2000-06-23,6.924114545370131,7.113528408445511,6.882023280640474,6.987252235412598,1047558,0.0,0.0
2000-06-26,7.071434917956529,7.113526967105492,6.966205191558029,7.050389289855957,484704,0.0,0.0
2000-06-27,7.092478338350108,7.092478338350108,7.008295059204101,7.008295059204102,371985,0.0,0.0
2000-06-28,7.092478338350108,7.155615995946506,7.008295059204101,7.008295059204102,714463,0.0,0.0
2000-06-29,7.050390339970657,7.050390339970657,6.903068542480469,6.903068542480469,422604,0.0,0.0
2000-06-30,6.903067326716396,6.987250629778806,6.629469807631015,6.692607879638672,1008545,0.0,0.0
2000-07-03,6.6926112742333155,7.345035573914709,6.6926112742333155,7.071438312530518,990643,0.0,0.0
2000-07-05,7.113528829125662,7.387126030788338,7.050391135349356,7.218758583068848,834837,0.0,0.0
2000-07-06,7.1345760200886845,7.1977137276468515,7.071438312530518,7.071438312530518,349021,0.0,0.0
2000-07-07,7.134572378573607,7.366077452441811,7.09774233227895,7.260848522186279,964840,0.0,0.0
2000-07-10,7.239802286746336,7.408169689583714,7.239802286746336,7.387124061584473,392973,0.0,0.0
2000-07-11,7.23980215879832,7.323986255203144,7.218756531171016,7.281894207000732,447913,0.0,0.0
2000-07-12,7.239804216678273,7.281896276845153,7.092482402568208,7.218758583068848,780638,0.0,0.0
2000-07-13,7.176664885261571,7.281894615192425,7.155618463506692,7.1977105140686035,739278,0.0,0.0
2000-07-14,7.176664341732852,7.387123785655296,7.176664341732852,7.34503173828125,281859,0.0,0.0
2000-07-17,7.2818928196052575,7.323984859788009,7.0503877880216015,7.134571075439453,303341,0.0,0.0
2000-07-18,6.966204231448112,7.176663655238756,6.945158606248132,7.1556172370910645,287785,0.0,0.0
2000-07-19,7.176664644355027,7.197710272455599,6.966205191558029,7.050389289855957,627424,0.0,0.0
2000-07-20,7.071433429146886,7.323984877921021,7.060910220838231,7.302938461303711,580015,0.0,0.0
2000-07-21,7.218758583068848,7.366079604230885,7.197712156511393,7.218758583068848,348404,0.0,0.0
2000-07-24,7.1977105140686035,7.239802564630514,7.071435155330717,7.1977105140686035,433098,0.0,0.0
2000-07-25,7.155618076473909,7.17666449709043,7.071434772851236,7.113526821136475,327046,0.0,0.0
2000-07-26,7.092479785777236,7.134571830414134,6.818883478006738,6.839929103851318,675079,0.0,0.0
2000-07-27,6.850451520299742,7.008296489451175,6.79783705921442,6.839929103851318,357046,0.0,0.0
2000-07-28,6.797836080985844,6.882020158145304,6.69260638101033,6.776789665222168,331120,0.0,0.0
2000-07-31,6.755748491777862,6.79784055807965,6.713656425476074,6.713656425476074,653844,0.0,0.0
2000-08-01,6.713652003826383,6.839928119565574,6.69260638101033,6.776789665222168,315564,0.0,0.0
2000-08-02,6.734702779394335,6.903070249760677,6.734702779394335,6.834670543670654,338404,0.0,0.0
2000-08-03,6.73470334358816,7.113530381885363,6.6926112742333155,7.071438312530518,560261,0.0,0.0
2000-08-04,7.0714373265234505,7.345034549758566,7.050391691254631,7.323988914489746,698043,0.0,0.0
2000-08-07,7.345031882830448,7.345031882830448,7.155618062393497,7.281894207000732,405443,0.0,0.0
2000-08-08,7.271370439767946,7.387123365221617,7.260848023234152,7.366076946258545,744958,0.0,0.0
2000-08-09,7.408169412868426,7.429215040081555,7.197709968945982,7.34503173828125,432851,0.0,0.0
2000-08-10,7.345031320243215,7.513398707209084,7.345031320243215,7.366076946258545,378158,0.0,0.0
2000-08-11,7.429217338562012,7.492355825631008,7.366079644441048,7.429217338562012,382603,0.0,0.0
2000-08-14,7.492355398968304,7.534447456967965,7.429216915494817,7.513401031494141,452234,0.0,0.0
2000-08-15,7.481829871712217,7.4923530811937535,7.366076946258546,7.366076946258545,198524,0.0,0.0
2000-08-16,7.36607577509648,7.466044266907325,7.239800453186035,7.239800453186035,273217,0.0,0.0
2000-08-17,7.31346331055676,7.408169827741285,7.218756793372235,7.276633262634277,375318,0.0,0.0
2000-08-18,7.239804216678273,7.323988337012033,7.176666522901967,7.218758583068848,402480,0.0,0.0
2000-08-21,7.218756389106899,7.387123785655296,7.218756389106899,7.34503173828125,397047,0.0,0.0
2000-08-22,7.366076082270896,7.555489865982965,7.323984835177235,7.450260162353516,418900,0.0,0.0
2000-08-23,7.450261036215351,7.513398707209084,7.345031320243215,7.366076946258545,348528,0.0,0.0
2000-08-24,7.376602817509612,7.408171664397765,7.218758583068848,7.218758583068848,318280,0.0,0.0
2000-08-25,7.197708739239754,7.323984859788009,7.134571075439453,7.134571075439453,537915,0.0,0.0
2000-08-28,7.092480784137749,7.260848986385393,7.092480784137749,7.1977105140686035,713105,0.0,0.0
2000-08-29,7.218757838755308,7.239803470194755,7.113528095662177,7.176665782928467,364330,0.0,0.0
2000-08-30,7.155618463506692,7.281894615192425,7.113527205892628,7.1977105140686035,501248,0.0,0.0
2000-08-31,7.218759152249464,7.387126613244297,7.176667088763733,7.323988914489746,336922,0.0,0.0
2000-09-01,7.323986384638933,7.4502617385300125,7.323986384638933,7.387124061584473,611621,0.0,0.0
2000-09-05,7.3871273084684494,7.597586852755977,7.3871273084684494,7.555494785308838,599769,0.0,0.0
2000-09-06,7.555487699672435,7.829084692073706,7.555487699672435,7.723855018615723,612979,0.0,0.0
2000-09-07,7.723860423882745,7.850135803222656,7.723860423882745,7.850135803222656,724093,0.0,0.0
2000-09-08,7.892228535013664,8.14478010822106,7.871182900974732,8.123734474182129,1122622,0.0,0.0
2000-09-11,8.113204373525724,8.292094093370272,8.039543527496853,8.25000286102295,1382999,0.0,0.0
2000-09-12,8.228962742080776,8.397330971959402,8.228962742080776,8.355238914489746,757921,0.0,0.0
2000-09-13,8.468434066447987,8.596098631711106,8.425879745807872,8.44715690612793,721130,0.218694,0.0
2000-09-14,8.48970983726254,8.48970983726254,8.362044503278193,8.425877571105957,705574,0.0,0.0
2000-09-15,8.362044503278193,8.425877571105957,8.340767348449727,8.425877571105957,1110770,0.0,0.0
2000-09-18,8.415235708649195,8.425874683252657,8.127989807722999,8.191822052001953,889159,0.0,0.0
2000-09-19,8.234381672043403,8.276936792162658,8.170549392700195,8.170549392700195,585077,0.0,0.0
2000-09-20,8.149270028338222,8.191825141128637,7.872662997707334,8.021605491638184,807181,0.0,0.0
2000-09-21,8.010966483247818,8.021605461823683,7.681166164108111,7.8939409255981445,686931,0.0,0.0
2000-09-22,7.830111600581338,7.830111600581338,7.51094853671159,7.553504467010498,1310034,0.0,0.0
2000-09-25,7.574780937761766,7.766278598236524,7.553503776229652,7.638613224029541,877183,0.0,0.0
2000-09-26,7.723721924414575,7.808832165649887,7.63861248485062,7.744999885559082,402973,0.0,0.0
2000-09-27,7.787550210307407,7.8301053047180185,7.574775539925211,7.830105304718018,373713,0.0,0.0
2000-09-28,7.744999894134691,8.085439256110174,7.6386124933084325,7.936496734619141,624831,0.0,0.0
2000-09-29,7.904576565389349,7.915214737800588,7.659884971526096,7.723717212677002,856936,0.0,0.0
2000-10-02,7.745001890529538,8.02160904364334,7.617337297299035,8.00033187866211,826071,0.0,0.0
2000-10-03,8.000328336078582,8.15458991848153,7.979050378847768,8.021605491638184,431493,0.0,0.0
2000-10-04,7.979050349191434,8.127992842568698,7.872662968446417,7.8939409255981445,320255,0.0,0.0
2000-10-05,7.915215702658832,7.957770802503823,7.76627405570781,7.808828353881836,382603,0.0,0.0
2000-10-06,7.808834753016844,7.808834753016844,7.489672445140727,7.510949611663818,446308,0.0,0.0
2000-10-09,7.489668147408144,7.7237200515446345,7.3194485078842275,7.447113037109375,321860,0.0,0.0
2000-10-10,7.425837778373484,7.4683928995352105,7.191785814491045,7.255618095397949,459889,0.0,0.0
2000-10-11,7.27689237953433,7.425834843907109,6.8938988454404155,7.106672763824463,589275,0.0,0.0
2000-10-12,7.106674149665787,7.149229262309502,6.830067119988449,6.915177345275879,467543,0.0,0.0
2000-10-13,6.89390071513417,7.27689435309973,6.872622756355239,7.234339237213135,479272,0.0,0.0
2000-10-16,7.186465438288854,7.234339645738017,7.085397934231058,7.127953052520752,473346,0.0,0.0
2000-10-17,7.1279511717641,7.213060584215499,7.021563804946528,7.042840957641602,808416,0.0,0.0
2000-10-18,7.042841690622234,7.1279519136025415,6.851344089752134,7.00028657913208,633720,0.0,0.0
2000-10-19,7.042843694697681,7.553503574547913,7.042843694697681,7.4045610427856445,748538,0.0,0.0
2000-10-20,7.276894764027711,7.383282158916288,7.106675092540249,7.127953052520752,831503,0.0,0.0
2000-10-23,7.149230254497377,7.149230254497377,6.957733423531064,6.979010581970215,580756,0.0,0.0
2000-10-24,7.016243915519433,7.106673217397925,7.000285850580352,7.042840957641602,520754,0.0,0.0
2000-10-25,7.02156526112269,7.298172311878662,7.02156526112269,7.234339237213135,581744,0.0,0.0
2000-10-26,7.276895200826661,7.404560563358912,7.1492306399657695,7.340728282928467,676314,0.0,0.0
2000-10-27,7.340728758222219,7.489670488313075,7.213063387423954,7.4045610427856445,635942,0.0,0.0
2000-10-30,7.479031784623607,7.787555006176738,7.447114842906848,7.744999885559082,433838,0.0,0.0
2000-10-31,7.681166192657277,8.042882647197787,7.681166192657277,8.021605491638184,1363492,0.0,0.0
2000-11-01,7.979055379329318,8.085442827142867,7.936500239869557,8.042887687683105,827552,0.0,0.0
2000-11-02,7.979050378847768,8.234380253919053,7.979050378847768,8.021605491638184,559150,0.0,0.0
2000-11-03,8.064160619059995,8.12799288752583,8.00032835059416,8.085437774658203,542113,0.0,0.0
2000-11-06,8.085436102577232,8.276933670043945,8.064158951379172,8.276933670043945,949901,0.0,0.0
2000-11-07,8.234384797117542,8.340772236955655,8.191829660847969,8.255661964416504,1205834,0.0,0.0
2000-11-08,8.21310762981858,8.340772236955655,8.21310762981858,8.255661964416504,878294,0.0,0.0
2000-11-09,8.260976362617205,8.425876904931647,8.064159689747855,8.149269104003906,1721526,0.0,0.0
2000-11-10,8.127992121645935,8.19182438409702,7.830107962983832,7.851385116577148,1062991,0.0,0.0
2000-11-13,7.830112503919644,8.000332236395515,7.7875573703827765,7.872666835784912,524335,0.0,0.0
2000-11-14,7.936496734619141,8.085439256110174,7.872664454457658,7.936496734619141,490383,0.0,0.0
2000-11-15,7.947137112275506,7.957776094729827,7.68116896428949,7.766279220581055,631868,0.0,0.0
2000-11-16,7.819467329260825,7.851383453726828,7.6598859052598485,7.808828353881836,436184,0.0,0.0
2000-11-17,7.808833547055338,7.893943803346902,7.702446127526632,7.766279220581055,684462,0.0,0.0
2000-11-20,7.7450006350329765,7.766278598236524,7.638613224029541,7.638613224029541,469518,0.0,0.0
2000-11-21,7.670527893939814,7.8088314215141645,7.638611756935831,7.7875542640686035,445814,0.0,0.0
2000-11-22,7.776914849097833,7.830108942240437,7.702443599700928,7.702443599700928,438900,0.0,0.0
2000-11-24,7.766273063937532,7.893937545498504,7.723717167856058,7.830105304718018,269760,0.0,0.0
2000-11-27,7.830112503919644,7.979054268791281,7.808834536315411,7.872666835784912,450999,0.0,0.0
2000-11-28,7.872660624507859,8.085435322648177,7.83010632621657,7.957770824432373,527915,0.0,0.0
2000-11-29,7.968413574222923,8.19182655192415,7.957774593775273,8.170549392700195,558533,0.0,0.0
2000-11-30,8.181190676362661,8.276939933387117,8.127997357279432,8.255661964416504,1918198,0.0,0.0
2000-12-01,8.234379768371582,8.404599407824884,8.213102614066605,8.234379768371582,953111,0.0,0.0
2000-12-04,8.255660051311374,8.362047466496058,8.234382888943022,8.31949234008789,640634,0.0,0.0
2000-12-05,8.298212237121612,8.46843188076289,8.276935082293146,8.425877571105957,763353,0.0,0.0
2000-12-06,8.425876660099668,8.72907989156108,8.298211339918504,8.463111877441406,1723749,0.0,0.0
2000-12-07,8.425879483210252,8.638654286465123,8.383323560553642,8.553544044494629,515569,0.0,0.0
2000-12-08,8.489711509968826,8.851428023347934,8.489711509968826,8.723763465881348,872121,0.0,0.0
2000-12-11,8.787595233125488,8.936537742614746,8.638653525307523,8.936537742614746,759649,0.0,0.0
2000-12-12,8.893983143060575,8.915261103752567,8.681208346168706,8.723763465881348,704710,0.0,0.0
2000-12-13,8.805907046403162,8.902675050926444,8.601618766784668,8.601618766784668,499519,0.218694,0.0
2000-12-14,8.601618940597954,8.601618940597954,8.30056265037272,8.494098663330078,627053,0.0,0.0
2000-12-15,8.429585848887614,8.60161811394149,8.365073850768404,8.472593307495117,1799183,0.0,0.0
2000-12-18,8.429589312586684,8.773653984069824,8.279060714984702,8.773653984069824,1327936,0.0,0.0
2000-12-19,8.752144533249776,9.268241203609008,8.709136274834567,9.053200721740723,1855110,0.0,0.0
2000-12-20,8.945684769248535,9.117717075171607,8.838164476770599,9.096213340759277,670017,0.0,0.0
2000-12-21,9.117714310137018,9.289746563889652,8.90267379039425,9.268242835998535,1981163,0.0,0.0
2000-12-22,9.22524261520302,9.483291625976562,9.20373886855881,9.483291625976562,1577942,0.0,0.0
2000-12-26,9.418767939849797,9.504783630371094,9.397263409563768,9.504783630371094,366923,0.0,0.0
2000-12-27,9.40802251552089,9.633815386458336,9.397270242559623,9.569302558898926,488902,0.0,0.0
2000-12-28,9.558551096145854,9.569302558898926,9.483286805833371,9.569302558898926,611991,0.0,0.0
2000-12-29,9.569303489378044,9.590808037391591,9.375767418505761,9.397271156311035,668412,0.0,0.0
2001-01-02,9.440277280983265,9.461781824073814,9.160724702470837,9.332756996154785,1319047,0.0,0.0
2001-01-03,9.311253374273475,9.762838251853276,9.031700792428449,9.703701972961426,1186574,0.0,0.0
2001-01-04,9.671445100711466,9.934869656523652,9.633813368541736,9.84885311126709,917308,0.0,0.0
2001-01-05,9.870358298312402,9.870358298312402,9.46178170713851,9.612309455871582,731007,0.0,0.0
2001-01-08,9.526288160657122,9.61230385117842,9.375759689485346,9.504783630371094,944099,0.0,0.0
2001-01-09,9.483279626641522,9.569295314590034,9.268239191458873,9.440271377563477,1084720,0.0,0.0
2001-01-10,9.418768480564957,9.590800681691228,9.35425569621091,9.461776733398438,927185,0.0,0.0
2001-01-11,9.461780632341803,9.676821174913934,9.440276091959797,9.63381290435791,1775355,0.0,0.0
2001-01-12,9.69832798863949,9.69832798863949,9.418775356454475,9.52629566192627,993606,0.0,0.0
2001-01-16,9.483288557700682,9.805849514252294,9.397271978536914,9.76284122467041,850392,0.0,0.0
2001-01-17,9.805848581000594,9.97788091274696,9.805848581000594,9.9348726272583,693598,0.0,0.0
2001-01-18,9.913365691522468,9.934869422225466,9.741333415274479,9.75208568572998,1082744,0.0,0.0
2001-01-19,9.719822883605957,9.891855864030406,9.590798958495128,9.719822883605957,911999,0.0,0.0
2001-01-22,9.698327683466804,10.042392326066727,9.676823947132391,10.03164005279541,1175710,0.0,0.0
2001-01-23,9.999382588482424,10.085399141722853,9.9133668454501,9.956375122070312,503717,0.0,0.0
2001-01-24,9.977873802185059,9.999377524500993,9.913361825029568,9.977873802185059,625819,0.0,0.0
2001-01-25,9.97787885527637,10.085399141722853,9.934870578656156,9.956375122070312,585324,0.0,0.0
2001-01-26,9.956374660342195,10.171414413054565,9.934870117925314,10.08539867401123,894468,0.0,0.0
2001-01-29,10.106898852617658,10.34344387478535,10.063890593113733,10.149907112121582,1110152,0.0,0.0
2001-01-30,10.171412053952919,10.235924045824877,10.085396334859597,10.214420318603516,316798,0.0,0.0
2001-01-31,10.23592758178711,10.257432126645009,10.106903553472332,10.23592758178711,757674,0.0,0.0
2001-02-01,10.235924584364158,10.321941118190912,10.14990886074532,10.257429122924805,436678,0.0,0.0
2001-02-02,10.219800388455917,10.321944140802398,10.19292011248762,10.23592758178711,885702,0.0,0.0
2001-02-05,10.289690568430142,10.300442843403253,10.214426264035058,10.278938293457031,669647,0.0,0.0
2001-02-06,10.300436847904711,10.321940575126073,10.192916591382154,10.214420318603516,415319,0.0,0.0
2001-02-07,10.17141258909805,10.300437389838182,10.14990886074532,10.257429122924805,856072,0.0,0.0
2001-02-08,10.300442843403253,10.321946583141129,10.214426264035058,10.278938293457031,459765,0.0,0.0
2001-02-09,10.235929856912954,10.321946435047026,10.214426117483603,10.300442695617676,722611,0.0,0.0
2001-02-12,10.257431274284412,10.472471843745277,10.235926731213473,10.321943283081055,749402,0.0,0.0
2001-02-13,10.27893814597999,10.343450984684711,10.235929856912954,10.300442695617676,490754,0.0,0.0
2001-02-14,10.278938293457031,10.321946583141129,10.214426264035058,10.278938293457031,645943,0.0,0.0
2001-02-15,10.235926971688054,10.386455535888672,10.235926971688054,10.386455535888672,755328,0.0,0.0
2001-02-16,10.300443356140729,10.515483194848821,10.300443356140729,10.493979454040527,518409,0.0,0.0
2001-02-20,10.450967300674337,10.493975576608129,10.257431274284412,10.321943283081055,793231,0.0,0.0
2001-02-21,10.235929856912954,10.4079630131811,10.214426117483603,10.300442695617676,787798,0.0,0.0
2001-02-22,10.300442695617676,10.386458463543413,10.042393771423791,10.300442695617676,1719921,0.0,0.0
2001-02-23,10.300439135897474,10.386454874097103,10.214422587489787,10.3380708694458,1364850,0.0,0.0
2001-02-26,10.2789373630879,10.450969696044922,10.257433625296375,10.450969696044922,679153,0.0,0.0
2001-02-27,10.42945793725705,10.558482695401787,10.321937710573593,10.407954216003418,693969,0.0,0.0
2001-02-28,10.397207563413167,10.51547930947098,10.171414722416833,10.321943283081055,698660,0.0,0.0
2001-03-01,10.2789373630879,10.493977981836245,10.235929077296575,10.450969696044922,740266,0.0,0.0
2001-03-02,10.386451957129463,10.73051643371582,10.34344450521204,10.73051643371582,936197,0.0,0.0
2001-03-05,10.644503419420017,10.79503196993278,10.579991414973987,10.752023696899414,644955,0.0,0.0
2001-03-06,10.795031434377464,10.88104716596881,10.644502891332616,10.709014892578125,514458,0.0,0.0
2001-03-07,10.68751649899653,11.010077476501465,10.666011947704497,11.010077476501465,821379,0.0,0.0
2001-03-08,10.98857292520943,11.031581217585103,10.881052599374453,11.010077476501465,609028,0.0,0.0
2001-03-09,10.98856798327087,10.98856798327087,10.687511692453382,10.752023696899414,391739,0.0,0.0
2001-03-12,10.75202216690885,10.75202216690885,10.192917127658697,10.257429122924805,770884,0.0,0.0
2001-03-13,10.300441911087699,10.450969696044922,10.106905030130878,10.450969696044922,908913,0.0,0.0
2001-03-14,10.222640269074184,10.352864704614678,9.918782162484861,10.049007415771484,691253,0.226794,0.0
2001-03-15,10.070710987683075,10.331159852865028,10.070710987683075,10.222640037536621,723105,0.0,0.0
2001-03-16,10.005595128577376,10.222636315706637,9.983891336962774,10.070707321166992,1658068,0.0,0.0
2001-03-19,10.135823457763207,10.157527257823094,9.810261550388113,10.005599021911621,911011,0.0,0.0
2001-03-20,10.049010678702304,10.070714485757607,9.734300161048859,9.745152473449707,960395,0.0,0.0
2001-03-21,9.745150919557904,9.766855540898739,9.419588959161779,9.441292762756348,994594,0.0,0.0
2001-03-22,9.403303495541707,9.484693717097375,9.028907658640009,9.28935718536377,1740786,0.0,0.0
2001-03-23,9.289366224774252,9.723448919134494,9.267662417154806,9.614928245544434,1238180,0.0,0.0
2001-03-26,9.72344396796344,9.788556175413103,9.680035557081666,9.766852378845215,1267811,0.0,0.0
2001-03-27,9.745153385066219,9.853674065987155,9.680041140062952,9.788561820983887,1611030,0.0,0.0
2001-03-28,9.810259971980988,9.810259971980988,9.65833094276778,9.766852378845215,1123609,0.0,0.0
2001-03-29,9.701734703406006,9.897072049871731,9.680030917241195,9.783124923706055,815330,0.0,0.0
2001-03-30,9.875374794006348,10.179232932881371,9.831967189378101,9.875374794006348,2902051,0.0,0.0
2001-04-02,9.853674575474036,10.24434888344003,9.766858516896324,10.027307510375977,2068943,0.0,0.0
2001-04-03,10.005603700168177,10.049012138330289,9.875378385681836,10.027307510375977,1862271,0.0,0.0
2001-04-04,10.049007811760363,10.070711612623658,9.593220633915735,9.723445892333984,957432,0.0,0.0
2001-04-05,9.788561149002568,10.179235409948989,9.766857341406928,10.157530784606934,1146820,0.0,0.0
2001-04-06,10.162958572977637,10.168384321092958,9.89708301363615,10.027307510375977,1472014,0.0,0.0
2001-04-09,10.029042798333856,10.14364014085886,10.029042798333856,10.088077545166016,1249292,0.0,0.0
2001-04-10,10.081126113074323,10.414500660750157,10.081126113074323,10.393665313720703,1343862,0.0,0.0
2001-04-11,10.351998454319778,10.504795986418147,10.348525485773433,10.466596603393555,1665352,0.0,0.0
2001-04-12,10.327690530101012,10.553413050750066,10.296437082951478,10.536049842834473,838170,0.0,0.0
2001-04-16,10.46312042852805,10.591608776920628,10.383249536154464,10.449230194091797,1115831,0.0,0.0
2001-04-17,10.47006697602436,10.47006697602436,10.35546966415936,10.431867599487305,1428062,0.0,0.0
2001-04-18,10.417976141697107,10.869421853552767,10.417976141697107,10.793023109436035,1183117,0.0,0.0
2001-04-19,10.76871331222408,10.855530129330361,10.730513945407155,10.772186279296875,767180,0.0,0.0
2001-04-20,10.730519380091133,10.793027094838028,10.567304564433583,10.668011665344238,1345714,0.0,0.0
2001-04-23,10.664533638637105,10.695787890060764,10.574244669296736,10.6888427734375,1104597,0.0,0.0
2001-04-24,10.6610622746239,10.685371413079812,10.536046885621875,10.584664344787598,1282379,0.0,0.0
2001-04-25,10.602031379885732,10.608977317810059,10.331163515482585,10.608977317810059,1033237,0.0,0.0
2001-04-26,10.515213256564579,10.636756524984744,10.463123634847209,10.466596603393555,592238,0.0,0.0
2001-04-27,10.470066482097225,10.768715544391801,10.470066482097225,10.765242576599121,733723,0.0,0.0
2001-04-30,10.765246344022598,10.765246344022598,10.449234785411061,10.574250221252441,1082744,0.0,0.0
2001-05-01,10.487431927807702,10.588139012266982,10.358943550471855,10.417978286743164,692487,0.0,0.0
2001-05-02,10.449232297025425,10.595083876689333,10.3936697126062,10.5916109085083,660017,0.0,0.0
2001-05-03,10.508263814751274,10.591607665864206,10.400611647051809,10.560354232788086,494210,0.0,0.0
2001-05-04,10.483961065875375,10.608977317810059,10.41798037981907,10.608977317810059,593225,0.0,0.0
2001-05-07,10.595080925264648,10.643698377524874,10.532573239642064,10.539518356323242,325811,0.0,0.0
2001-05-08,10.511739041937567,10.577719707139673,10.456176462582755,10.477012634277344,562113,0.0,0.0
2001-05-09,10.452703771734091,10.504794202351057,10.400614158863288,10.431867599487305,831256,0.0,0.0
2001-05-10,10.445759430557386,10.57424780605969,10.400614932495461,10.428396224975586,504704,0.0,0.0
2001-05-11,10.445760193497875,10.532577045494056,10.296436451038796,10.400615692138672,502359,0.0,0.0
2001-05-14,10.369359625686059,10.487430720124639,10.331160250161357,10.477012634277344,362972,0.0,0.0
2001-05-15,10.414506569678982,10.549940899814748,10.365889914613852,10.536049842834473,387541,0.0,0.0
2001-05-16,10.449229103657364,10.765240490438153,10.400611652711872,10.761768341064453,619028,0.0,0.0
2001-05-17,10.73051281023792,10.793020486713926,10.61591553965622,10.657587051391602,526557,0.0,0.0
2001-05-18,10.602027893066406,10.63675430028154,10.522156992922374,10.602027893066406,826071,0.0,0.0
2001-05-21,10.626337941628634,10.661063534069168,10.518684925205076,10.56382942199707,730389,0.0,0.0
2001-05-22,10.605502733631786,10.834698206568143,10.487432437603513,10.702736854553223,659523,0.0,0.0
2001-05-23,10.765242148279487,10.81038663905754,10.692317187249794,10.695789337158203,771008,0.0,0.0
2001-05-24,10.69231797447034,10.845114660834458,10.678426920575701,10.681899070739746,649400,0.0,0.0
2001-05-25,10.678430155082127,10.744410023392032,10.605504348847894,10.608977317810059,335317,0.0,0.0
2001-05-29,10.58118907768461,10.747876771961842,10.54299052994043,10.730513572692871,557422,0.0,0.0
2001-05-30,10.730520619444508,10.779138099972366,10.633286476135254,10.633286476135254,521372,0.0,0.0
2001-05-31,10.657592263083323,10.81386193956404,10.591611587636574,10.775663375854492,443715,0.0,0.0
2001-06-01,10.74787559235841,10.796493035623211,10.615915128848004,10.78954792022705,457296,0.0,0.0
2001-06-04,10.810385412434767,10.852057748575973,10.713151324348617,10.831221580505371,342108,0.0,0.0
2001-06-05,10.827748490798658,10.966655731201172,10.810385290184842,10.966655731201172,469765,0.0,0.0
2001-06-06,10.966657370502524,10.966657370502524,10.740934093289699,10.876367568969727,538286,0.0,0.0
2001-06-07,10.852057748575973,10.872893916646577,10.740932609194088,10.831221580505371,529026,0.0,0.0
2001-06-08,10.862476152199893,10.862476152199893,10.664534185197443,10.733987808227539,447296,0.0,0.0
2001-06-11,10.733987404440615,10.80344020711204,10.67495186797311,10.678424835205078,496680,0.0,0.0
2001-06-12,10.661063164350955,10.664536132347669,10.532575614665136,10.647172927856445,1183611,0.0,0.0
2001-06-13,10.731288077960148,10.734792230503631,10.549044911352809,10.570073127746582,1660537,0.226794,0.0
2001-06-14,10.535025703852977,10.545539811104984,10.237129024417637,10.373810768127441,2495003,0.0,0.0
2001-06-15,10.401842166527045,10.594598488543133,10.356281611333522,10.54903793334961,4700986,0.0,0.0
2001-06-18,10.542036903218355,10.685728630161321,10.468438963288614,10.629653930664062,901381,0.0,0.0
2001-06-19,10.626145581822238,10.846939331575085,10.61913645292922,10.808388710021973,1137437,0.0,0.0
2001-06-20,10.790862552229118,11.029179472303172,10.759319417547017,10.931048393249512,814589,0.0,0.0
2001-06-21,10.959082046169936,11.197398886211095,10.927539747363365,11.190390586853027,1033731,0.0,0.0
2001-06-22,11.179880122032928,11.214927409782725,10.955582267074886,10.959086418151855,755328,0.0,0.0
2001-06-25,10.94156612448653,11.102781050513041,10.94156612448653,10.983622550964355,681129,0.0,0.0
2001-06-26,10.955579722832603,11.025672631488597,10.881981013348055,10.980112075805664,1387937,0.0,0.0
2001-06-27,10.945073127746582,11.123811322796024,10.871475193070326,10.945073127746582,565323,0.0,0.0
2001-06-28,10.997637235172105,11.183384466084103,10.945067544444008,11.127309799194336,785576,0.0,0.0
2001-06-29,11.123810322374196,11.561892913083067,10.976613640976595,11.21493148803711,1818319,0.0,0.0
2001-07-02,11.043196732151658,11.302541835144906,11.022169353061237,11.26399040222168,883356,0.0,0.0
2001-07-03,11.144834297498512,11.253479492760874,11.130816041822484,11.22193717956543,334947,0.0,0.0
2001-07-05,11.21142303054065,11.249974471420659,11.162357485304014,11.172871589660645,324947,0.0,0.0
2001-07-06,11.193899250268597,11.193899250268597,10.952077337755565,11.00815200805664,1305590,0.0,0.0
2001-07-09,11.07123779479046,11.07474277179503,10.892499647934823,10.994134902954102,769650,0.0,0.0
2001-07-10,11.004648710245677,11.008153687155195,10.825910568237305,10.825910568237305,1400407,0.0,0.0
2001-07-11,10.801378092077117,10.927545705530306,10.776845729817605,10.864461898803711,487544,0.0,0.0
2001-07-12,10.878479436145762,11.039694319582075,10.76633009554361,11.00815200805664,326552,0.0,0.0
2001-07-13,10.969599387318725,11.228944503201456,10.910019747061217,11.18338394165039,522483,0.0,0.0
2001-07-16,11.130826725884642,11.23246206558201,11.043209655318911,11.08526611328125,447419,0.0,0.0
2001-07-17,11.092269759010744,11.28502622853237,11.039700037854837,11.253484725952148,325317,0.0,0.0
2001-07-18,11.186889887541849,11.372637125847547,11.148338449360235,11.330580711364746,549891,0.0,0.0
2001-07-19,11.355120903880234,11.390167387393179,11.158858615527654,11.228952407836914,779280,0.0,0.0
2001-07-20,11.141335390882848,11.207924199897239,11.102783931701712,11.10628890991211,450876,0.0,0.0
2001-07-23,11.09576664145837,11.176374484752737,11.050206081253311,11.088757514953613,683475,0.0,0.0
2001-07-24,11.08525488604134,11.13782457996752,10.976609696531208,11.00815200805664,455074,0.0,0.0
2001-07-25,11.01165852468028,11.036191714009036,10.818902113593353,10.927546501159668,869776,0.0,0.0
2001-07-26,10.927546192224069,11.127312551919022,10.846939148110156,11.092266082763672,746810,0.0,0.0
2001-07-27,11.071240005988136,11.22894997288094,11.067735853566724,11.211426734924316,461370,0.0,0.0
2001-07-30,11.144831142470135,11.285017785959104,11.137822016616358,11.200905799865723,822367,0.0,0.0
2001-07-31,11.200912402782645,11.278015308474268,11.155351819951187,11.21493148803711,878912,0.0,0.0
2001-08-01,11.225438711320155,11.30254157539466,11.120299342436077,11.292027473449707,628905,0.0,0.0
2001-08-02,11.288523582417957,11.355112346077824,11.200906614384923,11.26399040222168,320255,0.0,0.0
2001-08-03,11.242966125873618,11.337593078613281,11.211424633576765,11.337593078613281,501741,0.0,0.0
2001-08-06,11.3375943445703,11.390164054457019,11.246472358703613,11.246472358703613,480012,0.0,0.0
2001-08-07,11.249976722881028,11.372640197879832,11.232453487207353,11.31656551361084,532113,0.0,0.0
2001-08-08,11.242968007979693,11.306052653700025,11.197407425148237,11.21493148803711,400504,0.0,0.0
2001-08-09,11.197407649389103,11.23245495058554,11.113295612027395,11.211426734924316,546187,0.0,0.0
2001-08-10,11.197407425148237,11.33759497656019,11.025679201442463,11.21493148803711,440505,0.0,0.0
2001-08-13,11.21843566370096,11.267501224268788,11.179884210775036,11.225444793701172,441740,0.0,0.0
2001-08-14,11.263995538858763,11.334089310306087,11.127313798668697,11.186893463134766,278526,0.0,0.0
2001-08-15,11.144835786496698,11.27450838259792,11.06072376535404,11.092266082763672,299267,0.0,0.0
2001-08-16,11.046703987946909,11.179880717470759,11.029180755780164,11.172871589660645,270501,0.0,0.0
2001-08-17,11.039693570377692,11.17987941133385,11.008151260992864,11.067730903625488,541496,0.0,0.0
2001-08-20,11.088759730170723,11.162357636380328,11.004647719462184,11.036190032958984,500877,0.0,0.0
2001-08-21,11.00464953945389,11.179882717756689,10.917033362944021,11.011658668518066,334206,0.0,0.0
2001-08-22,11.022173788191377,11.134322330981812,11.00815470454065,11.07123851776123,252970,0.0,0.0
2001-08-23,11.067732188151695,11.137825116764793,10.952077865600586,10.952077865600586,245192,0.0,0.0
2001-08-24,10.969598573129046,11.022169082772818,10.755814034664978,10.811888694763184,538656,0.0,0.0
2001-08-27,10.811889165043777,10.899506134739287,10.531515852357456,10.53502082824707,518655,0.0,0.0
2001-08-28,10.549042394421015,10.640164368625193,10.513995925648727,10.528014183044434,571003,0.0,0.0
2001-08-29,10.549043963333558,10.549043963333558,10.345773423883138,10.373810768127441,539026,0.0,0.0
2001-08-30,10.422877993802526,10.542036519577008,10.28619622823326,10.328251838684082,840886,0.0,0.0
2001-08-31,10.282687495682483,10.440397421534772,10.258155133983852,10.303715705871582,397665,0.0,0.0
2001-09-04,10.303716862379785,10.570071195300228,10.06890402300029,10.447407722473145,1256946,0.0,0.0
2001-09-05,10.373807683747682,10.454415540285389,10.26866829305434,10.377312660217285,664832,0.0,0.0
2001-09-06,10.35278412431184,10.373811515046693,10.08642892217168,10.181055068969727,635325,0.0,0.0
2001-09-07,10.160020441261622,10.163525416813812,9.900675358314668,9.918198585510254,529520,0.0,0.0
2001-09-10,10.010160580168057,10.155287073819908,9.850875851465377,10.024319648742676,857800,0.22679,0.0
2001-09-17,9.945670757304864,9.988571295906251,9.287869794760237,9.816970825195312,990396,0.226794,0.0
2001-09-18,9.859869509241642,10.195920606996562,9.777644607830714,10.060070037841797,910394,0.0,0.0
2001-09-19,10.052925087755606,10.278151317431568,9.695424391979106,9.981425285339355,691129,0.0,0.0
2001-09-20,9.99929268927095,10.002868013432442,9.656091876259383,9.720441818237305,1254847,0.0,0.0
2001-09-21,9.36294092161681,9.76691717398469,9.198490329853632,9.598891258239746,1417568,0.0,0.0
2001-09-24,9.684691482393639,9.94566656202755,9.681117000249513,9.849142074584961,769403,0.0,0.0
2001-09-25,9.888469086433997,10.099394737953478,9.85272004615168,10.024319648742676,800268,0.0,0.0
2001-09-26,10.085095121840551,10.099394737953478,9.945669234580054,10.024319648742676,894221,0.0,0.0
2001-09-27,10.024321940788518,10.099397047165128,9.967121779563731,10.070796966552734,1120893,0.0,0.0
2001-09-28,10.099394149982853,10.392544681702844,10.049344654654236,10.317469596862793,1233612,0.0,0.0
2001-10-01,10.331771455409715,10.4568960525505,10.07437076882364,10.446171760559082,1080398,0.0,0.0
2001-10-02,10.453324166934683,10.524823954497899,10.281723666566029,10.3889741897583,1099658,0.0,0.0
2001-10-03,10.435445897249092,10.499795853935531,10.335345216317137,10.424720764160156,1179290,0.0,0.0
2001-10-04,10.356795300447791,10.449745329788499,10.153020300881403,10.199495315551758,1052126,0.0,0.0
2001-10-05,10.331776779971753,10.403276586614473,9.774074584028776,9.927800178527832,1701155,0.0,0.0
2001-10-08,9.952819374270305,9.95639385719171,9.384393246900897,9.4165678024292,1121387,0.0,0.0
2001-10-09,9.477340674836283,9.645365739656365,9.420140545300056,9.563140869140625,1495841,0.0,0.0
2001-10-10,9.527393800343052,9.731168795585239,9.427293123294806,9.645368576049805,1007063,0.0,0.0
2001-10-11,9.652517171522968,9.852718500474102,9.634642233262412,9.752617835998535,929407,0.0,0.0
2001-10-12,9.749041507489409,9.774066250107316,9.538115910784198,9.591741561889648,1035089,0.0,0.0
2001-10-15,9.648942179984225,9.802667651132232,9.50951716379852,9.716867446899414,532730,0.0,0.0
2001-10-16,9.766919310902422,10.010019506830172,9.709718323913805,9.824118614196777,793971,0.0,0.0
2001-10-17,9.83484469948642,9.942095192479407,9.609619421863636,9.663244247436523,295316,0.0,0.0
2001-10-18,9.598891916640353,9.745467582242405,9.53454197348333,9.541691780090332,481741,0.0,0.0
2001-10-19,9.656095001459045,9.734745423691189,9.5095201329507,9.620345115661621,1085954,0.0,0.0
2001-10-22,9.570295695568477,9.831271739181421,9.570295695568477,9.784796714782715,469518,0.0,0.0
2001-10-23,9.849146229146353,9.90992086970191,9.73474591533906,9.816970825195312,743723,0.0,0.0
2001-10-24,9.841993839863921,9.89919398666493,9.763344269397901,9.881319046020508,765575,0.0,0.0
2001-10-25,9.820544960086028,10.031470636408443,9.602470316713672,10.010021209716797,617177,0.0,0.0
2001-10-26,9.970695328014095,10.099395246904871,9.856295025956864,10.060070037841797,514581,0.0,0.0
2001-10-29,10.045768935118353,10.11726869240484,9.763343546881378,9.870594024658203,816441,0.0,0.0
2001-10-30,9.824120813429214,9.870596678377021,9.609620642054095,9.724020957946777,553595,0.0,0.0
2001-10-31,9.79552006117736,9.859870023982177,9.616769790342975,9.620345115661621,536681,0.0,0.0
2001-11-01,9.602471478857092,9.867022016696883,9.527396371732145,9.827696800231934,647918,0.0,0.0
2001-11-02,9.827693496808637,9.94566826470076,9.673968008426177,9.870594024658203,468407,0.0,0.0
2001-11-05,9.863440565621355,10.188766389031267,9.863440565621355,10.110116004943848,502112,0.0,0.0
2001-11-06,10.081520581029507,10.32104632525233,9.974270084451911,10.281721115112305,568039,0.0,0.0
2001-11-07,10.281719827796007,10.453320264096138,10.160169729211864,10.310319900512695,578410,0.0,0.0
2001-11-08,10.24954632683166,10.435447254812058,10.245971843235123,10.306746482849121,612362,0.0,0.0
2001-11-09,10.317469374935587,10.360369903548333,10.170894533151957,10.335344314575195,378035,0.0,0.0
2001-11-12,10.313895674792516,10.35679621016245,10.049346021349296,10.281721115112305,395442,0.0,0.0
2001-11-13,10.278146850143013,10.460471603797963,10.278146850143013,10.421146392822266,588287,0.0,0.0
2001-11-14,10.431869065575722,10.503368820045546,10.378244249723354,10.47119426727295,730636,0.0,0.0
2001-11-15,10.467619608385593,10.54269469209132,10.381819392458032,10.413994789123535,499025,0.0,0.0
2001-11-16,10.367524377005633,10.406849598650181,10.228098438111777,10.349649429321289,438530,0.0,0.0
2001-11-19,10.342494810363283,10.492644974584536,10.338919485749596,10.435444831848145,215561,0.0,0.0
2001-11-20,10.43187152689266,10.453321795033451,10.278146850143013,10.421146392822266,355194,0.0,0.0
2001-11-21,10.403271342323844,10.424721610242647,10.231670882667926,10.278146743774414,357911,0.0,0.0
2001-11-23,10.231670052253657,10.449745513469553,10.22809472727495,10.424720764160156,90002,0.0,0.0
2001-11-26,10.43544690447314,10.528396944419175,10.403271502100777,10.499796867370605,244945,0.0,0.0
2001-11-27,10.474772063174242,10.55342164327838,10.385396507152452,10.421146392822266,433221,0.0,0.0
2001-11-28,10.449748227109321,10.474773824764666,10.35679817199707,10.35679817199707,570385,0.0,0.0
2001-11-29,10.381822132540838,10.439022291589431,10.331772624758822,10.417572021484375,891628,0.0,0.0
2001-11-30,10.399693010619995,10.428293920808361,10.278143772477973,10.285293579101562,813478,0.0,0.0
2001-12-03,10.256696648966354,10.285296726058382,10.074371052273776,10.178046226501465,474580,0.0,0.0
2001-12-04,10.188774058314715,10.403274272374318,10.188774058314715,10.349649429321289,574953,0.0,0.0
2001-12-05,10.403266648081628,10.635641639523783,10.331766909744616,10.589166641235352,605324,0.0,0.0
2001-12-06,10.592746959590166,10.674971865817845,10.506946728021047,10.578447341918945,811626,0.0,0.0
2001-12-07,10.485494568452125,10.578445433939049,10.467619628663478,10.571294784545898,402356,0.0,0.0
2001-12-10,10.578445816863324,10.578445816863324,10.446170584161475,10.464045524597168,355071,0.0,0.0
2001-12-11,10.464048807413556,10.649948919743691,10.417572937483614,10.585598945617676,445197,0.0,0.0
2001-12-12,10.65056284083473,10.679435952617123,10.506197281922772,10.643343925476074,402973,0.226794,0.0
2001-12-13,10.607248194008895,10.650558268029389,10.415964016813707,10.45566463470459,461000,0.0,0.0
2001-12-14,10.448450233233453,10.556723756453895,10.351003382427844,10.538678169250488,794835,0.0,0.0
2001-12-17,10.538676641433247,10.643341541969894,10.488149344542375,10.589204788208008,674215,0.0,0.0
2001-12-18,10.621691272783005,10.737182886813763,10.520634941915313,10.719138145446777,601868,0.0,0.0
2001-12-19,10.679435809614194,10.831019431970953,10.61086206381374,10.787710189819336,789033,0.0,0.0
2001-12-20,10.762442204782003,10.917635234568584,10.762442204782003,10.859889030456543,1135832,0.0,0.0
2001-12-21,10.924854633462264,10.924854633462264,10.686651724844483,10.805752754211426,1122498,0.0,0.0
2001-12-24,10.83101725277706,10.870717879194007,10.74800739292229,10.805752754211426,213092,0.0,0.0
2001-12-26,10.798536387560336,10.870719587814065,10.737180709838867,10.737180709838867,352231,0.0,0.0
2001-12-27,10.740789116905535,10.80575339586183,10.708307402369362,10.73357105255127,239142,0.0,0.0
2001-12-28,10.729963997200217,10.845456452255812,10.729963997200217,10.809365272521973,447296,0.0,0.0
2001-12-31,10.863498965384457,10.93207269738792,10.802144147190546,10.805752754211426,634584,0.0,0.0
2002-01-02,10.820189476013184,10.827407539768108,10.661387823985482,10.820189476013184,789156,0.0,0.0
2002-01-03,10.791312561214003,10.960941673928113,10.791312561214003,10.863494873046875,995581,0.0,0.0
2002-01-04,10.838232668285361,11.033126295841347,10.838232668285361,10.957334518432617,563101,0.0,0.0
2002-01-07,10.953726297594631,11.058391185336903,10.953726297594631,11.00786304473877,608287,0.0,0.0
2002-01-08,11.058394376146884,11.058394376146884,10.881546257967221,10.906810760498047,645325,0.0,0.0
2002-01-09,10.892368413277607,11.029515831229974,10.852668650075868,10.935678482055664,756810,0.0,0.0
2002-01-10,10.895984487107476,11.022304464591112,10.809365146823051,10.978994369506836,573719,0.0,0.0
2002-01-11,10.997032376149791,11.022296864155843,10.816575754128971,10.831012725830078,481124,0.0,0.0
2002-01-14,10.874329236240332,10.899593741195147,10.751618718936166,10.84545612335205,703475,0.0,0.0
2002-01-15,10.892371759388833,11.05478286743164,10.84184361358684,11.05478286743164,652856,0.0,0.0
2002-01-16,11.05478797898608,11.058397437456561,10.895986254317458,10.95373249053955,745451,0.0,0.0
2002-01-17,10.928463499421003,11.206367041040348,10.877936200860333,11.10892105102539,813108,0.0,0.0
2002-01-18,10.84545578807963,11.274943010309254,10.71913666674698,11.116141319274902,789403,0.0,0.0
2002-01-22,11.170272276391566,11.22080040857761,11.080043529622461,11.177491188049316,696932,0.0,0.0
2002-01-23,11.134179265407468,11.311027273697196,11.130570660062546,11.285762786865234,766316,0.0,0.0
2002-01-24,11.23884829928497,11.365168230786638,11.23523884271379,11.336295127868652,448283,0.0,0.0
2002-01-25,11.336295509894606,11.397651174369408,11.242458134719843,11.386823654174805,315687,0.0,0.0
2002-01-28,11.347127454526433,11.36878250335931,11.29659929054445,11.357954978942871,419641,0.0,0.0
2002-01-29,11.343513915037493,11.404869581360188,11.000646114711996,11.05478286743164,1364480,0.0,0.0
2002-01-30,11.043956791976171,11.213585972879821,10.820190005551419,11.173885345458984,1264724,0.0,0.0
2002-01-31,11.170270418157697,11.289372242093657,11.094478657428816,11.285762786865234,589768,0.0,0.0
2002-02-01,11.264115563357606,11.303815345976611,11.159450645796898,11.292987823486328,429024,0.0,0.0
2002-02-04,11.296593323266878,11.303811385770263,11.061999917778873,11.076436042785645,851010,0.0,0.0
2002-02-05,11.098094321784027,11.18832225414004,10.97177436660163,11.126967430114746,567175,0.0,0.0
2002-02-06,11.065613615655305,11.123359842020339,10.9537306207796,11.040349960327148,670388,0.0,0.0
2002-02-07,11.04034172920562,11.386818829079976,11.007859182386092,11.069214820861816,1280157,0.0,0.0
2002-02-08,11.101701469552815,11.271331489871189,11.011473549059508,11.264113426208496,457419,0.0,0.0
2002-02-11,11.260508371554216,11.303817620345303,11.152233974750208,11.27855396270752,606312,0.0,0.0
2002-02-12,11.213585280801926,11.332686305829863,11.188320783156708,11.264113426208496,639029,0.0,0.0
2002-02-13,11.2568929657928,11.404867924905213,11.238847384173877,11.40125846862793,608411,0.0,0.0
2002-02-14,11.397652496885843,11.552844704659153,11.314641782389764,11.545626640319824,1388431,0.0,0.0
2002-02-15,11.545631558236739,11.578113286541436,11.404875419186338,11.440966606140137,536434,0.0,0.0
2002-02-19,11.386823685746018,11.43735183016631,11.209975605216917,11.303812980651855,588410,0.0,0.0
2002-02-20,11.30742447170659,11.502318171046012,11.260505775547841,11.433744430541992,817429,0.0,0.0
2002-02-21,11.419305801545736,11.520362093970496,11.292985860956726,11.31103229522705,460506,0.0,0.0
2002-02-22,11.300205781758647,11.433743798027148,11.23163204504813,11.397652626037598,634461,0.0,0.0
2002-02-25,11.372384087554709,11.585323286495493,11.35433850796768,11.563668251037598,509149,0.0,0.0
2002-02-26,11.52758518114917,11.726087545785777,11.520367114225934,11.6394681930542,545323,0.0,0.0
2002-02-27,11.671944644668365,11.798264574022992,11.606980376678036,11.736908912658691,1171759,0.0,0.0
2002-02-28,11.740516162019357,11.81991654135459,11.646677959359032,11.72968864440918,813601,0.0,0.0
2002-03-01,11.708037041622205,11.906539322980462,11.653900287583744,11.89210319519043,664709,0.0,0.0
2002-03-04,11.801874074941813,12.151960787106454,11.79826546804234,12.119478225708008,864467,0.0,0.0
2002-03-05,12.105046533014537,12.267456849854035,12.036472778196242,12.090609550476074,653721,0.0,0.0
2002-03-06,12.090603552881051,12.361288979773922,12.03646680745598,12.33963394165039,855331,0.0,0.0
2002-03-07,12.408209762820022,12.44791038947213,12.242189192243172,12.278281211853027,1109905,0.0,0.0
2002-03-08,12.30354513509002,12.382945540281204,12.23497140115097,12.328808784484863,658783,0.0,0.0
2002-03-11,12.263846165267255,12.50565772041726,12.234973054962952,12.473176002502441,1073485,0.0,0.0
2002-03-12,12.433468867492493,12.48760560229564,12.274667268806441,12.455123901367188,587670,0.0,0.0
2002-03-13,12.59707721265681,12.59707721265681,12.349576403903596,12.40417194366455,765082,0.234894,0.0
2002-03-14,12.320456831270977,12.371412318184845,12.258581209479066,12.335015296936035,409887,0.0,0.0
2002-03-15,12.247664497729383,12.684431415481859,12.233106029014142,12.658953666687012,1335343,0.0,0.0
2002-03-18,12.604357819795675,12.688072018386752,12.466048932581801,12.531563758850098,853973,0.0,0.0
2002-03-19,12.487887768728564,12.64075685332843,12.487887768728564,12.615278244018555,476803,0.0,0.0
2002-03-20,12.527919255261585,12.582515638630571,12.433286666870117,12.433286666870117,458777,0.0,0.0
2002-03-21,12.393249604761555,12.46604449689151,12.294977828869543,12.433286666870117,408035,0.0,0.0
2002-03-22,12.433289191234904,12.502444052818932,12.309538792283288,12.45876693725586,453222,0.0,0.0
2002-03-25,12.50244267023992,12.517001992846325,12.258581087543472,12.291338920593262,619769,0.0,0.0
2002-03-26,12.294979682227073,12.458766285765144,12.291339637091744,12.429649353027344,684339,0.0,0.0
2002-03-27,12.356854240625562,12.648032133933736,12.353214195551887,12.611634254455566,608781,0.0,0.0
2002-03-28,12.546128182546138,12.637121658999629,12.480613325184756,12.50245189666748,690265,0.0,0.0
2002-04-01,12.557041508763772,12.607997865677508,12.309540673045147,12.531563758850098,839651,0.0,0.0
2002-04-02,12.586161035740696,12.60799959986274,12.469690693624973,12.564322471618652,787922,0.0,0.0
2002-04-03,12.611633858347625,12.611633858347625,12.273140532230292,12.335015296936035,814589,0.0,0.0
2002-04-04,12.24402820806937,12.389617215124126,12.233108925404443,12.36413860321045,747056,0.0,0.0
2002-04-05,12.349571853314673,12.466042980889622,12.294976333671158,12.375049591064453,761872,0.0,0.0
2002-04-08,12.338663131940072,12.45877354931038,12.273148280912022,12.418736457824707,840145,0.0,0.0
2002-04-09,12.38961613963818,12.553403651221318,12.34957905903774,12.509726524353027,747180,0.0,0.0
2002-04-10,12.509726044625383,12.658955079587384,12.462409730390222,12.604358673095703,1085460,0.0,0.0
2002-04-11,12.622560326021802,12.648038082261042,12.495169830652404,12.506088256835938,991260,0.0,0.0
2002-04-12,12.549756539645289,12.658948438256282,12.513359525803622,12.64074993133545,467296,0.0,0.0
2002-04-15,12.658954142738363,12.67715265785996,12.458768762228026,12.49152660369873,602485,0.0,0.0
2002-04-16,12.546117568422202,12.735383599340464,12.480602766486909,12.684427261352539,701129,0.0,0.0
2002-04-17,12.724471220586752,12.739029692426055,12.557043651915572,12.728111267089844,1480162,0.0,0.0
2002-04-18,12.724471220586752,13.976535796401176,12.633477771788243,12.728111267089844,1663253,0.0,0.0
2002-04-19,12.760866211185833,12.83730031880301,12.6880721494881,12.797264099121094,659400,0.0,0.0
2002-04-22,12.819102909205174,12.819102909205174,12.629837646795183,12.655315399169922,450876,0.0,0.0
2002-04-23,12.658950839032725,12.749943390893675,12.524280319523438,12.662590026855469,699154,0.0,0.0
2002-04-24,12.593437986209379,12.739026958793538,12.589798797573742,12.658953666687012,455814,0.0,0.0
2002-04-25,12.698994827018174,12.698994827018174,12.480611711684,12.666237831115723,397418,0.0,0.0
2002-04-26,12.629834459622455,12.702628509229918,12.549760319385245,12.56795883178711,359269,0.0,0.0
2002-04-29,12.56432508209621,12.709914968434568,12.476972521631884,12.666237831115723,1096819,0.0,0.0
2002-04-30,12.651668576541109,12.862773146195023,12.626190837812572,12.76449966430664,1042002,0.0,0.0
2002-05-01,12.709906300433556,12.848215141082695,12.68442770201143,12.81181812286377,970643,0.0,0.0
2002-05-02,12.757225563380254,12.939210696811964,12.739026192950787,12.928292274475098,1287071,0.0,0.0
2002-05-03,12.957412140221004,12.979249845474717,12.84822018560671,12.93557357788086,601374,0.0,0.0
2002-05-06,13.026565788809116,13.026565788809116,12.873697570947002,12.88461685180664,411369,0.0,0.0
2002-05-07,12.88461750648395,13.070243576356782,12.859139754574523,12.946493148803711,573719,0.0,0.0
2002-05-08,12.921015116711981,13.048405596119817,12.921015116711981,12.968332290649414,459148,0.0,0.0
2002-05-09,12.96833299750171,12.975612233470965,12.844582557678223,12.844582557678223,342108,0.0,0.0
2002-05-10,12.862782657535218,12.862782657535218,12.688075830274867,12.720832824707031,366553,0.0,0.0
2002-05-13,12.775425469534074,12.902815076824622,12.691711270525188,12.873697280883789,222351,0.0,0.0
2002-05-14,12.873696474348145,13.081161078836335,12.866417240090579,13.066601753234863,410011,0.0,0.0
2002-05-15,12.957414350479914,13.161238110134489,12.957414350479914,13.022929191589355,479395,0.0,0.0
2002-05-16,13.13211719219759,13.143037329726079,13.059323132032013,13.092080116271973,324329,0.0,0.0
2002-05-17,12.946486690222702,13.157590406692183,12.946486690222702,13.139391899108887,360750,0.0,0.0
2002-05-20,13.139399291427363,13.139399291427363,12.924655409790393,12.942853927612305,261612,0.0,0.0
2002-05-21,12.997446800391216,13.09207855305545,12.928291937239301,12.95376968383789,346182,0.0,0.0
2002-05-22,12.953767652765363,13.02656169282554,12.779060928117568,12.910091400146484,470876,0.0,0.0
2002-05-23,12.957410796190828,13.08480125384597,12.917373721748955,13.070241928100586,395319,0.0,0.0
2002-05-24,13.095723269025049,13.146679637481983,13.022929191589355,13.022929191589355,611127,0.0,0.0
2002-05-28,12.957408688055866,12.982886432607197,12.851855950562424,12.913731575012207,510877,0.0,0.0
2002-05-29,13.059321200233683,13.059321200233683,12.928291568483633,12.975607872009277,313712,0.0,0.0
2002-05-30,12.921017207072309,13.081165558094876,12.921017207072309,12.979252815246582,362479,0.0,0.0
2002-05-31,12.95741116314723,13.19399271370423,12.95741116314723,13.121198654174805,538409,0.0,0.0
2002-06-03,13.175794089496431,13.175794089496431,12.921013169084736,12.93193244934082,501618,0.0,0.0
2002-06-04,12.884614456860374,12.993806388074137,12.728107079193688,12.862776756286621,830886,0.0,0.0
2002-06-05,12.775427790008456,13.066604945218565,12.775427790008456,12.964693069458008,307662,0.0,0.0
2002-06-06,12.964690194758598,12.997448035285933,12.73902707099401,12.77542495727539,349268,0.0,0.0
2002-06-07,12.77906423992835,12.990168039315702,12.753586490721723,12.93193244934082,602732,0.0,0.0
2002-06-10,12.902823938434826,13.03385453870308,12.775434243653523,12.9610595703125,438283,0.0,0.0
2002-06-11,12.88461578428159,13.092079532166554,12.768144607543945,12.768144607543945,473469,0.0,0.0
2002-06-12,12.694741648697288,12.977336422872362,12.694741648697288,12.764472961425781,887307,0.234894,0.0
2002-06-13,12.691067938937218,12.801170028329711,12.518575328132291,12.540595054626465,489272,0.0,0.0
2002-06-14,12.540598970293587,12.76080321783498,12.393797290906893,12.70942211151123,581744,0.0,0.0
2002-06-17,12.71676602846931,13.050742028431507,12.71676602846931,13.010371208190918,582361,0.0,0.0
2002-06-18,13.01037159314053,13.138823971098239,12.977341549588902,13.028721809387207,551496,0.0,0.0
2002-06-19,12.992013499611314,13.14982630072527,12.992013499611314,12.999353408813477,590386,0.0,0.0
2002-06-20,13.003020159470221,13.08376173080743,12.885578188154355,12.936959266662598,578534,0.0,0.0
2002-06-21,12.845212936401367,12.973665255896108,12.782822402404891,12.845212936401367,792366,0.0,0.0
2002-06-24,12.845212709197732,12.936964611279823,12.595648849164903,12.790162086486816,668289,0.0,0.0
2002-06-25,12.863565478090331,12.933295930364814,12.724102845080012,12.735113143920898,584213,0.0,0.0
2002-06-26,12.753462252609966,12.753462252609966,12.430496683345568,12.643360137939453,819281,0.0,0.0
2002-06-27,12.643364159819592,12.801177039394123,12.61033325564206,12.69841480255127,883233,0.0,0.0
2002-06-28,12.643361964078608,12.936967069452981,12.63602205250193,12.900266647338867,844590,0.0,0.0
2002-07-01,12.863568444584317,12.918619087253411,12.73511608079222,12.801177024841309,658165,0.0,0.0
2002-07-02,12.801167095357405,12.958978988111667,12.74611649538942,12.936959266662598,920024,0.0,0.0
2002-07-03,12.936965008853353,12.977335812440908,12.683730753831943,12.808512687683105,909653,0.0,0.0
2002-07-05,12.80851583386693,13.083770751953125,12.79016562122529,13.083770751953125,388529,0.0,0.0
2002-07-08,13.083766860304879,13.208548787691253,13.047065581707262,13.135147094726562,555693,0.0,0.0
2002-07-09,13.157171838777886,13.197542653006737,12.837876577464455,12.867237091064453,630634,0.0,0.0
2002-07-10,12.790167677745263,12.92595996451196,12.536933319804021,12.606664657592773,778539,0.0,0.0
2002-07-11,12.610328685660503,12.73511148006711,12.437836042894524,12.661709785461426,801379,0.0,0.0
2002-07-12,12.643365738629717,12.68006617170038,12.382791453904622,12.45986270904541,673474,0.0,0.0
2002-07-15,12.423157820791548,12.423157820791548,11.835947645321834,12.412147521972656,911382,0.0,0.0
2002-07-16,12.338749153140286,12.48188221224468,12.111205796812836,12.327739715576172,781008,0.0,0.0
2002-07-17,12.419486992957003,12.66538135324919,12.166252721789242,12.3681058883667,689401,0.0,0.0
2002-07-18,12.368104561217017,12.489216966706008,11.817595748469325,11.846956253051758,801626,0.0,0.0
2002-07-19,11.377187847784642,11.744194576472298,11.377187847784642,11.674463272094727,1222501,0.0,0.0
2002-07-22,11.67446801497606,11.744199347682754,10.973486027827581,11.285441398620605,1817578,0.0,0.0
2002-07-23,11.285444753798844,11.34049541292982,10.753285789505982,10.771636009216309,1422259,0.0,0.0
2002-07-24,10.276167336948413,11.50563689309525,10.257816271128059,11.476276397705078,1668809,0.0,0.0
2002-07-25,11.450590679483458,11.909348487854004,11.37718898074425,11.909348487854004,1440902,0.0,0.0
2002-07-26,11.909350179610923,12.074502944946289,11.821268647150013,12.074502944946289,896073,0.0,0.0
2002-07-29,12.386455307903896,12.808512687683105,12.368105099769659,12.808512687683105,999532,0.0,0.0
2002-07-30,12.771814780361163,12.826865415578242,12.53326116352307,12.815855979919434,1086201,0.0,0.0
2002-07-31,12.779149762015836,12.98467326412504,12.669047669828299,12.929622650146484,1001384,0.0,0.0
2002-08-01,12.698417846723885,12.790169804169786,12.448853836102288,12.569966316223145,891628,0.0,0.0
2002-08-02,12.5149090914574,12.643361427637466,12.29103618036764,12.467198371887207,630263,0.0,0.0
2002-08-05,12.467199020965955,12.478209320552411,12.045142434125985,12.074502944946289,864961,0.0,0.0
2002-08-06,12.14790468211815,12.691073740072955,12.14790468211815,12.4231595993042,792860,0.0,0.0
2002-08-07,12.496564577420207,12.625016972152034,12.423163702848356,12.569966316223145,764094,0.0,0.0
2002-08-08,12.625010362666996,13.010366480888544,12.606660153630793,12.984676361083984,971383,0.0,0.0
2002-08-09,12.73511748520941,13.153504662634164,12.73511748520941,13.028721809387207,689030,0.0,0.0
2002-08-12,12.9553209444005,13.028721809387207,12.742457398861886,13.028721809387207,616312,0.0,0.0
2002-08-13,12.936965568203595,13.13881873063823,12.731442018291183,12.738781929016113,767180,0.0,0.0
2002-08-14,12.738785684477671,13.120472389695415,12.525922161087035,13.11313247680664,716932,0.0,0.0
2002-08-15,13.120465514375251,13.226897220298765,13.036054399809826,13.175516128540039,835948,0.0,0.0
2002-08-16,12.845210062200781,13.182856231761638,12.845210062200781,13.12780475616455,1393616,0.0,0.0
2002-08-19,13.124142154328325,13.289294075513332,13.083771339012985,13.259934425354004,587546,0.0,0.0
2002-08-20,13.212227153857906,13.212227153857906,13.010373024475555,13.138825416564941,511742,0.0,0.0
2002-08-21,13.08744127798199,13.190203513720117,12.947979478381486,13.05808162689209,618411,0.0,0.0
2002-08-22,13.010368604092122,13.18286215279735,12.992018392061288,13.142491340637207,542607,0.0,0.0
2002-08-23,13.06909210100956,13.06909210100956,12.848888650745376,12.878249168395996,637547,0.0,0.0
2002-08-26,12.881913655116742,13.083766797395636,12.845212376695592,13.04339599609375,547792,0.0,0.0
2002-08-27,13.043398684081117,13.241581480090302,12.99935748659193,13.080099105834961,631128,0.0,0.0
2002-08-28,13.08009134511748,13.109451837946446,12.77180660252844,12.936959266662598,527792,0.0,0.0
2002-08-29,12.881912268887536,13.124136186402477,12.760799878014842,12.999353408813477,513470,0.0,0.0
2002-08-30,13.003029079202895,13.230573270774208,12.951648829679371,13.109460830688477,470136,0.0,0.0
2002-09-03,13.036056440220111,13.036056440220111,12.632349280465265,12.661709785461426,531866,0.0,0.0
2002-09-04,12.661710397792259,13.003026176850117,12.595649474413777,12.966325759887695,584460,0.0,0.0
2002-09-05,12.80851305637461,12.977336185991966,12.647030701606724,12.955315589904785,627424,0.0,0.0
2002-09-06,13.021378518038492,13.175520985911382,12.966327883578389,13.124140739440918,622238,0.0,0.0
2002-09-09,13.124146137851353,13.300309277662512,12.96633321707497,13.171856880187988,680018,0.0,0.0
2002-09-10,13.120466235617133,13.120466235617133,12.863562491162174,12.992013931274414,626806,0.0,0.0
2002-09-11,13.047526463953975,13.08083019815882,12.93651575934307,12.995721817016602,435073,0.234894,0.0
2002-09-12,12.932812075411608,12.932812075411608,12.396257845925145,12.466565132141113,840516,0.0,0.0
2002-09-13,12.46656547021302,12.655284849622241,12.325950893967857,12.640482902526855,649153,0.0,0.0
2002-09-16,12.640478075349451,12.725587278065703,12.440657529768936,12.714485168457031,706562,0.0,0.0
2002-09-17,12.895811549119667,12.910612627926115,12.351856654020144,12.35555648803711,792613,0.0,0.0
2002-09-18,12.359258366208818,12.359258366208818,12.103932325930424,12.140935897827148,841256,0.0,0.0
2002-09-19,11.95591221405897,12.015118253114492,11.656182185946024,11.737589836120605,1057558,0.0,0.0
2002-09-20,11.656180274211723,12.137228173429731,11.656180274211723,11.848599433898926,2334258,0.0,0.0
2002-09-23,11.82270183541832,12.044724986010394,11.711691131491568,11.952215194702148,1084226,0.0,0.0
2002-09-24,11.84120234353706,11.989217459968184,11.626579771185083,11.659883499145508,951506,0.0,0.0
2002-09-25,11.730191023128718,12.137231947933614,11.656183899116607,12.07802677154541,826688,0.0,0.0
2002-09-26,12.081727747610687,12.340754448890028,12.007720616599004,12.311150550842285,834837,0.0,0.0
2002-09-27,12.314852058066656,12.37405811528007,11.992919448732197,12.026223182678223,789033,0.0,0.0
2002-09-30,12.02622450351892,12.19274144879905,11.74869597092891,12.089130401611328,998915,0.0,0.0
2002-10-01,12.118729727683782,12.662685380659711,12.04472260635408,12.618280410766602,1303985,0.0,0.0
2002-10-02,12.655286356490446,12.655286356490446,11.841203567646302,11.922611236572266,1419790,0.0,0.0
2002-10-03,11.959615503314666,11.98181799221943,11.164035321709727,11.17513656616211,1811776,0.0,0.0
2002-10-04,11.223241930350188,11.323152263970531,10.405458348215104,10.501667976379395,2834395,0.0,0.0
2002-10-07,10.427660349471363,10.55717370656195,10.028019905090332,10.028019905090332,1479792,0.0,0.0
2002-10-08,10.087227483381815,10.631182445318554,10.087227483381815,10.442463874816895,1514607,0.0,0.0
2002-10-09,10.442462663843118,10.442462663843118,10.124229882244457,10.142731666564941,962124,0.0,0.0
2002-10-10,10.216736013431715,10.77549266230179,10.098323067756304,10.701484680175781,1793997,0.0,0.0
2002-10-11,11.193635732642669,11.804197063816023,11.160332007072167,11.452661514282227,1425840,0.0,0.0
2002-10-14,11.452661881518809,11.785695662426503,11.378654761925585,11.619178771972656,771131,0.0,0.0
2002-10-15,11.933711843133768,12.300049383531066,11.85600401204482,12.170536041259766,1265342,0.0,0.0
2002-10-16,12.163133252943009,12.244540902462948,11.926309098625351,11.967013359069824,844837,0.0,0.0
2002-10-17,12.30374472534179,12.362949877697336,12.133527189292133,12.20383358001709,896567,0.0,0.0
2002-10-18,12.203836894021542,12.399956791944502,12.063223203018586,12.348152160644531,911011,0.0,0.0
2002-10-21,12.303751693977798,12.514672728352338,12.12613352220488,12.510972023010254,724340,0.0,0.0
2002-10-22,12.459167405348111,12.525774002075195,12.36295690855423,12.525774002075195,768168,0.0,0.0
2002-10-23,12.5257710566973,12.647882976754678,12.318549904541815,12.599778175354004,755328,0.0,0.0
2002-10-24,12.673791740805122,12.744099057279872,12.340757817604274,12.359259605407715,554459,0.0,0.0
2002-10-25,12.374054286663874,12.721889983012282,12.285245228321875,12.681185722351074,587299,0.0,0.0
2002-10-28,12.76629513190148,12.840303122322632,12.503568639349913,12.555374145507812,428036,0.0,0.0
2002-10-29,12.544276820777974,12.581280391859705,12.277849540524668,12.414763450622559,414085,0.0,0.0
2002-10-30,12.45176450332876,12.62938265424094,12.414760939731018,12.581277847290039,372726,0.0,0.0
2002-10-31,12.729289627566178,12.747791404502454,12.499866896461212,12.533169746398926,644461,0.0,0.0
2002-11-01,12.51466824048369,12.95131210264754,12.436960427120894,12.914308547973633,391245,0.0,0.0
2002-11-04,12.951316026019592,13.021623324019751,12.751496247427239,12.84030532836914,635449,0.0,0.0
2002-11-05,12.766294449171053,12.988317537191827,12.751493374699821,12.899508476257324,549150,0.0,0.0
2002-11-06,12.992018905306987,12.992018905306987,12.547974419533684,12.74039363861084,660141,0.0,0.0
2002-11-07,12.729291297363375,12.732991130414593,12.170534597937115,12.211238861083984,752365,0.0,0.0
2002-11-08,12.21124085935125,12.381457605895713,12.03362270275504,12.115031242370605,544829,0.0,0.0
2002-11-11,12.1076271020618,12.118728343266897,11.874503650861817,11.900406837463379,782243,0.0,0.0
2002-11-12,11.900410429088312,12.229743574968767,11.885608479224517,12.10023021697998,517297,0.0,0.0
2002-11-13,11.933711524102296,12.303749759466285,11.841202618788158,12.018820762634277,639399,0.0,0.0
2002-11-14,12.148334794894154,12.399960095403296,12.148334794894154,12.396260261535645,635819,0.0,0.0
2002-11-15,12.337051684205992,12.614580121906792,12.255644027957432,12.599778175354004,572484,0.0,0.0
2002-11-18,12.681183427845003,12.681183427845003,12.314846019547439,12.374052047729492,447666,0.0,0.0
2002-11-19,12.403660396364517,12.4110618065971,12.237143479408301,12.340754508972168,413838,0.0,0.0
2002-11-20,12.285245694383468,12.721890465638733,12.285245694383468,12.69228744506836,353343,0.0,0.0
2002-11-21,12.729288509714358,12.932808909509717,12.703386198552034,12.895805358886719,708290,0.0,0.0
2002-11-22,12.877311146697046,13.021625601707044,12.862509194933018,12.955018997192383,586435,0.0,0.0
2002-11-25,12.977220617784345,13.125236649947082,12.884711686894368,12.955018997192383,500754,0.0,0.0
2002-11-26,12.877308392328011,12.936514443981578,12.762596994012675,12.858806610107422,634337,0.0,0.0
2002-11-27,12.862504394947365,13.05122376345441,12.847703320076139,12.999418258666992,627053,0.0,0.0
2002-11-29,13.003121488059422,13.006822193180374,12.84770581488709,12.855106353759766,162473,0.0,0.0
2002-12-02,12.932811897436057,12.973516161072995,12.673786111862299,12.762595176696777,620387,0.0,0.0
2002-12-03,12.710799872890151,12.747803461761817,12.559083938598633,12.559083938598633,451123,0.0,0.0
2002-12-04,12.559080216799453,12.670091821886684,12.444368776743342,12.492473602294922,573225,0.0,0.0
2002-12-05,12.62567579952817,12.62567579952817,12.285241611785558,12.296342849731445,344330,0.0,0.0
2002-12-06,12.155732026471092,12.529470041674488,12.155732026471092,12.444361686706543,472358,0.0,0.0
2002-12-09,12.370352729504733,12.436959296134525,12.233438892566701,12.244539260864258,497914,0.0,0.0
2002-12-10,12.26674542895065,12.496169084520183,12.255645057315082,12.473966598510742,499149,0.0,0.0
2002-12-11,12.380651233830566,12.533683528885168,12.317199504802229,12.473963737487793,454333,0.234894,0.0
2002-12-12,12.462768438817653,12.503825912754799,12.261213886373614,12.313468933105469,460382,0.0,0.0
2002-12-13,12.205225808885878,12.339595791465065,12.149238828853882,12.208958625793457,434085,0.0,0.0
2002-12-16,12.246279592321768,12.563540808183317,12.231350087046645,12.511285781860352,533100,0.0,0.0
2002-12-17,12.466502325923853,12.58220912318177,12.44783999597454,12.462769508361816,497297,0.0,0.0
2002-12-18,12.466503033921427,12.477700608313034,12.291076419290707,12.339598655700684,423097,0.0,0.0
2002-12-19,12.317202956896926,12.473967233518206,12.205228096911535,12.242552757263184,304823,0.0,0.0
2002-12-20,12.190297842931297,12.503826377105106,12.190297842931297,12.455304145812988,679400,0.0,0.0
2002-12-23,12.451572781101165,12.455305598916969,12.33959879379296,12.421712875366211,261735,0.0,0.0
2002-12-24,12.414244043496298,12.42170879774699,12.320932418037122,12.406779289245605,190252,0.0,0.0
2002-12-26,12.414246546916809,12.60833634908585,12.406781791160796,12.436641693115234,349515,0.0,0.0
2002-12-27,12.459037713418356,12.52248946019171,12.279878289122209,12.350794792175293,410258,0.0,0.0
2002-12-30,12.261211651035813,12.511288387378602,12.261211651035813,12.473963737487793,494457,0.0,0.0
2002-12-31,12.51129031144573,12.51129031144573,12.261213536644519,12.451570510864258,420505,0.0,0.0
2003-01-02,12.615800293311462,12.933060742372428,12.500093510279921,12.88827133178711,741748,0.0,0.0
2003-01-03,12.88827300074336,12.88827300074336,12.675521734784974,12.742706298828125,417048,0.0,0.0
2003-01-06,12.78376144131891,13.183136813967003,12.78376144131891,13.164474487304688,708660,0.0,0.0
2003-01-07,13.145810581633839,13.145810581633839,12.992779169812088,13.026371002197266,524335,0.0,0.0
2003-01-08,12.97784924753839,13.059964181073383,12.824816951307742,12.884536743164062,348281,0.0,0.0
2003-01-09,12.959188241908778,13.115952491760254,12.951723486899255,13.115952491760254,503223,0.0,0.0
2003-01-10,13.045038694550295,13.097293751788891,12.918134308911306,12.970389366149902,392109,0.0,0.0
2003-01-13,13.045034984527925,13.112219536767023,12.94425859563442,12.98904800415039,344947,0.0,0.0
2003-01-14,12.951722285667703,13.112218458673276,12.944257531350512,13.101021766662598,411122,0.0,0.0
2003-01-15,13.101028061847606,13.11222475923842,12.83228886692472,12.914402961730957,436184,0.0,0.0
2003-01-16,12.94052803842779,13.022642114867852,12.720311137532585,12.765101432800293,602361,0.0,0.0
2003-01-17,12.765102659808305,12.873344711869128,12.615803126115699,12.757637023925781,410628,0.0,0.0
2003-01-21,12.821089674206046,12.847216763041743,12.56354808807373,12.56354808807373,516927,0.0,0.0
2003-01-22,12.52248124444909,12.585933828522956,12.414239273151807,12.429169654846191,491000,0.0,0.0
2003-01-23,12.485166408209187,12.634465947688831,12.451573682227307,12.574746131896973,385072,0.0,0.0
2003-01-24,12.503827137585613,12.522489467761437,12.22389042708736,12.242552757263184,803725,0.0,0.0
2003-01-27,12.24254803451752,12.309732573019138,12.096981387942332,12.11191177368164,497173,0.0,0.0
2003-01-28,12.186565766735711,12.242552757263184,12.063393332858737,12.242552757263184,549644,0.0,0.0
2003-01-29,12.167897665605642,12.380648831851403,12.059655674564283,12.309731483459473,540261,0.0,0.0
2003-01-30,12.261216768265232,12.332134160013325,12.003676049175679,12.033535957336426,457419,0.0,0.0
2003-01-31,11.95514976623292,12.306003814024674,11.95514976623292,12.235086441040039,879899,0.0,0.0
2003-02-03,12.25748492139717,12.373191736792576,12.205229861989649,12.24628734588623,564089,0.0,0.0
2003-02-04,12.24628217948264,12.24628217948264,12.018600583961657,12.05965805053711,601497,0.0,0.0
2003-02-05,12.130575861169703,12.2724105911389,11.951416479818159,11.98500919342041,388405,0.0,0.0
2003-02-06,11.966350207172539,12.111917805167502,11.854376213552467,11.973814964294434,624090,0.0,0.0
2003-02-07,12.037266262729943,12.13057879266611,11.805852665091402,11.831979751586914,521125,0.0,0.0
2003-02-10,11.884232858076409,12.007405281066895,11.761061314016294,12.007405281066895,401368,0.0,0.0
2003-02-11,12.03726092850865,12.078318388329041,11.76478997359886,11.82077693939209,454950,0.0,0.0
2003-02-12,11.824513687125622,11.902895816871052,11.61922631976345,11.62295913696289,564459,0.0,0.0
2003-02-13,11.570698527436095,11.697603704034695,11.499781187257446,11.641615867614746,668412,0.0,0.0
2003-02-14,11.641622766677145,11.809584617614746,11.544578297945279,11.809584617614746,723105,0.0,0.0
2003-02-18,11.824511088988144,11.932753095754594,11.824511088988144,11.899160385131836,494210,0.0,0.0
2003-02-19,11.895428671259586,11.899160608778818,11.74612919723593,11.850638389587402,547051,0.0,0.0
2003-02-20,11.914091578186321,11.914091578186321,11.768524034564367,11.772256851196289,391615,0.0,0.0
2003-02-21,11.828238493967998,12.02232727829043,11.70879809270759,11.958874702453613,580139,0.0,0.0
2003-02-24,11.962618171518029,11.962618171518029,11.660286281750864,11.675216674804688,421739,0.0,0.0
2003-02-25,11.678948695356814,11.936491165620517,11.566974701859298,11.91036319732666,642980,0.0,0.0
2003-02-26,11.917826701837813,11.925290578686061,11.686412241257022,11.720004081726074,543347,0.0,0.0
2003-02-27,11.802115372307728,12.029796944931139,11.731198017075828,12.022332191467285,725451,0.0,0.0
2003-02-28,12.003672753756998,12.212691174568954,11.999939936662729,12.085786819458008,628411,0.0,0.0
2003-03-03,12.179102363795678,12.279879661087879,11.91036319732666,11.91036319732666,399023,0.0,0.0
2003-03-04,11.914093255967614,11.917826073125205,11.734933853149414,11.734933853149414,405196,0.0,0.0
2003-03-05,11.757331361792284,12.026069641113281,11.720005819503907,12.026069641113281,594583,0.0,0.0
2003-03-06,11.962616573281371,12.040998709282904,11.876768802285087,11.970081329345703,858664,0.0,0.0
2003-03-07,11.82077595419672,12.063386998010504,11.82077595419672,11.99620246887207,568286,0.0,0.0
2003-03-10,11.951418990232526,11.99620840551338,11.570705005158363,11.581903457641602,453222,0.0,0.0
2003-03-11,11.529645762057408,11.66774856209737,11.436334128296968,11.447531700134277,593843,0.0,0.0
2003-03-12,11.451301428703504,11.504071769020374,11.243987095026428,11.492764472961426,957926,0.242994,0.0
2003-03-13,11.666152351632105,11.786771774291992,11.515378960919637,11.786771774291992,672116,0.0,0.0
2003-03-14,11.809388626629795,11.896083507399476,11.68876919897854,11.798080444335938,665696,0.0,0.0
2003-03-17,11.798087801410853,12.110944747924805,11.647313422826599,12.110944747924805,984717,0.0,0.0
2003-03-18,12.13732015029348,12.197629853125767,11.930005879662092,12.016700744628906,914468,0.0,0.0
2003-03-19,12.061935565360711,12.156168937683105,12.02047252649389,12.156168937683105,649400,0.0,0.0
2003-03-20,12.118482340933213,12.337104951668273,11.967707973596461,12.273025512695312,748291,0.0,0.0
2003-03-21,12.33709800454372,12.604722023010254,12.257941617217172,12.604722023010254,952864,0.0,0.0
2003-03-24,12.533107597003479,12.536876400082857,12.23155897002349,12.303176879882812,1010273,0.0,0.0
2003-03-25,12.273022345641794,12.404949993969133,12.246637171021398,12.355948448181152,758909,0.0,0.0
2003-03-26,12.318258266702793,12.348413140170143,12.224023954262481,12.273025512695312,638659,0.0,0.0
2003-03-27,12.27301825282954,12.35594432771467,12.148630028114232,12.280557632446289,590880,0.0,0.0
2003-03-28,12.24286792074163,12.314484947470714,12.14486394512983,12.299407958984375,387417,0.0,0.0
2003-03-31,12.299410066609884,12.310718253718733,12.107172660985063,12.212715148925781,678783,0.0,0.0
2003-04-01,12.291864790843617,12.404945720109238,12.178784749190374,12.38986873626709,969038,0.0,0.0
2003-04-02,12.616035956016775,12.69896207105974,12.491647671065149,12.6499605178833,783971,0.0,0.0
2003-04-03,12.676345421544765,12.676345421544765,12.306948491109988,12.32579517364502,837059,0.0,0.0
2003-04-04,12.344642179922939,12.442646174333213,12.303180009826187,12.37856674194336,670264,0.0,0.0
2003-04-07,12.45772288593457,12.559495682097385,12.15994388057878,12.167482376098633,1055336,0.0,0.0
2003-04-08,12.193871905975724,12.235334086920242,12.110945768860583,12.182562828063965,567546,0.0,0.0
2003-04-09,12.246639039213244,12.254177534881523,11.881011791754341,11.899858474731445,705944,0.0,0.0
2003-04-10,11.956395640565475,12.16370999093584,11.911163789849939,12.148633003234863,674709,0.0,0.0
2003-04-11,12.212713512069504,12.344640272894203,12.114709532799113,12.175019264221191,573966,0.0,0.0
2003-04-14,12.23156050869762,12.416258511199151,12.23156050869762,12.408720016479492,542607,0.0,0.0
2003-04-15,12.408719209400807,12.649958125641065,12.35217917126174,12.638649940490723,621745,0.0,0.0
2003-04-16,12.642423397694957,12.717810137672052,12.291872216440147,12.318258285522461,450876,0.0,0.0
2003-04-17,12.299406980411586,12.438873107070854,12.288098796140215,12.435103416442871,433592,0.0,0.0
2003-04-21,12.43887484623753,12.544416434839201,12.363487236425447,12.453951835632324,475444,0.0,0.0
2003-04-22,12.401180095145246,12.766807254533592,12.31071550607814,12.759268760681152,806441,0.0,0.0
2003-04-23,12.646187802444118,12.774345748386034,12.597186260984342,12.759268760681152,648535,0.0,0.0
2003-04-24,12.721574631503538,12.747960691645156,12.597186375166675,12.67257308959961,557052,0.0,0.0
2003-04-25,12.672571822482757,12.740420923823375,12.563260564917352,12.574568748474121,601991,0.0,0.0
2003-04-28,12.589648526956344,12.770577716010198,12.578340341688897,12.755499839782715,561249,0.0,0.0
2003-04-29,12.793199591513007,12.793199591513007,12.612270312051358,12.725351333618164,755822,0.0,0.0
2003-04-30,12.72157513449479,12.747961195679672,12.563262317836097,12.706498146057129,1662389,0.0,0.0
2003-05-01,12.66503667164845,12.71403822158439,12.374796175804635,12.653728485107422,572854,0.0,0.0
2003-05-02,12.653729738832336,12.815812282624835,12.604728184041345,12.796965599060059,826071,0.0,0.0
2003-05-05,12.808270772986006,12.815809267115569,12.62734158820065,12.657496452331543,691623,0.0,0.0
2003-05-06,12.672578643744288,12.72158020712465,12.582114901821315,12.714041709899902,750760,0.0,0.0
2003-05-07,12.683883366685356,12.714038234955552,12.567033584993125,12.676344871520996,598904,0.0,0.0
2003-05-08,12.608486640325957,12.695181484992375,12.50294424127705,12.551946640014648,482235,0.0,0.0
2003-05-09,12.555723841129971,12.638649940490723,12.450182259081183,12.638649940490723,463963,0.0,0.0
2003-05-12,12.600955019068973,12.732882645978913,12.514259239538491,12.69141960144043,407665,0.0,0.0
2003-05-13,12.687653541564941,12.740424784951943,12.623574998806893,12.687653541564941,358034,0.0,0.0
2003-05-14,12.725346421508473,12.736654608061391,12.63488181669788,12.676344871520996,361861,0.0,0.0
2003-05-15,12.740425548365726,12.8045040949634,12.680115805913301,12.796965599060059,660511,0.0,0.0
2003-05-16,12.778116226196289,12.81957927635757,12.695190125873728,12.778116226196289,595077,0.0,0.0
2003-05-19,12.714040211748408,12.725348400059536,12.495417604700986,12.518033981323242,449394,0.0,0.0
2003-05-20,12.525568976599939,12.676343299250101,12.514260791449596,12.638649940490723,601991,0.0,0.0
2003-05-21,12.676343281569157,12.770577565948813,12.62357293442469,12.706498146057129,510137,0.0,0.0
2003-05-22,12.710264508884519,12.721571803445709,12.50671900498442,12.582106590270996,493223,0.0,0.0
2003-05-23,12.551956283386746,12.653728184613643,12.518031724569289,12.64618968963623,245932,0.0,0.0
2003-05-27,12.58964542188851,12.906270980834961,12.518027524600043,12.906270980834961,595324,0.0,0.0
2003-05-28,12.910044033057114,12.98920044340861,12.842195808129071,12.94019889831543,631621,0.0,0.0
2003-05-29,12.943964637727637,12.98542767859462,12.755496996378817,12.845961570739746,612238,0.0,0.0
2003-05-30,12.849730401606493,13.237973841089225,12.849730401606493,13.207818984985352,743847,0.0,0.0
2003-06-02,13.192743835407615,13.328441159681958,13.162589860693966,13.181436538696289,763847,0.0,0.0
2003-06-03,13.14374524931626,13.28321140797045,13.139976445436254,13.275672912597656,645943,0.0,0.0
2003-06-04,13.226669912267637,13.543295559366282,13.219130530108004,13.535757064819336,648535,0.0,0.0
2003-06-05,13.539525351256131,13.588526892146707,13.452829566315993,13.569680213928223,784959,0.0,0.0
2003-06-06,13.62621849792724,13.735529750118014,13.505599062735701,13.55083179473877,776316,0.0,0.0
2003-06-09,13.531981252675564,13.58852215523364,13.283203944256883,13.324666976928711,460259,0.0,0.0
2003-06-10,13.407596725413047,13.433981895446777,13.286977283637372,13.433981895446777,337046,0.0,0.0
2003-06-11,13.52901817653843,13.570833206176758,13.36175895313272,13.570833206176758,407171,0.242994,0.0
2003-06-12,13.582242051437776,13.582242051437776,13.41118107744131,13.532824516296387,463469,0.0,0.0
2003-06-13,13.570826456502031,13.578428941251161,13.357950617496336,13.452984809875488,414455,0.0,0.0
2003-06-16,13.502407292359633,13.719084006224428,13.475797243185022,13.677268981933594,434085,0.0,0.0
2003-06-17,13.677269317363656,13.677269317363656,13.487201752864655,13.506208419799805,434826,0.0,0.0
2003-06-18,13.49100498091174,13.620250867880134,13.42638158985374,13.559429168701172,541249,0.0,0.0
2003-06-19,13.589840574909195,13.597443063831049,13.22491036488845,13.278129577636719,443098,0.0,0.0
2003-06-20,13.361754702672542,13.433980558604361,13.247713830404022,13.289528846740723,895085,0.0,0.0
2003-06-23,13.270526984376085,13.293335346109961,13.027240179608418,13.072856903076172,309020,0.0,0.0
2003-06-24,13.072859469976342,13.198303693848796,13.053851901367487,13.114673614501953,396554,0.0,0.0
2003-06-25,13.122274368384936,13.266726141750928,13.053850173950195,13.053850173950195,464580,0.0,0.0
2003-06-26,13.061447129025687,13.103262145448255,12.867578809462593,13.091858863830566,674339,0.0,0.0
2003-06-27,13.053847141421889,13.065251320369665,12.924601271926223,12.947409629821777,612362,0.0,0.0
2003-06-30,12.92840183045058,13.050045201704654,12.840970993041992,12.840970993041992,710018,0.0,0.0
2003-07-01,12.840970144347391,13.053845134825126,12.658505099525891,13.027235984802246,701129,0.0,0.0
2003-07-02,13.06905905907125,13.126079085047051,12.962620603072278,13.042448997497559,466185,0.0,0.0
2003-07-03,13.042447414026089,13.133679981599647,12.932209068582635,12.970221519470215,326922,0.0,0.0
2003-07-07,13.095664723578556,13.243917288560082,13.050048894025648,13.186897277832031,316305,0.0,0.0
2003-07-08,13.114668715761193,13.281928811977979,13.110867919577387,13.27432632446289,401615,0.0,0.0
2003-07-09,13.293330808715686,13.376959947948826,13.247714100818218,13.31613826751709,898912,0.0,0.0
2003-07-10,13.171688562076378,13.266722787928906,13.038641899089292,13.137476921081543,449641,0.0,0.0
2003-07-11,13.194499514053387,13.319944609428385,13.190698717166281,13.278129577636719,505198,0.0,0.0
2003-07-14,13.388368110562748,13.684874114722414,13.335148900555096,13.570833206176758,833478,0.0,0.0
2003-07-15,13.570832313978313,13.692475703057017,13.529017287089065,13.589838981628418,954840,0.0,0.0
2003-07-16,13.570831470677595,13.677268981933594,13.502407292359633,13.677268981933594,916937,0.0,0.0
2003-07-17,13.589836584877933,13.684870801515435,13.53281659198386,13.673465728759766,753723,0.0,0.0
2003-07-18,13.768507501484414,13.768507501484414,13.627857392373063,13.734295845031738,599398,0.0,0.0
2003-07-21,13.684870316424098,13.779903634545548,13.631651121187677,13.688671112060547,721624,0.0,0.0
2003-07-22,13.692472100739838,13.833122120465399,13.639252908232322,13.795108795166016,645572,0.0,0.0
2003-07-23,13.83692686464145,13.863536916062746,13.700078496451434,13.833126068115234,585077,0.0,0.0
2003-07-24,13.844528178434873,13.969972347999063,13.696274757385254,13.696274757385254,841380,0.0,0.0
2003-07-25,13.696274291565384,13.931958543698345,13.696274291565384,13.928156852722168,806688,0.0,0.0
2003-07-28,13.962371948105263,13.962371948105263,13.760900192346455,13.833126068115234,655326,0.0,0.0
2003-07-29,13.874937557244092,13.897745016027196,13.684870029834254,13.760896682739258,452357,0.0,0.0
2003-07-30,13.7799051925083,13.817918524054686,13.662063506655524,13.741891860961914,595077,0.0,0.0
2003-07-31,13.924351056224834,13.954761887670596,13.684866094269603,13.722879409790039,926444,0.0,0.0
2003-08-01,13.654459577071307,13.684870418125644,13.437781998878895,13.510007858276367,733970,0.0,0.0
2003-08-04,13.460596225154168,13.605047111813224,13.293336973968199,13.567033767700195,669030,0.0,0.0
2003-08-05,13.490999507312146,13.570827843202947,13.30093199827942,13.319938659667969,551002,0.0,0.0
2003-08-06,13.304735687464888,13.5138099033632,13.255318178076102,13.437783241271973,672857,0.0,0.0
2003-08-07,13.475800284570173,13.521417010509149,13.323746918500744,13.51761531829834,704833,0.0,0.0
2003-08-08,13.529016778180985,13.544222648817607,13.437784239803763,13.506208419799805,443345,0.0,0.0
2003-08-11,13.483402093997709,13.574634640071118,13.3655603909999,13.395970344543457,491741,0.0,0.0
2003-08-12,13.399776893155156,13.532824516296387,13.350359358013769,13.532824516296387,367911,0.0,0.0
2003-08-13,13.540418708476967,13.540418708476967,13.38076201662069,13.460590362548828,474333,0.0,0.0
2003-08-14,13.460592206318648,13.658262252807617,13.430181361078231,13.658262252807617,353466,0.0,0.0
2003-08-15,13.658262268760039,13.658262268760039,13.540420578996093,13.608844757080078,226549,0.0,0.0
2003-08-18,13.608844803615632,13.715282314871631,13.605043112262836,13.677268981933594,300995,0.0,0.0
2003-08-19,13.677267036501545,13.677267036501545,13.403569467012508,13.510007858276367,661746,0.0,0.0
2003-08-20,13.487199429538629,13.54041862487793,13.414974465685646,13.54041862487793,518655,0.0,0.0
2003-08-21,13.54042268982061,13.582237720487026,13.430183470403522,13.449190139770508,522730,0.0,0.0
2003-08-22,13.445390626243427,13.498609846182068,13.18309800939413,13.240118026733398,469025,0.0,0.0
2003-08-25,13.26672600344942,13.297136855675358,13.152685083815232,13.28193187713623,349145,0.0,0.0
2003-08-26,13.20590690711999,13.36936538201037,13.103270148693573,13.323749542236328,484704,0.0,0.0
2003-08-27,13.304738736437033,13.323746301463133,13.232513748957947,13.278129577636719,294699,0.0,0.0
2003-08-28,13.262921297111081,13.365558907089357,13.171688761166761,13.342750549316406,333589,0.0,0.0
2003-08-29,13.285728495539603,13.403570175170898,13.24771516600014,13.403570175170898,386924,0.0,0.0
2003-09-02,13.498602589344575,13.544219294810699,13.354150882231561,13.521410942077637,776563,0.0,0.0
2003-09-03,13.525217522380258,13.601244198780158,13.464394928053691,13.559429168701172,485074,0.0,0.0
2003-09-04,13.532818091463978,13.612646448419875,13.498605554848247,13.608844757080078,421863,0.0,0.0
2003-09-05,13.49480021793446,13.639251917758891,13.49480021793446,13.597436904907227,394084,0.0,0.0
2003-09-08,13.53662148133672,13.703881609975932,13.53662148133672,13.700079917907715,416678,0.0,0.0
2003-09-09,13.66206589795912,13.66206589795912,13.510011650011714,13.559429168701172,357417,0.0,0.0
2003-09-10,13.559429088444915,13.559429088444915,13.145081377134145,13.156485557556152,824960,0.0,0.0
2003-09-11,13.229378405007134,13.336809166430289,13.229378405007134,13.290767669677734,550385,0.259193,0.0
2003-09-12,13.290767957153822,13.32146259015304,13.137294792157736,13.275420188903809,626930,0.0,0.0
2003-09-15,13.279263526892528,13.279263526892528,13.14113806596811,13.233222007751465,464457,0.0,0.0
2003-09-16,13.237056514534105,13.371345691389765,13.237056514534105,13.363672256469727,411616,0.0,0.0
2003-09-17,13.363674104279879,13.367510370519788,13.237058344836953,13.252406120300293,331490,0.0,0.0
2003-09-18,13.302284807509434,13.46726865033505,13.294610468028255,13.455757141113281,753600,0.0,0.0
2003-09-19,13.390530730373907,13.436572246833382,13.375183859387809,13.428898811340332,503346,0.0,0.0
2003-09-22,13.390531009485077,13.390531009485077,13.217873738036136,13.302284240722656,519767,0.0,0.0
2003-09-23,13.371346301973219,13.428898421753205,13.344488826776121,13.379019737243652,840886,0.0,0.0
2003-09-24,13.398205348639266,13.398205348639266,13.237057778919219,13.302284240722656,702240,0.0,0.0
2003-09-25,13.321468902917704,13.38669446426206,13.221711524272521,13.225547790527344,912246,0.0,0.0
2003-09-26,13.217872398800488,13.217872398800488,13.121952204103712,13.160320281982422,1070151,0.0,0.0
2003-09-29,13.141134125481456,13.221707437443607,13.102766053785373,13.194849967956543,772613,0.0,0.0
2003-09-30,13.191022509449512,13.26775870932807,13.091264184705114,13.141143798828125,754094,0.0,0.0
2003-10-01,13.1603239516378,13.528658866882324,13.141139907349121,13.528658866882324,716809,0.0,0.0
2003-10-02,13.551673734670645,13.551673734670645,13.405874885659506,13.5133056640625,415813,0.0,0.0
2003-10-03,13.513311213085787,13.693641941794723,13.47877939325796,13.520984649658203,568163,0.0,0.0
2003-10-06,13.544007539497114,13.712827682495117,13.528659760951069,13.712827682495117,331984,0.0,0.0
2003-10-07,13.678295458570725,13.866299629211426,13.643763637758518,13.866299629211426,819157,0.0,0.0
2003-10-08,13.850951437919866,13.862462043762207,13.774214366804665,13.862462043762207,486309,0.0,0.0
2003-10-09,13.862461840816584,13.996751035676265,13.858624671091565,13.916176795959473,613596,0.0,0.0
2003-10-10,13.908497443180668,13.981397312435003,13.839434742018975,13.904661178588867,328033,0.0,0.0
2003-10-13,13.981404373902569,14.004425587083874,13.946872554130612,14.000588417053223,318403,0.0,0.0
2003-10-14,14.000589037943852,14.061978340148926,13.94687317263908,14.061978340148926,457543,0.0,0.0
2003-10-15,14.042795751982975,14.061979797973228,13.931527743138645,13.946874618530273,434579,0.0,0.0
2003-10-16,13.95070616752315,14.042790093270895,13.927685863712018,14.01209545135498,597176,0.0,0.0
2003-10-17,14.004423507294767,14.02360754759641,13.935359878007452,14.008259773254395,718414,0.0,0.0
2003-10-20,14.004426740555612,14.012100177747634,13.804911049053402,13.900832176208496,632115,0.0,0.0
2003-10-21,13.870131169273467,13.873967434361187,13.774210086065066,13.839436531066895,496309,0.0,0.0
2003-10-22,13.781886710576439,13.7933973147519,13.643760363972008,13.70514965057373,392479,0.0,0.0
2003-10-23,13.678296131490018,13.804911007027753,13.632253701475298,13.78956413269043,393097,0.0,0.0
2003-10-24,13.789553680451455,13.789553680451455,13.624569937122436,13.716653823852539,448036,0.0,0.0
2003-10-27,13.716661095767794,14.046628757358848,13.716661095767794,14.008259773254395,621127,0.0,0.0
2003-10-28,14.008260957707844,14.142550154675186,13.939198226082171,14.111855506896973,473346,0.0,0.0
2003-10-29,14.111852811706436,14.111852811706436,13.954543336575542,14.01209545135498,744711,0.0,0.0
2003-10-30,14.081160859118757,14.157897930314917,14.008260957707844,14.111855506896973,503100,0.0,0.0
2003-10-31,14.111856218006782,14.138714600854417,14.031282876466458,14.100345611572266,530631,0.0,0.0
2003-11-03,14.100344636620811,14.284512519836426,14.081160595056838,14.284512519836426,515322,0.0,0.0
2003-11-04,14.215449688794752,14.32671767117824,14.18091877562473,14.311369895935059,439888,0.0,0.0
2003-11-05,14.311365637677456,14.311365637677456,14.123361545521169,14.288345336914062,593843,0.0,0.0
2003-11-06,14.292183131928747,14.395776748657227,14.203935479547571,14.395776748657227,359269,0.0,0.0
2003-11-07,14.395779532969007,14.541579323232163,14.368922057289444,14.468679428100586,581003,0.0,0.0
2003-11-10,14.4648393222299,14.507044563659369,14.418797815625647,14.449492454528809,558903,0.0,0.0
2003-11-11,14.36892693618943,14.418805638531076,14.169411223321381,14.349742889404297,338404,0.0,0.0
2003-11-12,14.388102170527118,14.526228487682324,14.33438633032782,14.522391319274902,366429,0.0,0.0
2003-11-13,14.503212928771973,14.51472263147188,14.388107770261463,14.503212928771973,331120,0.0,0.0
2003-11-14,14.499376524100326,14.533907441025015,14.376597922809607,14.464844703674316,355194,0.0,0.0
2003-11-17,14.445661745448817,14.445661745448817,14.246146955112707,14.345904350280762,313588,0.0,0.0
2003-11-18,14.345902752275524,14.345902752275524,14.12336677138103,14.127203941345215,446555,0.0,0.0
2003-11-19,14.16557406365462,14.203942154807756,14.10802192692492,14.119531631469727,525199,0.0,0.0
2003-11-20,14.054299588319,14.161730374799989,13.946867898337011,13.973726272583008,593102,0.0,0.0
2003-11-21,13.969889103833294,14.042788985570859,13.943031633088298,13.973726272583008,503100,0.0,0.0
2003-11-24,14.02360837004346,14.17708160495856,14.02360837004346,14.10801887512207,364454,0.0,0.0
2003-11-25,14.081162707192611,14.16557322553642,14.042794618309557,14.138715744018555,640881,0.0,0.0
2003-11-26,14.196267265857978,14.234635353088379,14.081162100665454,14.234635353088379,355194,0.0,0.0
2003-11-28,14.234630951055813,14.253814988738386,14.203936310063487,14.2384672164917,118398,0.0,0.0
2003-12-01,14.20777649440932,14.322880744934082,14.20777649440932,14.322880744934082,454209,0.0,0.0
2003-12-02,14.273008158782696,14.28835594084942,14.177087908996755,14.215456008911133,749896,0.0,0.0
2003-12-03,14.157893639482399,14.330549964469007,14.127199001006808,14.272997856140137,700389,0.0,0.0
2003-12-04,14.223126200384323,14.234636808430547,14.0504688866938,14.119531631469727,490877,0.0,0.0
2003-12-05,13.812580097717523,14.065810656044757,13.812580097717523,13.950705528259277,796934,0.0,0.0
2003-12-08,14.04279409570685,14.326719388477349,14.004426008251665,14.299861907958984,913481,0.0,0.0
2003-12-09,14.361251938058095,14.361251938058095,14.10034694242013,14.150225639343262,506556,0.0,0.0
2003-12-10,14.138714792639751,14.150224495729102,13.92768941448126,14.000588417053223,417542,0.0,0.0
2003-12-11,14.058142476366246,14.249984741210938,14.058142476366246,14.249984741210938,418653,0.0,0.0
2003-12-12,14.234635353088379,14.253819396703578,14.177083222242779,14.234635353088379,412727,0.0,0.0
2003-12-15,14.234626199212862,14.292179196549121,13.981395721435547,13.981395721435547,666561,0.0,0.0
2003-12-16,14.004421414039056,14.138710579579378,14.000584245151806,14.088831901550293,597793,0.0,0.0
2003-12-17,14.108188493388788,14.119801204131234,13.883697048918428,14.011425018310547,605201,0.259193,0.0
2003-12-18,14.030775703363071,14.170116363536547,13.980458521241676,14.166245460510254,406307,0.0,0.0
2003-12-19,14.23591697121766,14.23591697121766,14.030777316126073,14.143023490905762,589028,0.0,0.0
2003-12-22,14.41396454366671,14.41396454366671,14.208824867122882,14.270753860473633,477543,0.0,0.0
2003-12-23,14.321071950534302,14.32881284732687,14.162378553342815,14.266883850097656,369022,0.0,0.0
2003-12-24,14.22043414139828,14.224304133142615,14.127540667872381,14.135281562805176,165189,0.0,0.0
2003-12-26,14.166250169144462,14.220438272303408,14.15463836765009,14.162379264831543,107534,0.0,0.0
2003-12-29,14.185597109202806,14.340419547203913,14.185597109202806,14.321066856384277,462111,0.0,0.0
2003-12-30,14.263011198138791,14.375257370758321,14.255269391345314,14.367515563964844,511001,0.0,0.0
2003-12-31,14.3675178249786,14.417835931278066,14.32881243069684,14.398482322692871,493223,0.0,0.0
2004-01-02,14.398471222931802,14.475882863263113,14.150755432181386,14.189461708068848,975581,0.0,0.0
2004-01-05,14.266875262974931,14.355897801118314,14.146888244854225,14.344286918640137,1033854,0.0,0.0
2004-01-06,14.363642229321066,14.363642229321066,14.170115321124703,14.321066856384277,788662,0.0,0.0
2004-01-07,14.321074333087061,14.332686135929901,14.243662617949626,14.30559253692627,1008792,0.0,0.0
2004-01-08,14.32106724453356,14.363642618624286,14.251397373405778,14.274620056152344,567916,0.0,0.0
2004-01-09,14.274620338455577,14.398478294662919,14.24365584940374,14.297843933105469,727426,0.0,0.0
2004-01-12,14.282364667938106,18.063900257590966,14.12754219532242,14.185600280761719,669400,0.0,0.0
2004-01-13,14.16624799008718,14.220436084910894,13.922402019102593,14.054001808166504,597917,0.0,0.0
2004-01-14,14.011424543951108,14.127541621558045,14.007553640501344,14.050130844116211,348157,0.0,0.0
2004-01-15,14.321067597213995,14.367513875294987,14.069480780656088,14.220433235168457,883109,0.0,0.0
2004-01-16,14.22043010657525,14.309452651653945,14.07334858736361,14.20107650756836,532977,0.0,0.0
2004-01-20,14.13140975906012,14.22430322666617,14.065610789158375,14.220433235168457,485815,0.0,0.0
2004-01-21,14.189467348211888,14.630711048014241,14.166243755737035,14.588134765625,1096078,0.0,0.0
2004-01-22,14.611359596252441,14.684899459581219,14.553300610145444,14.611359596252441,785823,0.0,0.0
2004-01-23,15.07582551290495,16.221510647895965,15.07582551290495,15.385470390319824,6422266,0.0,0.0
2004-01-26,15.36999017288416,15.420307356675663,15.056474360670814,15.191944122314453,2136105,0.0,0.0
2004-01-27,15.188071989132702,15.191942891973985,14.928745196311688,15.087437629699707,1158796,0.0,0.0
2004-01-28,15.15711082914344,15.16098173283475,14.770055094893445,14.793278694152832,1153363,0.0,0.0
2004-01-29,14.870685736840084,14.874556639557964,14.336548556861032,14.475889205932617,1654241,0.0,0.0
2004-01-30,14.475894404806436,14.557176099521369,14.379130005103528,14.514599800109863,1226945,0.0,0.0
2004-02-02,14.549438513788388,14.580403932751004,14.321076068357074,14.379134178161621,773353,0.0,0.0
2004-02-03,14.379122334293125,14.379122334293125,14.201076334857234,14.263006210327148,1481026,0.0,0.0
2004-02-04,14.204950844996853,14.243656229483452,14.092704683119264,14.166245460510254,846442,0.0,0.0
2004-02-05,14.12754219532242,14.197212080138424,14.081094997815603,14.185600280761719,553965,0.0,0.0
2004-02-06,14.23591734826079,14.475892406616731,14.21656465328044,14.340422630310059,1040644,0.0,0.0
2004-02-09,14.37912531856604,14.433313401196111,14.204950185024561,14.274620056152344,563595,0.0,0.0
2004-02-10,14.204949014400794,14.348159647700882,14.193337218262414,14.3365478515625,787675,0.0,0.0
2004-02-11,14.321071016178518,14.502987091878875,14.208824829954438,14.437187194824219,1163857,0.0,0.0
2004-02-12,14.417827672516754,14.456532133183668,14.293968841163666,14.344286918640137,505322,0.0,0.0
2004-02-13,14.328804078414027,14.39847392979939,13.980453910043428,14.332674980163574,498408,0.0,0.0
2004-02-17,14.398479476183045,14.417833080942126,14.29784510636767,14.317197799682617,514334,0.0,0.0
2004-02-18,14.321077138613392,14.332688943731007,14.26301902446999,14.301724433898926,439024,0.0,0.0
2004-02-19,14.301712479311995,14.32106516784984,14.24365350225455,14.259136199951172,552237,0.0,0.0
2004-02-20,14.259138930144543,14.270750727779339,14.081092885484468,14.166245460510254,781255,0.0,0.0
2004-02-23,14.17785725814505,14.208821748023146,14.112057375362564,14.166245460510254,465197,0.0,0.0
2004-02-24,14.166245239548863,14.251397813246461,14.069480868397585,14.146892547607422,543347,0.0,0.0
2004-02-25,14.108185668854652,14.16237375091625,14.07722209218406,14.096574783325195,431369,0.0,0.0
2004-02-26,14.09657194209643,14.139148218603097,14.073348352830275,14.100441932678223,344206,0.0,0.0
2004-02-27,14.100449751095425,14.371389345580885,14.030779856110247,14.282366752624512,815947,0.0,0.0
2004-03-01,14.301719450595707,14.3404248465381,14.243660445237763,14.282366752624512,512729,0.0,0.0
2004-03-02,14.28236885879923,14.313332450963763,14.216568946838379,14.216568946838379,456679,0.0,0.0
2004-03-03,14.216563179976193,14.386867425020684,14.170116899125558,14.375256538391113,1077189,0.0,0.0
2004-03-04,14.321061966074575,14.413955397154293,14.309450173259147,14.390731811523438,360874,0.0,0.0
2004-03-05,14.379126629529928,14.646195252738796,14.336550340113424,14.63071346282959,489025,0.0,0.0
2004-03-08,14.669414170125558,14.73134313289792,14.611356109317908,14.642319679260254,643844,0.0,0.0
2004-03-09,14.63071346282959,14.72747692837244,14.499113691380714,14.63071346282959,859035,0.0,0.0
2004-03-10,14.592000456474306,14.642317617712022,14.386860910103726,14.390731811523438,611497,0.0,0.0
2004-03-11,14.37138481436848,14.410090198107294,14.050129035603431,14.061739921569824,657425,0.0,0.0
2004-03-12,14.088837950023835,14.282366752624512,14.08496795729621,14.282366752624512,524458,0.0,0.0
2004-03-15,14.379128143670274,14.379128143670274,14.015295105162354,14.185600280761719,757674,0.0,0.0
2004-03-16,14.182461146118616,14.327299943991905,14.174631324326183,14.249008178710938,683228,0.333711,0.0
2004-03-17,14.288158807435387,14.350791869722052,14.229439735412598,14.229439735412598,592855,0.0,0.0
2004-03-18,14.288157502835936,14.436910320829837,14.233353347887455,14.327302932739258,574953,0.0,0.0
2004-03-19,14.249018027713943,14.280335492918097,14.115923870533853,14.155068397521973,518655,0.0,0.0
2004-03-22,14.092424416257586,14.143313641382568,13.931926920243372,14.04936408996582,488408,0.0,0.0
2004-03-23,14.076775578413184,14.1746391870419,13.994569778442383,13.994569778442383,446925,0.0,0.0
2004-03-24,13.974991336605271,14.108086342947155,13.877126846226822,13.912358283996582,560508,0.0,0.0
2004-03-25,14.029801038695588,14.170725001915683,13.912363788141048,14.123749732971191,416307,0.0,0.0
2004-03-26,14.139407863325127,14.17072440069055,14.065030971856418,14.06894588470459,324453,0.0,0.0
2004-03-29,14.100259988583158,14.362535137173117,14.080686349527056,14.295988082885742,461864,0.0,0.0
2004-03-30,14.20203795306124,14.362534597196571,14.158977608008406,14.319475173950195,453098,0.0,0.0
2004-03-31,14.327304614846417,14.382108776229218,14.158978140331985,14.295988082885742,550879,0.0,0.0
2004-04-01,14.335132140626786,14.499543687178477,14.288157808100477,14.436910629272461,893480,0.0,0.0
2004-04-02,14.566092781781219,14.566092781781219,14.229439839085984,14.307731628417969,734340,0.0,0.0
2004-04-05,14.280329415366223,14.28424340549587,13.947591398605171,14.045454978942871,735945,0.0,0.0
2004-04-06,13.90844735564057,14.202039989048824,13.90844735564057,14.190296173095703,477420,0.0,0.0
2004-04-07,14.15114984130341,14.15114984130341,13.994567174822198,14.06502914428711,335317,0.0,0.0
2004-04-08,14.104173127145492,14.143319481087008,13.978907928674523,14.045454978942871,398035,0.0,0.0
2004-04-12,14.080689484382717,14.115921858166365,13.916277885437012,13.916277885437012,323589,0.0,0.0
2004-04-13,13.924100262245855,13.928015173195524,13.583533429229256,13.700969696044922,805453,0.0,0.0
2004-04-14,13.630512630934302,13.72446223110187,13.37215146092512,13.532649040222168,690018,0.0,0.0
2004-04-15,13.54830822302166,13.634428929046607,13.176424696905393,13.391725540161133,1122004,0.0,0.0
2004-04-16,13.622684920901255,13.837985761127177,13.544393119669436,13.685317993164062,1218921,0.0,0.0
2004-04-19,13.665741728171467,13.665741728171467,13.505244176456458,13.509159088134766,595571,0.0,0.0
2004-04-20,13.509161005544767,13.724461820476357,13.426955223083496,13.426955223083496,623596,0.0,0.0
2004-04-21,13.485671767553328,13.783178329467773,13.446526337107867,13.783178329467773,1706341,0.0,0.0
2004-04-22,13.783185517773527,14.014145152743698,13.716638435671413,13.963255882263184,692487,0.0,0.0
2004-04-23,13.884962352416883,14.014142500168125,13.806670543707208,13.994569778442383,622856,0.0,0.0
2004-04-26,14.014141840586289,14.033714561390832,13.837986431538733,13.900619506835938,776193,0.0,0.0
2004-04-27,13.939765088223092,14.115921420843678,13.896704733298654,13.935851097106934,423344,0.0,0.0
2004-04-28,13.904529908675128,13.939760425970814,13.638338964118963,13.642253875732422,341984,0.0,0.0
2004-04-29,13.661829244385716,13.78709537867657,13.45827223706635,13.52873420715332,689524,0.0,0.0
2004-04-30,13.59919479526229,13.614853521360645,13.466099771555283,13.587450981140137,582237,0.0,0.0
2004-05-03,13.587449681466337,13.66965637245814,13.51307281367799,13.603108406066895,555323,0.0,0.0
2004-05-04,13.583538913074257,13.779267025257798,13.513076018370658,13.7088041305542,525693,0.0,0.0
2004-05-05,13.783181369283277,13.928021153126721,13.614855796883113,13.654001235961914,619152,0.0,0.0
2004-05-06,13.661829789225044,13.779267025257798,13.62268435114965,13.7088041305542,478161,0.0,0.0
2004-05-07,13.685310657047854,13.689225567643142,13.434778502296313,13.505240440368652,724463,0.0,0.0
2004-05-10,13.505247891192234,13.516991707651023,13.219485070652693,13.30951976776123,733352,0.0,0.0
2004-05-11,13.348668847200932,13.544397023991362,13.329096121702577,13.438704490661621,707426,0.0,0.0
2004-05-12,13.505243992975686,13.69705807009207,13.289943211527666,13.68139934539795,595941,0.0,0.0
2004-05-13,13.622690535892382,13.904539477247319,13.61486162908427,13.689238548278809,529273,0.0,0.0
2004-05-14,13.661829789225044,13.81841246333319,13.524819834154592,13.7088041305542,331860,0.0,0.0
2004-05-17,13.591364862121784,13.732288777284738,13.481757474973527,13.67357063293457,556928,0.0,0.0
2004-05-18,13.740122092808372,13.888874947330171,13.740122092808372,13.81058406829834,733723,0.0,0.0
2004-05-19,13.959337809223898,14.080689048151559,13.865388195336031,13.935851097106934,655696,0.0,0.0
2004-05-20,13.935846103205805,13.998479156686535,13.888870852192085,13.986735343933105,491494,0.0,0.0
2004-05-21,14.045451153222634,14.198118850049461,13.994561920947026,14.170717239379883,647424,0.0,0.0
2004-05-24,14.209871016546062,14.28033299642012,14.139408114865338,14.260759353637695,588410,0.0,0.0
2004-05-25,14.260759277748406,14.386025428771973,14.112006414762918,14.386025428771973,607300,0.0,0.0
2004-05-26,14.393853208747698,14.656128368594931,14.358621763102317,14.515204429626465,958173,0.0,0.0
2004-05-27,14.62089269103675,14.781390223446587,14.562174553763189,14.738329887390137,1209538,0.0,0.0
2004-05-28,14.816625931818173,15.0554143827896,14.710932516800133,14.883172988891602,3569846,0.0,0.0
2004-06-01,14.883170273387297,14.94580332850314,14.699186019661889,14.753990173339844,1189537,0.0,0.0
2004-06-02,14.906666688630548,14.934069242529532,14.742255052464262,14.828374862670898,1027558,0.0,0.0
2004-06-03,14.855767083743524,14.855767083743524,14.66786793830061,14.738329887390137,728537,0.0,0.0
2004-06-04,14.80487995295314,14.871427000301036,14.769648512493855,14.812708854675293,515939,0.0,0.0
2004-06-07,14.855766918223532,14.953631401062012,14.808791671483059,14.953631401062012,510631,0.0,0.0
2004-06-08,14.934065813496398,14.984955073872303,14.847945101257162,14.973210334777832,647054,0.0,0.0
2004-06-09,14.973203358290647,14.973203358290647,14.738329887390137,14.738329887390137,1173487,0.0,0.0
2004-06-10,14.797059480477973,14.871435471916818,14.765742933943276,14.859692573547363,389146,0.0,0.0
2004-06-14,14.863599259334423,14.871428161667966,14.601323195805778,14.640469551086426,461123,0.0,0.0
2004-06-15,14.760405336387983,14.799987871686652,14.613949210103344,14.693114280700684,543101,0.334521,0.0
2004-06-16,14.724786072381738,14.736661023888875,14.56645493911959,14.625829696655273,405813,0.0,0.0
2004-06-17,14.566448150506748,14.6020729884254,14.447700554976652,14.451658248901367,509273,0.0,0.0
2004-06-18,14.352701659693048,14.530823981865831,14.34082671393495,14.43582534790039,685944,0.0,0.0
2004-06-21,14.526869874563754,14.538744824015613,14.416038566512489,14.41999626159668,542607,0.0,0.0
2004-06-22,14.439780960639144,14.768317018958937,14.368532233057692,14.701026916503906,1097312,0.0,0.0
2004-06-23,14.748532379388003,14.764365022803979,14.641658773981652,14.697074890136719,573101,0.0,0.0
2004-06-24,14.697073472228174,14.744573262092684,14.590199877132513,14.669365882873535,623473,0.0,0.0
2004-06-25,14.669363274235767,14.701029484481108,14.408116340637207,14.408116340637207,746069,0.0,0.0
2004-06-28,14.586237703836696,14.784150327169165,14.586237703836696,14.68519401550293,982495,0.0,0.0
2004-06-29,14.689158908435743,14.689158908435743,14.546661376953125,14.546661376953125,590262,0.0,0.0
2004-06-30,14.546661004381198,14.645618294114922,14.467495918273926,14.467495918273926,2180797,0.0,0.0
2004-07-01,14.597135734303519,14.934330355246574,14.53360566454905,14.768176078796387,1788600,0.0,1.2346
2004-07-02,14.904997865392755,15.017395986247632,14.807259801632444,14.929431915283203,1190000,0.0,0.0
2004-07-06,14.88056492254828,15.002737045288086,14.768165861232168,15.002737045288086,1045200,0.0,0.0
2004-07-07,15.002739234530148,15.14445843289674,14.94409619693398,15.061381340026855,1224000,0.0,0.0
2004-07-08,15.06138049869621,15.06138049869621,14.870792268329001,14.909887313842773,1027700,0.0,0.0
2004-07-09,14.885449441511993,14.885449441511993,14.636219157250153,14.797486305236816,927200,0.0,0.0
2004-07-12,14.70952275699601,14.777938842773438,14.577576649768746,14.777938842773438,770900,0.0,0.0
2004-07-13,14.777945117938703,14.831701169361288,14.694868007603645,14.758398056030273,714200,0.0,0.0
2004-07-14,14.709521669568021,14.709521669568021,14.548254527800863,14.616670608520508,789600,0.0,0.0
2004-07-15,14.577582839854092,14.777945117938703,14.52871378693353,14.758398056030273,1376600,0.0,0.0
2004-07-16,14.611796647152584,14.78283793363113,14.592249577552192,14.670439720153809,1386100,0.0,0.0
2004-07-19,14.611796647152584,14.758403863605634,14.611796647152584,14.670439720153809,970800,0.0,0.0
2004-07-20,14.66065812725891,14.763282286741944,14.567807031465067,14.694866180419922,1538000,0.0,0.0
2004-07-21,14.758394421194263,14.812149527277876,14.538484203263117,14.543371200561523,892800,0.0,0.0
2004-07-22,14.41631172728692,14.528709866202588,14.367442687554203,14.460293769836426,1064400,0.0,0.0
2004-07-23,14.44075041023698,14.562922582682639,14.41631634858773,14.499393463134766,854800,0.0,0.0
2004-07-26,14.435860120617036,14.514050213541074,14.421199128656491,14.479841232299805,917100,0.0,0.0
2004-07-27,14.445634343219732,14.621562532476512,14.42120028675607,14.602014541625977,1100900,0.0,0.0
2004-07-28,14.611785420807717,14.67042844875306,14.430971204499912,14.567803382873535,1535100,0.0,0.0
2004-07-29,14.57917883512535,14.692846782862992,14.53469990903154,14.613773345947266,966300,0.333,0.0
2004-07-30,14.618703795256073,14.776850541884647,14.579167108598929,14.673067092895508,958300,0.0,0.0
2004-08-02,14.687897881408016,14.766971282287065,14.58411439624025,14.737318992614746,890200,0.0,0.0
2004-08-03,14.771909085799866,14.850982463115894,14.71754672803823,14.801562309265137,1154100,0.0,0.0
2004-08-04,14.811442657886895,15.009127002209944,14.752138108693032,14.895458221435547,1312200,0.0,0.0
2004-08-05,14.841104192095427,14.920177597086006,14.811450958251953,14.811450958251953,890100,0.0,0.0
2004-08-06,14.8163961805784,14.925122841549697,14.450681372378433,14.82628059387207,1008500,0.0,0.0
2004-08-09,14.84603901401027,14.905343566943221,14.806501388549805,14.806501388549805,770400,0.0,0.0
2004-08-10,14.811456165600715,15.033850784468612,14.811456165600715,15.014081954956055,966600,0.0,0.0
2004-08-11,15.043735051556116,15.162345199578162,14.92018269620444,15.157402992248535,647200,0.0,0.0
2004-08-12,15.0733819939292,15.187049894209759,15.053613171639018,15.098092079162598,783500,0.0,0.0
2004-08-13,15.17222892668926,15.201881226693626,15.083271084046542,15.152460098266602,652400,0.0,0.0
2004-08-16,15.216700471443433,15.369905046931892,15.132684876634439,15.360020637512207,1034100,0.0,0.0
2004-08-17,15.364964643897547,15.414385754161863,15.271064628658277,15.379791259765625,1155500,0.0,0.0
2004-08-18,15.30566191538982,15.597245482253017,15.30566191538982,15.592303276062012,862400,0.0,0.0
2004-08-19,15.46874301407951,15.636774167859942,15.424264123806516,15.528048515319824,782700,0.0,0.0
2004-08-20,15.557708545685431,15.651608576669453,15.45392504509475,15.631839752197266,554400,0.0,0.0
2004-08-23,15.404505527422428,15.646667996596312,15.399563320790774,15.478636741638184,981400,0.0,0.0
2004-08-24,15.488518065504648,15.65654928694665,15.40944466042951,15.518170356750488,557300,0.0,0.0
2004-08-25,15.49346175140969,15.64172416443336,15.47863513305555,15.631839752197266,558900,0.0,0.0
2004-08-26,15.636774804692505,15.676311492919922,15.54781702052357,15.676311492919922,655600,0.0,0.0
2004-08-27,15.626899065909889,15.656551361083984,15.493462323682254,15.656551361083984,418100,0.0,0.0
2004-08-30,15.567593228918517,15.814697883345795,15.567593228918517,15.75045108795166,803900,0.0,0.0
2004-08-31,15.755384095847976,15.997546417180315,15.745500631248113,15.95801067352295,1177200,0.0,0.0
2004-09-01,15.943192666292779,16.116167068481445,15.943192666292779,16.116167068481445,1208500,0.0,0.0
2004-09-02,16.11616660311613,16.195240020751953,16.066744538806876,16.195240020751953,732700,0.0,0.0
2004-09-03,16.210063009840557,16.24465750649189,16.07168502323523,16.121105194091797,847800,0.0,0.0
2004-09-07,16.160643693077454,16.392920770689624,16.101339107863577,16.38797950744629,908100,0.0,0.0
2004-09-08,16.308900509008488,16.328669325723784,16.175463824067442,16.279247283935547,817200,0.0,0.0
2004-09-09,16.30396323768105,16.358324669065304,16.16558337206511,16.294078826904297,815700,0.0,0.0
2004-09-10,16.294079121142886,16.363268112570978,16.244657066366663,16.32373046875,986600,0.0,0.0
2004-09-13,16.32373621649209,16.516477584838867,16.195242599347335,16.516477584838867,822800,0.0,0.0
2004-09-14,16.516470953594254,16.526355364061374,16.378092977571622,16.427515029907227,590500,0.0,0.0
2004-09-15,16.457165144555685,16.501644045700097,16.38303489948726,16.43245506286621,943700,0.0,0.0
2004-09-16,16.42256742055541,16.546119689941406,16.41268301277357,16.546119689941406,539400,0.0,0.0
2004-09-17,16.556007740158456,16.600486642333397,16.343497639240223,16.407745361328125,1224700,0.0,0.0
2004-09-20,16.407749852631408,16.471997592305883,16.215008518866934,16.412691116333008,777900,0.0,0.0
2004-09-21,16.417640783899973,16.417640783899973,16.215014957020987,16.363277435302734,656300,0.0,0.0
2004-09-22,16.40774701924027,16.40774701924027,16.259484625428843,16.32373046875,846400,0.0,0.0
2004-09-23,16.323731547657562,16.37315360570031,16.02226359200243,16.18041229248047,736900,0.0,0.0
2004-09-24,16.135928030146726,16.18040692500097,16.022258276985124,16.15569496154785,557800,0.0,0.0
2004-09-27,16.10627869559063,16.135931927742163,15.898709841047035,16.101337432861328,1885100,0.0,0.0
2004-09-28,16.101337432861328,16.18041083334018,15.92836307319857,16.101337432861328,708400,0.0,0.0
2004-09-29,16.10628037110691,16.38797950744629,15.967902377188274,16.38797950744629,1317100,0.0,0.0
2004-09-30,16.397862778108514,16.407747189166127,16.205121475631685,16.338558197021484,1818700,0.0,0.0
2004-10-01,16.36326650988782,16.68944449842924,16.31878760757497,16.654850006103516,1510100,0.0,0.0
2004-10-04,16.684507307693917,16.704276134726253,16.54612928898577,16.615318298339844,849400,0.0,0.0
2004-10-05,16.615311197622045,16.68450017740752,16.575775445712477,16.605426788330078,671600,0.0,0.0
2004-10-06,16.66968049487871,16.674623643929728,16.486823570429532,16.56589698791504,663800,0.0,0.0
2004-10-07,16.565894472320124,16.59554770634635,16.383037575638472,16.506589889526367,642600,0.0,0.0
2004-10-08,16.511536036027273,16.605435143660586,16.42257819289708,16.486825942993164,941800,0.0,0.0
2004-10-11,16.49176172399157,16.699330584031866,16.49176172399157,16.694387435913086,379300,0.0,0.0
2004-10-12,16.575784118856642,16.778409902218534,16.5313051963987,16.70922088623047,787700,0.0,0.0
2004-10-13,16.694386206327046,16.743808257581634,16.481876099078534,16.575777053833008,1168000,0.0,0.0
2004-10-14,16.58072527972258,16.67956753848397,16.284200388697688,16.447288513183594,1229000,0.0,0.0
2004-10-15,16.447284411445345,17.154003840242652,16.274311915694458,16.911842346191406,1854500,0.0,0.0
2004-10-18,16.7932303717642,16.86241936628877,16.649909234386907,16.82288360595703,964200,0.0,0.0
2004-10-19,16.817936587254938,16.941488873403465,16.77840083602171,16.877243041992188,1108500,0.0,0.0
2004-10-20,16.82782933597059,17.005745017837853,16.753699058698704,16.95138168334961,1187000,0.0,0.0
2004-10-21,16.916785725987918,17.134237160031336,16.872306809335964,16.995859146118164,1024000,0.0,0.0
2004-10-22,17.000802389838697,17.099642751606655,16.778407805342674,16.817943572998047,1153900,0.0,0.0
2004-10-25,16.748746344186838,16.808050909188545,16.605425250612754,16.758630752563477,854000,0.0,0.0
2004-10-26,16.704274368078767,17.025511174973303,16.679564279531245,17.00080108642578,800800,0.0,0.0
2004-10-27,16.90196213517902,17.21331459017501,16.837714384249214,17.20343017578125,683600,0.0,0.0
2004-10-28,17.254824316768104,17.439447400313753,17.15003649319041,17.424476623535156,947200,0.333,0.0
2004-10-29,17.37457217211714,17.53424643522764,17.344632533983663,17.504308700561523,786600,0.0,0.0
2004-11-01,17.464396156987256,17.514293670334254,17.36459922682513,17.424476623535156,666000,0.0,0.0
2004-11-02,17.35960897242402,17.544232042521937,17.339649207151815,17.444435119628906,1073200,0.0,0.0
2004-11-03,17.544225046619726,17.58913354884056,17.459398933239942,17.52426528930664,938700,0.0,0.0
2004-11-04,17.57915255191584,17.833634682801193,17.529255065274487,17.813674926757812,1380900,0.0,0.0
2004-11-05,17.833631427829893,17.88352890536402,17.639026697126585,17.71387481689453,855600,0.0,0.0
2004-11-08,17.713886894875316,17.75879541666302,17.609100978526698,17.64402961730957,562600,0.0,0.0
2004-11-09,17.74382461907192,17.74382461907192,17.56419055140749,17.599119186401367,745700,0.0,0.0
2004-11-10,17.599116659701156,17.708893441617207,17.509299638763945,17.65400505065918,1394500,0.0,0.0
2004-11-11,17.653999991515985,17.808683336105144,17.653999991515985,17.70389747619629,930600,0.0,0.0
2004-11-12,17.73882544597059,17.748805323234254,17.614079835375204,17.683937072753906,865700,0.0,0.0
2004-11-15,17.768769602308776,17.948403631861922,17.63903306831264,17.823657989501953,1220800,0.0,0.0
2004-11-16,17.828659065842263,17.908496254945085,17.738841990167998,17.79871940612793,996900,0.0,0.0
2004-11-17,17.78373460115156,17.858582731670133,17.634040243581445,17.7188663482666,845300,0.0,0.0
2004-11-18,17.713881825230693,17.798707951292748,17.663984327955077,17.753801345825195,892800,0.0,0.0
2004-11-19,17.688931659973655,17.703900527264054,17.364592243254354,17.384552001953125,1213400,0.0,0.0
2004-11-22,17.359600145933182,17.494325637817383,17.344629377856926,17.494325637817383,618500,0.0,0.0
2004-11-23,17.389544162350244,17.44942344937062,17.28475826526614,17.349626541137695,931400,0.0,0.0
2004-11-24,17.34962026837135,17.549212109206934,17.339640390809517,17.494325637817383,487000,0.0,0.0
2004-11-26,17.504308700561523,17.589134820072005,17.504308700561523,17.504308700561523,178000,0.0,0.0
2004-11-29,17.509297679888395,17.58414582345153,17.35960329622949,17.489337921142578,511500,0.0,0.0
2004-11-30,17.464387257058362,17.50929575757234,17.374570256030403,17.45939826965332,722300,0.0,0.0
2004-12-01,17.539242460024173,17.858591079711914,17.469383283933052,17.858591079711914,659400,0.0,0.0
2004-12-02,17.803698843100815,17.853596340376434,17.668973316295634,17.753801345825195,484400,0.0,0.0
2004-12-03,17.713883718488038,17.74881235100764,17.549218533637593,17.708894729614258,574700,0.0,0.0
2004-12-06,17.713881166533323,17.713881166533323,17.624064152003083,17.688932418823242,655600,0.0,0.0
2004-12-07,17.634038729100396,17.678947222861215,17.33465003967285,17.33465003967285,717800,0.0,0.0
2004-12-08,17.36459922682513,17.514293670334254,17.354619343462108,17.424476623535156,799400,0.0,0.0
2004-12-09,17.494328766514776,17.494328766514776,17.15502048259845,17.369583129882812,1324800,0.0,0.0
2004-12-10,17.683938845353897,17.683938845353897,17.219884975145938,17.41448974609375,888800,0.0,0.0
2004-12-13,17.464392371211492,17.58913803100586,17.39453510628148,17.58913803100586,500200,0.0,0.0
2004-12-14,17.574169787091737,17.658995925109682,17.489341745606012,17.549219131469727,596300,0.0,0.0
2004-12-15,17.474368482060846,17.654002497960903,17.45939961522494,17.634042739868164,642800,0.0,0.0
2004-12-16,17.564186064705712,17.629054328895936,17.41948066899958,17.489337921142578,617100,0.0,0.0
2004-12-17,17.214895468548193,17.654000581586295,17.214895468548193,17.61907196044922,2260300,0.0,0.0
2004-12-20,17.61907516384804,17.693921406978284,17.514287377917803,17.688932418823242,899200,0.0,0.0
2004-12-21,17.66398048400879,17.738826713634555,17.61907198484649,17.66398048400879,774400,0.0,0.0
2004-12-22,17.663981120597548,17.793715732037953,17.644021363924516,17.668970108032227,845700,0.0,0.0
2004-12-23,17.66398367111316,17.763778661953484,17.66398367111316,17.688932418823242,402700,0.0,0.0
2004-12-27,17.70888957548443,17.773755929302943,17.57416407349134,17.579153060913086,312700,0.0,0.0
2004-12-28,17.584140233225746,17.74381444549506,17.57914934339228,17.71387481689453,439600,0.0,0.0
2004-12-29,17.629054432169962,17.778748816705804,17.629054432169962,17.743820190429688,489200,0.0,0.0
2004-12-30,17.778745606683774,17.838622968993544,17.67894873385614,17.70389747619629,472200,0.0,0.0
2004-12-31,17.71387675173009,17.788724879673484,17.63403963687506,17.758785247802734,460600,0.0,0.0
2005-01-03,17.713883690800227,17.723863571999903,17.489341122476823,17.58913803100586,762300,0.0,0.0
2005-01-04,17.62406281617812,17.693920065858457,17.45939957099838,17.52925682067871,950600,0.0,0.0
2005-01-05,17.52926444711285,17.59413083377033,17.424476623535156,17.424476623535156,843300,0.0,0.0
2005-01-06,17.429467518504705,17.549222311935434,17.414498645192896,17.499324798583984,602500,0.0,0.0
2005-01-07,17.50930468179139,17.58914184523387,17.33965047154261,17.454416275024414,985000,0.0,0.0
2005-01-10,17.364592229805524,17.464389119754735,17.304714857222937,17.354612350463867,831000,0.0,0.0
2005-01-11,17.359603857029263,17.36958373672457,17.09514180377218,17.299724578857422,887800,0.0,0.0
2005-01-12,17.28974846815303,17.304717337577383,17.065205909449556,17.13506317138672,965700,0.0,0.0
2005-01-13,17.100133108182412,17.135061736225516,16.61611940034585,16.661027908325195,1380200,0.0,0.0
2005-01-14,16.666017570137242,16.885569202130025,16.616118174138432,16.755834579467773,1022500,0.0,0.0
2005-01-18,16.651050548425534,16.656041440882728,15.822739423032383,16.5462646484375,3409800,0.0,0.0
2005-01-19,16.516319316609664,16.690964326584147,16.501350451328204,16.591167449951172,1823400,0.0,0.0
2005-01-20,16.516323075572284,16.581191345667204,16.36662867828731,16.47141456604004,1679400,0.0,0.0
2005-01-21,16.446470258721106,16.55624706799538,16.321724576716,16.401561737060547,1563400,0.0,0.0
2005-01-24,16.401549049468226,16.536274510231596,16.35165157665212,16.436477661132812,1482300,0.0,0.0
2005-01-25,16.536288587340227,16.611136763748153,16.321725845336914,16.321725845336914,1127100,0.0,0.0
2005-01-26,16.351659205658407,16.591170613161637,16.341679325745673,16.54127311706543,851700,0.0,0.0
2005-01-27,16.551250395895433,16.636078419844544,16.386587142944336,16.386587142944336,1263700,0.0,0.0
2005-01-28,16.44709365052966,16.44709365052966,15.96305945789481,16.033647537231445,3049800,0.34,0.0
2005-01-31,16.15465381291824,16.25549473037404,16.06893932158789,16.134485244750977,1211900,0.0,0.0
2005-02-01,16.184906863767445,16.35129468789145,16.028605248429987,16.265579223632812,914100,0.0,0.0
2005-02-02,16.250460478915254,16.361385740880092,16.058863785407198,16.119367599487305,2012700,0.0,0.0
2005-02-03,16.159690913575922,16.265572984652167,16.06389312403742,16.15464973449707,885300,0.0,0.0
2005-02-04,16.184906599048617,16.321041564728706,16.119360668363967,16.285747528076172,1142700,0.0,0.0
2005-02-07,16.285738301582548,16.411788910609314,16.1848974296852,16.260528564453125,893000,0.0,0.0
2005-02-08,16.24036781531057,16.290789237196485,16.16977974805087,16.245410919189453,1035300,0.0,0.0
2005-02-09,16.275659487795114,16.321037799219017,16.134483373756442,16.280702590942383,1162100,0.0,0.0
2005-02-10,16.351298114659844,16.36138240217899,16.245415980780553,16.295835494995117,855800,0.0,0.0
2005-02-11,16.3361696748788,16.583227942344422,16.255497312774395,16.522724151611328,1290200,0.0,0.0
2005-02-14,16.52272401822876,16.563059237264937,16.41684190445539,16.532808303833008,747300,0.0,0.0
2005-02-15,16.61347751771707,16.789947673905537,16.53280517154799,16.628602981567383,1385100,0.0,0.0
2005-02-16,16.653812306056878,16.684065156369442,16.447089304038695,16.512636184692383,806000,0.0,0.0
2005-02-17,16.552977932511983,16.588271972691164,16.426927239477493,16.452136993408203,955500,0.0,0.0
2005-02-18,16.47734661318898,16.507599471688092,16.406758533405306,16.462221145629883,1106900,0.0,0.0
2005-02-22,16.431967047756814,16.48238655140488,16.265579223632812,16.265579223632812,1198200,0.0,0.0
2005-02-23,16.13448859861082,16.310958798305755,16.13448859861082,16.169782638549805,1636700,0.0,0.0
2005-02-24,16.210116885559604,16.32104016694745,16.12440143004384,16.245410919189453,937800,0.0,0.0
2005-02-25,16.290795751188828,16.49751885512935,16.13449216591425,16.331130981445312,1026700,0.0,0.0
2005-02-28,16.346251583498177,16.376504439715482,16.13952854113188,16.265579223632812,1267100,0.0,0.0
2005-03-01,16.310965198131047,16.60844502532336,16.26054567082998,16.547941207885742,1186200,0.0,0.0
2005-03-02,16.487428739488973,16.66389891583042,16.336168313570493,16.482385635375977,1001700,0.0,0.0
2005-03-03,16.50256279637936,16.860546439543242,16.447100162546317,16.69416046142578,1612900,0.0,0.0
2005-03-04,16.789950599294983,17.07734600280781,16.744572276457127,16.99163246154785,1411500,0.0,0.0
2005-03-07,17.04205426319452,17.15802067644235,17.011803326144417,17.107601165771484,1518700,0.0,0.0
2005-03-08,17.047086972576384,17.132800473122966,16.976497007951124,17.026918411254883,1719800,0.0,0.0
2005-03-09,16.966425157547352,16.971466339309668,16.719364936810486,16.80508041381836,1316100,0.0,0.0
2005-03-10,16.840371114497675,17.01684129187597,16.810118259783962,16.916000366210938,966100,0.0,0.0
2005-03-11,16.95634055845597,16.99163460028557,16.61348250349901,16.684070587158203,1253400,0.0,0.0
2005-03-14,16.774821942232492,16.95129209560348,16.774821942232492,16.946250915527344,1154700,0.0,0.0
2005-03-15,16.98154890954025,17.031968415590722,16.764741571437654,16.78995132446289,849300,0.0,0.0
2005-03-16,16.73952676858207,16.800030542266573,16.552972344416343,16.588266372680664,995500,0.0,0.0
2005-03-17,16.613479620800263,16.81515955006319,16.457176088832426,16.75969886779785,986200,0.0,0.0
2005-03-18,16.815162017375155,16.835330590275017,16.48743136296677,16.573144912719727,2220300,0.0,0.0
2005-03-21,16.537845873933627,16.58826729094543,16.452132350084153,16.517677307128906,1176800,0.0,0.0
2005-03-22,16.46725148632184,16.573133536293206,16.260528564453125,16.260528564453125,1753000,0.0,0.0
2005-03-23,16.26558406847451,16.41180336533963,16.225248838218025,16.331130981445312,1273600,0.0,0.0
2005-03-24,16.260542853032348,16.472307139058096,16.18995475769043,16.18995475769043,1430500,0.0,0.0
2005-03-28,16.174826725025863,16.39667526430424,16.164742438233976,16.240371704101562,743600,0.0,0.0
2005-03-29,16.169782104050515,16.33616993544651,16.13952924651101,16.210119247436523,835200,0.0,0.0
2005-03-30,16.21011645197223,16.431964932194518,16.164738135178972,16.426923751831055,1181400,0.0,0.0
2005-03-31,16.39667590361116,16.472305172427536,16.30087806042464,16.336172103881836,1281400,0.0,0.0
2005-04-01,16.426919622624293,16.558011436307744,16.144565508732185,16.30086898803711,979700,0.0,0.0
2005-04-04,16.25045349142364,16.341210135210368,16.099193059572677,16.285747528076172,946700,0.0,0.0
2005-04-05,16.361379831999226,16.46222076796861,16.260538896029843,16.34625244140625,533300,0.0,0.0
2005-04-06,16.386591338923793,16.547936084390404,16.381550157107185,16.5025577545166,651200,0.0,0.0
2005-04-07,16.502561492658973,16.608443645221794,16.371469578540463,16.507604598999023,663800,0.0,0.0
2005-04-08,16.487425749998337,16.527760958685395,16.396669126227053,16.416837692260742,549500,0.0,0.0
2005-04-11,16.381557070752052,16.411808021180924,16.270631790161133,16.270631790161133,714400,0.0,0.0
2005-04-12,16.23533010343371,16.633650766219635,16.164742021093115,16.563060760498047,900500,0.0,0.0
2005-04-13,16.512637377711695,16.517678558104475,16.124401092529297,16.124401092529297,1122000,0.0,0.0
2005-04-14,16.099190048146923,16.129441936520287,15.7815418543109,15.92776107788086,1240200,0.0,0.0
2005-04-15,16.376502215866388,16.638687830670495,16.235326086118224,16.4370059967041,2678500,0.0,0.0
2005-04-18,16.411808021180924,16.48239613669082,16.159706509570213,16.270631790161133,1079500,0.0,0.0
2005-04-19,16.255496595734428,16.351294420451197,16.200033988600236,16.285747528076172,1227500,0.0,0.0
2005-04-20,16.260536176842496,16.28574592577389,16.058855300320488,16.114316940307617,1319000,0.0,0.0
2005-04-21,16.205080261399107,16.3765093175972,16.018525734277503,16.331130981445312,1225400,0.0,0.0
2005-04-22,16.33112277003868,16.4571734267057,16.26557589002532,16.376501083374023,1064300,0.0,0.0
2005-04-25,16.41180166358334,16.618524746088536,16.371466437509255,16.6033992767334,886800,0.0,0.0
2005-04-26,16.56306155322131,16.694155361026105,16.5025577545166,16.5025577545166,904100,0.0,0.0
2005-04-27,16.437011201798573,16.794996666620904,16.41180144541475,16.76474380493164,927400,0.0,0.0
2005-04-28,16.76982889413166,16.902276997995976,16.642475994474214,16.73926544189453,851100,0.34,0.0
2005-04-29,16.83605733207901,17.06019973754883,16.713799604778693,17.060199737548828,1415900,0.0,0.0
2005-05-02,17.065288768614618,17.192641669872938,16.907370471483922,17.167171478271484,886800,0.0,0.0
2005-05-03,17.1213321685791,17.27924859451625,17.024542675776907,17.1213321685791,979000,0.0,0.0
2005-05-04,17.11623459572015,17.54923576366722,17.075482664846685,17.523765563964844,1136900,0.0,0.0
2005-05-05,17.472813339584953,17.564507561257308,17.121320118674628,17.289424896240234,1091200,0.0,0.0
2005-05-06,16.759648318702453,17.1315186844552,16.759648318702453,16.988882064819336,1465000,0.0,0.0
2005-05-09,16.988881278163756,17.172269821166992,16.968506284803556,17.172269821166992,1081100,0.0,0.0
2005-05-10,17.029638702855568,17.177368609222437,16.907379000939393,16.937944412231445,1172900,0.0,0.0
2005-05-11,17.004162184166148,17.131515102381066,16.897184255994617,17.07547950744629,819300,0.0,0.0
2005-05-12,17.07038406560802,17.146796592777108,16.810584971085447,16.82586669921875,776000,0.0,0.0
2005-05-13,16.93793886573159,16.95322059474744,16.662856083937864,16.744361877441406,923200,0.0,0.0
2005-05-16,16.82077780980375,17.187554926349407,16.80040087149526,17.131519317626953,1302600,0.0,0.0
2005-05-17,17.11623772166382,17.320003242999924,16.96850975910977,17.2334041595459,1150400,0.0,0.0
2005-05-18,17.299621398700005,17.50848012440584,17.284339669069556,17.49319839477539,1522900,0.0,0.0
2005-05-19,17.493195947355293,17.49828920876903,17.21811319298439,17.46772575378418,1090400,0.0,0.0
2005-05-20,17.47281857587725,17.47281857587725,17.187549305851416,17.263959884643555,1062400,0.0,0.0
2005-05-23,17.3098175257405,17.32509926213306,17.19774627685547,17.19774627685547,949400,0.0,0.0
2005-05-24,17.167170426972003,17.167170426972003,17.039817533512643,17.116228103637695,1132300,0.0,0.0
2005-05-25,17.044923902110018,17.06530084711402,16.91247764608886,17.014360427856445,1062200,0.0,0.0
2005-05-26,17.039821433972836,17.13660895558653,16.98378583710387,17.085668563842773,829900,0.0,0.0
2005-05-27,17.065292508570064,17.218115634921887,17.02963384386302,17.182456970214844,1007900,0.0,0.0
2005-05-31,17.20283336736943,17.274150694553587,17.100950638570023,17.156986236572266,855400,0.0,0.0
2005-06-01,17.116231560270283,17.43206819897356,17.106045036797187,17.355655670166016,1213900,0.0,0.0
2005-06-02,17.350567065867832,17.350567065867832,17.16717850210353,17.304719924926758,914500,0.0,0.0
2005-06-03,17.26395792643078,17.31999351047305,17.050005998179504,17.116228103637695,953100,0.0,0.0
2005-06-06,17.116228610581857,17.172264196283773,17.00925264328783,17.141700744628906,717600,0.0,0.0
2005-06-07,17.17735971717178,17.2741472212821,17.044911613388145,17.065288543701172,935300,0.0,0.0
2005-06-08,17.121324130436474,17.18245297812452,17.02453468307512,17.065288543701172,613200,0.0,0.0
2005-06-09,17.172267758569678,17.172267758569678,17.00416290984256,17.055103302001953,829000,0.0,0.0
2005-06-10,17.065296432709623,17.065296432709623,16.907378064657138,17.004167556762695,762100,0.0,0.0
2005-06-13,16.937930846749648,17.11622407836261,16.937930846749648,16.999059677124023,786100,0.0,0.0
2005-06-14,16.943034144304963,17.111140956493912,16.943034144304963,17.024539947509766,717300,0.0,0.0
2005-06-15,17.116236961983226,17.13661390186284,17.014356149089043,17.1213321685791,718100,0.0,0.0
2005-06-16,17.106044616768163,17.20792539500816,17.050009022785396,17.15188980102539,697900,0.0,0.0
2005-06-17,17.26906002642536,17.360754301792355,17.090764738433222,17.299623489379883,1648900,0.0,0.0
2005-06-20,17.19264278454324,17.421878410320716,17.141702398037655,17.365842819213867,797800,0.0,0.0
2005-06-21,17.320000481193755,17.340377418728515,17.218117736771685,17.28434181213379,580900,0.0,0.0
2005-06-22,17.381122408681826,17.457534922292837,17.345463753863605,17.426969528198242,687600,0.0,0.0
2005-06-23,17.411698869080222,17.44735754656193,17.167181390669032,17.223217010498047,791800,0.0,0.0
2005-06-24,17.22831095387525,17.386229348416318,17.197745539148908,17.218122482299805,1463400,0.0,0.0
2005-06-27,17.1671735979538,17.34546690442943,17.1671735979538,17.26905632019043,734800,0.0,0.0
2005-06-28,17.35565844938275,17.488106594758328,17.330188250118724,17.45244598388672,791000,0.0,0.0
2005-06-29,17.488107771868147,17.56961358095011,17.442260632806306,17.472824096679688,568500,0.0,0.0
2005-06-30,17.488104827861477,17.574703885260035,17.25886917114258,17.258869171142578,1203000,0.0,0.0
2005-07-01,17.330190455845077,17.452448205173614,17.25377790507583,17.37603759765625,729200,0.0,0.0
2005-07-05,17.39640801525177,17.600171502161412,17.34546568608599,17.5747013092041,618200,0.0,0.0
2005-07-06,17.52376764137195,17.57470804681558,17.34037907257183,17.34547233581543,566800,0.0,0.0
2005-07-07,17.131511289864584,17.401498794555664,17.055098778640257,17.401498794555664,829900,0.0,0.0
2005-07-08,17.391315142905167,17.666397927535822,17.309809348561057,17.61545753479004,1195000,0.0,0.0
2005-07-11,17.625648530998117,17.75809669494629,17.569614862060565,17.75809669494629,1065300,0.0,0.0
2005-07-12,17.727525921861734,17.89563270756688,17.69186726003058,17.829408645629883,1373500,0.0,0.0
2005-07-13,17.829412117735334,18.10449494250366,17.829412117735334,17.905824661254883,1333200,0.0,0.0
2005-07-14,18.017883391218245,18.068825704851168,17.910907447464965,17.987319946289062,1063800,0.0,0.0
2005-07-15,17.946567738923918,18.022980244745845,17.610356211158763,17.722427368164062,1962800,0.0,0.0
2005-07-18,17.498293119862627,17.605271065974172,17.37094018029084,17.45244598388672,1196000,0.0,0.0
2005-07-19,17.452443418767963,17.605268478393555,17.44735015696441,17.605268478393555,1016900,0.0,0.0
2005-07-20,17.52885638060667,17.773373761482226,17.483009250239288,17.66130256652832,1787200,0.0,0.0
2005-07-21,17.646021274111988,17.676586676196997,17.513575084913168,17.5543270111084,715700,0.0,0.0
2005-07-22,17.605265939647943,17.605265939647943,17.432065914532878,17.44734764099121,1547800,0.0,0.0
2005-07-25,17.45244035931482,17.54413460171542,17.421876907348633,17.421876907348633,1866100,0.0,0.0
2005-07-26,17.447349999511076,17.554325985682503,17.370937470387865,17.48810386657715,837100,0.0,0.0
2005-07-27,17.518671345601895,17.539048283813113,17.411695334870675,17.4422607421875,950300,0.0,0.0
2005-07-28,17.56574143666425,17.684080996175183,17.44740187715332,17.509143829345703,989400,0.34,0.0
2005-07-29,17.473125807217283,17.519432757489138,17.272463010286263,17.30847930908203,1104000,0.0,0.0
2005-08-01,17.34964405314667,17.390804701382557,17.262174486190762,17.30333709716797,924600,0.0,0.0
2005-08-02,17.35994213939753,17.411393462409116,17.28276319213799,17.38566780090332,787900,0.0,0.0
2005-08-03,17.30334617739989,17.426830149649238,17.27247420296638,17.39081382751465,943300,0.0,0.0
2005-08-04,17.3187699699168,17.35478626873203,17.143832820210932,17.190139770507812,643200,0.0,0.0
2005-08-05,17.102679226203943,17.148986195587078,16.85570741433263,16.92774200439453,837900,0.0,0.0
2005-08-08,16.97919207145003,17.046080347359794,16.93802945158502,16.953466415405273,465200,0.0,0.0
2005-08-09,17.015208614576768,17.128403858007964,16.968901647967805,17.066659927368164,739800,0.0,0.0
2005-08-10,17.16957087288466,17.323926831152335,17.056377550284363,17.09239387512207,880300,0.0,0.0
2005-08-11,17.148974596861397,17.226151518473344,17.004907476919424,17.205570220947266,873700,0.0,0.0
2005-08-12,17.205575285668754,17.22615658925325,16.98433117898828,17.06151008605957,662200,0.0,0.0
2005-08-15,17.08723075287917,17.221007224438566,16.917439954657556,17.164409637451172,1655000,0.0,0.0
2005-08-16,17.190131827730315,17.226148109904063,16.95345284123422,16.95859718322754,850200,0.0,0.0
2005-08-17,16.896866040599694,17.08723821959401,16.881431042036795,17.010061264038086,592400,0.0,0.0
2005-08-18,16.979188532560944,16.99462353042241,16.871139622048023,16.94831657409668,558500,0.0,0.0
2005-08-19,17.05636771397943,17.076947057202638,16.958607492018388,17.02035140991211,650800,0.0,0.0
2005-08-22,17.08209031945457,17.179848561244675,17.02034837531034,17.12325096130371,905100,0.0,0.0
2005-08-23,17.118110884369752,17.13354588356825,16.902011081883238,16.917448043823242,792700,0.0,0.0
2005-08-24,16.891722709382005,16.999771631291622,16.78881813305504,16.793962478637695,721900,0.0,0.0
2005-08-25,16.763083137123306,16.845406359755533,16.7167762017214,16.82996940612793,734200,0.0,0.0
2005-08-26,16.79396864568363,16.809403650841144,16.505838081451284,16.552143096923828,1078800,0.0,0.0
2005-08-29,16.474955605097723,16.74765099032077,16.43893930753019,16.69105339050293,996700,0.0,0.0
2005-08-30,16.716783276557813,16.860848486450024,16.629313711450912,16.840267181396484,1269000,0.0,0.0
2005-08-31,16.809397353535218,16.835124969482422,16.546992550450884,16.835124969482422,1700000,0.0,0.0
2005-09-01,16.799110745952806,16.860852713852267,16.63446418972639,16.67562484741211,2445700,0.0,0.0
2005-09-02,16.721925005605364,16.809392594288248,16.639601761010486,16.73736000061035,940700,0.0,0.0
2005-09-06,16.814545493359926,16.979192047100348,16.670480249522495,16.87628746032715,764400,0.0,0.0
2005-09-07,16.804250491651594,16.850557445584222,16.624168983436498,16.80939483642578,889300,0.0,0.0
2005-09-08,16.70649739904432,16.763095022747518,16.572720840701887,16.624174118041992,1156300,0.0,0.0
2005-09-09,16.696198577075712,16.845410064266435,16.665326625771844,16.752796173095703,785700,0.0,0.0
2005-09-12,16.696199359683398,16.814538901117224,16.69105305285442,16.73736000061035,739200,0.0,0.0
2005-09-13,16.716775965036664,16.716775965036664,16.52125757802571,16.557273864746094,911200,0.0,0.0
2005-09-14,16.562433180924963,16.562433180924963,16.305173617289658,16.48525619506836,1314900,0.0,0.0
2005-09-15,16.46466657510762,16.577861785888672,16.382343320741732,16.577861785888672,1119400,0.0,0.0
2005-09-16,16.721931482198507,16.799110412597656,16.541849928256138,16.799110412597656,2072600,0.0,0.0
2005-09-19,16.721930452707067,16.721930452707067,16.495541947011244,16.546993255615234,868900,0.0,0.0
2005-09-20,16.562421853634664,16.793956578338772,16.480098614044408,16.52126121520996,1106700,0.0,0.0
2005-09-21,16.46467145632504,16.469815802548755,16.18168530821781,16.243427276611328,995900,0.0,0.0
2005-09-22,16.17139205739915,16.33089326174731,16.027325851986486,16.238279342651367,938600,0.0,0.0
2005-09-23,16.269155798860655,16.413221062711614,16.114798897257618,16.341188430786133,811400,0.0,0.0
2005-09-26,16.34118130492458,16.428649883279437,16.08906622175364,16.114791870117188,773800,0.0,0.0
2005-09-27,16.13537163090346,16.197113573619912,15.929562538194,16.047903060913086,1017900,0.0,0.0
2005-09-28,16.083925871830832,16.130232838308064,15.790649071722285,15.934714317321777,967100,0.0,0.0
2005-09-29,15.857532680545715,16.094212785448978,15.662015186382718,16.089067459106445,1511500,0.0,0.0
2005-09-30,16.05820595260006,16.089077930748413,15.872978990566407,16.011899948120117,1155800,0.0,0.0
2005-10-03,15.898690535511166,16.0324660445463,15.77520567671806,15.970724105834961,1409600,0.0,0.0
2005-10-04,15.97073405262227,16.053057343089723,15.512809645354654,15.553971290588379,1093700,0.0,0.0
2005-10-05,15.497367917837032,15.646578449056516,15.451060964369114,15.476786613464355,1171700,0.0,0.0
2005-10-06,15.451060459234265,15.559109359546605,15.126911795556095,15.487076759338379,1251200,0.0,0.0
2005-10-07,15.435625219455261,15.595126405272524,15.420189240942381,15.589981079101562,1118500,0.0,0.0
2005-10-10,15.564255982435508,15.641433914999899,15.332721203371676,15.343011856079102,809400,0.0,0.0
2005-10-11,15.307001329536082,15.389324619521384,15.15778975308083,15.224678039550781,1149800,0.0,0.0
2005-10-12,15.209236845097811,15.46135195699307,15.101187932015852,15.21438217163086,953700,0.0,0.0
2005-10-13,15.162928166658398,15.384172275614551,15.003426987720237,15.348155975341797,1474200,0.0,0.0
2005-10-14,15.950150939194469,16.433800952134547,15.903843970861328,16.42865562438965,3779600,0.0,0.0
2005-10-17,16.20741308265068,16.49554557737383,15.996459530560783,16.16110610961914,2357200,0.0,0.0
2005-10-18,16.089065509952498,16.140517785773852,15.86267608516087,15.893547058105469,2134300,0.0,0.0
2005-10-19,15.893551137837084,16.28458716053604,15.75463123324164,16.279441833496094,1709100,0.0,0.0
2005-10-20,16.300022123327995,16.45952332611855,16.063342001130682,16.20226287841797,1296800,0.0,0.0
2005-10-21,16.3874872158734,16.438939490701976,16.06333857141274,16.372051239013672,1576900,0.0,0.0
2005-10-24,16.459525748500347,16.974047700995474,16.44408976607311,16.87628746032715,1536500,0.0,0.0
2005-10-25,16.773381562533235,16.850560487266204,16.49554175152604,16.629316329956055,1165600,0.0,0.0
2005-10-26,16.634464773510015,16.860853305580957,16.567576494338795,16.624174118041992,894800,0.0,0.0
2005-10-27,16.54698321672021,16.665322724907245,16.485241291305325,16.557273864746094,1288400,0.0,0.0
2005-10-28,16.69248780536251,16.90049468730187,16.69248780536251,16.864093780517578,1302000,0.34,0.0
2005-10-31,16.94209449441507,17.0772975602297,16.853690887624442,16.92649269104004,1391800,0.0,0.0
2005-11-01,16.936893232056605,16.994095215797536,16.858890166282542,16.92649269104004,973500,0.0,0.0
2005-11-02,16.910896303495974,17.181304473705964,16.910896303495974,17.160503387451172,1218800,0.0,0.0
2005-11-03,17.212498948651987,17.222899488655003,16.942092843374343,17.02009391784668,1294000,0.0,0.0
2005-11-04,17.051295563514085,17.17609807633769,16.926491066990298,17.103296279907227,1424900,0.0,0.0
2005-11-07,17.155303431871648,17.41010978550157,17.10850198149258,17.378908157348633,1131700,0.0,0.0
2005-11-08,17.22289769777098,17.384103075504843,17.22289769777098,17.352901458740234,954700,0.0,0.0
2005-11-09,17.38410186767578,17.472503466816843,17.321700622182103,17.38410186767578,880100,0.0,0.0
2005-11-10,17.404905606402853,17.65451261025836,17.368504708988517,17.581710815429688,1294200,0.0,0.0
2005-11-11,17.638909318963723,17.680511474609375,17.430904491835356,17.680511474609375,662000,0.0,0.0
2005-11-14,17.64932107397026,17.64932107397026,17.46731648660703,17.5869197845459,602000,0.0,0.0
2005-11-15,17.633711787480234,17.680513225365974,17.394505319930968,17.425704956054688,1527100,0.0,0.0
2005-11-16,17.524504628591448,17.545305703174144,17.259295886911204,17.399700164794922,734800,0.0,0.0
2005-11-17,17.368506079850086,17.680514363370627,17.34250373647313,17.638912200927734,832600,0.0,0.0
2005-11-18,17.83651511984485,17.83651511984485,17.56610706638908,17.659709930419922,1265200,0.0,0.0
2005-11-21,17.628506857563593,17.80011075232738,17.602504524196767,17.75851058959961,844000,0.0,0.0
2005-11-22,17.628514354315744,17.784518502361827,17.560911829472307,17.75331687927246,1090100,0.0,0.0
2005-11-23,17.60770655915566,17.84691296054003,17.60770655915566,17.789710998535156,784400,0.0,0.0
2005-11-25,17.852119985496063,17.89372016348739,17.742915302905804,17.8729190826416,301000,0.0,0.0
2005-11-28,17.862514185289797,17.940517227585293,17.800112941673262,17.852115631103516,791300,0.0,0.0
2005-11-29,17.93012966172645,17.97693112422355,17.727323985472744,17.748125076293945,1117000,0.0,0.0
2005-11-30,17.69611715761451,17.77931951278849,17.488112261529874,17.519311904907227,1073600,0.0,0.0
2005-12-01,17.597307755310663,17.789712750705277,17.571307401938384,17.784513473510742,1223300,0.0,0.0
2005-12-02,17.72211497789493,17.862517304625687,17.716913716193723,17.8209171295166,1015900,0.0,0.0
2005-12-05,17.72211406470203,17.7689135154007,17.524507787940912,17.61811065673828,669400,0.0,0.0
2005-12-06,17.618120420645848,17.78972445274344,17.59212005017059,17.628520965576172,964600,0.0,0.0
2005-12-07,17.654511014446673,17.654511014446673,17.290500089506544,17.430904388427734,956500,0.0,0.0
2005-12-08,17.41010070208627,17.534905165882794,17.29049749878525,17.399700164794922,786800,0.0,0.0
2005-12-09,17.446511384185165,17.732519377296246,17.446511384185165,17.576515197753906,857200,0.0,0.0
2005-12-12,17.62851691589267,17.670117102356325,17.430910575013517,17.534914016723633,595500,0.0,0.0
2005-12-13,17.50890973079521,17.857320924410047,17.46211027009068,17.77931785583496,717900,0.0,0.0
2005-12-14,17.680513891670593,17.904120549584796,17.675314613354086,17.867719650268555,896100,0.0,0.0
2005-12-15,17.89891476180813,17.90931529951159,17.71691031124693,17.83651351928711,870900,0.0,0.0
2005-12-16,18.018522020131204,18.205725769165067,17.93531969266061,18.16932487487793,2400600,0.0,0.0
2005-12-19,18.127727931695066,18.132927210219282,17.94572144414252,17.98212432861328,815600,0.0,0.0
2005-12-20,17.961322728947845,18.11212758990358,17.930121107601753,18.039323806762695,757100,0.0,0.0
2005-12-21,18.075728988167537,18.2005335194147,18.002927171481993,18.060129165649414,867700,0.0,0.0
2005-12-22,18.143323704982013,18.148524966046654,18.00812067279943,18.054922103881836,1617100,0.0,0.0
2005-12-23,18.096525809519818,18.16412833066893,18.086125269058396,18.122526168823242,487400,0.0,0.0
2005-12-27,18.08613697807617,18.200541013517057,17.966533660888672,17.966533660888672,587700,0.0,0.0
2005-12-28,17.924921653312655,18.039323629725075,17.91972039128922,17.9509220123291,622100,0.0,0.0
2005-12-29,17.940517227585293,18.02891882406707,17.815712756652456,17.852115631103516,664400,0.0,0.0
2005-12-30,17.74291085369158,17.852115508897672,17.61810836731284,17.76371192932129,1163000,0.0,0.0
2006-01-03,17.784513169007184,17.961318346091165,17.524505672336613,17.935317993164062,1584300,0.0,0.0
2006-01-04,17.89893109597346,17.99773530247297,17.86253017264255,17.966533660888672,824100,0.0,0.0
2006-01-05,18.002923159039895,18.16412856270081,17.966522258810055,18.13292694091797,1638100,0.0,0.0
2006-01-06,18.174529566826504,18.179728845406107,17.997724339614987,18.153728485107422,998700,0.0,0.0
2006-01-09,18.153729116457946,18.28373290617297,18.054926950406674,18.26293182373047,1258500,0.0,0.0
2006-01-10,18.158927629316864,18.27853285646637,18.117327449886865,18.231731414794922,1148700,0.0,0.0
2006-01-11,17.69091732599007,18.14853125701096,17.685716063122477,18.075727462768555,1911700,0.0,0.0
2006-01-12,18.07052373874628,18.07052373874628,17.753314227666927,17.805316925048828,1355900,0.0,0.0
2006-01-13,17.857323311371527,18.049728393554688,17.794922038390634,18.049728393554688,1155000,0.0,0.0
2006-01-17,17.93012879258895,17.935330056892727,17.78972441190355,17.878128051757812,939100,0.0,0.0
2006-01-18,17.83651912357581,18.034125434630567,17.805319484362144,17.997724533081055,1176900,0.0,0.0
2006-01-19,17.997723880592897,18.27853252553761,17.872919377161818,18.13292694091797,2337200,0.0,0.0
2006-01-20,18.169326165939125,18.179726705574478,17.488107681274414,17.488107681274414,2069400,0.0,0.0
2006-01-23,17.47251243683115,17.57651588851365,17.420511702840322,17.441312789916992,1457200,0.0,0.0
2006-01-24,17.446510773599663,17.540113674789346,17.436110230834064,17.46731185913086,1429700,0.0,0.0
2006-01-25,17.48291122181369,17.52451339178239,17.35290741621249,17.446510314941406,1183700,0.0,0.0
2006-01-26,17.628520965576172,17.664921880981755,17.514116955043704,17.628520965576172,1241300,0.0,0.0
2006-01-27,17.58690605679975,17.83131372651218,17.482902666473205,17.73250961303711,1295600,0.0,0.0
2006-01-30,17.716751008213077,17.769290984579296,17.522348686260486,17.543365478515625,1210400,0.35,0.0
2006-01-31,17.52235519806939,17.627437194124933,17.43303680419922,17.43303680419922,1855700,0.0,0.0
2006-02-01,17.327949297562935,17.622178392094156,17.327949297562935,17.606414794921875,1610800,0.0,0.0
2006-02-02,17.574893752852606,17.61167214362116,17.4435417846015,17.527606964111328,1039500,0.0,0.0
2006-02-03,17.390999477974272,17.5643850349582,17.375237883438256,17.406763076782227,907600,0.0,0.0
2006-02-06,17.369980208802996,17.559125307290483,17.348963418658354,17.49082374572754,768200,0.0,0.0
2006-02-07,17.469811459198226,17.53811504264086,17.280664307678286,17.406763076782227,1255700,0.0,0.0
2006-02-08,17.385749132628117,17.58014951278604,17.33320913937644,17.56964111328125,756600,0.0,0.0
2006-02-09,17.569642392205516,17.743027990247167,17.469815596051863,17.627437591552734,850900,0.0,0.0
2006-02-10,17.637944659080464,17.832345038700026,17.496084272567078,17.769296646118164,946100,0.0,0.0
2006-02-13,17.769291737026652,17.806070122894724,17.690479764868375,17.7587833404541,645200,0.0,0.0
2006-02-14,17.758790900569956,18.14759372218521,17.74828249952386,18.058273315429688,1000600,0.0,0.0
2006-02-15,18.0214891478579,18.252669888359666,18.00572755346802,18.158096313476562,1597900,0.0,0.0
2006-02-16,18.2841951408151,18.33148193359375,18.13708156518025,18.33148193359375,923100,0.0,0.0
2006-02-17,18.336736042128283,18.352497637357583,18.257924057437727,18.320972442626953,830400,0.0,0.0
2006-02-21,18.363004977499045,18.389274969458175,18.16334943092022,18.18436622619629,1203800,0.0,0.0
2006-02-22,18.231657524457827,18.515378318069537,18.226402322202567,18.499614715576172,1363900,0.0,0.0
2006-02-23,18.494355544470658,18.515372338159082,18.352495193481445,18.352495193481445,1080200,0.0,0.0
2006-02-24,18.347241564383758,18.494357128531558,18.268431587709657,18.43130874633789,819500,0.0,0.0
2006-02-27,18.48385148735862,18.620456669862705,18.415547893970462,18.5206298828125,656800,0.0,0.0
2006-02-28,18.41554197935892,18.510115538514867,18.179108081469053,18.273681640625,1392300,0.0,0.0
2006-03-01,18.278943306191174,18.38927849614268,18.257926506884516,18.363008499145508,834300,0.0,0.0
2006-03-02,18.100302137009773,18.263177299506676,18.07403214347208,18.194875717163086,938400,0.0,0.0
2006-03-03,18.07928385418132,18.252669404965797,18.053013862803272,18.089792251586914,814200,0.0,0.0
2006-03-06,18.10029860971551,18.126568598133836,17.869117901382268,18.016233444213867,897400,0.0,0.0
2006-03-07,17.989960739780532,18.1738526352176,17.947927161239868,18.152835845947266,650100,0.0,0.0
2006-03-08,18.095048940290233,18.336738118718362,18.053017346828117,18.268434524536133,869100,0.0,0.0
2006-03-09,18.25792326256891,18.331480042799345,18.116062898865092,18.131824493408203,866300,0.0,0.0
2006-03-10,18.126570829962226,18.38927475503414,18.10555403493122,18.336734771728516,730100,0.0,0.0
2006-03-13,18.38927253828663,18.4943544965026,18.37351094604931,18.44181251525879,1530700,0.0,0.0
2006-03-14,18.441822498001766,18.715034935547248,18.389282492589178,18.68351173400879,1108900,0.0,0.0
2006-03-15,18.65198120359777,18.862145173797877,18.552154420102408,18.778079986572266,1183600,0.0,0.0
2006-03-16,18.872648956076958,18.914682546007477,18.75706059231179,18.86214256286621,1274300,0.0,0.0
2006-03-17,18.940959200951244,18.97773760294304,18.856893995788198,18.92519760131836,1908100,0.0,0.0
2006-03-20,18.993493347080328,19.082811713735644,18.888411383042733,19.077558517456055,1505100,0.0,0.0
2006-03-21,19.019768661961773,19.02502185971209,18.88841667120827,18.982990264892578,1742600,0.0,0.0
2006-03-22,19.014510095273078,19.014510095273078,18.846379737201477,18.977731704711914,1190400,0.0,0.0
2006-03-23,18.977730847407603,18.977730847407603,18.814855697786477,18.888412475585938,879900,0.0,0.0
2006-03-24,18.804348190670684,18.883158168784977,18.741297803052888,18.851634979248047,570400,0.0,0.0
2006-03-27,18.804346539754086,18.856886520550898,18.76756815234196,18.799091339111328,603200,0.0,0.0
2006-03-28,18.76231845571212,18.82011365410618,18.57842646470592,18.6519832611084,887100,0.0,0.0
2006-03-29,18.720284209255475,18.720284209255475,18.494358649849282,18.636219024658203,999900,0.0,0.0
2006-03-30,18.60994587440636,18.694013058073605,18.41029232601257,18.45232391357422,1472700,0.0,0.0
2006-03-31,18.478593826293945,18.62570939280242,18.452323833647707,18.478593826293945,1166400,0.0,0.0
2006-04-03,18.609944233682242,18.709773003349824,18.468085884430472,18.473339080810547,1342100,0.0,0.0
2006-04-04,18.494353983567667,18.757057869685752,18.468083995810176,18.672992706298828,1168700,0.0,0.0
2006-04-05,18.73079386049657,18.736047058016165,18.45758149121617,18.5206298828125,1172000,0.0,0.0
2006-04-06,18.468085884430472,18.489100674222566,18.315717133874962,18.473339080810547,1314100,0.0,0.0
2006-04-07,18.52062257751408,18.62570452490745,18.289443896665805,18.31571388244629,1342000,0.0,0.0
2006-04-10,18.336735250792678,18.662487565196304,18.336735250792678,18.630962371826172,1260300,0.0,0.0
2006-04-11,18.657233107463316,18.667741505672012,18.352497576499214,18.420801162719727,1297200,0.0,0.0
2006-04-12,18.410296319960857,18.531139916290496,18.315722722090285,18.499614715576172,1033100,0.0,0.0
2006-04-13,18.447064897702973,18.615195203457713,18.42079491322967,18.57841682434082,1100900,0.0,0.0
2006-04-17,18.615203510070376,18.8621458837088,18.536391517211065,18.694015502929688,1879900,0.0,0.0
2006-04-18,18.389274869113848,18.877904333120625,18.315718090320896,18.83587074279785,1978500,0.0,0.0
2006-04-19,18.80960050695135,18.856887293315033,18.63096175894098,18.688756942749023,1373500,0.0,0.0
2006-04-20,18.583673807873314,18.783329338259293,18.56265901857354,18.704517364501953,1536000,0.0,0.0
2006-04-21,18.783328728313855,18.7990903208448,18.662485175609334,18.762311935424805,1280300,0.0,0.0
2006-04-24,18.741305847055308,18.82011786326867,18.61520902624132,18.74656105041504,1067500,0.0,0.0
2006-04-25,18.7518008269348,18.757056026532855,18.53638374165669,18.64672088623047,949100,0.0,0.0
2006-04-26,18.730786530400845,18.888408449844107,18.730786530400845,18.841121673583984,1425800,0.0,0.0
2006-04-27,18.703171432185353,19.249674800813185,18.703171432185353,19.1541690826416,1227000,0.35,0.0
2006-04-28,19.090501540809125,19.430076568314558,19.085196566516085,19.37171173095703,1497800,0.0,0.0
2006-05-01,19.339880017071856,19.430078758408154,19.037445847608783,19.090503692626953,1286300,0.0,0.0
2006-05-02,19.090502937815227,19.186008674293408,19.005609174726505,19.095809936523438,863300,0.0,0.0
2006-05-03,19.0374440680911,19.09050190814971,18.91010241831284,19.0745849609375,861800,0.0,0.0
2006-05-04,19.207231491638936,19.244372384304587,19.148866653442383,19.148866653442383,755300,0.0,0.0
2006-05-05,19.249681104317542,19.350493853192255,19.223152179255287,19.281517028808594,1022200,0.0,0.0
2006-05-08,19.286826072253973,19.451308680776783,19.286826072253973,19.32396697998047,802900,0.0,0.0
2006-05-09,19.339881016495088,19.41416281296999,19.323962042945357,19.36110496520996,661800,0.0,0.0
2006-05-10,19.334574238497645,19.382327111638844,19.19662261832706,19.286821365356445,643200,0.0,0.0
2006-05-11,19.20723528094477,19.228459230662843,18.91010605697347,19.032140731811523,907000,0.0,0.0
2006-05-12,19.042754344081303,19.13826010199755,18.899495707206928,18.931331634521484,898600,0.0,0.0
2006-05-15,19.021531704056898,19.276215092078715,18.88888503380817,19.17009735107422,1869800,0.0,0.0
2006-05-16,19.286822355801203,19.286822355801203,19.06928192788144,19.191316604614258,1088100,0.0,0.0
2006-05-17,19.04806276696956,19.191319390518526,18.99500288414812,19.037450790405273,2228500,0.0,0.0
2006-05-18,18.772154135480434,19.111729229499332,18.772154135480434,18.87296485900879,1346800,0.0,0.0
2006-05-19,19.074588612696648,19.101117537804814,18.92602298884186,18.97377586364746,1449800,0.0,0.0
2006-05-22,18.94193295950533,19.11702540121477,18.872956167788868,18.984378814697266,1084000,0.0,0.0
2006-05-23,19.02152093031077,19.08519275326643,18.89948630568538,18.9154052734375,1197900,0.0,0.0
2006-05-24,18.888882691914095,19.053365271279453,18.666037285058426,18.851741790771484,2104500,0.0,0.0
2006-05-25,19.419464149170288,19.419464149170288,18.225644582032114,18.27339744567871,7443900,0.0,0.0
2006-05-26,18.30523743604862,18.459108033596433,18.135449888419046,18.241567611694336,2646900,0.0,0.0
2006-05-30,18.177895273319553,18.241567119984758,17.923213958740234,17.923213958740234,2107600,0.0,0.0
2006-05-31,18.029334498676302,18.07178240309133,17.721595287777287,17.960357666015625,3218700,0.0,0.0
2006-06-01,17.986874093288495,18.230943274498454,17.97095512997421,18.20441436767578,2661200,0.0,0.0
2006-06-02,18.225643795353207,18.305232572671148,18.172585959825703,18.220338821411133,2441300,0.0,0.0
2006-06-05,18.188509587085957,18.22034551451315,18.002805070495903,18.00811004638672,1605400,0.0,0.0
2006-06-06,18.03994200938801,18.03994200938801,17.83831856137906,17.949743270874023,2568900,0.0,0.0
2006-06-07,18.029333626826404,18.183204236848884,17.949746845938055,18.039945602416992,1615300,0.0,0.0
2006-06-08,17.981575949499874,18.11952957133111,17.83301237893717,18.07708168029785,1466500,0.0,0.0
2006-06-09,18.03993495996805,18.2097224211986,17.949736256700785,18.092992782592773,1105200,0.0,0.0
2006-06-12,18.093003314131,18.16728714268126,17.960356656332305,17.99749755859375,979800,0.0,0.0
2006-06-13,17.99749061227719,18.09830332867201,17.82239814405588,17.859539031982422,1492400,0.0,0.0
2006-06-14,17.817097151091364,17.95504876220753,17.41385024347111,17.65261459350586,1806300,0.0,0.0
2006-06-15,17.67913772102599,17.91790199279785,17.610160926063813,17.91790199279785,1112100,0.0,0.0
2006-06-16,17.896678052190047,17.970959820290986,17.843620224696913,17.91790199279785,1579700,0.0,0.0
2006-06-19,17.933817567945944,18.008099330379416,17.76933710085075,17.795866012573242,1766600,0.0,0.0
2006-06-20,17.838321812553186,17.976275468870284,17.76934700842199,17.822404861450195,1395300,0.0,0.0
2006-06-21,17.774652353985715,17.91260398914609,17.748123426919573,17.790569305419922,881700,0.0,0.0
2006-06-22,17.73750722974363,17.795872069814692,17.62608454816811,17.705671310424805,926500,0.0,0.0
2006-06-23,17.578336177397052,17.604865104934863,17.371407708963712,17.45099449157715,1241700,0.0,0.0
2006-06-26,17.48282764901693,17.53588549568594,17.392626880847082,17.530580520629883,947600,0.0,0.0
2006-06-27,17.541188049430854,17.58894090894214,17.328952668485897,17.34486961364746,825200,0.0,0.0
2006-06-28,17.456296797679894,17.535883558893254,17.376708012439643,17.472213745117188,1049800,0.0,0.0
2006-06-29,17.472210957411786,17.716280224634335,17.403234156144002,17.684446334838867,1548800,0.0,0.0
2006-06-30,17.764040074505992,17.764040074505992,17.562416589002705,17.573028564453125,1440600,0.0,0.0
2006-07-03,17.695060652998666,17.843626263505907,17.583637963138536,17.827707290649414,988700,0.0,0.0
2006-07-05,17.737505009622815,17.76934092495689,17.546493565671692,17.6048583984375,1345400,0.0,0.0
2006-07-06,17.604857524172747,17.63138644028704,17.541187720693127,17.626081466674805,1136800,0.0,0.0
2006-07-07,17.62608503388456,17.827706456379076,17.562413193492322,17.65791893005371,1143600,0.0,0.0
2006-07-10,17.68445459247604,17.764041378153788,17.64731166366008,17.695064544677734,893100,0.0,0.0
2006-07-11,17.66852854741421,17.77464624322387,17.514657989691536,17.764034271240234,923300,0.0,0.0
2006-07-12,17.774652262891735,17.774652262891735,17.334264384546646,17.366100311279297,1118300,0.0,0.0
2006-07-13,17.339571610965187,17.440382344228357,17.175089023404567,17.21753692626953,1413700,0.0,0.0
2006-07-14,17.986890166069532,18.11953684273958,17.652619974133266,18.108924865722656,6409000,0.0,0.0
2006-07-17,18.130139974107113,18.841125974505054,18.10361105356037,18.793373107910156,5717700,0.0,0.0
2006-07-18,18.80928409378094,18.952542632743707,18.697861460374128,18.8252010345459,3343700,0.0,0.0
2006-07-19,18.8888782895437,19.239065293005154,18.878268340856334,19.223148345947266,3140400,0.0,0.0
2006-07-20,19.239067646754982,19.239067646754982,19.03744621259877,19.05866813659668,2131000,0.0,0.0
2006-07-21,18.7297061510426,19.180705965245632,18.7297061510426,19.005611419677734,2470800,0.0,0.0
2006-07-24,19.058668081807994,19.265598538416214,19.03744615787109,19.249679565429688,1692600,0.0,0.0
2006-07-25,19.196619426175168,19.23376031866147,19.06927777763153,19.223148345947266,1808200,0.0,0.0
2006-07-26,19.196618440619126,19.557417398271333,19.164782524110965,19.50966453552246,2472300,0.0,0.0
2006-07-27,19.552114388460485,19.552114388460485,19.19662235639222,19.244375228881836,2173200,0.0,0.0
2006-07-28,19.45867600197513,19.678336086190065,19.356883002277577,19.592615127563477,1974100,0.35,0.0
2006-07-31,19.42116950374038,19.549751939014474,19.260442992459122,19.44260025024414,2231000,0.0,0.0
2006-08-01,19.485456767486312,19.630111218997534,19.324730280389897,19.59796714782715,1939400,0.0,0.0
2006-08-02,19.62475939544984,19.68369293212891,19.506892322091705,19.683692932128906,1518700,0.0,0.0
2006-08-03,19.667617633868385,19.753338579083817,19.587255397337476,19.737266540527344,2160800,0.0,0.0
2006-08-04,19.78012913477825,20.01586330439568,19.73191301144618,19.84442138671875,2132300,0.0,0.0
2006-08-07,19.82298257109133,19.82298257109133,19.67832812870117,19.731904983520508,1299900,0.0,0.0
2006-08-08,19.82298556935327,19.903349841863502,19.49081719422446,19.496173858642578,1709900,0.0,0.0
2006-08-09,19.715834888933497,19.769411754578446,19.39973853474788,19.42116928100586,1574900,0.0,0.0
2006-08-10,19.421173101885397,19.64618985061814,19.340808809481505,19.581899642944336,1856200,0.0,0.0
2006-08-11,19.58190087034067,19.58190087034067,19.3675994834126,19.5283260345459,1186700,0.0,0.0
2006-08-14,19.715850144407526,19.715850144407526,19.244383580668966,19.31939125061035,1865800,0.0,0.0
2006-08-15,19.5604683287386,19.769415074217125,19.4693907074713,19.699766159057617,1898200,0.0,0.0
2006-08-16,19.822990015426765,19.822990015426765,19.60332993754631,19.710481643676758,1191000,0.0,0.0
2006-08-17,19.72119842234172,19.764057881595182,19.522967036578983,19.74798583984375,1702600,0.0,0.0
2006-08-18,19.82299244291044,19.82299244291044,19.61940438070649,19.67298126220703,1399300,0.0,0.0
2006-08-21,19.61940394766687,19.689052870205757,19.55511373503429,19.63011932373047,1079100,0.0,0.0
2006-08-22,19.68904681315655,19.796198497079867,19.63011328481131,19.769411087036133,1600900,0.0,0.0
2006-08-23,19.785485421265534,19.785485421265534,19.60868481570452,19.721195220947266,2054600,0.0,0.0
2006-08-24,19.705123551263203,19.849778052506025,19.662264093718406,19.84442138671875,2234600,0.0,0.0
2006-08-25,19.737267427338427,19.76941354964427,19.64083110416954,19.651546478271484,1394800,0.0,0.0
2006-08-28,19.55510833006185,19.667616682009154,19.46403072431835,19.50153350830078,2227700,0.0,0.0
2006-08-29,19.53368836915905,19.53368836915905,19.303312829640067,19.356889724731445,1747900,0.0,0.0
2006-08-30,19.340809808296687,19.41045872906034,19.19079863472785,19.346168518066406,1177900,0.0,0.0
2006-08-31,19.40510510769837,19.40510510769837,19.22294777817762,19.28188133239746,1217700,0.0,0.0
2006-09-01,19.276525403969167,19.389033818036697,19.255094645932616,19.356889724731445,1546400,0.0,0.0
2006-09-05,19.31401759346441,19.464030773521817,19.206865905922964,19.42116928100586,1611000,0.0,0.0
2006-09-06,19.3408062978464,19.630115260431566,19.324734258952308,19.44795799255371,2283800,0.0,0.0
2006-09-07,19.44260463744692,19.447961303407347,19.271162714228094,19.324737548828125,1241100,0.0,0.0
2006-09-08,19.421164759986432,19.43188013062101,19.20686143479084,19.367589950561523,1490200,0.0,0.0
2006-09-11,19.330102299060545,19.442610713128072,19.21759184124344,19.356889724731445,1706800,0.0,0.0
2006-09-12,19.44259903946799,19.53367664081446,19.27115716561129,19.496173858642578,1905400,0.0,0.0
2006-09-13,19.474749436431807,19.70512491242665,19.437246642083714,19.63011932373047,1994000,0.0,0.0
2006-09-14,19.63547914189645,19.769418284627672,19.603333011891273,19.7265567779541,1602400,0.0,0.0
2006-09-15,19.780131649593464,19.822993156336477,19.694410679856567,19.817636489868164,1624200,0.0,0.0
2006-09-18,19.769423770354575,19.769423770354575,19.52297412609361,19.62476921081543,1334300,0.0,0.0
2006-09-19,19.58190299860367,19.603333752750377,19.447963850810552,19.549758911132812,1090800,0.0,0.0
2006-09-20,19.57654090330649,19.75333946661703,19.528322741722047,19.651546478271484,1619500,0.0,0.0
2006-09-21,19.683697733543084,19.683697733543084,19.389029978269892,19.51761245727539,1350600,0.0,0.0
2006-09-22,19.576538289616966,19.576538289616966,19.356878259225738,19.426525115966797,1287500,0.0,0.0
2006-09-25,19.555115577794886,19.576546331941593,19.340812123826222,19.549758911132812,2267400,0.0,0.0
2006-09-26,19.581895107482,19.83905792236328,19.442599349160282,19.83905792236328,2482300,0.0,0.0
2006-09-27,19.83906447572113,19.919428776057863,19.742628132816677,19.833707809448242,1645800,0.0,0.0
2006-09-28,19.822993938013383,19.93550233202662,19.731916298216724,19.881927490234375,1157500,0.0,0.0
2006-09-29,19.95692913715262,19.95692913715262,19.683694228081347,19.710481643676758,1580600,0.0,0.0
2006-10-02,19.75868415790682,19.822974313159747,19.549739620524416,19.678319931030273,1519500,0.0,0.0
2006-10-03,19.6622663791422,19.978362834803104,19.6622663791422,19.796205520629883,2709200,0.0,0.0
2006-10-04,19.726558834878247,20.090873504594846,19.726558834878247,20.069442749023438,2429500,0.0,0.0
2006-10-05,20.06943819008522,20.299813650772833,19.983717231021142,20.256954193115234,2635200,0.0,0.0
2006-10-06,20.23015662619266,20.2998055161939,20.05335811311019,20.294448852539062,1652200,0.0,0.0
2006-10-09,20.25159396677665,20.25159396677665,20.12301355968529,20.2087345123291,1957900,0.0,0.0
2006-10-10,20.208734622340845,20.24087870241431,20.133729043837786,20.219449996948242,1740100,0.0,0.0
2006-10-11,20.112305823833616,20.289104461669922,20.058728930739658,20.289104461669922,2036900,0.0,0.0
2006-10-12,20.29981393890385,20.36410414817721,20.22480835412678,20.358747482299805,2110600,0.0,0.0
2006-10-13,20.78735301074316,20.974869022993126,20.58912366636369,20.82485580444336,4765500,0.0,0.0
2006-10-16,20.81413320036078,20.830207280470884,20.56232910778285,20.70698356628418,2982200,0.0,0.0
2006-10-17,20.546263772385878,20.78199797268127,20.530191729183603,20.723064422607422,2591600,0.0,0.0
2006-10-18,20.6266251257557,20.680199957933453,20.364103543087502,20.546260833740234,2527100,0.0,0.0
2006-10-19,20.48196390030567,20.487322608013006,20.26230389051289,20.390886306762695,1829600,0.0,0.0
2006-10-20,20.465900784418075,20.465900784418075,20.267671431563173,20.326602935791016,1564900,0.0,0.0
2006-10-23,20.251598738307496,20.39625326317924,20.219454650835466,20.364107131958008,1746500,0.0,0.0
2006-10-24,20.305178777927136,20.41768718905495,20.29446339918884,20.401615142822266,1670700,0.0,0.0
2006-10-25,20.406965540760588,20.455183708394266,20.23552362111838,20.348031997680664,1293400,0.0,0.0
2006-10-26,20.390885817522204,20.444460630821098,20.273018775766893,20.428388595581055,1031700,0.0,0.0
2006-10-27,20.41232390273495,20.423039279071578,20.278384764150736,20.326602935791016,1487100,0.0,0.0
2006-10-30,20.43474277591911,20.532076987264485,20.386075670246417,20.483409881591797,1697500,0.35,0.0
2006-10-31,20.521268844604492,20.59156625739094,20.461786577075806,20.521268844604492,1631200,0.0,0.0
2006-11-01,20.548311771759707,20.634830896708603,20.413125510103395,20.423940658569336,1192200,0.0,0.0
2006-11-02,20.3590469746768,20.3590469746768,20.137341640950957,20.20223045349121,1498900,0.0,0.0
2006-11-03,20.342824541659613,20.342824541659613,20.083267211914062,20.083267211914062,4455600,0.0,0.0
2006-11-06,20.14275081406714,20.44016014507486,20.115713977207967,20.364456176757812,1918600,0.0,0.0
2006-11-07,20.33200216377839,20.375262734739046,20.22385486193188,20.342817306518555,1929600,0.0,0.0
2006-11-08,20.348221579391694,20.456370921002733,20.185998598363692,20.19681167602539,2806300,0.0,0.0
2006-11-09,20.261715304528753,20.28875214129845,20.07786192660503,20.12112045288086,3060600,0.0,0.0
2006-11-10,20.16978184588019,20.16978184588019,20.00755880863601,20.16437530517578,2205900,0.0,0.0
2006-11-13,20.196818207383984,20.223857098613568,19.99674320150733,20.018373489379883,2118000,0.0,0.0
2006-11-14,20.08867057660509,20.094077117099026,19.612814564806193,20.002151489257812,3750400,0.0,0.0
2006-11-15,19.93185361525496,20.023779240924313,19.78585227203507,19.856149673461914,2575400,0.0,0.0
2006-11-16,20.040008544921875,20.142749342592637,19.964302519356902,20.040008544921875,2896200,0.0,0.0
2006-11-17,19.92103814789603,20.023778915405273,19.807482237052497,20.023778915405273,2567300,0.0,0.0
2006-11-20,19.650671839289075,20.02919372211839,19.650671839289075,20.012969970703125,1734700,0.0,0.0
2006-11-21,20.012964422271843,20.03459470964317,19.704740046952544,19.75881576538086,2312800,0.0,0.0
2006-11-22,19.812898749752968,19.931863323530894,19.720973079309086,19.899417877197266,2732700,0.0,0.0
2006-11-24,19.748003455238493,19.975115316891348,19.71015147829635,19.894004821777344,969300,0.0,0.0
2006-11-27,19.856157713467173,19.866972861356466,19.602006895015084,19.645267486572266,3175000,0.0,0.0
2006-11-28,19.70474527484454,19.807488135728313,19.629041311737524,19.769636154174805,3070000,0.0,0.0
2006-11-29,19.88860128546853,19.958898716035176,19.780453931093458,19.931861877441406,2422300,0.0,0.0
2006-11-30,19.9805213721564,19.9805213721564,19.699333820184844,19.81829833984375,1879900,0.0,0.0
2006-12-01,19.915637501983568,20.00215661148699,19.764227513268867,19.88319206237793,3862700,0.0,0.0
2006-12-04,19.92645263671875,20.007565212692416,19.791266385281638,19.92645263671875,2954100,0.0,0.0
2006-12-05,19.99134050120652,20.002155647220352,19.80207854013168,19.904821395874023,1844500,0.0,0.0
2006-12-06,19.948078326401646,19.996745448193874,19.796670419838268,19.87778091430664,1356700,0.0,0.0
2006-12-07,19.883179334573295,19.991328667917593,19.80206681887083,19.845327377319336,1394300,0.0,0.0
2006-12-08,19.8615593926776,19.8615593926776,19.683114653144948,19.850744247436523,1482400,0.0,0.0
2006-12-11,19.791270773689753,19.921050511468565,19.710160242509577,19.73179054260254,2258300,0.0,0.0
2006-12-12,19.764221985014853,19.88318650084833,19.72096347375213,19.856149673461914,2637100,0.0,0.0
2006-12-13,20.03459358215332,20.067039011384374,19.910222530934057,20.03459358215332,2405400,0.0,0.0
2006-12-14,20.083261011636804,20.218447208067076,19.99133538819749,20.207632064819336,1938000,0.0,0.0
2006-12-15,20.234677666634393,20.26712311044809,20.08867832641914,20.158973693847656,4518400,0.0,0.0
2006-12-18,20.175198200290527,20.272532472586583,20.115715915800866,20.25090217590332,1680600,0.0,0.0
2006-12-19,20.294575471790527,20.381936422998603,20.163538210577837,20.278196334838867,2286800,0.36,0.0
2006-12-20,20.212676348524088,20.29457411058903,20.190836112186943,20.267274856567383,1310500,0.0,0.0
2006-12-21,20.23452181819395,20.338259843426204,20.23452181819395,20.31641960144043,1462100,0.0,0.0
2006-12-22,20.371015832258315,20.387394968830595,20.256355627853363,20.327335357666016,1350800,0.0,0.0
2006-12-26,20.35463780812915,20.512976429182515,20.3382586689857,20.496597290039062,999100,0.0,0.0
2006-12-27,20.50205207962287,20.742290512436707,20.50205207962287,20.665849685668945,2073800,0.0,0.0
2006-12-28,20.665850182110947,20.714989673385173,20.496593554343875,20.534812927246094,992400,0.0,0.0
2006-12-29,20.56211386373063,20.605794340791665,20.365555882555544,20.420156478881836,1392200,0.0,0.0
2007-01-03,20.63855537639684,20.840572402826425,20.50205699152279,20.75867462158203,4077400,0.0,0.0
2007-01-04,20.7477478013321,20.7477478013321,20.54573084013454,20.660388946533203,4770900,0.0,0.0
2007-01-05,20.64947268199284,20.64947268199284,20.179917968792193,20.305496215820312,2779200,0.0,0.0
2007-01-08,20.261814499474344,20.272734616921042,19.983356711582125,20.174455642700195,1995700,0.0,0.0
2007-01-09,20.229053136599934,20.29457175520773,19.999736930072974,20.234514236450195,2328800,0.0,0.0
2007-01-10,20.22904850454896,20.33824756575709,20.141689672142228,20.294567108154297,2232000,0.0,0.0
2007-01-11,20.403774370142568,20.458374964091384,20.23451773590046,20.360095977783203,1878200,0.0,0.0
2007-01-12,20.25089337040231,20.30549187210892,20.092554799534078,20.234514236450195,1601900,0.0,0.0
2007-01-16,20.283652181072355,20.283652181072355,20.03795477644849,20.147153854370117,1854700,0.0,0.0
2007-01-17,20.168997126805404,20.168997126805404,19.81956165493607,20.043418884277344,2099400,0.0,0.0
2007-01-18,20.103478132379646,20.3928539867548,20.037959503290864,20.327335357666016,3138900,0.0,0.0
2007-01-19,20.174456803913067,20.32187527372954,19.841400492416547,19.91238021850586,3494900,0.0,0.0
2007-01-22,19.84685963156818,19.901460222278697,19.628463517124807,19.792261123657227,2856100,0.0,0.0
2007-01-23,19.655766819392497,19.75950483890907,19.52472745749788,19.628467559814453,3841500,0.0,0.0
2007-01-24,19.58478754841061,19.77588653564453,19.57932852948395,19.77588653564453,2688900,0.0,0.0
2007-01-25,19.73766273806727,19.80318136452637,19.6120824200546,19.672142028808594,2514300,0.0,0.0
2007-01-26,19.655773469705146,19.77043164840626,19.601174932076248,19.72675323486328,2031400,0.0,0.0
2007-01-29,19.699447658452712,19.825025921030647,19.65576717609515,19.819564819335938,2205500,0.0,0.0
2007-01-30,19.868701154894925,19.87416225571952,19.71036255577701,19.764963150024414,1962700,0.0,0.0
2007-01-31,19.775879896920035,19.874158867008266,19.639381558775195,19.797718048095703,2347800,0.0,0.0
2007-02-01,19.85231800051146,19.87415823379062,19.710358566996213,19.770418167114258,3087600,0.0,0.0
2007-02-02,19.86324698572577,19.939685753532046,19.77588809640428,19.901466369628906,1741100,0.0,0.0
2007-02-05,19.934216068700316,20.152614239372845,19.879617567431843,20.081634521484375,2537600,0.0,0.0
2007-02-06,20.119847821243045,20.294565471970465,20.065249336440235,20.24542808532715,2036300,0.0,0.0
2007-02-07,20.30002930141231,20.36554790855067,20.201750349305286,20.34916877746582,1794400,0.0,0.0
2007-02-08,20.278195660952655,20.43653425555581,20.16353754050195,20.40923500061035,3332900,0.0,0.0
2007-02-09,20.403777791647997,20.447458274131822,20.223601008402316,20.250900268554688,2863400,0.0,0.0
2007-02-12,20.250895093416247,20.278194346592265,20.130775880082364,20.239974975585938,2037300,0.0,0.0
2007-02-13,20.310947789885862,20.381927490234375,20.196289715875896,20.381927490234375,1382000,0.0,0.0
2007-02-14,20.365553529593925,20.469293609228238,20.25635443235759,20.392852783203125,1370400,0.0,0.0
2007-02-15,20.294580164929577,20.392859174966055,20.27820102419023,20.338260650634766,1608600,0.0,0.0
2007-02-16,20.27819682613327,20.458375668165683,20.27819682613327,20.425615310668945,2355400,0.0,0.0
2007-02-20,20.46929693428611,20.53481557015102,20.239978584559093,20.518436431884766,1883200,0.0,0.0
2007-02-21,20.502058306428832,20.51297842785513,20.250901762024586,20.338260650634766,2299300,0.0,0.0
2007-02-22,20.39285041477234,20.44198989868164,20.321872780191693,20.44198989868164,2350400,0.0,0.0
2007-02-23,20.46928804782548,20.46928804782548,20.130770730086336,20.229049682617188,1572600,0.0,0.0
2007-02-26,20.23451316447896,20.267271430647746,19.917836039519216,20.021574020385742,2454400,0.0,0.0
2007-02-27,20.021575873822208,20.021575873822208,19.279026640334457,19.38822364807129,2970800,0.0,0.0
2007-02-28,19.464671488534474,19.672147544291636,19.38277162039864,19.5574893951416,3269100,0.0,0.0
2007-03-01,19.284484114982067,19.541101644794782,18.83131073728646,19.45920181274414,2776600,0.0,0.0
2007-03-02,19.431900660534495,19.45919990761226,19.218963617409294,19.300861358642578,3043000,0.0,0.0
2007-03-05,19.191678190582206,19.3008752575279,18.935060501098633,18.935060501098633,3611500,0.0,0.0
2007-03-06,19.126145196286014,19.491961801124756,19.033327332293613,19.464662551879883,2976400,0.0,0.0
2007-03-07,19.366387743804804,19.4373653905113,19.158909655986637,19.180749893188477,2317500,0.0,0.0
2007-03-08,19.30633053644634,19.47012817025286,19.164371059760754,19.328170776367188,1743200,0.0,0.0
2007-03-09,19.41006341961559,19.497422273400325,19.300864331684828,19.437362670898438,1731900,0.0,0.0
2007-03-12,19.371842605088272,19.486500701596256,19.23534427606471,19.464662551879883,1967000,0.0,0.0
2007-03-13,19.349997200305694,19.355458298374437,18.727565319582567,18.776704788208008,7451600,0.0,0.0
2007-03-14,18.836762062622256,19.02239980104409,18.47094768317833,18.984180450439453,4069000,0.0,0.0
2007-03-15,18.978673985960462,19.221423698756205,18.951087021555804,19.105566024780273,2027500,0.36,0.0
2007-03-16,19.094538806383927,19.28763500194659,19.000747722403,19.06143569946289,3159500,0.0,0.0
2007-03-19,19.083500831369278,19.370388056702318,19.083500831369278,19.304183959960938,1855900,0.0,0.0
2007-03-20,19.260038265490884,19.524856643929667,19.215902921379115,19.51934051513672,1757300,0.0,0.0
2007-03-21,19.48624861229019,20.093124148107496,19.364872663290488,20.032438278198242,3046500,0.0,0.0
2007-03-22,19.966227088349044,20.01588068195901,19.78416531483921,19.94416046142578,2588700,0.0,0.0
2007-03-23,19.966227442852603,20.082087233059685,19.82830102533046,19.93312644958496,1568600,0.0,0.0
2007-03-26,19.966228864800403,19.966228864800403,19.640722412082745,19.88899040222168,1570400,0.0,0.0
2007-03-27,19.7841644447042,19.861402897013747,19.64623803569716,19.717960357666016,1501700,0.0,0.0
2007-03-28,19.61864901015528,19.61864901015528,19.282108306884766,19.282108306884766,2759700,0.0,0.0
2007-03-29,19.370385930988736,19.668307490516362,19.370385930988736,19.629688262939453,2742300,0.0,0.0
2007-03-30,19.723480869837285,19.740031369126246,19.29866718316686,19.513832092285156,2634600,0.0,0.0
2007-04-02,19.46969356961974,19.486244066225588,19.044879951818743,19.171772003173828,3395500,0.0,0.0
2007-04-03,19.298671469498146,19.519354663787905,19.249017856012497,19.491769790649414,2299500,0.0,0.0
2007-04-04,19.557963053201767,19.563479182931864,19.348314345432353,19.47520637512207,2584500,0.0,0.0
2007-04-05,19.491753596044305,19.52485457447238,19.34830900755875,19.46416664123535,1955600,0.0,0.0
2007-04-09,19.431074420655445,19.44210878663453,19.133152852990477,19.166255950927734,3041200,0.0,0.0
2007-04-10,19.24349318677854,19.309697273860866,19.127633403646985,19.210390090942383,2980700,0.0,0.0
2007-04-11,19.282114179478214,19.282114179478214,18.934539007420636,18.96212387084961,2333900,0.0,0.0
2007-04-12,18.951091924973714,18.978678896516243,18.84075245716537,18.940059661865234,2401600,0.0,0.0
2007-04-13,18.973154973911562,19.166253193883424,18.78557498843051,19.133150100708008,2400700,0.0,0.0
2007-04-16,18.906957956376438,19.282118067509995,18.89592358786185,19.089019775390625,4832800,0.0,0.0
2007-04-17,19.11108890032492,19.30970332843764,18.840754232297552,18.884889602661133,3762300,0.0,0.0
2007-04-18,19.028319403238218,19.386926635996343,19.028319403238218,19.320722579956055,3975300,0.0,0.0
2007-04-19,19.28211438349622,19.42004080669063,19.19384155683541,19.271080017089844,2947800,0.0,0.0
2007-04-20,19.31521131255617,19.64071768696426,19.19383751681383,19.60209846496582,4204300,0.0,0.0
2007-04-23,19.60210232346274,19.69037514891913,19.38693744294968,19.469694137573242,1851200,0.0,0.0
2007-04-24,19.409000321738226,19.497273120571684,19.271073942024106,19.348312377929688,2050300,0.0,0.0
2007-04-25,19.348320560378568,19.640723935561905,19.3262518251899,19.58003807067871,2673700,0.0,0.0
2007-04-26,19.530378341674805,19.629685514278453,19.392451946901932,19.530378341674805,3175200,0.0,0.0
2007-04-27,19.519354663787905,19.552455669717727,19.409013066643023,19.491769790649414,2670100,0.0,0.0
2007-04-30,19.580037151511075,19.580037151511075,19.33728528501237,19.35935401916504,2532000,0.0,0.0
2007-05-01,19.447626851185387,19.502796581976735,19.22694371883935,19.35935401916504,2116400,0.0,0.0
2007-05-02,19.41452517820407,19.41452517820407,19.23246336952682,19.315217971801758,2222300,0.0,0.0
2007-05-03,19.386937991442366,19.789682900518436,19.315215661045464,19.767616271972656,3022900,0.0,0.0
2007-05-04,19.85588475854078,19.91105447472799,19.701405764954995,19.7896785736084,2193500,0.0,0.0
2007-05-07,19.734509069597145,20.03243059122665,19.41451881941957,19.90553855895996,2217700,0.0,0.0
2007-05-08,19.822783513927263,19.999329147691412,19.71244196667718,19.728992462158203,2945900,0.0,0.0
2007-05-09,19.690373483109582,19.993813267998135,19.64623812641033,19.971744537353516,2488600,0.0,0.0
2007-05-10,19.861399330906575,19.89450242077701,19.712438583374023,19.712438583374023,2540700,0.0,0.0
2007-05-11,19.77313429974037,19.966230471727997,19.751065564487376,19.96071434020996,1933800,0.0,0.0
2007-05-14,19.916572879931774,19.971744707012007,19.701408015793895,19.77864646911621,2067900,0.0,0.0
2007-05-15,19.833818435668945,20.076568162758967,19.77864660820074,19.833818435668945,2364700,0.0,0.0
2007-05-16,19.855890348420232,20.04347038269043,19.833821613896593,20.04347038269043,1919600,0.0,0.0
2007-05-17,19.999324798583984,20.05449450791669,19.938636855564305,19.999324798583984,1838000,0.0,0.0
2007-05-18,20.104165031654382,20.225541019987688,20.054511409571784,20.131752014160156,2592400,0.0,0.0
2007-05-21,20.131746127471246,20.131746127471246,19.938647829350774,20.015886306762695,2374300,0.0,0.0
2007-05-22,19.98277493806595,20.015875922875612,19.822779829520687,19.850364685058594,2667200,0.0,0.0
2007-05-23,19.866918528883083,19.927606484057883,19.662788037959597,19.6738224029541,3427800,0.0,0.0
2007-05-24,19.673826601620977,19.789684301904003,19.541416298018678,19.596588134765625,2840100,0.0,0.0
2007-05-25,19.646237591670115,19.800714492797855,19.55244654127832,19.80071449279785,2647400,0.0,0.0
2007-05-29,19.82830243298374,19.861405533191554,19.624171909844545,19.695894241333008,2173200,0.0,0.0
2007-05-30,19.66279002270742,19.740028480875406,19.508313106371446,19.66830825805664,2541400,0.0,0.0
2007-05-31,19.673828045461764,19.800720122406652,19.47521362777741,19.679344177246094,4170200,0.0,0.0
2007-06-01,19.673829677487554,19.888994612964254,19.673829677487554,19.811756134033203,2470200,0.0,0.0
2007-06-04,19.811752212945084,19.811752212945084,19.640722683025526,19.69037628173828,2184500,0.0,0.0
2007-06-05,19.65727415474184,19.695893384342124,19.442109274228777,19.469694137573242,2882200,0.0,0.0
2007-06-06,19.469688267498352,19.480722630427334,19.254523451857082,19.282108306884766,2245100,0.0,0.0
2007-06-07,19.26556093792707,19.282113539106874,18.962123241105353,18.978675842285156,3532500,0.0,0.0
2007-06-08,18.940047456629816,19.1221091448628,18.835222083336227,19.033836364746094,3540200,0.0,0.0
2007-06-11,18.96212286895975,19.105567518555606,18.879368283045277,19.0559139251709,2550900,0.0,0.0
2007-06-12,19.033843033625132,19.05591176253379,18.74695587158203,18.74695587158203,3457000,0.0,0.0
2007-06-13,18.785576757550178,18.96764063027598,18.71385443454395,18.945571899414062,3858300,0.0,0.0
2007-06-14,19.00689967706581,19.096107686291266,18.945568771932052,19.057079315185547,2758400,0.36,0.0
2007-06-15,19.073802547010533,19.319126134037305,19.073802547010533,19.235492706298828,6378700,0.0,0.0
2007-06-18,19.29125084694641,19.341430488460993,19.157439887498764,19.174165725708008,2629000,0.0,0.0
2007-06-19,19.151858769721926,19.21876636088963,19.101679139789326,19.16858673095703,3210100,0.0,0.0
2007-06-20,19.24107559321066,19.291255246168323,19.001330725621084,19.03478240966797,3824800,0.0,0.0
2007-06-21,19.03477468428115,19.14628521525061,18.85078411603504,19.01247215270996,3350300,0.0,0.0
2007-06-22,18.91769018207413,18.967869816252836,18.65564074504238,18.68909454345703,5336600,0.0,0.0
2007-06-25,18.705816029976262,18.845203633965482,18.482797139725136,18.538551330566406,3982200,0.0,0.0
2007-06-26,18.655648708340724,18.800613103130104,18.566440668042432,18.588743209838867,4416100,0.0,0.0
2007-06-27,18.549709496770966,18.73370009652199,18.510681123281753,18.71697425842285,2963200,0.0,0.0
2007-06-28,18.77273129501569,18.8507901806276,18.54413559008441,18.705825805664062,2719200,0.0,0.0
2007-06-29,18.728132096310766,18.817340142280145,18.32669482600476,18.454931259155273,4107300,0.0,0.0
2007-07-02,18.683523504571884,19.023629780673456,18.505107446106663,18.89539337158203,3622500,0.0,0.0
2007-07-03,18.912116979203102,19.1797431621859,18.912116979203102,18.995750427246094,1576200,0.0,0.0
2007-07-05,18.973443772485517,19.012472139264258,18.77272524225973,18.889812469482422,2656700,0.0,0.0
2007-07-06,18.945577288809215,18.945577288809215,18.73928407352866,18.817340850830078,2100400,0.0,0.0
2007-07-09,18.85078896334605,18.85636353422906,18.661221650018376,18.733701705932617,2658200,0.0,0.0
2007-07-10,18.560862948396117,18.700250620654625,18.343418519974776,18.38802146911621,4324500,0.0,0.0
2007-07-11,18.404747398705453,18.48280628213506,18.254210583594677,18.410324096679688,2980000,0.0,0.0
2007-07-12,18.510682960615874,18.945571809454368,18.410323668285905,18.923269271850586,4648400,0.0,0.0
2007-07-13,18.923274856118905,19.012482905972327,18.81734096157037,18.98460578918457,2394100,0.0,0.0
2007-07-16,18.900967426601664,19.202043153853687,18.88423946122491,19.073806762695312,3311900,0.0,0.0
2007-07-17,19.04035464091843,19.068231746712605,18.700248420323717,18.71697425842285,4464700,0.0,0.0
2007-07-18,18.694676920114183,18.728130732499388,18.3489960330168,18.544137954711914,4286900,0.0,0.0
2007-07-19,18.622193127630773,18.761580794373856,18.33784109641816,18.443777084350586,4214700,0.0,0.0
2007-07-20,18.427050518257314,18.471655595910228,18.103672212822357,18.18730354309082,4604100,0.0,0.0
2007-07-23,18.192870471357168,18.332258073838236,18.04233160545129,18.103662490844727,2941800,0.0,0.0
2007-07-24,18.031194297386904,18.081373958192405,17.58515404960893,17.65205955505371,8867700,0.0,0.0
2007-07-25,17.824896313579853,17.975436328153386,17.534970744501468,17.819320678710938,4455600,0.0,0.0
2007-07-26,17.80815618311498,17.80815618311498,16.994132223969064,17.295209884643555,6859700,0.0,0.0
2007-07-27,17.284073179447425,17.429036501468932,16.865910118654345,16.88263702392578,6185200,0.0,0.0
2007-07-30,16.89378869560823,17.239470657088205,16.85476031003418,17.18929100036621,7702900,0.0,0.0
2007-07-31,17.211591844314317,17.356554101158473,16.759974978379525,16.76555061340332,5834000,0.0,0.0
2007-08-01,16.698647852893295,17.08893279744006,16.419872436741112,17.066631317138672,8251000,0.0,0.0
2007-08-02,17.111228052982653,17.33982371178596,16.88263239417935,17.038745880126953,4990400,0.0,0.0
2007-08-03,17.06105225871844,17.08892936936392,16.19684800394162,16.21915054321289,5265100,0.0,0.0
2007-08-06,16.27489971749186,17.100074218729933,16.118785191537413,17.08334732055664,6330700,0.0,0.0
2007-08-07,16.955115334985226,17.462486346004955,16.82130330538652,17.32867431640625,5411600,0.0,0.0
2007-08-08,17.39557782024488,17.91410000889667,17.200434912421493,17.668777465820312,5077200,0.0,0.0
2007-08-09,17.540542857609132,17.540542857609132,16.28605390089777,16.77669906616211,7377700,0.0,0.0
2007-08-10,16.648458256106142,17.23946148783812,16.564824830422907,17.111225128173828,6799600,0.0,0.0
2007-08-13,17.20044034498423,17.28407274233908,16.92166497817231,16.960693359375,5190800,0.0,0.0
2007-08-14,16.960692514146782,16.966268148818397,16.425443283551104,16.45332145690918,5250100,0.0,0.0
2007-08-15,16.36412201736334,16.79901111555453,16.15225204242146,16.21358299255371,5052400,0.0,0.0
2007-08-16,16.11878969880812,17.189287022046535,16.113214064524584,17.022022247314453,7967900,0.0,0.0
2007-08-17,17.657628912608036,18.677946547122037,17.239465930209782,17.87507438659668,8377400,0.0,0.0
2007-08-20,17.88621816074629,18.109237048453092,17.679922977837816,18.020029067993164,6025100,0.0,0.0
2007-08-21,17.858341723558418,18.315532960569946,17.858341723558418,18.092514038085938,3814900,0.0,0.0
2007-08-22,18.343415025821137,18.376866699583385,17.925252088699562,18.28765869140625,3184500,0.0,0.0
2007-08-23,18.371295289320255,18.454926614996566,18.008886497395093,18.176151275634766,2904000,0.0,0.0
2007-08-24,18.131542812329513,18.22075080871582,17.969852654227335,18.22075080871582,3013400,0.0,0.0
2007-08-27,18.120396733283997,18.142699270485537,17.813744290867362,17.84162139892578,2252300,0.0,0.0
2007-08-28,17.6464773287438,17.730109711038203,17.20043724754468,17.2171630859375,3613200,0.0,0.0
2007-08-29,17.267342763672826,17.56284498272982,17.16140890882135,17.52939224243164,3400600,0.0,0.0
2007-08-30,17.429032527800068,17.69108093664591,17.22831396407952,17.45133399963379,3057000,0.0,0.0
2007-08-31,17.679929669007343,17.791440218506185,17.345400147397644,17.45133399963379,3785600,0.0,0.0
2007-09-04,17.429032371987493,17.523816019181133,17.300795985620624,17.440183639526367,2993300,0.0,0.0
2007-09-05,17.35654612339215,17.417877017020132,17.049893782138543,17.11680030822754,2737000,0.0,0.0
2007-09-06,17.111225186299922,17.222734648517726,16.916082298114787,17.183706283569336,2238000,0.0,0.0
2007-09-07,17.166987598731016,17.166987598731016,16.904938073323887,16.960693359375,3054900,0.0,0.0
2007-09-10,17.061052084566075,17.100080464448805,16.648464683251554,16.871484756469727,3179100,0.0,0.0
2007-09-11,16.938383765181072,17.284065543975586,16.888205198421133,17.183706283569336,3041800,0.0,0.0
2007-09-12,17.077772290687083,17.284066455000506,16.966262822591737,17.172555923461914,2549500,0.0,0.0
2007-09-13,17.403852827591685,17.567454124061083,17.319231393140626,17.409494400024414,3006300,0.36,0.0
2007-09-14,17.29667560369988,17.392580241237212,17.11614948034034,17.353090286254883,2541100,0.0,0.0
2007-09-17,17.251539361909742,17.465913805853926,17.1499931762445,17.38129234313965,2302800,0.0,0.0
2007-09-18,17.48284466064663,18.15417717554407,17.223338607169016,18.131610870361328,4270100,0.0,0.0
2007-09-19,18.323419175028228,18.4193248908771,18.001856875610066,18.103403091430664,3498100,0.0,0.0
2007-09-20,18.109045987409736,18.13725494712427,17.62388222410463,17.70850372314453,3627000,0.0,0.0
2007-09-21,17.798761199589087,17.86645902313631,17.172561442874184,17.212051391601562,5367900,0.0,0.0
2007-09-24,17.166919156862402,17.28538899813756,16.850998504108286,16.95818519592285,3316100,0.0,0.0
2007-09-25,16.749458125782553,17.059737311523577,16.57457247649074,16.6309871673584,4766500,0.0,0.0
2007-09-26,16.760734962826863,16.890489034060554,16.50122897240027,16.68175506591797,2899100,0.0,0.0
2007-09-27,16.783302979588374,16.884849186586138,16.687398348092763,16.879207611083984,1714700,0.0,0.0
2007-09-28,16.879211161563656,16.879211161563656,16.568931975822633,16.6309871673584,2953600,0.0,0.0
2007-10-01,16.709960973076072,17.13306935844813,16.676111527511715,17.093578338623047,3472800,0.0,0.0
2007-10-02,17.195127644275093,17.590029306040364,17.121789317614923,17.240259170532227,2914000,0.0,0.0
2007-10-03,17.16691890656318,17.41514281097526,17.149994182619057,17.324878692626953,2471100,0.0,0.0
2007-10-04,17.392583342190296,17.58439265146296,17.296678687553968,17.34181022644043,1993400,0.0,0.0
2007-10-05,17.511052001924515,17.618238720173963,17.3869394792895,17.49412727355957,2382000,0.0,0.0
2007-10-08,17.49412562559681,17.550540305478354,17.31924108638249,17.370014190673828,1547700,0.0,0.0
2007-10-09,17.415142117645075,17.522328803629517,17.21769131690591,17.471555709838867,2202500,0.0,0.0
2007-10-10,17.375653846581567,17.454634824989075,17.00896005918685,17.071016311645508,2237700,0.0,0.0
2007-10-11,17.138705141064822,17.251534443194426,16.839709319655316,16.867916107177734,2834600,0.0,0.0
2007-10-12,16.856637290260917,17.054088081679776,16.585848186839755,16.676111221313477,3656000,0.0,0.0
2007-10-15,16.664829136332077,16.760732668869675,16.315059070997513,16.433528900146484,3525100,0.0,0.0
2007-10-16,16.315064996182425,16.331989724787555,15.954012727438123,16.095048904418945,4710300,0.0,0.0
2007-10-17,16.16274037429719,16.24172133923811,15.519615962182796,15.82989501953125,5782500,0.0,0.0
2007-10-18,15.694504978138111,15.74527808591376,15.181133400424853,15.198058128356934,6331500,0.0,0.0
2007-10-19,15.214970842734758,15.37293162848634,14.876485135583943,14.89340877532959,6834200,0.0,0.0
2007-10-22,14.763661788995993,15.057017190836447,14.667757179779699,15.040092468261719,6973900,0.0,0.0
2007-10-23,15.090865559965652,15.446276125872942,14.882131618958336,15.040092468261719,4345200,0.0,0.0
2007-10-24,14.972392632714016,15.034447783943705,14.515434901907936,14.836997032165527,5564500,0.0,0.0
2007-10-25,14.955466821263641,15.130351268169823,14.616979996656228,14.921618461608887,4444900,0.0,0.0
2007-10-26,15.09650356242047,15.293954308329042,14.808789802842838,15.243181228637695,4250600,0.0,0.0
2007-10-29,15.333450824516792,15.35601604961066,15.079585317082888,15.226263046264648,2502800,0.0,0.0
2007-10-30,15.147285020581286,15.31652799581972,15.124718716671843,15.198058128356934,2741000,0.0,0.0
2007-10-31,15.254468129577319,15.3955042576569,15.028809463833776,15.299599647521973,4687000,0.0,0.0
2007-11-01,15.085220531331013,15.14163518430784,14.543642445201495,14.57749080657959,5154400,0.0,0.0
2007-11-02,14.645191628105415,14.701606296871091,14.103613390403662,14.239007949829102,6557200,0.0,0.0
2007-11-05,14.188231884926157,14.301061198834232,13.951291186535267,14.137458801269531,4835000,0.0,0.0
2007-11-06,14.137463537845692,14.408253766745853,13.911805910445926,14.380045890808105,4040400,0.0,0.0
2007-11-07,14.216442843464753,14.216442843464753,13.483054295591705,13.499979019165039,5447500,0.0,0.0
2007-11-08,13.567672762158372,13.94000799030104,13.398429867919006,13.894876480102539,7229300,0.0,0.0
2007-11-09,13.736922094458343,14.44210288908125,13.567678058136545,14.120540618896484,5161600,0.0,0.0
2007-11-12,14.25029228245483,14.690325444153101,14.018993089721485,14.227725982666016,4336600,0.0,0.0
2007-11-13,14.317991928693466,14.983682842957956,14.284143548177484,14.944192886352539,4385900,0.0,0.0
2007-11-14,15.006241916331762,15.15856116928728,14.385682833787873,14.396965980529785,3450000,0.0,0.0
2007-11-15,14.368758769142602,14.425173429405563,13.832822186694841,13.92308521270752,4627700,0.0,0.0
2007-11-16,13.990785601149037,14.244651100678206,13.539470353119878,13.719996452331543,5587900,0.0,0.0
2007-11-19,13.714358989267174,13.714358989267174,13.161497375659339,13.409721374511719,6384300,0.0,0.0
2007-11-20,13.381510423842744,13.691790620305198,12.885063615931527,13.291247367858887,5993400,0.0,0.0
2007-11-21,13.155854064559101,13.59024573628073,12.975327935017802,13.268683433532715,6401100,0.0,0.0
2007-11-23,13.381506745699433,13.748201520364393,13.251753772890096,13.663578987121582,3036600,0.0,0.0
2007-11-26,13.75384806118743,13.75384806118743,12.9471220001338,12.98097038269043,4630500,0.0,0.0
2007-11-27,13.432280617557996,14.097971318248563,13.257396118976326,13.861030578613281,11206700,0.0,0.0
2007-11-28,13.990779258958671,14.63954611343477,13.861026318471426,14.605696678161621,6096400,0.0,0.0
2007-11-29,14.588775225490433,14.588775225490433,14.10361067397912,14.340551376342773,3883900,0.0,0.0
2007-11-30,14.667760800154031,15.181132342077781,14.667760800154031,14.910343170166016,6232500,0.0,0.0
2007-12-03,14.803154339166829,15.040095116837277,14.611345086956446,14.650835037231445,3681100,0.0,0.0
2007-12-04,14.583137623726783,14.588779198655235,14.272857458784276,14.44210147857666,3254600,0.0,0.0
2007-12-05,14.60570116355377,15.08522421698487,14.60570116355377,14.91598129272461,5082800,0.0,0.0
2007-12-06,14.921621935433167,15.175486305974593,14.69596328248052,15.158562660217285,4411600,0.0,0.0
2007-12-07,15.158563606579182,15.39550434615571,14.825718256316433,14.91598129272461,4299700,0.0,0.0
2007-12-10,14.98932671132251,15.468849992050302,14.927270440869274,15.423718452453613,3583300,0.0,0.0
2007-12-11,15.480129305227672,15.513977682521976,14.340556868121135,14.351840019226074,6292600,0.0,0.0
2007-12-12,14.701612001817201,14.86521449712142,13.646661913414034,13.906167984008789,8482100,0.0,0.0
2007-12-13,13.81026074949096,13.821543900716062,13.364587036304666,13.78205394744873,6983700,0.0,0.0
2007-12-14,13.75947994251025,13.889233956922228,13.528180851978354,13.539463996887207,5218700,0.0,0.0
2007-12-17,13.671316121595185,14.009516476681359,13.321651088257845,13.694244384765625,6009400,0.38,0.0
2007-12-18,13.820350807154362,13.946458961900188,13.52227579412059,13.7974214553833,5626900,0.0,0.0
2007-12-19,13.774485392957226,13.900593476256041,13.464945879408704,13.59105396270752,6365500,0.0,0.0
2007-12-20,13.671308280366373,13.814613396317108,13.218463589163042,13.613986015319824,5959600,0.0,0.0
2007-12-21,13.803151393418782,13.99804647626037,13.407628890789502,13.986581802368164,8384800,0.0,0.0
2007-12-24,13.849008169057395,14.307584164060058,13.849008169057395,14.192940711975098,1895100,0.0,0.0
2007-12-26,13.992315868969877,14.101228097746027,13.877671302539023,14.032441139221191,2472000,0.0,0.0
2007-12-27,13.877669523366789,13.94072413615307,13.76875840188509,13.808883666992188,3870600,0.0,0.0
2007-12-28,13.791685359903813,13.89486522809895,13.510807437223365,13.522272109985352,3777200,0.0,0.0
2007-12-31,13.487877670995733,13.768755562147208,13.333107886076172,13.556663513183594,4503200,0.0,0.0
2008-01-02,13.62545092183988,13.654111508191505,13.258589075217607,13.344573020935059,5969700,0.0,0.0
2008-01-03,13.442020545194387,13.52800339758055,13.258589075217607,13.344573020935059,3954300,0.0,0.0
2008-01-04,12.639513681632765,12.805748178971575,11.871397996913927,11.922987937927246,10403700,0.0,0.0
2008-01-07,12.020434566042193,12.23825898778151,11.676503109959372,11.951648712158203,9490200,0.0,0.0
2008-01-08,12.037625826322115,12.077751070810242,11.154866074259655,11.17779541015625,11255300,0.0,0.0
2008-01-09,11.223660469055174,11.26378574028632,10.667636822950541,11.223660469055176,10257700,0.0,0.0
2008-01-10,11.114744431001405,11.733822487491816,10.851063542742187,11.498802185058594,10915000,0.0,0.0
2008-01-11,11.418554780308094,11.980310724828366,11.131944470655112,11.73382568359375,7530200,0.0,0.0
2008-01-14,11.854200265057809,11.854200265057809,11.384159624038102,11.699430465698242,6360800,0.0,0.0
2008-01-15,11.550396200863345,11.84273887171377,11.321108153137025,11.659308433532715,9606900,0.0,0.0
2008-01-16,11.624911412539877,12.381562250674016,11.619179076695678,12.129344940185547,9617300,0.0,0.0
2008-01-17,12.186669064203397,12.203866074359162,11.18926543512912,11.217926025390625,9467400,0.0,0.0
2008-01-18,11.298171963422327,11.441477043181601,10.902650730485043,11.00009822845459,8426300,0.0,0.0
2008-01-22,10.289307426386888,11.716626203418084,10.260645748134515,11.53892707824707,11302800,0.0,0.0
2008-01-23,10.604578968512154,12.954783174794622,10.604578968512154,12.519135475158691,11130700,0.0,0.0
2008-01-24,12.62231571240776,13.069427004092887,12.427420654323505,12.880264282226562,9926600,0.0,0.0
2008-01-25,13.029302841063277,13.613988064550902,12.73122789261883,13.06369686126709,10424700,0.0,0.0
2008-01-28,13.006374304233622,13.63691711425781,12.88026508622994,13.636917114257812,7168400,0.0,0.0
2008-01-29,13.75155958074699,14.359173000944503,13.487878677138546,14.290387153625488,7482800,0.0,0.0
2008-01-30,14.198678359705763,14.479556398375948,13.86047802688554,13.952193260192871,8153800,0.0,0.0
2008-01-31,13.728634483967873,14.668715964435037,13.201271462242778,14.427963256835938,10774600,0.0,0.0
2008-02-01,14.622853347265357,14.812016046037074,14.376368386644076,14.748961448669434,5922900,0.0,0.0
2008-02-04,14.748956134091722,14.748956134091722,14.296112724651417,14.38782787322998,6979300,0.0,0.0
2008-02-05,13.92925796048987,14.250262233399582,13.843275102626373,13.894865036010742,5551500,0.0,0.0
2008-02-06,13.69996654966935,13.923523236216113,13.229926023764031,13.579590797424316,8174200,0.0,0.0
2008-02-07,13.235658951474901,13.992309694709574,13.235658951474901,13.871933937072754,6105300,0.0,0.0
2008-02-08,13.820355410511887,13.883408962221178,13.080899969568469,13.304455757141113,8180800,0.0,0.0
2008-02-11,13.327379759325927,13.367505028829552,12.920393633410193,13.189806938171387,4879200,0.0,0.0
2008-02-12,13.25285496234565,13.83180655324602,13.25285496234565,13.59105396270752,5168900,0.0,0.0
2008-02-13,13.722899509994635,13.843275294001382,13.224197178161923,13.522272109985352,5097800,0.0,0.0
2008-02-14,13.50507267795353,13.50507267795353,13.040764447706383,13.080889701843262,5208400,0.0,0.0
2008-02-15,13.063698968575727,13.22420004875826,12.794284566843716,13.143949508666992,5488000,0.0,0.0
2008-02-19,13.275786576904451,13.396163449388292,12.800013609781578,12.903193473815918,4595600,0.0,0.0
2008-02-20,12.765620165086135,13.413358816936217,12.66244030526388,13.315911293029785,5551000,0.0,0.0
2008-02-21,13.338837598053955,13.464945679480309,12.863064758736346,12.885993003845215,4036900,0.0,0.0
2008-02-22,12.954783049986986,13.26432154025618,12.685368725001826,13.247125625610352,4300300,0.0,0.0
2008-02-25,13.201268031002645,13.315911470856262,12.805745594179117,13.247125625610352,7002000,0.0,0.0
2008-02-26,13.172603352318108,13.464945861390154,13.063692273250302,13.292980194091797,5801800,0.0,0.0
2008-02-27,13.184072537735645,13.568130346698592,13.069427991379287,13.3101806640625,4138900,0.0,0.0
2008-02-28,13.189805732910445,13.298717949704933,12.553530536547242,12.576459884643555,6011400,0.0,0.0
2008-02-29,12.479015493387633,12.479015493387633,12.094957562435164,12.1522798538208,10053800,0.0,0.0
2008-03-03,12.112150861813156,12.129347873504623,11.705164758432257,11.8026123046875,6726500,0.0,0.0
2008-03-04,11.71089338054637,11.991771255746556,11.372693244557512,11.928716659545898,9506000,0.0,0.0
2008-03-05,12.089219621193552,12.329972258770583,11.882859905175733,12.003236770629883,7444200,0.0,0.0
2008-03-06,11.837003294026289,11.934450824304712,11.424284921081332,11.447213172912598,5834900,0.0,0.0
2008-03-07,11.378423387086949,11.968839607429349,11.263778887604223,11.67076587677002,6611400,0.0,0.0
2008-03-10,11.705162634700217,11.808342499465457,11.246586672778413,11.44148063659668,8819600,0.0,0.0
2008-03-11,12.318509794452783,12.564994812011719,11.773950914417695,12.564994812011719,8975500,0.0,0.0
2008-03-12,12.610844039669637,13.098081414413928,12.24971580505371,12.249715805053711,8096000,0.0,0.0
2008-03-13,11.699434064891692,12.444620516244255,11.607718842981583,12.329977035522461,9345300,0.0,0.0
2008-03-14,12.341646374521702,12.650917351864967,11.635576346937736,11.8164701461792,12038800,0.38,0.0
2008-03-17,11.513028985447399,11.97985293768607,11.052041570816913,11.378817558288574,14821400,0.0,0.0
2008-03-18,11.717272822526404,11.96235526765172,11.285461107399748,11.67642593383789,15082600,0.0,0.0
2008-03-19,11.78145302785694,12.224935284463518,11.717264469679025,11.903993606567383,14170100,0.0,0.0
2008-03-20,11.921502292891368,12.703431546583266,11.86314914755738,12.674254417419434,10573300,0.0,0.0
2008-03-24,12.703429259645487,13.491193797352658,12.703429259645487,12.919334411621094,7998100,0.0,0.0
2008-03-25,12.995196106509372,13.018536696750223,12.586725203854623,12.89599609375,6019700,0.0,0.0
2008-03-26,11.9623507801398,12.80846871954234,11.9623507801398,12.359150886535645,6444000,0.0,0.0
2008-03-27,12.364987312551822,12.54588110050216,11.96818717408482,12.003198623657227,7423000,0.0,0.0
2008-03-28,12.038203997764747,12.195757110817233,11.431334355145571,11.46634578704834,6204800,0.0,0.0
2008-03-31,11.565549896437972,11.83397393807453,11.402162413957566,11.524703025817871,6079400,0.0,0.0
2008-04-01,11.746444909695715,12.598398309274334,11.746444909695715,12.516704559326172,10598500,0.0,0.0
2008-04-02,12.674257172401495,13.24028135828514,12.580892564770075,12.668421745300293,8086600,0.0,0.0
2008-04-03,12.563382951944114,12.790958963412471,12.154912103314912,12.726770401000977,6445000,0.0,0.0
2008-04-04,12.767623211100895,12.767623211100895,12.160753193475209,12.201600074768066,4861600,0.0,0.0
2008-04-07,12.4058347825724,12.569223410048144,12.201599276476212,12.341646194458008,5477200,0.0,0.0
2008-04-08,12.230773036901427,12.259950168369292,11.874820936943555,11.974020957946777,4712800,0.0,0.0
2008-04-09,11.991524688893504,12.131572677193192,11.734772640662541,11.775619506835938,3402600,0.0,0.0
2008-04-10,11.670583293230594,12.020701014626223,11.478018713412032,11.647241592407227,7811900,0.0,0.0
2008-04-11,11.52470609755321,11.833977092241355,11.443012334538775,11.536376953125,7380900,0.0,0.0
2008-04-14,11.3263033058048,11.53637420406193,10.812798025946432,10.830303192138672,11666500,0.0,0.0
2008-04-15,11.501363951823922,12.014870447639058,11.349647287099547,11.740612030029297,15211100,0.0,0.0
2008-04-16,11.950676559797461,12.003194271611475,11.577218265114261,11.845641136169434,8958600,0.0,0.0
2008-04-17,11.793128256552258,12.755952625661061,11.793128256552258,12.656752586364746,8427100,0.0,0.0
2008-04-18,12.913508459500328,13.211108663737503,12.56339161968651,12.604238510131836,10126800,0.0,0.0
2008-04-21,12.557554404606716,12.563389832839565,12.067389562988653,12.248283386230469,6526600,0.0,0.0
2008-04-22,12.079056433117998,12.27745647558228,11.962350132964739,12.149079322814941,6153400,0.0,0.0
2008-04-23,12.08489054896896,12.213267699638667,11.804796768770277,11.921503067016602,6374500,0.0,0.0
2008-04-24,12.003198489551613,12.83764563382956,11.898163029013983,12.755951881408691,10758900,0.0,0.0
2008-04-25,12.931003431315045,13.01269714071899,12.505027499432591,12.966014862060547,8702800,0.0,0.0
2008-04-28,13.024370555694638,13.129405981626617,12.767617415971305,13.001029968261719,5011000,0.0,0.0
2008-04-29,13.036047087303793,13.123576276063075,12.860988709785229,13.041882514953613,5264300,0.0,0.0
2008-04-30,13.053546954757092,13.181922960977465,12.7676167054136,12.790958404541016,5689100,0.0,0.0
2008-05-01,12.87265568447287,13.514538119026396,12.808468220113163,13.444515228271484,7509600,0.0,0.0
2008-05-02,13.497031666377493,14.185596390249485,13.467855647770213,13.69543170928955,7979300,0.0,0.0
2008-05-05,13.660421565425901,13.689597586812004,13.321974597575304,13.356986045837402,6575900,0.0,0.0
2008-05-06,12.960191017042874,13.456191366548,12.91350869667735,13.339486122131348,7799100,0.0,0.0
2008-05-07,13.32197964104192,13.421179709501486,12.726779230284528,12.78513240814209,6069100,0.0,0.0
2008-05-08,12.8551508194768,12.901833118738432,12.283291262279533,12.522538185119629,7220000,0.0,0.0
2008-05-09,12.353318214416504,12.7559538372135,12.189929571529328,12.353318214416504,7008200,0.0,0.0
2008-05-12,12.411666209829047,12.709266232000523,12.37665365687221,12.685924530029297,4537000,0.0,0.0
2008-05-13,12.615905337497917,12.720939688087197,12.411669837529878,12.505034446716309,6509000,0.0,0.0
2008-05-14,12.429176551439149,12.505036001455865,12.195764999453235,12.353318214416504,9112800,0.0,0.0
2008-05-15,12.34164261786569,12.440842628479004,12.21326659183408,12.440842628479004,6531000,0.0,0.0
2008-05-16,12.213266297940853,12.22493714902479,11.711430831267787,11.769783973693848,9985700,0.0,0.0
2008-05-19,11.78145968452995,11.828141995128135,11.472188681195691,11.501364707946777,9047100,0.0,0.0
2008-05-20,11.460512338779772,11.64724149177922,11.337971749496464,11.513030052185059,10641900,0.0,0.0
2008-05-21,11.577221550284554,11.612232997097628,10.99369224276212,11.028703689575195,12176100,0.0,0.0
2008-05-22,11.063716252583905,11.378822644673493,11.05204651113143,11.16875171661377,7700200,0.0,0.0
2008-05-23,11.104561973694539,11.19792656419696,10.859479645377258,10.888655662536621,6817600,0.0,0.0
2008-05-27,10.906159072458655,11.15707676081865,10.87698194997876,11.110394477844238,7281900,0.0,0.0
2008-05-28,11.18625198734105,11.197922835516126,10.305122984003019,10.55020523071289,18136500,0.0,0.0
2008-05-29,10.439338630438984,10.952845028349682,10.404327184715825,10.836138725280762,8585300,0.0,0.0
2008-05-30,10.906158834896459,10.93533484374741,10.380982884625556,10.39848804473877,7919700,0.0,0.0
2008-06-02,10.340141546207594,10.486023910018055,10.04254139047496,10.089224815368652,17573100,0.0,0.0
2008-06-03,10.130070818280748,10.205929151148402,9.546541413780595,9.733270645141602,19627200,0.0,0.0
2008-06-04,9.774114348276514,9.867478933608618,9.435667448199222,9.587385177612305,16492000,0.0,0.0
2008-06-05,9.51736344498034,9.768281245091618,9.482351995404834,9.651576042175293,8743700,0.0,0.0
2008-06-06,9.52903459262321,9.52903459262321,8.9279994957628,9.015528678894043,16256800,0.0,0.0
2008-06-09,9.103059375677505,9.161411985068252,8.22192979845483,8.367812156677246,22064100,0.0,0.0
2008-06-10,8.204421118829615,9.132232115782937,8.146067973940903,8.402820587158203,20288800,0.0,0.0
2008-06-11,8.431997247809877,8.496185819158304,7.87764459155535,7.9885149002075195,16850900,0.0,0.0
2008-06-12,8.134397534897046,8.373644995876633,7.720091743366976,7.871809482574463,17694100,0.0,0.0
2008-06-13,8.130002364153256,8.328148609903574,7.427483648264909,7.973886966705322,18855900,0.38,0.0
2008-06-16,7.937860160946002,8.550311996358506,7.8477933271962685,8.256094932556152,16466700,0.0,0.0
2008-06-17,8.274109511615329,8.406207213883462,7.6196261440568716,7.643643856048584,17422500,0.0,0.0
2008-06-18,7.217330546342169,7.229339117579999,6.454767089718838,6.845055103302002,41276300,0.0,0.0
2008-06-19,6.893087005955929,6.905096143675553,6.196573051779443,6.712954521179199,32581100,0.0,0.0
2008-06-20,6.39472070349633,7.265363917672707,6.202579037120633,6.736973762512207,28882300,0.0,0.0
2008-06-23,6.797015646086172,6.8330424837099315,6.35869246198885,6.526816368103027,13852100,0.0,0.0
2008-06-24,6.5028024286725055,7.025188154306233,6.370704711145101,6.821037292480469,21535300,0.0,0.0
2008-06-25,6.863064490373229,7.271365389600086,6.8510553540823995,6.953130722045898,24645900,0.0,0.0
2008-06-26,6.845050025902948,6.959134517490004,6.610877620504277,6.688935279846191,15826300,0.0,0.0
2008-06-27,6.658915496283055,6.736973184710336,6.304653899815891,6.472777843475342,16330700,0.0,0.0
2008-06-30,6.550835609436035,6.634897868574335,6.190570011616091,6.550835609436035,20115500,0.0,0.0
2008-07-01,6.4607704676437985,6.9591383934021,6.364699624985918,6.9591383934021,25908700,0.0,0.0
2008-07-02,7.091234466349902,7.313398382336218,6.316662758808918,6.358693599700928,22226000,0.0,0.0
2008-07-03,6.496795485986551,6.6348977249655166,5.9203699693237715,6.190569877624512,16172500,0.0,0.0
2008-07-07,6.268626976453836,6.598870862590921,5.638162052388003,5.788272857666016,25609600,0.0,0.0
2008-07-08,5.830302665140389,6.670922796453001,5.71621872533273,6.574851989746094,25200000,0.0,0.0
2008-07-09,6.568847380696659,6.9231089077160055,5.734231823102443,5.764254093170166,20843100,0.0,0.0
2008-07-10,5.764253858143964,5.998426295344496,5.560103117159906,5.692200183868408,17945800,0.0,0.0
2008-07-11,5.403989619467196,5.446020466600079,5.037719418071374,5.127785682678223,24724500,0.0,0.0
2008-07-14,5.211847487813409,5.30191374444059,4.233124941396122,4.281160354614258,32923600,0.0,0.0
2008-07-15,4.071004895319804,4.689461211742594,3.848840700633478,4.131049156188965,46462700,0.0,0.0
2008-07-16,4.287162345922464,4.827561028322588,4.095020795780904,4.8095479011535645,43952300,0.0,0.0
2008-07-17,5.331935169375638,5.9984268508123915,4.857585110127382,5.87833833694458,50837800,0.0,0.0
2008-07-18,6.14853851180246,6.298649318668501,5.71621980031991,6.070480823516846,32474800,0.0,0.0
2008-07-21,6.340679785279092,6.57485224247155,6.130524458059359,6.244608402252197,32679000,0.0,0.0
2008-07-22,5.061738468480781,6.93512196440946,4.70147216930594,6.845055103302002,68811300,0.0,0.0
2008-07-23,6.766991494672599,7.7937482640170925,6.6348939014747135,7.085226058959961,41887200,0.0,0.0
2008-07-24,6.977150629287976,7.121256874604476,5.914366354294649,6.100503444671631,28496900,0.0,0.0
2008-07-25,5.956396341604664,5.986418614879075,5.313922327617546,5.452023983001709,32394600,0.0,0.0
2008-07-28,5.434010232482198,5.70420951608721,5.193832646123276,5.211846351623535,21676000,0.0,0.0
2008-07-29,5.271890591067547,5.752245215971407,5.199837483226048,5.716218948364258,20292300,0.0,0.0
2008-07-30,6.016440197783789,6.346683448026116,5.548094162749738,5.848315715789795,23014300,0.0,0.0
2008-07-31,5.764253858143964,5.968404026500872,5.590125386003529,5.692200183868408,12241200,0.0,0.0
2008-08-01,5.662179779933552,5.9323791159395665,5.506064404418154,5.72222375869751,15844100,0.0,0.0
2008-08-04,5.722223337853357,5.788272454051556,5.403988613190016,5.638161659240723,12723600,0.0,0.0
2008-08-05,5.84231415625722,6.046465009088329,5.716221588761202,5.962403297424316,14794100,0.0,0.0
2008-08-06,5.938382104448536,6.136528269602968,5.602133736916305,6.0884928703308105,19784100,0.0,0.0
2008-08-07,5.854320235165808,6.1905686237056425,5.590125522662995,5.686196327209473,23184400,0.0,0.0
2008-08-08,5.704210600564508,5.902356817721303,5.5961306375236095,5.788272857666016,18921000,0.0,0.0
2008-08-11,5.782266433786384,6.190567876450561,5.7642533032650505,5.9924211502075195,14639200,0.0,0.0
2008-08-12,5.872332437461558,5.950390096945071,5.253876301710119,5.440013885498047,18092400,0.0,0.0
2008-08-13,5.39197850018077,5.39197850018077,4.809549133876478,5.0197038650512695,25295800,0.0,0.0
2008-08-14,5.001691548485174,5.422001651967741,4.983678413763311,5.331935405731201,11824200,0.0,0.0
2008-08-15,5.464031219482422,5.680190481090028,5.301911343806442,5.464031219482422,10003900,0.0,0.0
2008-08-18,5.512069112564663,5.512069112564663,5.055732113882894,5.073745250701904,14985600,0.0,0.0
2008-08-19,5.067738800202246,5.085752502963502,4.875597218432176,4.977672576904297,17645400,0.0,0.0
2008-08-20,5.001692802469154,5.193834481347169,4.8455774020670805,5.133790493011475,15302700,0.0,0.0
2008-08-21,5.001692355827373,5.175820879918065,4.869594677081127,4.893612384796143,13563900,0.0,0.0
2008-08-22,5.0617365481714245,5.103767390499514,4.815554918602989,5.0917582511901855,10364900,0.0,0.0
2008-08-25,4.881603585744774,5.04372296197587,4.863590448969606,4.911625862121582,9959000,0.0,0.0
2008-08-26,4.929637633494521,5.025708433188956,4.899615365433227,5.0197038650512695,10985500,0.0,0.0
2008-08-27,4.95966129143949,5.151802944673678,4.953656721619098,5.08575439453125,7784000,0.0,0.0
2008-08-28,5.187828362588555,5.361956831045554,5.0797484260886465,5.355952262878418,10617800,0.0,0.0
2008-08-29,5.247871599038545,5.734230673253022,5.22385390232592,5.566106796264648,12843400,0.0,0.0
2008-09-02,6.232600256947273,6.646905797850641,6.082489462433014,6.634897232055664,36412900,0.0,0.0
2008-09-03,6.5448310122099596,6.73697323620234,6.39472020392416,6.604875564575195,18897000,0.0,0.0
2008-09-04,6.466774562766139,6.682933942845531,6.298650027854818,6.304654598236084,14924300,0.0,0.0
2008-09-05,6.106507701690784,6.664920089451571,6.064476858784845,6.6589155197143555,15419200,0.0,0.0
2008-09-08,7.595604987952899,8.436225671750957,6.881077950720354,7.349423408508301,40573700,0.0,0.0
2008-09-09,7.175298179107613,7.5055421481517755,6.917107918597839,6.935121059417725,23706200,0.0,0.0
2008-09-10,7.109248631879263,7.199314896159308,6.496796202367457,6.7489824295043945,17378900,0.0,0.0
2008-09-11,6.160547998459967,6.724964412134322,6.100503443278149,6.676928997039795,18245000,0.0,0.0
2008-09-12,6.496794816666696,7.043198001378664,6.454763978651074,7.0191802978515625,15471700,0.0,0.0
2008-09-15,6.468063801417235,7.328049834098851,6.365107686408309,6.7345380783081055,28313400,0.1,0.0
2008-09-16,6.20764456289466,7.1705865923789425,6.20764456289466,7.1100239753723145,27133600,0.0,0.0
2008-09-17,6.946503345912075,7.073684334026166,6.262148560114131,6.583128929138184,23857800,0.0,0.0
2008-09-18,6.782987223480392,8.842108726501465,5.92300128250965,8.842108726501465,41575500,0.0,0.0
2008-09-19,11.567415148343587,11.991351127624512,9.369000620927658,11.991351127624512,31386600,0.0,0.0
2008-09-22,11.022354159553474,11.022354159553474,9.381112980848652,9.447731971740723,10714300,0.0,0.0
2008-09-23,9.27210021643469,9.27210021643469,8.309158325195312,8.309158325195312,10432100,0.0,0.0
2008-09-24,8.59380489307428,8.59380489307428,7.661143892449411,7.885225296020508,8033300,0.0,0.0
2008-09-25,8.357608556543243,8.678589008863787,7.982121869805126,8.387889862060547,7630700,0.0,0.0
2008-09-26,7.812548419986863,8.957177848873862,7.570299080439977,8.478734970092773,7889100,0.0,0.0
2008-09-29,7.758042170023448,8.109303974810851,4.996397018432617,4.996397018432617,24921400,0.0,0.0
2008-09-30,6.050182093140459,6.528624909185675,5.632301892824677,5.813989162445068,17028100,0.0,0.0
2008-10-01,5.959338861170759,6.770874924124132,5.904832621484649,6.328769207000732,20431100,0.0,0.0
2008-10-02,6.661865486696605,8.230432089156988,6.534684395211488,7.1766462326049805,13198800,0.0,0.0
2008-10-03,8.3212689394544,8.781543059099308,7.3038215846634325,8.188032150268555,15198200,0.0,0.0
2008-10-06,7.273544253364813,7.715649488519029,6.6921452002738695,7.346219062805176,13982300,0.0,0.0
2008-10-07,7.418890685443533,7.5460716917252775,6.3953868368468685,6.443836688995361,10041900,0.0,0.0
2008-10-08,6.165250297893251,6.873830170453659,5.904831886291504,5.904831886291504,10697900,0.0,0.0
2008-10-09,6.280319308695414,6.280319308695414,4.530066448144093,4.602741241455078,26110600,0.0,0.0
2008-10-10,4.233311379504791,5.904833662615291,4.215142822261943,5.535403251647949,23495300,0.0,0.0
2008-10-13,6.589188751395009,6.704257049617701,4.996397667942692,5.353715896606445,16200200,0.0,0.0
2008-10-14,6.007789738621567,7.019181799578513,6.007789738621567,6.885944366455078,24236800,0.0,0.0
2008-10-15,6.625524585449355,7.231148428189687,6.4377815176378785,7.067630290985107,17225100,0.0,0.0
2008-10-16,7.043406788684337,7.11608159524248,6.0562396555255145,6.940450668334961,15458300,0.0,0.0
2008-10-17,6.61946890368564,6.9646743153645865,6.304544222627859,6.522569179534912,14593000,0.0,0.0
2008-10-20,6.782985654034814,6.789042029945325,6.237924528580367,6.443836688995361,9708100,0.0,0.0
2008-10-21,6.243983614920478,6.96467591164803,6.110746174891637,6.837494850158691,13161000,0.0,0.0
2008-10-22,6.359051662841896,6.770876145828662,6.292433234298517,6.498344898223877,14518600,0.0,0.0
2008-10-23,6.492287975758177,6.498343775439054,5.505121009352654,5.929057598114014,15830900,0.0,0.0
2008-10-24,4.844989619990636,5.910887475004841,4.844989619990636,5.414275646209717,14203000,0.0,0.0
2008-10-27,5.390051105406081,6.3529929534269085,5.390051105406081,6.025956153869629,13509900,0.0,0.0
2008-10-28,6.328768860754895,7.085798642605191,6.20158783430133,7.0252366065979,14647600,0.0,0.0
2008-10-29,6.952562864445999,7.485512024753918,6.776931937105617,6.87988805770874,14584600,0.0,0.0
2008-10-30,7.237205603455735,7.267486914446187,6.389332361130866,6.571019649505615,9908600,0.0,0.0
2008-10-31,6.480176542976741,6.904113218205492,6.480176542976741,6.716370105743408,9788700,0.0,0.0
2008-11-03,6.601301858467435,7.170588784118872,6.571021118276524,7.128195285797119,6798000,0.0,0.0
2008-11-04,7.267486658851263,7.655086155247791,7.182699106573537,7.57635498046875,11238600,0.0,0.0
2008-11-05,7.806492467973284,7.848885957178175,6.873831662489876,6.958618640899658,10277600,0.0,0.0
2008-11-06,6.831438107427582,7.176644157391348,6.3590515803226575,6.4377827644348145,10741300,0.0,0.0
2008-11-07,6.57707924976538,6.7103167485647806,6.286379882459382,6.637641906738281,7644700,0.0,0.0
2008-11-10,6.764817426955063,6.879885686911383,6.322711783025593,6.468061923980713,5878800,0.0,0.0
2008-11-11,6.2984880103160155,6.595244145254004,6.153138420285937,6.250038146972656,7705600,0.0,0.0
2008-11-12,6.15313801139777,6.431724995893396,5.765539130407606,5.838213920593262,10404700,0.0,0.0
2008-11-13,5.856383542415676,6.365107744114725,5.450615456658959,6.346938610076904,11345300,0.0,0.0
2008-11-14,6.153139405386395,6.449895010266198,5.844271043947569,5.856383800506592,7578200,0.0,0.0
2008-11-17,5.874549154973009,5.953280296978376,5.450612725193706,5.486950397491455,11114600,0.0,0.0
2008-11-18,5.547513500679893,5.916944360692878,5.371882634918379,5.807931900024414,11712600,0.0,0.0
2008-11-19,5.723146880035067,5.862440705129851,5.256816684436869,5.281041622161865,12025000,0.0,0.0
2008-11-20,5.21442062540268,5.347658020958145,4.554290890495084,4.639078140258789,16931300,0.0,0.0
2008-11-21,4.844991452318862,4.935834811022644,4.148523873291227,4.8147101402282715,18836500,0.0,0.0
2008-11-24,5.299208704504626,5.711033108647861,4.863159369386373,5.680751800537109,13384600,0.0,0.0
2008-11-25,5.771596490286095,5.898777551890505,5.29920993757031,5.6989216804504395,10100300,0.0,0.0
2008-11-26,5.499065515089114,6.086520918488304,5.420334330916603,6.056239604949951,7882700,0.0,0.0
2008-11-28,6.032016668136242,6.268210298908495,5.995678964337354,6.171309947967529,3418600,0.0,0.0
2008-12-01,5.99567668574271,6.050182931942406,5.063015855125667,5.129634857177734,9665700,0.0,0.0
2008-12-02,5.359772794652255,5.662584803896607,5.06907296544228,5.602022171020508,9995500,0.0,0.0
2008-12-03,5.262870571446074,6.056238004114999,5.256814772393535,6.019900321960449,10568500,0.0,0.0
2008-12-04,5.783708819377888,6.352995076413665,5.717089815449017,5.880608558654785,12350100,0.0,0.0
2008-12-05,5.717089032227473,5.935113993299828,5.426389854221567,5.789764404296875,15271200,0.0,0.0
2008-12-08,5.935113660097568,6.116800924935147,5.711032911906116,6.044125556945801,10243100,0.0,0.0
2008-12-09,5.892719600973461,6.0441255587896485,5.45061448138278,5.517232894897461,10816100,0.0,0.0
2008-12-10,5.602022974938567,5.69286635972112,5.274985981125961,5.432448387145996,7694300,0.0,0.0
2008-12-11,5.414278008036512,5.5051219495801185,4.996397725153597,5.026679039001465,8742400,0.0,0.0
2008-12-12,4.8510484527708755,5.402166208784534,4.844992074061963,5.365828514099121,8101000,0.0,0.0
2008-12-15,5.433206457651081,5.433206457651081,4.9309259960194805,5.059558868408203,6245800,0.1,0.0
2008-12-16,5.1698163952410585,5.347452252106702,5.08406151657845,5.329076290130615,11796700,0.0,0.0
2008-12-17,5.261695630074472,5.469958410670279,5.1146868146519395,5.371952533721924,9490200,0.0,0.0
2008-12-18,5.439333155127523,5.518963101471659,5.084061446306785,5.120813369750977,8145900,0.0,0.0
2008-12-19,5.280071931723398,5.51283619679868,4.9125498691001726,4.94317626953125,11216500,0.0,0.0
2008-12-22,4.967679598892609,5.133065027068298,4.94317811888451,5.022808074951172,10655100,0.0,0.0
2008-12-23,5.05955944987472,5.206568296882107,4.87579809903487,4.973803997039795,8112500,0.0,0.0
2008-12-24,4.986054986807644,5.102436843724717,4.93705203819401,5.053433895111084,2298500,0.0,0.0
2008-12-26,5.102436426866414,5.13918892740465,4.949302078919255,5.047307968139648,2919600,0.0,0.0
2008-12-29,5.047308382508754,5.084060886064262,4.8022936393427855,4.863547325134277,5662300,0.0,0.0
2008-12-30,4.900298787739713,4.973803199456472,4.73491371533672,4.832919597625732,6726900,0.0,0.0
2008-12-31,4.802292860696765,4.906424255698695,4.594030070692905,4.875797271728516,9690800,0.0,0.0
2009-01-02,4.973803128951997,5.310698782665779,4.894173204680658,5.273946285247803,8917000,0.0,0.0
2009-01-05,5.194317281984882,5.5557144700032195,5.14531433284625,5.341326713562012,12011800,0.0,0.0
2009-01-06,5.427080236181438,5.451581704672689,5.206567019760175,5.4087042808532715,7774200,0.0,0.0
2009-01-07,5.2371946245602485,5.2371946245602485,4.777791597566563,4.845170497894287,11288800,0.0,0.0
2009-01-08,4.808420178846769,4.8941753624421125,4.74104095998151,4.771667957305908,9061500,0.0,0.0
2009-01-09,4.826794458184926,4.839045193679586,4.349015189732068,4.391892910003662,11123200,0.0,0.0
2009-01-12,4.416395220706052,4.496025162602095,4.226508638394385,4.300013065338135,12211500,0.0,0.0
2009-01-13,4.251009622981684,4.447021697603067,4.104000493995497,4.4163947105407715,13708900,0.0,0.0
2009-01-14,4.238759092281707,4.349015725311702,4.128502167171101,4.195881366729736,12115100,0.0,0.0
2009-01-15,4.2020058511995755,4.2020058511995755,3.6568474579888837,3.7364773750305176,17505500,0.0,0.0
2009-01-16,3.889611781222381,3.9814924342756193,3.5588416638951577,3.7181015014648438,16682700,0.0,0.0
2009-01-20,3.4302091310861287,3.5527167773881234,2.817671775817871,2.817671775817871,28075400,0.0,0.0
2009-01-21,2.934053559356908,3.074937145993443,2.725790789873195,3.03205943107605,22708300,0.0,0.0
2009-01-22,2.9830572633419945,3.032060211819632,2.535904920362635,2.6032841205596924,18333500,0.0,0.0
2009-01-23,2.4807768354721214,2.909552941614665,2.450149845570244,2.854424476623535,15574900,0.0,0.0
2009-01-26,3.0075594457606103,3.0075594457606103,2.4501503374553386,2.511404037475586,12730100,0.0,0.0
2009-01-27,2.7625447320705274,2.8482999147806285,2.4562759303109045,2.4991533756256104,13169500,0.0,0.0
2009-01-28,2.7564173027894032,2.8973008655040813,2.6400352038441923,2.7931694984436035,20610000,0.0,0.0
2009-01-29,2.7502921511986176,2.7502921511986176,2.4869012351224784,2.5359041690826416,15145500,0.0,0.0
2009-01-30,2.4930263107958806,2.578781430190391,2.0826263727157244,2.1193785667419434,19374300,0.0,0.0
2009-02-02,2.082626537836004,2.1132533686194237,1.6354743702773342,1.7886086702346802,27033800,0.0,0.0
2009-02-03,1.91724230786151,1.935618414021294,1.5435943778249688,1.5987226963043213,21499800,0.0,0.0
2009-02-04,1.623224631551511,1.708979810236451,1.4578394980473603,1.531343936920166,15650500,0.0,0.0
2009-02-05,1.5313424609178863,1.960118379182934,1.4394618548467342,1.733479619026184,28918200,0.0,0.0
2009-02-06,1.8559882371806966,2.7870451857794833,1.8437375013081079,2.5726568698883057,47574100,0.0,0.0
2009-02-09,2.878926028386248,3.087188864272111,2.6584127467101184,2.8421738147735596,32890000,0.0,0.0
2009-02-10,2.8482996317278215,2.8605503708975486,1.941744056926036,1.9846216440200806,47192400,0.0,0.0
2009-02-11,2.162257540101027,2.3215172977106104,2.076502364640661,2.254138231277466,26647700,0.0,0.0
2009-02-12,2.0642514568314225,2.211260473493032,1.9723709126931235,2.1867589950561523,21358200,0.0,0.0
2009-02-13,2.1438803172631693,2.2541370601851183,2.051999673821502,2.070375919342041,13067600,0.0,0.0
2009-02-17,1.825360864385363,1.978495164108697,1.825360864385363,1.8927398920059204,21006300,0.0,0.0
2009-02-18,1.9968717765541508,2.0826270707307133,1.7947344956212137,1.831486701965332,17067300,0.0,0.0
2009-02-19,1.8376126155212473,1.923367935169984,1.610973796372985,1.6170991659164429,11355900,0.0,0.0
2009-02-20,1.4945916823567298,1.8498634206394327,1.4394632084574588,1.7396066188812256,23819600,0.0,0.0
2009-02-23,1.8988660884330537,1.929493078601581,1.6170989764131671,1.6477258205413818,16631400,0.0,0.0
2009-02-24,1.6293495669687579,2.076501888993261,1.555845001656633,2.0152480602264404,28278100,0.0,0.0
2009-02-25,1.9601197280169114,2.5114033056827223,1.7334808119011829,2.303140640258789,38851300,0.0,0.0
2009-02-26,2.5359044208067067,2.7380416894976,2.2112596590145572,2.4133970737457275,38114400,0.0,0.0
2009-02-27,2.0213736242846996,2.419523038691824,1.8988661009255605,2.0948781967163086,34587500,0.0,0.0
2009-03-02,1.9478694342562437,2.327642642108542,1.9417440646470239,2.1867589950561523,20402200,0.0,0.0
2009-03-03,2.327641921422894,2.388895744589985,2.088752434588067,2.1010031700134277,13501600,0.0,0.0
2009-03-04,2.205135179782315,2.3215173524035806,2.070377043741239,2.156132221221924,11990900,0.0,0.0
2009-03-05,2.0765025639612675,2.1377562665983296,1.7763591289589684,1.8988665342330933,15967600,0.0,0.0
2009-03-06,1.9294928010033667,2.052000159890959,1.690603159091979,1.8008599281311035,16812000,0.0,0.0
2009-03-09,1.8008603061585802,2.0458752214063467,1.7457318370465833,2.002997636795044,16474700,0.0,0.0
2009-03-10,2.1193797372730816,2.3582692764221758,2.1132543682190104,2.2908902168273926,18503000,0.0,0.0
2009-03-11,2.4011471305325776,2.450150085509871,2.0887530004716823,2.162257432937622,17108500,0.0,0.0
2009-03-12,2.125504815920684,2.3337674813446174,1.9478689915825798,2.303140640258789,27849500,0.0,0.0
2009-03-13,2.327643243652544,2.4501508135374923,2.2051356737675953,2.3827717304229736,13825900,0.0,0.0
2009-03-16,2.5147971243622305,2.6971198918955177,2.395344224980563,2.420492172241211,16162700,0.1,0.0
2009-03-17,2.420492604911618,2.609102542868256,2.3764836893387566,2.571380615234375,12704300,0.0,0.0
2009-03-18,2.5336581863798497,3.1120612621307373,2.45821419614317,3.1120612621307373,26273600,0.0,0.0
2009-03-19,3.2252276518136567,3.26294957583761,2.6719721665545992,2.728555202484131,20488400,0.0,0.0
2009-03-20,2.8039983664400645,2.8165723380470418,2.401630825336102,2.5273706912994385,17175300,0.0,0.0
2009-03-23,2.810285040556134,2.91087710740779,2.6531102546242287,2.829146146774292,22101900,0.0,0.0
2009-03-24,2.690832729982936,3.0932001373437092,2.6593976498101752,2.822859287261963,20627800,0.0,0.0
2009-03-25,2.835434046897382,3.143496566518325,2.7034071671206372,2.9485998153686523,17119900,0.0,0.0
2009-03-26,2.973747390697218,3.0806263085109378,2.803998609401062,2.860581636428833,13933500,0.0,0.0
2009-03-27,2.7411294351759024,2.986322114304706,2.7159814834594727,2.7159814834594727,11550400,0.0,0.0
2009-03-30,2.5525194675818206,2.6405372975571306,2.451927661895752,2.451927661895752,11894400,0.0,0.0
2009-03-31,2.5965286164718693,2.7034075633649213,2.445640753167286,2.6782596111297607,11869100,0.0,0.0
2009-04-01,2.6531112544463458,2.904591066664713,2.5776674007170035,2.772564172744751,13533200,0.0,0.0
2009-04-02,2.9863225282743016,3.0051836445698026,2.7159818599539407,2.797712564468384,14059300,0.0,0.0
2009-04-03,2.722267432481905,2.866868257522583,2.5713797714588322,2.866868257522583,11442700,0.0,0.0
2009-04-06,2.615388785059811,2.7159808689532254,2.5776668660199675,2.659397840499878,11120900,0.0,0.0
2009-04-07,2.546232667181974,2.60281540882148,2.5085105895996094,2.5085105895996094,8528400,0.0,0.0
2009-04-08,2.5525190624123595,2.5839541465930793,2.3136134119365854,2.4079182147979736,9464700,0.0,0.0
2009-04-09,2.7662769408228245,2.810285699336431,2.4456403083546254,2.7096939086914062,24425900,0.0,0.0
2009-04-13,2.6531112787684195,3.22522792426214,2.5713805863726558,3.162358045578003,24725600,0.0,0.0
2009-04-14,3.20636717280128,3.3761160143087814,2.923452536884532,2.9737484455108643,24231400,0.0,0.0
2009-04-15,2.9234527043056002,3.1497846058729917,2.829147720336914,3.1434974670410156,13220200,0.0,0.0
2009-04-16,3.2503745786549643,4.426041890146769,3.1497828129020724,4.212284088134766,74214400,0.0,0.0
2009-04-17,4.262580972457479,4.778114156589557,3.866500379926376,4.545495510101318,62195300,0.0,0.0
2009-04-20,4.306590641208554,4.306590641208554,3.552151514203852,3.646456480026245,28862700,0.0,0.0
2009-04-21,3.14978355536957,4.111693291590893,3.024043518751884,3.8602135181427,53901000,0.0,0.0
2009-04-22,3.6150213914897065,4.356886543037238,3.539577538746681,3.646456480026245,42371300,0.0,0.0
2009-04-23,3.7533346139136343,3.8665006775106967,3.269236174601705,3.659029960632324,37618700,0.0,0.0
2009-04-24,3.6527431095985183,3.7407609327803413,3.2063665566384647,3.49556827545166,49489500,0.0,0.0
2009-04-27,3.3886895349744166,3.4452725744503603,3.0491918976931993,3.086913824081421,28849400,0.0,0.0
2009-04-28,2.986321240331393,3.2692357642374037,2.8165724660303573,2.9611732959747314,27102600,0.0,0.0
2009-04-29,3.112061793606084,3.1812188089580844,2.835434331772533,2.929738998413086,26766300,0.0,0.0
2009-04-30,3.0869130013943002,3.0932001373437092,2.734841482480231,2.822859287261963,26542100,0.0,0.0
2009-05-01,2.7851379261193054,2.948599895942919,2.7411291648492573,2.7599899768829346,14480200,0.0,0.0
2009-05-04,2.772563784508388,3.5207159786968956,2.7662769474715554,3.4767072200775146,47691300,0.0,0.0
2009-05-05,3.332105771225798,3.508141373602942,3.156069869061524,3.4515583515167236,30330200,0.0,0.0
2009-05-06,3.6464562464790786,4.117980745603759,3.4012632910874587,3.6653170585632324,66646100,0.0,0.0
2009-05-07,4.099120651058325,4.117981767610662,3.1623585575414594,3.2880983352661133,42991600,0.0,0.0
2009-05-08,3.5710112607357845,4.149414558554969,3.068052092909592,4.105405807495117,68338400,0.0,0.0
2009-05-11,3.9922418620023423,4.099120827564083,3.6904660826816063,3.7219011783599854,34952800,0.0,0.0
2009-05-12,3.7973434011856333,3.835065319765829,3.174931294931662,3.3635408878326416,36450500,0.0,0.0
2009-05-13,3.156069800623679,3.2566615712293343,2.9234511812045385,2.954885959625244,34110900,0.0,0.0
2009-05-14,2.8920176285945356,3.2943852230613304,2.8605828335913395,3.1309235095977783,24657800,0.0,0.0
2009-05-15,3.1434971650801424,3.181219095086634,2.9548872152604333,3.049192190170288,22590800,0.0,0.0
2009-05-18,3.1560710104027336,3.4829946899739923,3.1057751058205767,3.4138376712799072,37149300,0.0,0.0
2009-05-19,3.313245592097518,3.696752282962851,3.2440885790394907,3.294384479522705,32999100,0.0,0.0
2009-05-20,3.061765653658291,3.4201243783365323,2.9988957808517225,3.0743396282196045,101898000,0.0,0.0
2009-05-21,2.5085108388639683,2.6531115760394446,2.4519279417083473,2.577667713165283,570981700,0.0,0.0
2009-05-22,2.6908336173004153,2.7034075935584303,2.5022236736429466,2.539945602416992,101604500,0.0,0.0
2009-05-26,2.5147971412678043,2.527371114982656,2.307326425079159,2.4079182147979736,112017900,0.0,0.0
2009-05-27,2.521085105561873,2.5902418338005773,2.445641088614767,2.489650011062622,89481300,0.0,0.0
2009-05-28,2.5462317986034693,2.5713797418174233,2.3701958963186596,2.5273706912994385,65791800,0.0,0.0
2009-05-29,2.539944977005411,2.6342499256134033,2.4456401782910024,2.6342499256134033,82740200,0.0,0.0
2009-06-01,2.646824474351969,2.665685288302727,2.4833626378071108,2.5085105895996094,58703700,0.0,0.0
2009-06-02,2.5147972106933594,2.5713802438658604,2.4330662293969,2.5147972106933594,47847700,0.0,0.0
2009-06-03,2.52108478792359,2.5965286454716807,2.5147976499009617,2.539945602416992,38673600,0.0,0.0
2009-06-04,2.565093994140625,2.6405378646065745,2.5147980804966585,2.565093994140625,71373600,0.0,0.0
2009-06-05,2.6216761401137774,2.659398062299715,2.4959362496003905,2.5147972106933594,51567000,0.0,0.0
2009-06-08,2.5085106040233263,2.583954609728235,2.4896496400705033,2.5588066577911377,32855500,0.0,0.0
2009-06-09,2.5588064588306842,2.5839544088123985,2.5210845338581134,2.5525193214416504,21829400,0.0,0.0
2009-06-10,2.5650931069412763,2.5776670810032556,2.4959362496003905,2.5147972106933594,29959800,0.0,0.0
2009-06-11,2.590240511499013,2.8480073753575716,2.57137970425761,2.74741530418396,103980700,0.0,0.0
2009-06-12,2.7537028161574333,2.910877630324586,2.741128843015548,2.8039987087249756,38747400,0.0,0.0
2009-06-15,2.7598911748356514,2.8418058230545387,2.677976526616764,2.7283854484558105,47528000,0.01,0.0
2009-06-16,2.759891750415858,2.759891750415858,2.640170385849588,2.6779770851135254,39745800,0.0,0.0
2009-06-17,2.6212669820770347,2.6401704826324326,2.419631095047372,2.514147996902466,57713200,0.0,0.0
2009-06-18,2.5393519401550293,2.6527720119969094,2.520448444617615,2.5393519401550293,35301600,0.0,0.0
2009-06-19,2.602363348007202,2.6275678109039533,2.507846461913936,2.602363348007202,65579800,0.0,0.0
2009-06-22,2.5708569382147792,2.596061394435644,2.400726708493531,2.4196300506591797,43225800,0.0,0.0
2009-06-23,2.41963012445896,2.4700391886685984,2.3062100680057065,2.3692212104797363,33198800,0.0,0.0
2009-06-24,2.4448357166023635,2.4574379501740893,2.375523281727398,2.4007277488708496,23272800,0.0,0.0
2009-06-25,2.369221119032657,2.495243549346924,2.362920005028464,2.495243549346924,31069100,0.0,0.0
2009-06-26,2.4511368754488188,2.488943576812744,2.37552332249049,2.488943576812744,30677500,0.0,0.0
2009-06-29,2.470040403491991,2.602364017997703,2.4322335491828677,2.5645573139190674,31828500,0.0,0.0
2009-06-30,2.589760821640334,2.608664016429778,2.451136141264146,2.5456528663635254,23859900,0.0,0.0
2009-07-01,2.5456534833856597,2.5582557164534725,2.4889434345805026,2.5015456676483154,16428700,0.0,0.0
2009-07-02,2.463738767665321,2.4889432317469375,2.3629207611083984,2.3629207611083984,23419200,0.0,0.0
2009-07-06,2.375522252272666,2.4574368852208863,2.3629200241622335,2.4196300506591797,23870000,0.0,0.0
2009-07-07,2.413329601287842,2.4763409094251094,2.3818240223344334,2.413329601287842,24461600,0.0,0.0
2009-07-08,2.4259312387063634,2.463738074421195,2.2368976610538596,2.3692212104797363,34906000,0.0,0.0
2009-07-09,2.407027822548747,2.4511357711656703,2.381823366327882,2.4196300506591797,18983400,0.0,0.0
2009-07-10,2.4070282061348376,2.4637383918995774,2.375522630838001,2.45743727684021,18488000,0.0,0.0
2009-07-13,2.5141482249170655,2.5645573139190674,2.4322335491828677,2.5645573139190674,26174600,0.0,0.0
2009-07-14,2.5582559035400285,2.621267073487131,2.520449201571767,2.5771594047546387,25469500,0.0,0.0
2009-07-15,2.614966435144442,2.6842788810218936,2.5834606959835105,2.652773141860962,34197400,0.0,0.0
2009-07-16,2.614964987700485,2.6779761306832186,2.5771583019108455,2.6590726375579834,21168400,0.0,0.0
2009-07-17,2.6464703548843875,2.6464703548843875,2.4511358156293124,2.5519537925720215,25975500,0.0,0.0
2009-07-20,2.5708573263900263,2.6023630516535845,2.5267496715740814,2.5456528663635254,24797500,0.0,0.0
2009-07-21,2.3251140398700065,2.3440173877270243,2.117176912981902,2.1549837589263916,101115800,0.0,0.0
2009-07-22,2.142381442080705,2.3125117162790048,2.079370134825126,2.205392599105835,49368600,0.0,0.0
2009-07-23,2.262102325458179,2.3251136239401995,2.16128448825563,2.3062102794647217,41573600,0.0,0.0
2009-07-24,2.27470470127509,2.344017119036105,2.2242957794346694,2.3251137733459473,20355800,0.0,0.0
2009-07-27,2.3377158293264633,2.5582549961484053,2.325113599806948,2.533050537109375,52668900,0.0,0.0
2009-07-28,2.539353202610292,2.5519554390802255,2.44483627885528,2.4637396335601807,26472600,0.0,0.0
2009-07-29,2.470041138809934,2.5393536004852,2.4196320348014133,2.4511377811431885,27424900,0.0,0.0
2009-07-30,2.533051162979334,2.696880487673071,2.5204489303460407,2.665374755859375,55067800,0.0,0.0
2009-07-31,2.6716757722230753,2.8103006342589687,2.6338690736117223,2.7850961685180664,33580900,0.0,0.0
2009-08-03,2.7283849018073556,2.8481062174186365,2.696879482200691,2.7976973056793213,38427200,0.0,0.0
2009-08-04,2.7598915281464405,2.980430739655294,2.7094825998542356,2.885913848876953,45954000,0.0,0.0
2009-08-05,2.930021911432102,3.030839771459744,2.8859139474395477,2.980430841445923,46393000,0.0,0.0
2009-08-06,3.04974276682331,3.0749472276680585,2.8733112404491967,2.8985157012939453,49824800,0.0,0.0
2009-08-07,2.9930326278496704,3.15056066089439,2.961526901056375,3.106452703475952,42904400,0.0,0.0
2009-08-10,3.131657600402832,3.2072712951339515,3.0245387754171764,3.131657600402832,36374500,0.0,0.0
2009-08-11,3.112753685362025,3.1190546498699665,2.961526631180355,2.999333620071411,34391500,0.0,0.0
2009-08-12,2.967828421627638,3.0686462752921493,2.936322692127026,3.0371408462524414,29488000,0.0,0.0
2009-08-13,3.270281753292691,3.326991937022316,3.1064524671674882,3.276582717895508,66286700,0.0,0.0
2009-08-14,3.390002159541386,3.6546492107230906,3.3143888021925485,3.553831100463867,90586900,0.0,0.0
2009-08-17,3.3395952291248685,3.4404130985302843,3.2765837602855323,3.3080894947052,42876400,0.0,0.0
2009-08-18,3.3710995325188526,3.5097243569216814,3.32699187967683,3.427809715270996,42514200,0.0,0.0
2009-08-19,3.364798529906225,3.6546501044166937,3.3206905771030333,3.4719176292419434,38734200,0.0,0.0
2009-08-20,3.446712357300749,3.5601327046433098,3.3774002566589645,3.4593145847320557,42430400,0.0,0.0
2009-08-21,3.5475313958764434,3.7239626256031517,3.5223269344869133,3.6924571990966797,52353200,0.0,0.0
2009-08-24,3.7932755364572484,3.8499857321666715,3.5601340881466057,3.591639518737793,49706800,0.0,0.0
2009-08-25,3.7050606345200316,3.774372775648167,3.604242455719236,3.6735548973083496,44400900,0.0,0.0
2009-08-26,3.7113600550453536,3.7806724677498056,3.6105422187194987,3.67985463142395,43023800,0.0,0.0
2009-08-27,3.692458435786808,3.749168342676276,3.553833551254819,3.7302651405334473,40537000,0.0,0.0
2009-08-28,3.8058786994164886,3.8310831702369166,3.7113617836093886,3.761770725250244,27695800,0.0,0.0
2009-08-31,3.698758164213622,3.749167086992682,3.6420482763176203,3.6924571990966797,34671500,0.0,0.0
2009-09-01,3.64204793951787,3.7869737293360397,3.471917690640962,3.49082088470459,55743500,0.0,0.0
2009-09-02,3.427810564307269,3.465617262019443,3.2513790078561997,3.270282506942749,49530900,0.0,0.0
2009-09-03,3.3584988179564275,3.4215099936246465,3.2702831720209207,3.295487642288208,41649800,0.0,0.0
2009-09-04,3.320690217933476,3.50342267334368,3.308087989990042,3.4845194816589355,29040800,0.0,0.0
2009-09-08,3.5916385401041806,3.6168429978938996,3.4782184800504448,3.528627395629883,20003300,0.0,0.0
2009-09-09,3.534927777163821,3.585336680149419,3.4782176110746423,3.5664331912994385,23552600,0.0,0.0
2009-09-10,3.5601331180974505,3.5727353469923098,3.484519744728293,3.528627395629883,17469200,0.0,0.0
2009-09-11,3.53492877577447,3.5601332343874805,3.446712870168086,3.4719176292419434,21438800,0.0,0.0
2009-09-14,3.4152102188030735,3.4782214164733887,3.3584999906692445,3.4782214164733887,22909100,0.0,0.0
2009-09-15,3.5350317734005374,3.913785123942351,3.471906265144596,3.825409412384033,68683800,0.01,0.0
2009-09-16,3.844347302134523,4.248350865097463,3.7749090909826175,4.033723831176758,80536800,0.0,0.0
2009-09-17,4.046348224629453,4.298850520147457,3.8695968284711335,3.957972526550293,68204500,0.0,0.0
2009-09-18,4.002161399983856,4.027411604948546,3.8001594592601458,3.8695976734161377,48860800,0.0,0.0
2009-09-21,3.8695970871679366,4.2041624027661655,3.863284386380052,4.12209939956665,42629900,0.0,0.0
2009-09-22,4.235726446986047,4.3304148772969535,4.172600927114183,4.29885196685791,38885900,0.0,0.0
2009-09-23,4.355664656872131,4.361977057735391,4.147350311279297,4.147350311279297,28920900,0.0,0.0
2009-09-24,4.185227220400435,4.21047743552451,3.9200996605913496,4.0211005210876465,39934400,0.0,0.0
2009-09-25,3.9200978304271805,4.052661548442103,3.9137851290901997,4.014786243438721,27796200,0.0,0.0
2009-09-28,4.033723592929953,4.153662204742432,4.008473390549026,4.153662204742432,23837000,0.0,0.0
2009-09-29,4.185226201735687,4.242039021433722,4.065287558585694,4.071599960327148,34630800,0.0,0.0
2009-09-30,4.103163200242273,4.128413411240186,3.819098176012619,3.9200990200042725,47949300,0.0,0.0
2009-10-01,3.888535276330264,3.9705985950725284,3.730721340751845,3.768596649169922,43100000,0.0,0.0
2009-10-02,3.6297197305170017,3.869596932775248,3.5160938299238933,3.6549699306488037,36211500,0.0,0.0
2009-10-05,3.730721607513174,3.831722738189554,3.699158998744356,3.762284517288208,27108000,0.0,0.0
2009-10-06,3.8569725922762306,3.9327232075894654,3.6802208555391607,3.7244088649749756,38988400,0.0,0.0
2009-10-07,3.699159686605924,3.7938481325321995,3.642346558848904,3.7875354290008545,20706300,0.0,0.0
2009-10-08,3.8632862123565794,3.888536425430313,3.743347549753205,3.7496602535247803,26485300,0.0,0.0
2009-10-09,3.749659745078572,3.7685972518128428,3.7054717276882023,3.755972146987915,19185600,0.0,0.0
2009-10-12,3.781222725469509,3.844348556757874,3.7559725133566717,3.7875354290008545,15915600,0.0,0.0
2009-10-13,3.806472530772013,3.8632853469583726,3.730721607513174,3.762284517288208,34364600,0.0,0.0
2009-10-14,3.838033585065601,3.901159078042451,3.737032796302641,3.844346284866333,52926800,0.0,0.0
2009-10-15,3.806470989080223,3.913784176637821,3.749657894898011,3.844346284866333,35311700,0.0,0.0
2009-10-16,3.774909017114187,3.8127843221814794,3.680220603942871,3.680220603942871,26271800,0.0,0.0
2009-10-19,3.7117841175373427,3.7244092212974205,3.566595273793345,3.5981578826904297,31722600,0.0,0.0
2009-10-20,3.497157050594911,3.8569729590591315,3.4782195454688143,3.6675961017608643,84135300,0.0,0.0
2009-10-21,3.5855326857581873,3.8001597451085094,3.5855326857581873,3.6044704914093018,43310700,0.0,0.0
2009-10-22,3.6234080881229445,3.6991590116459814,3.503469752974421,3.6675961017608643,35075700,0.0,0.0
2009-10-23,3.724408792925914,3.724408792925914,3.4403435394872717,3.490844249725342,41539800,0.0,0.0
2009-10-26,3.4845314220475334,3.5287194290304336,3.181528676608349,3.2194039821624756,48627200,0.0,0.0
2009-10-27,3.187841055432126,3.307779360379522,3.1057777511997897,3.2004661560058594,45645500,0.0,0.0
2009-10-28,3.2320298976653286,3.2383426006833016,3.023715514172177,3.0426533222198486,58697900,0.0,0.0
2009-10-29,3.131028483619342,3.288842418071905,3.1184033809033846,3.269904613494873,46967600,0.0,0.0
2009-10-30,3.2509655421180472,3.2635906387454434,3.030026200635588,3.055276393890381,41091800,0.0,0.0
2009-11-02,3.099466648128294,3.181529994662787,2.973215577310841,3.0174036026000977,38485000,0.0,0.0
2009-11-03,2.9858382119366773,3.1310269736547585,2.935337825427092,3.055276393890381,34751400,0.0,0.0
2009-11-04,3.137340722392534,3.1689036280549163,2.9353390893730498,2.9479641914367676,31342400,0.0,0.0
2009-11-05,2.992151754226122,3.0742150641959087,2.910088745262497,3.03633975982666,30675200,0.0,0.0
2009-11-06,2.973214616763184,3.0931532457946944,2.9542768117555984,2.998464822769165,24253200,0.0,0.0
2009-11-09,3.0552777991666784,3.1436535162069004,2.9921519859889054,3.131028413772583,31464600,0.0,0.0
2009-11-10,3.1120904869477535,3.156278494229184,3.004777270989147,3.0489649772644043,20804000,0.0,0.0
2009-11-11,3.061590829261273,3.1562792674871365,3.023715514172177,3.0426533222198486,23008200,0.0,0.0
2009-11-12,3.0426534312524858,3.1310291696272965,2.9921527083177644,3.0110905170440674,34436600,0.0,0.0
2009-11-13,3.0174023729258166,3.0868402830744137,2.9921518680463035,3.0489649772644043,23893300,0.0,0.0
2009-11-16,3.093153084601469,3.181528801016887,3.0615901782357278,3.112090587615967,29667600,0.0,0.0
2009-11-17,3.1057782781874272,3.326717726219777,3.080528072755513,3.269904613494873,38180700,0.0,0.0
2009-11-18,3.301467386867615,3.5160944253389816,3.2194040720396004,3.402468204498291,56042900,0.0,0.0
2009-11-19,3.364592668280529,3.4340308761661125,3.3393424655959825,3.3772177696228027,39438100,0.0,0.0
2009-11-20,3.351967900210208,3.4845316279874075,3.339342797612674,3.4403436183929443,35099900,0.0,0.0
2009-11-23,3.4782200393190426,3.673909325775274,3.4150942105859765,3.591845989227295,36944000,0.0,0.0
2009-11-24,3.5855330039091515,3.692846543106441,3.5160950793748644,3.623408317565918,28998900,0.0,0.0
2009-11-25,3.6739076391169663,3.692845138237841,3.629719639491389,3.661282539367676,19397300,0.0,0.0
2009-11-27,3.5160951298746097,3.6360337753467675,3.471907112803949,3.5224075317382812,16437100,0.0,0.0
2009-11-30,3.5287205428954542,3.705472024607538,3.5287205428954542,3.699159622192383,31663200,0.0,0.0
2009-12-01,3.73072251117857,3.781222938245998,3.5729085260897127,3.6486594676971436,34446800,0.0,0.0
2009-12-02,3.6612851077182573,3.774911085169224,3.6486599991125943,3.692847728729248,30304700,0.0,0.0
2009-12-03,3.7433455007825285,3.7749084003514577,3.4592806086866403,3.4719057083129883,36072400,0.0,0.0
2009-12-04,3.5981577891901937,3.6107828926222005,3.509782065166147,3.6044704914093018,29569200,0.0,0.0
2009-12-07,3.5665944544730284,3.57921955533286,3.4971562492408825,3.560281753540039,27671600,0.0,0.0
2009-12-08,3.4845324415885934,3.617096200318018,3.4466571249525093,3.591845989227295,26151500,0.0,0.0
2009-12-09,3.604470992115686,3.604470992115686,3.4971574475333234,3.509782552719116,15592300,0.0,0.0
2009-12-10,3.5224068549921803,3.5350319573001525,3.446656241144349,3.490844249725342,19940800,0.0,0.0
2009-12-11,3.5097824270046982,3.5224075317382812,3.4655944099340377,3.5224075317382812,10874400,0.0,0.0
2009-12-14,3.52873158454895,3.5413793561171785,3.478140498276037,3.52873158454895,14594400,0.01,0.0
2009-12-15,3.4781388251518557,3.5287298870884403,3.3706326677633562,3.3769567012786865,22634400,0.0,0.0
2009-12-16,3.4022531753912717,3.4465202160838664,3.3516620994302504,3.370633602142334,19343900,0.0,0.0
2009-12-17,3.3200425261813127,3.4844638246012307,3.3010707219226303,3.370633602142334,16413500,0.0,0.0
2009-12-18,3.408577020313116,3.4781399028022104,3.3769577475792425,3.4465203285217285,25628200,0.0,0.0
2009-12-21,3.465492725372315,3.4718164603806616,3.440197182245606,3.4654927253723145,11594700,0.0,0.0
2009-12-22,3.4718155633754573,3.5034351348876953,3.4591677950798787,3.5034351348876953,8637300,0.0,0.0
2009-12-23,3.4907875332354497,3.503435302134808,3.389605382040583,3.4022531509399414,7642600,0.0,0.0
2009-12-24,3.408576686571394,3.452844025920428,3.389605185097936,3.4338722229003906,3305200,0.0,0.0
2009-12-28,3.4338720628072843,3.46549163251766,3.364309491918961,3.3832809925079346,9044900,0.0,0.0
2009-12-29,3.3896055221557613,3.4085770255157204,3.3769577527335857,3.3896055221557617,8039500,0.0,0.0
2009-12-30,3.357984800751802,3.395928096057039,3.33268927054831,3.3643088340759277,10377600,0.0,0.0
2009-12-31,3.3643108697349438,3.3769586424895355,3.275776158906114,3.345339059829712,9583700,0.0,0.0
2010-01-04,3.3896046333538807,3.4591671961622623,3.370632833421985,3.4275479316711426,11754800,0.0,0.0
2010-01-05,3.389605732433052,3.5477030107912606,3.389605732433052,3.541378974914551,23691300,0.0,0.0
2010-01-06,3.5477037872459594,3.598294879145553,3.5097604683212644,3.5856471061706543,22415300,0.0,0.0
2010-01-07,3.5793218913085694,3.933459719640637,3.5540263536810355,3.9018404483795166,41430700,0.0,0.0
2010-01-08,3.8891920481485722,3.9777264154712304,3.838600981107054,3.908163547515869,25980300,0.0,0.0
2010-01-11,3.9650797566811735,4.028318608154033,3.838602053735454,3.996699333190918,27433000,0.0,0.0
2010-01-12,3.958755953000437,4.0156707675562755,3.920812341234378,3.9524319171905518,32974200,0.0,0.0
2010-01-13,3.9334589706992418,4.097880235518545,3.84492460586006,4.021993637084961,41055600,0.0,0.0
2010-01-14,4.009346766999573,4.154796263953562,3.984051228533367,4.142148494720459,31881500,0.0,0.0
2010-01-15,4.110527855078948,4.142147420736627,3.9650783958373705,4.123175621032715,28504300,0.0,0.0
2010-01-19,4.053613615612653,4.148472031119495,4.021994344808099,4.116852760314941,22996900,0.0,0.0
2010-01-20,4.085233999897712,4.262302795925816,4.053614421262226,4.255979061126709,32758200,0.0,0.0
2010-01-21,4.287596633641124,4.597467032478552,4.274948868414016,4.3381876945495605,81428500,0.0,0.0
2010-01-22,4.300246537060934,4.331865815077367,4.1042056262444175,4.173768520355225,48623600,0.0,0.0
2010-01-25,4.173767767029915,4.230682879352182,3.984051228533367,4.142148494720459,34139700,0.0,0.0
2010-01-26,3.9524328165453713,4.091558319007223,3.8322788227367885,3.844926595687866,67534400,0.0,0.0
2010-01-27,3.8259538354969154,4.009346634069833,3.8259538354969154,3.9018404483795166,38492200,0.0,0.0
2010-01-28,4.015671159942203,4.142149174578905,3.9144889894701644,4.066262245178223,38907900,0.0,0.0
2010-01-29,4.1042041923732695,4.154795562308623,3.996698322820348,4.015669822692871,29037400,0.0,0.0
2010-02-01,4.053612883644768,4.21171011375942,4.040965117297458,4.199062347412109,30603000,0.0,0.0
2010-02-02,4.230682333642118,4.287597438622981,4.110528390652832,4.16111946105957,35671900,0.0,0.0
2010-02-03,4.097880662628945,4.142148000435663,3.9714029853905632,4.040965557098389,34371800,0.0,0.0
2010-02-04,4.003022377124025,4.009346411953857,3.8133058554277306,3.87022066116333,41144000,0.0,0.0
2010-02-05,3.8765442813881927,3.946106847797008,3.7374185454774707,3.908163547515869,24816400,0.0,0.0
2010-02-08,3.908164001800953,4.07258529034477,3.8322773924176134,3.9397835731506348,25259900,0.0,0.0
2010-02-09,3.996698979294183,4.078909328156085,3.952431636409618,3.977727174758911,21901600,0.0,0.0
2010-02-10,3.965078537486504,4.097880235518545,3.952430771080907,4.021993637084961,18117800,0.0,0.0
2010-02-11,4.059939676777885,4.116854814794297,4.021996351949191,4.03464412689209,19687200,0.0,0.0
2010-02-12,3.996698322820348,4.040965356887271,3.927135453012472,4.015669822692871,22126400,0.0,0.0
2010-02-16,4.053614401976816,4.205387956539766,4.021995125038411,4.186416149139404,17782600,0.0,0.0
2010-02-17,4.211710406958037,4.23700594141361,4.059937200224603,4.085232734680176,16534700,0.0,0.0
2010-02-18,4.053615346670964,4.085234932524955,3.9903764765097005,4.059939384460449,18949400,0.0,0.0
2010-02-19,4.047289937884103,4.186415394745235,4.040965902708027,4.154796123504639,14485500,0.0,0.0
2010-02-22,4.173769232427714,4.344514327795998,4.154797722690522,4.306571006774902,23729800,0.0,0.0
2010-02-23,4.2559775796856565,4.274949380572483,4.110528111375136,4.129499912261963,20854700,0.0,0.0
2010-02-24,4.142147549622479,4.237005646454041,4.129499783275168,4.199062347412109,20217300,0.0,0.0
2010-02-25,4.097881843064068,4.154796964989584,4.047290757595457,4.135825157165527,18802500,0.0,0.0
2010-02-26,4.13582356053882,4.2812730258839204,4.1105280275698055,4.268625259399414,19859000,0.0,0.0
2010-03-01,4.2749504780300365,4.319217522219212,4.1421487423692644,4.205387592315674,16291900,0.0,0.0
2010-03-02,4.21803516611316,4.268626243717165,4.148472283634348,4.180091857910156,16207600,0.0,0.0
2010-03-03,4.180092414370383,4.2306834987091495,4.167444643285691,4.186416149139404,12900100,0.0,0.0
2010-03-04,4.173765989514539,4.23700480874803,4.161118225667842,4.218033313751221,11836200,0.0,0.0
2010-03-05,4.262302815551852,4.331865707942239,4.230683538317423,4.325541973114014,18875100,0.0,0.0
2010-03-08,4.312894159644361,4.439371870435894,4.312894159644361,4.414076328277588,19023600,0.0,0.0
2010-03-09,4.382456444055399,4.426723790517358,4.274950548156287,4.369808673858643,22997500,0.0,0.0
2010-03-10,4.433047703918262,4.818804835035407,4.3887803586792655,4.610116481781006,40783500,0.0,0.0
2010-03-11,4.641735275872898,4.71762188218365,4.584820170366548,4.6670308113098145,24929300,0.0,0.0
2010-03-12,4.749244175962666,4.768215687647304,4.597470574751855,4.641737937927246,29002600,0.0,0.0
2010-03-15,4.603792213477157,4.667031055376586,4.4962860314748365,4.57217264175415,19977400,0.0,0.0
2010-03-16,4.622833210261151,4.768484127898534,4.565839281022638,4.755818843841553,22336300,0.01,0.0
2010-03-17,4.812814152079591,4.920469255146552,4.781151081860323,4.876140594482422,25224500,0.0,0.0
2010-03-18,4.895138359068521,4.901470851913837,4.648165098815662,4.749487400054932,26623500,0.0,0.0
2010-03-19,4.673495292663574,4.812813445496088,4.635499432800161,4.673495292663574,22666300,0.0,0.0
2010-03-22,4.61650254982489,4.838145274191107,4.534178014442935,4.825479984283447,19801300,0.0,0.0
2010-03-23,4.825478091872088,4.901469801516323,4.749486382227853,4.895137310028076,23056900,0.0,0.0
2010-03-24,4.863472936295461,5.002791343663688,4.8254770893670775,4.971127986907959,26987400,0.0,0.0
2010-03-25,5.047120756639804,5.097782198641101,4.844476196491468,4.86980676651001,35378100,0.0,0.0
2010-03-26,4.907803146250266,5.009125437157197,4.787482774816163,4.831811428070068,22603200,0.0,0.0
2010-03-29,4.86980815171719,4.9268021014528305,4.762153047534,4.838144779205322,17755000,0.0,0.0
2010-03-30,4.819147490311782,4.844478070127102,4.749488244837487,4.825479984283447,12744700,0.0,0.0
2010-03-31,4.781148752266036,4.990126061354226,4.762150677819769,4.971127986907959,21527100,0.0,0.0
2010-04-01,5.002793325832021,5.0281239004872305,4.8508095759365,4.920468807220459,20835000,0.0,0.0
2010-04-05,5.02179217437879,5.19277374066506,4.964798520259589,5.186440944671631,28483800,0.0,0.0
2010-04-06,5.180107404094432,5.579064388891955,5.167441815404745,5.41441535949707,58256900,0.0,0.0
2010-04-07,5.458743670678674,5.636057683490761,5.249766290310874,5.300427436828613,54566600,0.0,0.0
2010-04-08,5.237101851981994,5.496740405953119,5.192772891208182,5.446079254150391,32548400,0.0,0.0
2010-04-09,5.477740980850334,5.515737139451143,5.3827514902409925,5.4397454261779785,17760100,0.0,0.0
2010-04-12,5.43341104075783,5.648721133923011,5.43341104075783,5.534733295440674,49794500,0.0,0.0
2010-04-13,5.408083124806783,5.484074853023372,5.281430244445801,5.281430244445801,38303500,0.0,0.0
2010-04-14,5.3890854268931125,5.636058396425895,5.344756465136306,5.585397243499756,36670800,0.0,0.0
2010-04-15,5.572731429579078,5.617059780823727,5.351088465498854,5.401749610900879,39132300,0.0,0.0
2010-04-16,5.4460788305379015,5.4460788305379015,5.072452412108149,5.256099224090576,55336900,0.0,0.0
2010-04-19,5.192772378772952,5.344755819183047,5.0914500851662226,5.275096893310547,29882900,0.0,0.0
2010-04-20,5.22443432213102,5.57273006439209,5.066118130551292,5.57273006439209,58631800,0.0,0.0
2010-04-21,5.458744471160688,5.908362665384979,5.382752740240488,5.566399574279785,60841600,0.0,0.0
2010-04-22,5.477740949787709,5.667720533857529,5.427079807892883,5.629724979400635,28106700,0.0,0.0
2010-04-23,5.667720794677734,5.788041465161263,5.5727313002357715,5.667720794677734,27691000,0.0,0.0
2010-04-26,5.705716471814984,5.731047041783806,5.446077978652458,5.503071308135986,21155500,0.0,0.0
2010-04-27,5.4587438038762786,5.50940495163019,5.300427566163179,5.338423728942871,39730200,0.0,0.0
2010-04-28,5.420747061259139,5.5347343168489935,5.344754752294719,5.376418113708496,22352500,0.0,0.0
2010-04-29,5.4207483786109645,5.522070676615715,5.3384238604999705,5.477741718292236,24888900,0.0,0.0
2010-04-30,5.439746270388024,5.629725885018651,5.4080829006281625,5.598062515258789,30368300,0.0,0.0
2010-05-03,5.6043953099964705,5.67405424032533,5.515737995454566,5.598062515258789,20912900,0.0,0.0
2010-05-04,5.534736291929787,5.591730242027303,5.382752827622143,5.433413982391357,25258700,0.0,0.0
2010-05-05,5.319427479045702,5.585398913390863,5.192774558864378,5.4904093742370605,24758100,0.0,0.0
2010-05-06,5.452411001141053,5.541068311539959,4.806481066295796,5.199105262756348,43556500,0.0,0.0
2010-05-07,5.22443632057399,5.306760844157494,4.907803816296778,5.059787273406982,46609300,0.0,0.0
2010-05-10,5.3257576088019665,5.484073830723206,5.256098688570866,5.389084339141846,28882900,0.0,0.0
2010-05-11,5.243435726936908,5.610729497427128,5.243435726936908,5.4904093742370605,32127900,0.0,0.0
2010-05-12,5.53473588592112,5.623393202227959,5.515738105258426,5.579064846038818,20856400,0.0,0.0
2010-05-13,5.553731671139913,5.674051697593722,5.522068315569456,5.534733295440674,17484400,0.0,0.0
2010-05-14,5.389085902082902,5.389085902082902,5.123114523804003,5.230769634246826,34245400,0.0,0.0
2010-05-17,5.224434538622308,5.287761259449684,5.0407877729369615,5.237100124359131,27055800,0.0,0.0
2010-05-18,5.3130927821021485,5.332090560194146,4.85714188039487,5.015458106994629,28755000,0.0,0.0
2010-05-19,4.964797990544994,5.07245309523247,4.812814224526116,4.952132701873779,36775400,0.0,0.0
2010-05-20,4.762151813924933,4.812812955248993,4.584837517326503,4.591170310974121,40050400,0.0,0.0
2010-05-21,4.48351599706504,4.762152623691558,4.43285484712645,4.730489253997803,42828400,0.0,0.0
2010-05-24,4.7368216830564185,4.74315417532776,4.559507369995117,4.559507369995117,20185700,0.0,0.0
2010-05-25,4.388526204576035,4.736822064511203,4.337865054468579,4.7178239822387695,35971100,0.0,0.0
2010-05-26,4.819146714873942,4.838144495696378,4.6608304655203305,4.686161041259766,23517500,0.0,0.0
2010-05-27,4.812813255805007,4.996460055555418,4.717823458908254,4.9901275634765625,23019100,0.0,0.0
2010-05-28,5.009125437157197,5.028123517684369,4.806480855343335,4.831811428070068,16599800,0.0,0.0
2010-06-01,4.774817585632675,4.869807386273334,4.673495292663574,4.673495292663574,17244200,0.0,0.0
2010-06-02,4.736821122930557,4.86980676651001,4.698825267902745,4.86980676651001,13643300,0.0,0.0
2010-06-03,4.90780401755285,4.971130460612286,4.8064817086577545,4.838144779205322,13181400,0.0,0.0
2010-06-04,4.679828381143204,4.7304895340813475,4.4771837693906305,4.515179634094238,25696900,0.0,0.0
2010-06-07,4.553175009254042,4.629166730490854,4.356862911743483,4.375860691070557,20635000,0.0,0.0
2010-06-08,4.420191166023842,4.5025157155745035,4.293538245149272,4.496182918548584,34936300,0.0,0.0
2010-06-09,4.546843319177575,4.559508609126536,4.268206638336106,4.299870014190674,30532600,0.0,0.0
2010-06-10,4.382195691674202,4.534179210662842,4.344199811927042,4.534179210662842,23385000,0.0,0.0
2010-06-11,4.4771827845511245,4.4771827845511245,4.337864342652618,4.470849990844727,19446800,0.0,0.0
2010-06-14,4.521513917413788,4.60383847451484,4.420191571421362,4.534179210662842,20885400,0.0,0.0
2010-06-15,4.584909759296418,4.6736907762337125,4.470762737519896,4.654666423797607,16845500,0.01,0.0
2010-06-16,4.584910861526274,4.616618526391265,4.489788169318004,4.540520191192627,21471500,0.0,0.0
2010-06-17,4.572226787666432,4.584909790171453,4.47076276762626,4.534177780151367,19927900,0.0,0.0
2010-06-18,4.527836127705541,4.572226787666432,4.47076276762626,4.534177780151367,14760300,0.0,0.0
2010-06-21,4.603934839072007,4.661008204034944,4.5088121609515674,4.546861171722412,19478200,0.0,0.0
2010-06-22,4.5722251657161905,4.5722251657161905,4.439053535461426,4.439053535461426,16738900,0.0,0.0
2010-06-23,4.44539616514035,4.521494169942657,4.37563950954494,4.483445167541504,17371600,0.0,0.0
2010-06-24,4.439055974451051,4.470763638080378,4.299542919732733,4.318567276000977,23105800,0.0,0.0
2010-06-25,4.394663082421725,4.432712078094482,4.280516095403454,4.432712078094482,24197300,0.0,0.0
2010-06-28,4.407346498444995,4.521493798661885,4.401005149758816,4.489786148071289,18553900,0.0,0.0
2010-06-29,4.407345936124205,4.432711932405679,4.229783962153888,4.286857604980469,29651000,0.0,0.0
2010-06-30,4.286859666598203,4.388323700519736,4.153687970882854,4.172712326049805,17448800,0.0,0.0
2010-07-01,4.179052061642507,4.280516049003339,3.9444161372907796,4.052221775054932,27632300,0.0,0.0
2010-07-02,4.064906063361258,4.115638073140084,3.8810023767197013,3.9571003913879395,18842300,0.0,0.0
2010-07-06,4.026854750564263,4.179050995151674,4.007830408982373,4.064903736114502,21651600,0.0,0.0
2010-07-07,4.064905080348175,4.210759724383689,4.03319773309749,4.1980767250061035,30843900,0.0,0.0
2010-07-08,4.267834697328483,4.337591366747953,4.2171026840731045,4.331249713897705,24643800,0.0,0.0
2010-07-09,4.3185664351793696,4.55954378516141,4.299542082615153,4.534177780151367,20138500,0.0,0.0
2010-07-12,4.489785482903022,4.648323107595284,4.470761137276403,4.591249465942383,20507200,0.0,0.0
2010-07-13,4.673689172526828,4.724421164797353,4.616615832415749,4.680030822753906,18449600,0.0,0.0
2010-07-14,4.597592792676475,4.597592792676475,4.445396762616217,4.534177780151367,22484800,0.0,0.0
2010-07-15,4.55954354757531,4.55954354757531,4.324907862265358,4.451737880706787,23794800,0.0,0.0
2010-07-16,4.394662511025363,4.407345507933899,4.128319575946112,4.153685569763184,21697500,0.0,0.0
2010-07-19,4.1410045291604725,4.255151555262976,4.064906209372163,4.236126899719238,19111600,0.0,0.0
2010-07-20,4.134663402289766,4.179054069278873,4.014174708222199,4.160029411315918,21502600,0.0,0.0
2010-07-21,4.248811743092553,4.2805194152714945,3.9317362308502193,3.9317362308502197,36413200,0.0,0.0
2010-07-22,4.001491076155204,4.198077766470535,3.995149726086519,4.185394763946533,22231500,0.0,0.0
2010-07-23,4.141004510558581,4.267834538991626,4.077589193955418,4.217102527618408,19309800,0.0,0.0
2010-07-26,4.242467318801569,4.502468953851208,4.179052322739041,4.496127605438232,26631800,0.0,0.0
2010-07-27,4.806860203147447,4.895641178533861,4.565882967569264,4.5722246170043945,44147800,0.0,0.0
2010-07-28,4.508811535990876,4.667349210088015,4.508811535990876,4.616617202758789,23070800,0.0,0.0
2010-07-29,4.6736892817568005,4.749787271941095,4.597591291572506,4.68637228012085,24413000,0.0,0.0
2010-07-30,4.616617610244556,4.705398630906958,4.597592954623577,4.648324966430664,17229200,0.0,0.0
2010-08-02,4.749788183119052,4.895642843478983,4.724422181524855,4.882959842681885,22209600,0.0,0.0
2010-08-03,4.857593399177396,4.921008699780395,4.794178400960961,4.806861400604248,15767500,0.0,0.0
2010-08-04,4.819545745849609,4.921010073710992,4.806862742665268,4.819545745849609,13133200,0.0,0.0
2010-08-05,4.781496025305664,4.787837677148179,4.597592355285185,4.737105369567871,15962800,0.0,0.0
2010-08-06,4.686373992144405,4.7117399981391985,4.565885312475816,4.692715644836426,13619600,0.0,0.0
2010-08-09,4.718080680693787,4.832227684199314,4.654665678746273,4.81320333480835,16787900,0.0,0.0
2010-08-10,4.737104231993076,4.895641861345256,4.718079885807271,4.863934516906738,19654500,0.0,0.0
2010-08-11,4.768813885745665,4.787838542324416,4.540519518733943,4.546861171722412,17501300,0.0,0.0
2010-08-12,4.451736898006374,4.559542541077297,4.394663251113167,4.527834892272949,13204900,0.0,0.0
2010-08-13,4.521494777646346,4.610275795181497,4.508811775141324,4.534177780151367,12732300,0.0,0.0
2010-08-16,4.5341792241408125,4.553203582763672,4.464422536954629,4.553203582763672,14887200,0.0,0.0
2010-08-17,4.622958797686518,4.622958797686518,4.489787120190476,4.534177780151367,12800200,0.0,0.0
2010-08-18,4.527833978117943,4.661005592390809,4.470760645134208,4.5722246170043945,27061800,0.0,0.0
2010-08-19,4.54686189100019,4.610276918983355,4.37564116425229,4.401007175445557,15343400,0.0,0.0
2010-08-20,4.3629558224351905,4.401004818851093,4.242467182591557,4.324906826019287,12275700,0.0,0.0
2010-08-23,4.394665498634101,4.496129845267006,4.331250470980225,4.337592124938965,13209400,0.0,0.0
2010-08-24,4.267835100870408,4.305884114409637,4.141005055739644,4.160029411315918,12927800,0.0,0.0
2010-08-25,4.102954193971161,4.1536864952960775,3.9634411968906975,4.109295845031738,20586000,0.0,0.0
2010-08-26,4.128321217255746,4.210760578743655,3.9951495455773927,4.026856899261475,17536100,0.0,0.0
2010-08-27,4.09027209382321,4.185394763946533,4.026857081203206,4.185394763946533,13131000,0.0,0.0
2010-08-30,4.17271168351824,4.210760690379869,4.05856466293335,4.05856466293335,12162800,0.0,0.0
2010-08-31,4.045881207225741,4.160028215018219,4.0268565547336985,4.0775885581970215,14442000,0.0,0.0
2010-09-01,4.153685758988139,4.343930721282959,4.121978114079081,4.343930721282959,13605300,0.0,0.0
2010-09-02,4.350273931635724,4.394664287567139,4.312224925528817,4.394664287567139,8420200,0.0,0.0
2010-09-03,4.515152645776249,4.527835646934575,4.318565976628905,4.369297981262207,13639000,0.0,0.0
2010-09-07,4.293199433786388,4.312224084321919,4.160027787197356,4.166369438171387,12109400,0.0,0.0
2010-09-08,4.210758370562396,4.394661953602936,4.185392379962767,4.362954616546631,16209400,0.0,0.0
2010-09-09,4.47710355400076,4.496128206556331,4.293199889638816,4.381980895996094,13851400,0.0,0.0
2010-09-10,4.394663983578858,4.420029985895509,4.343931978945556,4.369297981262207,8154300,0.0,0.0
2010-09-13,4.489786882049109,4.622958552481634,4.489786882049109,4.616617202758789,13918500,0.0,0.0
2010-09-14,4.5912498874950955,4.603933188926074,4.483444546810722,4.527834892272949,20255100,0.0,0.0
2010-09-15,4.502434285183394,4.52148531809861,4.40082766599631,4.438930034637451,16751600,0.01,0.0
2010-09-16,4.394478359082178,4.445281528096412,4.375427019296453,4.413529396057129,9689700,0.0,0.0
2010-09-17,4.432580224780408,4.445281015569606,4.330973898466825,4.337324142456055,25635200,0.0,0.0
2010-09-20,4.362725520438925,4.4833831787109375,4.324623149849456,4.4833831787109375,24188100,0.0,0.0
2010-09-21,4.489733464234412,4.648493483867458,4.45798133918352,4.502434253692627,19284000,0.0,0.0
2010-09-22,4.477032192736793,4.534185587739738,4.369075342560259,4.388126373291016,13547000,0.0,0.0
2010-09-23,4.330973366066291,4.483382836801182,4.292870998382568,4.292870998382568,13444600,0.0,0.0
2010-09-24,4.394478359082178,4.457982320349972,4.356375982321501,4.413529396057129,14530900,0.0,0.0
2010-09-27,4.4452803347629555,4.5024340359664725,4.400827422403477,4.426229000091553,10829200,0.0,0.0
2010-09-28,4.4706824002758685,4.508784770965576,4.388127112376139,4.508784770965576,14300300,0.0,0.0
2010-09-29,4.464330994468078,4.629441224477405,4.4325788757532685,4.578638076782227,28155000,0.0,0.0
2010-09-30,4.629441013089461,4.762799421105259,4.57863786771404,4.6167402267456055,16714300,0.0,0.0
2010-10-01,4.654845007695195,4.718348972455614,4.527837078174356,4.55958890914917,12211600,0.0,0.0
2010-10-04,4.55323702071807,4.6611938732522455,4.521484898392485,4.597689628601074,11761000,0.0,0.0
2010-10-05,4.667545096359649,4.8390059267463865,4.610391688104565,4.78820276260376,18308000,0.0,0.0
2010-10-06,4.794553299275746,4.8390059164001284,4.737399588332119,4.762801170349121,9105500,0.0,0.0
2010-10-07,4.800902771877196,4.826304349812205,4.635792515299634,4.673894882202148,12562500,0.0,0.0
2010-10-08,4.6865954554,4.718347274951569,4.635792301868945,4.711997032165527,9048600,0.0,0.0
2010-10-11,4.699296927709518,4.7437495421134,4.635792976553455,4.648493766784668,5744000,0.0,0.0
2010-10-12,4.6103905434953925,4.750099210202525,4.58498866491979,4.743748664855957,8845300,0.0,0.0
2010-10-13,4.788204177036988,4.807255520623603,4.6230938447999375,4.635794639587402,12596700,0.0,0.0
2010-10-14,4.61039162532665,4.623092416189365,4.445281041300615,4.5532379150390625,14106900,0.0,0.0
2010-10-15,4.584989500282854,4.610391383486556,4.394477647335511,4.4833831787109375,14005700,0.0,0.0
2010-10-18,4.464332196280172,4.673895388343165,4.445280859360479,4.667544841766357,11702900,0.0,0.0
2010-10-19,4.565939652383347,4.73740051597779,4.565939652383347,4.661195755004883,17524800,0.0,0.0
2010-10-20,4.629441940731938,4.680245096287239,4.483382717105098,4.623091697692871,19653500,0.0,0.0
2010-10-21,4.654843518509589,4.781851710208536,4.591339574065461,4.623091697692871,14803400,0.0,0.0
2010-10-22,4.623091711684601,4.686595656320922,4.508784308528528,4.534185886383057,12958000,0.0,0.0
2010-10-25,4.584991416978417,4.591341966136787,4.451633215571991,4.464334011077881,14203800,0.0,0.0
2010-10-26,4.223016228505949,4.267468836474943,4.057905676590598,4.1150593757629395,53827900,0.0,0.0
2010-10-27,4.083307483598236,4.1658627642104875,4.02615408401419,4.045205116271973,19982900,0.0,0.0
2010-10-28,4.089658489022685,4.102359279558346,3.943599246457205,3.9944024085998535,31014900,0.0,0.0
2010-10-29,3.9944019031660174,4.064256393678448,3.9753508711785233,4.0007524490356445,19494000,0.0,0.0
2010-11-01,4.032504763108754,4.0515561002368345,3.911847102126196,3.9563000202178955,12189000,0.0,0.0
2010-11-02,4.000753430350873,4.000753430350873,3.86104441505782,3.886445999145508,19734100,0.0,0.0
2010-11-03,3.892795591737532,4.007102692094578,3.892795591737532,4.0007524490356445,19403100,0.0,0.0
2010-11-04,4.057907329914171,4.184915568398813,4.013454703833729,4.153163433074951,24216400,0.0,0.0
2010-11-05,4.1468122431266226,4.305572277961611,4.038855370989112,4.096008777618408,39522700,0.0,0.0
2010-11-08,4.083308407480071,4.0896589548766595,3.9435996956735373,4.0261549949646,22154300,0.0,0.0
2010-11-09,4.038857290665803,4.108711521171319,3.918199570505075,3.9372506141662598,23531400,0.0,0.0
2010-11-10,3.969000577926636,4.019803736874383,3.9054966292419526,3.9690005779266357,21403000,0.0,0.0
2010-11-11,3.9308966464341384,4.153160529900115,3.924546102684251,4.070605278015137,23826700,0.0,0.0
2010-11-12,4.032504493620321,4.051555829475218,3.8991460510681697,3.905496597290039,20555200,0.0,0.0
2010-11-15,3.975353307110388,4.000754900532554,3.9245498174551767,3.9372506141662598,15669500,0.0,0.0
2010-11-16,3.848343581213537,3.848343581213537,3.5308234807555476,3.7594380378723145,79418100,0.0,0.0
2010-11-17,3.753086964959087,3.753086964959087,3.4101653287095623,3.5181221961975098,73884200,0.0,0.0
2010-11-18,3.5689258224300415,3.5943274059995196,3.264106516785543,3.372063398361206,124940100,0.0,0.0
2010-11-19,3.283156743815611,3.4990704338338627,3.2514046237032823,3.492719888687134,56849500,0.0,0.0
2010-11-22,3.467317793771318,3.4863688207333436,3.3403099379890993,3.397463321685791,30803400,0.0,0.0
2010-11-23,3.3149079900366285,3.5308216428580383,3.2831561782050493,3.3085577487945557,72941200,0.0,0.0
2010-11-24,3.3276097774505615,3.4165156040986835,3.283157166937199,3.3276097774505615,22443600,0.0,0.0
2010-11-26,3.2895073817820135,3.3657124186546796,3.2895073817820135,3.3339602947235107,7149000,0.0,0.0
2010-11-29,3.3212600117075173,3.441917677093194,3.308559220762222,3.410165548324585,25187500,0.0,0.0
2010-11-30,3.365711727889952,3.4546172327156537,3.365711727889952,3.4165148735046387,22928800,0.0,0.0
2010-12-01,3.4673197310044945,3.607028450421874,3.448268390587642,3.6006782054901123,28193000,0.0,0.0
2010-12-02,3.600678238366414,3.861044641972402,3.5816268977756116,3.848343849182129,47685000,0.0,0.0
2010-12-03,3.7784907406207835,3.8737468733277987,3.7530891456070323,3.861046075820923,20281800,0.0,0.0
2010-12-06,3.8737449248903904,3.8864457160089523,3.7530872578586774,3.85469388961792,24239800,0.0,0.0
2010-12-07,3.9372486190259677,3.9499494093011203,3.791189379456352,3.816591262817383,18902400,0.0,0.0
2010-12-08,3.835640566203517,4.121408369862852,3.8292903253365,4.019802093505859,42035100,0.0,0.0
2010-12-09,4.0706071779630015,4.15951301509449,3.9817016436422468,4.127760887145996,36481200,0.0,0.0
2010-12-10,4.1341123838102805,4.153163422708401,4.070608113321068,4.102360248565674,19232300,0.0,0.0
2010-12-13,4.064255984226257,4.2039646483655195,3.937247804925355,4.159512042999268,47789900,0.0,0.0
2010-12-14,4.1277613363234575,4.153162920322125,3.9308989089284,3.9435997009277344,36139600,0.0,0.0
2010-12-15,4.17258210485083,4.17258210485083,3.9372383678466902,4.013566017150879,96752400,0.01,0.0
2010-12-16,4.0135640653743945,4.039006602769876,3.899072647094726,3.8990726470947266,34668700,0.0,0.0
2010-12-17,3.9817617295938352,4.083531896666207,3.9626796716182544,3.9690401554107666,39878000,0.0,0.0
2010-12-20,4.013566017150879,4.051729841802973,3.99448425647439,4.013566017150879,15469700,0.0,0.0
2010-12-21,4.032648020448312,4.115336154300771,4.032648020448312,4.102614879608154,15716900,0.0,0.0
2010-12-22,4.134416913021036,4.414285171221419,4.115334855355525,4.395203113555908,40880000,0.0,0.0
2010-12-23,4.337959236260623,4.401565614414182,4.274352554807929,4.2934346199035645,13063000,0.0,0.0
2010-12-27,4.280712612087891,4.35704025281687,4.229827518268571,4.299794673919678,16492900,0.0,0.0
2010-12-28,4.3061564198114315,4.337959764409855,4.287074352392543,4.318877696990967,8354300,0.0,0.0
2010-12-29,4.325237162141752,4.3824827402622,4.3061551005688825,4.3697614669799805,17977300,0.0,0.0
2010-12-30,4.3697617380923965,4.4206468343783305,4.357040464020913,4.401565074920654,10544900,0.0,0.0
2010-12-31,4.388843903574947,4.465171549790381,4.3697618403715355,4.452450275421143,9530400,0.0,0.0
2011-01-03,4.554221011722158,4.598745628956561,4.458811594261376,4.496975421905518,19962600,0.0,0.0
2011-01-04,4.528777444967693,4.5414987179979756,4.40792519953047,4.471531867980957,15605100,0.0,0.0
2011-01-05,4.4333695947035565,4.586025238037109,4.4333695947035565,4.586025238037109,15210700,0.0,0.0
2011-01-06,4.586024230762473,4.706876500061937,4.503335788089293,4.541499614715576,28247400,0.0,0.0
2011-01-07,4.560582016054439,4.592385055605814,4.395205118510328,4.465172290802002,25453800,0.0,0.0
2011-01-10,4.465171344199844,4.509695954091681,4.382482912957474,4.484253406524658,18965700,0.0,0.0
2011-01-11,4.528777965910882,4.611466401768868,4.5033354169236715,4.592384338378906,16387800,0.0,0.0
2011-01-12,4.643270010823953,4.67507304726574,4.579663331342128,4.62418794631958,20313000,0.0,0.0
2011-01-13,4.6241874625936905,4.636908736499486,4.566941578368062,4.605105400085449,15014400,0.0,0.0
2011-01-14,4.586023900592665,4.789564597911441,4.573302625966437,4.751400470733643,26048800,0.0,0.0
2011-01-18,4.757761060259169,4.846809978909994,4.675072627005282,4.802285671234131,22865800,0.0,0.0
2011-01-19,4.757761055058409,4.789564391905632,4.528777818336063,4.5351386070251465,19513900,0.0,0.0
2011-01-20,4.4842538701797405,4.617827410367163,4.439729255684226,4.598745346069336,21217300,0.0,0.0
2011-01-21,4.713237718707918,4.738680273746352,4.624188776073401,4.7068772315979,16576500,0.0,0.0
2011-01-24,4.713237361964036,4.725958638520382,4.592385083029169,4.643270492553711,15919100,0.0,0.0
2011-01-25,4.509696910132914,4.611467121975965,4.433368947951471,4.465172290802002,46595600,0.0,0.0
2011-01-26,4.420646931672703,4.471532332377676,4.318876736860967,4.43336820602417,30926300,0.0,0.0
2011-01-27,4.433367439234571,4.566940948471823,4.420646167083359,4.547859191894531,22602800,0.0,0.0
2011-01-28,4.560581098160087,4.586023646000105,4.3506799268303915,4.37612247467041,27082300,0.0,0.0
2011-01-31,4.420647764051904,4.535139558072272,4.401566000581284,4.51605749130249,17078900,0.0,0.0
2011-02-01,4.554219643963105,4.675071880190496,4.535137887521389,4.655990123748779,25725200,0.0,0.0
2011-02-02,4.630548471190697,4.643269745700873,4.554220520830532,4.611466407775879,12138700,0.0,0.0
2011-02-03,4.586024824861468,4.8531719491522995,4.586024824861468,4.789565563201904,41935200,0.0,0.0
2011-02-04,4.783204625449905,5.1075973354426845,4.770483348652132,4.986745357513428,43875600,0.0,0.0
2011-02-07,5.031269406288071,5.082154510764949,4.948581263162718,4.954941749572754,17263800,0.0,0.0
2011-02-08,4.974024512001145,4.980384999301952,4.776844552889098,4.961303234100342,22539500,0.0,0.0
2011-02-09,4.929499705720673,4.986745605810586,4.827729486271209,4.840450763702393,15236300,0.0,0.0
2011-02-10,4.78956532211845,4.942220640715471,4.783204532193996,4.916778087615967,12961600,0.0,0.0
2011-02-11,4.884973152259403,5.14575969147064,4.878612667707404,5.101235389709473,19037600,0.0,0.0
2011-02-14,5.088514481623141,5.120317818452925,4.974023014974296,5.03126859664917,12170100,0.0,0.0
2011-02-15,5.024909187906745,5.063073018300062,4.974024080715655,4.986745357513428,9540100,0.0,0.0
2011-02-16,4.961302710127509,5.037630369471216,4.929499367084719,4.9358601570129395,14388700,0.0,0.0
2011-02-17,4.923138571303314,4.942220637766133,4.865892978513172,4.897696018218994,11181900,0.0,0.0
2011-02-18,4.878614092857437,4.974023815401157,4.865892816738218,4.954941749572754,12778500,0.0,0.0
2011-02-22,4.8595327852443235,4.897696619556547,4.681434891787283,4.694156169891357,17266200,0.0,0.0
2011-02-23,4.694156169891357,4.815008463529661,4.598746432461202,4.694156169891357,14627800,0.0,0.0
2011-02-24,4.643269008061209,4.7323179154859405,4.61146567518856,4.713235855102539,12531500,0.0,0.0
2011-02-25,4.745039360491459,4.840449059279173,4.745039360491459,4.808645725250244,9274600,0.0,0.0
2011-02-28,4.853171869421248,4.859532356262207,4.776844207534735,4.859532356262207,9888000,0.0,0.0
2011-03-01,4.840448667404915,4.85316993932678,4.7195964324976725,4.725956916809082,15105800,0.0,0.0
2011-03-02,4.719597435817626,4.808646358201228,4.7068761611913965,4.751400470733643,10884000,0.0,0.0
2011-03-03,4.78956386666082,4.897694532825272,4.78956386666082,4.872251987457275,13455500,0.0,0.0
2011-03-04,4.853170707757193,4.859531193075695,4.694154631906426,4.757761001586914,12890500,0.0,0.0
2011-03-07,4.770481732953683,4.821366822910672,4.675072037634797,4.713235855102539,12924100,0.0,0.0
2011-03-08,4.725958796311224,4.891335700364505,4.725958796311224,4.859532356262207,10329300,0.0,0.0
2011-03-09,4.929499364165719,4.967663193814974,4.840450428317457,4.916778087615967,20795500,0.0,0.0
2011-03-10,4.815006450991809,4.846809481309621,4.6687116622924805,4.6687116622924805,15180700,0.0,0.0
2011-03-11,4.643269536162036,4.783203549459109,4.630548262225938,4.757761001586914,12273300,0.0,0.0
2011-03-14,4.687795379189723,4.7259592135019455,4.598746432461202,4.694156169891357,12158800,0.0,0.0
2011-03-15,4.547860600296382,4.700515913385907,4.547860600296382,4.662352085113525,13461400,0.0,0.0
2011-03-16,4.668721262861711,4.700568050864536,4.573181202566712,4.5859198570251465,13743000,0.01,0.0
2011-03-17,4.6687198226766915,4.694197123734441,4.598657092911187,4.681458473205566,12127800,0.0,0.0
2011-03-18,4.764261058601948,4.7769997123530175,4.496749026116024,4.522226333618164,43529600,0.0,0.0
2011-03-21,4.605027251060133,4.643243208298435,4.554072641409064,4.6177659034729,13042400,0.0,0.0
2011-03-22,4.592289284160911,4.6623520347464575,4.585919805147009,4.649613380432129,14467600,0.0,0.0
2011-03-23,4.61776665638064,4.636874789972008,4.509487941361006,4.566812038421631,12838400,0.0,0.0
2011-03-24,4.592288281516809,4.592288281516809,4.509486894695137,4.5413336753845215,8867100,0.0,0.0
2011-03-25,4.534963770830785,4.57954919885588,4.522225120496955,4.573179721832275,7712600,0.0,0.0
2011-03-28,4.5731796125282065,4.5922877394289365,4.534963662440121,4.547702312469482,6201300,0.0,0.0
2011-03-29,4.53496567519589,4.579551121943722,4.528596499211062,4.554073810577393,4989800,0.0,0.0
2011-03-30,4.573180416264342,4.6177658510596835,4.522225807191625,4.605027198791504,14274400,0.0,0.0
2011-03-31,4.585919705245393,4.643243800267839,4.5604423971717445,4.624135971069336,8638800,0.0,0.0
2011-04-01,4.668719179874182,4.74515107252407,4.617764584774256,4.643241882324219,13157800,0.0,0.0
2011-04-04,4.655982555732555,4.719675827304199,4.617766592789569,4.649613380432129,8935100,0.0,0.0
2011-04-05,4.617764783725833,4.662350208215856,4.5795488357543945,4.5795488357543945,9807500,0.0,0.0
2011-04-06,4.598657361564957,4.745152003061932,4.592288187785124,4.726044178009033,15023300,0.0,0.0
2011-04-07,4.732413503772199,4.738782981469993,4.64324294199698,4.668720245361328,8257400,0.0,0.0
2011-04-08,4.694196420748728,4.700565896915989,4.60502588040046,4.630503177642822,8317900,0.0,0.0
2011-04-11,4.630505146231014,4.66235193317981,4.611397013319043,4.624135971069336,5224300,0.0,0.0
2011-04-12,4.60502588040046,4.6623499510524455,4.585917755612018,4.630503177642822,8016900,0.0,0.0
2011-04-13,4.675089884764948,4.681459058969631,4.547703059823634,4.592288494110107,12864300,0.0,0.0
2011-04-14,4.598656709572311,4.617764835629484,4.515855639893522,4.611395359039307,11618400,0.0,0.0
2011-04-15,4.64961344446176,4.64961344446176,4.534965250340511,4.566812038421631,12432300,0.0,0.0
2011-04-18,4.484010064156218,4.528595501077109,4.439424627235326,4.445794105529785,18570600,0.0,0.0
2011-04-19,4.566812038421631,4.611397177279024,4.350254608382364,4.566812038421631,37997800,0.0,0.0
2011-04-20,4.624136252939267,4.64324408330251,4.484010746279204,4.496749401092529,13776900,0.0,0.0
2011-04-21,4.522226595850758,4.579550692911384,4.452163844300381,4.566812038421631,10980500,0.0,0.0
2011-04-25,4.53496567519589,4.585920297928551,4.528596499211062,4.554073810577393,7269400,0.0,0.0
2011-04-26,4.592289383110926,4.694198619821393,4.5540734193445,4.675090789794922,12900000,0.0,0.0
2011-04-27,4.687829068752484,4.713306375888629,4.617766322271358,4.700567722320557,11759100,0.0,0.0
2011-04-28,4.706936575924727,4.745152534020098,4.6559819651308985,4.738783359527588,9795800,0.0,0.0
2011-04-29,4.745153238176627,4.745153238176627,4.64324400146616,4.675090789794922,9251800,0.0,0.0
2011-05-02,4.694197123734441,4.71967442479219,4.649611998740072,4.681458473205566,6610200,0.0,0.0
2011-05-03,4.6559826447250074,4.6941986083984375,4.617766681051577,4.6941986083984375,9194200,0.0,0.0
2011-05-04,4.681459953840627,4.706937262956247,4.630505335609388,4.6941986083984375,10775800,0.0,0.0
2011-05-05,4.655982955289672,4.66872161069718,4.5285964012146,4.5285964012146,16146600,0.0,0.0
2011-05-06,4.579550005750482,4.579550005750482,4.490379437702249,4.515856742858887,22796500,0.0,0.0
2011-05-09,4.509486782194696,4.573180038271067,4.509486782194696,4.534964084625244,8403000,0.0,0.0
2011-05-10,4.5731801523604965,4.611396106959711,4.5413336753845215,4.5413336753845215,12781800,0.0,0.0
2011-05-11,4.534964197761282,4.585918803893568,4.515856372318378,4.5413336753845215,9886100,0.0,0.0
2011-05-12,4.5477039048302625,4.5922893474011355,4.464902802503613,4.566812038421631,14324900,0.0,0.0
2011-05-13,4.560441769194225,4.5668112471922875,4.484009855498031,4.490379333496094,12441000,0.0,0.0
2011-05-16,4.477640417719163,4.624135062206193,4.4712709400959225,4.5413336753845215,12319600,0.0,0.0
2011-05-17,4.5349645109331975,4.624135381535999,4.509487206107663,4.6177659034729,11747000,0.0,0.0
2011-05-18,4.6050269330498805,4.617765584582952,4.522225546228209,4.5413336753845215,19479800,0.0,0.0
2011-05-19,4.554073119852569,4.566811773603638,4.509487679867094,4.522226333618164,12779500,0.0,0.0
2011-05-20,4.490380343212625,4.5413349638011855,4.407578932899465,4.426686763763428,18277100,0.0,0.0
2011-05-23,4.401209635204797,4.433056426244419,4.324777701165912,4.350255012512207,13387700,0.0,0.0
2011-05-24,4.356621453055348,4.3693600998421,4.286558743871564,4.312036037445068,15347400,0.0,0.0
2011-05-25,4.318408062762466,4.3757318552965305,4.292930450430855,4.331146717071533,8485400,0.0,0.0
2011-05-26,4.3184084072395255,4.433056305166531,4.3184084072395255,4.420317649841309,9183100,0.0,0.0
2011-05-27,4.439424627235326,4.490379542450677,4.413947321484371,4.445794105529785,8359000,0.0,0.0
2011-05-31,4.522226710719179,4.534965365532504,4.452163957389148,4.496749401092529,10998500,0.0,0.0
2011-06-01,4.464902873918067,4.471272049408076,4.140066723663533,4.165544033050537,27865000,0.0,0.0
2011-06-02,4.165544033050537,4.229237306518049,4.114589414276528,4.165544033050537,14516800,0.0,0.0
2011-06-03,4.08911261342546,4.171914031087432,4.044527164596662,4.050896644592285,15828000,0.0,0.0
2011-06-06,4.044525285318925,4.044525285318925,3.7706441507492086,3.853445529937744,35134200,0.0,0.0
2011-06-07,3.891662015674015,3.9617244504160247,3.8598152335451577,3.866184711456299,16943100,0.0,0.0
2011-06-08,3.827968909759884,3.974463263072658,3.827968909759884,3.9044008255004883,20512300,0.0,0.0
2011-06-09,3.9171391253938546,3.948985602228014,3.872553693369941,3.898030996322632,28643300,0.0,0.0
2011-06-10,3.8789229872595343,3.9362467643315386,3.777013476561783,3.910769462585449,21214400,0.0,0.0
2011-06-13,3.8343374025429355,3.8916614810139802,3.7833828011079538,3.853445529937744,37826200,0.0,0.0
2011-06-14,3.904399607342761,4.0381555700141885,3.853445012746663,3.987200975418091,25911900,0.0,0.0
2011-06-15,3.929787159629145,3.9553052343644426,3.8468535688391516,3.923407793045044,26063000,0.01,0.0
2011-06-16,3.8787486562817133,3.9425438044049135,3.8659896266570732,3.9297847747802734,19423600,0.0,0.0
2011-06-17,3.9744430686470174,4.108413083650801,3.9553043647038857,3.9999611377716064,37657500,0.0,0.0
2011-06-20,3.968063897293497,3.9999616398023736,3.8787506441478268,3.948925495147705,15836300,0.0,0.0
2011-06-21,3.9808232503090495,4.025480032536031,3.9361667722815104,4.019100666046143,10575500,0.0,0.0
2011-06-22,3.993581246033697,4.121171574833769,3.9553038431943355,3.961683511734009,28014000,0.0,0.0
2011-06-23,3.8915088026122087,3.942544935756078,3.853231702754307,3.9361655712127686,20292000,0.0,0.0
2011-06-24,3.9361646246805697,3.948923654898364,3.7766765948584995,3.789435625076294,19594800,0.0,0.0
2011-06-27,3.8213330485211428,3.859610443373802,3.7447788672143756,3.789435625076294,24294800,0.0,0.0
2011-06-28,3.8085740183033483,3.827712715729678,3.738399504205116,3.789435625076294,14624600,0.0,0.0
2011-06-29,3.8213347895370973,3.9361664180142895,3.814955423621372,3.917027711868286,19652200,0.0,0.0
2011-06-30,3.9170284609122294,3.9808236532659516,3.8915103839707403,3.955305576324463,11250200,0.0,0.0
2011-07-01,3.9361667722815104,4.076516181252899,3.9234077351022933,4.019100666046143,12580000,0.0,0.0
2011-07-05,3.9808220356139796,3.999960737642605,3.8787497693262414,3.9361655712127686,12274600,0.0,0.0
2011-07-06,3.8978894684598453,3.9106485050096556,3.8021965422365556,3.8404736518859863,21705500,0.0,0.0
2011-07-07,3.8978884713548667,3.955303969042045,3.872370404782932,3.9361655712127686,16550600,0.0,0.0
2011-07-08,3.872371643574449,3.96168490514799,3.8404738980556044,3.923407793045044,16166300,0.0,0.0
2011-07-11,3.846852997743785,3.87875043432776,3.7447804097566224,3.7639191150665283,11877300,0.0,0.0
2011-07-12,3.7447805572627813,3.8978892931747473,3.7384011913744644,3.827714443206787,17227700,0.0,0.0
2011-07-13,3.8468518993553644,3.8851289948465477,3.7766770721885377,3.7958154678344727,14748600,0.0,0.0
2011-07-14,3.834094758929611,3.8404741258921686,3.738401820895528,3.757540225982666,15267600,0.0,0.0
2011-07-15,3.78943669119261,3.840472826422243,3.7639186235777933,3.82133412361145,14526700,0.0,0.0
2011-07-18,3.7830581990161996,3.827714983333562,3.642708783475063,3.725642681121826,19009100,0.0,0.0
2011-07-19,3.7256420086461173,3.7766781505399982,3.661846527079365,3.7639191150665283,13969300,0.0,0.0
2011-07-20,3.7766782345390553,3.885130190575389,3.744780493046225,3.8340940475463867,14464700,0.0,0.0
2011-07-21,3.8659921755130195,4.012721265034776,3.8659921755130195,3.9744441509246826,22338700,0.0,0.0
2011-07-22,3.9680646147952072,3.9744442861303155,3.8978900553058486,3.955305576324463,9152100,0.0,0.0
2011-07-25,3.904267711674306,3.9999606103740306,3.8723702815739576,3.961683511734009,16714800,0.0,0.0
2011-07-26,4.019099804115119,4.165828852308513,3.9680633621440196,4.095654010772705,29206400,0.0,0.0
2011-07-27,4.050996754385815,4.082894488783864,3.9042677237136036,3.910647392272949,22731100,0.0,0.0
2011-07-28,3.910647504640834,3.9872017043566377,3.910647504640834,3.9361655712127686,10539900,0.0,0.0
2011-07-29,3.8851308822631836,3.955305439321858,3.8468537681767803,3.8851308822631836,13362100,0.0,0.0
2011-08-01,3.948925781257433,3.980823221877943,3.7192628094723394,3.770298957824707,38487900,0.0,0.0
2011-08-02,3.757538955240396,3.7702979890500656,3.5980508805198435,3.6363279819488525,37248400,0.0,0.0
2011-08-03,3.64908723536398,3.693744008484991,3.502358185622807,3.6809849739074707,52328200,0.0,0.0
2011-08-04,3.6044304985156495,3.6427075994029736,3.406665325164795,3.406665325164795,44492800,0.0,0.0
2011-08-05,3.4832199009660214,3.515117640563635,3.2089004963842247,3.253556966781616,51296600,0.0,0.0
2011-08-08,3.1068281180167903,3.2216597448162063,2.7112977026395804,2.8133699893951416,39322300,0.0,0.0
2011-08-09,2.8835456270815825,3.0557928101785103,2.781473312416586,3.0494134426116943,28100600,0.0,0.0
2011-08-10,2.9473391001339904,2.985616195748798,2.6857787946664837,2.698537826538086,22353200,0.0,0.0
2011-08-11,2.8069898366034827,2.9026827307080163,2.724055974766265,2.8707849979400635,22526600,0.0,0.0
2011-08-12,2.9154421685876795,2.9856167037213233,2.717676988830437,2.743195056915283,27470300,0.0,0.0
2011-08-15,2.7623331196373644,2.9026827812194824,2.7623331196373644,2.9026827812194824,18312300,0.0,0.0
2011-08-16,2.858027077185215,2.9218222633323183,2.7814728538086912,2.8006112575531006,16753900,0.0,0.0
2011-08-17,2.864405914437584,2.98561689782038,2.832508479357513,2.896303653717041,20354800,0.0,0.0
2011-08-18,2.775092640740753,2.775092640740753,2.6411226239147028,2.673020362854004,25175900,0.0,0.0
2011-08-19,2.5964659628745808,2.711297267025048,2.4497367700385113,2.462495803833008,30736700,0.0,0.0
2011-08-22,2.5773272838077657,2.6028453516316556,2.475255012512207,2.475255012512207,28057500,0.0,0.0
2011-08-23,2.5199120658010203,2.570948362350464,2.449737215082926,2.570948362350464,18383000,0.0,0.0
2011-08-24,2.564568310346351,2.685779287466624,2.5581889453396895,2.653881549835205,21787600,0.0,0.0
2011-08-25,2.7750918451028976,2.87078473028561,2.564567680220507,2.5837063789367676,28893400,0.0,0.0
2011-08-26,2.5773279375578104,2.6666411975961073,2.4943941960936775,2.628364086151123,21710500,0.0,0.0
2011-08-29,2.6921588723850096,2.838887929916382,2.679399837130082,2.838887929916382,14104600,0.0,0.0
2011-08-30,2.7942310980555267,2.902683035827448,2.74319496362153,2.8580262660980225,21047900,0.0,0.0
2011-08-31,2.902683323252687,2.953719462740309,2.832508479357513,2.896303653717041,14342000,0.0,0.0
2011-09-01,2.88992360037644,2.960098123365773,2.7495739459991455,2.7495739459991455,13475600,0.0,0.0
2011-09-02,2.6411223398170063,2.711297175415339,2.5900862063634373,2.6347429752349854,16496200,0.0,0.0
2011-09-06,2.519911962031442,2.583707292066238,2.436978078616118,2.4816348552703857,24733200,0.0,0.0
2011-09-07,2.583706802877754,2.8006103667894395,2.5773271341924433,2.787851333618164,30761000,0.0,0.0
2011-09-08,2.743196499314322,2.8133710713464293,2.6475035415801895,2.6666419506073,23556000,0.0,0.0
2011-09-09,2.6347441546870787,2.673021271912136,2.500774092299635,2.5326716899871826,25915300,0.0,0.0
2011-09-12,2.4816352341541954,2.6156051282717545,2.4816352341541954,2.5454304218292236,28120900,0.0,0.0
2011-09-13,2.5518101288279476,2.59008724425643,2.4624967073950854,2.4880149364471436,32058400,0.0,0.0
2011-09-14,2.5391815995108518,2.5391815995108518,2.37928351505166,2.449638605117798,43244000,0.01,0.0
2011-09-15,2.488013823787009,2.5135974884033203,2.4624300066800275,2.5135974884033203,32222900,0.0,0.0
2011-09-16,2.53918140929963,2.56476522898879,2.462430255213519,2.5583691596984863,29350600,0.0,0.0
2011-09-19,2.507202955776623,2.526390714827066,2.3984721686666917,2.436847686767578,23983100,0.0,0.0
2011-09-20,2.4624307085236525,2.4816186149455057,2.404867446730233,2.417659282684326,22750300,0.0,0.0
2011-09-21,2.436846140603893,2.4432420562292054,2.3089276756069874,2.3153235912323,25442400,0.0,0.0
2011-09-22,2.2257813279909304,2.2705527485422192,2.1490301688408837,2.187405824661255,27411800,0.0,0.0
2011-09-23,2.174613890677692,2.289740395396942,2.1426341535427675,2.1938016414642334,31923100,0.0,0.0
2011-09-26,2.2513648613521373,2.315324029718118,2.1682179424763617,2.302532196044922,22504500,0.0,0.0
2011-09-27,2.366491658736595,2.4048671620562088,2.289740499606673,2.3089282512664795,26274500,0.0,0.0
2011-09-28,2.308928146183484,2.3281160494607134,2.1874057245353864,2.1938016414642334,30331300,0.0,0.0
2011-09-29,2.2705531120300293,2.3153245397486764,2.181010256592735,2.2705531120300293,22082800,0.0,0.0
2011-09-30,2.2193857661084424,2.2385735208453736,2.129842758178711,2.129842758178711,19438600,0.0,0.0
2011-10-03,2.123447319453623,2.1298432391436046,1.9315695762634277,1.9315695762634277,39222500,0.0,0.0
2011-10-04,1.9059854574552886,2.046695810638848,1.8036506135515946,2.040299892425537,48196900,0.0,0.0
2011-10-05,2.00832031151148,2.1426345946699983,1.9443609765643235,2.129842758178711,31151800,0.0,0.0
2011-10-06,2.1170499901982764,2.366490997007291,2.053090835883479,2.340907335281372,36457600,0.0,0.0
2011-10-07,2.353699784237637,2.3600957013487163,2.142634214590629,2.1746139526367188,26245300,0.0,0.0
2011-10-10,2.232177110842343,2.315324029718118,2.187405692986156,2.302532196044922,30720300,0.0,0.0
2011-10-11,2.244968967959644,2.347303790904577,2.232177134152863,2.3217201232910156,35357000,0.0,0.0
2011-10-12,2.340907650781637,2.5199934594903515,2.328115818194634,2.443242311477661,31929500,0.0,0.0
2011-10-13,2.411263179944282,2.4176590974312413,2.26415692525351,2.3536999225616455,17848100,0.0,0.0
2011-10-14,2.411263217695856,2.436846888044241,2.27694879587613,2.3664917945861816,22807000,0.0,0.0
2011-10-17,2.3217198173958162,2.328115733456521,2.193801343691055,2.212989091873169,18460400,0.0,0.0
2011-10-18,2.251365016986167,2.494410178559673,2.2065935960349883,2.449638605117798,28474000,0.0,0.0
2011-10-19,2.4432423538169314,2.52638941956399,2.3345117749431994,2.3792831897735596,25055100,0.0,0.0
2011-10-20,2.3664916565787277,2.3920753254351417,2.27055274587648,2.360095739364624,22304300,0.0,0.0
2011-10-21,2.4112633647072794,2.436847036615466,2.3345123489827198,2.417659282684326,26251900,0.0,0.0
2011-10-24,2.430451413236354,2.5391821845162474,2.398471819474836,2.494410753250122,26302200,0.0,0.0
2011-10-25,2.4496383730442313,2.519993608935759,2.2897403037334447,2.372887372970581,51002600,0.0,0.0
2011-10-26,2.430450046047275,2.481617519773449,2.3345113187306596,2.456033706665039,26394900,0.0,0.0
2011-10-27,2.5967446454305576,2.73105904993398,2.5391813945679553,2.7118711471557617,40336600,0.0,0.0
2011-10-28,2.6862884422127506,2.7566437042891327,2.6351210897868285,2.731060028076172,27292500,0.0,0.0
2011-10-31,2.667099628591859,2.6798914609000146,2.5135974884033203,2.5135974884033203,20626600,0.0,0.0
2011-11-01,2.372887712173278,2.462430558392626,2.2833447134632263,2.3664917945861816,31261000,0.0,0.0
2011-11-02,2.4432425125597987,2.5008059164295307,2.411262928460329,2.4816181659698486,23103800,0.0,0.0
2011-11-03,2.558369976994101,2.6095373277369482,2.4176596099605376,2.551974058151245,46191100,0.0,0.0
2011-11-04,2.532785530351798,2.60314076868973,2.4880141120853696,2.5711610317230225,26084800,0.0,0.0
2011-11-07,2.5647652954852083,2.66709996693233,2.5391814751327386,2.6607038974761963,25109700,0.0,0.0
2011-11-08,2.705475348614393,2.8525815847794824,2.673495612716231,2.8014142513275146,49531700,0.0,0.0
2011-11-09,2.6734955752978355,2.737455046198979,2.5903488120927967,2.6095364093780518,40666800,0.0,0.0
2011-11-10,2.68628849418792,2.7182682425636147,2.5903498590238025,2.6479129791259766,37694100,0.0,0.0
2011-11-11,2.7502467794441663,2.756642543313055,2.6223281472715607,2.667099714279175,27932300,0.0,0.0
2011-11-14,2.654308103851362,2.6670999376417703,2.558369197932614,2.5711610317230225,25422200,0.0,0.0
2011-11-15,2.5391812505310902,2.60314056701875,2.5327853341313915,2.5839526653289795,35654000,0.0,0.0
2011-11-16,2.5455771669307885,2.6862873277241546,2.5327853341313915,2.5839526653289795,27342800,0.0,0.0
2011-11-17,2.583953197634897,2.673496045676903,2.4944103495928918,2.519994020462036,28078600,0.0,0.0
2011-11-18,2.564765416897887,2.635120354357606,2.532785678066093,2.622328519821167,30265400,0.0,0.0
2011-11-21,2.5583699423957897,2.5903496886683226,2.5199944298576287,2.539182186126709,20504900,0.0,0.0
2011-11-22,2.5199944282593365,2.6031415245300153,2.468826925750176,2.494410753250122,17226100,0.0,0.0
2011-11-23,2.44324276737908,2.468826437326918,2.334512170100767,2.3536999225616455,18056600,0.0,0.0
2011-11-25,2.340907987722314,2.4368467459338663,2.308928249161101,2.360095739364624,8919500,0.0,0.0
2011-11-28,2.4880145329225525,2.5072022868536923,2.366491938867953,2.417659282684326,16663600,0.0,0.0
2011-11-29,2.3984709565320417,2.404866872983167,2.244968809214364,2.2961361408233643,37564200,0.0,0.0
2011-11-30,2.4176598784792107,2.628725528717041,2.3984721198195444,2.628725528717041,37510200,0.0,0.0
2011-12-01,2.577557521313936,2.647912466140073,2.5135981894442705,2.6351206302642822,20822500,0.0,0.0
2011-12-02,2.692683748804247,2.8078102590567973,2.647912175659782,2.6990795135498047,27107900,0.0,0.0
2011-12-05,2.7630379320524825,2.8269970799048205,2.7182663760652086,2.7566418647766113,27032500,0.0,0.0
2011-12-06,2.7310591365867816,2.7374552060429154,2.6415162990705494,2.6607038974761963,27504300,0.0,0.0
2011-12-07,2.641516484264087,2.679891988747218,2.564765475297824,2.654308319091797,21198200,0.0,0.0
2011-12-08,2.6287243969849783,2.641516230584216,2.468826172013138,2.5583691596984863,25080600,0.0,0.0
2011-12-09,2.5839532867611195,2.6351206302642822,2.5711614508853287,2.6351206302642822,19569700,0.0,0.0
2011-12-12,2.56476522898879,2.5967446604961992,2.5263895757003922,2.5583691596984863,16921800,0.0,0.0
2011-12-13,2.5839530903241243,2.679892004589809,2.5263898332591337,2.577557325363159,21571400,0.0,0.0
2011-12-14,2.5390865051074667,2.5967931138681215,2.513439191378308,2.551910161972046,17650600,0.01,0.0
2011-12-15,2.590380442945706,2.6096160759916462,2.5326740024179086,2.5454976558685303,13066000,0.0,0.0
2011-12-16,2.5647330641095607,2.616027676473351,2.5390857579276656,2.558321237564087,15493000,0.0,0.0
2011-12-19,2.5519099541659402,2.5647336099862685,2.4300850710027837,2.4493205547332764,14526300,0.0,0.0
2011-12-20,2.5006151055002626,2.641675306809898,2.5006151055002626,2.6288516521453857,16312600,0.0,0.0
2011-12-21,2.62885122678132,2.7186167949082933,2.5775566164230495,2.7057931423187256,15449400,0.0,0.0
2011-12-22,2.7186172639345343,2.8532657922250704,2.712205589403581,2.82120680809021,14638200,0.0,0.0
2011-12-23,2.8532657922250704,2.8532657922250704,2.7699121888823957,2.82120680809021,6548000,0.0,0.0
2011-12-27,2.795560121536255,2.821207436856211,2.763500824516252,2.795560121536255,7154100,0.0,0.0
2011-12-28,2.7955596787841284,2.8083833344131355,2.6737347974385286,2.7186174392700195,8561900,0.0,0.0
2011-12-29,2.718617869836271,2.795560121536255,2.705794212176293,2.795560121536255,10940300,0.0,0.0
2011-12-30,2.7763237513316343,2.7827357313437795,2.744264768491013,2.7570884227752686,6497900,0.0,0.0
2012-01-03,2.8147944447087356,2.8596773832767584,2.7699118118807182,2.789147138595581,14255500,0.0,0.0
2012-01-04,2.7827355861663823,2.7827355861663823,2.6993816847973386,2.782735586166382,16914500,0.0,0.0
2012-01-05,2.7506754586311795,2.9494421817927416,2.7186161815206358,2.8981475830078125,31886900,0.0,0.0
2012-01-06,2.9045601019363123,2.923795427194841,2.8019705795108916,2.827617883682251,18310300,0.0,0.0
2012-01-09,2.872501277742729,3.0071497990228595,2.866089297805565,2.9045605659484863,25590700,0.0,0.0
2012-01-10,3.000737833004099,3.0327971213585574,2.9173842336145652,3.013561487197876,19395200,0.0,0.0
2012-01-11,2.9879149188574323,3.1033281409270175,2.9494439467476066,3.077680826187134,18766800,0.0,0.0
2012-01-12,3.0327972441950157,3.064856533847962,2.955855315915999,3.0071499347686768,42072700,0.0,0.0
2012-01-13,2.9366202437580617,3.122563425603696,2.904561253701289,3.0712687969207764,25850900,0.0,0.0
2012-01-17,3.064857168817192,3.1417991130368432,3.045621529892225,3.077680826187134,17048500,0.0,0.0
2012-01-18,3.0776798695159764,3.1674454432026886,3.04562058318643,3.148209810256958,15687500,0.0,0.0
2012-01-19,3.1802693138975204,3.1995046424176072,3.135386371117261,3.167445659637451,18676200,0.0,0.0
2012-01-20,3.1482098102569576,3.161033463640774,3.0712678899540617,3.148209810256958,21891000,0.0,0.0
2012-01-23,3.141797473589252,3.199503748771743,3.109738194023464,3.154621124267578,27691600,0.0,0.0
2012-01-24,3.1482102370387146,3.3598006994255862,3.0776802867364608,3.353389024734497,43505100,0.0,0.0
2012-01-25,3.340564662826179,3.5008604708092395,3.270034421706435,3.411094903945923,27643900,0.0,0.0
2012-01-26,3.4559782468019584,3.4752138822500815,3.257211440624931,3.314918041229248,22767900,0.0,0.0
2012-01-27,3.289270695709378,3.411095570262323,3.282858715382357,3.4046835899353027,18874500,0.0,0.0
2012-01-30,3.353389006385442,3.3598006810414476,3.28285875072906,3.314918041229248,12166300,0.0,0.0
2012-01-31,3.346977472305298,3.3662131103184736,3.2828591884948697,3.346977472305298,19252800,0.0,0.0
2012-02-01,3.411094903945923,3.443153882098541,3.3533883152352244,3.411094903945923,16561000,0.0,0.0
2012-02-02,3.379035901935154,3.500860762853805,3.353388594977545,3.488037109375,19688400,0.0,0.0
2012-02-03,3.558568057684932,3.6419216688541063,3.532920745672867,3.616274356842041,23756800,0.0,0.0
2012-02-06,3.5906268389499147,3.6098624747260653,3.5393322178669253,3.5842151641845703,13781200,0.0,0.0
2012-02-07,3.5649795284084203,3.603450494220662,3.532920543101581,3.5842151641845703,10433400,0.0,0.0
2012-02-08,3.5842155797719144,3.6098628932871977,3.52650897149248,3.539332628250122,15727000,0.0,0.0
2012-02-09,3.5713918017495585,3.6547454149739544,3.5521561643961848,3.6419217586517334,17024600,0.0,0.0
2012-02-10,3.597038292373212,3.6739802127232237,3.5713909855898747,3.6355092525482178,20558100,0.0,0.0
2012-02-13,3.6932165137304374,3.718863825153004,3.654745240856518,3.6868045330047607,23185800,0.0,0.0
2012-02-14,3.66756878848661,3.6803924438199878,3.584215181689687,3.6226861476898193,14735300,0.0,0.0
2012-02-15,3.6547456859713736,3.75092326838959,3.635510352931794,3.706040620803833,29291400,0.0,0.0
2012-02-16,3.7060395903406347,3.789393186569214,3.66115664949446,3.789393186569214,20137500,0.0,0.0
2012-02-17,3.8342758897053386,3.879158827768947,3.8022166045541894,3.847099542617798,17081400,0.0,0.0
2012-02-21,3.859924227276929,3.8983951962974865,3.7701586328956282,3.8342769145965576,17806200,0.0,0.0
2012-02-22,3.802216113873436,3.815039765130987,3.6739796012979262,3.718862533569336,18396100,0.0,0.0
2012-02-23,3.7124512643243617,3.8663354145540874,3.6034500549408106,3.789393186569214,27750600,0.0,0.0
2012-02-24,3.802216113873436,3.8086280923721927,3.6739796012979262,3.718862533569336,9875200,0.0,0.0
2012-02-27,3.7060403486656006,3.75092299295558,3.6290981049369093,3.7380993366241455,18419100,0.0,0.0
2012-02-28,3.7573349739913393,3.8022176182813183,3.699628367629842,3.7380993366241455,17490800,0.0,0.0
2012-02-29,3.757335326785827,3.7958062993923574,3.6803930758326535,3.6932170391082764,19058100,0.0,0.0
2012-03-01,3.7316864010956836,3.7893926822290322,3.6996271182238383,3.7509217262268066,13853400,0.0,0.0
2012-03-02,3.7958048356273797,3.8470994459888317,3.725274593510386,3.8214521408081055,22915200,0.0,0.0
2012-03-05,3.815041617842814,3.8278652753279623,3.7573353120297037,3.802217960357666,15356100,0.0,0.0
2012-03-06,3.7316874808642875,3.750922811561178,3.641921585145235,3.6868045330047607,19287600,0.0,0.0
2012-03-07,3.7124520239612764,3.770158630322774,3.6868047112984073,3.7380993366241455,19252400,0.0,0.0
2012-03-08,3.782980981073118,3.7958046329788586,3.673979787004337,3.7124507427215576,20082600,0.0,0.0
2012-03-09,3.718862533569336,3.757333487341989,3.6868032525554773,3.718862533569336,16154800,0.0,0.0
2012-03-12,3.699628155159039,3.699628155159039,3.5970389103992946,3.6098625659942627,20877500,0.0,0.0
2012-03-13,3.6483340102048825,3.7316879353500103,3.6034510568790195,3.706040620803833,36250700,0.0,0.0
2012-03-14,3.8923037258250717,4.007916598614794,3.8473430110497175,3.962956190109253,155278200,0.01,0.0
2012-03-15,4.014341321663756,4.226298494444412,3.9436888286468914,4.136377334594727,63855600,0.0,0.0
2012-03-16,4.2262984775476395,4.296950970282035,4.110685558203122,4.117108345031738,54444600,0.0,0.0
2012-03-19,4.104260684099936,4.187759020528196,4.072146151352777,4.078568935394287,48507500,0.0,0.0
2012-03-20,4.027188237005415,4.162070164592152,4.027188237005415,4.149224281311035,48395500,0.0,0.0
2012-03-21,4.219875924932364,4.258413566852802,4.1749151895568755,4.23272180557251,61527300,0.0,0.0
2012-03-22,4.168491881406074,4.200606734487359,4.097839694659147,4.136377334594727,21917200,0.0,0.0
2012-03-23,4.09141575246138,4.142799261712092,4.02718636589799,4.129953384399414,27746500,0.0,0.0
2012-03-26,4.226297399990217,4.245566368103027,4.155644925269721,4.245566368103027,19665500,0.0,0.0
2012-03-27,4.277682332790627,4.296951307327774,4.213452928116736,4.226298809051514,23439400,0.0,0.0
2012-03-28,4.232721099646834,4.258412856642301,4.142799643892798,4.207029342651367,19884700,0.0,0.0
2012-03-29,4.162068596207522,4.194183445443543,4.091416111650215,4.187760353088379,16993600,0.0,0.0
2012-03-30,4.22629871211746,4.23272180557251,4.123531666996291,4.23272180557251,24444800,0.0,0.0
2012-04-02,4.213452928116736,4.258413664523439,4.1684921917100315,4.226298809051514,14670100,0.0,0.0
2012-04-03,4.226299045773458,4.271259784698486,4.168492425194132,4.271259784698486,28854500,0.0,0.0
2012-04-04,4.200606578713055,4.245567310105553,4.123531301700137,4.155645847320557,29464300,0.0,0.0
2012-04-05,4.13637647619069,4.18133719992,4.0593012123146215,4.129953384399414,27900000,0.0,0.0
2012-04-09,4.052879461817283,4.065725343381285,3.950112409305268,3.995072841644287,18491500,0.0,0.0
2012-04-10,3.9822273799538257,4.020765334979127,3.84092266785108,3.9051520824432373,27960000,0.0,0.0
2012-04-11,3.9629598727383204,4.007920323023911,3.9372680993550975,3.9758057594299316,22752400,0.0,0.0
2012-04-12,3.9758033726142217,4.0528786464928706,3.9565344010096024,4.0464558601379395,12921900,0.0,0.0
2012-04-13,4.027188380331174,4.033611475335335,3.866614680467459,3.9244213104248047,28571400,0.0,0.0
2012-04-16,3.9758042018827164,4.027187728519331,3.8666140546449235,3.98865008354187,24395300,0.0,0.0
2012-04-17,4.040032863616943,4.110685352821335,4.020764197823877,4.040032863616943,19852300,0.0,0.0
2012-04-18,4.007918752895612,4.046456704143049,3.9629583202235628,3.98865008354187,15807400,0.0,0.0
2012-04-19,4.033608752733456,4.033608752733456,3.885881036321168,3.9308414459228516,17409900,0.0,0.0
2012-04-20,3.9629584970844713,3.9822271672981446,3.840922462741239,3.898729085922241,23152700,0.0,0.0
2012-04-23,3.815229643625609,3.943688430439977,3.7959606724685004,3.911573886871338,21115400,0.0,0.0
2012-04-24,3.9629580023145494,4.174915185822337,3.9308431476079346,4.142800331115723,51517300,0.0,0.0
2012-04-25,4.245568021389892,4.303374335699241,4.155646543539835,4.271259784698486,37160700,0.0,0.0
2012-04-26,4.239143607026731,4.3483337202129,4.21345185172056,4.3354878425598145,21268800,0.0,0.0
2012-04-27,4.361180657550184,4.444679035718704,4.284105372903838,4.418987274169922,22356400,0.0,0.0
2012-04-30,4.40613993459959,4.412562719725336,4.303372616158969,4.32906436920166,20117200,0.0,0.0
2012-05-01,4.348335970410172,4.457526140100582,4.322644201808904,4.393296718597412,18861000,0.0,0.0
2012-05-02,4.348335012419048,4.418987513641949,4.303374274137206,4.374026775360107,14286100,0.0,0.0
2012-05-03,4.380449248503812,4.483216285705566,4.335488516593079,4.483216285705566,34477100,0.0,0.0
2012-05-04,4.431831938715646,4.470369570462929,4.303372859954834,4.303372859954834,32698900,0.0,0.0
2012-05-07,4.277682904063685,4.393296154186487,4.277682904063685,4.309797763824463,24332500,0.0,0.0
2012-05-08,4.277681105456646,4.3290646144530225,4.22629759646027,4.303372859954834,22575900,0.0,0.0
2012-05-09,4.226298218311581,4.271258948433802,4.1427998507717065,4.213452339172363,33502000,0.0,0.0
2012-05-10,4.309797062020316,4.341911916551536,4.239144565813603,4.28410530090332,21164700,0.0,0.0
2012-05-11,4.207029643883735,4.309796679223943,4.174914792204958,4.277681827545166,13481100,0.0,0.0
2012-05-14,4.194185025929953,4.245568559054422,4.142801186535469,4.149224281311035,21945200,0.0,0.0
2012-05-15,4.1556450349636505,4.200605757567104,4.027186265053595,4.065723896026611,35380700,0.0,0.0
2012-05-16,4.104262630073119,4.162069245203851,3.995072493168381,4.027187347412109,19353100,0.0,0.0
2012-05-17,4.02076651598562,4.117110513037656,3.9693826629490774,3.9758057594299316,22373800,0.0,0.0
2012-05-18,4.001495270093679,4.020764242370149,3.905151021251182,3.9372658729553223,16579200,0.0,0.0
2012-05-21,3.950112771718008,4.0464570454223505,3.943689677211717,3.982227325439453,20118400,0.0,0.0
2012-05-22,3.9950721329832537,4.110685352821335,3.9822262536979025,4.040032863616943,22049500,0.0,0.0
2012-05-23,4.001495808866978,4.0849941895242745,3.9179974282096817,4.052879333496094,21528000,0.0,0.0
2012-05-24,4.0849928646480524,4.129953280981639,4.0207634796930245,4.065723896026611,22893100,0.0,0.0
2012-05-25,4.072147254174528,4.142799429114231,4.052878284291953,4.059301376342773,9416400,0.0,0.0
2012-05-29,4.117108569858412,4.142800331115723,4.046456379535784,4.142800331115723,15164100,0.0,0.0
2012-05-30,4.084994693650087,4.091417481886374,3.9629586544605866,3.982227325439453,14664800,0.0,0.0
2012-05-31,3.9822262536979025,4.05930183567993,3.905150977985796,4.040032863616943,16986000,0.0,0.0
2012-06-01,3.917996822923408,3.9308427020961436,3.751000393677844,3.7766921520233154,27797500,0.0,0.0
2012-06-04,3.6675036845488553,3.7510020900687553,3.506929969135228,3.5647366046905518,40786500,0.0,0.0
2012-06-05,3.551888914983164,3.6546559426252414,3.5454658226205833,3.6289641857147217,19725900,0.0,0.0
2012-06-06,3.67392557192592,3.8409223419666345,3.641811020489616,3.821653366088867,21829000,0.0,0.0
2012-06-07,3.93084255175854,3.995071945165724,3.8280755223070457,3.911573886871338,23843500,0.0,0.0
2012-06-08,3.866613494180883,3.9693805325580707,3.8023840951951406,3.9501118659973145,22293400,0.0,0.0
2012-06-11,4.027185918954956,4.04003179484198,3.853766441345215,3.853766441345215,16793300,0.0,0.0
2012-06-12,3.8601927792054296,3.9822285496406886,3.808808926168887,3.9758057594299316,14956900,0.0,0.0
2012-06-13,3.950069335124455,4.046569463766278,3.917902830087482,3.98223614692688,16707100,0.01,0.0
2012-06-14,4.059436154842636,4.098036145209747,4.007969501019822,4.07230281829834,20100500,0.0,0.0
2012-06-15,4.110900874655385,4.149500846862793,4.046567587643037,4.149500846862793,19923300,0.0,0.0
2012-06-18,4.175235715969523,4.2781693202733555,4.1173358894868795,4.265302658081055,29114800,0.0,0.0
2012-06-19,4.271736902916566,4.374670532934237,4.2524370581895345,4.329637050628662,20341200,0.0,0.0
2012-06-20,4.342503546564918,4.361803697304245,4.246003406399267,4.3360700607299805,16161200,0.0,0.0
2012-06-21,4.342504153097684,4.36180430653273,4.175237179212392,4.188104152679443,17156500,0.0,0.0
2012-06-22,4.220270738060662,4.329637560272467,4.200970891061836,4.291037559509277,11907500,0.0,0.0
2012-06-25,4.213836402011456,4.213836402011456,4.104469609801977,4.117336273193359,12591700,0.0,0.0
2012-06-26,4.155938054305631,4.188104880028617,4.027271364944856,4.091604709625244,30158900,0.0,0.0
2012-06-27,4.117336581337407,4.136636424486167,4.033703109651512,4.123769760131836,38252700,0.0,0.0
2012-06-28,4.059437311378567,4.2395709578440455,4.0208373100142945,4.207404136657715,26919600,0.0,0.0
2012-06-29,4.336069585701167,4.342503070831299,4.278169753357259,4.342503070831299,13872500,0.0,0.0
2012-07-02,4.38753856630879,4.406838417053223,4.291038392289839,4.406838417053223,16385300,0.0,0.0
2012-07-03,4.406837939759461,4.451871431228331,4.381104603710267,4.413271427154541,7056400,0.0,0.0
2012-07-05,4.393970206182469,4.419703535991244,4.329636881660531,4.3360700607299805,12849100,0.0,0.0
2012-07-06,4.284602952379437,4.3296364282111135,4.24600296170891,4.297469615936279,12283000,0.0,0.0
2012-07-09,4.291035982465657,4.310335822371397,4.175235715969523,4.265302658081055,17789100,0.0,0.0
2012-07-10,4.297469708478287,4.297469708478287,4.085169601835975,4.136636257171631,19003300,0.0,0.0
2012-07-11,4.130203967477328,4.246003966903276,4.117337300874445,4.22027063369751,17732200,0.0,0.0
2012-07-12,4.168804646331994,4.200971471461539,4.123771152503747,4.1623711585998535,17688100,0.0,0.0
2012-07-13,4.175237383140232,4.316771030535301,4.162370715810275,4.310337543487549,10887200,0.0,0.0
2012-07-16,4.284603595733643,4.316770412838482,4.252437085394306,4.284603595733643,8572300,0.0,0.0
2012-07-17,4.323204912452425,4.413271905145098,4.278171722871685,4.406838417053223,22593800,0.0,0.0
2012-07-18,4.36823704598688,4.393970376794848,4.30390371896696,4.3232035636901855,14706800,0.0,0.0
2012-07-19,4.348938371452866,4.355371552503114,4.233138044892573,4.278171539306641,13646200,0.0,0.0
2012-07-20,4.181669903109068,4.291036703503627,4.104469916983076,4.123769760131836,24504700,0.0,0.0
2012-07-23,4.040137696903182,4.130204371943489,4.00153738654892,4.110904216766357,19290200,0.0,0.0
2012-07-24,4.316771545904877,4.374671709185025,4.200971526110166,4.278171539306641,55122200,0.0,0.0
2012-07-25,4.323203482084982,4.471170284820515,4.29103697256495,4.445436954498291,54846100,0.0,0.0
2012-07-26,4.484036731886143,4.561237025863425,4.458303402815543,4.548370361328125,25423800,0.0,0.0
2012-07-27,4.586970017234021,4.612703344410094,4.484036401764275,4.567669868469238,23248600,0.0,0.0
2012-07-30,4.554803229555047,4.593403220528255,4.529069902239574,4.535503387451172,14821100,0.0,0.0
2012-07-31,4.509771209918796,4.54837121073322,4.477604389190674,4.477604389190674,14849100,0.0,0.0
2012-08-01,4.5097715907217975,4.529071439375911,4.400404759129944,4.413271427154541,17424300,0.0,0.0
2012-08-02,4.361803866667638,4.432570373006801,4.297470232882217,4.3232035636901855,24547200,0.0,0.0
2012-08-03,4.400405025812686,4.509771864032622,4.381104869223341,4.4583048820495605,19831800,0.0,0.0
2012-08-06,4.5290687969570955,4.554802117992559,4.496901992280073,4.503335475921631,13054000,0.0,0.0
2012-08-07,4.529071056943239,4.561237877671361,4.471170902338835,4.477604389190674,16338400,0.0,0.0
2012-08-08,4.451869964599609,4.503336619742767,4.4390033008138206,4.451869964599609,14447300,0.0,0.0
2012-08-09,4.432572147582892,4.484038829803467,4.419705477027748,4.484038829803467,15703400,0.0,0.0
2012-08-10,4.445435350209144,4.503335475921631,4.432568689691412,4.503335475921631,9166000,0.0,0.0
2012-08-13,4.477603575975393,4.503336905178029,4.413270252968803,4.496903419494629,14514300,0.0,0.0
2012-08-14,4.522636723793435,4.5869700420821164,4.4904699112663655,4.535503387451172,19726600,0.0,0.0
2012-08-15,4.529069902239574,4.554803229555047,4.496903089712504,4.535503387451172,9341800,0.0,0.0
2012-08-16,4.541936211928853,4.612703009914036,4.4904695613088785,4.593402862548828,14300200,0.0,0.0
2012-08-17,4.6127042765769675,4.6127042765769675,4.574104278012308,4.606270790100098,9880200,0.0,0.0
2012-08-20,4.593403508133605,4.632003501523663,4.5676701792069,4.586970329284668,7563500,0.0,0.0
2012-08-21,4.593403874051611,4.632003870516607,4.509770701760203,4.522637367248535,10697900,0.0,0.0
2012-08-22,4.503337187486717,4.580537179934198,4.47760385667089,4.561237335205078,11480800,0.0,0.0
2012-08-23,4.561237534084447,4.5805373796550795,4.4904707178725936,4.50977087020874,9530500,0.0,0.0
2012-08-24,4.484036680837396,4.632003474691554,4.477603502025724,4.619136810302734,11452000,0.0,0.0
2012-08-27,4.638436671586166,4.657736513585491,4.5419365412931665,4.567669868469238,8758300,0.0,0.0
2012-08-28,4.554803206635498,4.599836682593698,4.529069879449515,4.574103355407715,8419900,0.0,0.0
2012-08-29,4.574103378424381,4.599836705739853,4.522636723793435,4.535503387451172,7254400,0.0,0.0
2012-08-30,4.509770701760203,4.535504032736868,4.477603884656622,4.522637367248535,9792900,0.0,0.0
2012-08-31,4.5548043908195215,4.561237877671361,4.471170902338835,4.477604389190674,13472100,0.0,0.0
2012-09-04,4.484037231505373,4.5162040498104465,4.439004053996887,4.50977087020874,10960700,0.0,0.0
2012-09-05,4.503336905178029,4.516203569779347,4.477603575975393,4.496903419494629,7440500,0.0,0.0
2012-09-06,4.529071693024266,4.644871711730957,4.5226385120344625,4.644871711730957,19027800,0.0,0.0
2012-09-07,4.670604640903969,4.760671308330819,4.651304487358305,4.741371154785156,14310200,0.0,0.0
2012-09-10,4.825003335289523,4.876469988450139,4.767103197101104,4.773536682128906,17988100,0.0,0.0
2012-09-11,4.779971499213138,4.812138321849702,4.677038157601023,4.715638160705566,19691000,0.0,0.0
2012-09-12,4.754289278274868,4.773615485131824,4.683425803035484,4.696310043334961,19857900,0.01,0.0
2012-09-13,4.702752867922882,4.915343011357764,4.6576578680003555,4.8895745277404785,31098100,0.0,0.0
2012-09-14,4.934670180064944,4.979765188756559,4.883133202808592,4.908901691436768,28851200,0.0,0.0
2012-09-17,4.8960163866707855,4.902458661024774,4.75428972991308,4.7607316970825195,16627700,0.0,0.0
2012-09-18,4.760733560029854,4.773617806595083,4.67054383407325,4.689870357513428,17647700,0.0,0.0
2012-09-19,4.702753486554792,4.96043835662525,4.696311211210733,4.92822790145874,43641900,0.0,0.0
2012-09-20,4.876690490151343,4.896016700081346,4.747847759484858,4.883132457733154,25494200,0.0,0.0
2012-09-21,4.979764254357571,4.979764254357571,4.831595318955552,4.844479560852051,18249300,0.0,0.0
2012-09-24,4.799385446175219,4.8509227304551175,4.773616957627577,4.792943477630615,12356700,0.0,0.0
2012-09-25,4.799385365642185,4.825153853757435,4.638332161329567,4.644774436950684,16901000,0.0,0.0
2012-09-26,4.6190053054955165,4.670542274547894,4.561026061719309,4.606121063232422,16307300,0.0,0.0
2012-09-27,4.664101557198301,4.715638850643886,4.612564570937384,4.689870357513428,16239800,0.0,0.0
2012-09-28,4.6447741653506105,4.689869170507703,4.619005678742155,4.638331890106201,10087700,0.0,0.0
2012-10-01,4.670542378517209,4.709195106166927,4.586794648350534,4.593236923217773,11909800,0.0,0.0
2012-10-02,4.631890879726693,4.63833284911844,4.5739116192777,4.619006633758545,12283200,0.0,0.0
2012-10-03,4.638331447399756,4.780058417403692,4.606120995805816,4.71563720703125,16736500,0.0,0.0
2012-10-04,4.734962317318845,4.915341971670716,4.728520351369399,4.83803653717041,44795100,0.0,0.0
2012-10-05,4.896016118523071,4.97332156342973,4.838037188435342,4.876689910888672,17987200,0.0,0.0
2012-10-08,4.838037695513776,4.896016631678322,4.812268903992845,4.831595420837402,9858800,0.0,0.0
2012-10-09,4.838037730175508,4.863806214696492,4.773616211688482,4.786500453948975,12167700,0.0,0.0
2012-10-10,4.7800594561106555,4.896017659978772,4.7800594561106555,4.863807201385498,15323100,0.0,0.0
2012-10-11,4.934670180064944,4.953996700128384,4.89601744712268,4.908901691436768,12061600,0.0,0.0
2012-10-12,4.80582857660049,4.850923593171126,4.67054383407325,4.689870357513428,22036700,0.0,0.0
2012-10-15,4.722078972512237,4.767173971436508,4.631889281848242,4.7607316970825195,20387000,0.0,0.0
2012-10-16,4.7736159288212425,4.799384411815279,4.541699581874912,4.580352306365967,29515100,0.0,0.0
2012-10-17,4.599680211269042,4.6898702421926,4.5610274725238,4.625448703765869,24020200,0.0,0.0
2012-10-18,4.651215553283691,4.734963277907962,4.606120860935664,4.651215553283691,21805800,0.0,0.0
2012-10-19,4.638331618550158,4.651215861100064,4.515931467918338,4.593236923217773,19641500,0.0,0.0
2012-10-22,4.561026573181152,4.644774310874805,4.49660535464165,4.561026573181152,29660100,0.0,0.0
2012-10-23,4.2324779730202415,4.316225398938404,4.148730239917495,4.213151454925537,78830800,0.0,0.0
2012-10-24,4.2453631226926305,4.271131614199154,4.110078388691053,4.161615371704102,30320300,0.0,0.0
2012-10-25,4.19382379849898,4.25824499130249,4.129402298510992,4.25824499130249,26533000,0.0,0.0
2012-10-26,4.251804455616893,4.264688699441793,4.1551724733378395,4.238920211791992,26657000,0.0,0.0
2012-10-31,4.277573260429297,4.284015536411714,4.09719383350638,4.200267791748047,25591900,0.0,0.0
2012-11-01,4.213152616499966,4.303342342376709,4.148731383730864,4.303342342376709,23302400,0.0,0.0
2012-11-02,4.348435050481735,4.3677615636450575,4.264687338748175,4.2904558181762695,24937700,0.0,0.0
2012-11-05,4.245362487296744,4.271130974946544,4.206709755822044,4.238920211791992,17183800,0.0,0.0
2012-11-06,4.25180443757764,4.393531426234835,4.245362469284823,4.3806471824646,19538800,0.0,0.0
2012-11-07,4.296899083740525,4.3162252941815895,4.200267109981474,4.206709384918213,26524100,0.0,0.0
2012-11-08,4.2195926176962315,4.2904557819326214,4.110076427459717,4.110076427459717,27716700,0.0,0.0
2012-11-09,4.097194816702213,4.219595325078716,4.090752539173855,4.1551737785339355,14840500,0.0,0.0
2012-11-12,4.1809405923558325,4.245362112984918,4.1294036216002254,4.206709384918213,15816400,0.0,0.0
2012-11-13,4.17450030393431,4.258248068694765,4.148731808190278,4.1551737785339355,18309400,0.0,0.0
2012-11-14,4.1744974671213635,4.2002659453542215,4.019886290539725,4.0263285636901855,23220300,0.0,0.0
2012-11-15,4.013445342303342,4.129403523755882,3.9876768575361115,4.058540344238281,25281900,0.0,0.0
2012-11-16,4.1100776917960085,4.1358461789332885,3.987677224301627,4.071424961090088,26944600,0.0,0.0
2012-11-19,4.142287527914677,4.200266768898819,4.1229613190429975,4.168056011199951,13808300,0.0,0.0
2012-11-20,4.174497287065688,4.271129229863193,4.129402298510992,4.25824499130249,19592600,0.0,0.0
2012-11-21,4.264688699441793,4.271130974946544,4.18094096098764,4.238920211791992,7115800,0.0,0.0
2012-11-23,4.258247428642434,4.309784412384033,4.226036660211608,4.309784412384033,4336100,0.0,0.0
2012-11-26,4.303339953679756,4.303339953679756,4.219592551158747,4.284013748168945,12192200,0.0,0.0
2012-11-27,4.303343156009891,4.335553932076869,4.245364189147949,4.245364189147949,16357400,0.0,0.0
2012-11-28,4.219594266016909,4.27757321329669,4.180941224917558,4.264688968658447,11786100,0.0,0.0
2012-11-29,4.284014599894293,4.329109293174674,4.271130357930676,4.29689884185791,13022900,0.0,0.0
2012-11-30,4.303340809247439,4.329109293174674,4.25180384139297,4.29689884185791,14760800,0.0,0.0
2012-12-03,4.3097837064212445,4.335552194071045,4.226035967967092,4.238920211791992,11320800,0.0,0.0
2012-12-04,4.226037295422374,4.23892154329439,4.122963312446245,4.1551737785339355,19936000,0.0,0.0
2012-12-05,4.174498422068162,4.251803874450919,4.129403421252606,4.23247766494751,23887200,0.0,0.0
2012-12-06,4.277572669933579,4.284014945026676,4.174498725920712,4.213151454925537,10795600,0.0,0.0
2012-12-07,4.21315047808989,4.284013951761051,4.21315047808989,4.277571678161621,9829800,0.0,0.0
2012-12-10,4.264687411752082,4.3677616384134135,4.238918931882877,4.322666645050049,11709500,0.0,0.0
2012-12-11,4.348435198255623,4.393530192379514,4.322666717951832,4.354877471923828,10245600,0.0,0.0
2012-12-12,4.387136097809082,4.451652741792233,4.348425803779565,4.374232769012451,17598900,0.01,0.0
2012-12-13,4.361330363208074,4.387137026262822,4.309716729458888,4.341975212097168,11013200,0.0,0.0
2012-12-14,4.341975065465815,4.3613302159230845,4.322619915008545,4.322619915008545,8104500,0.0,0.0
2012-12-17,4.361328857542981,4.464555474124965,4.335521895757902,4.458103656768799,12274700,0.0,0.0
2012-12-18,4.5226209257813625,4.574234237792855,4.4710073061302635,4.548427581787109,26744500,0.0,0.0
2012-12-19,4.6387508778072215,4.6387508778072215,4.535524253784236,4.548427581787109,25171800,0.0,0.0
2012-12-20,4.548428874849579,4.638752196547503,4.541977055194167,4.63230037689209,13758300,0.0,0.0
2012-12-21,4.5806849287854545,4.632298231566657,4.529071626004252,4.587136745452881,27942100,0.0,0.0
2012-12-24,4.535526347353336,4.5742363492302385,4.47746119071811,4.509719371795654,8580900,0.0,0.0
2012-12-26,4.522621727048163,4.567783229239619,4.509718089119564,4.529073238372803,7859900,0.0,0.0
2012-12-27,4.535526347353336,4.561333015271271,4.451654522800175,4.509719371795654,10721100,0.0,0.0
2012-12-28,4.471007823944092,4.52262144957287,4.464556313015271,4.471007823944092,7146900,0.0,0.0
2012-12-31,4.445200668320274,4.606492422836215,4.438749158112231,4.600040912628174,13624400,0.0,0.0
2013-01-02,4.7226226055531555,4.754880771343731,4.625847492902225,4.716170787811279,17693800,0.0,0.0
2013-01-03,4.709721063376171,4.754882574133658,4.645204092054529,4.729075908660889,22191900,0.0,0.0
2013-01-04,4.754880307264301,4.896817207336426,4.754880307264301,4.896817207336426,22613400,0.0,0.0
2013-01-07,4.896818111690528,4.896818111690528,4.780687843340789,4.812946319580078,13545500,0.0,0.0
2013-01-08,4.8000447771291235,4.825851444669623,4.6968181069671235,4.774238109588623,14243500,0.0,0.0
2013-01-09,4.787139631212528,4.812946288984054,4.6903645107494905,4.709719657897949,15827800,0.0,0.0
2013-01-10,4.729074363131001,4.767784348689171,4.671009230973935,4.741977691650391,17753800,0.0,0.0
2013-01-11,4.748430309185623,4.748430309185623,4.612945183101655,4.6710100173950195,18322100,0.0,0.0
2013-01-14,4.671011597979349,4.69681857573527,4.619398257747055,4.638753414154053,13721500,0.0,0.0
2013-01-15,4.61294521256496,4.72262367796581,4.600041881790723,4.703268527984619,19088600,0.0,0.0
2013-01-16,4.729074986207689,4.806494967524458,4.709720144698326,4.761333465576172,21398100,0.0,0.0
2013-01-17,4.780688053758155,4.87101166814782,4.741978065151002,4.80649471282959,20294300,0.0,0.0
2013-01-18,4.819398159024731,4.8839151159046725,4.74197817993638,4.793591499328613,18960500,0.0,0.0
2013-01-22,4.819398161912102,5.038755077100165,4.8064948320563134,5.006496906280518,37498500,0.0,0.0
2013-01-23,5.000044540077479,5.064561182292491,4.929076079821157,4.94197940826416,22621500,0.0,0.0
2013-01-24,4.941979197248822,4.987140998690795,4.92262435923055,4.948431015014648,12471000,0.0,0.0
2013-01-25,4.987141363022165,5.012948020691546,4.922624718848711,4.961334705352783,12567700,0.0,0.0
2013-01-28,4.948432684872628,5.00004601385784,4.896819355887417,4.974239349365234,11641200,0.0,0.0
2013-01-29,4.954884197175926,5.00004601385784,4.948432684872628,4.974239349365234,19986400,0.0,0.0
2013-01-30,4.974239704704118,5.083918190452519,4.935529705199929,5.038756370544434,23375700,0.0,0.0
2013-01-31,4.90972306398342,5.038756396324224,4.877464577078354,5.019401550292969,26415700,0.0,0.0
2013-02-01,5.058110005535264,5.135529981300077,5.0323033469469935,5.083916664123535,17800100,0.0,0.0
2013-02-04,5.04520819094833,5.077466370048623,5.000046371040244,5.038756370544434,10836800,0.0,0.0
2013-02-05,5.077467077166594,5.141983751991882,5.038757072271422,5.116177082061768,15305000,0.0,0.0
2013-02-06,5.096820596658131,5.154885431534257,5.071013935015482,5.122627258300781,16963200,0.0,0.0
2013-02-07,5.135531902313232,5.161338570554826,5.07746674494977,5.135531902313232,13759800,0.0,0.0
2013-02-08,5.135532238329239,5.135532238329239,5.096822233434067,5.116177082061768,8908400,0.0,0.0
2013-02-11,5.129078769891607,5.141982100712932,5.077465446606308,5.122627258300781,17158600,0.0,0.0
2013-02-12,5.135532238329239,5.141983751991882,5.077467077166594,5.116177082061768,11306400,0.0,0.0
2013-02-13,5.135529829879984,5.141981340517011,5.058109856397884,5.064561367034912,18352200,0.0,0.0
2013-02-14,5.045206656597289,5.103271484375,5.038754838155523,5.103271484375,12751900,0.0,0.0
2013-02-15,5.109723172052617,5.129078011603328,5.0452065274842015,5.064561367034912,10253700,0.0,0.0
2013-02-19,5.071015231709247,5.141983415553755,5.064563410828973,5.135531902313232,12233800,0.0,0.0
2013-02-20,5.109724491771269,5.122627824017571,4.967787529422229,4.974239349365234,14877000,0.0,0.0
2013-02-21,4.954882023148138,5.000043820014646,4.864558737054696,4.896817207336426,23973600,0.0,0.0
2013-02-22,4.941980513736888,5.019400809352683,4.922625670562704,5.012948989868164,15388000,0.0,0.0
2013-02-25,5.051658936732438,5.071014087365755,4.825850486755371,4.825850486755371,18348500,0.0,0.0
2013-02-26,4.85810837167431,4.883915030921374,4.787139904925061,4.8387532234191895,15518100,0.0,0.0
2013-02-27,4.838753945639812,4.941980598035427,4.819398794495789,4.916173934936523,11430600,0.0,0.0
2013-02-28,4.929077412239793,4.980690739963817,4.877464084515769,4.9355292320251465,11554400,0.0,0.0
2013-03-01,4.903270868190715,4.980690861668532,4.871012691394811,4.974239349365234,17651400,0.0,0.0
2013-03-04,4.948431406811762,5.083916514225251,4.93552807789808,5.064561367034912,18824200,0.0,0.0
2013-03-05,5.109723091125488,5.161336405962777,5.083916433706844,5.109723091125488,17692800,0.0,0.0
2013-03-06,5.14843333771931,5.290369960702608,5.141981519218431,5.187143325805664,28197600,0.0,0.0
2013-03-07,5.206499649095659,5.3161781337352965,5.193596623697764,5.303275108337402,14117700,0.0,0.0
2013-03-08,5.361340185540528,5.393598056222012,5.193596550767255,5.258112907409668,23946100,0.0,0.0
2013-03-11,5.258112302830045,5.3871462318373915,5.251661098603176,5.361339569091797,12761300,0.0,0.0
2013-03-12,5.341983561768424,5.37424204070621,5.238756921390956,5.245208740234375,16614700,0.0,0.0
2013-03-13,5.258128489697342,5.342103585099694,5.199991837800553,5.329184055328369,15792200,0.01,0.0
2013-03-14,5.355022802716963,5.387321012941024,5.271047702549252,5.3679423332214355,22810100,0.0,0.0
2013-03-15,5.380861264677238,5.438997920056673,5.355022819623835,5.400239944458008,28238200,0.0,0.0
2013-03-18,5.342103004455566,5.387320121666289,5.303345035391361,5.342103004455566,10948100,0.0,0.0
2013-03-19,5.367941482038615,5.387320158685369,5.30980483606133,5.355021953582764,15083100,0.0,0.0
2013-03-20,5.406697739481918,5.451914847838574,5.374399540925635,5.426076412200928,13419700,0.0,0.0
2013-03-21,5.400240607667996,5.4196199058658845,5.303346580827348,5.3098063468933105,10010700,0.0,0.0
2013-03-22,5.33564580800938,5.3421055753016295,5.277509134453768,5.303347587585449,17160700,0.0,0.0
2013-03-25,5.3550224823034664,5.367942012034909,5.277507152026059,5.348562717437744,9926500,0.0,0.0
2013-03-26,5.374400100874154,5.393779391649154,5.3098043130683745,5.361481189727783,13455100,0.0,0.0
2013-03-27,5.322725262988038,5.322725262988038,5.24520991830808,5.3098063468933105,11296300,0.0,0.0
2013-03-28,5.29688601936841,5.3227244637151,5.238749365579079,5.290426254272461,7841100,0.0,0.0
2013-04-01,5.2904259612882285,5.309805255502849,5.148314525251574,5.180613040924072,9929800,0.0,0.0
2013-04-02,5.187071749024611,5.225829718124598,5.148314087943134,5.193531513214111,20246800,0.0,0.0
2013-04-03,5.174152185349231,5.193530859441286,5.0449596899888265,5.083717346191406,15034200,0.0,0.0
2013-04-04,5.083717427633064,5.161232741280028,5.077257972171722,5.148313522338867,8922800,0.0,0.0
2013-04-05,5.044961837548547,5.18061415403031,5.012663930973596,5.1612348556518555,14532400,0.0,0.0
2013-04-08,5.1418546317721425,5.193531513214111,5.0643393096091875,5.193531513214111,10312400,0.0,0.0
2013-04-09,5.21290917170339,5.245207370306279,5.141853627606554,5.219368934631348,15188100,0.0,0.0
2013-04-10,5.245209062345534,5.329184159387609,5.2258303833472395,5.316264629364014,11696600,0.0,0.0
2013-04-11,5.322725262988038,5.329185029054001,5.238750152242117,5.3098063468933105,7872600,0.0,0.0
2013-04-12,5.2645889074972105,5.322725573406983,5.212912008030132,5.238750457763672,9023200,0.0,0.0
2013-04-15,5.238749039893241,5.2452088045875955,5.038501262664795,5.038501262664795,14878900,0.0,0.0
2013-04-16,5.109555865515386,5.161232741280028,5.090177191112883,5.148313522338867,16890900,0.0,0.0
2013-04-17,5.090177235762723,5.103096454817208,4.980363719790361,5.032040596008301,12784800,0.0,0.0
2013-04-18,5.044959522024965,5.057878740329034,4.9222267941270825,4.954524993896484,15995200,0.0,0.0
2013-04-19,4.999742803426034,5.064339212002012,4.928687246822064,5.057879447937012,12312800,0.0,0.0
2013-04-22,5.07726077953437,5.07726077953437,4.960987436754594,4.993285655975342,13024700,0.0,0.0
2013-04-23,5.116015733831791,5.245207925890782,5.0707983126019025,5.174152374267578,24312100,0.0,0.0
2013-04-24,5.180614105760047,5.316265496922075,5.161234807562159,5.3098063468933105,16023300,0.0,0.0
2013-04-25,5.31626396987211,5.419618349128285,5.31626396987211,5.374400615692139,15781600,0.0,0.0
2013-04-26,5.41316037746408,5.419620143813659,5.329185263031242,5.406700611114502,18355800,0.0,0.0
2013-04-29,5.426077263974249,5.451915703667955,5.406698588213218,5.4389967918396,12958600,0.0,0.0
2013-04-30,5.413157804246895,5.484213352203369,5.400238277689209,5.484213352203369,19998800,0.0,0.0
2013-05-01,5.464833744799274,5.503591701814044,5.438995312135036,5.445455074310303,17214600,0.0,0.0
2013-05-02,5.445458391984251,5.522973737203592,5.4067004113559785,5.464837074279785,13190500,0.0,0.0
2013-05-03,5.522972567688119,5.58756836700717,5.516512802945091,5.542351245880127,13233900,0.0,0.0
2013-05-06,5.535893106640064,5.626327991485596,5.5294339560375105,5.626327991485596,7999100,0.0,0.0
2013-05-07,5.66508361220797,5.684462288006699,5.587567676939059,5.639244556427002,12495400,0.0,0.0
2013-05-08,5.632785614722981,5.7103009367925655,5.619866086359541,5.690922260284424,10197100,0.0,0.0
2013-05-09,5.684462496102704,5.761977818172288,5.6715429677392635,5.690922260284424,15172600,0.0,0.0
2013-05-10,5.690922260284424,5.742599141664147,5.639244762867682,5.690922260284424,9702400,0.0,0.0
2013-05-13,5.703841634526105,5.755518520090787,5.671543427038912,5.710301399230957,9172900,0.0,0.0
2013-05-14,5.7232195766326495,5.81365442276001,5.716760428795473,5.81365442276001,13326800,0.0,0.0
2013-05-15,5.800736010755088,5.936387998019636,5.781357331442184,5.904090404510498,15372000,0.0,0.0
2013-05-16,5.897629622591401,5.929927826569156,5.749058130708523,5.781356334686279,14737300,0.0,0.0
2013-05-17,5.813654308136696,5.871790949783979,5.794275632933261,5.84595251083374,15019300,0.0,0.0
2013-05-20,5.839494542541485,5.936388564387397,5.833034776808512,5.910550117492676,13365200,0.0,0.0
2013-05-21,5.936387076267326,5.962225516684925,5.891169959545779,5.917008399963379,10670600,0.0,0.0
2013-05-22,5.910549280892605,6.033282348298333,5.800735743124145,5.826574802398682,16338900,0.0,0.0
2013-05-23,5.76197664808775,5.871790152729089,5.697380251462176,5.807193756103516,15793900,0.0,0.0
2013-05-24,5.781355992705742,5.884709746491347,5.781355992705742,5.878250598907471,12234400,0.0,0.0
2013-05-28,5.962225437164307,6.013902933347275,5.936386997091325,5.962225437164307,15628300,0.0,0.0
2013-05-29,5.910549819219771,6.033282897803908,5.89763090444294,5.9816060066223145,14873500,0.0,0.0
2013-05-30,5.981603914882698,6.123715007917913,5.975144151734665,6.05911922454834,15413600,0.0,0.0
2013-05-31,6.046200616603532,6.097877497563108,5.897629737854003,5.897629737854004,17333800,0.0,0.0
2013-06-03,5.917006549861754,5.955764506388005,5.7490564316427,5.891168117523193,22932200,0.0,0.0
2013-06-04,5.897628638893016,5.949305510223152,5.77489560745627,5.800734043121338,19924900,0.0,0.0
2013-06-05,5.77489713002012,5.813655101754793,5.697381802587837,5.73613977432251,18810000,0.0,0.0
2013-06-06,5.729678858881236,5.839492371363398,5.703840421593489,5.833032608032227,15185500,0.0,0.0
2013-06-07,5.878249990004769,5.975143970132701,5.800734066658142,5.949305534362793,20071900,0.0,0.0
2013-06-10,6.007442451126478,6.072038235567966,5.917007613664079,6.046199798583984,22035500,0.0,0.0
2013-06-11,5.96868320136011,6.052658257470366,5.936385008081274,5.955764293670654,18512700,0.0,0.0
2013-06-12,5.994650735959011,6.059458018161571,5.826152296670794,5.877997875213623,18000900,0.03,0.0
2013-06-13,5.871518243761914,5.949286619554031,5.813191807405798,5.942805767059326,11367700,0.0,0.0
2013-06-14,5.923362438641084,5.942804373518104,5.774305956456024,5.819670677185059,14164100,0.0,0.0
2013-06-17,5.884477484297046,5.884477484297046,5.7807863491099845,5.81318998336792,14743500,0.0,0.0
2013-06-18,5.832634076825954,5.916883309879218,5.780788490031353,5.903921604156494,14771100,0.0,0.0
2013-06-19,5.877997875213623,5.929843453756451,5.84559485216039,5.877997875213623,18897200,0.0,0.0
2013-06-20,5.806708961123526,5.936322876272911,5.800228110854082,5.871516227722168,29187500,0.0,0.0
2013-06-21,5.929843936027911,5.949286493098762,5.84559532757995,5.8974409103393555,29187300,0.0,0.0
2013-06-24,5.839114475223,6.227956345918544,5.806710831486346,5.8974409103393555,26617900,0.0,0.0
2013-06-25,5.955766506347583,6.03353549564824,5.916882629745329,6.007612705230713,13056800,0.0,0.0
2013-06-26,6.098340958073705,6.182590164801094,6.072418172776659,6.176109313964844,22702400,0.0,0.0
2013-06-27,6.221475715936398,6.2927632331848145,6.18259122231577,6.2927632331848145,20494800,0.0,0.0
2013-06-28,6.286281305989279,6.292762156825529,6.169629081176547,6.176109313964844,15855500,0.0,0.0
2013-07-01,6.23443505982354,6.35108789004357,6.227954209689564,6.312203407287598,12806200,0.0,0.0
2013-07-02,6.318686610276219,6.441819718432739,6.305724905181788,6.364051342010498,18019700,0.0,0.0
2013-07-03,6.318685339217027,6.40941540248255,6.253878062877656,6.402934551239014,9560100,0.0,0.0
2013-07-05,6.487182904551365,6.597354888916015,6.454779270670955,6.597354888916016,13319200,0.0,0.0
2013-07-08,6.68160553560344,6.7010474729195195,6.577913761138915,6.577913761138916,16502800,0.0,0.0
2013-07-09,6.636240497362086,6.655683053623378,6.506626545860496,6.610317707061768,19810500,0.0,0.0
2013-07-10,6.616796026915459,6.6232768765223495,6.487182125016828,6.564950466156006,18114300,0.0,0.0
2013-07-11,6.662162420500516,6.668643271744051,6.305723636729956,6.402934551239014,25174700,0.0,0.0
2013-07-12,6.441818387841295,6.493664579461801,6.4029345166858995,6.480702877044678,14176600,0.0,0.0
2013-07-15,6.532547830191522,6.558470614515777,6.428856692894502,6.435337543487549,13011300,0.0,0.0
2013-07-16,6.4418173197276944,6.4612598701296236,6.292761474933555,6.312203407287598,25940500,0.0,0.0
2013-07-17,6.3381256800455885,6.474220431674535,6.331645448480657,6.467739582061768,13162600,0.0,0.0
2013-07-18,6.454780176213511,6.655682240018324,6.402934601950591,6.629758834838867,16414100,0.0,0.0
2013-07-19,6.655682240018324,6.662162473265191,6.545510240197619,6.629758834838867,13346400,0.0,0.0
2013-07-22,6.629758792576167,6.75289249420166,6.616797708117058,6.75289249420166,19519500,0.0,0.0
2013-07-23,6.714008004728348,6.759373345455211,6.577913218643747,6.75289249420166,34590500,0.0,0.0
2013-07-24,6.778815829064536,6.817700321680681,6.623279094696045,6.623279094696045,19704400,0.0,0.0
2013-07-25,6.616796822025098,6.6945651725093365,6.545509321926522,6.597354888916016,16872400,0.0,0.0
2013-07-26,6.545510240197619,6.642720537428595,6.526067686313026,6.629758834838867,10978700,0.0,0.0
2013-07-29,6.629758414739124,6.636239265623324,6.487183403574467,6.51958703994751,13308000,0.0,0.0
2013-07-30,6.564953039214271,6.603836916000033,6.474222963300695,6.506626605987549,17276200,0.0,0.0
2013-07-31,6.539029623824503,6.6621627126106295,6.480703196171279,6.487184047698975,27569700,0.0,0.0
2013-08-01,6.558471329083239,6.675124180276071,6.513106606085137,6.649201393127441,18890800,0.0,0.0
2013-08-02,6.623277968515982,6.681604388498724,6.571432399208643,6.636239051818848,12861300,0.0,0.0
2013-08-05,6.629757092777809,6.668641572281558,6.590873231321893,6.64271879196167,7204200,0.0,0.0
2013-08-06,6.636240737987819,6.636240737987819,6.4871848428683405,6.49366569519043,13452000,0.0,0.0
2013-08-07,6.4807011344394025,6.4807011344394025,6.396451945525952,6.422374725341797,12508300,0.0,0.0
2013-08-08,6.480702261543012,6.5131058964603135,6.4029339085702475,6.435337543487549,11255100,0.0,0.0
2013-08-09,6.428857803344727,6.5131070214628215,6.422376951632249,6.428857803344727,10860200,0.0,0.0
2013-08-12,6.389975089441272,6.461263242021867,6.3575720579572295,6.383494853973389,15257800,0.0,0.0
2013-08-13,6.415895635678093,6.454780125091314,6.325166190460563,6.402934551239014,11294200,0.0,0.0
2013-08-14,6.396454779034994,6.467742300595642,6.383493692409466,6.448300361633301,12576200,0.0,0.0
2013-08-15,6.370531256493991,6.415895981548292,6.32516653143969,6.357570171356201,14222200,0.0,0.0
2013-08-16,6.338127286486155,6.448299285635692,6.338127286486155,6.377011775970459,14188700,0.0,0.0
2013-08-19,6.377013277720547,6.402936070798755,6.273322105407715,6.273322105407715,14287800,0.0,0.0
2013-08-20,6.273320925713257,6.454780443137353,6.260359222587525,6.389973163604736,21645800,0.0,0.0
2013-08-21,6.377011775970459,6.461260988146458,6.299243415049843,6.377011775970459,18017000,0.0,0.0
2013-08-22,6.389972494455339,6.545509825436353,6.370530559850696,6.51958703994751,12848900,0.0,0.0
2013-08-23,6.545511453612509,6.564953393053275,6.409416641430923,6.441819667816162,9969400,0.0,0.0
2013-08-26,6.435338536327015,6.448299621464804,6.351089319763294,6.357570171356201,10436100,0.0,0.0
2013-08-27,6.279802268582672,6.286283121290409,6.124265511885769,6.130746364593506,20356800,0.0,0.0
2013-08-28,6.124265352661312,6.176110936879016,6.052977828873998,6.11778450012207,14454000,0.0,0.0
2013-08-29,6.098340495200198,6.234435262191875,6.085379412559417,6.150186061859131,10545600,0.0,0.0
2013-08-30,6.176109503657049,6.18259035469235,6.059457275261476,6.091860294342041,9168700,0.0,0.0
2013-09-03,6.176110989056261,6.253879366039823,6.014093382495146,6.0594587326049805,14264700,0.0,0.0
2013-09-04,6.072417711870731,6.214993329206751,6.052975778885608,6.150186061859131,16323600,0.0,0.0
2013-09-05,6.156669262946253,6.247399348265951,6.156669262946253,6.202033996582031,9079300,0.0,0.0
2013-09-06,6.247399526724531,6.260360614684358,6.078901056909666,6.189073085784912,13253900,0.0,0.0
2013-09-09,6.214995560437582,6.221476413108601,6.111304389893792,6.182591915130615,15267000,0.0,0.0
2013-09-10,6.2214754135791095,6.312204864204452,6.2085137103194725,6.260359287261963,16719000,0.0,0.0
2013-09-11,6.266861179774705,6.2863636855076,6.175848453065393,6.208353042602539,8174000,0.03,0.0
2013-09-12,6.201850758360867,6.221353260187069,6.136841592309053,6.162845134735107,8416300,0.0,0.0
2013-09-13,6.1498414554145135,6.201848521508973,6.110835845857104,6.188847064971924,6917000,0.0,0.0
2013-09-16,6.266860512590304,6.2733609338269,6.201851340437039,6.234355926513672,9681800,0.0,0.0
2013-09-17,6.240856940324445,6.266860485076904,6.201851313209049,6.266860485076904,11419200,0.0,0.0
2013-09-18,6.2668590570580225,6.338368633839164,6.21485197940387,6.247355937957764,15766600,0.0,0.0
2013-09-19,6.253858339656271,6.266860421888106,5.948316226915595,5.987321853637695,36857600,0.0,0.0
2013-09-20,6.006825414318193,6.058832512452882,5.967820400703933,6.039330005645752,20894200,0.0,0.0
2013-09-23,6.013325640675693,6.01982668205383,5.87030583022382,5.8963093757629395,22966200,0.0,0.0
2013-09-24,5.850801849194301,6.026326202257301,5.746787693293237,5.974318504333496,23539200,0.0,0.0
2013-09-25,5.967818221454493,6.078333419627597,5.876805522966852,6.01332426071167,19929600,0.0,0.0
2013-09-26,6.013327663057526,6.058833728062072,5.935317000203886,5.9678215980529785,7553500,0.0,0.0
2013-09-27,6.0068260426301014,6.1563469303873,5.9743214479025735,6.045831680297852,20922200,0.0,0.0
2013-09-30,5.9548181846560215,6.065333420744601,5.9288146361630325,6.019827365875244,13037600,0.0,0.0
2013-10-01,6.019825379851639,6.123839539507887,6.019825379851639,6.110837459564209,12132200,0.0,0.0
2013-10-02,6.0393298181340676,6.117340462913994,6.013326269874092,6.065333366394043,9730600,0.0,0.0
2013-10-03,6.065334189144937,6.130343378599993,6.00032499968988,6.045831680297852,17761100,0.0,0.0
2013-10-04,6.05883084774169,6.156344594931701,6.05233042724103,6.130341053009033,11716900,0.0,0.0
2013-10-07,6.065332617603755,6.10433824516506,6.026327610015869,6.026327610015869,9151500,0.0,0.0
2013-10-08,6.032825659520096,6.117337302699704,5.987319628566913,5.993820667266846,14940800,0.0,0.0
2013-10-09,6.013326301526547,6.065333398320249,5.9743206689445225,6.0328288078308105,14863400,0.0,0.0
2013-10-10,6.12383888367817,6.2083505343414584,6.097835346548945,6.156343460083008,25179500,0.0,0.0
2013-10-11,6.130341747047179,6.2733609338269,6.110838623417152,6.234355926513672,16567100,0.0,0.0
2013-10-14,6.201851888029345,6.325368582058354,6.1758483408667395,6.318868160247803,12353600,0.0,0.0
2013-10-15,6.30586568575356,6.3188677685155445,6.195350462170407,6.221354007720947,11439100,0.0,0.0
2013-10-16,6.273360336351482,6.390376587093354,6.266859915733987,6.37737512588501,13392200,0.0,0.0
2013-10-17,6.351373686522863,6.468389356036892,6.318869092779249,6.461888313293457,16369300,0.0,0.0
2013-10-18,6.468388290399547,6.578903518936823,6.435883702010915,6.572402477264404,31126400,0.0,0.0
2013-10-21,6.533397041156955,6.585404131198184,6.474888909867217,6.526895999908447,20361200,0.0,0.0
2013-10-22,6.344871895365335,6.4683885930532945,6.195351029770978,6.292864799499512,51792600,0.0,0.0
2013-10-23,6.234355926513672,6.292864057456927,6.182348836780426,6.234355926513672,22468800,0.0,0.0
2013-10-24,6.175848297806299,6.214853928264978,6.117340162105012,6.201851844787598,17386300,0.0,0.0
2013-10-25,6.201850916404278,6.227854459492987,6.110838205607109,6.169346332550049,16669800,0.0,0.0
2013-10-28,6.1823496500648885,6.26686133699223,6.136842975581862,6.2148542404174805,11539600,0.0,0.0
2013-10-29,6.240858145296155,6.2603606526326505,6.169347918439789,6.175848960876465,15554200,0.0,0.0
2013-10-30,6.195350803048907,6.240857475246277,6.169347256067609,6.201851844787598,16111500,0.0,0.0
2013-10-31,6.208355036313642,6.292866748260375,6.169349392348352,6.260362148284912,46873700,0.0,0.0
2013-11-01,6.253859095970455,6.338370780777641,6.195350958798289,6.208353042602539,14832000,0.0,0.0
2013-11-04,6.214853664785905,6.247357632154423,6.143343448638916,6.143343448638916,12847000,0.0,0.0
2013-11-05,6.1368426673476195,6.227855391768896,6.091336615123713,6.201851844787598,14482500,0.0,0.0
2013-11-06,6.234356169201703,6.234356169201703,6.078334893928443,6.143343448638916,21563400,0.0,0.0
2013-11-07,6.162846572599935,6.175848656833179,6.013326323758622,6.019827365875244,18588100,0.0,0.0
2013-11-08,6.045829953777462,6.357872486114501,6.039328912693756,6.357872486114502,37095500,0.0,0.0
2013-11-11,6.344872760776185,6.396879863735533,6.299366080706577,6.370876312255859,10476800,0.0,0.0
2013-11-12,6.344871119334283,6.3708746640867435,6.234355899142977,6.266860485076904,10934000,0.0,0.0
2013-11-13,6.253859012580845,6.312367148972857,6.214854001635151,6.28636360168457,8358900,0.0,0.0
2013-11-14,6.318867000514073,6.383875546502505,6.266859915733987,6.37737512588501,12771100,0.0,0.0
2013-11-15,6.396879827992106,6.435884845006886,6.357874191003759,6.403380870819092,17799900,0.0,0.0
2013-11-18,6.409879650371707,6.429382773852649,6.273360885872157,6.279861927032471,12320000,0.0,0.0
2013-11-19,6.286363339487593,6.286363339487593,6.188850196217048,6.227855205535889,13752900,0.0,0.0
2013-11-20,6.23435447853086,6.305864055312003,6.21485197940387,6.247355937957764,12090600,0.0,0.0
2013-11-21,6.227853068887855,6.390375331896355,6.227853068887855,6.331867218017578,11750500,0.0,0.0
2013-11-22,6.351371701129874,6.409879207611084,6.3058650361244455,6.409879207611084,7004400,0.0,0.0
2013-11-25,6.442384937401254,6.4878909905296,6.377376378642686,6.383876800537109,9733100,0.0,0.0
2013-11-26,6.409879113560388,6.435882656050504,6.338369526705909,6.344870567321777,10263400,0.0,0.0
2013-11-27,6.344871789276664,6.455387021137054,6.331869705540865,6.383876800537109,9213000,0.0,0.0
2013-11-29,6.390379025669269,6.3968800687409235,6.305867325658529,6.325369834899902,4863500,0.0,0.0
2013-12-02,6.331867218017578,6.455384485089048,6.325366178703662,6.331867218017578,12211500,0.0,0.0
2013-12-03,6.325368696973391,6.351372864581891,6.169347411163269,6.208353042602539,16219300,0.0,0.0
2013-12-04,6.214854001635151,6.383876749022277,6.208352959819711,6.28636360168457,15705500,0.0,0.0
2013-12-05,6.221354662509204,6.292864885279605,6.208353198352263,6.2148542404174805,10329700,0.0,0.0
2013-12-06,6.299364879186214,6.383876560369065,6.292864457536343,6.312366962432861,16302600,0.0,0.0
2013-12-09,6.344873860231644,6.364376372227451,6.2473600603052555,6.260362148284912,15019300,0.0,0.0
2013-12-10,6.253859252861796,6.286363843214388,6.07833545691539,6.2148542404174805,26578100,0.0,0.0
2013-12-11,6.2931088064181715,6.299630312214051,6.123554009200471,6.143117904663086,15199700,0.03,0.0
2013-12-12,6.136593909935014,6.267020863327807,6.1235515255581205,6.208329200744629,14537900,0.0,0.0
2013-12-13,6.208330973143999,6.234416371269607,6.162681059980475,6.2148518562316895,14538200,0.0,0.0
2013-12-16,6.267024546328235,6.280067560295009,6.2213752412948,6.240939140319824,8494400,0.0,0.0
2013-12-17,6.234414591423187,6.267020863327807,6.195286194442963,6.208329200744629,8037700,0.0,0.0
2013-12-18,6.247461230573571,6.273546639017347,6.15616199005776,6.260504245758057,18371400,0.0,0.0
2013-12-19,6.221375154570886,6.293109864612774,6.208332762711056,6.253982067108154,10970000,0.0,0.0
2013-12-20,6.286591337371757,6.338762168227509,6.247462903267262,6.280069828033447,17570900,0.0,0.0
2013-12-23,6.299631947290771,6.410495086895282,6.2865895542388674,6.403973579406738,7419600,0.0,0.0
2013-12-24,6.397452799547814,6.436580601275214,6.371367391087816,6.4235382080078125,3982800,0.0,0.0
2013-12-26,6.423537507367622,6.462665304827201,6.41701600048265,6.443101406097412,5327200,0.0,0.0
2013-12-27,6.4561436307072535,6.4561436307072535,6.390930429322145,6.410494327545166,4730400,0.0,0.0
2013-12-30,6.410492617033366,6.430056510036153,6.371364831027791,6.417014122009277,4707200,0.0,0.0
2013-12-31,6.4170161944249395,6.4757085143133,6.397452295103868,6.449623107910156,6774500,0.0,0.0
2014-01-02,6.430058586663939,6.514836312955444,6.410494687342867,6.449623107910156,12170200,0.0,0.0
2014-01-03,6.469187095049678,6.495272501806928,6.410494774364576,6.436580181121826,6671400,0.0,0.0
2014-01-06,6.540920233829056,6.645261835744275,6.534399350153109,6.567005634307861,26432000,0.0,0.0
2014-01-07,6.645263391797198,6.664827913181278,6.540921765449375,6.58657169342041,21812600,0.0,0.0
2014-01-08,6.593090857865829,6.710475467833021,6.580048468938912,6.684390068054199,18251300,0.0,0.0
2014-01-09,6.697432028446296,6.821337502480478,6.697432028446296,6.814815998077393,33896400,0.0,0.0
2014-01-10,6.775689891977939,6.853946098402775,6.736561477802999,6.834381580352783,20615600,0.0,0.0
2014-01-13,6.821339915037038,6.853946826659919,6.690912890470625,6.723519802093506,16696700,0.0,0.0
2014-01-14,6.795255977961932,6.840905290939572,6.71047823819971,6.762649059295654,17881900,0.0,0.0
2014-01-15,6.80177626354938,6.971331090673303,6.80177626354938,6.93220329284668,22993200,0.0,0.0
2014-01-16,6.880031500544387,6.893073890652671,6.788732282086223,6.834381580352783,13848300,0.0,0.0
2014-01-17,6.847423789059144,6.9648083958875775,6.847423789059144,6.893073081970215,23296400,0.0,0.0
2014-01-21,6.919158054435037,7.114798846444756,6.847423366865612,7.0821919441223145,39727600,0.0,0.0
2014-01-22,7.095233787137821,7.225660753056289,7.069148393954127,7.186532974243164,20300200,0.0,0.0
2014-01-23,7.134364546076203,7.14088605257746,7.016980538679031,7.121322154998779,24655000,0.0,0.0
2014-01-24,7.069152868820008,7.0952382785161054,6.860469591251224,6.880033493041992,22183200,0.0,0.0
2014-01-27,6.912637688723321,6.919158572135764,6.730039270825361,6.788731575012207,16709100,0.0,0.0
2014-01-28,6.880030715776295,6.906116114942486,6.762646108565949,6.866987705230713,13402700,0.0,0.0
2014-01-29,6.827861421746636,6.847425319950321,6.671348370341831,6.723519802093506,18508700,0.0,0.0
2014-01-30,6.80177402496338,6.814816412638059,6.716996328340714,6.801774024963379,8568200,0.0,0.0
2014-01-31,6.71047744430956,6.723520459003101,6.619178207230287,6.632221221923828,15592400,0.0,0.0
2014-02-03,6.645263759156209,6.645263759156209,6.384409678866291,6.403973579406738,18259200,0.0,0.0
2014-02-04,6.462665441178909,6.6126569930722106,6.397452236728675,6.50179386138916,15435900,0.0,0.0
2014-02-05,6.47570742031528,6.508313706366885,6.410493604361988,6.456142902374268,14989100,0.0,0.0
2014-02-06,6.469185283198974,6.703953878261646,6.443099883747566,6.697432994842529,17491000,0.0,0.0
2014-02-07,6.723519524538159,6.769168825770666,6.593091883430853,6.6713480949401855,17551700,0.0,0.0
2014-02-10,6.677869346015194,6.716997761236111,6.599613137498421,6.6517839431762695,10865400,0.0,0.0
2014-02-11,6.6452637158984285,6.736562954368173,6.593092900180054,6.716999053955078,12210800,0.0,0.0
2014-02-12,6.716996973258974,6.801774678021391,6.66482617370133,6.684390068054199,9325400,0.0,0.0
2014-02-13,6.619178308039241,6.723520561401171,6.606135915072238,6.716999053955078,8496400,0.0,0.0
2014-02-14,6.716998267346233,6.795254481759429,6.70395525398148,6.749605178833008,7538400,0.0,0.0
2014-02-18,6.749606664984291,6.795255977961932,6.7365636487476825,6.762649059295654,6282000,0.0,0.0
2014-02-19,6.749605640070172,6.762648032401074,6.567007172036331,6.58657169342041,13759000,0.0,0.0
2014-02-20,6.586569719976254,6.6909113150616255,6.54091980568268,6.664825916290283,13315400,0.0,0.0
2014-02-21,6.664825977698096,6.762646068510678,6.645261461995604,6.677868366241455,10904700,0.0,0.0
2014-02-24,6.710476100698526,6.8409031118932155,6.69743371054158,6.808296203613281,12908500,0.0,0.0
2014-02-25,6.821337502480478,6.860465906974104,6.769166711105571,6.814815998077393,13184200,0.0,0.0
2014-02-26,6.834380460462957,6.866987363278227,6.775688781705403,6.860466480255127,10871600,0.0,0.0
2014-02-27,6.8539452943107175,6.906116092473361,6.801774496148075,6.893073081970215,7872000,0.0,0.0
2014-02-28,6.899595625512371,7.02350175623848,6.873510222505569,6.938724040985107,13617200,0.0,0.0
2014-03-03,6.886552221049087,6.912637620215277,6.821338412171122,6.866987705230713,11663900,0.0,0.0
2014-03-04,6.958286974622243,7.05610706687664,6.932201575226071,7.030021667480469,12966000,0.0,0.0
2014-03-05,7.016979582603452,7.09523578418072,6.977851170852315,6.997415065765381,15980100,0.0,0.0
2014-03-06,7.030022315139419,7.114800026468586,7.010458419271161,7.062629222869873,15066100,0.0,0.0
2014-03-07,7.160448167462871,7.24522586509735,7.147405779632532,7.2060980796813965,19680800,0.0,0.0
2014-03-10,7.173494012587452,7.212622435394099,7.062630873547994,7.108280181884766,14406100,0.0,0.0
2014-03-11,7.114800249660409,7.153928664549423,7.010458639189779,7.043065547943115,14468400,0.0,0.0
2014-03-12,7.02345004439265,7.043069069387309,6.918817739052069,7.029989719390869,10292800,0.03,0.0
2014-03-13,7.056147276977684,7.128081825696471,6.964593704706573,6.977673053741455,14290100,0.0,0.0
2014-03-14,6.964588668464863,7.056142174531693,6.931891566837002,6.951509952545166,10703700,0.0,0.0
2014-03-17,6.9842098680440525,7.101920842863858,6.9842098680440525,7.062684059143066,13999200,0.0,0.0
2014-03-18,7.075760542697049,7.121537607445588,7.023444431833492,7.069221496582031,9476400,0.0,0.0
2014-03-19,7.07576290240105,7.311186103455835,7.0561445101989655,7.252330303192139,21808600,0.0,0.0
2014-03-20,7.2196326281528185,7.435436815173512,7.213092956144325,7.389660358428955,21195200,0.0,0.0
2014-03-21,7.520450616697917,7.546608680853177,7.245790631238963,7.252330303192139,50564700,0.0,0.0
2014-03-24,7.29156966778867,7.402741635702162,7.2130954475540285,7.239253520965576,19259400,0.0,0.0
2014-03-25,7.278488814314037,7.2915675353661,7.186935272319668,7.265409469604492,11775000,0.0,0.0
2014-03-26,7.304646702287672,7.350423160341961,7.173856376662942,7.193474769592285,13641300,0.0,0.0
2014-03-27,7.154236818395445,7.186934553240295,7.010367782929971,7.0561442375183105,18555000,0.0,0.0
2014-03-28,7.075764166052819,7.239252252134687,7.04306704776249,7.160778045654297,13414300,0.0,0.0
2014-03-31,7.206554289383986,7.271949141959264,7.186935272319668,7.265409469604492,10591100,0.0,0.0
2014-04-01,7.271948814999431,7.376581073341408,7.239251078353199,7.35696268081665,14528800,0.0,0.0
2014-04-02,7.3765809520152645,7.3765809520152645,7.193474502928442,7.252330303192139,20477100,0.0,0.0
2014-04-03,7.252333016990632,7.278491090934155,7.13462137241594,7.245793342590332,12892100,0.0,0.0
2014-04-04,7.278488517167116,7.356962711248202,7.15423724212897,7.173856258392334,15490400,0.0,0.0
2014-04-07,7.167315733596477,7.173855404906229,6.938432227014221,7.023446083068848,15554700,0.0,0.0
2014-04-08,7.0169058657106556,7.0823013264044015,6.905734580383021,6.971129417419434,12826900,0.0,0.0
2014-04-09,6.9776711142261885,7.049605642950036,6.951513047085015,6.990749835968018,12992200,0.0,0.0
2014-04-10,7.010365589444085,7.049602360055107,6.729166030883789,6.729166030883789,23123000,0.0,0.0
2014-04-11,6.604919806988184,6.735710168544283,6.513366242070096,6.650696277618408,21157600,0.0,0.0
2014-04-14,6.77494517435149,6.81418258427546,6.539522585780098,6.657234191894531,14060700,0.0,0.0
2014-04-15,6.67031169796943,6.72262781923528,6.572219126510301,6.716088771820068,13132700,0.0,0.0
2014-04-16,6.748786272937805,6.781484006547714,6.676851757921918,6.761865615844727,10698500,0.0,0.0
2014-04-17,6.748787860502109,6.80764367011353,6.670313655572729,6.6833930015563965,17835300,0.0,0.0
2014-04-21,6.696472429726463,6.748788571860451,6.650695961273627,6.722630500793457,12494500,0.0,0.0
2014-04-22,6.801103295791332,6.892656837263371,6.722629098954218,6.794564247131348,19540100,0.0,0.0
2014-04-23,6.794564215789426,6.879578084551851,6.76186647801042,6.807642936706543,11883900,0.0,0.0
2014-04-24,6.833801458663797,6.846880804112027,6.70955079519319,6.74224853515625,11848900,0.0,0.0
2014-04-25,6.71609098899467,6.748788107837064,6.604919038689344,6.637616157531738,12863500,0.0,0.0
2014-04-28,6.67031191713549,6.696469978627889,6.526442267098607,6.58529806137085,15474500,0.0,0.0
2014-04-29,6.631075918090261,6.657233982664963,6.565680444824779,6.5983781814575195,7174100,0.0,0.0
2014-04-30,6.578759730386064,6.650694251411872,6.53952232204452,6.631075859069824,10612600,0.0,0.0
2014-05-01,6.663772882432975,6.71608963407293,6.61145675445046,6.676852226257324,14076300,0.0,0.0
2014-05-02,6.689931541800256,6.86649895719809,6.683392492963573,6.696471214294434,11708700,0.0,0.0
2014-05-05,6.761867804409299,6.761867804409299,6.650695848347823,6.703011989593506,12099400,0.0,0.0
2014-05-06,6.689932994378018,6.722630740291038,6.598380054210718,6.611458778381348,10493100,0.0,0.0
2014-05-07,6.644156174777714,6.709551663163616,6.5787613100494085,6.703011989593506,13393400,0.0,0.0
2014-05-08,6.676854349929629,6.788026313166722,6.63761692963398,6.650696277618408,14772200,0.0,0.0
2014-05-09,6.624538394699046,6.7160919622346,6.559142900222557,6.70955228805542,8666200,0.0,0.0
2014-05-12,6.742246563472897,6.879576532231351,6.716088503883541,6.873036861419678,15253200,0.0,0.0
2014-05-13,6.899193403604454,6.905733072977796,6.807639903349264,6.820719242095947,13860400,0.0,0.0
2014-05-14,6.788024334854511,6.80110305536962,6.631075946728472,6.663773059844971,16732400,0.0,0.0
2014-05-15,6.644155663347547,6.657235009480992,6.4741279055580705,6.565681457519531,20326600,0.0,0.0
2014-05-16,6.546060541875347,6.5722186004143595,6.408730578631203,6.4610466957092285,14274800,0.0,0.0
2014-05-19,6.441428768528395,6.565679399563061,6.434889097511477,6.559139728546143,8691700,0.0,0.0
2014-05-20,6.54606297722864,6.572221045499325,6.474127821741101,6.526443958282471,12059500,0.0,0.0
2014-05-21,6.539521111987988,6.65069302078437,6.539521111987988,6.604916572570801,7336000,0.0,0.0
2014-05-22,6.604917853515559,6.644154638548885,6.546062052308116,6.5983781814575195,9021300,0.0,0.0
2014-05-23,6.591837732658294,6.657233198217981,6.565679671165896,6.58529806137085,8257400,0.0,0.0
2014-05-27,6.624535887524436,6.703010077001663,6.591838152661237,6.6179962158203125,9732800,0.0,0.0
2014-05-28,6.611455619703216,6.6572326915741185,6.572218842279395,6.604916572570801,11533200,0.0,0.0
2014-05-29,6.598376901781053,6.663771738706534,6.552600453567484,6.604916572570801,11312000,0.0,0.0
2014-05-30,6.604917882040798,6.670312731931253,6.598378209954516,6.663773059844971,10480600,0.0,0.0
2014-06-02,6.6572333672189306,6.781484006547714,6.637614352858547,6.761865615844727,13729300,0.0,0.0
2014-06-03,6.735709469817575,6.859960144492355,6.703011726906031,6.8272624015808105,14303200,0.0,0.0
2014-06-04,6.801102376259776,6.905735248220029,6.7749443141840615,6.859958171844482,22393800,0.0,0.0
2014-06-05,6.886117219441135,6.951512695818328,6.801103349613777,6.931894302368164,16513300,0.0,0.0
2014-06-06,6.938430612968231,6.990746723961495,6.90573351134037,6.951509952545166,9165900,0.0,0.0
2014-06-09,6.9580517475388985,7.134618520155834,6.93843273218124,7.095381736755371,16686800,0.0,0.0
2014-06-10,7.128079146121752,7.128079146121752,6.9972888232278345,7.101921081542969,10491400,0.0,0.0
2014-06-11,7.101922354795301,7.108491649279246,7.016515261082474,7.049363613128662,10044900,0.05,0.0
2014-06-12,7.055933309406718,7.095352207765574,6.937677867414416,6.970526218414307,11706400,0.0,0.0
2014-06-13,6.983667670177847,7.055934936198281,6.937679466941415,7.03622579574585,17700900,0.0,0.0
2014-06-16,7.016514523618854,7.029653737747915,6.931107438882652,6.957386493682861,14502900,0.0,0.0
2014-06-17,6.944246386568927,7.121630469570881,6.937677093027497,7.055932521820068,14556200,0.0,0.0
2014-06-18,7.0625034551808605,7.088782512743103,7.009945340056375,7.049363613128662,14439800,0.0,0.0
2014-06-19,7.055933140421082,7.082212196516906,6.970526051474123,7.0230841636657715,9665200,0.0,0.0
2014-06-20,7.069073141783324,7.115061334356656,6.990235971710984,7.075643062591553,30387900,0.0,0.0
2014-06-23,7.082213998982283,7.088783921313853,6.990237592509417,7.03622579574585,16961400,0.0,0.0
2014-06-24,7.009947066213439,7.0690751169239485,6.95081901550293,6.95081901550293,11715700,0.0,0.0
2014-06-25,6.937674782000169,7.042790962152287,6.85226772899111,7.016511917114258,14440600,0.0,0.0
2014-06-26,7.016511917114258,7.029651126362345,6.91139573696214,7.016511917114258,9688400,0.0,0.0
2014-06-27,7.016516745536186,7.062504949364095,6.977097837582059,7.009946823120117,10064600,0.0,0.0
2014-06-30,6.970528541958981,7.042796441949527,6.970528541958981,6.97709846496582,8954900,0.0,0.0
2014-07-01,7.023083433260101,7.1347695666874476,7.016514139825945,7.069072246551514,9365500,0.0,0.0
2014-07-02,7.082210216178131,7.121629102570556,7.0230821998604664,7.029652118682861,6844500,0.0,0.0
2014-07-03,7.0953515902688675,7.200467808021549,7.082211749778743,7.1413397789001465,5475100,0.0,0.0
2014-07-07,7.115061334356656,7.115061334356656,7.049363379358639,7.075643062591553,9994800,0.0,0.0
2014-07-08,7.042793696004086,7.069072751243045,6.924537634157721,6.944246768951416,9205200,0.0,0.0
2014-07-09,6.96395443011011,7.01651252473765,6.9573845116461905,6.983663558959961,8271400,0.0,0.0
2014-07-10,6.878548937612251,6.977095230866211,6.845699964346914,6.931107044219971,12190300,0.0,0.0
2014-07-11,6.904828889872391,7.023084331864693,6.871979912330366,6.970526218414307,10612100,0.0,0.0
2014-07-14,7.036226518942687,7.055935661420862,6.963959245494484,6.97709846496582,5882300,0.0,0.0
2014-07-15,7.009945340056375,7.088782512743103,6.996805498004177,7.049363613128662,10682900,0.0,0.0
2014-07-16,7.088779748215042,7.088779748215042,6.97052372203212,6.983663558959961,10435100,0.0,0.0
2014-07-17,6.950815977508347,6.96395581705312,6.688025452033225,6.70773458480835,23119300,0.0,0.0
2014-07-18,6.7602950031596265,6.793143986719881,6.688027740560867,6.734015941619873,16231300,0.0,0.0
2014-07-21,6.734015191779795,6.734015191779795,6.642038173361278,6.694596290588379,27103600,0.0,0.0
2014-07-22,6.7799995728909455,6.799709325667876,6.530348343259604,6.635465145111084,27348800,0.0,0.0
2014-07-23,6.622325309926464,6.701162441408705,6.602616183691361,6.635465145111084,15607200,0.0,0.0
2014-07-24,6.64860312002249,6.779998314777537,6.635463913817841,6.760289192199707,15571800,0.0,0.0
2014-07-25,6.734016208505615,6.819423318530271,6.734016208505615,6.806283473968506,11916300,0.0,0.0
2014-07-28,6.7997115592386805,6.8128507721974465,6.707734562359195,6.727443695068359,10140800,0.0,0.0
2014-07-29,6.701165165369259,6.747153980667623,6.6683161905967365,6.688025951385498,10627200,0.0,0.0
2014-07-30,6.734012946637849,6.812850096193939,6.70116397768732,6.766861915588379,10200500,0.0,0.0
2014-07-31,6.720873901157179,6.760292793855605,6.6420367423023725,6.661746501922607,14883200,0.0,0.0
2014-08-01,6.622326101918112,6.655175067266381,6.484360948688906,6.563198089599609,14464400,0.0,0.0
2014-08-04,6.576339498216098,6.615757764822155,6.4580834453138225,6.530350685119629,12841300,0.0,0.0
2014-08-05,6.484363523445292,6.569770616646757,6.444945250609015,6.471224308013916,10879300,0.0,0.0
2014-08-06,6.451514603555516,6.563200755174646,6.431805466958657,6.464654445648193,12292400,0.0,0.0
2014-08-07,6.497502772533435,6.497502772533435,6.339827815949434,6.379246711730957,12710500,0.0,0.0
2014-08-08,6.405524197433248,6.4120941162109375,6.346396181517923,6.4120941162109375,13231100,0.0,0.0
2014-08-11,6.45151197077472,6.458081889139958,6.379244748382809,6.385814666748047,8277700,0.0,0.0
2014-08-12,6.379247162814755,6.44494511824884,6.379247162814755,6.398956298828125,6495700,0.0,0.0
2014-08-13,6.418664731324413,6.5237809370033295,6.418664731324413,6.510641098022461,17097700,0.0,0.0
2014-08-14,6.504072189331055,6.550061006369217,6.4777931338272925,6.504072189331055,8037000,0.0,0.0
2014-08-15,6.523780266710405,6.5894775752385835,6.3989543153855655,6.425233364105225,17638500,0.0,0.0
2014-08-18,6.471223700251474,6.5829098403685355,6.4515139391422816,6.53692102432251,9870600,0.0,0.0
2014-08-19,6.550059047928089,6.5960472246738675,6.484361115541048,6.490931034088135,11614100,0.0,0.0
2014-08-20,6.4909323042733185,6.563199542807223,6.477792464607859,6.543490409851074,7524100,0.0,0.0
2014-08-21,6.543489624969854,6.688024711242949,6.530349786880498,6.648605823516846,12001800,0.0,0.0
2014-08-22,6.635465145111084,6.727441485236119,6.602616183691361,6.635465145111084,7796400,0.0,0.0
2014-08-25,6.674886503494221,6.727444615605033,6.6551773680881965,6.714305400848389,6990800,0.0,0.0
2014-08-26,6.720875562655662,6.773434308094199,6.694596503207493,6.7405853271484375,11046700,0.0,0.0
2014-08-27,6.753724838957771,6.766864682527592,6.661748440137933,6.674887657165527,6079300,0.0,0.0
2014-08-28,6.6551791438159515,6.668318362078388,6.609190940083998,6.6420392990112305,5987100,0.0,0.0
2014-08-29,6.64860627867268,6.674885330108461,6.602618095295565,6.668315410614014,7311400,0.0,0.0
2014-09-02,6.688025951385498,6.753723274388462,6.635467842366295,6.688025951385498,16182400,0.0,0.0
2014-09-03,6.714303760879697,6.747152729561123,6.635466611969454,6.648605823516846,18234700,0.0,0.0
2014-09-04,6.674885715127386,6.740583660777414,6.648606662175784,6.661746501922607,10880700,0.0,0.0
2014-09-05,6.648606662175784,6.668315795253975,6.582909343067801,6.661746501922607,7557800,0.0,0.0
2014-09-08,6.64860627867268,6.674885330108461,6.615757307742451,6.668315410614014,7486000,0.0,0.0
2014-09-09,6.642037584293621,6.661747346412403,6.569770336151123,6.569770336151123,12066900,0.0,0.0
2014-09-10,6.576374174068346,6.754649049460299,6.569771237652543,6.7348408699035645,17175000,0.05,0.0
2014-09-11,6.695222512128315,6.794264010036732,6.695222512128315,6.787661075592041,12638500,0.0,0.0
2014-09-12,6.80746789360227,6.880098262240554,6.787659096045218,6.833878993988037,24691900,0.0,0.0
2014-09-15,6.807469878926114,6.847086226213286,6.7414417938601785,6.787661075592041,14761400,0.0,0.0
2014-09-16,6.754646487980687,6.820674567718368,6.734838315935557,6.741441249847412,12224100,0.0,0.0
2014-09-17,6.741440888330851,6.939524487231025,6.728235021215319,6.8536882400512695,25588300,0.0,0.0
2014-09-18,6.893306753316453,7.018760011668502,6.880101511731849,6.959334850311279,21650000,0.0,0.0
2014-09-19,7.0055536343086136,7.01875950462982,6.853689903758067,6.893306255340576,15740500,0.0,0.0
2014-09-22,6.906512909567252,6.913115845477304,6.814073695898402,6.827279567718506,14257800,0.0,0.0
2014-09-23,6.807470173557378,6.847086522559168,6.7216339111328125,6.7216339111328125,11504500,0.0,0.0
2014-09-24,6.715030976402343,6.748045020364178,6.642400583438717,6.7216339111328125,14148600,0.0,0.0
2014-09-25,6.701823823185403,6.715029690116715,6.609385273427784,6.642399311065674,11407700,0.0,0.0
2014-09-26,6.655604790709359,6.708427000977654,6.642399552987493,6.682015895843506,12727800,0.0,0.0
2014-09-29,6.602782339962127,6.688618585944482,6.596179406496471,6.642399311065674,10405100,0.0,0.0
2014-09-30,6.655606324538637,6.695223306215067,6.5895782316414415,6.629195213317871,14261700,0.0,0.0
2014-10-01,6.622593293650263,6.635799166131019,6.503743589776755,6.530154705047607,15773800,0.0,0.0
2014-10-02,6.530151182941904,6.5829733849934,6.450917879864661,6.543356418609619,12609600,0.0,0.0
2014-10-03,6.609385226198744,6.682015604730787,6.602782292780271,6.6688103675842285,15774500,0.0,0.0
2014-10-06,6.688620773851265,6.6952237094768,6.589578628540039,6.589578628540039,9175200,0.0,0.0
2014-10-07,6.609386638682161,6.615989573511739,6.510344505310058,6.510344505310059,24718000,0.0,0.0
2014-10-08,6.497141118664331,6.61599146073695,6.483935245238172,6.602785587310791,18163800,0.0,0.0
2014-10-09,6.536754997919269,6.563166105054057,6.417905330657959,6.417905330657959,19677600,0.0,0.0
2014-10-10,6.411302722405278,6.503741916921918,6.332069396972656,6.332069396972656,15840200,0.0,0.0
2014-10-13,6.358480717694109,6.411302936412377,6.2264251708984375,6.2264251708984375,19951200,0.0,0.0
2014-10-14,6.2924523528468566,6.338672264461491,6.246233070922712,6.2858500480651855,20649700,0.0,0.0
2014-10-15,6.120780366413797,6.140588539822671,5.843463419927642,6.008533000946045,30574900,0.0,0.0
2014-10-16,5.916093859578187,6.0811634420109595,5.89628568599959,5.98212194442749,31833500,0.0,0.0
2014-10-17,6.03494410872137,6.107574497680894,5.968916024437817,6.008533000946045,25394500,0.0,0.0
2014-10-20,5.995326895422329,6.127382429083303,5.995326895422329,6.048149108886719,22126300,0.0,0.0
2014-10-21,6.087766120130584,6.213218720433948,6.034943906351224,6.114177227020264,42954300,0.0,0.0
2014-10-22,6.074560251840515,6.1802046793992345,6.0679573176954795,6.114177227020264,33571600,0.0,0.0
2014-10-23,6.200014877903259,6.279248216413417,6.180206071007769,6.213220119476318,19928800,0.0,0.0
2014-10-24,6.233027458190918,6.266041502218294,6.160397065083103,6.233027458190918,16111600,0.0,0.0
2014-10-27,6.2132198138165196,6.239630925353943,6.167000526048671,6.2066168785095215,12277000,0.0,0.0
2014-10-28,6.213218111319171,6.371684737121926,6.213218111319171,6.3584794998168945,13103800,0.0,0.0
2014-10-29,6.338671959467138,6.490535666876751,6.325466091158237,6.444316387176514,17592300,0.0,0.0
2014-10-30,6.41790528024917,6.503741535185653,6.371685370858474,6.444316387176514,14804400,0.0,0.0
2014-10-31,6.516946404389821,6.582974482810597,6.490535298959595,6.556563377380371,17040200,0.0,0.0
2014-11-03,6.530151521465462,6.655604100418656,6.523548588444149,6.622590065002441,17205600,0.0,0.0
2014-11-04,6.629195096573053,6.655606207328701,6.55656469941766,6.609386920928955,15628200,0.0,0.0
2014-11-05,6.655607336893789,6.695224324596184,6.609388042649876,6.675415515899658,20024600,0.0,0.0
2014-11-06,6.67541439932003,6.781059472291882,6.609386937114493,6.754647731781006,19488200,0.0,0.0
2014-11-07,6.701825924175049,6.74804584323397,6.662209570342363,6.708428859710693,17372900,0.0,0.0
2014-11-10,6.734839556088399,6.754647731781005,6.695223204703188,6.754647731781006,12227500,0.0,0.0
2014-11-11,6.7546482650048745,6.794265249208073,6.7084289748433115,6.728237152099609,8255300,0.0,0.0
2014-11-12,6.701824276066716,6.741441249847412,6.668810865888313,6.741441249847412,12349800,0.0,0.0
2014-11-13,6.728237342658825,6.754648456312114,6.66881280920689,6.71503210067749,11572400,0.0,0.0
2014-11-14,6.695223922860179,6.748046150166756,6.688620987024202,6.71503210067749,12756800,0.0,0.0
2014-11-17,6.682015604730787,6.695221471567734,6.642399263600723,6.6688103675842285,10299000,0.0,0.0
2014-11-18,6.6556051462328965,6.701824425263954,6.6556051462328965,6.662208080291748,7940800,0.0,0.0
2014-11-19,6.668811355221535,6.688619528720117,6.596180336242598,6.649002552032471,10429400,0.0,0.0
2014-11-20,6.615987761671479,6.622590065002441,6.556562623860364,6.622590065002441,14458200,0.0,0.0
2014-11-21,6.688620370987236,6.7282367229731035,6.629195213317872,6.629195213317871,10818000,0.0,0.0
2014-11-24,6.668811692670083,6.734839150903238,6.668811692670083,6.7216339111328125,10152900,0.0,0.0
2014-11-25,6.734838724269301,6.741441658581493,6.668811270218808,6.6952223777771,10342500,0.0,0.0
2014-11-26,6.701824682398818,6.721633485335393,6.662208335906616,6.6952223777771,9158700,0.0,0.0
2014-11-28,6.701824767822344,6.72823587571728,6.635797312930244,6.649002552032471,6981100,0.0,0.0
2014-12-01,6.609387742896156,6.6159906788288705,6.424509314923927,6.450921058654785,17304600,0.0,0.0
2014-12-02,6.43111117642669,6.556564419426582,6.43111117642669,6.510344505310059,15505900,0.0,0.0
2014-12-03,6.503743172208918,6.589578819060185,6.47072912281733,6.57637357711792,9670000,0.0,0.0
2014-12-04,6.576373991179656,6.675415515899658,6.5301546969357425,6.675415515899658,19004700,0.0,0.0
2014-12-05,6.7348381214237,6.899907686310019,6.71502994995066,6.847085475921631,24235300,0.0,0.0
2014-12-08,6.833880238169742,6.952729896698408,6.787660331812089,6.847085475921631,18258400,0.0,0.0
2014-12-09,6.76125100024209,6.906512431760621,6.734839888119682,6.899909496307373,16127000,0.0,0.0
2014-12-10,6.866737349634287,6.9330822559604925,6.714142862919905,6.727412223815918,16788900,0.05,0.0
2014-12-11,6.7340489017434795,6.840201932219173,6.707510802304106,6.747318267822266,14805300,0.0,0.0
2014-12-12,6.68760436719061,6.7340458620667665,6.621258832180746,6.641162872314453,13203100,0.0,0.0
2014-12-15,6.674337589338004,6.694241002567419,6.521743067330887,6.541646480560303,15771000,0.0,0.0
2014-12-16,6.481935164192276,6.66770179981901,6.455396440670463,6.5814528465271,26967400,0.0,0.0
2014-12-17,6.61462666950503,6.787123970786665,6.581453892548454,6.780489921569824,21592900,0.0,0.0
2014-12-18,6.840198607949373,6.933081594487855,6.833563928134369,6.926446914672852,19974200,0.0,0.0
2014-12-19,6.959618756233507,6.99942619711601,6.926445994284388,6.933080673217773,17396800,0.0,0.0
2014-12-22,6.9529853828329085,6.979524103549513,6.893275159374328,6.972889423370361,8526400,0.0,0.0
2014-12-23,6.999428604100052,7.11221565388191,6.97952519317326,7.072408199310303,11369700,0.0,0.0
2014-12-24,7.092309730375801,7.092309730375801,7.006061428314353,7.079041004180908,4854400,0.0,0.0
2014-12-26,7.0790434188664495,7.132119607186203,7.05914000642606,7.0856781005859375,6512800,0.0,0.0
2014-12-29,7.065772149816702,7.185193857687623,7.052503422674324,7.1188483238220215,10192400,0.0,0.0
2014-12-30,7.098944664001465,7.14538678914104,7.052503171579771,7.098944664001465,7921300,0.0,0.0
2014-12-31,7.1254845625822805,7.145388606727076,6.999428779922113,7.006063461303711,6229100,0.0,0.0
2015-01-02,7.065772415006771,7.085676455544225,6.873371118836874,6.972889423370361,9557200,0.0,0.0
2015-01-05,6.939715164189066,6.966253246486016,6.707506469552416,6.734044551849365,12597500,0.0,0.0
2015-01-06,6.707508273872869,6.714142954411283,6.481934830028414,6.508472919464111,22149400,0.0,0.0
2015-01-07,6.58808529398909,6.607988697165029,6.462028930866662,6.548277854919434,14461900,0.0,0.0
2015-01-08,6.614626714699096,6.661068223124757,6.574819255535602,6.647799491882324,14098600,0.0,0.0
2015-01-09,6.647797625653697,6.654431673053495,6.428857610794407,6.455395698547363,14962300,0.0,0.0
2015-01-12,6.468664126200902,6.495202210127885,6.296166264316599,6.329339027404785,17224200,0.0,0.0
2015-01-13,6.375781322514058,6.4421268570818935,6.183380031528828,6.229822158813477,18948800,0.0,0.0
2015-01-14,6.1303018422433,6.176743954264788,6.0241495279959585,6.077225685119629,24600800,0.0,0.0
2015-01-15,6.017516998675352,6.090497215315593,5.904729966338549,5.964440822601318,24855900,0.0,0.0
2015-01-16,5.957806704781911,6.070593747764908,5.904730523697911,6.017517566680908,41123500,0.0,0.0
2015-01-20,5.878193502107302,6.017518660968625,5.699061516553089,5.798579216003418,49734700,0.0,0.0
2015-01-21,5.838384499336286,5.871557264361636,5.7521355633575215,5.7786736488342285,26963100,0.0,0.0
2015-01-22,5.818482554828592,6.163477752677756,5.811847873613526,6.097132205963135,31189900,0.0,0.0
2015-01-23,6.077227435290017,6.143572967160193,5.964440410741448,5.977709770202637,22072000,0.0,0.0
2015-01-26,5.97107515226755,6.057324091504228,5.951171745587667,6.02415132522583,21049700,0.0,0.0
2015-01-27,5.951171398162842,6.024150973540514,5.891460548891178,5.951171398162842,19222300,0.0,0.0
2015-01-28,6.010884611665211,6.017518660968625,5.791944533981902,5.798579216003418,21154500,0.0,0.0
2015-01-29,5.785310179490827,5.891462555362904,5.76540613447626,5.871559143066406,21703400,0.0,0.0
2015-01-30,5.7654042571039,5.904729363247476,5.745500851288493,5.77203893661499,19817600,0.0,0.0
2015-02-02,5.825116144402984,5.944537865993639,5.772039964300021,5.9246344566345215,21380800,0.0,0.0
2015-02-03,5.93790310314631,6.063959503685251,5.93790310314631,6.044055461883545,18651600,0.0,0.0
2015-02-04,6.017518272596543,6.090498504686851,5.997614860534668,5.997614860534668,17204500,0.0,0.0
2015-02-05,6.0307859091924225,6.130303573728333,6.0307859091924225,6.103765487670898,14320000,0.0,0.0
2015-02-06,6.2961672766398324,6.44212707806516,6.262994508217995,6.342609405517578,33160300,0.0,0.0
2015-02-09,6.24972450903279,6.269627912949561,6.176744939526094,6.209917068481445,18081100,0.0,0.0
2015-02-10,6.243091559306856,6.282899010883691,6.1502085601575365,6.203284740447998,13432100,0.0,0.0
2015-02-11,6.176743697940453,6.236453897688435,6.143570942935346,6.183377742767334,16271300,0.0,0.0
2015-02-12,6.243090096462633,6.36251179049297,6.2032832869310734,6.329339027404785,16265400,0.0,0.0
2015-02-13,6.342610078160386,6.408954989322102,6.2762645342806715,6.3160719871521,10904200,0.0,0.0
2015-02-17,6.296165306597102,6.422221660614014,6.262992548554876,6.422221660614014,13310400,0.0,0.0
2015-02-18,6.422224319338281,6.422224319338281,6.289533232236849,6.309437274932861,11056500,0.0,0.0
2015-02-19,6.289532026606183,6.342608830903343,6.209917769237256,6.322704792022705,10257900,0.0,0.0
2015-02-20,6.302802731378571,6.415589778241734,6.243091867425366,6.408955097198486,10207100,0.0,0.0
2015-02-23,6.362512523914496,6.389050610900586,6.289532310164324,6.3492431640625,11831900,0.0,0.0
2015-02-24,6.342606915850625,6.455393271864093,6.342606915850625,6.415586471557617,12723200,0.0,0.0
2015-02-25,6.422222257705281,6.422222257705281,6.355876735452507,6.382414817810059,7689700,0.0,0.0
2015-02-26,6.375780139041223,6.415587578936445,6.329338653094956,6.382414817810059,10429800,0.0,0.0
2015-02-27,6.362513284219777,6.408954783815608,6.349243922782124,6.375782012939453,8081200,0.0,0.0
2015-03-02,6.375780240617266,6.442125763927026,6.329338753931115,6.43549108505249,7853900,0.0,0.0
2015-03-03,6.382414817810059,6.422222257705281,6.335973331863792,6.382414817810059,11552600,0.0,0.0
2015-03-04,6.342608418819843,6.3558771444936495,6.302800976362758,6.335973739624023,7859700,0.0,0.0
2015-03-05,6.335973432805652,6.442125763927026,6.269627909495891,6.43549108505249,10091400,0.0,0.0
2015-03-06,6.455394843813021,6.621258028487163,6.422222713052463,6.475298881530762,20008100,0.0,0.0
2015-03-09,6.448760797291612,6.541643775769716,6.442126118052366,6.475298881530762,11022200,0.0,0.0
2015-03-10,6.395684586950734,6.408953312624541,6.335973739624023,6.335973739624023,16660500,0.0,0.0
2015-03-11,6.355982225915599,6.395999184081066,6.335974064856852,6.362651824951172,10318600,0.05,0.0
2015-03-12,6.582743489337997,6.642768608421755,6.529387969274206,6.59608268737793,32861900,0.0,0.0
2015-03-13,6.5760738941331365,6.642768612275554,6.542727171109899,6.609421253204346,20272500,0.0,0.0
2015-03-16,6.609421327293965,6.649438285837587,6.509379885006875,6.589413166046143,13490500,0.0,0.0
2015-03-17,6.562735328326068,6.609421249369893,6.48270204823038,6.59608268737793,19051900,0.0,0.0
2015-03-18,6.589414023257185,6.656108114775427,6.369322312755669,6.46269416809082,30471400,0.0,0.0
2015-03-19,6.456023000166169,6.469361559496974,6.182575855382311,6.335972785949707,38704300,0.0,0.0
2015-03-20,6.362652314873779,6.429347038269043,6.315966390125907,6.429347038269043,26440100,0.0,0.0
2015-03-23,6.4160072668664725,6.449354625589538,6.315965826745239,6.369321346282959,14963400,0.0,0.0
2015-03-24,6.362652206459304,6.36932180589479,6.26927972250653,6.289288520812988,16705200,0.0,0.0
2015-03-25,6.289290277033295,6.289290277033295,6.162570396565865,6.1692399978637695,14946300,0.0,0.0
2015-03-26,6.175905486087642,6.2492691433607686,6.115880386478827,6.209252834320068,19301700,0.0,0.0
2015-03-27,6.2292628866869295,6.23593248557497,6.122551848670119,6.155898571014404,15379500,0.0,0.0
2015-03-30,6.209255143702161,6.262610666299232,6.202585544365527,6.2292633056640625,11360900,0.0,0.0
2015-03-31,6.1959160398128175,6.302627086639404,6.1625686786675065,6.302627086639404,25716100,0.0,0.0
2015-04-01,6.302627008615095,6.322635170635383,6.222593724485939,6.309296607971191,19357500,0.0,0.0
2015-04-02,6.342643986748822,6.4293468704807495,6.282618864469179,6.38932991027832,19494400,0.0,0.0
2015-04-06,6.189245990807181,6.395999106051819,6.189245990807181,6.369321346282959,14104100,0.0,0.0
2015-04-07,6.362652942879335,6.469364002005919,6.3559833426719035,6.416008472442627,11860600,0.0,0.0
2015-04-08,6.4160079173069,6.48937160509672,6.402669354094219,6.422677516937256,19775400,0.0,0.0
2015-04-09,6.4226773635908065,6.476032887263685,6.382660402812141,6.449355125427246,17434000,0.0,0.0
2015-04-10,6.436014795635315,6.462692552784298,6.362651122487587,6.395998477935791,17772700,0.0,0.0
2015-04-13,6.38933007702228,6.456024800417544,6.3826604774731495,6.429347038269043,14897000,0.0,0.0
2015-04-14,6.389329585045493,6.402668783116639,6.329304465821279,6.362651824951172,20994900,0.0,0.0
2015-04-15,6.369321220118389,6.502710016320501,6.335973862055873,6.476032257080078,19924800,0.0,0.0
2015-04-16,6.482702889192956,6.489371853030077,6.4026695987150255,6.469363689422607,19136600,0.0,0.0
2015-04-17,6.429345833383995,6.449353992233758,6.375990319086029,6.395998477935791,12993100,0.0,0.0
2015-04-20,6.422676235084774,6.449353992233758,6.3559815241883655,6.395998477935791,14857100,0.0,0.0
2015-04-21,6.502710555462532,6.582743839819388,6.3693217482011075,6.38932991027832,30466500,0.0,0.0
2015-04-22,6.342642998956827,6.502709542742057,6.329303802284105,6.489370346069336,18488900,0.0,0.0
2015-04-23,6.449355837431706,6.469364002005919,6.396000307868414,6.416008472442627,10795500,0.0,0.0
2015-04-24,6.436015833807818,6.462693595260102,6.3693217482011075,6.38932991027832,11099200,0.0,0.0
2015-04-27,6.416006708927054,6.462692625450735,6.375990390777587,6.375990390777588,10873300,0.0,0.0
2015-04-28,6.37599151397204,6.449355200868414,6.355982715324648,6.429347038269043,12141100,0.0,0.0
2015-04-29,6.409339039681005,6.596084034079376,6.39600047496575,6.5360589027404785,17493100,0.0,0.0
2015-04-30,6.5293882749435666,6.6094215587859635,6.502710513662767,6.556066036224365,22080500,0.0,0.0
2015-05-01,6.5760741981729645,6.6094215587859635,6.502710513662767,6.556066036224365,11788000,0.0,0.0
2015-05-04,6.569405179296798,6.662777024965457,6.562735580021037,6.656107425689697,12280900,0.0,0.0
2015-05-05,6.629429414227882,6.762818850512717,6.609421253204345,6.609421253204346,26269500,0.0,0.0
2015-05-06,6.649437653975167,6.669445813321715,6.54939558514659,6.616090297698975,14280600,0.0,0.0
2015-05-07,6.589413088357963,6.642768608421755,6.522718370254239,6.59608268737793,15442400,0.0,0.0
2015-05-08,6.629429258687317,6.656107018108773,6.562735178157656,6.62276029586792,20395800,0.0,0.0
2015-05-11,6.636099356556153,6.722802240207496,6.616091194497536,6.716132640838623,12547900,0.0,0.0
2015-05-12,6.689455834640196,6.8361838614676005,6.662778069403221,6.782828330993652,21751000,0.0,0.0
2015-05-13,6.769486383451402,6.862858841916492,6.722800472242775,6.842850685119629,14809700,0.0,0.0
2015-05-14,6.869529782317333,6.8761993812359385,6.776157305600739,6.796165466308594,14835700,0.0,0.0
2015-05-15,6.802835429516443,6.822843591295728,6.629429664634652,6.656107425689697,18780000,0.0,0.0
2015-05-18,6.682787184500586,6.8361841828118,6.676117583865805,6.809506416320801,14927600,0.0,0.0
2015-05-19,6.829514272934097,6.942894934398957,6.8228446726013185,6.929556369781494,15793800,0.0,0.0
2015-05-20,6.909544753125119,6.92955354596982,6.816172930707865,6.842850685119629,9431000,0.0,0.0
2015-05-21,6.816174034787835,6.882868113596394,6.789496276054823,6.829512596130371,13552200,0.0,0.0
2015-05-22,6.836183625039157,6.869530989444085,6.81617546081543,6.81617546081543,6978800,0.0,0.0
2015-05-26,6.789497375488281,6.809505538766007,6.742810813109531,6.789497375488281,10852900,0.0,0.0
2015-05-27,6.809506181233534,6.862861712373518,6.796166980424487,6.856192111968994,8677200,0.0,0.0
2015-05-28,6.849522825220357,6.869530989444085,6.756150332096174,6.81617546081543,10353300,0.0,0.0
2015-05-29,6.829512159671261,6.829512159671261,6.716131533289884,6.729470729827881,12771800,0.0,0.0
2015-06-01,6.762819105957873,6.782827267737158,6.6427688631861725,6.656107425689697,14854400,0.0,0.0
2015-06-02,6.669444529435163,6.776155540138478,6.656105335073351,6.756147384643555,14823800,0.0,0.0
2015-06-03,6.78282778869526,6.902878040687474,6.756150025591218,6.86953067779541,35803900,0.0,0.0
2015-06-04,6.836183625039157,6.902878353849013,6.79616666054363,6.81617546081543,15847800,0.0,0.0
2015-06-05,6.942895334465757,7.08295376928415,6.942895334465757,7.016259670257568,25929000,0.0,0.0
2015-06-08,6.976241664562062,7.096291915424549,6.949563901709069,6.956233501434326,15661800,0.0,0.0
2015-06-09,6.969571133819924,7.096290967480042,6.929554812909958,7.036265850067139,17767400,0.0,0.0
2015-06-10,7.076512030867665,7.210663787346202,7.063096535376794,7.143587589263916,14940100,0.06,0.0
2015-06-11,7.136878787543905,7.170416238940204,7.049680006604587,7.083218097686768,12486700,0.0,0.0
2015-06-12,7.076511309633426,7.123464259693985,7.056388708134038,7.0966339111328125,9064500,0.0,0.0
2015-06-15,7.009435421299281,7.083219362795544,6.989312818930298,7.042973518371582,10774100,0.0,0.0
2015-06-16,7.042972585643099,7.123463624145283,7.009434493012379,7.110048770904541,8919400,0.0,0.0
2015-06-17,7.130172631987513,7.163710730551365,6.982605382118178,7.00272798538208,14028900,0.0,0.0
2015-06-18,7.0295580236682635,7.049681265723242,6.888699167399388,7.042973518371582,16610800,0.0,0.0
2015-06-19,7.009435733032055,7.049681579245883,6.975897634468203,7.00272798538208,10049200,0.0,0.0
2015-06-22,7.06980301594162,7.116755962371826,7.042972669454943,7.116755962371826,9267200,0.0,0.0
2015-06-23,7.163712181590162,7.257618108966743,7.136881825241688,7.217372894287109,12882600,0.0,0.0
2015-06-24,7.190541024169416,7.237493977973063,7.12346482757619,7.157002925872803,9869300,0.0,0.0
2015-06-25,7.183832300525705,7.197247154210101,7.036265071881766,7.089925765991211,15100400,0.0,0.0
2015-06-26,7.130170314424646,7.177123253341024,7.049679287845507,7.063094139099121,14277200,0.0,0.0
2015-06-29,6.955772690914576,7.029555971181634,6.861866174468112,6.902112007141113,18228000,0.0,0.0
2015-06-30,6.969189401811799,7.049680441563732,6.902113215508895,6.949066162109375,12922600,0.0,0.0
2015-07-01,7.022851783538616,7.063096993248091,6.969191077468601,6.982605934143066,10993200,0.0,0.0
2015-07-02,6.928944738420615,6.982605440698553,6.835038189591208,6.888699531555176,12811000,0.0,0.0
2015-07-06,6.781378426894559,6.855162382514246,6.75454807203816,6.821624279022217,12639600,0.0,0.0
2015-07-07,6.788084813170461,6.801500307749248,6.586856872290592,6.734424114227295,20789400,0.0,0.0
2015-07-08,6.680761372031992,6.68746911726988,6.586854857758937,6.593562602996826,17361900,0.0,0.0
2015-07-09,6.700885694043882,6.734423789186121,6.660640491621962,6.7075934410095215,14816500,0.0,0.0
2015-07-10,6.808208859972615,6.875285067727333,6.761255898355989,6.801501750946045,13351700,0.0,0.0
2015-07-13,6.875283472683541,6.908821568780168,6.835037629430393,6.841745376586914,13757900,0.0,0.0
2015-07-14,6.754547836736198,6.861869252423138,6.741132979618379,6.855162143707275,21315800,0.0,0.0
2015-07-15,6.875282934160677,7.022850161615698,6.861867440898436,6.915528774261475,26565600,0.0,0.0
2015-07-16,6.989313679217132,7.016144032240216,6.942360721348254,6.969191074371338,14450100,0.0,0.0
2015-07-17,6.868575551772662,6.888698792733167,6.721008956178058,6.788084506988525,26639300,0.0,0.0
2015-07-20,6.841745376586914,6.868575725527021,6.767962076923116,6.841745376586914,17290200,0.0,0.0
2015-07-21,6.868576773822765,7.056389884753894,6.868576773822765,6.982605934143066,25902200,0.0,0.0
2015-07-22,6.9557749030656835,7.277739747787024,6.9557749030656835,7.177125453948975,50668500,0.0,0.0
2015-07-23,7.16371042886956,7.291154430421982,7.0563890297336265,7.123464584350586,25786400,0.0,0.0
2015-07-24,7.110048442615336,7.143585894011636,7.0563877527582,7.083218097686768,15410600,0.0,0.0
2015-07-27,7.029558892032812,7.029558892032812,6.935652976253322,6.982605934143066,18577300,0.0,0.0
2015-07-28,7.0094339717896545,7.063094660134225,6.895404849135976,6.975895881652832,14121000,0.0,0.0
2015-07-29,6.982605858839674,7.083220161400443,6.942360649564222,7.056389808654785,15971900,0.0,0.0
2015-07-30,7.0496805652520935,7.110049006046702,7.016142471512207,7.089925765991211,11128500,0.0,0.0
2015-07-31,7.076512486463673,7.083220234640963,6.962483326194048,6.969191074371338,11300700,0.0,0.0
2015-08-03,6.975896908420528,7.016142750445589,6.888698756790484,6.955774307250977,14982800,0.0,0.0
2015-08-04,6.955774307250976,7.063095699736529,6.94906656029914,6.955774307250977,13652900,0.0,0.0
2015-08-05,7.009437956302048,7.1368826433306864,6.98931534665561,7.029560565948486,12096000,0.0,0.0
2015-08-06,7.063095418936489,7.157001953470983,7.036265071881766,7.089925765991211,20280800,0.0,0.0
2015-08-07,7.069803884782619,7.190540778653544,7.03626578763114,7.123464584350586,26399300,0.0,0.0
2015-08-10,7.1771254641687054,7.250909407692208,7.1368802583249895,7.24420166015625,12584800,0.0,0.0
2015-08-11,7.170417209754545,7.197247558315718,7.056388708134038,7.0966339111328125,12792600,0.0,0.0
2015-08-12,7.02284904468192,7.029556150560397,6.835036006996419,6.942358016967773,16591800,0.0,0.0
2015-08-13,6.982605934143067,7.036266640213083,6.928945228073051,6.982605934143066,13293400,0.0,0.0
2015-08-14,6.996019393711132,7.0899252821512455,6.955773556032591,7.076510429382324,11154900,0.0,0.0
2015-08-17,7.002726500252648,7.116755627374976,6.962481302259996,7.076510429382324,13069800,0.0,0.0
2015-08-18,7.063096120740566,7.110049712516187,7.01614316865094,7.042973518371582,10898700,0.0,0.0
2015-08-19,7.01614126856839,7.042971611022949,6.861866319690307,6.875281810760498,29846100,0.0,0.0
2015-08-20,6.814913600211452,6.84174394353174,6.66063928604126,6.66063928604126,19190600,0.0,0.0
2015-08-21,6.586856414756834,6.640517109972642,6.472827277501757,6.486242771148682,19259700,0.0,0.0
2015-08-24,6.1106167317143605,6.238061351495016,6.003295350648054,6.023417949676514,38293000,0.0,0.0
2015-08-25,6.338676724594079,6.372214825296009,5.87585298190287,5.882560729980469,29720700,0.0,0.0
2015-08-26,6.090497238946645,6.2179419237263325,5.989883552803705,6.204526424407959,22494200,0.0,0.0
2015-08-27,6.305138751627973,6.4325834089399905,6.271601289932673,6.412460803985596,24075600,0.0,0.0
2015-08-28,6.378922079221121,6.466120878416728,6.358798836547201,6.452705383300781,13097300,0.0,0.0
2015-08-31,6.3856299011440285,6.4661209537190345,6.3587989105996705,6.432582855224609,13324600,0.0,0.0
2015-09-01,6.271601354411978,6.318554313016991,6.117326342345948,6.177694797515869,19585200,0.0,0.0
2015-09-02,6.271602712045293,6.285017571828074,6.124035416317367,6.264894962310791,12069200,0.0,0.0
2015-09-03,6.285013850624149,6.4325810589811185,6.2447686554177855,6.325259685516357,13322100,0.0,0.0
2015-09-04,6.2716006335953365,6.305138091780864,6.144155989620692,6.2112321853637695,12480500,0.0,0.0
2015-09-08,6.352092031067385,6.399044986836369,6.278308083789216,6.385630130767822,10022400,0.0,0.0
2015-09-09,6.493634001801604,6.520634533553117,6.284380041663246,6.304630279541016,10729200,0.06,0.0
2015-09-10,6.2708782155907645,6.466632193069098,6.2708782155907645,6.426131725311279,16330900,0.0,0.0
2015-09-11,6.365378672794401,6.4328796488687265,6.345127800603263,6.419379711151123,12928100,0.0,0.0
2015-09-14,6.392380423020381,6.547633277258836,6.37212954692932,6.473381996154785,17577000,0.0,0.0
2015-09-15,6.520630841293585,6.594882744373239,6.507130904933796,6.5678815841674805,16306500,0.0,0.0
2015-09-16,6.561134237563459,6.561134237563459,6.365380263660779,6.459881782531738,17332100,0.0,0.0
2015-09-17,6.44638206135274,6.500383115047862,6.2303772028289135,6.270878314971924,35232500,0.0,0.0
2015-09-18,6.18312489800117,6.196625479925843,6.02112177736416,6.034621715545654,28374200,0.0,0.0
2015-09-21,6.095375063311245,6.203377179467286,6.081875120663435,6.135876178741455,15484000,0.0,0.0
2015-09-22,6.027870837832664,6.1156226712003665,5.980619454485103,6.021120548248291,14478600,0.0,0.0
2015-09-23,5.994121074547457,6.115623733193206,5.994121074547457,6.041371822357178,10734500,0.0,0.0
2015-09-24,5.95361893989066,6.03462048367399,5.926618425296216,6.021120548248291,10548000,0.0,0.0
2015-09-25,6.129124164581299,6.169625268639417,6.08862370426639,6.129124164581299,12336900,0.0,0.0
2015-09-28,6.102123830748732,6.108874122256508,5.940120697021484,5.940120697021484,13023600,0.0,0.0
2015-09-29,5.94687107798067,6.007621771234763,5.899619680458723,5.960371017456055,12504800,0.0,0.0
2015-09-30,6.102123647071189,6.115624229680366,5.994121561170617,6.081873416900635,14803000,0.0,0.0
2015-10-01,6.081873691049188,6.12237415321591,6.007621770838133,6.095373630523682,14611900,0.0,0.0
2015-10-02,5.913120544804857,6.0143723487854,5.764617341055895,6.0143723487854,21449300,0.0,0.0
2015-10-05,6.061623106324071,6.142625322020655,6.027872934150977,6.102124214172363,18751500,0.0,0.0
2015-10-06,6.088625413859035,6.162876707780466,6.068374534272235,6.135876178741455,13598800,0.0,0.0
2015-10-07,6.176375399577567,6.264127262118532,6.135874936092974,6.21687650680542,15413300,0.0,0.0
2015-10-08,6.189875232424651,6.270876793311895,6.142624482842887,6.250626564025879,15348100,0.0,0.0
2015-10-09,6.230377708506296,6.284379410327707,6.102125356506845,6.135876178741455,11229000,0.0,0.0
2015-10-12,6.115624225724066,6.156124686038974,6.08862370426639,6.129124164581299,10553200,0.0,0.0
2015-10-13,6.115623825919992,6.1493739927282896,6.061622142791748,6.061622142791748,12389500,0.0,0.0
2015-10-14,6.068373782619648,6.081874367338614,5.906370628451933,5.9536213874816895,15899100,0.0,0.0
2015-10-15,6.007621496150152,6.142624747181741,5.967121035835244,6.129124164581299,17701200,0.0,0.0
2015-10-16,6.162874311930863,6.176374249330501,6.048121947189803,6.088623046875,15726200,0.0,0.0
2015-10-19,6.081873108538833,6.156124377895002,6.027872068326496,6.034621715545654,12407300,0.0,0.0
2015-10-20,6.142625227921493,6.27762784577557,6.088624180779862,6.21687650680542,25254500,0.0,0.0
2015-10-21,6.183125490209231,6.250627118811419,6.088623982658055,6.095373630523682,16303400,0.0,0.0
2015-10-22,6.135874936092974,6.27762784577557,6.135874936092974,6.21687650680542,17742800,0.0,0.0
2015-10-23,6.264127162826291,6.385629838840661,6.230376347961939,6.378879547119141,16672300,0.0,0.0
2015-10-26,6.3788790593347695,6.405879580412908,6.264126683816881,6.2911272048950195,9041100,0.0,0.0
2015-10-27,6.25062693321971,6.284377746518685,6.1831253066217595,6.237126350402832,9075000,0.0,0.0
2015-10-28,6.250626129151546,6.540881541201123,6.237125548071355,6.520631313323975,17966500,0.0,0.0
2015-10-29,6.527382761681506,6.588134099832069,6.493631946737499,6.507132530212402,14713000,0.0,0.0
2015-10-30,6.493632337517314,6.5273831544924095,6.237127029747198,6.3113789558410645,23278600,0.0,0.0
